recorded_hour,day_of_week,week_of_year,is_weekend,line_encoded,total_pass,pass_rate,downtime_rate,availability,performance,quality,downtime_count,total_output
6,6,5,1,0,4.0,0.004705882352941176,0.0,0.9714869318181818,0.7811892045454545,0.9603221590909092,0,850.0
14,6,5,1,0,5.0,0.005592841163310962,0.0,0.9732103448275864,0.7720936781609196,0.9673367816091952,0,894.0
22,0,6,0,0,4.0,0.0038095238095238095,0.0,0.9726114285714286,0.7704497142857143,0.9543937142857144,0,1050.0
6,6,5,1,0,5.0,0.007142857142857143,0.0,0.9579948863636364,0.6420017045454546,0.9496204545454544,0,700.0
14,6,5,1,0,2.0,0.002162162162162162,0.0,0.9595845714285716,0.6536731428571428,0.9767611428571428,0,925.0
22,0,6,0,0,4.0,0.0058823529411764705,0.0,0.960858757062147,0.6334305084745763,0.9482943502824858,0,680.0
6,6,5,1,0,4.0,0.004032258064516129,0.0,0.9711568965517242,0.7715344827586208,0.9542132183908044,0,992.0
14,6,5,1,0,4.0,0.004410143329658214,0.0,0.9698011363636364,0.75509375,0.9680863636363636,0,907.0
22,0,6,0,0,3.0,0.003278688524590164,0.06093750149011612,0.9699949438202248,0.7404140449438202,0.9610904494382022,1,915.0
6,6,5,1,1,4.0,0.0040941658137154556,0.0,0.9694767045454546,0.7222562499999999,0.9522732954545454,0,977.0
14,6,5,1,1,3.0,0.00390625,0.0,0.970316384180791,0.7160909604519774,0.958379661016949,0,768.0
22,0,6,0,1,5.0,0.008532423208191127,0.0,0.9707780898876404,0.6486887640449438,0.9695876404494382,0,586.0
6,6,5,1,1,4.0,0.006644518272425249,0.0,0.9605514124293784,0.6269536723163842,0.9538604519774012,0,602.0
14,6,5,1,1,4.0,0.006201550387596899,0.0,0.961474431818182,0.6564625000000001,0.9428977272727272,0,645.0
22,0,6,0,1,8.0,0.011627906976744186,0.10709635447710752,0.9596569832402236,0.6435245810055866,0.9638513966480448,2,688.0
6,6,5,1,1,3.0,0.003218884120171674,0.0,0.965764,0.7633297142857142,0.9598091428571428,0,932.0
14,6,5,1,1,5.0,0.004970178926441352,0.0,0.961093220338983,0.7580553672316385,0.9796604519774011,0,1006.0
22,0,6,0,1,1.0,0.0009871668311944718,0.0,0.95955530726257,0.7858726256983241,0.97316312849162,0,1013.0
14,6,5,1,2,5.0,0.005319148936170213,0.10709635447710752,0.9675180790960451,0.7758463276836158,0.9586621468926554,1,940.0
22,0,6,0,2,3.0,0.002857142857142857,0.0,0.9660954545454546,0.7738732954545454,0.9695846590909092,0,1050.0
6,6,5,1,2,6.0,0.007643312101910828,0.0,0.9734926553672316,0.6269056497175142,0.955367231638418,0,785.0
14,6,5,1,2,5.0,0.007194244604316547,0.0,0.9717162921348316,0.6548410112359551,0.9551494382022472,0,695.0
6,6,5,1,2,3.0,0.002857142857142857,0.10709635447710752,0.9558448863636364,0.7807528409090909,0.977555681818182,1,1050.0
14,6,5,1,2,3.0,0.003188097768331562,0.10709635447710752,0.959408,0.7887599999999999,0.9514285714285714,1,941.0
22,0,6,0,2,4.0,0.00408997955010225,0.0,0.9592327485380115,0.7542111111111112,0.97113216374269,0,978.0
6,6,5,1,3,6.0,0.0093603744149766,0.0,0.97625197740113,0.6071683615819209,0.9534841807909604,0,641.0
22,0,6,0,3,7.0,0.009150326797385621,0.0,0.9761469273743016,0.5908648044692737,0.9510592178770948,0,765.0
6,6,5,1,3,4.0,0.004434589800443459,0.0,0.9577932203389832,0.7727412429378532,0.9548954802259888,0,902.0
14,6,5,1,3,2.0,0.002190580503833516,0.0,0.9601118644067796,0.7691152542372881,0.9529186440677966,0,913.0
22,0,6,0,3,4.0,0.0040858018386108275,0.03548610955476761,0.9582296511627908,0.8025308139534885,0.9455558139534884,1,979.0
6,6,5,1,3,6.0,0.005714285714285714,0.0,0.970548275862069,0.7340936781609195,0.969635632183908,0,1050.0
22,0,6,0,3,3.0,0.0029702970297029703,0.0,0.9663485875706216,0.7424570621468926,0.9622666666666668,0,1010.0
6,0,6,0,0,3.0,0.002890173410404624,0.0,0.9714869318181818,0.7811892045454545,0.9603221590909092,0,1038.0
14,0,6,0,0,2.0,0.0019047619047619048,0.0,0.9732103448275864,0.7720936781609196,0.9673367816091952,0,1050.0
22,1,6,0,0,2.0,0.0019047619047619048,0.0,0.9726114285714286,0.7704497142857143,0.9543937142857144,0,1050.0
6,0,6,0,0,5.0,0.006305170239596469,0.0,0.9579948863636364,0.6420017045454546,0.9496204545454544,0,793.0
14,0,6,0,0,6.0,0.007317073170731708,0.0,0.9595845714285716,0.6536731428571428,0.9767611428571428,0,820.0
22,1,6,0,0,2.0,0.00338409475465313,0.037881944328546524,0.960858757062147,0.6334305084745763,0.9482943502824858,1,591.0
6,0,6,0,0,3.0,0.003157894736842105,0.10288194566965103,0.9711568965517242,0.7715344827586208,0.9542132183908044,1,950.0
14,0,6,0,0,2.0,0.002574002574002574,0.08145833015441895,0.9698011363636364,0.75509375,0.9680863636363636,1,777.0
22,1,6,0,0,3.0,0.0031512605042016808,0.0,0.9699949438202248,0.7404140449438202,0.9610904494382022,0,952.0
6,0,6,0,1,2.0,0.0028129395218002813,0.0,0.9694767045454546,0.7222562499999999,0.9522732954545454,0,711.0
14,0,6,0,1,2.0,0.002403846153846154,0.0,0.970316384180791,0.7160909604519774,0.958379661016949,0,832.0
22,1,6,0,1,1.0,0.0010604453870625664,0.0,0.9707780898876404,0.6486887640449438,0.9695876404494382,0,943.0
6,0,6,0,1,2.0,0.0026455026455026454,0.10709635447710752,0.9605514124293784,0.6269536723163842,0.9538604519774012,2,756.0
14,0,6,0,1,5.0,0.006747638326585695,0.10709635447710752,0.961474431818182,0.6564625000000001,0.9428977272727272,2,741.0
22,1,6,0,1,2.0,0.0022471910112359553,0.0,0.9596569832402236,0.6435245810055866,0.9638513966480448,0,890.0
6,0,6,0,1,3.0,0.002857142857142857,0.0,0.965764,0.7633297142857142,0.9598091428571428,0,1050.0
14,0,6,0,1,2.0,0.0019047619047619048,0.0,0.961093220338983,0.7580553672316385,0.9796604519774011,0,1050.0
22,1,6,0,1,3.0,0.00331858407079646,0.04156250134110451,0.95955530726257,0.7858726256983241,0.97316312849162,1,904.0
6,0,6,0,2,6.0,0.006514657980456026,0.0,0.9684011363636364,0.7713215909090909,0.9683693181818182,0,921.0
14,0,6,0,2,4.0,0.0038095238095238095,0.0,0.9675180790960451,0.7758463276836158,0.9586621468926554,0,1050.0
22,1,6,0,2,1.0,0.0010741138560687433,0.0,0.9660954545454546,0.7738732954545454,0.9695846590909092,0,931.0
6,0,6,0,2,2.0,0.0023094688221709007,0.10709635447710752,0.9734926553672316,0.6269056497175142,0.955367231638418,1,866.0
14,0,6,0,2,6.0,0.007556675062972292,0.10709635447710752,0.9717162921348316,0.6548410112359551,0.9551494382022472,1,794.0
22,1,6,0,2,3.0,0.0038910505836575876,0.08215277642011642,0.9691514450867053,0.6074329479768786,0.9537063583815028,1,771.0
6,0,6,0,2,3.0,0.0028763183125599234,0.0,0.9558448863636364,0.7807528409090909,0.977555681818182,0,1043.0
14,0,6,0,2,2.0,0.001936108422071636,0.0,0.959408,0.7887599999999999,0.9514285714285714,0,1033.0
22,1,6,0,2,3.0,0.002859866539561487,0.0,0.9592327485380115,0.7542111111111112,0.97113216374269,0,1049.0
6,0,6,0,3,2.0,0.0026845637583892616,0.0,0.97625197740113,0.6071683615819209,0.9534841807909604,0,745.0
14,0,6,0,3,5.0,0.0067842605156037995,0.0,0.9750948863636364,0.5983465909090909,0.9623090909090908,0,737.0
22,1,6,0,3,5.0,0.006289308176100629,0.0,0.9761469273743016,0.5908648044692737,0.9510592178770948,0,795.0
6,0,6,0,3,3.0,0.0036855036855036856,0.06444444507360458,0.9577932203389832,0.7727412429378532,0.9548954802259888,1,814.0
14,0,6,0,3,2.0,0.0021551724137931034,0.042326390743255615,0.9601118644067796,0.7691152542372881,0.9529186440677966,1,928.0
22,1,6,0,3,4.0,0.004044489383215369,0.0,0.9582296511627908,0.8025308139534885,0.9455558139534884,0,989.0
6,0,6,0,3,3.0,0.0033407572383073497,0.0,0.970548275862069,0.7340936781609195,0.969635632183908,0,898.0
14,0,6,0,3,4.0,0.005201560468140442,0.0,0.9679265536723164,0.677564406779661,0.9646892655367232,0,769.0
22,1,6,0,3,5.0,0.007320644216691069,0.0,0.9663485875706216,0.7424570621468926,0.9622666666666668,0,683.0
6,1,6,0,0,2.0,0.002304147465437788,0.0,0.9714869318181818,0.7811892045454545,0.9603221590909092,0,868.0
14,1,6,0,0,5.0,0.005434782608695652,0.0,0.9732103448275864,0.7720936781609196,0.9673367816091952,0,920.0
22,2,6,0,0,4.0,0.0038095238095238095,0.041111111640930176,0.9726114285714286,0.7704497142857143,0.9543937142857144,1,1050.0
6,1,6,0,0,6.0,0.008486562942008486,0.03427083417773247,0.9579948863636364,0.6420017045454546,0.9496204545454544,1,707.0
14,1,6,0,0,3.0,0.003355704697986577,0.023402778431773186,0.9595845714285716,0.6536731428571428,0.9767611428571428,1,894.0
22,2,6,0,0,7.0,0.009943181818181818,0.0,0.960858757062147,0.6334305084745763,0.9482943502824858,0,704.0
6,1,6,0,0,5.0,0.00499001996007984,0.0,0.9711568965517242,0.7715344827586208,0.9542132183908044,0,1002.0
14,1,6,0,0,5.0,0.005841121495327103,0.0,0.9698011363636364,0.75509375,0.9680863636363636,0,856.0
22,2,6,0,0,7.0,0.007164790174002047,0.0,0.9699949438202248,0.7404140449438202,0.9610904494382022,0,977.0
6,1,6,0,1,3.0,0.0033707865168539327,0.0,0.9694767045454546,0.7222562499999999,0.9522732954545454,0,890.0
14,1,6,0,1,5.0,0.005219206680584551,0.0,0.970316384180791,0.7160909604519774,0.958379661016949,0,958.0
22,2,6,0,1,5.0,0.006053268765133172,0.0,0.9707780898876404,0.6486887640449438,0.9695876404494382,0,826.0
6,1,6,0,1,2.0,0.0029154518950437317,0.0,0.9605514124293784,0.6269536723163842,0.9538604519774012,0,686.0
14,1,6,0,1,6.0,0.00821917808219178,0.0,0.961474431818182,0.6564625000000001,0.9428977272727272,0,730.0
22,2,6,0,1,3.0,0.004491017964071856,0.0,0.9596569832402236,0.6435245810055866,0.9638513966480448,0,668.0
6,1,6,0,1,2.0,0.0019047619047619048,0.055416665971279144,0.965764,0.7633297142857142,0.9598091428571428,1,1050.0
14,1,6,0,1,3.0,0.002904162633107454,0.028576388955116272,0.961093220338983,0.7580553672316385,0.9796604519774011,1,1033.0
22,2,6,0,1,3.0,0.002857142857142857,0.0,0.95955530726257,0.7858726256983241,0.97316312849162,0,1050.0
6,1,6,0,2,3.0,0.0031413612565445027,0.0,0.9684011363636364,0.7713215909090909,0.9683693181818182,0,955.0
14,1,6,0,2,3.0,0.003061224489795918,0.0,0.9675180790960451,0.7758463276836158,0.9586621468926554,0,980.0
22,2,6,0,2,4.0,0.004545454545454545,0.0,0.9660954545454546,0.7738732954545454,0.9695846590909092,0,880.0
6,1,6,0,2,3.0,0.004048582995951417,0.035624999552965164,0.9734926553672316,0.6269056497175142,0.955367231638418,1,741.0
14,1,6,0,2,2.0,0.002583979328165375,0.08402777463197708,0.9717162921348316,0.6548410112359551,0.9551494382022472,1,774.0
22,2,6,0,2,4.0,0.005263157894736842,0.0,0.9691514450867053,0.6074329479768786,0.9537063583815028,0,760.0
6,1,6,0,2,5.0,0.004761904761904762,0.0,0.9558448863636364,0.7807528409090909,0.977555681818182,0,1050.0
14,1,6,0,2,5.0,0.004761904761904762,0.0,0.959408,0.7887599999999999,0.9514285714285714,0,1050.0
22,2,6,0,2,2.0,0.0019047619047619048,0.0,0.9592327485380115,0.7542111111111112,0.97113216374269,0,1050.0
6,1,6,0,3,6.0,0.008368200836820083,0.0,0.97625197740113,0.6071683615819209,0.9534841807909604,0,717.0
14,1,6,0,3,5.0,0.006443298969072165,0.0,0.9750948863636364,0.5983465909090909,0.9623090909090908,0,776.0
22,2,6,0,3,3.0,0.004149377593360996,0.0,0.9761469273743016,0.5908648044692737,0.9510592178770948,0,723.0
6,1,6,0,3,4.0,0.004210526315789474,0.0,0.9577932203389832,0.7727412429378532,0.9548954802259888,0,950.0
14,1,6,0,3,3.0,0.003232758620689655,0.0,0.9601118644067796,0.7691152542372881,0.9529186440677966,0,928.0
22,2,6,0,3,6.0,0.007989347536617843,0.03958333283662796,0.9582296511627908,0.8025308139534885,0.9455558139534884,1,751.0
6,1,6,0,3,3.0,0.003260869565217391,0.0,0.970548275862069,0.7340936781609195,0.969635632183908,0,920.0
14,1,6,0,3,3.0,0.003303964757709251,0.0,0.9679265536723164,0.677564406779661,0.9646892655367232,0,908.0
22,2,6,0,3,5.0,0.004830917874396135,0.0,0.9663485875706216,0.7424570621468926,0.9622666666666668,0,1035.0
6,2,6,0,0,5.0,0.005701254275940707,0.057951390743255615,0.9714869318181818,0.7811892045454545,0.9603221590909092,1,877.0
14,2,6,0,0,5.0,0.005417118093174431,0.03760416805744171,0.9732103448275864,0.7720936781609196,0.9673367816091952,1,923.0
22,3,6,0,0,4.0,0.0041025641025641026,0.0,0.9726114285714286,0.7704497142857143,0.9543937142857144,0,975.0
6,2,6,0,0,6.0,0.007585335018963337,0.0,0.9579948863636364,0.6420017045454546,0.9496204545454544,0,791.0
14,2,6,0,0,2.0,0.00258732212160414,0.0,0.9595845714285716,0.6536731428571428,0.9767611428571428,0,773.0
22,3,6,0,0,3.0,0.004037685060565276,0.0,0.960858757062147,0.6334305084745763,0.9482943502824858,0,743.0
6,2,6,0,0,5.0,0.004780114722753346,0.0,0.9711568965517242,0.7715344827586208,0.9542132183908044,0,1046.0
14,2,6,0,0,6.0,0.0069605568445475635,0.0,0.9698011363636364,0.75509375,0.9680863636363636,0,862.0
22,3,6,0,0,2.0,0.001941747572815534,0.0,0.9699949438202248,0.7404140449438202,0.9610904494382022,0,1030.0
6,2,6,0,1,2.0,0.002583979328165375,0.0,0.9694767045454546,0.7222562499999999,0.9522732954545454,0,774.0
14,2,6,0,1,6.0,0.007334963325183374,0.0,0.970316384180791,0.7160909604519774,0.958379661016949,0,818.0
22,3,6,0,1,3.0,0.0033821871476888386,0.0,0.9707780898876404,0.6486887640449438,0.9695876404494382,0,887.0
6,2,6,0,1,4.0,0.005449591280653951,0.0,0.9605514124293784,0.6269536723163842,0.9538604519774012,0,734.0
14,2,6,0,1,6.0,0.007326007326007326,0.0,0.961474431818182,0.6564625000000001,0.9428977272727272,0,819.0
22,3,6,0,1,2.0,0.002621231979030144,0.016979167237877846,0.9596569832402236,0.6435245810055866,0.9638513966480448,1,763.0
6,2,6,0,1,2.0,0.0020512820512820513,0.0,0.965764,0.7633297142857142,0.9598091428571428,0,975.0
14,2,6,0,1,4.0,0.004273504273504274,0.0,0.961093220338983,0.7580553672316385,0.9796604519774011,0,936.0
22,3,6,0,1,3.0,0.0034403669724770644,0.0,0.95955530726257,0.7858726256983241,0.97316312849162,0,872.0
6,2,6,0,2,6.0,0.006355932203389831,0.0,0.9684011363636364,0.7713215909090909,0.9683693181818182,0,944.0
14,2,6,0,2,3.0,0.003243243243243243,0.0,0.9675180790960451,0.7758463276836158,0.9586621468926554,0,925.0
22,3,6,0,2,6.0,0.007936507936507936,0.10709635447710752,0.9660954545454546,0.7738732954545454,0.9695846590909092,1,756.0
6,2,6,0,2,2.0,0.0028368794326241137,0.0,0.9734926553672316,0.6269056497175142,0.955367231638418,0,705.0
14,2,6,0,2,5.0,0.007204610951008645,0.0,0.9717162921348316,0.6548410112359551,0.9551494382022472,0,694.0
22,3,6,0,2,3.0,0.0049586776859504135,0.0,0.9691514450867053,0.6074329479768786,0.9537063583815028,0,605.0
6,2,6,0,2,5.0,0.004770992366412214,0.0,0.9558448863636364,0.7807528409090909,0.977555681818182,0,1048.0
14,2,6,0,2,3.0,0.002857142857142857,0.0,0.959408,0.7887599999999999,0.9514285714285714,0,1050.0
22,3,6,0,2,3.0,0.0029615004935834156,0.0,0.9592327485380115,0.7542111111111112,0.97113216374269,0,1013.0
6,2,6,0,3,2.0,0.002680965147453083,0.0,0.97625197740113,0.6071683615819209,0.9534841807909604,0,746.0
14,2,6,0,3,5.0,0.006858710562414266,0.0,0.9750948863636364,0.5983465909090909,0.9623090909090908,0,729.0
22,3,6,0,3,5.0,0.008417508417508417,0.06795138865709305,0.9761469273743016,0.5908648044692737,0.9510592178770948,1,594.0
6,2,6,0,3,6.0,0.006389776357827476,0.036249998956918716,0.9577932203389832,0.7727412429378532,0.9548954802259888,1,939.0
14,2,6,0,3,3.0,0.002857142857142857,0.04329860955476761,0.9601118644067796,0.7691152542372881,0.9529186440677966,1,1050.0
22,3,6,0,3,5.0,0.006045949214026602,0.062013890594244,0.9582296511627908,0.8025308139534885,0.9455558139534884,1,827.0
6,2,6,0,3,3.0,0.0036991368680641184,0.0,0.970548275862069,0.7340936781609195,0.969635632183908,0,811.0
14,2,6,0,3,2.0,0.0019047619047619048,0.0,0.9679265536723164,0.677564406779661,0.9646892655367232,0,1050.0
22,3,6,0,3,5.0,0.006031363088057901,0.0,0.9663485875706216,0.7424570621468926,0.9622666666666668,0,829.0
6,3,6,0,0,6.0,0.0071174377224199285,0.0,0.9714869318181818,0.7811892045454545,0.9603221590909092,0,843.0
14,3,6,0,0,5.0,0.004761904761904762,0.0,0.9732103448275864,0.7720936781609196,0.9673367816091952,0,1050.0
22,4,6,0,0,2.0,0.001943634596695821,0.057673610746860504,0.9726114285714286,0.7704497142857143,0.9543937142857144,1,1029.0
6,3,6,0,0,3.0,0.004166666666666667,0.0,0.9579948863636364,0.6420017045454546,0.9496204545454544,0,720.0
14,3,6,0,0,2.0,0.00258732212160414,0.0,0.9595845714285716,0.6536731428571428,0.9767611428571428,0,773.0
22,4,6,0,0,3.0,0.004178272980501393,0.053090278059244156,0.960858757062147,0.6334305084745763,0.9482943502824858,1,718.0
6,3,6,0,0,4.0,0.005025125628140704,0.0,0.9711568965517242,0.7715344827586208,0.9542132183908044,0,796.0
14,3,6,0,0,3.0,0.0033632286995515697,0.0,0.9698011363636364,0.75509375,0.9680863636363636,0,892.0
22,4,6,0,0,6.0,0.005714285714285714,0.0,0.9699949438202248,0.7404140449438202,0.9610904494382022,0,1050.0
6,3,6,0,1,2.0,0.002317497103128621,0.0,0.9694767045454546,0.7222562499999999,0.9522732954545454,0,863.0
14,3,6,0,1,4.0,0.004329004329004329,0.0,0.970316384180791,0.7160909604519774,0.958379661016949,0,924.0
22,4,6,0,1,5.0,0.006587615283267457,0.0,0.9707780898876404,0.6486887640449438,0.9695876404494382,0,759.0
6,3,6,0,1,3.0,0.004149377593360996,0.008784722536802292,0.9605514124293784,0.6269536723163842,0.9538604519774012,1,723.0
14,3,6,0,1,5.0,0.005827505827505828,0.00850694440305233,0.961474431818182,0.6564625000000001,0.9428977272727272,1,858.0
22,4,6,0,1,1.0,0.0011235955056179776,0.10709635447710752,0.9596569832402236,0.6435245810055866,0.9638513966480448,1,890.0
6,3,6,0,1,3.0,0.002857142857142857,0.0,0.965764,0.7633297142857142,0.9598091428571428,0,1050.0
14,3,6,0,1,4.0,0.0038095238095238095,0.0,0.961093220338983,0.7580553672316385,0.9796604519774011,0,1050.0
22,4,6,0,1,6.0,0.005808325266214908,0.08704861253499985,0.95955530726257,0.7858726256983241,0.97316312849162,1,1033.0
6,3,6,0,2,5.0,0.004761904761904762,0.10709635447710752,0.9684011363636364,0.7713215909090909,0.9683693181818182,1,1050.0
14,3,6,0,2,2.0,0.0020639834881320948,0.10709635447710752,0.9675180790960451,0.7758463276836158,0.9586621468926554,1,969.0
22,4,6,0,2,2.0,0.002185792349726776,0.0,0.9660954545454546,0.7738732954545454,0.9695846590909092,0,915.0
6,3,6,0,2,3.0,0.004322766570605188,0.0,0.9734926553672316,0.6269056497175142,0.955367231638418,0,694.0
14,3,6,0,2,5.0,0.007072135785007072,0.0,0.9717162921348316,0.6548410112359551,0.9551494382022472,0,707.0
22,4,6,0,2,3.0,0.004335260115606936,0.0,0.9691514450867053,0.6074329479768786,0.9537063583815028,0,692.0
6,3,6,0,2,2.0,0.002285714285714286,0.0,0.9558448863636364,0.7807528409090909,0.977555681818182,0,875.0
14,3,6,0,2,2.0,0.002103049421661409,0.0,0.959408,0.7887599999999999,0.9514285714285714,0,951.0
22,4,6,0,2,6.0,0.0062827225130890054,0.08812499791383743,0.9592327485380115,0.7542111111111112,0.97113216374269,1,955.0
6,3,6,0,3,4.0,0.0068846815834767644,0.10709635447710752,0.97625197740113,0.6071683615819209,0.9534841807909604,1,581.0
14,3,6,0,3,2.0,0.0025380710659898475,0.06784722208976746,0.9750948863636364,0.5983465909090909,0.9623090909090908,1,788.0
22,4,6,0,3,4.0,0.005772005772005772,0.0,0.9761469273743016,0.5908648044692737,0.9510592178770948,0,693.0
6,3,6,0,3,5.0,0.005820721769499418,0.10709635447710752,0.9577932203389832,0.7727412429378532,0.9548954802259888,1,859.0
14,3,6,0,3,6.0,0.006904487917146145,0.07708333432674408,0.9601118644067796,0.7691152542372881,0.9529186440677966,1,869.0
22,4,6,0,3,2.0,0.002577319587628866,0.0,0.9582296511627908,0.8025308139534885,0.9455558139534884,0,776.0
6,3,6,0,3,6.0,0.007537688442211055,0.0,0.970548275862069,0.7340936781609195,0.969635632183908,0,796.0
14,3,6,0,3,5.0,0.005235602094240838,0.0,0.9679265536723164,0.677564406779661,0.9646892655367232,0,955.0
22,4,6,0,3,3.0,0.0036900369003690036,0.0,0.9663485875706216,0.7424570621468926,0.9622666666666668,0,813.0
6,4,6,0,0,5.0,0.004780114722753346,0.10298611223697662,0.9714869318181818,0.7811892045454545,0.9603221590909092,1,1046.0
14,4,6,0,0,4.0,0.004069175991861648,0.07999999821186066,0.9732103448275864,0.7720936781609196,0.9673367816091952,1,983.0
22,5,6,1,0,3.0,0.0030241935483870967,0.10709635447710752,0.9726114285714286,0.7704497142857143,0.9543937142857144,1,992.0
6,4,6,0,0,2.0,0.002677376171352075,0.10709635447710752,0.9579948863636364,0.6420017045454546,0.9496204545454544,1,747.0
14,4,6,0,0,3.0,0.004392386530014641,0.07232639193534851,0.9595845714285716,0.6536731428571428,0.9767611428571428,1,683.0
22,5,6,1,0,6.0,0.008152173913043478,0.08489583432674408,0.960858757062147,0.6334305084745763,0.9482943502824858,1,736.0
6,4,6,0,0,6.0,0.006472491909385114,0.0,0.9711568965517242,0.7715344827586208,0.9542132183908044,0,927.0
14,4,6,0,0,3.0,0.0029644268774703555,0.0,0.9698011363636364,0.75509375,0.9680863636363636,0,1012.0
22,5,6,1,0,3.0,0.003131524008350731,0.10709635447710752,0.9699949438202248,0.7404140449438202,0.9610904494382022,1,958.0
6,4,6,0,1,4.0,0.004188481675392671,0.0,0.9694767045454546,0.7222562499999999,0.9522732954545454,0,955.0
14,4,6,0,1,6.0,0.0079155672823219,0.0,0.970316384180791,0.7160909604519774,0.958379661016949,0,758.0
22,5,6,1,1,3.0,0.003865979381443299,0.0,0.9707780898876404,0.6486887640449438,0.9695876404494382,0,776.0
6,4,6,0,1,2.0,0.0026595744680851063,0.05260416492819786,0.9605514124293784,0.6269536723163842,0.9538604519774012,1,752.0
14,4,6,0,1,5.0,0.006031363088057901,0.04142361134290695,0.961474431818182,0.6564625000000001,0.9428977272727272,1,829.0
22,5,6,1,1,5.0,0.005868544600938967,0.0,0.9596569832402236,0.6435245810055866,0.9638513966480448,0,852.0
6,4,6,0,1,2.0,0.0020181634712411706,0.09798610955476761,0.965764,0.7633297142857142,0.9598091428571428,1,991.0
14,4,6,0,1,4.0,0.004419889502762431,0.03895833343267441,0.961093220338983,0.7580553672316385,0.9796604519774011,1,905.0
22,5,6,1,1,4.0,0.00411522633744856,0.03861111029982567,0.95955530726257,0.7858726256983241,0.97316312849162,1,972.0
6,4,6,0,2,5.0,0.0051440329218107,0.0,0.9684011363636364,0.7713215909090909,0.9683693181818182,0,972.0
14,4,6,0,2,2.0,0.0019047619047619048,0.0,0.9675180790960451,0.7758463276836158,0.9586621468926554,0,1050.0
22,5,6,1,2,5.0,0.005592841163310962,0.0,0.9660954545454546,0.7738732954545454,0.9695846590909092,0,894.0
6,4,6,0,2,4.0,0.0055248618784530384,0.0,0.9734926553672316,0.6269056497175142,0.955367231638418,0,724.0
14,4,6,0,2,5.0,0.005773672055427252,0.0,0.9717162921348316,0.6548410112359551,0.9551494382022472,0,866.0
22,5,6,1,2,4.0,0.005873715124816446,0.0,0.9691514450867053,0.6074329479768786,0.9537063583815028,0,681.0
6,4,6,0,2,6.0,0.005970149253731343,0.06222222372889519,0.9558448863636364,0.7807528409090909,0.977555681818182,1,1005.0
14,4,6,0,2,2.0,0.0022002200220022,0.08364583551883698,0.959408,0.7887599999999999,0.9514285714285714,1,909.0
22,5,6,1,2,4.0,0.0038095238095238095,0.0,0.9592327485380115,0.7542111111111112,0.97113216374269,0,1050.0
6,4,6,0,3,5.0,0.007518796992481203,0.0,0.97625197740113,0.6071683615819209,0.9534841807909604,0,665.0
14,4,6,0,3,3.0,0.004672897196261682,0.0,0.9750948863636364,0.5983465909090909,0.9623090909090908,0,642.0
22,5,6,1,3,7.0,0.011400651465798045,0.10709635447710752,0.9761469273743016,0.5908648044692737,0.9510592178770948,1,614.0
6,4,6,0,3,4.0,0.004206098843322818,0.0,0.9577932203389832,0.7727412429378532,0.9548954802259888,0,951.0
14,4,6,0,3,2.0,0.002129925452609159,0.0,0.9601118644067796,0.7691152542372881,0.9529186440677966,0,939.0
22,5,6,1,3,2.0,0.002061855670103093,0.10709635447710752,0.9582296511627908,0.8025308139534885,0.9455558139534884,1,970.0
6,4,6,0,3,2.0,0.002207505518763797,0.0,0.970548275862069,0.7340936781609195,0.969635632183908,0,906.0
14,4,6,0,3,4.0,0.004429678848283499,0.0,0.9679265536723164,0.677564406779661,0.9646892655367232,0,903.0
22,5,6,1,3,3.0,0.0041265474552957355,0.0,0.9663485875706216,0.7424570621468926,0.9622666666666668,0,727.0
6,5,6,1,0,6.0,0.005714285714285714,0.10709635447710752,0.9714869318181818,0.7811892045454545,0.9603221590909092,1,1050.0
14,5,6,1,0,6.0,0.005714285714285714,0.10709635447710752,0.9732103448275864,0.7720936781609196,0.9673367816091952,1,1050.0
22,6,6,1,0,6.0,0.006674082313681869,0.0,0.9726114285714286,0.7704497142857143,0.9543937142857144,0,899.0
6,5,6,1,0,5.0,0.006868131868131868,0.06565972417593002,0.9579948863636364,0.6420017045454546,0.9496204545454544,1,728.0
14,5,6,1,0,5.0,0.0077279752704791345,0.05423611029982567,0.9595845714285716,0.6536731428571428,0.9767611428571428,1,647.0
22,6,6,1,0,4.0,0.004728132387706856,0.0,0.960858757062147,0.6334305084745763,0.9482943502824858,0,846.0
6,5,6,1,0,2.0,0.0020222446916076846,0.10709635447710752,0.9711568965517242,0.7715344827586208,0.9542132183908044,1,989.0
22,6,6,1,0,3.0,0.002857142857142857,0.0,0.9699949438202248,0.7404140449438202,0.9610904494382022,0,1050.0
6,5,6,1,1,5.0,0.005656108597285068,0.0,0.9694767045454546,0.7222562499999999,0.9522732954545454,0,884.0
22,6,6,1,1,4.0,0.005970149253731343,0.0,0.9707780898876404,0.6486887640449438,0.9695876404494382,0,670.0
6,5,6,1,1,6.0,0.007731958762886598,0.0,0.9605514124293784,0.6269536723163842,0.9538604519774012,0,776.0
14,5,6,1,1,3.0,0.005110732538330494,0.0,0.961474431818182,0.6564625000000001,0.9428977272727272,0,587.0
22,6,6,1,1,5.0,0.0073964497041420114,0.020729167386889458,0.9596569832402236,0.6435245810055866,0.9638513966480448,1,676.0
14,5,6,1,1,3.0,0.0028680688336520078,0.054027777165174484,0.961093220338983,0.7580553672316385,0.9796604519774011,1,1046.0
22,6,6,1,1,2.0,0.0019047619047619048,0.0,0.95955530726257,0.7858726256983241,0.97316312849162,0,1050.0
6,5,6,1,2,2.0,0.0022346368715083797,0.0,0.9684011363636364,0.7713215909090909,0.9683693181818182,0,895.0
14,5,6,1,2,3.0,0.003015075376884422,0.0,0.9675180790960451,0.7758463276836158,0.9586621468926554,0,995.0
22,6,6,1,2,4.0,0.0038095238095238095,0.0,0.9660954545454546,0.7738732954545454,0.9695846590909092,0,1050.0
6,5,6,1,2,3.0,0.004137931034482759,0.0,0.9734926553672316,0.6269056497175142,0.955367231638418,0,725.0
14,5,6,1,2,3.0,0.0033076074972436605,0.0,0.9717162921348316,0.6548410112359551,0.9551494382022472,0,907.0
22,6,6,1,2,2.0,0.002472187886279357,0.0,0.9691514450867053,0.6074329479768786,0.9537063583815028,0,809.0
14,5,6,1,2,3.0,0.0039164490861618795,0.0,0.959408,0.7887599999999999,0.9514285714285714,0,766.0
6,5,6,1,3,5.0,0.00778816199376947,0.10709635447710752,0.97625197740113,0.6071683615819209,0.9534841807909604,1,642.0
14,5,6,1,3,4.0,0.006837606837606838,0.07729166746139526,0.9750948863636364,0.5983465909090909,0.9623090909090908,1,585.0
22,6,6,1,3,4.0,0.0064,0.0,0.9761469273743016,0.5908648044692737,0.9510592178770948,0,625.0
6,5,6,1,3,2.0,0.0025348542458808617,0.10709635447710752,0.9577932203389832,0.7727412429378532,0.9548954802259888,1,789.0
14,5,6,1,3,6.0,0.006097560975609756,0.09947916865348816,0.9601118644067796,0.7691152542372881,0.9529186440677966,1,984.0
22,6,6,1,3,7.0,0.007462686567164179,0.0,0.9582296511627908,0.8025308139534885,0.9455558139534884,0,938.0
6,5,6,1,3,3.0,0.003181336161187699,0.0,0.970548275862069,0.7340936781609195,0.969635632183908,0,943.0
14,5,6,1,3,5.0,0.00563063063063063,0.0,0.9679265536723164,0.677564406779661,0.9646892655367232,0,888.0
22,6,6,1,3,3.0,0.003389830508474576,0.10097222030162811,0.9663485875706216,0.7424570621468926,0.9622666666666668,1,885.0
6,6,6,1,0,4.0,0.0038095238095238095,0.0,0.9714869318181818,0.7811892045454545,0.9603221590909092,0,1050.0
14,6,6,1,0,3.0,0.0030425963488843813,0.0,0.9732103448275864,0.7720936781609196,0.9673367816091952,0,986.0
22,0,7,0,0,4.0,0.0038095238095238095,0.0,0.9726114285714286,0.7704497142857143,0.9543937142857144,0,1050.0
6,6,6,1,0,5.0,0.00620347394540943,0.0,0.9579948863636364,0.6420017045454546,0.9496204545454544,0,806.0
14,6,6,1,0,3.0,0.004032258064516129,0.0,0.9595845714285716,0.6536731428571428,0.9767611428571428,0,744.0
22,0,7,0,0,3.0,0.003575685339690107,0.07246527820825577,0.960858757062147,0.6334305084745763,0.9482943502824858,1,839.0
14,6,6,1,0,4.0,0.004158004158004158,0.0,0.9698011363636364,0.75509375,0.9680863636363636,0,962.0
14,6,6,1,1,2.0,0.0023952095808383233,0.0,0.970316384180791,0.7160909604519774,0.958379661016949,0,835.0
22,0,7,0,1,2.0,0.002380952380952381,0.06392361223697662,0.9707780898876404,0.6486887640449438,0.9695876404494382,1,840.0
6,6,6,1,1,6.0,0.008333333333333333,0.01284722238779068,0.9605514124293784,0.6269536723163842,0.9538604519774012,1,720.0
14,6,6,1,1,2.0,0.003110419906687403,0.023333333432674408,0.961474431818182,0.6564625000000001,0.9428977272727272,1,643.0
22,0,7,0,1,4.0,0.005952380952380952,0.0,0.9596569832402236,0.6435245810055866,0.9638513966480448,0,672.0
6,6,6,1,1,2.0,0.0023014959723820483,0.0,0.965764,0.7633297142857142,0.9598091428571428,0,869.0
14,6,6,1,1,4.0,0.0038095238095238095,0.0,0.961093220338983,0.7580553672316385,0.9796604519774011,0,1050.0
22,0,7,0,1,3.0,0.002857142857142857,0.07965277880430222,0.95955530726257,0.7858726256983241,0.97316312849162,1,1050.0
6,6,6,1,2,2.0,0.001951219512195122,0.0,0.9684011363636364,0.7713215909090909,0.9683693181818182,0,1025.0
14,6,6,1,2,4.0,0.004571428571428572,0.0,0.9675180790960451,0.7758463276836158,0.9586621468926554,0,875.0
22,0,7,0,2,3.0,0.002857142857142857,0.008090278133749962,0.9660954545454546,0.7738732954545454,0.9695846590909092,1,1050.0
6,6,6,1,2,4.0,0.004975124378109453,0.0,0.9734926553672316,0.6269056497175142,0.955367231638418,0,804.0
14,6,6,1,2,4.0,0.005263157894736842,0.0,0.9717162921348316,0.6548410112359551,0.9551494382022472,0,760.0
22,0,7,0,2,3.0,0.003663003663003663,0.0,0.9691514450867053,0.6074329479768786,0.9537063583815028,0,819.0
6,6,6,1,2,4.0,0.0038797284190106693,0.0,0.9558448863636364,0.7807528409090909,0.977555681818182,0,1031.0
22,0,7,0,2,6.0,0.0057361376673040155,0.0,0.9592327485380115,0.7542111111111112,0.97113216374269,0,1046.0
6,6,6,1,3,2.0,0.0027472527472527475,0.0,0.97625197740113,0.6071683615819209,0.9534841807909604,0,728.0
14,6,6,1,3,2.0,0.0030120481927710845,0.0,0.9750948863636364,0.5983465909090909,0.9623090909090908,0,664.0
22,0,7,0,3,3.0,0.0043541364296081275,0.0,0.9761469273743016,0.5908648044692737,0.9510592178770948,0,689.0
6,6,6,1,3,6.0,0.005714285714285714,0.0,0.9577932203389832,0.7727412429378532,0.9548954802259888,0,1050.0
14,6,6,1,3,3.0,0.003947368421052632,0.0,0.9601118644067796,0.7691152542372881,0.9529186440677966,0,760.0
22,0,7,0,3,2.0,0.0027739251040221915,0.0,0.9582296511627908,0.8025308139534885,0.9455558139534884,0,721.0
14,6,6,1,3,2.0,0.0022650056625141564,0.10709635447710752,0.9679265536723164,0.677564406779661,0.9646892655367232,1,883.0
22,0,7,0,3,2.0,0.002008032128514056,0.0,0.9663485875706216,0.7424570621468926,0.9622666666666668,0,996.0
6,0,7,0,0,2.0,0.002028397565922921,0.0,0.9714869318181818,0.7811892045454545,0.9603221590909092,0,986.0
14,0,7,0,0,4.0,0.004166666666666667,0.0,0.9732103448275864,0.7720936781609196,0.9673367816091952,0,960.0
22,1,7,0,0,4.0,0.0038095238095238095,0.03809027746319771,0.9726114285714286,0.7704497142857143,0.9543937142857144,1,1050.0
6,0,7,0,0,2.0,0.003048780487804878,0.09378471970558167,0.9579948863636364,0.6420017045454546,0.9496204545454544,1,656.0
14,0,7,0,0,3.0,0.0045871559633027525,0.06899305433034897,0.9595845714285716,0.6536731428571428,0.9767611428571428,1,654.0
22,1,7,0,0,3.0,0.004137931034482759,0.0,0.960858757062147,0.6334305084745763,0.9482943502824858,0,725.0
6,0,7,0,0,2.0,0.001951219512195122,0.06555555760860443,0.9711568965517242,0.7715344827586208,0.9542132183908044,1,1025.0
14,0,7,0,0,2.0,0.0021008403361344537,0.06531249731779099,0.9698011363636364,0.75509375,0.9680863636363636,1,952.0
22,1,7,0,0,0.0,0.0,0.0,0.9699949438202248,0.7404140449438202,0.9610904494382022,0,840.0
6,0,7,0,1,3.0,0.0037174721189591076,0.0842013880610466,0.9694767045454546,0.7222562499999999,0.9522732954545454,1,807.0
14,0,7,0,1,6.0,0.006191950464396285,0.08958332985639572,0.970316384180791,0.7160909604519774,0.958379661016949,1,969.0
22,1,7,0,1,6.0,0.007481296758104738,0.0,0.9707780898876404,0.6486887640449438,0.9695876404494382,0,802.0
6,0,7,0,1,4.0,0.005082592121982211,0.0,0.9605514124293784,0.6269536723163842,0.9538604519774012,0,787.0
14,0,7,0,1,3.0,0.003708281829419036,0.0,0.961474431818182,0.6564625000000001,0.9428977272727272,0,809.0
22,1,7,0,1,4.0,0.00554016620498615,0.0,0.9596569832402236,0.6435245810055866,0.9638513966480448,0,722.0
6,0,7,0,1,3.0,0.002932551319648094,0.10709635447710752,0.965764,0.7633297142857142,0.9598091428571428,1,1023.0
14,0,7,0,1,6.0,0.005714285714285714,0.10475694388151169,0.961093220338983,0.7580553672316385,0.9796604519774011,1,1050.0
22,1,7,0,1,3.0,0.0031479538300104933,0.0,0.95955530726257,0.7858726256983241,0.97316312849162,0,953.0
6,0,7,0,2,3.0,0.003424657534246575,0.014201388694345951,0.9684011363636364,0.7713215909090909,0.9683693181818182,1,876.0
14,0,7,0,2,3.0,0.0036188178528347406,0.0073958332650363445,0.9675180790960451,0.7758463276836158,0.9586621468926554,1,829.0
22,1,7,0,2,3.0,0.0034762456546929316,0.04312499985098839,0.9660954545454546,0.7738732954545454,0.9695846590909092,1,863.0
6,0,7,0,2,4.0,0.006289308176100629,0.0,0.9734926553672316,0.6269056497175142,0.955367231638418,0,636.0
14,0,7,0,2,3.0,0.003865979381443299,0.0,0.9717162921348316,0.6548410112359551,0.9551494382022472,0,776.0
22,1,7,0,2,3.0,0.004026845637583893,0.061423610895872116,0.9691514450867053,0.6074329479768786,0.9537063583815028,1,745.0
6,0,7,0,2,3.0,0.002857142857142857,0.0,0.9558448863636364,0.7807528409090909,0.977555681818182,0,1050.0
14,0,7,0,2,2.0,0.0019047619047619048,0.0,0.959408,0.7887599999999999,0.9514285714285714,0,1050.0
22,1,7,0,2,1.0,0.0009523809523809524,0.0,0.9592327485380115,0.7542111111111112,0.97113216374269,0,1050.0
6,0,7,0,3,1.0,0.0014144271570014145,0.0,0.97625197740113,0.6071683615819209,0.9534841807909604,0,707.0
14,0,7,0,3,3.0,0.00423728813559322,0.0,0.9750948863636364,0.5983465909090909,0.9623090909090908,0,708.0
22,1,7,0,3,2.0,0.002631578947368421,0.0,0.9761469273743016,0.5908648044692737,0.9510592178770948,0,760.0
6,0,7,0,3,2.0,0.0020942408376963353,0.0,0.9577932203389832,0.7727412429378532,0.9548954802259888,0,955.0
14,0,7,0,3,6.0,0.005905511811023622,0.0,0.9601118644067796,0.7691152542372881,0.9529186440677966,0,1016.0
22,1,7,0,3,6.0,0.0064034151547491995,0.0,0.9582296511627908,0.8025308139534885,0.9455558139534884,0,937.0
6,0,7,0,3,6.0,0.007067137809187279,0.0,0.970548275862069,0.7340936781609195,0.969635632183908,0,849.0
14,0,7,0,3,6.0,0.0058997050147492625,0.0,0.9679265536723164,0.677564406779661,0.9646892655367232,0,1017.0
22,1,7,0,3,2.0,0.002171552660152009,0.08725694566965103,0.9663485875706216,0.7424570621468926,0.9622666666666668,1,921.0
6,1,7,0,0,4.0,0.0038095238095238095,0.03239583224058151,0.9714869318181818,0.7811892045454545,0.9603221590909092,1,1050.0
14,1,7,0,0,3.0,0.002857142857142857,0.04190972074866295,0.9732103448275864,0.7720936781609196,0.9673367816091952,1,1050.0
22,2,7,0,0,4.0,0.0038095238095238095,0.0,0.9726114285714286,0.7704497142857143,0.9543937142857144,0,1050.0
6,1,7,0,0,3.0,0.003658536585365854,0.0,0.9579948863636364,0.6420017045454546,0.9496204545454544,0,820.0
14,1,7,0,0,2.0,0.002631578947368421,0.0,0.9595845714285716,0.6536731428571428,0.9767611428571428,0,760.0
22,2,7,0,0,7.0,0.0109717868338558,0.04659722372889519,0.960858757062147,0.6334305084745763,0.9482943502824858,1,638.0
6,1,7,0,0,2.0,0.002635046113306983,0.0,0.9711568965517242,0.7715344827586208,0.9542132183908044,0,759.0
14,1,7,0,0,4.0,0.004728132387706856,0.0,0.9698011363636364,0.75509375,0.9680863636363636,0,846.0
22,2,7,0,0,7.0,0.007099391480730223,0.10709635447710752,0.9699949438202248,0.7404140449438202,0.9610904494382022,1,986.0
6,1,7,0,1,4.0,0.00510204081632653,0.0,0.9694767045454546,0.7222562499999999,0.9522732954545454,0,784.0
14,1,7,0,1,5.0,0.005656108597285068,0.0,0.970316384180791,0.7160909604519774,0.958379661016949,0,884.0
22,2,7,0,1,2.0,0.002512562814070352,0.0,0.9707780898876404,0.6486887640449438,0.9695876404494382,0,796.0
6,1,7,0,1,5.0,0.007462686567164179,0.0,0.9605514124293784,0.6269536723163842,0.9538604519774012,0,670.0
14,1,7,0,1,2.0,0.002621231979030144,0.0,0.961474431818182,0.6564625000000001,0.9428977272727272,0,763.0
22,2,7,0,1,2.0,0.002932551319648094,0.09972222149372101,0.9596569832402236,0.6435245810055866,0.9638513966480448,1,682.0
6,1,7,0,1,4.0,0.004052684903748734,0.0,0.965764,0.7633297142857142,0.9598091428571428,0,987.0
14,1,7,0,1,4.0,0.004705882352941176,0.0,0.961093220338983,0.7580553672316385,0.9796604519774011,0,850.0
22,2,7,0,1,5.0,0.0049261083743842365,0.04583333432674408,0.95955530726257,0.7858726256983241,0.97316312849162,1,1015.0
6,1,7,0,2,2.0,0.00202020202020202,0.07222222536802292,0.9684011363636364,0.7713215909090909,0.9683693181818182,1,990.0
14,1,7,0,2,4.0,0.005517241379310344,0.0711805522441864,0.9675180790960451,0.7758463276836158,0.9586621468926554,1,725.0
22,2,7,0,2,3.0,0.002857142857142857,0.0,0.9660954545454546,0.7738732954545454,0.9695846590909092,0,1050.0
6,1,7,0,2,3.0,0.0036719706242350062,0.06996528059244156,0.9734926553672316,0.6269056497175142,0.955367231638418,1,817.0
14,1,7,0,2,4.0,0.00546448087431694,0.03940972313284874,0.9717162921348316,0.6548410112359551,0.9551494382022472,1,732.0
22,2,7,0,2,5.0,0.005973715651135006,0.0,0.9691514450867053,0.6074329479768786,0.9537063583815028,0,837.0
6,1,7,0,2,4.0,0.004830917874396135,0.0,0.9558448863636364,0.7807528409090909,0.977555681818182,0,828.0
14,1,7,0,2,3.0,0.002857142857142857,0.0,0.959408,0.7887599999999999,0.9514285714285714,0,1050.0
22,2,7,0,2,2.0,0.0019047619047619048,0.10709635447710752,0.9592327485380115,0.7542111111111112,0.97113216374269,1,1050.0
6,1,7,0,3,4.0,0.00641025641025641,0.0,0.97625197740113,0.6071683615819209,0.9534841807909604,0,624.0
14,1,7,0,3,5.0,0.007082152974504249,0.0,0.9750948863636364,0.5983465909090909,0.9623090909090908,0,706.0
22,2,7,0,3,5.0,0.007246376811594203,0.0,0.9761469273743016,0.5908648044692737,0.9510592178770948,0,690.0
6,1,7,0,3,5.0,0.0055309734513274336,0.0,0.9577932203389832,0.7727412429378532,0.9548954802259888,0,904.0
14,1,7,0,3,3.0,0.0031185031185031187,0.0,0.9601118644067796,0.7691152542372881,0.9529186440677966,0,962.0
22,2,7,0,3,2.0,0.002304147465437788,0.0,0.9582296511627908,0.8025308139534885,0.9455558139534884,0,868.0
6,1,7,0,3,2.0,0.001968503937007874,0.10709635447710752,0.970548275862069,0.7340936781609195,0.969635632183908,1,1016.0
14,1,7,0,3,4.0,0.0041279669762641896,0.10709635447710752,0.9679265536723164,0.677564406779661,0.9646892655367232,1,969.0
22,2,7,0,3,1.0,0.001049317943336831,0.08451388776302338,0.9663485875706216,0.7424570621468926,0.9622666666666668,1,953.0
6,2,7,0,0,5.0,0.004775549188156638,0.0,0.9714869318181818,0.7811892045454545,0.9603221590909092,0,1047.0
14,2,7,0,0,4.0,0.0038095238095238095,0.0,0.9732103448275864,0.7720936781609196,0.9673367816091952,0,1050.0
22,3,7,0,0,3.0,0.002857142857142857,0.0,0.9726114285714286,0.7704497142857143,0.9543937142857144,0,1050.0
6,2,7,0,0,3.0,0.003472222222222222,0.0677083358168602,0.9579948863636364,0.6420017045454546,0.9496204545454544,1,864.0
14,2,7,0,0,6.0,0.008415147265077139,0.061493054032325745,0.9595845714285716,0.6536731428571428,0.9767611428571428,1,713.0
22,3,7,0,0,0.0,0.0,0.0,0.960858757062147,0.6334305084745763,0.9482943502824858,0,785.0
6,2,7,0,0,3.0,0.003083247687564234,0.07326389104127884,0.9711568965517242,0.7715344827586208,0.9542132183908044,1,973.0
14,2,7,0,0,3.0,0.0033076074972436605,0.09190972149372101,0.9698011363636364,0.75509375,0.9680863636363636,1,907.0
22,3,7,0,0,5.0,0.0058823529411764705,0.0,0.9699949438202248,0.7404140449438202,0.9610904494382022,0,850.0
6,2,7,0,1,3.0,0.0043541364296081275,0.0,0.9694767045454546,0.7222562499999999,0.9522732954545454,0,689.0
14,2,7,0,1,5.0,0.005213764337851929,0.0,0.970316384180791,0.7160909604519774,0.958379661016949,0,959.0
22,3,7,0,1,4.0,0.004366812227074236,0.10709635447710752,0.9707780898876404,0.6486887640449438,0.9695876404494382,1,916.0
6,2,7,0,1,5.0,0.008237232289950576,0.10709635447710752,0.9605514124293784,0.6269536723163842,0.9538604519774012,1,607.0
14,2,7,0,1,6.0,0.008746355685131196,0.10709635447710752,0.961474431818182,0.6564625000000001,0.9428977272727272,1,686.0
22,3,7,0,1,3.0,0.0049261083743842365,0.07750000059604645,0.9596569832402236,0.6435245810055866,0.9638513966480448,2,609.0
6,2,7,0,1,5.0,0.004826254826254826,0.037638887763023376,0.965764,0.7633297142857142,0.9598091428571428,1,1036.0
14,2,7,0,1,5.0,0.004761904761904762,0.05319444462656975,0.961093220338983,0.7580553672316385,0.9796604519774011,1,1050.0
22,3,7,0,1,4.0,0.0038095238095238095,0.0,0.95955530726257,0.7858726256983241,0.97316312849162,0,1050.0
6,2,7,0,2,6.0,0.005714285714285714,0.0,0.9684011363636364,0.7713215909090909,0.9683693181818182,0,1050.0
14,2,7,0,2,2.0,0.001937984496124031,0.0,0.9675180790960451,0.7758463276836158,0.9586621468926554,0,1032.0
22,3,7,0,2,5.0,0.005793742757821553,0.10709635447710752,0.9660954545454546,0.7738732954545454,0.9695846590909092,1,863.0
6,2,7,0,2,2.0,0.0028530670470756064,0.0,0.9734926553672316,0.6269056497175142,0.955367231638418,0,701.0
14,2,7,0,2,6.0,0.007211538461538462,0.0,0.9717162921348316,0.6548410112359551,0.9551494382022472,0,832.0
22,3,7,0,2,6.0,0.008645533141210375,0.09420138597488403,0.9691514450867053,0.6074329479768786,0.9537063583815028,1,694.0
6,2,7,0,2,5.0,0.0053475935828877,0.10709635447710752,0.9558448863636364,0.7807528409090909,0.977555681818182,1,935.0
14,2,7,0,2,5.0,0.0053590568060021436,0.10709635447710752,0.959408,0.7887599999999999,0.9514285714285714,1,933.0
22,3,7,0,2,2.0,0.0020181634712411706,0.10709635447710752,0.9592327485380115,0.7542111111111112,0.97113216374269,3,991.0
6,2,7,0,3,2.0,0.0028169014084507044,0.0,0.97625197740113,0.6071683615819209,0.9534841807909604,0,710.0
14,2,7,0,3,4.0,0.005326231691078562,0.0,0.9750948863636364,0.5983465909090909,0.9623090909090908,0,751.0
22,3,7,0,3,4.0,0.005625879043600563,0.0,0.9761469273743016,0.5908648044692737,0.9510592178770948,0,711.0
6,2,7,0,3,5.0,0.005330490405117271,0.0,0.9577932203389832,0.7727412429378532,0.9548954802259888,0,938.0
14,2,7,0,3,4.0,0.0045871559633027525,0.0,0.9601118644067796,0.7691152542372881,0.9529186440677966,0,872.0
22,3,7,0,3,5.0,0.0049504950495049506,0.0,0.9582296511627908,0.8025308139534885,0.9455558139534884,0,1010.0
6,2,7,0,3,3.0,0.003870967741935484,0.05770833417773247,0.970548275862069,0.7340936781609195,0.969635632183908,1,775.0
14,2,7,0,3,2.0,0.0022701475595913734,0.04732638970017433,0.9679265536723164,0.677564406779661,0.9646892655367232,1,881.0
22,3,7,0,3,2.0,0.0019047619047619048,0.0,0.9663485875706216,0.7424570621468926,0.9622666666666668,0,1050.0
6,3,7,0,0,5.0,0.004965243296921549,0.0,0.9714869318181818,0.7811892045454545,0.9603221590909092,0,1007.0
14,3,7,0,0,5.0,0.004761904761904762,0.0,0.9732103448275864,0.7720936781609196,0.9673367816091952,0,1050.0
22,4,7,0,0,5.0,0.004761904761904762,0.0,0.9726114285714286,0.7704497142857143,0.9543937142857144,0,1050.0
6,3,7,0,0,4.0,0.0044943820224719105,0.0,0.9579948863636364,0.6420017045454546,0.9496204545454544,0,890.0
14,3,7,0,0,2.0,0.002506265664160401,0.0,0.9595845714285716,0.6536731428571428,0.9767611428571428,0,798.0
22,4,7,0,0,7.0,0.009421265141318977,0.0,0.960858757062147,0.6334305084745763,0.9482943502824858,0,743.0
6,3,7,0,0,3.0,0.002857142857142857,0.0,0.9711568965517242,0.7715344827586208,0.9542132183908044,0,1050.0
14,3,7,0,0,3.0,0.0029498525073746312,0.0,0.9698011363636364,0.75509375,0.9680863636363636,0,1017.0
22,4,7,0,0,2.0,0.002074688796680498,0.0,0.9699949438202248,0.7404140449438202,0.9610904494382022,0,964.0
6,3,7,0,1,6.0,0.007792207792207792,0.10709635447710752,0.9694767045454546,0.7222562499999999,0.9522732954545454,1,770.0
14,3,7,0,1,2.0,0.0024183796856106408,0.10709635447710752,0.970316384180791,0.7160909604519774,0.958379661016949,1,827.0
22,4,7,0,1,5.0,0.006596306068601583,0.0,0.9707780898876404,0.6486887640449438,0.9695876404494382,0,758.0
6,3,7,0,1,6.0,0.008670520231213872,0.05920138955116272,0.9605514124293784,0.6269536723163842,0.9538604519774012,2,692.0
14,3,7,0,1,2.0,0.0027210884353741495,0.10709635447710752,0.961474431818182,0.6564625000000001,0.9428977272727272,2,735.0
22,4,7,0,1,3.0,0.0048,0.0,0.9596569832402236,0.6435245810055866,0.9638513966480448,0,625.0
6,3,7,0,1,4.0,0.0038095238095238095,0.0,0.965764,0.7633297142857142,0.9598091428571428,0,1050.0
14,3,7,0,1,5.0,0.004761904761904762,0.0,0.961093220338983,0.7580553672316385,0.9796604519774011,0,1050.0
22,4,7,0,1,2.0,0.0019047619047619048,0.0,0.95955530726257,0.7858726256983241,0.97316312849162,0,1050.0
6,3,7,0,2,2.0,0.0020833333333333333,0.10709635447710752,0.9684011363636364,0.7713215909090909,0.9683693181818182,1,960.0
14,3,7,0,2,4.0,0.004305705059203444,0.10709635447710752,0.9675180790960451,0.7758463276836158,0.9586621468926554,1,929.0
22,4,7,0,2,4.0,0.004008016032064128,0.10709635447710752,0.9660954545454546,0.7738732954545454,0.9695846590909092,1,998.0
6,3,7,0,2,4.0,0.004884004884004884,0.08065972477197647,0.9734926553672316,0.6269056497175142,0.955367231638418,1,819.0
14,3,7,0,2,1.0,0.0012804097311139564,0.10180555284023285,0.9717162921348316,0.6548410112359551,0.9551494382022472,1,781.0
22,4,7,0,2,3.0,0.0036900369003690036,0.0,0.9691514450867053,0.6074329479768786,0.9537063583815028,0,813.0
6,3,7,0,2,5.0,0.00563063063063063,0.10709635447710752,0.9558448863636364,0.7807528409090909,0.977555681818182,3,888.0
14,3,7,0,2,4.0,0.0038095238095238095,0.10709635447710752,0.959408,0.7887599999999999,0.9514285714285714,3,1050.0
22,4,7,0,2,1.0,0.0010504201680672268,0.0,0.9592327485380115,0.7542111111111112,0.97113216374269,0,952.0
6,3,7,0,3,2.0,0.002797202797202797,0.0,0.97625197740113,0.6071683615819209,0.9534841807909604,0,715.0
14,3,7,0,3,2.0,0.002894356005788712,0.0,0.9750948863636364,0.5983465909090909,0.9623090909090908,0,691.0
22,4,7,0,3,3.0,0.004310344827586207,0.10709635447710752,0.9761469273743016,0.5908648044692737,0.9510592178770948,1,696.0
6,3,7,0,3,6.0,0.005714285714285714,0.0,0.9577932203389832,0.7727412429378532,0.9548954802259888,0,1050.0
14,3,7,0,3,6.0,0.005714285714285714,0.0,0.9601118644067796,0.7691152542372881,0.9529186440677966,0,1050.0
22,4,7,0,3,6.0,0.006276150627615063,0.0,0.9582296511627908,0.8025308139534885,0.9455558139534884,0,956.0
6,3,7,0,3,3.0,0.003575685339690107,0.0,0.970548275862069,0.7340936781609195,0.969635632183908,0,839.0
14,3,7,0,3,4.0,0.004608294930875576,0.0,0.9679265536723164,0.677564406779661,0.9646892655367232,0,868.0
22,4,7,0,3,7.0,0.007368421052631579,0.0,0.9663485875706216,0.7424570621468926,0.9622666666666668,0,950.0
6,4,7,0,0,6.0,0.006012024048096192,0.0,0.9714869318181818,0.7811892045454545,0.9603221590909092,0,998.0
14,4,7,0,0,3.0,0.0031678986272439284,0.0,0.9732103448275864,0.7720936781609196,0.9673367816091952,0,947.0
22,5,7,1,0,4.0,0.0038095238095238095,0.0,0.9726114285714286,0.7704497142857143,0.9543937142857144,0,1050.0
6,4,7,0,0,2.0,0.0032102728731942215,0.0,0.9579948863636364,0.6420017045454546,0.9496204545454544,0,623.0
14,4,7,0,0,6.0,0.007782101167315175,0.0,0.9595845714285716,0.6536731428571428,0.9767611428571428,0,771.0
22,5,7,1,0,5.0,0.007032348804500703,0.03836805373430252,0.960858757062147,0.6334305084745763,0.9482943502824858,1,711.0
6,4,7,0,0,5.0,0.005506607929515419,0.0,0.9711568965517242,0.7715344827586208,0.9542132183908044,0,908.0
14,4,7,0,0,4.0,0.004136504653567736,0.0,0.9698011363636364,0.75509375,0.9680863636363636,0,967.0
22,5,7,1,0,4.0,0.004016064257028112,0.013159722089767456,0.9699949438202248,0.7404140449438202,0.9610904494382022,1,996.0
6,4,7,0,1,3.0,0.0036144578313253013,0.0,0.9694767045454546,0.7222562499999999,0.9522732954545454,0,830.0
14,4,7,0,1,6.0,0.0070921985815602835,0.0,0.970316384180791,0.7160909604519774,0.958379661016949,0,846.0
22,5,7,1,1,3.0,0.0035545023696682463,0.08253472298383713,0.9707780898876404,0.6486887640449438,0.9695876404494382,1,844.0
6,4,7,0,1,5.0,0.007633587786259542,0.0,0.9605514124293784,0.6269536723163842,0.9538604519774012,0,655.0
14,4,7,0,1,3.0,0.004405286343612335,0.0,0.961474431818182,0.6564625000000001,0.9428977272727272,0,681.0
22,5,7,1,1,4.0,0.006359300476947536,0.02204861119389534,0.9596569832402236,0.6435245810055866,0.9638513966480448,1,629.0
6,4,7,0,1,4.0,0.0038095238095238095,0.0,0.965764,0.7633297142857142,0.9598091428571428,0,1050.0
14,4,7,0,1,6.0,0.005714285714285714,0.0,0.961093220338983,0.7580553672316385,0.9796604519774011,0,1050.0
22,5,7,1,1,4.0,0.003964321110009911,0.016909722238779068,0.95955530726257,0.7858726256983241,0.97316312849162,1,1009.0
6,4,7,0,2,2.0,0.0019047619047619048,0.07506944239139557,0.9684011363636364,0.7713215909090909,0.9683693181818182,1,1050.0
14,4,7,0,2,3.0,0.002857142857142857,0.10709635447710752,0.9675180790960451,0.7758463276836158,0.9586621468926554,1,1050.0
22,5,7,1,2,3.0,0.002857142857142857,0.0,0.9660954545454546,0.7738732954545454,0.9695846590909092,0,1050.0
6,4,7,0,2,5.0,0.006297229219143577,0.0,0.9734926553672316,0.6269056497175142,0.955367231638418,0,794.0
14,4,7,0,2,4.0,0.0058309037900874635,0.0,0.9717162921348316,0.6548410112359551,0.9551494382022472,0,686.0
22,5,7,1,2,3.0,0.00390625,0.0,0.9691514450867053,0.6074329479768786,0.9537063583815028,0,768.0
6,4,7,0,2,6.0,0.006593406593406593,0.0,0.9558448863636364,0.7807528409090909,0.977555681818182,0,910.0
14,4,7,0,2,2.0,0.0019047619047619048,0.0,0.959408,0.7887599999999999,0.9514285714285714,0,1050.0
22,5,7,1,2,3.0,0.0029154518950437317,0.0,0.9592327485380115,0.7542111111111112,0.97113216374269,0,1029.0
6,4,7,0,3,3.0,0.004379562043795621,0.10709635447710752,0.97625197740113,0.6071683615819209,0.9534841807909604,1,685.0
14,4,7,0,3,2.0,0.0025412960609911056,0.10709635447710752,0.9750948863636364,0.5983465909090909,0.9623090909090908,1,787.0
22,5,7,1,3,4.0,0.00644122383252818,0.0,0.9761469273743016,0.5908648044692737,0.9510592178770948,0,621.0
6,4,7,0,3,2.0,0.002079002079002079,0.0,0.9577932203389832,0.7727412429378532,0.9548954802259888,0,962.0
14,4,7,0,3,2.0,0.002109704641350211,0.0,0.9601118644067796,0.7691152542372881,0.9529186440677966,0,948.0
22,5,7,1,3,6.0,0.00663716814159292,0.0,0.9582296511627908,0.8025308139534885,0.9455558139534884,0,904.0
6,4,7,0,3,5.0,0.005165289256198347,0.0,0.970548275862069,0.7340936781609195,0.969635632183908,0,968.0
14,4,7,0,3,4.0,0.0038131553860819827,0.0,0.9679265536723164,0.677564406779661,0.9646892655367232,0,1049.0
22,5,7,1,3,1.0,0.0009523809523809524,0.0,0.9663485875706216,0.7424570621468926,0.9622666666666668,0,1050.0
6,5,7,1,0,3.0,0.0031746031746031746,0.0,0.9714869318181818,0.7811892045454545,0.9603221590909092,0,945.0
14,5,7,1,0,5.0,0.004761904761904762,0.0,0.9732103448275864,0.7720936781609196,0.9673367816091952,0,1050.0
22,6,7,1,0,5.0,0.004761904761904762,0.0,0.9726114285714286,0.7704497142857143,0.9543937142857144,0,1050.0
6,5,7,1,0,5.0,0.006570302233902759,0.08343750238418579,0.9579948863636364,0.6420017045454546,0.9496204545454544,1,761.0
14,5,7,1,0,4.0,0.005031446540880503,0.038680557161569595,0.9595845714285716,0.6536731428571428,0.9767611428571428,1,795.0
22,6,7,1,0,4.0,0.005044136191677175,0.08020833134651184,0.960858757062147,0.6334305084745763,0.9482943502824858,1,793.0
6,5,7,1,0,5.0,0.006045949214026602,0.011562500149011612,0.9711568965517242,0.7715344827586208,0.9542132183908044,1,827.0
14,5,7,1,0,6.0,0.0069124423963133645,0.013298611156642437,0.9698011363636364,0.75509375,0.9680863636363636,1,868.0
22,6,7,1,0,1.0,0.0011160714285714285,0.04930555447936058,0.9699949438202248,0.7404140449438202,0.9610904494382022,1,896.0
6,5,7,1,1,5.0,0.006648936170212766,0.10709635447710752,0.9694767045454546,0.7222562499999999,0.9522732954545454,1,752.0
14,5,7,1,1,3.0,0.004225352112676056,0.10709635447710752,0.970316384180791,0.7160909604519774,0.958379661016949,1,710.0
22,6,7,1,1,5.0,0.006142506142506142,0.0,0.9707780898876404,0.6486887640449438,0.9695876404494382,0,814.0
6,5,7,1,1,2.0,0.0028694404591104736,0.01857638917863369,0.9605514124293784,0.6269536723163842,0.9538604519774012,1,697.0
14,5,7,1,1,6.0,0.009523809523809525,0.034062501043081284,0.961474431818182,0.6564625000000001,0.9428977272727272,1,630.0
22,6,7,1,1,2.0,0.0030534351145038168,0.0,0.9596569832402236,0.6435245810055866,0.9638513966480448,0,655.0
6,5,7,1,1,2.0,0.0019047619047619048,0.007881944067776203,0.965764,0.7633297142857142,0.9598091428571428,1,1050.0
14,5,7,1,1,3.0,0.003386004514672686,0.016631944105029106,0.961093220338983,0.7580553672316385,0.9796604519774011,1,886.0
22,6,7,1,1,2.0,0.0022650056625141564,0.10709635447710752,0.95955530726257,0.7858726256983241,0.97316312849162,1,883.0
6,5,7,1,2,6.0,0.0062827225130890054,0.0,0.9684011363636364,0.7713215909090909,0.9683693181818182,0,955.0
14,5,7,1,2,2.0,0.002028397565922921,0.0,0.9675180790960451,0.7758463276836158,0.9586621468926554,0,986.0
22,6,7,1,2,3.0,0.0030737704918032786,0.0,0.9660954545454546,0.7738732954545454,0.9695846590909092,0,976.0
6,5,7,1,2,5.0,0.0077279752704791345,0.0,0.9734926553672316,0.6269056497175142,0.955367231638418,0,647.0
22,6,7,1,2,5.0,0.007042253521126761,0.015208333730697632,0.9691514450867053,0.6074329479768786,0.9537063583815028,1,710.0
6,5,7,1,2,5.0,0.004761904761904762,0.0,0.9558448863636364,0.7807528409090909,0.977555681818182,0,1050.0
14,5,7,1,2,3.0,0.002890173410404624,0.0,0.959408,0.7887599999999999,0.9514285714285714,0,1038.0
22,6,7,1,2,6.0,0.005714285714285714,0.0,0.9592327485380115,0.7542111111111112,0.97113216374269,0,1050.0
14,5,7,1,3,1.0,0.0014903129657228018,0.0,0.9750948863636364,0.5983465909090909,0.9623090909090908,0,671.0
22,6,7,1,3,2.0,0.0027247956403269754,0.0,0.9761469273743016,0.5908648044692737,0.9510592178770948,0,734.0
6,5,7,1,3,2.0,0.002068252326783868,0.0,0.9577932203389832,0.7727412429378532,0.9548954802259888,0,967.0
14,5,7,1,3,3.0,0.003045685279187817,0.0,0.9601118644067796,0.7691152542372881,0.9529186440677966,0,985.0
22,6,7,1,3,2.0,0.002185792349726776,0.0,0.9582296511627908,0.8025308139534885,0.9455558139534884,0,915.0
6,5,7,1,3,5.0,0.005567928730512249,0.0,0.970548275862069,0.7340936781609195,0.969635632183908,0,898.0
14,5,7,1,3,2.0,0.002466091245376079,0.0,0.9679265536723164,0.677564406779661,0.9646892655367232,0,811.0
22,6,7,1,3,7.0,0.008045977011494253,0.0,0.9663485875706216,0.7424570621468926,0.9622666666666668,0,870.0
6,6,7,1,0,5.0,0.0053533190578158455,0.0,0.9714869318181818,0.7811892045454545,0.9603221590909092,0,934.0
14,6,7,1,0,2.0,0.00211864406779661,0.0,0.9732103448275864,0.7720936781609196,0.9673367816091952,0,944.0
22,0,8,0,0,3.0,0.002904162633107454,0.03576388955116272,0.9726114285714286,0.7704497142857143,0.9543937142857144,1,1033.0
14,6,7,1,0,6.0,0.008130081300813009,0.10709635447710752,0.9595845714285716,0.6536731428571428,0.9767611428571428,1,738.0
22,0,8,0,0,5.0,0.00648508430609598,0.0,0.960858757062147,0.6334305084745763,0.9482943502824858,0,771.0
6,6,7,1,0,2.0,0.0019398642095053346,0.01822916604578495,0.9711568965517242,0.7715344827586208,0.9542132183908044,1,1031.0
14,6,7,1,0,5.0,0.00651890482398957,0.049861110746860504,0.9698011363636364,0.75509375,0.9680863636363636,1,767.0
6,6,7,1,1,4.0,0.004739336492890996,0.0,0.9694767045454546,0.7222562499999999,0.9522732954545454,0,844.0
14,6,7,1,1,2.0,0.002472187886279357,0.0,0.970316384180791,0.7160909604519774,0.958379661016949,0,809.0
22,0,8,0,1,2.0,0.0023612750885478157,0.05197916552424431,0.9707780898876404,0.6486887640449438,0.9695876404494382,1,847.0
6,6,7,1,1,5.0,0.0070921985815602835,0.0,0.9605514124293784,0.6269536723163842,0.9538604519774012,0,705.0
14,6,7,1,1,3.0,0.00473186119873817,0.0,0.961474431818182,0.6564625000000001,0.9428977272727272,0,634.0
22,0,8,0,1,4.0,0.005063291139240506,0.0,0.9596569832402236,0.6435245810055866,0.9638513966480448,0,790.0
6,6,7,1,1,2.0,0.0021482277121374865,0.08569444715976715,0.965764,0.7633297142857142,0.9598091428571428,1,931.0
22,0,8,0,1,5.0,0.004761904761904762,0.04819444566965103,0.95955530726257,0.7858726256983241,0.97316312849162,1,1050.0
6,6,7,1,2,2.0,0.0025252525252525255,0.0,0.9684011363636364,0.7713215909090909,0.9683693181818182,0,792.0
14,6,7,1,2,4.0,0.004362050163576881,0.0,0.9675180790960451,0.7758463276836158,0.9586621468926554,0,917.0
22,0,8,0,2,3.0,0.0029354207436399216,0.0,0.9660954545454546,0.7738732954545454,0.9695846590909092,0,1022.0
6,6,7,1,2,4.0,0.004878048780487805,0.030451389029622078,0.9734926553672316,0.6269056497175142,0.955367231638418,1,820.0
14,6,7,1,2,6.0,0.008,0.023229166865348816,0.9717162921348316,0.6548410112359551,0.9551494382022472,1,750.0
22,0,8,0,2,3.0,0.004054054054054054,0.0,0.9691514450867053,0.6074329479768786,0.9537063583815028,0,740.0
6,6,7,1,2,5.0,0.004761904761904762,0.0,0.9558448863636364,0.7807528409090909,0.977555681818182,0,1050.0
14,6,7,1,2,4.0,0.0038095238095238095,0.0,0.959408,0.7887599999999999,0.9514285714285714,0,1050.0
22,0,8,0,2,7.0,0.006666666666666667,0.0,0.9592327485380115,0.7542111111111112,0.97113216374269,0,1050.0
6,6,7,1,3,6.0,0.009287925696594427,0.0,0.97625197740113,0.6071683615819209,0.9534841807909604,0,646.0
14,6,7,1,3,6.0,0.009554140127388535,0.0,0.9750948863636364,0.5983465909090909,0.9623090909090908,0,628.0
22,0,8,0,3,5.0,0.006954102920723227,0.02638888917863369,0.9761469273743016,0.5908648044692737,0.9510592178770948,1,719.0
6,6,7,1,3,4.0,0.0041279669762641896,0.0,0.9577932203389832,0.7727412429378532,0.9548954802259888,0,969.0
14,6,7,1,3,1.0,0.0010672358591248667,0.0,0.9601118644067796,0.7691152542372881,0.9529186440677966,0,937.0
22,0,8,0,3,5.0,0.004780114722753346,0.0,0.9582296511627908,0.8025308139534885,0.9455558139534884,0,1046.0
6,6,7,1,3,3.0,0.002932551319648094,0.0,0.970548275862069,0.7340936781609195,0.969635632183908,0,1023.0
14,6,7,1,3,2.0,0.002232142857142857,0.0,0.9679265536723164,0.677564406779661,0.9646892655367232,0,896.0
22,0,8,0,3,3.0,0.0033482142857142855,0.0,0.9663485875706216,0.7424570621468926,0.9622666666666668,0,896.0
6,0,8,0,0,5.0,0.004911591355599214,0.0373263880610466,0.9714869318181818,0.7811892045454545,0.9603221590909092,1,1018.0
14,0,8,0,0,3.0,0.003436426116838488,0.03569444268941879,0.9732103448275864,0.7720936781609196,0.9673367816091952,1,873.0
22,1,8,0,0,2.0,0.0020920502092050207,0.0,0.9726114285714286,0.7704497142857143,0.9543937142857144,0,956.0
6,0,8,0,0,6.0,0.007832898172323759,0.0,0.9579948863636364,0.6420017045454546,0.9496204545454544,0,766.0
14,0,8,0,0,4.0,0.00477326968973747,0.0,0.9595845714285716,0.6536731428571428,0.9767611428571428,0,838.0
22,1,8,0,0,5.0,0.006666666666666667,0.0,0.960858757062147,0.6334305084745763,0.9482943502824858,0,750.0
6,0,8,0,0,3.0,0.003468208092485549,0.05371527746319771,0.9711568965517242,0.7715344827586208,0.9542132183908044,1,865.0
14,0,8,0,0,3.0,0.002857142857142857,0.04940972104668617,0.9698011363636364,0.75509375,0.9680863636363636,1,1050.0
22,1,8,0,0,4.0,0.00437636761487965,0.0,0.9699949438202248,0.7404140449438202,0.9610904494382022,0,914.0
6,0,8,0,1,6.0,0.00823045267489712,0.06902778148651123,0.9694767045454546,0.7222562499999999,0.9522732954545454,1,729.0
14,0,8,0,1,4.0,0.0042780748663101605,0.06798610836267471,0.970316384180791,0.7160909604519774,0.958379661016949,1,935.0
22,1,8,0,1,3.0,0.004032258064516129,0.0,0.9707780898876404,0.6486887640449438,0.9695876404494382,0,744.0
6,0,8,0,1,5.0,0.006045949214026602,0.0,0.9605514124293784,0.6269536723163842,0.9538604519774012,0,827.0
14,0,8,0,1,5.0,0.00725689404934688,0.0,0.961474431818182,0.6564625000000001,0.9428977272727272,0,689.0
22,1,8,0,1,1.0,0.001488095238095238,0.0,0.9596569832402236,0.6435245810055866,0.9638513966480448,0,672.0
6,0,8,0,1,5.0,0.004761904761904762,0.023368055000901222,0.965764,0.7633297142857142,0.9598091428571428,1,1050.0
14,0,8,0,1,2.0,0.0019047619047619048,0.03107638843357563,0.961093220338983,0.7580553672316385,0.9796604519774011,1,1050.0
22,1,8,0,1,2.0,0.001976284584980237,0.011631944216787815,0.95955530726257,0.7858726256983241,0.97316312849162,1,1012.0
6,0,8,0,2,5.0,0.004761904761904762,0.0,0.9684011363636364,0.7713215909090909,0.9683693181818182,0,1050.0
14,0,8,0,2,4.0,0.004410143329658214,0.0,0.9675180790960451,0.7758463276836158,0.9586621468926554,0,907.0
22,1,8,0,2,6.0,0.007033997655334115,0.0,0.9660954545454546,0.7738732954545454,0.9695846590909092,0,853.0
6,0,8,0,2,6.0,0.007281553398058253,0.0,0.9734926553672316,0.6269056497175142,0.955367231638418,0,824.0
14,0,8,0,2,4.0,0.005479452054794521,0.0,0.9717162921348316,0.6548410112359551,0.9551494382022472,0,730.0
22,1,8,0,2,4.0,0.005657708628005658,0.0,0.9691514450867053,0.6074329479768786,0.9537063583815028,0,707.0
6,0,8,0,2,3.0,0.002857142857142857,0.0,0.9558448863636364,0.7807528409090909,0.977555681818182,0,1050.0
14,0,8,0,2,3.0,0.002857142857142857,0.0,0.959408,0.7887599999999999,0.9514285714285714,0,1050.0
22,1,8,0,2,5.0,0.004761904761904762,0.07874999940395355,0.9592327485380115,0.7542111111111112,0.97113216374269,1,1050.0
6,0,8,0,3,6.0,0.007462686567164179,0.05972222238779068,0.97625197740113,0.6071683615819209,0.9534841807909604,1,804.0
14,0,8,0,3,5.0,0.0071633237822349575,0.06190972402691841,0.9750948863636364,0.5983465909090909,0.9623090909090908,1,698.0
22,1,8,0,3,4.0,0.0068846815834767644,0.03246527910232544,0.9761469273743016,0.5908648044692737,0.9510592178770948,1,581.0
6,0,8,0,3,4.0,0.004464285714285714,0.0,0.9577932203389832,0.7727412429378532,0.9548954802259888,0,896.0
14,0,8,0,3,4.0,0.004291845493562232,0.0,0.9601118644067796,0.7691152542372881,0.9529186440677966,0,932.0
22,1,8,0,3,6.0,0.005802707930367505,0.0,0.9582296511627908,0.8025308139534885,0.9455558139534884,0,1034.0
6,0,8,0,3,3.0,0.002857142857142857,0.0,0.970548275862069,0.7340936781609195,0.969635632183908,0,1050.0
14,0,8,0,3,6.0,0.006928406466512702,0.0,0.9679265536723164,0.677564406779661,0.9646892655367232,0,866.0
22,1,8,0,3,4.0,0.004489337822671156,0.0,0.9663485875706216,0.7424570621468926,0.9622666666666668,0,891.0
6,1,8,0,0,3.0,0.002857142857142857,0.0,0.9714869318181818,0.7811892045454545,0.9603221590909092,0,1050.0
14,1,8,0,0,4.0,0.004,0.0,0.9732103448275864,0.7720936781609196,0.9673367816091952,0,1000.0
22,2,8,0,0,7.0,0.007454739084132056,0.0,0.9726114285714286,0.7704497142857143,0.9543937142857144,0,939.0
6,1,8,0,0,3.0,0.0035252643948296123,0.0,0.9579948863636364,0.6420017045454546,0.9496204545454544,0,851.0
14,1,8,0,0,5.0,0.007052186177715092,0.0,0.9595845714285716,0.6536731428571428,0.9767611428571428,0,709.0
22,2,8,0,0,5.0,0.005494505494505495,0.0,0.960858757062147,0.6334305084745763,0.9482943502824858,0,910.0
6,1,8,0,0,3.0,0.00331858407079646,0.0,0.9711568965517242,0.7715344827586208,0.9542132183908044,0,904.0
14,1,8,0,0,5.0,0.004955401387512388,0.0,0.9698011363636364,0.75509375,0.9680863636363636,0,1009.0
22,2,8,0,0,3.0,0.0031678986272439284,0.10709635447710752,0.9699949438202248,0.7404140449438202,0.9610904494382022,1,947.0
6,1,8,0,1,2.0,0.0026109660574412533,0.0,0.9694767045454546,0.7222562499999999,0.9522732954545454,0,766.0
14,1,8,0,1,4.0,0.005383580080753701,0.0,0.970316384180791,0.7160909604519774,0.958379661016949,0,743.0
22,2,8,0,1,5.0,0.007183908045977011,0.0,0.9707780898876404,0.6486887640449438,0.9695876404494382,0,696.0
6,1,8,0,1,2.0,0.0026109660574412533,0.0,0.9605514124293784,0.6269536723163842,0.9538604519774012,0,766.0
14,1,8,0,1,6.0,0.007352941176470588,0.0,0.961474431818182,0.6564625000000001,0.9428977272727272,0,816.0
22,2,8,0,1,2.0,0.0029282576866764276,0.03496527671813965,0.9596569832402236,0.6435245810055866,0.9638513966480448,1,683.0
6,1,8,0,1,5.0,0.005208333333333333,0.007256944663822651,0.965764,0.7633297142857142,0.9598091428571428,1,960.0
14,1,8,0,1,4.0,0.004464285714285714,0.017395833507180214,0.961093220338983,0.7580553672316385,0.9796604519774011,1,896.0
22,2,8,0,1,2.0,0.001932367149758454,0.0,0.95955530726257,0.7858726256983241,0.97316312849162,0,1035.0
6,1,8,0,2,2.0,0.0019047619047619048,0.0,0.9684011363636364,0.7713215909090909,0.9683693181818182,0,1050.0
14,1,8,0,2,2.0,0.0022172949002217295,0.0,0.9675180790960451,0.7758463276836158,0.9586621468926554,0,902.0
22,2,8,0,2,2.0,0.0019047619047619048,0.0,0.9660954545454546,0.7738732954545454,0.9695846590909092,0,1050.0
6,1,8,0,2,6.0,0.008053691275167786,0.0,0.9734926553672316,0.6269056497175142,0.955367231638418,0,745.0
14,1,8,0,2,2.0,0.0029498525073746312,0.0,0.9717162921348316,0.6548410112359551,0.9551494382022472,0,678.0
22,2,8,0,2,4.0,0.004920049200492005,0.0,0.9691514450867053,0.6074329479768786,0.9537063583815028,0,813.0
6,1,8,0,2,4.0,0.004259850905218318,0.07309027761220932,0.9558448863636364,0.7807528409090909,0.977555681818182,1,939.0
14,1,8,0,2,3.0,0.002857142857142857,0.08916666358709335,0.959408,0.7887599999999999,0.9514285714285714,1,1050.0
22,2,8,0,2,3.0,0.0029498525073746312,0.0,0.9592327485380115,0.7542111111111112,0.97113216374269,0,1017.0
6,1,8,0,3,2.0,0.0023752969121140144,0.07489583641290665,0.97625197740113,0.6071683615819209,0.9534841807909604,1,842.0
14,1,8,0,3,4.0,0.0064,0.04211805388331413,0.9750948863636364,0.5983465909090909,0.9623090909090908,1,625.0
22,2,8,0,3,4.0,0.005532503457814661,0.0,0.9761469273743016,0.5908648044692737,0.9510592178770948,0,723.0
6,1,8,0,3,4.0,0.004219409282700422,0.0,0.9577932203389832,0.7727412429378532,0.9548954802259888,0,948.0
14,1,8,0,3,3.0,0.003036437246963563,0.0,0.9601118644067796,0.7691152542372881,0.9529186440677966,0,988.0
22,2,8,0,3,3.0,0.0035502958579881655,0.10709635447710752,0.9582296511627908,0.8025308139534885,0.9455558139534884,1,845.0
6,1,8,0,3,2.0,0.002068252326783868,0.0,0.970548275862069,0.7340936781609195,0.969635632183908,0,967.0
14,1,8,0,3,5.0,0.0057670126874279125,0.0,0.9679265536723164,0.677564406779661,0.9646892655367232,0,867.0
22,2,8,0,3,3.0,0.004149377593360996,0.0,0.9663485875706216,0.7424570621468926,0.9622666666666668,0,723.0
6,2,8,0,0,3.0,0.003009027081243731,0.0,0.9714869318181818,0.7811892045454545,0.9603221590909092,0,997.0
14,2,8,0,0,4.0,0.0038095238095238095,0.0,0.9732103448275864,0.7720936781609196,0.9673367816091952,0,1050.0
22,3,8,0,0,4.0,0.0038095238095238095,0.0,0.9726114285714286,0.7704497142857143,0.9543937142857144,0,1050.0
6,2,8,0,0,2.0,0.0024630541871921183,0.0,0.9579948863636364,0.6420017045454546,0.9496204545454544,0,812.0
14,2,8,0,0,5.0,0.00628140703517588,0.0,0.9595845714285716,0.6536731428571428,0.9767611428571428,0,796.0
22,3,8,0,0,5.0,0.00684931506849315,0.0,0.960858757062147,0.6334305084745763,0.9482943502824858,0,730.0
6,2,8,0,0,6.0,0.006458557588805167,0.10709635447710752,0.9711568965517242,0.7715344827586208,0.9542132183908044,1,929.0
14,2,8,0,0,3.0,0.0034924330616996507,0.10709635447710752,0.9698011363636364,0.75509375,0.9680863636363636,1,859.0
22,3,8,0,0,8.0,0.008879023307436182,0.0,0.9699949438202248,0.7404140449438202,0.9610904494382022,0,901.0
6,2,8,0,1,2.0,0.0025974025974025974,0.0,0.9694767045454546,0.7222562499999999,0.9522732954545454,0,770.0
14,2,8,0,1,2.0,0.0019065776930409914,0.0,0.970316384180791,0.7160909604519774,0.958379661016949,0,1049.0
22,3,8,0,1,3.0,0.004092769440654843,0.0,0.9707780898876404,0.6486887640449438,0.9695876404494382,0,733.0
6,2,8,0,1,5.0,0.006578947368421052,0.016805555671453476,0.9605514124293784,0.6269536723163842,0.9538604519774012,1,760.0
14,2,8,0,1,4.0,0.0048367593712212815,0.018680555745959282,0.961474431818182,0.6564625000000001,0.9428977272727272,1,827.0
22,3,8,0,1,1.0,0.0016260162601626016,0.0,0.9596569832402236,0.6435245810055866,0.9638513966480448,0,615.0
6,2,8,0,1,6.0,0.006012024048096192,0.0,0.965764,0.7633297142857142,0.9598091428571428,0,998.0
14,2,8,0,1,6.0,0.005970149253731343,0.0,0.961093220338983,0.7580553672316385,0.9796604519774011,0,1005.0
22,3,8,0,1,3.0,0.0029940119760479044,0.03687499836087227,0.95955530726257,0.7858726256983241,0.97316312849162,1,1002.0
6,2,8,0,2,3.0,0.00303951367781155,0.0,0.9684011363636364,0.7713215909090909,0.9683693181818182,0,987.0
14,2,8,0,2,2.0,0.002068252326783868,0.0,0.9675180790960451,0.7758463276836158,0.9586621468926554,0,967.0
22,3,8,0,2,3.0,0.002857142857142857,0.0,0.9660954545454546,0.7738732954545454,0.9695846590909092,0,1050.0
6,2,8,0,2,3.0,0.003826530612244898,0.0,0.9734926553672316,0.6269056497175142,0.955367231638418,0,784.0
14,2,8,0,2,3.0,0.004103967168262654,0.0,0.9717162921348316,0.6548410112359551,0.9551494382022472,0,731.0
22,3,8,0,2,1.0,0.0012376237623762376,0.0,0.9691514450867053,0.6074329479768786,0.9537063583815028,0,808.0
6,2,8,0,2,5.0,0.004955401387512388,0.0,0.9558448863636364,0.7807528409090909,0.977555681818182,0,1009.0
14,2,8,0,2,3.0,0.0028625954198473282,0.0,0.959408,0.7887599999999999,0.9514285714285714,0,1048.0
22,3,8,0,2,4.0,0.003972194637537239,0.10709635447710752,0.9592327485380115,0.7542111111111112,0.97113216374269,2,1007.0
6,2,8,0,3,2.0,0.0028653295128939827,0.0,0.97625197740113,0.6071683615819209,0.9534841807909604,0,698.0
14,2,8,0,3,2.0,0.0027247956403269754,0.0,0.9750948863636364,0.5983465909090909,0.9623090909090908,0,734.0
22,3,8,0,3,4.0,0.0051813471502590676,0.0,0.9761469273743016,0.5908648044692737,0.9510592178770948,0,772.0
6,2,8,0,3,2.0,0.0021436227224008574,0.10709635447710752,0.9577932203389832,0.7727412429378532,0.9548954802259888,1,933.0
14,2,8,0,3,3.0,0.002859866539561487,0.10709635447710752,0.9601118644067796,0.7691152542372881,0.9529186440677966,1,1049.0
22,3,8,0,3,5.0,0.00511770726714432,0.0,0.9582296511627908,0.8025308139534885,0.9455558139534884,0,977.0
6,2,8,0,3,6.0,0.005994005994005994,0.0,0.970548275862069,0.7340936781609195,0.969635632183908,0,1001.0
14,2,8,0,3,4.0,0.004119464469618949,0.0,0.9679265536723164,0.677564406779661,0.9646892655367232,0,971.0
22,3,8,0,3,5.0,0.005543237250554324,0.10709635447710752,0.9663485875706216,0.7424570621468926,0.9622666666666668,1,902.0
6,3,8,0,0,5.0,0.004995004995004995,0.0,0.9714869318181818,0.7811892045454545,0.9603221590909092,0,1001.0
14,3,8,0,0,3.0,0.0032502708559046588,0.0,0.9732103448275864,0.7720936781609196,0.9673367816091952,0,923.0
22,4,8,0,0,1.0,0.001006036217303823,0.0,0.9726114285714286,0.7704497142857143,0.9543937142857144,0,994.0
6,3,8,0,0,3.0,0.0036144578313253013,0.0,0.9579948863636364,0.6420017045454546,0.9496204545454544,0,830.0
14,3,8,0,0,2.0,0.0022988505747126436,0.0,0.9595845714285716,0.6536731428571428,0.9767611428571428,0,870.0
22,4,8,0,0,4.0,0.004489337822671156,0.10709635447710752,0.960858757062147,0.6334305084745763,0.9482943502824858,2,891.0
6,3,8,0,0,4.0,0.004201680672268907,0.0,0.9711568965517242,0.7715344827586208,0.9542132183908044,0,952.0
14,3,8,0,0,6.0,0.006430868167202572,0.0,0.9698011363636364,0.75509375,0.9680863636363636,0,933.0
22,4,8,0,0,4.0,0.004153686396677051,0.0,0.9699949438202248,0.7404140449438202,0.9610904494382022,0,963.0
6,3,8,0,1,3.0,0.004137931034482759,0.0,0.9694767045454546,0.7222562499999999,0.9522732954545454,0,725.0
14,3,8,0,1,5.0,0.0070028011204481795,0.0,0.970316384180791,0.7160909604519774,0.958379661016949,0,714.0
22,4,8,0,1,6.0,0.007731958762886598,0.10709635447710752,0.9707780898876404,0.6486887640449438,0.9695876404494382,1,776.0
6,3,8,0,1,4.0,0.0056657223796034,0.0,0.9605514124293784,0.6269536723163842,0.9538604519774012,0,706.0
14,3,8,0,1,2.0,0.002688172043010753,0.0,0.961474431818182,0.6564625000000001,0.9428977272727272,0,744.0
22,4,8,0,1,8.0,0.0111731843575419,0.0,0.9596569832402236,0.6435245810055866,0.9638513966480448,0,716.0
6,3,8,0,1,5.0,0.005820721769499418,0.07798611372709274,0.965764,0.7633297142857142,0.9598091428571428,1,859.0
14,3,8,0,1,2.0,0.002008032128514056,0.06885416805744171,0.961093220338983,0.7580553672316385,0.9796604519774011,1,996.0
22,4,8,0,1,3.0,0.0028846153846153848,0.0,0.95955530726257,0.7858726256983241,0.97316312849162,0,1040.0
6,3,8,0,2,4.0,0.004530011325028313,0.0,0.9684011363636364,0.7713215909090909,0.9683693181818182,0,883.0
14,3,8,0,2,6.0,0.0064516129032258064,0.0,0.9675180790960451,0.7758463276836158,0.9586621468926554,0,930.0
22,4,8,0,2,6.0,0.007380073800738007,0.0,0.9660954545454546,0.7738732954545454,0.9695846590909092,0,813.0
6,3,8,0,2,5.0,0.005649717514124294,0.0,0.9734926553672316,0.6269056497175142,0.955367231638418,0,885.0
14,3,8,0,2,2.0,0.0026595744680851063,0.0,0.9717162921348316,0.6548410112359551,0.9551494382022472,0,752.0
22,4,8,0,2,4.0,0.0061068702290076335,0.0,0.9691514450867053,0.6074329479768786,0.9537063583815028,0,655.0
6,3,8,0,2,4.0,0.004259850905218318,0.10709635447710752,0.9558448863636364,0.7807528409090909,0.977555681818182,2,939.0
14,3,8,0,2,3.0,0.002944062806673209,0.10709635447710752,0.959408,0.7887599999999999,0.9514285714285714,2,1019.0
22,4,8,0,2,5.0,0.004761904761904762,0.0,0.9592327485380115,0.7542111111111112,0.97113216374269,0,1050.0
6,3,8,0,3,5.0,0.006954102920723227,0.0,0.97625197740113,0.6071683615819209,0.9534841807909604,0,719.0
14,3,8,0,3,6.0,0.007802340702210663,0.0,0.9750948863636364,0.5983465909090909,0.9623090909090908,0,769.0
22,4,8,0,3,3.0,0.0038022813688212928,0.0,0.9761469273743016,0.5908648044692737,0.9510592178770948,0,789.0
6,3,8,0,3,6.0,0.0057251908396946565,0.0,0.9577932203389832,0.7727412429378532,0.9548954802259888,0,1048.0
14,3,8,0,3,2.0,0.0019083969465648854,0.0,0.9601118644067796,0.7691152542372881,0.9529186440677966,0,1048.0
22,4,8,0,3,3.0,0.0029154518950437317,0.0,0.9582296511627908,0.8025308139534885,0.9455558139534884,0,1029.0
6,3,8,0,3,4.0,0.004250797024442083,0.10709635447710752,0.970548275862069,0.7340936781609195,0.969635632183908,1,941.0
14,3,8,0,3,3.0,0.003424657534246575,0.07597222179174423,0.9679265536723164,0.677564406779661,0.9646892655367232,1,876.0
22,4,8,0,3,2.0,0.002296211251435132,0.0,0.9663485875706216,0.7424570621468926,0.9622666666666668,0,871.0
6,4,8,0,0,2.0,0.002136752136752137,0.0,0.9714869318181818,0.7811892045454545,0.9603221590909092,0,936.0
14,4,8,0,0,2.0,0.0019047619047619048,0.0,0.9732103448275864,0.7720936781609196,0.9673367816091952,0,1050.0
22,5,8,1,0,7.0,0.006666666666666667,0.0,0.9726114285714286,0.7704497142857143,0.9543937142857144,0,1050.0
6,4,8,0,0,2.0,0.0023014959723820483,0.10709635447710752,0.9579948863636364,0.6420017045454546,0.9496204545454544,2,869.0
14,4,8,0,0,3.0,0.004285714285714286,0.10709635447710752,0.9595845714285716,0.6536731428571428,0.9767611428571428,2,700.0
22,5,8,1,0,3.0,0.004524886877828055,0.0,0.960858757062147,0.6334305084745763,0.9482943502824858,0,663.0
6,4,8,0,0,4.0,0.004333694474539545,0.0,0.9711568965517242,0.7715344827586208,0.9542132183908044,0,923.0
14,4,8,0,0,5.0,0.00496031746031746,0.0,0.9698011363636364,0.75509375,0.9680863636363636,0,1008.0
22,5,8,1,0,2.0,0.0019723865877712033,0.09899305552244186,0.9699949438202248,0.7404140449438202,0.9610904494382022,2,1014.0
6,4,8,0,1,3.0,0.00390625,0.10709635447710752,0.9694767045454546,0.7222562499999999,0.9522732954545454,1,768.0
14,4,8,0,1,5.0,0.005841121495327103,0.10709635447710752,0.970316384180791,0.7160909604519774,0.958379661016949,1,856.0
22,5,8,1,1,5.0,0.006082725060827251,0.0,0.9707780898876404,0.6486887640449438,0.9695876404494382,0,822.0
6,4,8,0,1,4.0,0.006144393241167435,0.0,0.9605514124293784,0.6269536723163842,0.9538604519774012,0,651.0
14,4,8,0,1,5.0,0.0066050198150594455,0.0,0.961474431818182,0.6564625000000001,0.9428977272727272,0,757.0
22,5,8,1,1,5.0,0.006305170239596469,0.10709635447710752,0.9596569832402236,0.6435245810055866,0.9638513966480448,1,793.0
6,4,8,0,1,6.0,0.005982053838484547,0.0,0.965764,0.7633297142857142,0.9598091428571428,0,1003.0
14,4,8,0,1,3.0,0.0033407572383073497,0.0,0.961093220338983,0.7580553672316385,0.9796604519774011,0,898.0
22,5,8,1,1,4.0,0.004352557127312296,0.09996527433395386,0.95955530726257,0.7858726256983241,0.97316312849162,1,919.0
6,4,8,0,2,5.0,0.005050505050505051,0.0,0.9684011363636364,0.7713215909090909,0.9683693181818182,0,990.0
14,4,8,0,2,4.0,0.004694835680751174,0.0,0.9675180790960451,0.7758463276836158,0.9586621468926554,0,852.0
22,5,8,1,2,3.0,0.002857142857142857,0.025798611342906952,0.9660954545454546,0.7738732954545454,0.9695846590909092,1,1050.0
6,4,8,0,2,6.0,0.00851063829787234,0.0,0.9734926553672316,0.6269056497175142,0.955367231638418,0,705.0
14,4,8,0,2,5.0,0.007530120481927711,0.0,0.9717162921348316,0.6548410112359551,0.9551494382022472,0,664.0
22,5,8,1,2,2.0,0.002751031636863824,0.015416666865348816,0.9691514450867053,0.6074329479768786,0.9537063583815028,1,727.0
6,4,8,0,2,2.0,0.0019047619047619048,0.0,0.9558448863636364,0.7807528409090909,0.977555681818182,0,1050.0
14,4,8,0,2,5.0,0.00484027105517909,0.0,0.959408,0.7887599999999999,0.9514285714285714,0,1033.0
22,5,8,1,2,4.0,0.0038095238095238095,0.0,0.9592327485380115,0.7542111111111112,0.97113216374269,0,1050.0
6,4,8,0,3,2.0,0.00267379679144385,0.0,0.97625197740113,0.6071683615819209,0.9534841807909604,0,748.0
14,4,8,0,3,3.0,0.005319148936170213,0.0,0.9750948863636364,0.5983465909090909,0.9623090909090908,0,564.0
22,5,8,1,3,4.0,0.005095541401273885,0.0,0.9761469273743016,0.5908648044692737,0.9510592178770948,0,785.0
6,4,8,0,3,3.0,0.0029154518950437317,0.0,0.9577932203389832,0.7727412429378532,0.9548954802259888,0,1029.0
14,4,8,0,3,1.0,0.0011655011655011655,0.0,0.9601118644067796,0.7691152542372881,0.9529186440677966,0,858.0
22,5,8,1,3,5.0,0.005060728744939271,0.0,0.9582296511627908,0.8025308139534885,0.9455558139534884,0,988.0
6,4,8,0,3,2.0,0.002061855670103093,0.0,0.970548275862069,0.7340936781609195,0.969635632183908,0,970.0
14,4,8,0,3,1.0,0.0011961722488038277,0.0,0.9679265536723164,0.677564406779661,0.9646892655367232,0,836.0
22,5,8,1,3,4.0,0.0038095238095238095,0.0,0.9663485875706216,0.7424570621468926,0.9622666666666668,0,1050.0
6,5,8,1,0,4.0,0.004214963119072708,0.0,0.9714869318181818,0.7811892045454545,0.9603221590909092,0,949.0
14,5,8,1,0,5.0,0.004784688995215311,0.0,0.9732103448275864,0.7720936781609196,0.9673367816091952,0,1045.0
22,6,8,1,0,3.0,0.002857142857142857,0.062013890594244,0.9726114285714286,0.7704497142857143,0.9543937142857144,1,1050.0
6,5,8,1,0,3.0,0.00423728813559322,0.0,0.9579948863636364,0.6420017045454546,0.9496204545454544,0,708.0
14,5,8,1,0,5.0,0.0074962518740629685,0.0,0.9595845714285716,0.6536731428571428,0.9767611428571428,0,667.0
22,6,8,1,0,5.0,0.006535947712418301,0.0,0.960858757062147,0.6334305084745763,0.9482943502824858,0,765.0
6,5,8,1,0,5.0,0.005952380952380952,0.08663194626569748,0.9711568965517242,0.7715344827586208,0.9542132183908044,2,840.0
14,5,8,1,0,5.0,0.00563063063063063,0.1046527773141861,0.9698011363636364,0.75509375,0.9680863636363636,2,888.0
22,6,8,1,0,4.0,0.004608294930875576,0.0,0.9699949438202248,0.7404140449438202,0.9610904494382022,0,868.0
6,5,8,1,1,4.0,0.003925417075564278,0.0,0.9694767045454546,0.7222562499999999,0.9522732954545454,0,1019.0
14,5,8,1,1,5.0,0.0059382422802850355,0.0,0.970316384180791,0.7160909604519774,0.958379661016949,0,842.0
22,6,8,1,1,4.0,0.0044943820224719105,0.06041666492819786,0.9707780898876404,0.6486887640449438,0.9695876404494382,1,890.0
6,5,8,1,1,5.0,0.00646830530401035,0.10709635447710752,0.9605514124293784,0.6269536723163842,0.9538604519774012,1,773.0
14,5,8,1,1,4.0,0.005242463958060288,0.10709635447710752,0.961474431818182,0.6564625000000001,0.9428977272727272,1,763.0
22,6,8,1,1,4.0,0.005412719891745603,0.10709635447710752,0.9596569832402236,0.6435245810055866,0.9638513966480448,1,739.0
6,5,8,1,1,2.0,0.0020898641588296763,0.10709635447710752,0.965764,0.7633297142857142,0.9598091428571428,1,957.0
14,5,8,1,1,4.0,0.003968253968253968,0.10709635447710752,0.961093220338983,0.7580553672316385,0.9796604519774011,1,1008.0
22,6,8,1,1,2.0,0.0022624434389140274,0.0,0.95955530726257,0.7858726256983241,0.97316312849162,0,884.0
6,5,8,1,2,5.0,0.004878048780487805,0.013749999925494194,0.9684011363636364,0.7713215909090909,0.9683693181818182,1,1025.0
14,5,8,1,2,3.0,0.0033975084937712344,0.01857638917863369,0.9675180790960451,0.7758463276836158,0.9586621468926554,1,883.0
22,6,8,1,2,4.0,0.003996003996003996,0.031736109405756,0.9660954545454546,0.7738732954545454,0.9695846590909092,1,1001.0
6,5,8,1,2,5.0,0.006435006435006435,0.013854166492819786,0.9734926553672316,0.6269056497175142,0.955367231638418,1,777.0
14,5,8,1,2,5.0,0.007633587786259542,0.03281249850988388,0.9717162921348316,0.6548410112359551,0.9551494382022472,1,655.0
22,6,8,1,2,4.0,0.005249343832020997,0.0,0.9691514450867053,0.6074329479768786,0.9537063583815028,0,762.0
6,5,8,1,2,4.0,0.0038095238095238095,0.0,0.9558448863636364,0.7807528409090909,0.977555681818182,0,1050.0
14,5,8,1,2,5.0,0.004761904761904762,0.0,0.959408,0.7887599999999999,0.9514285714285714,0,1050.0
22,6,8,1,2,3.0,0.0031914893617021275,0.10709635447710752,0.9592327485380115,0.7542111111111112,0.97113216374269,2,940.0
6,5,8,1,3,2.0,0.0035971223021582736,0.0,0.97625197740113,0.6071683615819209,0.9534841807909604,0,556.0
14,5,8,1,3,2.0,0.003067484662576687,0.0,0.9750948863636364,0.5983465909090909,0.9623090909090908,0,652.0
22,6,8,1,3,5.0,0.008077544426494346,0.0,0.9761469273743016,0.5908648044692737,0.9510592178770948,0,619.0
6,5,8,1,3,3.0,0.0031545741324921135,0.0,0.9577932203389832,0.7727412429378532,0.9548954802259888,0,951.0
22,6,8,1,3,3.0,0.003260869565217391,0.10709635447710752,0.9582296511627908,0.8025308139534885,0.9455558139534884,2,920.0
6,5,8,1,3,5.0,0.005035246727089627,0.0,0.970548275862069,0.7340936781609195,0.969635632183908,0,993.0
14,5,8,1,3,2.0,0.0024783147459727386,0.0,0.9679265536723164,0.677564406779661,0.9646892655367232,0,807.0
22,6,8,1,3,5.0,0.005506607929515419,0.10709635447710752,0.9663485875706216,0.7424570621468926,0.9622666666666668,2,908.0
6,6,8,1,0,3.0,0.0029791459781529296,0.026493055745959282,0.9714869318181818,0.7811892045454545,0.9603221590909092,1,1007.0
14,6,8,1,0,2.0,0.0019047619047619048,0.06270833313465118,0.9732103448275864,0.7720936781609196,0.9673367816091952,1,1050.0
22,0,9,0,0,3.0,0.003089598352214212,0.0,0.9726114285714286,0.7704497142857143,0.9543937142857144,0,971.0
6,6,8,1,0,3.0,0.0056179775280898875,0.0,0.9579948863636364,0.6420017045454546,0.9496204545454544,0,534.0
14,6,8,1,0,2.0,0.003236245954692557,0.0,0.9595845714285716,0.6536731428571428,0.9767611428571428,0,618.0
22,0,9,0,0,5.0,0.006369426751592357,0.01996527798473835,0.960858757062147,0.6334305084745763,0.9482943502824858,1,785.0
6,6,8,1,0,4.0,0.005037783375314861,0.0,0.9711568965517242,0.7715344827586208,0.9542132183908044,0,794.0
14,6,8,1,0,6.0,0.005802707930367505,0.0,0.9698011363636364,0.75509375,0.9680863636363636,0,1034.0
22,0,9,0,0,4.0,0.004509582863585118,0.0,0.9699949438202248,0.7404140449438202,0.9610904494382022,0,887.0
6,6,8,1,1,2.0,0.0023391812865497076,0.0329861119389534,0.9694767045454546,0.7222562499999999,0.9522732954545454,1,855.0
22,0,9,0,1,4.0,0.005412719891745603,0.0,0.9707780898876404,0.6486887640449438,0.9695876404494382,0,739.0
6,6,8,1,1,3.0,0.003865979381443299,0.10709635447710752,0.9605514124293784,0.6269536723163842,0.9538604519774012,1,776.0
14,6,8,1,1,2.0,0.0035026269702276708,0.10709635447710752,0.961474431818182,0.6564625000000001,0.9428977272727272,1,571.0
22,0,9,0,1,4.0,0.0061162079510703364,0.0,0.9596569832402236,0.6435245810055866,0.9638513966480448,0,654.0
6,6,8,1,1,2.0,0.0022650056625141564,0.0,0.965764,0.7633297142857142,0.9598091428571428,0,883.0
14,6,8,1,1,6.0,0.006060606060606061,0.0,0.961093220338983,0.7580553672316385,0.9796604519774011,0,990.0
22,0,9,0,1,4.0,0.004223864836325237,0.0,0.95955530726257,0.7858726256983241,0.97316312849162,0,947.0
6,6,8,1,2,6.0,0.005714285714285714,0.05718750134110451,0.9684011363636364,0.7713215909090909,0.9683693181818182,1,1050.0
22,0,9,0,2,3.0,0.002857142857142857,0.0,0.9660954545454546,0.7738732954545454,0.9695846590909092,0,1050.0
6,6,8,1,2,5.0,0.006729475100942127,0.0,0.9734926553672316,0.6269056497175142,0.955367231638418,0,743.0
14,6,8,1,2,6.0,0.008595988538681949,0.0,0.9717162921348316,0.6548410112359551,0.9551494382022472,0,698.0
22,0,9,0,2,5.0,0.006720430107526882,0.0,0.9691514450867053,0.6074329479768786,0.9537063583815028,0,744.0
6,6,8,1,2,3.0,0.002857142857142857,0.10709635447710752,0.9558448863636364,0.7807528409090909,0.977555681818182,2,1050.0
14,6,8,1,2,4.0,0.0038684719535783366,0.10618055611848831,0.959408,0.7887599999999999,0.9514285714285714,2,1034.0
22,0,9,0,2,5.0,0.005567928730512249,0.0,0.9592327485380115,0.7542111111111112,0.97113216374269,0,898.0
6,6,8,1,3,3.0,0.004178272980501393,0.0,0.97625197740113,0.6071683615819209,0.9534841807909604,0,718.0
14,6,8,1,3,3.0,0.0041265474552957355,0.0,0.9750948863636364,0.5983465909090909,0.9623090909090908,0,727.0
22,0,9,0,3,6.0,0.011131725417439703,0.0,0.9761469273743016,0.5908648044692737,0.9510592178770948,0,539.0
14,6,8,1,3,5.0,0.004945598417408506,0.10709635447710752,0.9601118644067796,0.7691152542372881,0.9529186440677966,2,1011.0
22,0,9,0,3,5.0,0.0053475935828877,0.10709635447710752,0.9582296511627908,0.8025308139534885,0.9455558139534884,2,935.0
22,0,9,0,3,5.0,0.005945303210463734,0.0,0.9663485875706216,0.7424570621468926,0.9622666666666668,0,841.0
6,0,9,0,0,4.0,0.0038095238095238095,0.0,0.9714869318181818,0.7811892045454545,0.9603221590909092,0,1050.0
14,0,9,0,0,2.0,0.00196078431372549,0.0,0.9732103448275864,0.7720936781609196,0.9673367816091952,0,1020.0
22,1,9,0,0,3.0,0.002857142857142857,0.08954861015081406,0.9726114285714286,0.7704497142857143,0.9543937142857144,2,1050.0
6,0,9,0,0,5.0,0.005875440658049354,0.0355902761220932,0.9579948863636364,0.6420017045454546,0.9496204545454544,1,851.0
14,0,9,0,0,5.0,0.005707762557077625,0.02458333410322666,0.9595845714285716,0.6536731428571428,0.9767611428571428,1,876.0
22,1,9,0,0,3.0,0.004457652303120356,0.0,0.960858757062147,0.6334305084745763,0.9482943502824858,0,673.0
6,0,9,0,0,2.0,0.0019474196689386564,0.0,0.9711568965517242,0.7715344827586208,0.9542132183908044,0,1027.0
14,0,9,0,0,5.0,0.0049261083743842365,0.0,0.9698011363636364,0.75509375,0.9680863636363636,0,1015.0
22,1,9,0,0,2.0,0.0027397260273972603,0.0,0.9699949438202248,0.7404140449438202,0.9610904494382022,0,730.0
6,0,9,0,1,6.0,0.006600660066006601,0.0,0.9694767045454546,0.7222562499999999,0.9522732954545454,0,909.0
14,0,9,0,1,2.0,0.002188183807439825,0.0,0.970316384180791,0.7160909604519774,0.958379661016949,0,914.0
22,1,9,0,1,3.0,0.00390625,0.07270833104848862,0.9707780898876404,0.6486887640449438,0.9695876404494382,1,768.0
6,0,9,0,1,3.0,0.005226480836236934,0.0,0.9605514124293784,0.6269536723163842,0.9538604519774012,0,574.0
14,0,9,0,1,2.0,0.0029411764705882353,0.0,0.961474431818182,0.6564625000000001,0.9428977272727272,0,680.0
22,1,9,0,1,2.0,0.0034542314335060447,0.10709635447710752,0.9596569832402236,0.6435245810055866,0.9638513966480448,2,579.0
6,0,9,0,1,2.0,0.0022172949002217295,0.0,0.965764,0.7633297142857142,0.9598091428571428,0,902.0
14,0,9,0,1,5.0,0.004761904761904762,0.0,0.961093220338983,0.7580553672316385,0.9796604519774011,0,1050.0
22,1,9,0,1,3.0,0.002973240832507433,0.0,0.95955530726257,0.7858726256983241,0.97316312849162,0,1009.0
6,0,9,0,2,3.0,0.0031088082901554403,0.0,0.9684011363636364,0.7713215909090909,0.9683693181818182,0,965.0
14,0,9,0,2,5.0,0.005149330587023687,0.0,0.9675180790960451,0.7758463276836158,0.9586621468926554,0,971.0
22,1,9,0,2,1.0,0.000968054211035818,0.0,0.9660954545454546,0.7738732954545454,0.9695846590909092,0,1033.0
6,0,9,0,2,5.0,0.006657789613848202,0.0,0.9734926553672316,0.6269056497175142,0.955367231638418,0,751.0
14,0,9,0,2,4.0,0.004956629491945477,0.0,0.9717162921348316,0.6548410112359551,0.9551494382022472,0,807.0
22,1,9,0,2,2.0,0.0033112582781456954,0.0,0.9691514450867053,0.6074329479768786,0.9537063583815028,0,604.0
6,0,9,0,2,6.0,0.007894736842105263,0.0,0.9558448863636364,0.7807528409090909,0.977555681818182,0,760.0
14,0,9,0,2,2.0,0.0019230769230769232,0.0,0.959408,0.7887599999999999,0.9514285714285714,0,1040.0
22,1,9,0,2,2.0,0.0023014959723820483,0.0,0.9592327485380115,0.7542111111111112,0.97113216374269,0,869.0
6,0,9,0,3,2.0,0.0029542097488921715,0.0,0.97625197740113,0.6071683615819209,0.9534841807909604,0,677.0
14,0,9,0,3,3.0,0.004347826086956522,0.0,0.9750948863636364,0.5983465909090909,0.9623090909090908,0,690.0
22,1,9,0,3,4.0,0.0061162079510703364,0.0,0.9761469273743016,0.5908648044692737,0.9510592178770948,0,654.0
6,0,9,0,3,6.0,0.006756756756756757,0.10709635447710752,0.9577932203389832,0.7727412429378532,0.9548954802259888,2,888.0
14,0,9,0,3,5.0,0.006297229219143577,0.10709635447710752,0.9601118644067796,0.7691152542372881,0.9529186440677966,2,794.0
22,1,9,0,3,5.0,0.0048828125,0.07781250029802322,0.9582296511627908,0.8025308139534885,0.9455558139534884,1,1024.0
6,0,9,0,3,3.0,0.0028735632183908046,0.0,0.970548275862069,0.7340936781609195,0.969635632183908,0,1044.0
14,0,9,0,3,4.0,0.00423728813559322,0.0,0.9679265536723164,0.677564406779661,0.9646892655367232,0,944.0
22,1,9,0,3,5.0,0.005506607929515419,0.10709635447710752,0.9663485875706216,0.7424570621468926,0.9622666666666668,2,908.0
6,1,9,0,0,3.0,0.002982107355864811,0.10709635447710752,0.9714869318181818,0.7811892045454545,0.9603221590909092,2,1006.0
14,1,9,0,0,2.0,0.0022701475595913734,0.10709635447710752,0.9732103448275864,0.7720936781609196,0.9673367816091952,2,881.0
22,2,9,0,0,0.0,0.0,0.0,0.9726114285714286,0.7704497142857143,0.9543937142857144,0,1050.0
6,1,9,0,0,5.0,0.006775067750677507,0.0,0.9579948863636364,0.6420017045454546,0.9496204545454544,0,738.0
14,1,9,0,0,3.0,0.0037128712871287127,0.0,0.9595845714285716,0.6536731428571428,0.9767611428571428,0,808.0
22,2,9,0,0,4.0,0.0053404539385847796,0.08937499672174454,0.960858757062147,0.6334305084745763,0.9482943502824858,1,749.0
6,1,9,0,0,4.0,0.004036326942482341,0.0,0.9711568965517242,0.7715344827586208,0.9542132183908044,0,991.0
14,1,9,0,0,2.0,0.001932367149758454,0.0,0.9698011363636364,0.75509375,0.9680863636363636,0,1035.0
22,2,9,0,0,4.0,0.004449388209121246,0.0,0.9699949438202248,0.7404140449438202,0.9610904494382022,0,899.0
6,1,9,0,1,6.0,0.006880733944954129,0.0785069465637207,0.9694767045454546,0.7222562499999999,0.9522732954545454,1,872.0
14,1,9,0,1,2.0,0.0022002200220022,0.05062500014901161,0.970316384180791,0.7160909604519774,0.958379661016949,1,909.0
22,2,9,0,1,5.0,0.00641025641025641,0.0,0.9707780898876404,0.6486887640449438,0.9695876404494382,0,780.0
6,1,9,0,1,5.0,0.007342143906020558,0.10709635447710752,0.9605514124293784,0.6269536723163842,0.9538604519774012,2,681.0
14,1,9,0,1,5.0,0.005875440658049354,0.10709635447710752,0.961474431818182,0.6564625000000001,0.9428977272727272,2,851.0
22,2,9,0,1,2.0,0.002621231979030144,0.0,0.9596569832402236,0.6435245810055866,0.9638513966480448,0,763.0
6,1,9,0,1,6.0,0.005714285714285714,0.0,0.965764,0.7633297142857142,0.9598091428571428,0,1050.0
14,1,9,0,1,5.0,0.004761904761904762,0.0,0.961093220338983,0.7580553672316385,0.9796604519774011,0,1050.0
22,2,9,0,1,2.0,0.001998001998001998,0.10709635447710752,0.95955530726257,0.7858726256983241,0.97316312849162,1,1001.0
6,1,9,0,2,6.0,0.005714285714285714,0.0,0.9684011363636364,0.7713215909090909,0.9683693181818182,0,1050.0
14,1,9,0,2,2.0,0.002066115702479339,0.0,0.9675180790960451,0.7758463276836158,0.9586621468926554,0,968.0
22,2,9,0,2,4.0,0.004314994606256742,0.0,0.9660954545454546,0.7738732954545454,0.9695846590909092,0,927.0
6,1,9,0,2,5.0,0.006666666666666667,0.0,0.9734926553672316,0.6269056497175142,0.955367231638418,0,750.0
14,1,9,0,2,5.0,0.006402048655569782,0.0,0.9717162921348316,0.6548410112359551,0.9551494382022472,0,781.0
22,2,9,0,2,4.0,0.005502063273727648,0.0,0.9691514450867053,0.6074329479768786,0.9537063583815028,0,727.0
6,1,9,0,2,5.0,0.005065856129685917,0.0,0.9558448863636364,0.7807528409090909,0.977555681818182,0,987.0
14,1,9,0,2,4.0,0.004250797024442083,0.0,0.959408,0.7887599999999999,0.9514285714285714,0,941.0
22,2,9,0,2,0.0,0.0,0.06503472477197647,0.9592327485380115,0.7542111111111112,0.97113216374269,1,970.0
6,1,9,0,3,2.0,0.002728512960436562,0.0,0.97625197740113,0.6071683615819209,0.9534841807909604,0,733.0
14,1,9,0,3,3.0,0.004132231404958678,0.0,0.9750948863636364,0.5983465909090909,0.9623090909090908,0,726.0
22,2,9,0,3,3.0,0.006036217303822937,0.0,0.9761469273743016,0.5908648044692737,0.9510592178770948,0,497.0
6,1,9,0,3,3.0,0.003260869565217391,0.09527777880430222,0.9577932203389832,0.7727412429378532,0.9548954802259888,1,920.0
14,1,9,0,3,2.0,0.0019047619047619048,0.05378472059965134,0.9601118644067796,0.7691152542372881,0.9529186440677966,1,1050.0
22,2,9,0,3,1.0,0.0009523809523809524,0.0,0.9582296511627908,0.8025308139534885,0.9455558139534884,0,1050.0
6,1,9,0,3,4.0,0.004640371229698376,0.10709635447710752,0.970548275862069,0.7340936781609195,0.969635632183908,2,862.0
14,1,9,0,3,3.0,0.0029644268774703555,0.10709635447710752,0.9679265536723164,0.677564406779661,0.9646892655367232,2,1012.0
22,2,9,0,3,5.0,0.00576036866359447,0.0,0.9663485875706216,0.7424570621468926,0.9622666666666668,0,868.0
6,2,9,0,0,4.0,0.0038095238095238095,0.0,0.9714869318181818,0.7811892045454545,0.9603221590909092,0,1050.0
14,2,9,0,0,2.0,0.002026342451874367,0.0,0.9732103448275864,0.7720936781609196,0.9673367816091952,0,987.0
22,3,9,0,0,3.0,0.002857142857142857,0.0,0.9726114285714286,0.7704497142857143,0.9543937142857144,0,1050.0
6,2,9,0,0,4.0,0.005277044854881266,0.10709635447710752,0.9579948863636364,0.6420017045454546,0.9496204545454544,1,758.0
14,2,9,0,0,5.0,0.006944444444444444,0.08107639104127884,0.9595845714285716,0.6536731428571428,0.9767611428571428,1,720.0
22,3,9,0,0,4.0,0.005121638924455826,0.10709635447710752,0.960858757062147,0.6334305084745763,0.9482943502824858,1,781.0
6,2,9,0,0,5.0,0.005387931034482759,0.0,0.9711568965517242,0.7715344827586208,0.9542132183908044,0,928.0
14,2,9,0,0,3.0,0.002857142857142857,0.0,0.9698011363636364,0.75509375,0.9680863636363636,0,1050.0
22,3,9,0,0,8.0,0.007782101167315175,0.0,0.9699949438202248,0.7404140449438202,0.9610904494382022,0,1028.0
6,2,9,0,1,6.0,0.007272727272727273,0.0,0.9694767045454546,0.7222562499999999,0.9522732954545454,0,825.0
14,2,9,0,1,3.0,0.0031847133757961785,0.0,0.970316384180791,0.7160909604519774,0.958379661016949,0,942.0
22,3,9,0,1,4.0,0.004291845493562232,0.0,0.9707780898876404,0.6486887640449438,0.9695876404494382,0,932.0
6,2,9,0,1,1.0,0.001692047377326565,0.0,0.9605514124293784,0.6269536723163842,0.9538604519774012,0,591.0
14,2,9,0,1,4.0,0.005263157894736842,0.0,0.961474431818182,0.6564625000000001,0.9428977272727272,0,760.0
22,3,9,0,1,4.0,0.005361930294906166,0.0,0.9596569832402236,0.6435245810055866,0.9638513966480448,0,746.0
6,2,9,0,1,5.0,0.00580046403712297,0.10709635447710752,0.965764,0.7633297142857142,0.9598091428571428,1,862.0
14,2,9,0,1,4.0,0.003872216844143272,0.10709635447710752,0.961093220338983,0.7580553672316385,0.9796604519774011,1,1033.0
22,3,9,0,1,4.0,0.004728132387706856,0.10709635447710752,0.95955530726257,0.7858726256983241,0.97316312849162,1,846.0
6,2,9,0,2,4.0,0.004739336492890996,0.0,0.9684011363636364,0.7713215909090909,0.9683693181818182,0,844.0
14,2,9,0,2,3.0,0.0029910269192422734,0.0,0.9675180790960451,0.7758463276836158,0.9586621468926554,0,1003.0
22,3,9,0,2,2.0,0.0019047619047619048,0.0,0.9660954545454546,0.7738732954545454,0.9695846590909092,0,1050.0
6,2,9,0,2,5.0,0.0067842605156037995,0.0,0.9734926553672316,0.6269056497175142,0.955367231638418,0,737.0
14,2,9,0,2,3.0,0.003931847968545216,0.0,0.9717162921348316,0.6548410112359551,0.9551494382022472,0,763.0
22,3,9,0,2,5.0,0.006195786864931847,0.0928819477558136,0.9691514450867053,0.6074329479768786,0.9537063583815028,1,807.0
6,2,9,0,2,4.0,0.004305705059203444,0.05093749985098839,0.9558448863636364,0.7807528409090909,0.977555681818182,1,929.0
14,2,9,0,2,3.0,0.002976190476190476,0.10506944358348846,0.959408,0.7887599999999999,0.9514285714285714,1,1008.0
22,3,9,0,2,3.0,0.003293084522502744,0.0751388892531395,0.9592327485380115,0.7542111111111112,0.97113216374269,1,911.0
6,2,9,0,3,2.0,0.002898550724637681,0.0,0.97625197740113,0.6071683615819209,0.9534841807909604,0,690.0
14,2,9,0,3,4.0,0.0048367593712212815,0.0,0.9750948863636364,0.5983465909090909,0.9623090909090908,0,827.0
22,3,9,0,3,6.0,0.008,0.0,0.9761469273743016,0.5908648044692737,0.9510592178770948,0,750.0
6,2,9,0,3,6.0,0.005714285714285714,0.0,0.9577932203389832,0.7727412429378532,0.9548954802259888,0,1050.0
14,2,9,0,3,4.0,0.003992015968063872,0.0,0.9601118644067796,0.7691152542372881,0.9529186440677966,0,1002.0
22,3,9,0,3,8.0,0.008528784648187633,0.07482638955116272,0.9582296511627908,0.8025308139534885,0.9455558139534884,1,938.0
6,2,9,0,3,4.0,0.0047789725209080045,0.0,0.970548275862069,0.7340936781609195,0.969635632183908,0,837.0
14,2,9,0,3,2.0,0.002028397565922921,0.0,0.9679265536723164,0.677564406779661,0.9646892655367232,0,986.0
22,3,9,0,3,3.0,0.0034602076124567475,0.0,0.9663485875706216,0.7424570621468926,0.9622666666666668,0,867.0
6,3,9,0,0,3.0,0.0028873917228103944,0.0,0.9714869318181818,0.7811892045454545,0.9603221590909092,0,1039.0
14,3,9,0,0,3.0,0.002898550724637681,0.0,0.9732103448275864,0.7720936781609196,0.9673367816091952,0,1035.0
22,4,9,0,0,7.0,0.00760043431053203,0.0,0.9726114285714286,0.7704497142857143,0.9543937142857144,0,921.0
6,3,9,0,0,2.0,0.002635046113306983,0.10709635447710752,0.9579948863636364,0.6420017045454546,0.9496204545454544,1,759.0
14,3,9,0,0,2.0,0.0024271844660194173,0.10709635447710752,0.9595845714285716,0.6536731428571428,0.9767611428571428,1,824.0
22,4,9,0,0,7.0,0.008760951188986232,0.0,0.960858757062147,0.6334305084745763,0.9482943502824858,0,799.0
6,3,9,0,0,5.0,0.004887585532746823,0.0,0.9711568965517242,0.7715344827586208,0.9542132183908044,0,1023.0
14,3,9,0,0,5.0,0.004761904761904762,0.0,0.9698011363636364,0.75509375,0.9680863636363636,0,1050.0
22,4,9,0,0,3.0,0.0035252643948296123,0.0,0.9699949438202248,0.7404140449438202,0.9610904494382022,0,851.0
6,3,9,0,1,5.0,0.005025125628140704,0.0,0.9694767045454546,0.7222562499999999,0.9522732954545454,0,995.0
14,3,9,0,1,2.0,0.00243605359317905,0.0,0.970316384180791,0.7160909604519774,0.958379661016949,0,821.0
22,4,9,0,1,4.0,0.004056795131845842,0.0,0.9707780898876404,0.6486887640449438,0.9695876404494382,0,986.0
6,3,9,0,1,2.0,0.002628120893561104,0.0,0.9605514124293784,0.6269536723163842,0.9538604519774012,0,761.0
14,3,9,0,1,2.0,0.0026845637583892616,0.0,0.961474431818182,0.6564625000000001,0.9428977272727272,0,745.0
22,4,9,0,1,5.0,0.00639386189258312,0.0,0.9596569832402236,0.6435245810055866,0.9638513966480448,0,782.0
6,3,9,0,1,2.0,0.0019940179461615153,0.10709635447710752,0.965764,0.7633297142857142,0.9598091428571428,1,1003.0
14,3,9,0,1,3.0,0.003386004514672686,0.10709635447710752,0.961093220338983,0.7580553672316385,0.9796604519774011,1,886.0
22,4,9,0,1,4.0,0.0038095238095238095,0.013298611156642437,0.95955530726257,0.7858726256983241,0.97316312849162,1,1050.0
6,3,9,0,2,6.0,0.006659267480577136,0.0,0.9684011363636364,0.7713215909090909,0.9683693181818182,0,901.0
14,3,9,0,2,4.0,0.005076142131979695,0.0,0.9675180790960451,0.7758463276836158,0.9586621468926554,0,788.0
22,4,9,0,2,3.0,0.0031413612565445027,0.0,0.9660954545454546,0.7738732954545454,0.9695846590909092,0,955.0
6,3,9,0,2,5.0,0.007692307692307693,0.06444444507360458,0.9734926553672316,0.6269056497175142,0.955367231638418,1,650.0
14,3,9,0,2,2.0,0.0032733224222585926,0.09090277552604675,0.9717162921348316,0.6548410112359551,0.9551494382022472,1,611.0
22,4,9,0,2,3.0,0.0043859649122807015,0.05697916820645332,0.9691514450867053,0.6074329479768786,0.9537063583815028,1,684.0
6,3,9,0,2,2.0,0.00211864406779661,0.10709635447710752,0.9558448863636364,0.7807528409090909,0.977555681818182,1,944.0
14,3,9,0,2,2.0,0.0020942408376963353,0.055763889104127884,0.959408,0.7887599999999999,0.9514285714285714,1,955.0
22,4,9,0,2,6.0,0.005714285714285714,0.0,0.9592327485380115,0.7542111111111112,0.97113216374269,0,1050.0
6,3,9,0,3,2.0,0.0028530670470756064,0.0,0.97625197740113,0.6071683615819209,0.9534841807909604,0,701.0
14,3,9,0,3,5.0,0.00639386189258312,0.0,0.9750948863636364,0.5983465909090909,0.9623090909090908,0,782.0
22,4,9,0,3,3.0,0.004491017964071856,0.10709635447710752,0.9761469273743016,0.5908648044692737,0.9510592178770948,1,668.0
6,3,9,0,3,5.0,0.006060606060606061,0.0890277773141861,0.9577932203389832,0.7727412429378532,0.9548954802259888,1,825.0
14,3,9,0,3,2.0,0.0021231422505307855,0.10709635447710752,0.9601118644067796,0.7691152542372881,0.9529186440677966,1,942.0
22,4,9,0,3,1.0,0.0009861932938856016,0.0,0.9582296511627908,0.8025308139534885,0.9455558139534884,0,1014.0
6,3,9,0,3,6.0,0.007009345794392523,0.0,0.970548275862069,0.7340936781609195,0.969635632183908,0,856.0
14,3,9,0,3,4.0,0.005063291139240506,0.0,0.9679265536723164,0.677564406779661,0.9646892655367232,0,790.0
22,4,9,0,3,5.0,0.005065856129685917,0.03635416552424431,0.9663485875706216,0.7424570621468926,0.9622666666666668,1,987.0
6,4,9,0,0,3.0,0.00331858407079646,0.0,0.9714869318181818,0.7811892045454545,0.9603221590909092,0,904.0
14,4,9,0,0,4.0,0.004347826086956522,0.0,0.9732103448275864,0.7720936781609196,0.9673367816091952,0,920.0
22,5,9,1,0,2.0,0.0021231422505307855,0.07979166507720947,0.9726114285714286,0.7704497142857143,0.9543937142857144,1,942.0
6,4,9,0,0,5.0,0.00625,0.0,0.9579948863636364,0.6420017045454546,0.9496204545454544,0,800.0
14,4,9,0,0,3.0,0.0038860103626943004,0.0,0.9595845714285716,0.6536731428571428,0.9767611428571428,0,772.0
22,5,9,1,0,4.0,0.005405405405405406,0.0,0.960858757062147,0.6334305084745763,0.9482943502824858,0,740.0
6,4,9,0,0,3.0,0.0032858707557502738,0.0,0.9711568965517242,0.7715344827586208,0.9542132183908044,0,913.0
14,4,9,0,0,2.0,0.0020181634712411706,0.0,0.9698011363636364,0.75509375,0.9680863636363636,0,991.0
22,5,9,1,0,2.0,0.0019047619047619048,0.10709635447710752,0.9699949438202248,0.7404140449438202,0.9610904494382022,2,1050.0
6,4,9,0,1,6.0,0.007075471698113208,0.0,0.9694767045454546,0.7222562499999999,0.9522732954545454,0,848.0
14,4,9,0,1,6.0,0.007168458781362007,0.0,0.970316384180791,0.7160909604519774,0.958379661016949,0,837.0
22,5,9,1,1,7.0,0.0071794871794871795,0.0,0.9707780898876404,0.6486887640449438,0.9695876404494382,0,975.0
6,4,9,0,1,5.0,0.006361323155216285,0.0,0.9605514124293784,0.6269536723163842,0.9538604519774012,0,786.0
14,4,9,0,1,2.0,0.002793296089385475,0.0,0.961474431818182,0.6564625000000001,0.9428977272727272,0,716.0
22,5,9,1,1,1.0,0.001287001287001287,0.10709635447710752,0.9596569832402236,0.6435245810055866,0.9638513966480448,4,777.0
6,4,9,0,1,3.0,0.003215434083601286,0.010868055745959282,0.965764,0.7633297142857142,0.9598091428571428,1,933.0
14,4,9,0,1,3.0,0.0034802784222737818,0.008541666902601719,0.961093220338983,0.7580553672316385,0.9796604519774011,1,862.0
22,5,9,1,1,6.0,0.006423982869379015,0.10709635447710752,0.95955530726257,0.7858726256983241,0.97316312849162,1,934.0
6,4,9,0,2,2.0,0.002136752136752137,0.0,0.9684011363636364,0.7713215909090909,0.9683693181818182,0,936.0
14,4,9,0,2,4.0,0.004036326942482341,0.0,0.9675180790960451,0.7758463276836158,0.9586621468926554,0,991.0
22,5,9,1,2,5.0,0.005405405405405406,0.0,0.9660954545454546,0.7738732954545454,0.9695846590909092,0,925.0
6,4,9,0,2,4.0,0.005856515373352855,0.04850694537162781,0.9734926553672316,0.6269056497175142,0.955367231638418,1,683.0
14,4,9,0,2,5.0,0.006377551020408163,0.03031250089406967,0.9717162921348316,0.6548410112359551,0.9551494382022472,1,784.0
22,5,9,1,2,2.0,0.002881844380403458,0.0,0.9691514450867053,0.6074329479768786,0.9537063583815028,0,694.0
6,4,9,0,2,3.0,0.002857142857142857,0.0,0.9558448863636364,0.7807528409090909,0.977555681818182,0,1050.0
14,4,9,0,2,6.0,0.006423982869379015,0.0,0.959408,0.7887599999999999,0.9514285714285714,0,934.0
22,5,9,1,2,3.0,0.002857142857142857,0.0,0.9592327485380115,0.7542111111111112,0.97113216374269,0,1050.0
6,4,9,0,3,5.0,0.006561679790026247,0.10260416567325592,0.97625197740113,0.6071683615819209,0.9534841807909604,1,762.0
14,4,9,0,3,3.0,0.005263157894736842,0.09604166448116302,0.9750948863636364,0.5983465909090909,0.9623090909090908,1,570.0
22,5,9,1,3,2.0,0.0030911901081916537,0.021076388657093048,0.9761469273743016,0.5908648044692737,0.9510592178770948,1,647.0
6,4,9,0,3,5.0,0.004921259842519685,0.0,0.9577932203389832,0.7727412429378532,0.9548954802259888,0,1016.0
14,4,9,0,3,5.0,0.004906771344455349,0.0,0.9601118644067796,0.7691152542372881,0.9529186440677966,0,1019.0
22,5,9,1,3,8.0,0.008938547486033519,0.02916666679084301,0.9582296511627908,0.8025308139534885,0.9455558139534884,1,895.0
6,4,9,0,3,3.0,0.0034965034965034965,0.029583333060145378,0.970548275862069,0.7340936781609195,0.969635632183908,1,858.0
14,4,9,0,3,2.0,0.0026954177897574125,0.022847222164273262,0.9679265536723164,0.677564406779661,0.9646892655367232,1,742.0
22,5,9,1,3,3.0,0.003816793893129771,0.0,0.9663485875706216,0.7424570621468926,0.9622666666666668,0,786.0
6,5,9,1,0,2.0,0.0019588638589618022,0.10709635447710752,0.9714869318181818,0.7811892045454545,0.9603221590909092,1,1021.0
14,5,9,1,0,3.0,0.002857142857142857,0.08218750357627869,0.9732103448275864,0.7720936781609196,0.9673367816091952,1,1050.0
22,6,9,1,0,4.0,0.004158004158004158,0.0,0.9726114285714286,0.7704497142857143,0.9543937142857144,0,962.0
14,5,9,1,0,6.0,0.008379888268156424,0.0,0.9595845714285716,0.6536731428571428,0.9767611428571428,0,716.0
22,6,9,1,0,3.0,0.0036496350364963502,0.10709635447710752,0.960858757062147,0.6334305084745763,0.9482943502824858,1,822.0
14,5,9,1,0,4.0,0.003861003861003861,0.10709635447710752,0.9698011363636364,0.75509375,0.9680863636363636,2,1036.0
22,6,9,1,0,7.0,0.007575757575757576,0.0,0.9699949438202248,0.7404140449438202,0.9610904494382022,0,924.0
6,5,9,1,1,6.0,0.007389162561576354,0.0,0.9694767045454546,0.7222562499999999,0.9522732954545454,0,812.0
14,5,9,1,1,3.0,0.0037546933667083854,0.0,0.970316384180791,0.7160909604519774,0.958379661016949,0,799.0
22,6,9,1,1,1.0,0.000992063492063492,0.06875000149011612,0.9707780898876404,0.6486887640449438,0.9695876404494382,1,1008.0
14,5,9,1,1,2.0,0.002369668246445498,0.10709635447710752,0.961474431818182,0.6564625000000001,0.9428977272727272,4,844.0
22,6,9,1,1,6.0,0.009022556390977444,0.0,0.9596569832402236,0.6435245810055866,0.9638513966480448,0,665.0
6,5,9,1,1,6.0,0.006128702757916241,0.10709635447710752,0.965764,0.7633297142857142,0.9598091428571428,1,979.0
14,5,9,1,1,3.0,0.0035587188612099642,0.10709635447710752,0.961093220338983,0.7580553672316385,0.9796604519774011,1,843.0
22,6,9,1,1,6.0,0.005970149253731343,0.0,0.95955530726257,0.7858726256983241,0.97316312849162,0,1005.0
6,5,9,1,2,4.0,0.00425531914893617,0.0,0.9684011363636364,0.7713215909090909,0.9683693181818182,0,940.0
14,5,9,1,2,4.0,0.004449388209121246,0.0,0.9675180790960451,0.7758463276836158,0.9586621468926554,0,899.0
6,5,9,1,2,2.0,0.003129890453834116,0.0,0.9734926553672316,0.6269056497175142,0.955367231638418,0,639.0
14,5,9,1,2,3.0,0.004092769440654843,0.0,0.9717162921348316,0.6548410112359551,0.9551494382022472,0,733.0
6,5,9,1,2,6.0,0.006042296072507553,0.0,0.9558448863636364,0.7807528409090909,0.977555681818182,0,993.0
14,5,9,1,2,4.0,0.0038095238095238095,0.0,0.959408,0.7887599999999999,0.9514285714285714,0,1050.0
22,6,9,1,2,5.0,0.005252100840336135,0.10709635447710752,0.9592327485380115,0.7542111111111112,0.97113216374269,2,952.0
6,5,9,1,3,6.0,0.007894736842105263,0.04913194477558136,0.97625197740113,0.6071683615819209,0.9534841807909604,1,760.0
14,5,9,1,3,5.0,0.00778816199376947,0.046736110001802444,0.9750948863636364,0.5983465909090909,0.9623090909090908,1,642.0
22,6,9,1,3,5.0,0.007763975155279503,0.0,0.9761469273743016,0.5908648044692737,0.9510592178770948,0,644.0
6,5,9,1,3,6.0,0.005714285714285714,0.03621527925133705,0.9577932203389832,0.7727412429378532,0.9548954802259888,1,1050.0
14,5,9,1,3,4.0,0.0045045045045045045,0.023229166865348816,0.9601118644067796,0.7691152542372881,0.9529186440677966,1,888.0
22,6,9,1,3,2.0,0.0022522522522522522,0.0724305585026741,0.9582296511627908,0.8025308139534885,0.9455558139534884,1,888.0
6,5,9,1,3,4.0,0.0045045045045045045,0.0,0.970548275862069,0.7340936781609195,0.969635632183908,0,888.0
14,5,9,1,3,6.0,0.007614213197969543,0.0,0.9679265536723164,0.677564406779661,0.9646892655367232,0,788.0
22,6,9,1,3,4.0,0.004962779156327543,0.0,0.9663485875706216,0.7424570621468926,0.9622666666666668,0,806.0
6,6,9,1,0,5.0,0.004780114722753346,0.0,0.9714869318181818,0.7811892045454545,0.9603221590909092,0,1046.0
14,6,9,1,0,2.0,0.0019120458891013384,0.0,0.9732103448275864,0.7720936781609196,0.9673367816091952,0,1046.0
22,0,10,0,0,3.0,0.0035502958579881655,0.0,0.9726114285714286,0.7704497142857143,0.9543937142857144,0,845.0
6,6,9,1,0,6.0,0.006486486486486486,0.10709635447710752,0.9579948863636364,0.6420017045454546,0.9496204545454544,1,925.0
14,6,9,1,0,5.0,0.008223684210526315,0.10709635447710752,0.9595845714285716,0.6536731428571428,0.9767611428571428,1,608.0
22,0,10,0,0,6.0,0.007518796992481203,0.10709635447710752,0.960858757062147,0.6334305084745763,0.9482943502824858,2,798.0
6,6,9,1,0,2.0,0.0021413276231263384,0.0,0.9711568965517242,0.7715344827586208,0.9542132183908044,0,934.0
14,6,9,1,0,5.0,0.00591016548463357,0.0,0.9698011363636364,0.75509375,0.9680863636363636,0,846.0
22,0,10,0,0,1.0,0.000980392156862745,0.0,0.9699949438202248,0.7404140449438202,0.9610904494382022,0,1020.0
6,6,9,1,1,3.0,0.0035294117647058825,0.10709635447710752,0.9694767045454546,0.7222562499999999,0.9522732954545454,1,850.0
14,6,9,1,1,3.0,0.00395778364116095,0.10709635447710752,0.970316384180791,0.7160909604519774,0.958379661016949,1,758.0
22,0,10,0,1,6.0,0.008995502248875561,0.017430555075407028,0.9707780898876404,0.6486887640449438,0.9695876404494382,1,667.0
6,6,9,1,1,6.0,0.008053691275167786,0.0,0.9605514124293784,0.6269536723163842,0.9538604519774012,0,745.0
14,6,9,1,1,2.0,0.0025906735751295338,0.0,0.961474431818182,0.6564625000000001,0.9428977272727272,0,772.0
22,0,10,0,1,1.0,0.0011737089201877935,0.10709635447710752,0.9596569832402236,0.6435245810055866,0.9638513966480448,1,852.0
6,6,9,1,1,3.0,0.002857142857142857,0.0,0.965764,0.7633297142857142,0.9598091428571428,0,1050.0
22,0,10,0,1,4.0,0.0038910505836575876,0.04749999940395355,0.95955530726257,0.7858726256983241,0.97316312849162,1,1028.0
6,6,9,1,2,2.0,0.0022650056625141564,0.034340277314186096,0.9684011363636364,0.7713215909090909,0.9683693181818182,1,883.0
14,6,9,1,2,5.0,0.005302226935312832,0.015243055298924446,0.9675180790960451,0.7758463276836158,0.9586621468926554,1,943.0
22,0,10,0,2,5.0,0.005834305717619603,0.0,0.9660954545454546,0.7738732954545454,0.9695846590909092,0,857.0
6,6,9,1,2,2.0,0.002717391304347826,0.0,0.9734926553672316,0.6269056497175142,0.955367231638418,0,736.0
14,6,9,1,2,6.0,0.008075370121130552,0.0,0.9717162921348316,0.6548410112359551,0.9551494382022472,0,743.0
6,6,9,1,2,4.0,0.004750593824228029,0.10709635447710752,0.9558448863636364,0.7807528409090909,0.977555681818182,2,842.0
14,6,9,1,2,1.0,0.0011299435028248588,0.10709635447710752,0.959408,0.7887599999999999,0.9514285714285714,2,885.0
22,0,10,0,2,2.0,0.002317497103128621,0.0,0.9592327485380115,0.7542111111111112,0.97113216374269,0,863.0
22,0,10,0,3,4.0,0.005571030640668524,0.0,0.9761469273743016,0.5908648044692737,0.9510592178770948,0,718.0
6,6,9,1,3,4.0,0.0038095238095238095,0.09538194537162781,0.9577932203389832,0.7727412429378532,0.9548954802259888,1,1050.0
14,6,9,1,3,6.0,0.005714285714285714,0.0720486119389534,0.9601118644067796,0.7691152542372881,0.9529186440677966,1,1050.0
22,0,10,0,3,5.0,0.004761904761904762,0.0,0.9582296511627908,0.8025308139534885,0.9455558139534884,0,1050.0
14,6,9,1,3,5.0,0.006067961165048544,0.0,0.9679265536723164,0.677564406779661,0.9646892655367232,0,824.0
22,0,10,0,3,4.0,0.004106776180698152,0.10709635447710752,0.9663485875706216,0.7424570621468926,0.9622666666666668,1,974.0
6,0,10,0,0,2.0,0.0019047619047619048,0.0,0.9714869318181818,0.7811892045454545,0.9603221590909092,0,1050.0
14,0,10,0,0,2.0,0.0019047619047619048,0.0,0.9732103448275864,0.7720936781609196,0.9673367816091952,0,1050.0
22,1,10,0,0,5.0,0.0056947608200455585,0.0,0.9726114285714286,0.7704497142857143,0.9543937142857144,0,878.0
6,0,10,0,0,4.0,0.004920049200492005,0.08843749761581421,0.9579948863636364,0.6420017045454546,0.9496204545454544,2,813.0
14,0,10,0,0,3.0,0.0038560411311053984,0.10709635447710752,0.9595845714285716,0.6536731428571428,0.9767611428571428,2,778.0
22,1,10,0,0,2.0,0.002457002457002457,0.10709635447710752,0.960858757062147,0.6334305084745763,0.9482943502824858,1,814.0
6,0,10,0,0,4.0,0.004073319755600814,0.0,0.9711568965517242,0.7715344827586208,0.9542132183908044,0,982.0
14,0,10,0,0,3.0,0.003105590062111801,0.0,0.9698011363636364,0.75509375,0.9680863636363636,0,966.0
22,1,10,0,0,3.0,0.0036275695284159614,0.06409722566604614,0.9699949438202248,0.7404140449438202,0.9610904494382022,1,827.0
6,0,10,0,1,2.0,0.0019455252918287938,0.027847222983837128,0.9694767045454546,0.7222562499999999,0.9522732954545454,1,1028.0
14,0,10,0,1,2.0,0.002828854314002829,0.017638888210058212,0.970316384180791,0.7160909604519774,0.958379661016949,1,707.0
22,1,10,0,1,0.0,0.0,0.0,0.9707780898876404,0.6486887640449438,0.9695876404494382,0,955.0
6,0,10,0,1,2.0,0.0025673940949935813,0.10709635447710752,0.9605514124293784,0.6269536723163842,0.9538604519774012,1,779.0
14,0,10,0,1,4.0,0.005025125628140704,0.08277777582406998,0.961474431818182,0.6564625000000001,0.9428977272727272,1,796.0
22,1,10,0,1,8.0,0.01078167115902965,0.0,0.9596569832402236,0.6435245810055866,0.9638513966480448,0,742.0
6,0,10,0,1,3.0,0.0029498525073746312,0.05354166775941849,0.965764,0.7633297142857142,0.9598091428571428,1,1017.0
14,0,10,0,1,5.0,0.0051813471502590676,0.03569444268941879,0.961093220338983,0.7580553672316385,0.9796604519774011,1,965.0
22,1,10,0,1,3.0,0.002857142857142857,0.10709635447710752,0.95955530726257,0.7858726256983241,0.97316312849162,1,1050.0
6,0,10,0,2,5.0,0.005405405405405406,0.0,0.9684011363636364,0.7713215909090909,0.9683693181818182,0,925.0
14,0,10,0,2,4.0,0.004968944099378882,0.0,0.9675180790960451,0.7758463276836158,0.9586621468926554,0,805.0
22,1,10,0,2,6.0,0.005714285714285714,0.0,0.9660954545454546,0.7738732954545454,0.9695846590909092,0,1050.0
6,0,10,0,2,5.0,0.006561679790026247,0.0,0.9734926553672316,0.6269056497175142,0.955367231638418,0,762.0
14,0,10,0,2,4.0,0.005714285714285714,0.0,0.9717162921348316,0.6548410112359551,0.9551494382022472,0,700.0
22,1,10,0,2,3.0,0.0037174721189591076,0.0,0.9691514450867053,0.6074329479768786,0.9537063583815028,0,807.0
6,0,10,0,2,5.0,0.0048216007714561235,0.0,0.9558448863636364,0.7807528409090909,0.977555681818182,0,1037.0
14,0,10,0,2,2.0,0.0020964360587002098,0.0,0.959408,0.7887599999999999,0.9514285714285714,0,954.0
22,1,10,0,2,4.0,0.004056795131845842,0.07000000029802322,0.9592327485380115,0.7542111111111112,0.97113216374269,1,986.0
6,0,10,0,3,3.0,0.0038363171355498722,0.0,0.97625197740113,0.6071683615819209,0.9534841807909604,0,782.0
14,0,10,0,3,4.0,0.00583941605839416,0.0,0.9750948863636364,0.5983465909090909,0.9623090909090908,0,685.0
22,1,10,0,3,6.0,0.007547169811320755,0.0,0.9761469273743016,0.5908648044692737,0.9510592178770948,0,795.0
6,0,10,0,3,4.0,0.003875968992248062,0.0,0.9577932203389832,0.7727412429378532,0.9548954802259888,0,1032.0
14,0,10,0,3,5.0,0.005807200929152149,0.0,0.9601118644067796,0.7691152542372881,0.9529186440677966,0,861.0
22,1,10,0,3,2.0,0.0021413276231263384,0.08649305254220963,0.9582296511627908,0.8025308139534885,0.9455558139534884,1,934.0
6,0,10,0,3,3.0,0.0036407766990291263,0.09395833313465118,0.970548275862069,0.7340936781609195,0.969635632183908,1,824.0
14,0,10,0,3,2.0,0.002081165452653486,0.10709635447710752,0.9679265536723164,0.677564406779661,0.9646892655367232,1,961.0
22,1,10,0,3,5.0,0.005656108597285068,0.0,0.9663485875706216,0.7424570621468926,0.9622666666666668,0,884.0
6,1,10,0,0,5.0,0.006345177664974619,0.0,0.9714869318181818,0.7811892045454545,0.9603221590909092,0,788.0
14,1,10,0,0,3.0,0.003468208092485549,0.0,0.9732103448275864,0.7720936781609196,0.9673367816091952,0,865.0
22,2,10,0,0,4.0,0.004761904761904762,0.0,0.9726114285714286,0.7704497142857143,0.9543937142857144,0,840.0
6,1,10,0,0,2.0,0.0025575447570332483,0.10709635447710752,0.9579948863636364,0.6420017045454546,0.9496204545454544,1,782.0
14,1,10,0,0,5.0,0.0063371356147021544,0.10709635447710752,0.9595845714285716,0.6536731428571428,0.9767611428571428,1,789.0
22,2,10,0,0,2.0,0.0024154589371980675,0.0,0.960858757062147,0.6334305084745763,0.9482943502824858,0,828.0
6,1,10,0,0,2.0,0.0019047619047619048,0.05937499925494194,0.9711568965517242,0.7715344827586208,0.9542132183908044,1,1050.0
14,1,10,0,0,2.0,0.002026342451874367,0.10709635447710752,0.9698011363636364,0.75509375,0.9680863636363636,1,987.0
22,2,10,0,0,4.0,0.0038461538461538464,0.0,0.9699949438202248,0.7404140449438202,0.9610904494382022,0,1040.0
6,1,10,0,1,2.0,0.002828854314002829,0.0,0.9694767045454546,0.7222562499999999,0.9522732954545454,0,707.0
14,1,10,0,1,2.0,0.0023781212841854932,0.0,0.970316384180791,0.7160909604519774,0.958379661016949,0,841.0
22,2,10,0,1,2.0,0.0024875621890547263,0.025555554777383804,0.9707780898876404,0.6486887640449438,0.9695876404494382,1,804.0
6,1,10,0,1,4.0,0.00583941605839416,0.0,0.9605514124293784,0.6269536723163842,0.9538604519774012,0,685.0
14,1,10,0,1,5.0,0.006906077348066298,0.0,0.961474431818182,0.6564625000000001,0.9428977272727272,0,724.0
22,2,10,0,1,3.0,0.004497751124437781,0.0,0.9596569832402236,0.6435245810055866,0.9638513966480448,0,667.0
6,1,10,0,1,5.0,0.005995203836930456,0.04972222074866295,0.965764,0.7633297142857142,0.9598091428571428,1,834.0
14,1,10,0,1,3.0,0.003257328990228013,0.10631944239139557,0.961093220338983,0.7580553672316385,0.9796604519774011,1,921.0
22,2,10,0,1,4.0,0.004434589800443459,0.0,0.95955530726257,0.7858726256983241,0.97316312849162,0,902.0
6,1,10,0,2,3.0,0.0029702970297029703,0.0,0.9684011363636364,0.7713215909090909,0.9683693181818182,0,1010.0
14,1,10,0,2,6.0,0.007471980074719801,0.0,0.9675180790960451,0.7758463276836158,0.9586621468926554,0,803.0
22,2,10,0,2,2.0,0.0021929824561403508,0.0,0.9660954545454546,0.7738732954545454,0.9695846590909092,0,912.0
6,1,10,0,2,4.0,0.005997001499250375,0.0,0.9734926553672316,0.6269056497175142,0.955367231638418,0,667.0
14,1,10,0,2,3.0,0.0036363636363636364,0.0,0.9717162921348316,0.6548410112359551,0.9551494382022472,0,825.0
22,2,10,0,2,4.0,0.007751937984496124,0.0,0.9691514450867053,0.6074329479768786,0.9537063583815028,0,516.0
6,1,10,0,2,5.0,0.004761904761904762,0.0455208346247673,0.9558448863636364,0.7807528409090909,0.977555681818182,1,1050.0
14,1,10,0,2,5.0,0.005246589716684155,0.10709635447710752,0.959408,0.7887599999999999,0.9514285714285714,1,953.0
22,2,10,0,2,3.0,0.003006012024048096,0.10709635447710752,0.9592327485380115,0.7542111111111112,0.97113216374269,1,998.0
6,1,10,0,3,3.0,0.003978779840848806,0.0,0.97625197740113,0.6071683615819209,0.9534841807909604,0,754.0
14,1,10,0,3,3.0,0.004846526655896607,0.0,0.9750948863636364,0.5983465909090909,0.9623090909090908,0,619.0
22,2,10,0,3,3.0,0.004497751124437781,0.0,0.9761469273743016,0.5908648044692737,0.9510592178770948,0,667.0
6,1,10,0,3,1.0,0.0009523809523809524,0.0347222238779068,0.9577932203389832,0.7727412429378532,0.9548954802259888,1,1050.0
14,1,10,0,3,3.0,0.002857142857142857,0.08281250298023224,0.9601118644067796,0.7691152542372881,0.9529186440677966,1,1050.0
22,2,10,0,3,3.0,0.002898550724637681,0.0755208358168602,0.9582296511627908,0.8025308139534885,0.9455558139534884,1,1035.0
6,1,10,0,3,2.0,0.002190580503833516,0.0,0.970548275862069,0.7340936781609195,0.969635632183908,0,913.0
14,1,10,0,3,5.0,0.005574136008918618,0.0,0.9679265536723164,0.677564406779661,0.9646892655367232,0,897.0
22,2,10,0,3,4.0,0.004424778761061947,0.09687499701976776,0.9663485875706216,0.7424570621468926,0.9622666666666668,1,904.0
6,2,10,0,0,5.0,0.004761904761904762,0.0,0.9714869318181818,0.7811892045454545,0.9603221590909092,0,1050.0
14,2,10,0,0,2.0,0.0019047619047619048,0.0,0.9732103448275864,0.7720936781609196,0.9673367816091952,0,1050.0
22,3,10,0,0,5.0,0.0054466230936819175,0.0,0.9726114285714286,0.7704497142857143,0.9543937142857144,0,918.0
6,2,10,0,0,2.0,0.0024096385542168677,0.0,0.9579948863636364,0.6420017045454546,0.9496204545454544,0,830.0
14,2,10,0,0,2.0,0.0025157232704402514,0.0,0.9595845714285716,0.6536731428571428,0.9767611428571428,0,795.0
22,3,10,0,0,5.0,0.00563063063063063,0.06569444388151169,0.960858757062147,0.6334305084745763,0.9482943502824858,1,888.0
6,2,10,0,0,3.0,0.002890173410404624,0.0,0.9711568965517242,0.7715344827586208,0.9542132183908044,0,1038.0
14,2,10,0,0,6.0,0.006936416184971098,0.0,0.9698011363636364,0.75509375,0.9680863636363636,0,865.0
22,3,10,0,0,5.0,0.005154639175257732,0.0,0.9699949438202248,0.7404140449438202,0.9610904494382022,0,970.0
6,2,10,0,1,2.0,0.0021119324181626186,0.039374999701976776,0.9694767045454546,0.7222562499999999,0.9522732954545454,1,947.0
14,2,10,0,1,4.0,0.004801920768307323,0.019236112013459206,0.970316384180791,0.7160909604519774,0.958379661016949,1,833.0
22,3,10,0,1,6.0,0.00823045267489712,0.0,0.9707780898876404,0.6486887640449438,0.9695876404494382,0,729.0
6,2,10,0,1,2.0,0.0024813895781637717,0.0,0.9605514124293784,0.6269536723163842,0.9538604519774012,0,806.0
14,2,10,0,1,6.0,0.0070921985815602835,0.0,0.961474431818182,0.6564625000000001,0.9428977272727272,0,846.0
22,3,10,0,1,5.0,0.006729475100942127,0.04500000178813934,0.9596569832402236,0.6435245810055866,0.9638513966480448,1,743.0
6,2,10,0,1,2.0,0.001998001998001998,0.0,0.965764,0.7633297142857142,0.9598091428571428,0,1001.0
14,2,10,0,1,5.0,0.005235602094240838,0.0,0.961093220338983,0.7580553672316385,0.9796604519774011,0,955.0
22,3,10,0,1,6.0,0.006048387096774193,0.0,0.95955530726257,0.7858726256983241,0.97316312849162,0,992.0
6,2,10,0,2,4.0,0.004371584699453552,0.0,0.9684011363636364,0.7713215909090909,0.9683693181818182,0,915.0
14,2,10,0,2,3.0,0.002857142857142857,0.0,0.9675180790960451,0.7758463276836158,0.9586621468926554,0,1050.0
22,3,10,0,2,6.0,0.005911330049261084,0.01684027723968029,0.9660954545454546,0.7738732954545454,0.9695846590909092,1,1015.0
6,2,10,0,2,3.0,0.0037313432835820895,0.0,0.9734926553672316,0.6269056497175142,0.955367231638418,0,804.0
14,2,10,0,2,3.0,0.004709576138147566,0.0,0.9717162921348316,0.6548410112359551,0.9551494382022472,0,637.0
22,3,10,0,2,5.0,0.006031363088057901,0.0,0.9691514450867053,0.6074329479768786,0.9537063583815028,0,829.0
6,2,10,0,2,6.0,0.005714285714285714,0.10709635447710752,0.9558448863636364,0.7807528409090909,0.977555681818182,1,1050.0
14,2,10,0,2,1.0,0.0010121457489878543,0.10709635447710752,0.959408,0.7887599999999999,0.9514285714285714,1,988.0
22,3,10,0,2,3.0,0.003271537622682661,0.09902777522802353,0.9592327485380115,0.7542111111111112,0.97113216374269,1,917.0
6,2,10,0,3,2.0,0.002717391304347826,0.0,0.97625197740113,0.6071683615819209,0.9534841807909604,0,736.0
14,2,10,0,3,5.0,0.007320644216691069,0.0,0.9750948863636364,0.5983465909090909,0.9623090909090908,0,683.0
22,3,10,0,3,4.0,0.004705882352941176,0.0,0.9761469273743016,0.5908648044692737,0.9510592178770948,0,850.0
6,2,10,0,3,5.0,0.005107252298263534,0.10709635447710752,0.9577932203389832,0.7727412429378532,0.9548954802259888,1,979.0
14,2,10,0,3,4.0,0.004020100502512563,0.10709635447710752,0.9601118644067796,0.7691152542372881,0.9529186440677966,1,995.0
22,3,10,0,3,5.0,0.005112474437627812,0.10187499970197678,0.9582296511627908,0.8025308139534885,0.9455558139534884,1,978.0
6,2,10,0,3,2.0,0.002136752136752137,0.09486111253499985,0.970548275862069,0.7340936781609195,0.969635632183908,1,936.0
14,2,10,0,3,3.0,0.002976190476190476,0.06156250089406967,0.9679265536723164,0.677564406779661,0.9646892655367232,1,1008.0
22,3,10,0,3,4.0,0.0043907793633369925,0.034236110746860504,0.9663485875706216,0.7424570621468926,0.9622666666666668,1,911.0
6,3,10,0,0,2.0,0.002,0.0,0.9714869318181818,0.7811892045454545,0.9603221590909092,0,1000.0
14,3,10,0,0,2.0,0.0023014959723820483,0.0,0.9732103448275864,0.7720936781609196,0.9673367816091952,0,869.0
22,4,10,0,0,6.0,0.005853658536585366,0.10709635447710752,0.9726114285714286,0.7704497142857143,0.9543937142857144,1,1025.0
6,3,10,0,0,4.0,0.005108556832694764,0.04781249910593033,0.9579948863636364,0.6420017045454546,0.9496204545454544,1,783.0
14,3,10,0,0,3.0,0.003243243243243243,0.03760416805744171,0.9595845714285716,0.6536731428571428,0.9767611428571428,1,925.0
22,4,10,0,0,4.0,0.005772005772005772,0.0,0.960858757062147,0.6334305084745763,0.9482943502824858,0,693.0
6,3,10,0,0,2.0,0.0019102196752626551,0.0,0.9711568965517242,0.7715344827586208,0.9542132183908044,0,1047.0
14,3,10,0,0,4.0,0.0041109969167523125,0.0,0.9698011363636364,0.75509375,0.9680863636363636,0,973.0
22,4,10,0,0,1.0,0.0009523809523809524,0.0,0.9699949438202248,0.7404140449438202,0.9610904494382022,0,1050.0
6,3,10,0,1,4.0,0.004656577415599534,0.0,0.9694767045454546,0.7222562499999999,0.9522732954545454,0,859.0
14,3,10,0,1,6.0,0.0069605568445475635,0.0,0.970316384180791,0.7160909604519774,0.958379661016949,0,862.0
22,4,10,0,1,5.0,0.0054525627044711015,0.014826389029622078,0.9707780898876404,0.6486887640449438,0.9695876404494382,1,917.0
6,3,10,0,1,5.0,0.00998003992015968,0.037013888359069824,0.9605514124293784,0.6269536723163842,0.9538604519774012,1,501.0
14,3,10,0,1,4.0,0.0044943820224719105,0.07256944477558136,0.961474431818182,0.6564625000000001,0.9428977272727272,1,890.0
22,4,10,0,1,6.0,0.00784313725490196,0.0,0.9596569832402236,0.6435245810055866,0.9638513966480448,0,765.0
6,3,10,0,1,1.0,0.001141552511415525,0.0,0.965764,0.7633297142857142,0.9598091428571428,0,876.0
14,3,10,0,1,5.0,0.004761904761904762,0.0,0.961093220338983,0.7580553672316385,0.9796604519774011,0,1050.0
22,4,10,0,1,4.0,0.003835091083413231,0.0,0.95955530726257,0.7858726256983241,0.97316312849162,0,1043.0
6,3,10,0,2,4.0,0.0041025641025641026,0.016180556267499924,0.9684011363636364,0.7713215909090909,0.9683693181818182,1,975.0
14,3,10,0,2,6.0,0.005964214711729622,0.027326388284564018,0.9675180790960451,0.7758463276836158,0.9586621468926554,1,1006.0
22,4,10,0,2,3.0,0.0029940119760479044,0.0,0.9660954545454546,0.7738732954545454,0.9695846590909092,0,1002.0
6,3,10,0,2,4.0,0.004662004662004662,0.0,0.9734926553672316,0.6269056497175142,0.955367231638418,0,858.0
14,3,10,0,2,5.0,0.006345177664974619,0.0,0.9717162921348316,0.6548410112359551,0.9551494382022472,0,788.0
22,4,10,0,2,5.0,0.0070126227208976155,0.0,0.9691514450867053,0.6074329479768786,0.9537063583815028,0,713.0
6,3,10,0,2,4.0,0.004301075268817204,0.10709635447710752,0.9558448863636364,0.7807528409090909,0.977555681818182,1,930.0
14,3,10,0,2,5.0,0.005159958720330237,0.10709635447710752,0.959408,0.7887599999999999,0.9514285714285714,1,969.0
22,4,10,0,2,4.0,0.0038948393378773127,0.0,0.9592327485380115,0.7542111111111112,0.97113216374269,0,1027.0
6,3,10,0,3,6.0,0.008915304606240713,0.0,0.97625197740113,0.6071683615819209,0.9534841807909604,0,673.0
14,3,10,0,3,5.0,0.007763975155279503,0.0,0.9750948863636364,0.5983465909090909,0.9623090909090908,0,644.0
22,4,10,0,3,5.0,0.007974481658692184,0.10709635447710752,0.9761469273743016,0.5908648044692737,0.9510592178770948,2,627.0
6,3,10,0,3,2.0,0.00243605359317905,0.07871527969837189,0.9577932203389832,0.7727412429378532,0.9548954802259888,1,821.0
14,3,10,0,3,2.0,0.002014098690835851,0.10709635447710752,0.9601118644067796,0.7691152542372881,0.9529186440677966,1,993.0
22,4,10,0,3,4.0,0.004571428571428572,0.0,0.9582296511627908,0.8025308139534885,0.9455558139534884,0,875.0
6,3,10,0,3,4.0,0.0041928721174004195,0.06309027969837189,0.970548275862069,0.7340936781609195,0.969635632183908,1,954.0
14,3,10,0,3,4.0,0.004733727810650888,0.0659722238779068,0.9679265536723164,0.677564406779661,0.9646892655367232,1,845.0
22,4,10,0,3,4.0,0.00404040404040404,0.0,0.9663485875706216,0.7424570621468926,0.9622666666666668,0,990.0
6,4,10,0,0,4.0,0.00425531914893617,0.10645833611488342,0.9714869318181818,0.7811892045454545,0.9603221590909092,1,940.0
14,4,10,0,0,2.0,0.0021810250817884407,0.07315972447395325,0.9732103448275864,0.7720936781609196,0.9673367816091952,1,917.0
22,5,10,1,0,2.0,0.002028397565922921,0.0864236131310463,0.9726114285714286,0.7704497142857143,0.9543937142857144,1,986.0
6,4,10,0,0,4.0,0.005509641873278237,0.0,0.9579948863636364,0.6420017045454546,0.9496204545454544,0,726.0
14,4,10,0,0,5.0,0.006493506493506494,0.0,0.9595845714285716,0.6536731428571428,0.9767611428571428,0,770.0
22,5,10,1,0,5.0,0.006527415143603133,0.10709635447710752,0.960858757062147,0.6334305084745763,0.9482943502824858,1,766.0
6,4,10,0,0,5.0,0.005889281507656066,0.0,0.9711568965517242,0.7715344827586208,0.9542132183908044,0,849.0
14,4,10,0,0,4.0,0.004519774011299435,0.0,0.9698011363636364,0.75509375,0.9680863636363636,0,885.0
22,5,10,1,0,7.0,0.006666666666666667,0.0,0.9699949438202248,0.7404140449438202,0.9610904494382022,0,1050.0
6,4,10,0,1,5.0,0.005246589716684155,0.027499999850988388,0.9694767045454546,0.7222562499999999,0.9522732954545454,1,953.0
14,4,10,0,1,4.0,0.004645760743321719,0.02829861082136631,0.970316384180791,0.7160909604519774,0.958379661016949,1,861.0
22,5,10,1,1,6.0,0.008064516129032258,0.0,0.9707780898876404,0.6486887640449438,0.9695876404494382,0,744.0
6,4,10,0,1,6.0,0.007822685788787484,0.0,0.9605514124293784,0.6269536723163842,0.9538604519774012,0,767.0
14,4,10,0,1,5.0,0.0072254335260115606,0.0,0.961474431818182,0.6564625000000001,0.9428977272727272,0,692.0
22,5,10,1,1,2.0,0.0028694404591104736,0.0,0.9596569832402236,0.6435245810055866,0.9638513966480448,0,697.0
6,4,10,0,1,6.0,0.0066518847006651885,0.0,0.965764,0.7633297142857142,0.9598091428571428,0,902.0
14,4,10,0,1,2.0,0.0019047619047619048,0.0,0.961093220338983,0.7580553672316385,0.9796604519774011,0,1050.0
22,5,10,1,1,2.0,0.001998001998001998,0.0,0.95955530726257,0.7858726256983241,0.97316312849162,0,1001.0
6,4,10,0,2,2.0,0.0019047619047619048,0.0,0.9684011363636364,0.7713215909090909,0.9683693181818182,0,1050.0
14,4,10,0,2,5.0,0.006031363088057901,0.0,0.9675180790960451,0.7758463276836158,0.9586621468926554,0,829.0
22,5,10,1,2,3.0,0.003161222339304531,0.0,0.9660954545454546,0.7738732954545454,0.9695846590909092,0,949.0
6,4,10,0,2,6.0,0.010714285714285714,0.0,0.9734926553672316,0.6269056497175142,0.955367231638418,0,560.0
14,4,10,0,2,5.0,0.006802721088435374,0.0,0.9717162921348316,0.6548410112359551,0.9551494382022472,0,735.0
22,5,10,1,2,5.0,0.006544502617801047,0.0,0.9691514450867053,0.6074329479768786,0.9537063583815028,0,764.0
6,4,10,0,2,3.0,0.002857142857142857,0.0,0.9558448863636364,0.7807528409090909,0.977555681818182,0,1050.0
14,4,10,0,2,3.0,0.002857142857142857,0.0,0.959408,0.7887599999999999,0.9514285714285714,0,1050.0
22,5,10,1,2,6.0,0.005825242718446602,0.0694444477558136,0.9592327485380115,0.7542111111111112,0.97113216374269,1,1030.0
6,4,10,0,3,2.0,0.0027137042062415195,0.10709635447710752,0.97625197740113,0.6071683615819209,0.9534841807909604,2,737.0
14,4,10,0,3,5.0,0.0068775790921595595,0.10709635447710752,0.9750948863636364,0.5983465909090909,0.9623090909090908,2,727.0
22,5,10,1,3,3.0,0.0040650406504065045,0.0,0.9761469273743016,0.5908648044692737,0.9510592178770948,0,738.0
6,4,10,0,3,2.0,0.0023612750885478157,0.0,0.9577932203389832,0.7727412429378532,0.9548954802259888,0,847.0
14,4,10,0,3,4.0,0.004722550177095631,0.0,0.9601118644067796,0.7691152542372881,0.9529186440677966,0,847.0
22,5,10,1,3,2.0,0.0021231422505307855,0.10709635447710752,0.9582296511627908,0.8025308139534885,0.9455558139534884,1,942.0
6,4,10,0,3,2.0,0.0020898641588296763,0.0,0.970548275862069,0.7340936781609195,0.969635632183908,0,957.0
14,4,10,0,3,5.0,0.005931198102016607,0.0,0.9679265536723164,0.677564406779661,0.9646892655367232,0,843.0
22,5,10,1,3,3.0,0.003171247357293869,0.0,0.9663485875706216,0.7424570621468926,0.9622666666666668,0,946.0
6,5,10,1,0,4.0,0.004366812227074236,0.10709635447710752,0.9714869318181818,0.7811892045454545,0.9603221590909092,1,916.0
14,5,10,1,0,4.0,0.0040609137055837565,0.06899305433034897,0.9732103448275864,0.7720936781609196,0.9673367816091952,1,985.0
22,6,10,1,0,8.0,0.007804878048780488,0.0,0.9726114285714286,0.7704497142857143,0.9543937142857144,0,1025.0
6,5,10,1,0,5.0,0.00641025641025641,0.10709635447710752,0.9579948863636364,0.6420017045454546,0.9496204545454544,1,780.0
14,5,10,1,0,5.0,0.006016847172081829,0.10709635447710752,0.9595845714285716,0.6536731428571428,0.9767611428571428,1,831.0
22,6,10,1,0,3.0,0.0037174721189591076,0.0,0.960858757062147,0.6334305084745763,0.9482943502824858,0,807.0
6,5,10,1,0,6.0,0.006749156355455568,0.0,0.9711568965517242,0.7715344827586208,0.9542132183908044,0,889.0
14,5,10,1,0,2.0,0.0021141649048625794,0.0,0.9698011363636364,0.75509375,0.9680863636363636,0,946.0
22,6,10,1,0,7.0,0.008760951188986232,0.0,0.9699949438202248,0.7404140449438202,0.9610904494382022,0,799.0
6,5,10,1,1,2.0,0.0022753128555176336,0.0,0.9694767045454546,0.7222562499999999,0.9522732954545454,0,879.0
14,5,10,1,1,4.0,0.005148005148005148,0.0,0.970316384180791,0.7160909604519774,0.958379661016949,0,777.0
6,5,10,1,1,4.0,0.004790419161676647,0.0,0.9605514124293784,0.6269536723163842,0.9538604519774012,0,835.0
14,5,10,1,1,4.0,0.004975124378109453,0.0,0.961474431818182,0.6564625000000001,0.9428977272727272,0,804.0
22,6,10,1,1,6.0,0.008130081300813009,0.0,0.9596569832402236,0.6435245810055866,0.9638513966480448,0,738.0
6,5,10,1,1,3.0,0.0029791459781529296,0.0,0.965764,0.7633297142857142,0.9598091428571428,0,1007.0
14,5,10,1,1,6.0,0.006696428571428571,0.0,0.961093220338983,0.7580553672316385,0.9796604519774011,0,896.0
22,6,10,1,1,6.0,0.005741626794258373,0.0,0.95955530726257,0.7858726256983241,0.97316312849162,0,1045.0
6,5,10,1,2,4.0,0.0038095238095238095,0.0,0.9684011363636364,0.7713215909090909,0.9683693181818182,0,1050.0
14,5,10,1,2,2.0,0.002004008016032064,0.0,0.9675180790960451,0.7758463276836158,0.9586621468926554,0,998.0
22,6,10,1,2,5.0,0.005411255411255411,0.027118055149912834,0.9660954545454546,0.7738732954545454,0.9695846590909092,1,924.0
6,5,10,1,2,3.0,0.003963011889035667,0.0,0.9734926553672316,0.6269056497175142,0.955367231638418,0,757.0
14,5,10,1,2,2.0,0.0029154518950437317,0.0,0.9717162921348316,0.6548410112359551,0.9551494382022472,0,686.0
22,6,10,1,2,4.0,0.005961251862891207,0.09913194179534912,0.9691514450867053,0.6074329479768786,0.9537063583815028,2,671.0
6,5,10,1,2,5.0,0.00536480686695279,0.07177083194255829,0.9558448863636364,0.7807528409090909,0.977555681818182,1,932.0
14,5,10,1,2,5.0,0.004761904761904762,0.04072916507720947,0.959408,0.7887599999999999,0.9514285714285714,1,1050.0
22,6,10,1,2,4.0,0.0038204393505253103,0.06031249836087227,0.9592327485380115,0.7542111111111112,0.97113216374269,1,1047.0
6,5,10,1,3,4.0,0.006042296072507553,0.0,0.97625197740113,0.6071683615819209,0.9534841807909604,0,662.0
14,5,10,1,3,6.0,0.008620689655172414,0.0,0.9750948863636364,0.5983465909090909,0.9623090909090908,0,696.0
22,6,10,1,3,6.0,0.008583690987124463,0.0,0.9761469273743016,0.5908648044692737,0.9510592178770948,0,699.0
6,5,10,1,3,4.0,0.003948667324777887,0.0902777761220932,0.9577932203389832,0.7727412429378532,0.9548954802259888,1,1013.0
14,5,10,1,3,6.0,0.006243496357960458,0.10709635447710752,0.9601118644067796,0.7691152542372881,0.9529186440677966,1,961.0
22,6,10,1,3,3.0,0.0033444816053511705,0.0,0.9582296511627908,0.8025308139534885,0.9455558139534884,0,897.0
6,5,10,1,3,4.0,0.004140786749482402,0.0,0.970548275862069,0.7340936781609195,0.969635632183908,0,966.0
14,5,10,1,3,4.0,0.004540295119182747,0.0,0.9679265536723164,0.677564406779661,0.9646892655367232,0,881.0
22,6,10,1,3,6.0,0.006198347107438017,0.08829861134290695,0.9663485875706216,0.7424570621468926,0.9622666666666668,1,968.0
6,6,10,1,0,5.0,0.004784688995215311,0.0,0.9714869318181818,0.7811892045454545,0.9603221590909092,0,1045.0
14,6,10,1,0,4.0,0.0038095238095238095,0.0,0.9732103448275864,0.7720936781609196,0.9673367816091952,0,1050.0
22,0,11,0,0,2.0,0.0019047619047619048,0.0,0.9726114285714286,0.7704497142857143,0.9543937142857144,0,1050.0
6,6,10,1,0,6.0,0.007272727272727273,0.0,0.9579948863636364,0.6420017045454546,0.9496204545454544,0,825.0
22,0,11,0,0,5.0,0.005405405405405406,0.029652778059244156,0.960858757062147,0.6334305084745763,0.9482943502824858,1,925.0
14,6,10,1,0,6.0,0.005714285714285714,0.0,0.9698011363636364,0.75509375,0.9680863636363636,0,1050.0
22,0,11,0,0,4.0,0.0038684719535783366,0.10709635447710752,0.9699949438202248,0.7404140449438202,0.9610904494382022,1,1034.0
6,6,10,1,1,5.0,0.005931198102016607,0.0,0.9694767045454546,0.7222562499999999,0.9522732954545454,0,843.0
14,6,10,1,1,3.0,0.0031645569620253164,0.0,0.970316384180791,0.7160909604519774,0.958379661016949,0,948.0
22,0,11,0,1,4.0,0.004944375772558714,0.0,0.9707780898876404,0.6486887640449438,0.9695876404494382,0,809.0
6,6,10,1,1,6.0,0.007361963190184049,0.0,0.9605514124293784,0.6269536723163842,0.9538604519774012,0,815.0
14,6,10,1,1,2.0,0.0024390243902439024,0.0,0.961474431818182,0.6564625000000001,0.9428977272727272,0,820.0
22,0,11,0,1,2.0,0.002849002849002849,0.10709635447710752,0.9596569832402236,0.6435245810055866,0.9638513966480448,1,702.0
6,6,10,1,1,6.0,0.005982053838484547,0.0,0.965764,0.7633297142857142,0.9598091428571428,0,1003.0
14,6,10,1,1,2.0,0.0019047619047619048,0.0,0.961093220338983,0.7580553672316385,0.9796604519774011,0,1050.0
22,0,11,0,1,3.0,0.003,0.09663194417953491,0.95955530726257,0.7858726256983241,0.97316312849162,1,1000.0
6,6,10,1,2,2.0,0.0020161290322580645,0.047013889998197556,0.9684011363636364,0.7713215909090909,0.9683693181818182,1,992.0
22,0,11,0,2,5.0,0.004761904761904762,0.0,0.9660954545454546,0.7738732954545454,0.9695846590909092,0,1050.0
6,6,10,1,2,5.0,0.00741839762611276,0.08916666358709335,0.9734926553672316,0.6269056497175142,0.955367231638418,2,674.0
14,6,10,1,2,2.0,0.002688172043010753,0.04850694537162781,0.9717162921348316,0.6548410112359551,0.9551494382022472,2,744.0
22,0,11,0,2,5.0,0.006613756613756613,0.03361111134290695,0.9691514450867053,0.6074329479768786,0.9537063583815028,1,756.0
6,6,10,1,2,6.0,0.006437768240343348,0.08114583045244217,0.9558448863636364,0.7807528409090909,0.977555681818182,1,932.0
14,6,10,1,2,5.0,0.004761904761904762,0.07409722357988358,0.959408,0.7887599999999999,0.9514285714285714,1,1050.0
22,0,11,0,2,3.0,0.0028957528957528956,0.0,0.9592327485380115,0.7542111111111112,0.97113216374269,0,1036.0
6,6,10,1,3,3.0,0.004398826979472141,0.0,0.97625197740113,0.6071683615819209,0.9534841807909604,0,682.0
14,6,10,1,3,6.0,0.007926023778071334,0.0,0.9750948863636364,0.5983465909090909,0.9623090909090908,0,757.0
22,0,11,0,3,3.0,0.00425531914893617,0.0,0.9761469273743016,0.5908648044692737,0.9510592178770948,0,705.0
6,6,10,1,3,6.0,0.007453416149068323,0.0,0.9577932203389832,0.7727412429378532,0.9548954802259888,0,805.0
14,6,10,1,3,4.0,0.005121638924455826,0.0,0.9601118644067796,0.7691152542372881,0.9529186440677966,0,781.0
22,0,11,0,3,4.0,0.004028197381671702,0.03854166716337204,0.9582296511627908,0.8025308139534885,0.9455558139534884,1,993.0
6,6,10,1,3,5.0,0.00591016548463357,0.09340278059244156,0.970548275862069,0.7340936781609195,0.969635632183908,1,846.0
14,6,10,1,3,6.0,0.006355932203389831,0.10709635447710752,0.9679265536723164,0.677564406779661,0.9646892655367232,1,944.0
22,0,11,0,3,3.0,0.0028680688336520078,0.10709635447710752,0.9663485875706216,0.7424570621468926,0.9622666666666668,3,1046.0
6,0,11,0,0,2.0,0.0019047619047619048,0.0,0.9714869318181818,0.7811892045454545,0.9603221590909092,0,1050.0
14,0,11,0,0,2.0,0.0019047619047619048,0.0,0.9732103448275864,0.7720936781609196,0.9673367816091952,0,1050.0
22,1,11,0,0,5.0,0.005055611729019211,0.0,0.9726114285714286,0.7704497142857143,0.9543937142857144,0,989.0
6,0,11,0,0,6.0,0.008333333333333333,0.03802083432674408,0.9579948863636364,0.6420017045454546,0.9496204545454544,1,720.0
14,0,11,0,0,5.0,0.0068775790921595595,0.042152777314186096,0.9595845714285716,0.6536731428571428,0.9767611428571428,1,727.0
22,1,11,0,0,3.0,0.004026845637583893,0.10709635447710752,0.960858757062147,0.6334305084745763,0.9482943502824858,1,745.0
6,0,11,0,0,5.0,0.005045408678102927,0.10709635447710752,0.9711568965517242,0.7715344827586208,0.9542132183908044,1,991.0
14,0,11,0,0,4.0,0.003996003996003996,0.10709635447710752,0.9698011363636364,0.75509375,0.9680863636363636,1,1001.0
22,1,11,0,0,2.0,0.0021119324181626186,0.0,0.9699949438202248,0.7404140449438202,0.9610904494382022,0,947.0
6,0,11,0,1,2.0,0.0024906600249066002,0.0,0.9694767045454546,0.7222562499999999,0.9522732954545454,0,803.0
14,0,11,0,1,2.0,0.0019157088122605363,0.0,0.970316384180791,0.7160909604519774,0.958379661016949,0,1044.0
22,1,11,0,1,5.0,0.005580357142857143,0.10709635447710752,0.9707780898876404,0.6486887640449438,0.9695876404494382,1,896.0
6,0,11,0,1,2.0,0.0028776978417266188,0.10709635447710752,0.9605514124293784,0.6269536723163842,0.9538604519774012,1,695.0
14,0,11,0,1,5.0,0.008680555555555556,0.09902777522802353,0.961474431818182,0.6564625000000001,0.9428977272727272,1,576.0
22,1,11,0,1,3.0,0.003963011889035667,0.0,0.9596569832402236,0.6435245810055866,0.9638513966480448,0,757.0
6,0,11,0,1,6.0,0.005752636625119847,0.10461805760860443,0.965764,0.7633297142857142,0.9598091428571428,1,1043.0
14,0,11,0,1,6.0,0.005893909626719057,0.06138888746500015,0.961093220338983,0.7580553672316385,0.9796604519774011,1,1018.0
22,1,11,0,1,2.0,0.002257336343115124,0.10709635447710752,0.95955530726257,0.7858726256983241,0.97316312849162,1,886.0
6,0,11,0,2,3.0,0.0035211267605633804,0.0,0.9684011363636364,0.7713215909090909,0.9683693181818182,0,852.0
14,0,11,0,2,2.0,0.0021208907741251328,0.0,0.9675180790960451,0.7758463276836158,0.9586621468926554,0,943.0
22,1,11,0,2,4.0,0.0038095238095238095,0.0,0.9660954545454546,0.7738732954545454,0.9695846590909092,0,1050.0
6,0,11,0,2,6.0,0.007434944237918215,0.03263888880610466,0.9734926553672316,0.6269056497175142,0.955367231638418,1,807.0
14,0,11,0,2,2.0,0.0030816640986132513,0.056909721344709396,0.9717162921348316,0.6548410112359551,0.9551494382022472,1,649.0
22,1,11,0,2,4.0,0.004761904761904762,0.029756944626569748,0.9691514450867053,0.6074329479768786,0.9537063583815028,1,840.0
6,0,11,0,2,4.0,0.004545454545454545,0.0,0.9558448863636364,0.7807528409090909,0.977555681818182,0,880.0
14,0,11,0,2,2.0,0.0019047619047619048,0.0,0.959408,0.7887599999999999,0.9514285714285714,0,1050.0
22,1,11,0,2,4.0,0.003980099502487562,0.10709635447710752,0.9592327485380115,0.7542111111111112,0.97113216374269,2,1005.0
6,0,11,0,3,2.0,0.0034071550255536627,0.0,0.97625197740113,0.6071683615819209,0.9534841807909604,0,587.0
14,0,11,0,3,3.0,0.00430416068866571,0.0,0.9750948863636364,0.5983465909090909,0.9623090909090908,0,697.0
22,1,11,0,3,5.0,0.006570302233902759,0.0,0.9761469273743016,0.5908648044692737,0.9510592178770948,0,761.0
6,0,11,0,3,2.0,0.0019047619047619048,0.04184027761220932,0.9577932203389832,0.7727412429378532,0.9548954802259888,1,1050.0
14,0,11,0,3,3.0,0.0036809815950920245,0.037118054926395416,0.9601118644067796,0.7691152542372881,0.9529186440677966,1,815.0
22,1,11,0,3,5.0,0.004761904761904762,0.10709635447710752,0.9582296511627908,0.8025308139534885,0.9455558139534884,2,1050.0
6,0,11,0,3,5.0,0.005045408678102927,0.10709635447710752,0.970548275862069,0.7340936781609195,0.969635632183908,3,991.0
14,0,11,0,3,5.0,0.005787037037037037,0.10709635447710752,0.9679265536723164,0.677564406779661,0.9646892655367232,3,864.0
22,1,11,0,3,5.0,0.005827505827505828,0.0,0.9663485875706216,0.7424570621468926,0.9622666666666668,0,858.0
6,1,11,0,0,3.0,0.003374578177727784,0.0,0.9714869318181818,0.7811892045454545,0.9603221590909092,0,889.0
14,1,11,0,0,2.0,0.0019047619047619048,0.0,0.9732103448275864,0.7720936781609196,0.9673367816091952,0,1050.0
22,2,11,0,0,5.0,0.004761904761904762,0.0,0.9726114285714286,0.7704497142857143,0.9543937142857144,0,1050.0
6,1,11,0,0,4.0,0.005063291139240506,0.10709635447710752,0.9579948863636364,0.6420017045454546,0.9496204545454544,1,790.0
14,1,11,0,0,3.0,0.0036540803897685747,0.08423610776662827,0.9595845714285716,0.6536731428571428,0.9767611428571428,1,821.0
22,2,11,0,0,0.0,0.0,0.08243055641651154,0.960858757062147,0.6334305084745763,0.9482943502824858,1,875.0
6,1,11,0,0,6.0,0.005714285714285714,0.0,0.9711568965517242,0.7715344827586208,0.9542132183908044,0,1050.0
14,1,11,0,0,5.0,0.00511770726714432,0.0,0.9698011363636364,0.75509375,0.9680863636363636,0,977.0
22,2,11,0,0,4.0,0.004424778761061947,0.0,0.9699949438202248,0.7404140449438202,0.9610904494382022,0,904.0
6,1,11,0,1,5.0,0.007132667617689016,0.10709635447710752,0.9694767045454546,0.7222562499999999,0.9522732954545454,1,701.0
14,1,11,0,1,6.0,0.0075282308657465494,0.07569444179534912,0.970316384180791,0.7160909604519774,0.958379661016949,1,797.0
22,2,11,0,1,3.0,0.003926701570680628,0.0881597250699997,0.9707780898876404,0.6486887640449438,0.9695876404494382,1,764.0
6,1,11,0,1,3.0,0.003896103896103896,0.0,0.9605514124293784,0.6269536723163842,0.9538604519774012,0,770.0
14,1,11,0,1,5.0,0.006180469715698393,0.0,0.961474431818182,0.6564625000000001,0.9428977272727272,0,809.0
22,2,11,0,1,2.0,0.002797202797202797,0.10709635447710752,0.9596569832402236,0.6435245810055866,0.9638513966480448,1,715.0
6,1,11,0,1,5.0,0.004921259842519685,0.10709635447710752,0.965764,0.7633297142857142,0.9598091428571428,1,1016.0
14,1,11,0,1,3.0,0.002890173410404624,0.10709635447710752,0.961093220338983,0.7580553672316385,0.9796604519774011,1,1038.0
22,2,11,0,1,2.0,0.0020161290322580645,0.07916666567325592,0.95955530726257,0.7858726256983241,0.97316312849162,1,992.0
6,1,11,0,2,5.0,0.004975124378109453,0.0,0.9684011363636364,0.7713215909090909,0.9683693181818182,0,1005.0
14,1,11,0,2,3.0,0.003658536585365854,0.0,0.9675180790960451,0.7758463276836158,0.9586621468926554,0,820.0
22,2,11,0,2,5.0,0.0048216007714561235,0.10709635447710752,0.9660954545454546,0.7738732954545454,0.9695846590909092,2,1037.0
6,1,11,0,2,3.0,0.003816793893129771,0.017986111342906952,0.9734926553672316,0.6269056497175142,0.955367231638418,1,786.0
14,1,11,0,2,2.0,0.002554278416347382,0.018263889476656914,0.9717162921348316,0.6548410112359551,0.9551494382022472,1,783.0
22,2,11,0,2,6.0,0.007692307692307693,0.0,0.9691514450867053,0.6074329479768786,0.9537063583815028,0,780.0
6,1,11,0,2,3.0,0.002952755905511811,0.10709635447710752,0.9558448863636364,0.7807528409090909,0.977555681818182,2,1016.0
14,1,11,0,2,3.0,0.002973240832507433,0.10709635447710752,0.959408,0.7887599999999999,0.9514285714285714,2,1009.0
22,2,11,0,2,4.0,0.004052684903748734,0.0,0.9592327485380115,0.7542111111111112,0.97113216374269,0,987.0
6,1,11,0,3,6.0,0.00916030534351145,0.0,0.97625197740113,0.6071683615819209,0.9534841807909604,0,655.0
14,1,11,0,3,2.0,0.0030441400304414,0.0,0.9750948863636364,0.5983465909090909,0.9623090909090908,0,657.0
22,2,11,0,3,3.0,0.003911342894393742,0.0,0.9761469273743016,0.5908648044692737,0.9510592178770948,0,767.0
6,1,11,0,3,6.0,0.006749156355455568,0.10709635447710752,0.9577932203389832,0.7727412429378532,0.9548954802259888,2,889.0
14,1,11,0,3,5.0,0.005841121495327103,0.10709635447710752,0.9601118644067796,0.7691152542372881,0.9529186440677966,2,856.0
22,2,11,0,3,3.0,0.0029182879377431907,0.10000000149011612,0.9582296511627908,0.8025308139534885,0.9455558139534884,2,1028.0
6,1,11,0,3,6.0,0.006160164271047228,0.0,0.970548275862069,0.7340936781609195,0.969635632183908,0,974.0
14,1,11,0,3,5.0,0.004761904761904762,0.0,0.9679265536723164,0.677564406779661,0.9646892655367232,0,1050.0
22,2,11,0,3,2.0,0.002304147465437788,0.10709635447710752,0.9663485875706216,0.7424570621468926,0.9622666666666668,1,868.0
6,2,11,0,0,6.0,0.006423982869379015,0.0,0.9714869318181818,0.7811892045454545,0.9603221590909092,0,934.0
14,2,11,0,0,3.0,0.002857142857142857,0.0,0.9732103448275864,0.7720936781609196,0.9673367816091952,0,1050.0
22,3,11,0,0,1.0,0.0009523809523809524,0.0,0.9726114285714286,0.7704497142857143,0.9543937142857144,0,1050.0
6,2,11,0,0,3.0,0.004335260115606936,0.047951389104127884,0.9579948863636364,0.6420017045454546,0.9496204545454544,1,692.0
14,2,11,0,0,2.0,0.002531645569620253,0.08461805433034897,0.9595845714285716,0.6536731428571428,0.9767611428571428,1,790.0
22,3,11,0,0,6.0,0.007389162561576354,0.0,0.960858757062147,0.6334305084745763,0.9482943502824858,0,812.0
6,2,11,0,0,4.0,0.004153686396677051,0.0,0.9711568965517242,0.7715344827586208,0.9542132183908044,0,963.0
14,2,11,0,0,2.0,0.002331002331002331,0.0,0.9698011363636364,0.75509375,0.9680863636363636,0,858.0
22,3,11,0,0,5.0,0.004761904761904762,0.0,0.9699949438202248,0.7404140449438202,0.9610904494382022,0,1050.0
6,2,11,0,1,4.0,0.005148005148005148,0.07010416686534882,0.9694767045454546,0.7222562499999999,0.9522732954545454,1,777.0
14,2,11,0,1,4.0,0.004975124378109453,0.1045486107468605,0.970316384180791,0.7160909604519774,0.958379661016949,1,804.0
22,3,11,0,1,5.0,0.006127450980392157,0.0,0.9707780898876404,0.6486887640449438,0.9695876404494382,0,816.0
6,2,11,0,1,5.0,0.0068212824010914054,0.10709635447710752,0.9605514124293784,0.6269536723163842,0.9538604519774012,1,733.0
14,2,11,0,1,6.0,0.009009009009009009,0.10709635447710752,0.961474431818182,0.6564625000000001,0.9428977272727272,1,666.0
22,3,11,0,1,4.0,0.005471956224350205,0.0,0.9596569832402236,0.6435245810055866,0.9638513966480448,0,731.0
6,2,11,0,1,2.0,0.0019743336623889436,0.10709635447710752,0.965764,0.7633297142857142,0.9598091428571428,1,1013.0
14,2,11,0,1,2.0,0.0021119324181626186,0.10472222417593002,0.961093220338983,0.7580553672316385,0.9796604519774011,1,947.0
22,3,11,0,1,4.0,0.0048543689320388345,0.0,0.95955530726257,0.7858726256983241,0.97316312849162,0,824.0
6,2,11,0,2,5.0,0.0054585152838427945,0.10709635447710752,0.9684011363636364,0.7713215909090909,0.9683693181818182,2,916.0
14,2,11,0,2,3.0,0.003575685339690107,0.10709635447710752,0.9675180790960451,0.7758463276836158,0.9586621468926554,2,839.0
22,3,11,0,2,2.0,0.0019047619047619048,0.10709635447710752,0.9660954545454546,0.7738732954545454,0.9695846590909092,2,1050.0
6,2,11,0,2,2.0,0.003179650238473768,0.0,0.9734926553672316,0.6269056497175142,0.955367231638418,0,629.0
14,2,11,0,2,6.0,0.008547008547008548,0.0,0.9717162921348316,0.6548410112359551,0.9551494382022472,0,702.0
22,3,11,0,2,3.0,0.004267425320056899,0.018333332613110542,0.9691514450867053,0.6074329479768786,0.9537063583815028,1,703.0
6,2,11,0,2,3.0,0.0031023784901758012,0.0,0.9558448863636364,0.7807528409090909,0.977555681818182,0,967.0
14,2,11,0,2,4.0,0.0038095238095238095,0.0,0.959408,0.7887599999999999,0.9514285714285714,0,1050.0
22,3,11,0,2,3.0,0.002857142857142857,0.03166666626930237,0.9592327485380115,0.7542111111111112,0.97113216374269,1,1050.0
6,2,11,0,3,6.0,0.00964630225080386,0.0,0.97625197740113,0.6071683615819209,0.9534841807909604,0,622.0
14,2,11,0,3,5.0,0.006443298969072165,0.0,0.9750948863636364,0.5983465909090909,0.9623090909090908,0,776.0
22,3,11,0,3,3.0,0.004043126684636119,0.0,0.9761469273743016,0.5908648044692737,0.9510592178770948,0,742.0
6,2,11,0,3,4.0,0.004571428571428572,0.0711805522441864,0.9577932203389832,0.7727412429378532,0.9548954802259888,2,875.0
14,2,11,0,3,2.0,0.0021436227224008574,0.08788194507360458,0.9601118644067796,0.7691152542372881,0.9529186440677966,2,933.0
22,3,11,0,3,3.0,0.0032822757111597373,0.0,0.9582296511627908,0.8025308139534885,0.9455558139534884,0,914.0
6,2,11,0,3,2.0,0.002136752136752137,0.10510416328907013,0.970548275862069,0.7340936781609195,0.969635632183908,1,936.0
14,2,11,0,3,2.0,0.002232142857142857,0.08124999701976776,0.9679265536723164,0.677564406779661,0.9646892655367232,1,896.0
22,3,11,0,3,7.0,0.007700770077007701,0.0,0.9663485875706216,0.7424570621468926,0.9622666666666668,0,909.0
6,3,11,0,0,2.0,0.002103049421661409,0.0,0.9714869318181818,0.7811892045454545,0.9603221590909092,0,951.0
14,3,11,0,0,2.0,0.0019047619047619048,0.0,0.9732103448275864,0.7720936781609196,0.9673367816091952,0,1050.0
22,4,11,0,0,5.0,0.004761904761904762,0.0,0.9726114285714286,0.7704497142857143,0.9543937142857144,0,1050.0
6,3,11,0,0,2.0,0.0024509803921568627,0.0,0.9579948863636364,0.6420017045454546,0.9496204545454544,0,816.0
14,3,11,0,0,3.0,0.003821656050955414,0.0,0.9595845714285716,0.6536731428571428,0.9767611428571428,0,785.0
22,4,11,0,0,2.0,0.0024937655860349127,0.06503472477197647,0.960858757062147,0.6334305084745763,0.9482943502824858,2,802.0
6,3,11,0,0,4.0,0.004012036108324975,0.0,0.9711568965517242,0.7715344827586208,0.9542132183908044,0,997.0
14,3,11,0,0,3.0,0.003278688524590164,0.0,0.9698011363636364,0.75509375,0.9680863636363636,0,915.0
22,4,11,0,0,4.0,0.004210526315789474,0.09642361104488373,0.9699949438202248,0.7404140449438202,0.9610904494382022,1,950.0
6,3,11,0,1,4.0,0.004711425206124852,0.0,0.9694767045454546,0.7222562499999999,0.9522732954545454,0,849.0
14,3,11,0,1,3.0,0.0037220843672456576,0.0,0.970316384180791,0.7160909604519774,0.958379661016949,0,806.0
22,4,11,0,1,4.0,0.005188067444876783,0.0,0.9707780898876404,0.6486887640449438,0.9695876404494382,0,771.0
6,3,11,0,1,5.0,0.01098901098901099,0.0,0.9605514124293784,0.6269536723163842,0.9538604519774012,0,455.0
14,3,11,0,1,5.0,0.006313131313131313,0.0,0.961474431818182,0.6564625000000001,0.9428977272727272,0,792.0
22,4,11,0,1,5.0,0.006570302233902759,0.0,0.9596569832402236,0.6435245810055866,0.9638513966480448,0,761.0
6,3,11,0,1,6.0,0.006103763987792472,0.0,0.965764,0.7633297142857142,0.9598091428571428,0,983.0
14,3,11,0,1,2.0,0.002183406113537118,0.0,0.961093220338983,0.7580553672316385,0.9796604519774011,0,916.0
22,4,11,0,1,1.0,0.0010362694300518134,0.0,0.95955530726257,0.7858726256983241,0.97316312849162,0,965.0
6,3,11,0,2,6.0,0.006896551724137931,0.10709635447710752,0.9684011363636364,0.7713215909090909,0.9683693181818182,2,870.0
14,3,11,0,2,5.0,0.004761904761904762,0.10709635447710752,0.9675180790960451,0.7758463276836158,0.9586621468926554,2,1050.0
22,4,11,0,2,2.0,0.0020491803278688526,0.0,0.9660954545454546,0.7738732954545454,0.9695846590909092,0,976.0
6,3,11,0,2,2.0,0.002617801047120419,0.01631944440305233,0.9734926553672316,0.6269056497175142,0.955367231638418,1,764.0
14,3,11,0,2,2.0,0.0025477707006369425,0.01045138854533434,0.9717162921348316,0.6548410112359551,0.9551494382022472,1,785.0
22,4,11,0,2,8.0,0.010139416983523447,0.0,0.9691514450867053,0.6074329479768786,0.9537063583815028,0,789.0
6,3,11,0,2,2.0,0.0021929824561403508,0.030763888731598854,0.9558448863636364,0.7807528409090909,0.977555681818182,1,912.0
14,3,11,0,2,3.0,0.002857142857142857,0.028229165822267532,0.959408,0.7887599999999999,0.9514285714285714,1,1050.0
22,4,11,0,2,5.0,0.004761904761904762,0.0,0.9592327485380115,0.7542111111111112,0.97113216374269,0,1050.0
6,3,11,0,3,2.0,0.0028653295128939827,0.0,0.97625197740113,0.6071683615819209,0.9534841807909604,0,698.0
14,3,11,0,3,3.0,0.0055762081784386614,0.0,0.9750948863636364,0.5983465909090909,0.9623090909090908,0,538.0
22,4,11,0,3,5.0,0.007246376811594203,0.0,0.9761469273743016,0.5908648044692737,0.9510592178770948,0,690.0
6,3,11,0,3,2.0,0.0019047619047619048,0.0,0.9577932203389832,0.7727412429378532,0.9548954802259888,0,1050.0
14,3,11,0,3,5.0,0.0050916496945010185,0.0,0.9601118644067796,0.7691152542372881,0.9529186440677966,0,982.0
22,4,11,0,3,3.0,0.003188097768331562,0.10709635447710752,0.9582296511627908,0.8025308139534885,0.9455558139534884,1,941.0
6,3,11,0,3,5.0,0.005847953216374269,0.0,0.970548275862069,0.7340936781609195,0.969635632183908,0,855.0
14,3,11,0,3,4.0,0.004694835680751174,0.0,0.9679265536723164,0.677564406779661,0.9646892655367232,0,852.0
22,4,11,0,3,2.0,0.002207505518763797,0.10709635447710752,0.9663485875706216,0.7424570621468926,0.9622666666666668,1,906.0
6,4,11,0,0,2.0,0.0020222446916076846,0.0,0.9714869318181818,0.7811892045454545,0.9603221590909092,0,989.0
14,4,11,0,0,5.0,0.004761904761904762,0.0,0.9732103448275864,0.7720936781609196,0.9673367816091952,0,1050.0
22,5,11,1,0,3.0,0.002857142857142857,0.0,0.9726114285714286,0.7704497142857143,0.9543937142857144,0,1050.0
6,4,11,0,0,6.0,0.008021390374331552,0.09079860895872116,0.9579948863636364,0.6420017045454546,0.9496204545454544,2,748.0
14,4,11,0,0,2.0,0.0022002200220022,0.0754166692495346,0.9595845714285716,0.6536731428571428,0.9767611428571428,2,909.0
22,5,11,1,0,5.0,0.006729475100942127,0.0,0.960858757062147,0.6334305084745763,0.9482943502824858,0,743.0
6,4,11,0,0,4.0,0.0050568900126422255,0.08170139044523239,0.9711568965517242,0.7715344827586208,0.9542132183908044,1,791.0
14,4,11,0,0,4.0,0.0038095238095238095,0.10709635447710752,0.9698011363636364,0.75509375,0.9680863636363636,1,1050.0
22,5,11,1,0,4.0,0.004395604395604396,0.0,0.9699949438202248,0.7404140449438202,0.9610904494382022,0,910.0
6,4,11,0,1,4.0,0.004728132387706856,0.0,0.9694767045454546,0.7222562499999999,0.9522732954545454,0,846.0
14,4,11,0,1,5.0,0.006435006435006435,0.0,0.970316384180791,0.7160909604519774,0.958379661016949,0,777.0
22,5,11,1,1,4.0,0.004744958481613286,0.0,0.9707780898876404,0.6486887640449438,0.9695876404494382,0,843.0
6,4,11,0,1,6.0,0.009077155824508321,0.0,0.9605514124293784,0.6269536723163842,0.9538604519774012,0,661.0
14,4,11,0,1,3.0,0.004,0.0,0.961474431818182,0.6564625000000001,0.9428977272727272,0,750.0
22,5,11,1,1,1.0,0.0011376564277588168,0.041631944477558136,0.9596569832402236,0.6435245810055866,0.9638513966480448,1,879.0
6,4,11,0,1,6.0,0.005714285714285714,0.0,0.965764,0.7633297142857142,0.9598091428571428,0,1050.0
14,4,11,0,1,3.0,0.002857142857142857,0.0,0.961093220338983,0.7580553672316385,0.9796604519774011,0,1050.0
22,5,11,1,1,6.0,0.005714285714285714,0.0,0.95955530726257,0.7858726256983241,0.97316312849162,0,1050.0
6,4,11,0,2,4.0,0.004119464469618949,0.0,0.9684011363636364,0.7713215909090909,0.9683693181818182,0,971.0
14,4,11,0,2,4.0,0.0038461538461538464,0.0,0.9675180790960451,0.7758463276836158,0.9586621468926554,0,1040.0
22,5,11,1,2,5.0,0.005868544600938967,0.0,0.9660954545454546,0.7738732954545454,0.9695846590909092,0,852.0
6,4,11,0,2,3.0,0.0034285714285714284,0.0,0.9734926553672316,0.6269056497175142,0.955367231638418,0,875.0
14,4,11,0,2,2.0,0.003284072249589491,0.0,0.9717162921348316,0.6548410112359551,0.9551494382022472,0,609.0
22,5,11,1,2,4.0,0.005031446540880503,0.0,0.9691514450867053,0.6074329479768786,0.9537063583815028,0,795.0
6,4,11,0,2,2.0,0.0019047619047619048,0.0,0.9558448863636364,0.7807528409090909,0.977555681818182,0,1050.0
14,4,11,0,2,4.0,0.0038095238095238095,0.0,0.959408,0.7887599999999999,0.9514285714285714,0,1050.0
22,5,11,1,2,3.0,0.003076923076923077,0.0,0.9592327485380115,0.7542111111111112,0.97113216374269,0,975.0
6,4,11,0,3,6.0,0.00872093023255814,0.0,0.97625197740113,0.6071683615819209,0.9534841807909604,0,688.0
14,4,11,0,3,5.0,0.006587615283267457,0.0,0.9750948863636364,0.5983465909090909,0.9623090909090908,0,759.0
22,5,11,1,3,1.0,0.0013698630136986301,0.10709635447710752,0.9761469273743016,0.5908648044692737,0.9510592178770948,1,730.0
6,4,11,0,3,4.0,0.003976143141153081,0.10709635447710752,0.9577932203389832,0.7727412429378532,0.9548954802259888,1,1006.0
14,4,11,0,3,4.0,0.003816793893129771,0.10709635447710752,0.9601118644067796,0.7691152542372881,0.9529186440677966,1,1048.0
22,5,11,1,3,1.0,0.0009671179883945841,0.05722222104668617,0.9582296511627908,0.8025308139534885,0.9455558139534884,1,1034.0
6,4,11,0,3,3.0,0.003236245954692557,0.08590278029441833,0.970548275862069,0.7340936781609195,0.969635632183908,1,927.0
14,4,11,0,3,4.0,0.005571030640668524,0.08465278148651123,0.9679265536723164,0.677564406779661,0.9646892655367232,1,718.0
22,5,11,1,3,6.0,0.0069767441860465115,0.0,0.9663485875706216,0.7424570621468926,0.9622666666666668,0,860.0
6,5,11,1,0,6.0,0.0061162079510703364,0.0,0.9714869318181818,0.7811892045454545,0.9603221590909092,0,981.0
22,6,11,1,0,4.0,0.0038095238095238095,0.05996527895331383,0.9726114285714286,0.7704497142857143,0.9543937142857144,1,1050.0
6,5,11,1,0,6.0,0.008571428571428572,0.0,0.9579948863636364,0.6420017045454546,0.9496204545454544,0,700.0
14,5,11,1,0,2.0,0.002849002849002849,0.0,0.9595845714285716,0.6536731428571428,0.9767611428571428,0,702.0
6,5,11,1,0,6.0,0.005940594059405941,0.0,0.9711568965517242,0.7715344827586208,0.9542132183908044,0,1010.0
14,5,11,1,0,2.0,0.001998001998001998,0.0,0.9698011363636364,0.75509375,0.9680863636363636,0,1001.0
22,6,11,1,0,2.0,0.0024752475247524753,0.0,0.9699949438202248,0.7404140449438202,0.9610904494382022,0,808.0
6,5,11,1,1,4.0,0.004324324324324324,0.0,0.9694767045454546,0.7222562499999999,0.9522732954545454,0,925.0
14,5,11,1,1,3.0,0.004070556309362279,0.0,0.970316384180791,0.7160909604519774,0.958379661016949,0,737.0
22,6,11,1,1,5.0,0.004935834155972359,0.0,0.9707780898876404,0.6486887640449438,0.9695876404494382,0,1013.0
6,5,11,1,1,1.0,0.001218026796589525,0.021770833060145378,0.9605514124293784,0.6269536723163842,0.9538604519774012,1,821.0
14,5,11,1,1,6.0,0.012048192771084338,0.028611110523343086,0.961474431818182,0.6564625000000001,0.9428977272727272,1,498.0
22,6,11,1,1,2.0,0.0024125452352231603,0.0,0.9596569832402236,0.6435245810055866,0.9638513966480448,0,829.0
6,5,11,1,1,3.0,0.0032119914346895075,0.0,0.965764,0.7633297142857142,0.9598091428571428,0,934.0
14,5,11,1,1,6.0,0.005714285714285714,0.0,0.961093220338983,0.7580553672316385,0.9796604519774011,0,1050.0
22,6,11,1,1,6.0,0.006147540983606557,0.0,0.95955530726257,0.7858726256983241,0.97316312849162,0,976.0
6,5,11,1,2,5.0,0.004803073967339097,0.0,0.9684011363636364,0.7713215909090909,0.9683693181818182,0,1041.0
14,5,11,1,2,2.0,0.0025188916876574307,0.0,0.9675180790960451,0.7758463276836158,0.9586621468926554,0,794.0
22,6,11,1,2,6.0,0.006006006006006006,0.0,0.9660954545454546,0.7738732954545454,0.9695846590909092,0,999.0
6,5,11,1,2,6.0,0.008053691275167786,0.0,0.9734926553672316,0.6269056497175142,0.955367231638418,0,745.0
14,5,11,1,2,6.0,0.008053691275167786,0.0,0.9717162921348316,0.6548410112359551,0.9551494382022472,0,745.0
22,6,11,1,2,5.0,0.0070028011204481795,0.007256944663822651,0.9691514450867053,0.6074329479768786,0.9537063583815028,1,714.0
6,5,11,1,2,3.0,0.003045685279187817,0.0,0.9558448863636364,0.7807528409090909,0.977555681818182,0,985.0
14,5,11,1,2,5.0,0.00522466039707419,0.0,0.959408,0.7887599999999999,0.9514285714285714,0,957.0
22,6,11,1,2,2.0,0.0021413276231263384,0.0,0.9592327485380115,0.7542111111111112,0.97113216374269,0,934.0
6,5,11,1,3,3.0,0.004491017964071856,0.10709635447710752,0.97625197740113,0.6071683615819209,0.9534841807909604,1,668.0
14,5,11,1,3,2.0,0.0027548209366391185,0.10709635447710752,0.9750948863636364,0.5983465909090909,0.9623090909090908,1,726.0
22,6,11,1,3,1.0,0.001221001221001221,0.08069444447755814,0.9761469273743016,0.5908648044692737,0.9510592178770948,2,819.0
6,5,11,1,3,2.0,0.0023014959723820483,0.049965277314186096,0.9577932203389832,0.7727412429378532,0.9548954802259888,1,869.0
14,5,11,1,3,2.0,0.0022099447513812156,0.04319444298744202,0.9601118644067796,0.7691152542372881,0.9529186440677966,1,905.0
6,5,11,1,3,3.0,0.0038119440914866584,0.0,0.970548275862069,0.7340936781609195,0.969635632183908,0,787.0
14,5,11,1,3,6.0,0.00663716814159292,0.0,0.9679265536723164,0.677564406779661,0.9646892655367232,0,904.0
22,6,11,1,3,4.0,0.004206098843322818,0.0,0.9663485875706216,0.7424570621468926,0.9622666666666668,0,951.0
6,6,11,1,0,5.0,0.0048216007714561235,0.06847222149372101,0.9714869318181818,0.7811892045454545,0.9603221590909092,1,1037.0
14,6,11,1,0,3.0,0.002857142857142857,0.039444442838430405,0.9732103448275864,0.7720936781609196,0.9673367816091952,1,1050.0
22,0,12,0,0,7.0,0.008717310087173101,0.0477430559694767,0.9726114285714286,0.7704497142857143,0.9543937142857144,1,803.0
6,6,11,1,0,4.0,0.004914004914004914,0.0,0.9579948863636364,0.6420017045454546,0.9496204545454544,0,814.0
14,6,11,1,0,3.0,0.004026845637583893,0.0,0.9595845714285716,0.6536731428571428,0.9767611428571428,0,745.0
22,0,12,0,0,5.0,0.005889281507656066,0.0,0.960858757062147,0.6334305084745763,0.9482943502824858,0,849.0
6,6,11,1,0,3.0,0.002912621359223301,0.0,0.9711568965517242,0.7715344827586208,0.9542132183908044,0,1030.0
14,6,11,1,0,6.0,0.005714285714285714,0.0,0.9698011363636364,0.75509375,0.9680863636363636,0,1050.0
22,0,12,0,0,4.0,0.005891016200294551,0.08222222328186035,0.9699949438202248,0.7404140449438202,0.9610904494382022,1,679.0
6,6,11,1,1,3.0,0.0031779661016949155,0.0,0.9694767045454546,0.7222562499999999,0.9522732954545454,0,944.0
14,6,11,1,1,5.0,0.006570302233902759,0.0,0.970316384180791,0.7160909604519774,0.958379661016949,0,761.0
6,6,11,1,1,3.0,0.0035169988276670576,0.0,0.9605514124293784,0.6269536723163842,0.9538604519774012,0,853.0
14,6,11,1,1,1.0,0.0014903129657228018,0.0,0.961474431818182,0.6564625000000001,0.9428977272727272,0,671.0
22,0,12,0,1,3.0,0.003865979381443299,0.0,0.9596569832402236,0.6435245810055866,0.9638513966480448,0,776.0
14,6,11,1,1,4.0,0.004149377593360996,0.0,0.961093220338983,0.7580553672316385,0.9796604519774011,0,964.0
22,0,12,0,1,1.0,0.0011160714285714285,0.0,0.95955530726257,0.7858726256983241,0.97316312849162,0,896.0
6,6,11,1,2,2.0,0.0019047619047619048,0.0,0.9684011363636364,0.7713215909090909,0.9683693181818182,0,1050.0
14,6,11,1,2,1.0,0.0009523809523809524,0.0,0.9675180790960451,0.7758463276836158,0.9586621468926554,0,1050.0
22,0,12,0,2,5.0,0.005257623554153523,0.0,0.9660954545454546,0.7738732954545454,0.9695846590909092,0,951.0
6,6,11,1,2,4.0,0.005961251862891207,0.012256944552063942,0.9734926553672316,0.6269056497175142,0.955367231638418,1,671.0
14,6,11,1,2,5.0,0.006329113924050633,0.008159722201526165,0.9717162921348316,0.6548410112359551,0.9551494382022472,1,790.0
22,0,12,0,2,5.0,0.005952380952380952,0.0,0.9691514450867053,0.6074329479768786,0.9537063583815028,0,840.0
6,6,11,1,2,5.0,0.005341880341880342,0.0,0.9558448863636364,0.7807528409090909,0.977555681818182,0,936.0
14,6,11,1,2,2.0,0.0019193857965451055,0.0,0.959408,0.7887599999999999,0.9514285714285714,0,1042.0
22,0,12,0,2,4.0,0.004343105320304018,0.10709635447710752,0.9592327485380115,0.7542111111111112,0.97113216374269,2,921.0
14,6,11,1,3,2.0,0.0028530670470756064,0.10517361015081406,0.9750948863636364,0.5983465909090909,0.9623090909090908,2,701.0
22,0,12,0,3,3.0,0.004862236628849271,0.0,0.9761469273743016,0.5908648044692737,0.9510592178770948,0,617.0
6,6,11,1,3,2.0,0.0021141649048625794,0.031006945297122,0.9577932203389832,0.7727412429378532,0.9548954802259888,1,946.0
14,6,11,1,3,1.0,0.0010706638115631692,0.019930556416511536,0.9601118644067796,0.7691152542372881,0.9529186440677966,1,934.0
6,6,11,1,3,5.0,0.0059594755661501785,0.0,0.970548275862069,0.7340936781609195,0.969635632183908,0,839.0
14,6,11,1,3,3.0,0.0031088082901554403,0.0,0.9679265536723164,0.677564406779661,0.9646892655367232,0,965.0
22,0,12,0,3,2.0,0.002081165452653486,0.0,0.9663485875706216,0.7424570621468926,0.9622666666666668,0,961.0
6,0,12,0,0,2.0,0.0021321961620469083,0.07878471910953522,0.9714869318181818,0.7811892045454545,0.9603221590909092,1,938.0
14,0,12,0,0,4.0,0.0038095238095238095,0.07972222566604614,0.9732103448275864,0.7720936781609196,0.9673367816091952,1,1050.0
22,1,12,0,0,3.0,0.0033783783783783786,0.06968750059604645,0.9726114285714286,0.7704497142857143,0.9543937142857144,1,888.0
6,0,12,0,0,5.0,0.007656967840735069,0.0,0.9579948863636364,0.6420017045454546,0.9496204545454544,0,653.0
14,0,12,0,0,5.0,0.009328358208955223,0.0,0.9595845714285716,0.6536731428571428,0.9767611428571428,0,536.0
22,1,12,0,0,5.0,0.006993006993006993,0.10709635447710752,0.960858757062147,0.6334305084745763,0.9482943502824858,1,715.0
6,0,12,0,0,4.0,0.0038095238095238095,0.07215277850627899,0.9711568965517242,0.7715344827586208,0.9542132183908044,1,1050.0
14,0,12,0,0,4.0,0.004098360655737705,0.031388889998197556,0.9698011363636364,0.75509375,0.9680863636363636,1,976.0
22,1,12,0,0,2.0,0.002728512960436562,0.0,0.9699949438202248,0.7404140449438202,0.9610904494382022,0,733.0
6,0,12,0,1,4.0,0.004032258064516129,0.0,0.9694767045454546,0.7222562499999999,0.9522732954545454,0,992.0
14,0,12,0,1,3.0,0.003401360544217687,0.0,0.970316384180791,0.7160909604519774,0.958379661016949,0,882.0
22,1,12,0,1,4.0,0.004878048780487805,0.0,0.9707780898876404,0.6486887640449438,0.9695876404494382,0,820.0
6,0,12,0,1,2.0,0.0027247956403269754,0.0,0.9605514124293784,0.6269536723163842,0.9538604519774012,0,734.0
14,0,12,0,1,5.0,0.006510416666666667,0.0,0.961474431818182,0.6564625000000001,0.9428977272727272,0,768.0
22,1,12,0,1,6.0,0.008784773060029283,0.0,0.9596569832402236,0.6435245810055866,0.9638513966480448,0,683.0
6,0,12,0,1,2.0,0.001951219512195122,0.0,0.965764,0.7633297142857142,0.9598091428571428,0,1025.0
14,0,12,0,1,3.0,0.002857142857142857,0.0,0.961093220338983,0.7580553672316385,0.9796604519774011,0,1050.0
22,1,12,0,1,5.0,0.004761904761904762,0.10709635447710752,0.95955530726257,0.7858726256983241,0.97316312849162,1,1050.0
6,0,12,0,2,5.0,0.005149330587023687,0.0,0.9684011363636364,0.7713215909090909,0.9683693181818182,0,971.0
14,0,12,0,2,4.0,0.0041928721174004195,0.0,0.9675180790960451,0.7758463276836158,0.9586621468926554,0,954.0
22,1,12,0,2,2.0,0.002607561929595828,0.0,0.9660954545454546,0.7738732954545454,0.9695846590909092,0,767.0
6,0,12,0,2,6.0,0.007751937984496124,0.0,0.9734926553672316,0.6269056497175142,0.955367231638418,0,774.0
14,0,12,0,2,2.0,0.002366863905325444,0.0,0.9717162921348316,0.6548410112359551,0.9551494382022472,0,845.0
22,1,12,0,2,6.0,0.008534850640113799,0.0,0.9691514450867053,0.6074329479768786,0.9537063583815028,0,703.0
6,0,12,0,2,4.0,0.0038095238095238095,0.10709635447710752,0.9558448863636364,0.7807528409090909,0.977555681818182,2,1050.0
14,0,12,0,2,3.0,0.0032967032967032967,0.08777777850627899,0.959408,0.7887599999999999,0.9514285714285714,2,910.0
22,1,12,0,2,5.0,0.004761904761904762,0.021666666492819786,0.9592327485380115,0.7542111111111112,0.97113216374269,1,1050.0
6,0,12,0,3,2.0,0.0035211267605633804,0.0,0.97625197740113,0.6071683615819209,0.9534841807909604,0,568.0
14,0,12,0,3,4.0,0.006379585326953748,0.0,0.9750948863636364,0.5983465909090909,0.9623090909090908,0,627.0
22,1,12,0,3,2.0,0.0027624309392265192,0.0,0.9761469273743016,0.5908648044692737,0.9510592178770948,0,724.0
6,0,12,0,3,4.0,0.004357298474945534,0.05979166552424431,0.9577932203389832,0.7727412429378532,0.9548954802259888,1,918.0
14,0,12,0,3,3.0,0.003271537622682661,0.10083333402872086,0.9601118644067796,0.7691152542372881,0.9529186440677966,1,917.0
22,1,12,0,3,4.0,0.005063291139240506,0.0,0.9582296511627908,0.8025308139534885,0.9455558139534884,0,790.0
6,0,12,0,3,4.0,0.004371584699453552,0.0,0.970548275862069,0.7340936781609195,0.969635632183908,0,915.0
14,0,12,0,3,4.0,0.004282655246252677,0.0,0.9679265536723164,0.677564406779661,0.9646892655367232,0,934.0
22,1,12,0,3,5.0,0.005302226935312832,0.028368055820465088,0.9663485875706216,0.7424570621468926,0.9622666666666668,1,943.0
6,1,12,0,0,2.0,0.0019047619047619048,0.07284722477197647,0.9714869318181818,0.7811892045454545,0.9603221590909092,1,1050.0
14,1,12,0,0,3.0,0.003246753246753247,0.07270833104848862,0.9732103448275864,0.7720936781609196,0.9673367816091952,1,924.0
22,2,12,0,0,4.0,0.004333694474539545,0.0,0.9726114285714286,0.7704497142857143,0.9543937142857144,0,923.0
6,1,12,0,0,6.0,0.009917355371900827,0.10709635447710752,0.9579948863636364,0.6420017045454546,0.9496204545454544,1,605.0
14,1,12,0,0,2.0,0.0026246719160104987,0.10709635447710752,0.9595845714285716,0.6536731428571428,0.9767611428571428,1,762.0
22,2,12,0,0,8.0,0.010243277848911651,0.0,0.960858757062147,0.6334305084745763,0.9482943502824858,0,781.0
6,1,12,0,0,2.0,0.00196078431372549,0.0,0.9711568965517242,0.7715344827586208,0.9542132183908044,0,1020.0
14,1,12,0,0,6.0,0.006349206349206349,0.0,0.9698011363636364,0.75509375,0.9680863636363636,0,945.0
22,2,12,0,0,6.0,0.006944444444444444,0.0,0.9699949438202248,0.7404140449438202,0.9610904494382022,0,864.0
6,1,12,0,1,3.0,0.0033594624860022394,0.0,0.9694767045454546,0.7222562499999999,0.9522732954545454,0,893.0
14,1,12,0,1,2.0,0.002325581395348837,0.0,0.970316384180791,0.7160909604519774,0.958379661016949,0,860.0
22,2,12,0,1,5.0,0.008291873963515755,0.10709635447710752,0.9707780898876404,0.6486887640449438,0.9695876404494382,1,603.0
6,1,12,0,1,4.0,0.0057306590257879654,0.0,0.9605514124293784,0.6269536723163842,0.9538604519774012,0,698.0
14,1,12,0,1,2.0,0.002398081534772182,0.0,0.961474431818182,0.6564625000000001,0.9428977272727272,0,834.0
22,2,12,0,1,6.0,0.008264462809917356,0.0,0.9596569832402236,0.6435245810055866,0.9638513966480448,0,726.0
6,1,12,0,1,6.0,0.006795016987542469,0.10709635447710752,0.965764,0.7633297142857142,0.9598091428571428,1,883.0
14,1,12,0,1,2.0,0.0024937655860349127,0.10709635447710752,0.961093220338983,0.7580553672316385,0.9796604519774011,1,802.0
22,2,12,0,1,4.0,0.004166666666666667,0.00711805559694767,0.95955530726257,0.7858726256983241,0.97316312849162,1,960.0
6,1,12,0,2,3.0,0.002898550724637681,0.0,0.9684011363636364,0.7713215909090909,0.9683693181818182,0,1035.0
14,1,12,0,2,5.0,0.004761904761904762,0.0,0.9675180790960451,0.7758463276836158,0.9586621468926554,0,1050.0
22,2,12,0,2,2.0,0.0024600246002460025,0.0,0.9660954545454546,0.7738732954545454,0.9695846590909092,0,813.0
6,1,12,0,2,4.0,0.006259780907668232,0.0,0.9734926553672316,0.6269056497175142,0.955367231638418,0,639.0
14,1,12,0,2,5.0,0.006693440428380187,0.0,0.9717162921348316,0.6548410112359551,0.9551494382022472,0,747.0
22,2,12,0,2,2.0,0.0024906600249066002,0.10709635447710752,0.9691514450867053,0.6074329479768786,0.9537063583815028,1,803.0
6,1,12,0,2,4.0,0.003827751196172249,0.017430555075407028,0.9558448863636364,0.7807528409090909,0.977555681818182,1,1045.0
14,1,12,0,2,6.0,0.006550218340611353,0.04871527850627899,0.959408,0.7887599999999999,0.9514285714285714,1,916.0
22,2,12,0,2,6.0,0.005714285714285714,0.0,0.9592327485380115,0.7542111111111112,0.97113216374269,0,1050.0
6,1,12,0,3,6.0,0.00906344410876133,0.0,0.97625197740113,0.6071683615819209,0.9534841807909604,0,662.0
14,1,12,0,3,3.0,0.004398826979472141,0.0,0.9750948863636364,0.5983465909090909,0.9623090909090908,0,682.0
22,2,12,0,3,2.0,0.0026845637583892616,0.10709635447710752,0.9761469273743016,0.5908648044692737,0.9510592178770948,1,745.0
6,1,12,0,3,6.0,0.005836575875486381,0.0,0.9577932203389832,0.7727412429378532,0.9548954802259888,0,1028.0
14,1,12,0,3,5.0,0.0050916496945010185,0.0,0.9601118644067796,0.7691152542372881,0.9529186440677966,0,982.0
22,2,12,0,3,5.0,0.006075334143377886,0.0,0.9582296511627908,0.8025308139534885,0.9455558139534884,0,823.0
6,1,12,0,3,3.0,0.0033149171270718232,0.03548610955476761,0.970548275862069,0.7340936781609195,0.969635632183908,1,905.0
14,1,12,0,3,2.0,0.0023501762632197414,0.04888888821005821,0.9679265536723164,0.677564406779661,0.9646892655367232,1,851.0
22,2,12,0,3,1.0,0.001177856301531213,0.0,0.9663485875706216,0.7424570621468926,0.9622666666666668,0,849.0
6,2,12,0,0,6.0,0.007947019867549669,0.0,0.9714869318181818,0.7811892045454545,0.9603221590909092,0,755.0
14,2,12,0,0,3.0,0.0033259423503325942,0.0,0.9732103448275864,0.7720936781609196,0.9673367816091952,0,902.0
22,3,12,0,0,6.0,0.005714285714285714,0.056805554777383804,0.9726114285714286,0.7704497142857143,0.9543937142857144,1,1050.0
6,2,12,0,0,3.0,0.003821656050955414,0.0,0.9579948863636364,0.6420017045454546,0.9496204545454544,0,785.0
14,2,12,0,0,3.0,0.003947368421052632,0.0,0.9595845714285716,0.6536731428571428,0.9767611428571428,0,760.0
22,3,12,0,0,2.0,0.0028530670470756064,0.0,0.960858757062147,0.6334305084745763,0.9482943502824858,0,701.0
6,2,12,0,0,3.0,0.0033632286995515697,0.0,0.9711568965517242,0.7715344827586208,0.9542132183908044,0,892.0
14,2,12,0,0,4.0,0.0038095238095238095,0.0,0.9698011363636364,0.75509375,0.9680863636363636,0,1050.0
22,3,12,0,0,8.0,0.009557945041816009,0.0,0.9699949438202248,0.7404140449438202,0.9610904494382022,0,837.0
6,2,12,0,1,3.0,0.0031746031746031746,0.05895833298563957,0.9694767045454546,0.7222562499999999,0.9522732954545454,1,945.0
14,2,12,0,1,5.0,0.006544502617801047,0.10709635447710752,0.970316384180791,0.7160909604519774,0.958379661016949,1,764.0
22,3,12,0,1,6.0,0.00784313725490196,0.0,0.9707780898876404,0.6486887640449438,0.9695876404494382,0,765.0
6,2,12,0,1,4.0,0.006060606060606061,0.0,0.9605514124293784,0.6269536723163842,0.9538604519774012,0,660.0
14,2,12,0,1,5.0,0.006418485237483954,0.0,0.961474431818182,0.6564625000000001,0.9428977272727272,0,779.0
22,3,12,0,1,2.0,0.002364066193853428,0.015763888135552406,0.9596569832402236,0.6435245810055866,0.9638513966480448,1,846.0
6,2,12,0,1,2.0,0.0024271844660194173,0.009027778171002865,0.965764,0.7633297142857142,0.9598091428571428,1,824.0
14,2,12,0,1,6.0,0.00804289544235925,0.007847222499549389,0.961093220338983,0.7580553672316385,0.9796604519774011,1,746.0
22,3,12,0,1,6.0,0.006734006734006734,0.024513889104127884,0.95955530726257,0.7858726256983241,0.97316312849162,1,891.0
6,2,12,0,2,5.0,0.004761904761904762,0.0,0.9684011363636364,0.7713215909090909,0.9683693181818182,0,1050.0
14,2,12,0,2,5.0,0.004761904761904762,0.0,0.9675180790960451,0.7758463276836158,0.9586621468926554,0,1050.0
22,3,12,0,2,8.0,0.007619047619047619,0.012916666455566883,0.9660954545454546,0.7738732954545454,0.9695846590909092,1,1050.0
6,2,12,0,2,5.0,0.007861635220125786,0.09440971910953522,0.9734926553672316,0.6269056497175142,0.955367231638418,1,636.0
14,2,12,0,2,5.0,0.006218905472636816,0.10709635447710752,0.9717162921348316,0.6548410112359551,0.9551494382022472,1,804.0
22,3,12,0,2,6.0,0.007653061224489796,0.0,0.9691514450867053,0.6074329479768786,0.9537063583815028,0,784.0
6,2,12,0,2,5.0,0.005159958720330237,0.0,0.9558448863636364,0.7807528409090909,0.977555681818182,0,969.0
14,2,12,0,2,5.0,0.004761904761904762,0.0,0.959408,0.7887599999999999,0.9514285714285714,0,1050.0
22,3,12,0,2,6.0,0.006514657980456026,0.0,0.9592327485380115,0.7542111111111112,0.97113216374269,0,921.0
6,2,12,0,3,6.0,0.008207934336525308,0.10709635447710752,0.97625197740113,0.6071683615819209,0.9534841807909604,1,731.0
14,2,12,0,3,3.0,0.004103967168262654,0.10709635447710752,0.9750948863636364,0.5983465909090909,0.9623090909090908,1,731.0
22,3,12,0,3,3.0,0.004629629629629629,0.0,0.9761469273743016,0.5908648044692737,0.9510592178770948,0,648.0
6,2,12,0,3,4.0,0.00423728813559322,0.0,0.9577932203389832,0.7727412429378532,0.9548954802259888,0,944.0
14,2,12,0,3,5.0,0.004761904761904762,0.0,0.9601118644067796,0.7691152542372881,0.9529186440677966,0,1050.0
22,3,12,0,3,2.0,0.0020639834881320948,0.0,0.9582296511627908,0.8025308139534885,0.9455558139534884,0,969.0
6,2,12,0,3,4.0,0.005305039787798408,0.0,0.970548275862069,0.7340936781609195,0.969635632183908,0,754.0
14,2,12,0,3,6.0,0.007211538461538462,0.0,0.9679265536723164,0.677564406779661,0.9646892655367232,0,832.0
22,3,12,0,3,5.0,0.004906771344455349,0.0,0.9663485875706216,0.7424570621468926,0.9622666666666668,0,1019.0
6,3,12,0,0,4.0,0.004366812227074236,0.0628819465637207,0.9714869318181818,0.7811892045454545,0.9603221590909092,1,916.0
14,3,12,0,0,5.0,0.004761904761904762,0.03187499940395355,0.9732103448275864,0.7720936781609196,0.9673367816091952,1,1050.0
22,4,12,0,0,5.0,0.004761904761904762,0.0,0.9726114285714286,0.7704497142857143,0.9543937142857144,0,1050.0
6,3,12,0,0,2.0,0.002285714285714286,0.0,0.9579948863636364,0.6420017045454546,0.9496204545454544,0,875.0
14,3,12,0,0,4.0,0.00510204081632653,0.0,0.9595845714285716,0.6536731428571428,0.9767611428571428,0,784.0
22,4,12,0,0,3.0,0.004273504273504274,0.0,0.960858757062147,0.6334305084745763,0.9482943502824858,0,702.0
6,3,12,0,0,2.0,0.0020942408376963353,0.0,0.9711568965517242,0.7715344827586208,0.9542132183908044,0,955.0
14,3,12,0,0,4.0,0.0039100684261974585,0.0,0.9698011363636364,0.75509375,0.9680863636363636,0,1023.0
22,4,12,0,0,2.0,0.0022026431718061676,0.0,0.9699949438202248,0.7404140449438202,0.9610904494382022,0,908.0
6,3,12,0,1,5.0,0.005827505827505828,0.0,0.9694767045454546,0.7222562499999999,0.9522732954545454,0,858.0
14,3,12,0,1,6.0,0.00631578947368421,0.0,0.970316384180791,0.7160909604519774,0.958379661016949,0,950.0
22,4,12,0,1,5.0,0.0058823529411764705,0.0,0.9707780898876404,0.6486887640449438,0.9695876404494382,0,850.0
6,3,12,0,1,4.0,0.006042296072507553,0.02065972238779068,0.9605514124293784,0.6269536723163842,0.9538604519774012,1,662.0
14,3,12,0,1,3.0,0.00390625,0.01229166705161333,0.961474431818182,0.6564625000000001,0.9428977272727272,1,768.0
22,4,12,0,1,6.0,0.008185538881309686,0.0,0.9596569832402236,0.6435245810055866,0.9638513966480448,0,733.0
6,3,12,0,1,5.0,0.005263157894736842,0.015208333730697632,0.965764,0.7633297142857142,0.9598091428571428,1,950.0
14,3,12,0,1,6.0,0.005714285714285714,0.015416666865348816,0.961093220338983,0.7580553672316385,0.9796604519774011,1,1050.0
22,4,12,0,1,5.0,0.005434782608695652,0.0,0.95955530726257,0.7858726256983241,0.97316312849162,0,920.0
6,3,12,0,2,2.0,0.002081165452653486,0.016284722834825516,0.9684011363636364,0.7713215909090909,0.9683693181818182,1,961.0
14,3,12,0,2,5.0,0.005649717514124294,0.015486110933125019,0.9675180790960451,0.7758463276836158,0.9586621468926554,1,885.0
22,4,12,0,2,4.0,0.004319654427645789,0.0,0.9660954545454546,0.7738732954545454,0.9695846590909092,0,926.0
6,3,12,0,2,4.0,0.004550625711035267,0.0,0.9734926553672316,0.6269056497175142,0.955367231638418,0,879.0
14,3,12,0,2,4.0,0.00516795865633075,0.0,0.9717162921348316,0.6548410112359551,0.9551494382022472,0,774.0
22,4,12,0,2,2.0,0.00291970802919708,0.03218749910593033,0.9691514450867053,0.6074329479768786,0.9537063583815028,1,685.0
6,3,12,0,2,2.0,0.002002002002002002,0.0,0.9558448863636364,0.7807528409090909,0.977555681818182,0,999.0
14,3,12,0,2,2.0,0.0020181634712411706,0.0,0.959408,0.7887599999999999,0.9514285714285714,0,991.0
22,4,12,0,2,2.0,0.0019083969465648854,0.0,0.9592327485380115,0.7542111111111112,0.97113216374269,0,1048.0
6,3,12,0,3,6.0,0.010771992818671455,0.0,0.97625197740113,0.6071683615819209,0.9534841807909604,0,557.0
14,3,12,0,3,5.0,0.007633587786259542,0.0,0.9750948863636364,0.5983465909090909,0.9623090909090908,0,655.0
22,4,12,0,3,3.0,0.0035169988276670576,0.0,0.9761469273743016,0.5908648044692737,0.9510592178770948,0,853.0
6,3,12,0,3,5.0,0.0054288816503800215,0.0,0.9577932203389832,0.7727412429378532,0.9548954802259888,0,921.0
14,3,12,0,3,6.0,0.006018054162487462,0.0,0.9601118644067796,0.7691152542372881,0.9529186440677966,0,997.0
22,4,12,0,3,5.0,0.004761904761904762,0.03760416805744171,0.9582296511627908,0.8025308139534885,0.9455558139534884,1,1050.0
6,3,12,0,3,6.0,0.006396588486140725,0.0,0.970548275862069,0.7340936781609195,0.969635632183908,0,938.0
14,3,12,0,3,3.0,0.0032679738562091504,0.0,0.9679265536723164,0.677564406779661,0.9646892655367232,0,918.0
22,4,12,0,3,5.0,0.006418485237483954,0.0,0.9663485875706216,0.7424570621468926,0.9622666666666668,0,779.0
6,4,12,0,0,6.0,0.006362672322375398,0.0,0.9714869318181818,0.7811892045454545,0.9603221590909092,0,943.0
14,4,12,0,0,6.0,0.006666666666666667,0.0,0.9732103448275864,0.7720936781609196,0.9673367816091952,0,900.0
22,5,12,1,0,4.0,0.0038095238095238095,0.0,0.9726114285714286,0.7704497142857143,0.9543937142857144,0,1050.0
6,4,12,0,0,3.0,0.004137931034482759,0.0,0.9579948863636364,0.6420017045454546,0.9496204545454544,0,725.0
14,4,12,0,0,5.0,0.006839945280437756,0.0,0.9595845714285716,0.6536731428571428,0.9767611428571428,0,731.0
22,5,12,1,0,1.0,0.0012048192771084338,0.027187500149011612,0.960858757062147,0.6334305084745763,0.9482943502824858,1,830.0
6,4,12,0,0,3.0,0.003092783505154639,0.0,0.9711568965517242,0.7715344827586208,0.9542132183908044,0,970.0
14,4,12,0,0,3.0,0.0033519553072625698,0.0,0.9698011363636364,0.75509375,0.9680863636363636,0,895.0
22,5,12,1,0,5.0,0.006596306068601583,0.010625000111758709,0.9699949438202248,0.7404140449438202,0.9610904494382022,1,758.0
6,4,12,0,1,4.0,0.004405286343612335,0.0,0.9694767045454546,0.7222562499999999,0.9522732954545454,0,908.0
14,4,12,0,1,6.0,0.0072992700729927005,0.0,0.970316384180791,0.7160909604519774,0.958379661016949,0,822.0
22,5,12,1,1,4.0,0.004694835680751174,0.0,0.9707780898876404,0.6486887640449438,0.9695876404494382,0,852.0
6,4,12,0,1,3.0,0.004213483146067416,0.0,0.9605514124293784,0.6269536723163842,0.9538604519774012,0,712.0
14,4,12,0,1,2.0,0.002531645569620253,0.0,0.961474431818182,0.6564625000000001,0.9428977272727272,0,790.0
22,5,12,1,1,2.0,0.002828854314002829,0.0,0.9596569832402236,0.6435245810055866,0.9638513966480448,0,707.0
6,4,12,0,1,6.0,0.006153846153846154,0.0,0.965764,0.7633297142857142,0.9598091428571428,0,975.0
14,4,12,0,1,4.0,0.004519774011299435,0.0,0.961093220338983,0.7580553672316385,0.9796604519774011,0,885.0
22,5,12,1,1,2.0,0.001951219512195122,0.0,0.95955530726257,0.7858726256983241,0.97316312849162,0,1025.0
6,4,12,0,2,3.0,0.002857142857142857,0.0,0.9684011363636364,0.7713215909090909,0.9683693181818182,0,1050.0
14,4,12,0,2,5.0,0.004761904761904762,0.0,0.9675180790960451,0.7758463276836158,0.9586621468926554,0,1050.0
22,5,12,1,2,5.0,0.0049800796812749,0.0,0.9660954545454546,0.7738732954545454,0.9695846590909092,0,1004.0
6,4,12,0,2,2.0,0.002333722287047841,0.02569444477558136,0.9734926553672316,0.6269056497175142,0.955367231638418,1,857.0
14,4,12,0,2,6.0,0.007623888182973317,0.029652778059244156,0.9717162921348316,0.6548410112359551,0.9551494382022472,1,787.0
22,5,12,1,2,3.0,0.003468208092485549,0.025381945073604584,0.9691514450867053,0.6074329479768786,0.9537063583815028,1,865.0
6,4,12,0,2,6.0,0.005714285714285714,0.0,0.9558448863636364,0.7807528409090909,0.977555681818182,0,1050.0
14,4,12,0,2,4.0,0.004540295119182747,0.0,0.959408,0.7887599999999999,0.9514285714285714,0,881.0
22,5,12,1,2,4.0,0.0038095238095238095,0.0,0.9592327485380115,0.7542111111111112,0.97113216374269,0,1050.0
6,4,12,0,3,3.0,0.0042796005706134095,0.0,0.97625197740113,0.6071683615819209,0.9534841807909604,0,701.0
14,4,12,0,3,3.0,0.004470938897168405,0.0,0.9750948863636364,0.5983465909090909,0.9623090909090908,0,671.0
22,5,12,1,3,6.0,0.01195219123505976,0.10709635447710752,0.9761469273743016,0.5908648044692737,0.9510592178770948,1,502.0
6,4,12,0,3,5.0,0.005753739930955121,0.0225694440305233,0.9577932203389832,0.7727412429378532,0.9548954802259888,1,869.0
14,4,12,0,3,5.0,0.0059031877213695395,0.04555555433034897,0.9601118644067796,0.7691152542372881,0.9529186440677966,1,847.0
22,5,12,1,3,5.0,0.0051440329218107,0.0,0.9582296511627908,0.8025308139534885,0.9455558139534884,0,972.0
6,4,12,0,3,4.0,0.00411522633744856,0.0,0.970548275862069,0.7340936781609195,0.969635632183908,0,972.0
14,4,12,0,3,5.0,0.004868549172346641,0.0,0.9679265536723164,0.677564406779661,0.9646892655367232,0,1027.0
22,5,12,1,3,5.0,0.005841121495327103,0.0,0.9663485875706216,0.7424570621468926,0.9622666666666668,0,856.0
6,5,12,1,0,6.0,0.005958291956305859,0.0,0.9714869318181818,0.7811892045454545,0.9603221590909092,0,1007.0
14,5,12,1,0,6.0,0.005714285714285714,0.0,0.9732103448275864,0.7720936781609196,0.9673367816091952,0,1050.0
22,6,12,1,0,6.0,0.006256517205422315,0.0,0.9726114285714286,0.7704497142857143,0.9543937142857144,0,959.0
14,5,12,1,0,4.0,0.005134788189987163,0.027013888582587242,0.9595845714285716,0.6536731428571428,0.9767611428571428,1,779.0
22,6,12,1,0,2.0,0.0028011204481792717,0.0,0.960858757062147,0.6334305084745763,0.9482943502824858,0,714.0
6,5,12,1,0,3.0,0.002973240832507433,0.007430555764585733,0.9711568965517242,0.7715344827586208,0.9542132183908044,1,1009.0
22,6,12,1,0,3.0,0.00303951367781155,0.0,0.9699949438202248,0.7404140449438202,0.9610904494382022,0,987.0
6,5,12,1,1,4.0,0.004333694474539545,0.0,0.9694767045454546,0.7222562499999999,0.9522732954545454,0,923.0
14,5,12,1,1,6.0,0.008108108108108109,0.0,0.970316384180791,0.7160909604519774,0.958379661016949,0,740.0
22,6,12,1,1,4.0,0.0047789725209080045,0.0,0.9707780898876404,0.6486887640449438,0.9695876404494382,0,837.0
6,5,12,1,1,2.0,0.002642007926023778,0.0,0.9605514124293784,0.6269536723163842,0.9538604519774012,0,757.0
14,5,12,1,1,2.0,0.0028694404591104736,0.0,0.961474431818182,0.6564625000000001,0.9428977272727272,0,697.0
22,6,12,1,1,3.0,0.003989361702127659,0.0,0.9596569832402236,0.6435245810055866,0.9638513966480448,0,752.0
6,5,12,1,1,4.0,0.004,0.0,0.965764,0.7633297142857142,0.9598091428571428,0,1000.0
14,5,12,1,1,5.0,0.004761904761904762,0.0,0.961093220338983,0.7580553672316385,0.9796604519774011,0,1050.0
22,6,12,1,1,5.0,0.004940711462450593,0.0,0.95955530726257,0.7858726256983241,0.97316312849162,0,1012.0
6,5,12,1,2,3.0,0.002857142857142857,0.0,0.9684011363636364,0.7713215909090909,0.9683693181818182,0,1050.0
14,5,12,1,2,2.0,0.0020512820512820513,0.0,0.9675180790960451,0.7758463276836158,0.9586621468926554,0,975.0
22,6,12,1,2,6.0,0.005714285714285714,0.0,0.9660954545454546,0.7738732954545454,0.9695846590909092,0,1050.0
6,5,12,1,2,3.0,0.003500583430571762,0.02118055522441864,0.9734926553672316,0.6269056497175142,0.955367231638418,1,857.0
14,5,12,1,2,2.0,0.0025252525252525255,0.02743055485188961,0.9717162921348316,0.6548410112359551,0.9551494382022472,1,792.0
22,6,12,1,2,1.0,0.0012738853503184713,0.0,0.9691514450867053,0.6074329479768786,0.9537063583815028,0,785.0
6,5,12,1,2,5.0,0.005030181086519115,0.0,0.9558448863636364,0.7807528409090909,0.977555681818182,0,994.0
14,5,12,1,2,4.0,0.003933136676499509,0.0,0.959408,0.7887599999999999,0.9514285714285714,0,1017.0
22,6,12,1,2,1.0,0.0009523809523809524,0.0,0.9592327485380115,0.7542111111111112,0.97113216374269,0,1050.0
6,5,12,1,3,3.0,0.004297994269340974,0.10709635447710752,0.97625197740113,0.6071683615819209,0.9534841807909604,1,698.0
14,5,12,1,3,4.0,0.006462035541195477,0.10709635447710752,0.9750948863636364,0.5983465909090909,0.9623090909090908,1,619.0
22,6,12,1,3,2.0,0.0026666666666666666,0.0,0.9761469273743016,0.5908648044692737,0.9510592178770948,0,750.0
6,5,12,1,3,5.0,0.004761904761904762,0.0,0.9577932203389832,0.7727412429378532,0.9548954802259888,0,1050.0
14,5,12,1,3,3.0,0.0036275695284159614,0.0,0.9601118644067796,0.7691152542372881,0.9529186440677966,0,827.0
22,6,12,1,3,4.0,0.004576659038901602,0.0,0.9582296511627908,0.8025308139534885,0.9455558139534884,0,874.0
6,5,12,1,3,5.0,0.005636978579481398,0.0,0.970548275862069,0.7340936781609195,0.969635632183908,0,887.0
14,5,12,1,3,3.0,0.0029615004935834156,0.0,0.9679265536723164,0.677564406779661,0.9646892655367232,0,1013.0
22,6,12,1,3,4.0,0.004597701149425287,0.032430555671453476,0.9663485875706216,0.7424570621468926,0.9622666666666668,1,870.0
6,6,12,1,0,6.0,0.0057859209257473485,0.0,0.9714869318181818,0.7811892045454545,0.9603221590909092,0,1037.0
14,6,12,1,0,4.0,0.004106776180698152,0.0,0.9732103448275864,0.7720936781609196,0.9673367816091952,0,974.0
22,0,13,0,0,3.0,0.0032858707557502738,0.0,0.9726114285714286,0.7704497142857143,0.9543937142857144,0,913.0
6,6,12,1,0,4.0,0.0047789725209080045,0.0,0.9579948863636364,0.6420017045454546,0.9496204545454544,0,837.0
14,6,12,1,0,6.0,0.008534850640113799,0.0,0.9595845714285716,0.6536731428571428,0.9767611428571428,0,703.0
22,0,13,0,0,5.0,0.00741839762611276,0.10709635447710752,0.960858757062147,0.6334305084745763,0.9482943502824858,1,674.0
6,6,12,1,0,4.0,0.0040609137055837565,0.0,0.9711568965517242,0.7715344827586208,0.9542132183908044,0,985.0
14,6,12,1,0,6.0,0.005714285714285714,0.0,0.9698011363636364,0.75509375,0.9680863636363636,0,1050.0
22,0,13,0,0,4.0,0.004052684903748734,0.0,0.9699949438202248,0.7404140449438202,0.9610904494382022,0,987.0
6,6,12,1,1,6.0,0.006437768240343348,0.0,0.9694767045454546,0.7222562499999999,0.9522732954545454,0,932.0
14,6,12,1,1,2.0,0.002386634844868735,0.0,0.970316384180791,0.7160909604519774,0.958379661016949,0,838.0
22,0,13,0,1,2.0,0.002242152466367713,0.058888889849185944,0.9707780898876404,0.6486887640449438,0.9695876404494382,1,892.0
14,6,12,1,1,2.0,0.0024906600249066002,0.0,0.961474431818182,0.6564625000000001,0.9428977272727272,0,803.0
22,0,13,0,1,3.0,0.004392386530014641,0.0,0.9596569832402236,0.6435245810055866,0.9638513966480448,0,683.0
14,6,12,1,1,2.0,0.0019047619047619048,0.0,0.961093220338983,0.7580553672316385,0.9796604519774011,0,1050.0
22,0,13,0,1,4.0,0.0038095238095238095,0.0,0.95955530726257,0.7858726256983241,0.97316312849162,0,1050.0
6,6,12,1,2,2.0,0.0019047619047619048,0.0,0.9684011363636364,0.7713215909090909,0.9683693181818182,0,1050.0
14,6,12,1,2,6.0,0.006389776357827476,0.0,0.9675180790960451,0.7758463276836158,0.9586621468926554,0,939.0
22,0,13,0,2,2.0,0.0020833333333333333,0.0,0.9660954545454546,0.7738732954545454,0.9695846590909092,0,960.0
6,6,12,1,2,3.0,0.004392386530014641,0.0,0.9734926553672316,0.6269056497175142,0.955367231638418,0,683.0
14,6,12,1,2,3.0,0.004103967168262654,0.0,0.9717162921348316,0.6548410112359551,0.9551494382022472,0,731.0
22,0,13,0,2,5.0,0.0070126227208976155,0.0,0.9691514450867053,0.6074329479768786,0.9537063583815028,0,713.0
6,6,12,1,2,3.0,0.0031779661016949155,0.0,0.9558448863636364,0.7807528409090909,0.977555681818182,0,944.0
14,6,12,1,2,3.0,0.0035169988276670576,0.0,0.959408,0.7887599999999999,0.9514285714285714,0,853.0
6,6,12,1,3,6.0,0.008955223880597015,0.0,0.97625197740113,0.6071683615819209,0.9534841807909604,0,670.0
14,6,12,1,3,2.0,0.002680965147453083,0.0,0.9750948863636364,0.5983465909090909,0.9623090909090908,0,746.0
22,0,13,0,3,4.0,0.005434782608695652,0.0,0.9761469273743016,0.5908648044692737,0.9510592178770948,0,736.0
6,6,12,1,3,6.0,0.006528835690968444,0.0,0.9577932203389832,0.7727412429378532,0.9548954802259888,0,919.0
14,6,12,1,3,3.0,0.0031847133757961785,0.0,0.9601118644067796,0.7691152542372881,0.9529186440677966,0,942.0
22,0,13,0,3,5.0,0.00501002004008016,0.0,0.9582296511627908,0.8025308139534885,0.9455558139534884,0,998.0
6,6,12,1,3,4.0,0.004419889502762431,0.01788194477558136,0.970548275862069,0.7340936781609195,0.969635632183908,1,905.0
14,6,12,1,3,4.0,0.003964321110009911,0.020347222685813904,0.9679265536723164,0.677564406779661,0.9646892655367232,1,1009.0
22,0,13,0,3,5.0,0.006218905472636816,0.0,0.9663485875706216,0.7424570621468926,0.9622666666666668,0,804.0
6,0,13,0,0,2.0,0.0020325203252032522,0.0,0.9714869318181818,0.7811892045454545,0.9603221590909092,0,984.0
14,0,13,0,0,2.0,0.001943634596695821,0.0,0.9732103448275864,0.7720936781609196,0.9673367816091952,0,1029.0
22,1,13,0,0,8.0,0.008121827411167513,0.0,0.9726114285714286,0.7704497142857143,0.9543937142857144,0,985.0
6,0,13,0,0,5.0,0.006868131868131868,0.10709635447710752,0.9579948863636364,0.6420017045454546,0.9496204545454544,1,728.0
14,0,13,0,0,4.0,0.005242463958060288,0.10709635447710752,0.9595845714285716,0.6536731428571428,0.9767611428571428,1,763.0
22,1,13,0,0,2.0,0.002355712603062426,0.0,0.960858757062147,0.6334305084745763,0.9482943502824858,0,849.0
6,0,13,0,0,5.0,0.0056753688989784334,0.0,0.9711568965517242,0.7715344827586208,0.9542132183908044,0,881.0
14,0,13,0,0,2.0,0.0022172949002217295,0.0,0.9698011363636364,0.75509375,0.9680863636363636,0,902.0
22,1,13,0,0,3.0,0.0034482758620689655,0.0,0.9699949438202248,0.7404140449438202,0.9610904494382022,0,870.0
6,0,13,0,1,2.0,0.002911208151382824,0.05354166775941849,0.9694767045454546,0.7222562499999999,0.9522732954545454,1,687.0
14,0,13,0,1,4.0,0.004790419161676647,0.03888889029622078,0.970316384180791,0.7160909604519774,0.958379661016949,1,835.0
22,1,13,0,1,7.0,0.007909604519774011,0.0,0.9707780898876404,0.6486887640449438,0.9695876404494382,0,885.0
6,0,13,0,1,6.0,0.00927357032457496,0.0,0.9605514124293784,0.6269536723163842,0.9538604519774012,0,647.0
14,0,13,0,1,2.0,0.0031397174254317113,0.0,0.961474431818182,0.6564625000000001,0.9428977272727272,0,637.0
22,1,13,0,1,2.0,0.0035026269702276708,0.04114583507180214,0.9596569832402236,0.6435245810055866,0.9638513966480448,1,571.0
6,0,13,0,1,2.0,0.0020304568527918783,0.0,0.965764,0.7633297142857142,0.9598091428571428,0,985.0
14,0,13,0,1,6.0,0.005714285714285714,0.0,0.961093220338983,0.7580553672316385,0.9796604519774011,0,1050.0
22,1,13,0,1,3.0,0.0031678986272439284,0.0,0.95955530726257,0.7858726256983241,0.97316312849162,0,947.0
6,0,13,0,2,2.0,0.0020161290322580645,0.0,0.9684011363636364,0.7713215909090909,0.9683693181818182,0,992.0
14,0,13,0,2,2.0,0.0019047619047619048,0.0,0.9675180790960451,0.7758463276836158,0.9586621468926554,0,1050.0
22,1,13,0,2,0.0,0.0,0.0,0.9660954545454546,0.7738732954545454,0.9695846590909092,0,1050.0
6,0,13,0,2,6.0,0.0071174377224199285,0.0,0.9734926553672316,0.6269056497175142,0.955367231638418,0,843.0
14,0,13,0,2,5.0,0.006157635467980296,0.0,0.9717162921348316,0.6548410112359551,0.9551494382022472,0,812.0
22,1,13,0,2,4.0,0.005108556832694764,0.06652777642011642,0.9691514450867053,0.6074329479768786,0.9537063583815028,1,783.0
6,0,13,0,2,4.0,0.004081632653061225,0.0,0.9558448863636364,0.7807528409090909,0.977555681818182,0,980.0
14,0,13,0,2,2.0,0.0022271714922048997,0.0,0.959408,0.7887599999999999,0.9514285714285714,0,898.0
22,1,13,0,2,3.0,0.003278688524590164,0.09913194179534912,0.9592327485380115,0.7542111111111112,0.97113216374269,1,915.0
6,0,13,0,3,3.0,0.005747126436781609,0.0,0.97625197740113,0.6071683615819209,0.9534841807909604,0,522.0
14,0,13,0,3,5.0,0.006402048655569782,0.0,0.9750948863636364,0.5983465909090909,0.9623090909090908,0,781.0
22,1,13,0,3,4.0,0.0049504950495049506,0.0,0.9761469273743016,0.5908648044692737,0.9510592178770948,0,808.0
6,0,13,0,3,2.0,0.0019047619047619048,0.0,0.9577932203389832,0.7727412429378532,0.9548954802259888,0,1050.0
14,0,13,0,3,5.0,0.005045408678102927,0.0,0.9601118644067796,0.7691152542372881,0.9529186440677966,0,991.0
22,1,13,0,3,3.0,0.002857142857142857,0.0,0.9582296511627908,0.8025308139534885,0.9455558139534884,0,1050.0
6,0,13,0,3,6.0,0.008522727272727272,0.0,0.970548275862069,0.7340936781609195,0.969635632183908,0,704.0
14,0,13,0,3,5.0,0.005714285714285714,0.0,0.9679265536723164,0.677564406779661,0.9646892655367232,0,875.0
22,1,13,0,3,3.0,0.0031282586027111575,0.10709635447710752,0.9663485875706216,0.7424570621468926,0.9622666666666668,1,959.0
6,1,13,0,0,3.0,0.0029615004935834156,0.0,0.9714869318181818,0.7811892045454545,0.9603221590909092,0,1013.0
14,1,13,0,0,4.0,0.004343105320304018,0.0,0.9732103448275864,0.7720936781609196,0.9673367816091952,0,921.0
22,2,13,0,0,3.0,0.0032537960954446853,0.0,0.9726114285714286,0.7704497142857143,0.9543937142857144,0,922.0
6,1,13,0,0,6.0,0.007822685788787484,0.0,0.9579948863636364,0.6420017045454546,0.9496204545454544,0,767.0
14,1,13,0,0,4.0,0.005063291139240506,0.0,0.9595845714285716,0.6536731428571428,0.9767611428571428,0,790.0
22,2,13,0,0,7.0,0.00819672131147541,0.0,0.960858757062147,0.6334305084745763,0.9482943502824858,0,854.0
6,1,13,0,0,6.0,0.006896551724137931,0.0,0.9711568965517242,0.7715344827586208,0.9542132183908044,0,870.0
14,1,13,0,0,5.0,0.005302226935312832,0.0,0.9698011363636364,0.75509375,0.9680863636363636,0,943.0
22,2,13,0,0,3.0,0.003080082135523614,0.10709635447710752,0.9699949438202248,0.7404140449438202,0.9610904494382022,1,974.0
6,1,13,0,1,6.0,0.007832898172323759,0.0,0.9694767045454546,0.7222562499999999,0.9522732954545454,0,766.0
14,1,13,0,1,1.0,0.001002004008016032,0.0,0.970316384180791,0.7160909604519774,0.958379661016949,0,998.0
22,2,13,0,1,4.0,0.0042643923240938165,0.0,0.9707780898876404,0.6486887640449438,0.9695876404494382,0,938.0
6,1,13,0,1,3.0,0.0036900369003690036,0.06930555403232574,0.9605514124293784,0.6269536723163842,0.9538604519774012,1,813.0
14,1,13,0,1,4.0,0.005188067444876783,0.08868055790662766,0.961474431818182,0.6564625000000001,0.9428977272727272,1,771.0
22,2,13,0,1,4.0,0.004576659038901602,0.0,0.9596569832402236,0.6435245810055866,0.9638513966480448,0,874.0
6,1,13,0,1,2.0,0.0019880715705765406,0.0,0.965764,0.7633297142857142,0.9598091428571428,0,1006.0
14,1,13,0,1,3.0,0.00340522133938706,0.0,0.961093220338983,0.7580553672316385,0.9796604519774011,0,881.0
22,2,13,0,1,3.0,0.0032858707557502738,0.0,0.95955530726257,0.7858726256983241,0.97316312849162,0,913.0
6,1,13,0,2,4.0,0.004048582995951417,0.0,0.9684011363636364,0.7713215909090909,0.9683693181818182,0,988.0
14,1,13,0,2,4.0,0.004044489383215369,0.0,0.9675180790960451,0.7758463276836158,0.9586621468926554,0,989.0
22,2,13,0,2,4.0,0.005069708491761723,0.0,0.9660954545454546,0.7738732954545454,0.9695846590909092,0,789.0
6,1,13,0,2,3.0,0.004155124653739612,0.06350694596767426,0.9734926553672316,0.6269056497175142,0.955367231638418,1,722.0
14,1,13,0,2,4.0,0.0053404539385847796,0.0668402761220932,0.9717162921348316,0.6548410112359551,0.9551494382022472,1,749.0
22,2,13,0,2,3.0,0.00425531914893617,0.0,0.9691514450867053,0.6074329479768786,0.9537063583815028,0,705.0
6,1,13,0,2,2.0,0.002403846153846154,0.10709635447710752,0.9558448863636364,0.7807528409090909,0.977555681818182,1,832.0
14,1,13,0,2,5.0,0.004761904761904762,0.10709635447710752,0.959408,0.7887599999999999,0.9514285714285714,1,1050.0
22,2,13,0,2,2.0,0.001953125,0.10709635447710752,0.9592327485380115,0.7542111111111112,0.97113216374269,1,1024.0
6,1,13,0,3,4.0,0.005319148936170213,0.0,0.97625197740113,0.6071683615819209,0.9534841807909604,0,752.0
14,1,13,0,3,4.0,0.006633499170812604,0.0,0.9750948863636364,0.5983465909090909,0.9623090909090908,0,603.0
22,2,13,0,3,2.0,0.004228329809725159,0.0,0.9761469273743016,0.5908648044692737,0.9510592178770948,0,473.0
6,1,13,0,3,2.0,0.0020304568527918783,0.0,0.9577932203389832,0.7727412429378532,0.9548954802259888,0,985.0
14,1,13,0,3,4.0,0.004119464469618949,0.0,0.9601118644067796,0.7691152542372881,0.9529186440677966,0,971.0
22,2,13,0,3,3.0,0.003051881993896236,0.04319444298744202,0.9582296511627908,0.8025308139534885,0.9455558139534884,1,983.0
6,1,13,0,3,4.0,0.004232804232804233,0.10709635447710752,0.970548275862069,0.7340936781609195,0.969635632183908,1,945.0
14,1,13,0,3,4.0,0.004761904761904762,0.10709635447710752,0.9679265536723164,0.677564406779661,0.9646892655367232,1,840.0
22,2,13,0,3,7.0,0.006666666666666667,0.0,0.9663485875706216,0.7424570621468926,0.9622666666666668,0,1050.0
6,2,13,0,0,4.0,0.0038095238095238095,0.0,0.9714869318181818,0.7811892045454545,0.9603221590909092,0,1050.0
14,2,13,0,0,6.0,0.005714285714285714,0.0,0.9732103448275864,0.7720936781609196,0.9673367816091952,0,1050.0
22,3,13,0,0,2.0,0.0019047619047619048,0.10709635447710752,0.9726114285714286,0.7704497142857143,0.9543937142857144,1,1050.0
6,2,13,0,0,2.0,0.0026490066225165563,0.0,0.9579948863636364,0.6420017045454546,0.9496204545454544,0,755.0
14,2,13,0,0,4.0,0.004362050163576881,0.0,0.9595845714285716,0.6536731428571428,0.9767611428571428,0,917.0
22,3,13,0,0,3.0,0.0035587188612099642,0.0,0.960858757062147,0.6334305084745763,0.9482943502824858,0,843.0
6,2,13,0,0,6.0,0.00646551724137931,0.07326389104127884,0.9711568965517242,0.7715344827586208,0.9542132183908044,1,928.0
14,2,13,0,0,3.0,0.0033632286995515697,0.10709635447710752,0.9698011363636364,0.75509375,0.9680863636363636,1,892.0
22,3,13,0,0,4.0,0.003980099502487562,0.0,0.9699949438202248,0.7404140449438202,0.9610904494382022,0,1005.0
6,2,13,0,1,1.0,0.0011947431302270011,0.0,0.9694767045454546,0.7222562499999999,0.9522732954545454,0,837.0
14,2,13,0,1,4.0,0.0041279669762641896,0.0,0.970316384180791,0.7160909604519774,0.958379661016949,0,969.0
22,3,13,0,1,6.0,0.007518796992481203,0.0,0.9707780898876404,0.6486887640449438,0.9695876404494382,0,798.0
6,2,13,0,1,3.0,0.003500583430571762,0.0,0.9605514124293784,0.6269536723163842,0.9538604519774012,0,857.0
14,2,13,0,1,4.0,0.005822416302765648,0.0,0.961474431818182,0.6564625000000001,0.9428977272727272,0,687.0
22,3,13,0,1,4.0,0.005148005148005148,0.0,0.9596569832402236,0.6435245810055866,0.9638513966480448,0,777.0
6,2,13,0,1,5.0,0.0053533190578158455,0.0,0.965764,0.7633297142857142,0.9598091428571428,0,934.0
14,2,13,0,1,3.0,0.0035885167464114833,0.0,0.961093220338983,0.7580553672316385,0.9796604519774011,0,836.0
22,3,13,0,1,2.0,0.0022650056625141564,0.0,0.95955530726257,0.7858726256983241,0.97316312849162,0,883.0
6,2,13,0,2,4.0,0.0038095238095238095,0.0,0.9684011363636364,0.7713215909090909,0.9683693181818182,0,1050.0
14,2,13,0,2,3.0,0.002857142857142857,0.0,0.9675180790960451,0.7758463276836158,0.9586621468926554,0,1050.0
22,3,13,0,2,3.0,0.002944062806673209,0.0,0.9660954545454546,0.7738732954545454,0.9695846590909092,0,1019.0
6,2,13,0,2,2.0,0.0023612750885478157,0.0,0.9734926553672316,0.6269056497175142,0.955367231638418,0,847.0
14,2,13,0,2,2.0,0.002457002457002457,0.0,0.9717162921348316,0.6548410112359551,0.9551494382022472,0,814.0
22,3,13,0,2,2.0,0.0033003300330033004,0.0,0.9691514450867053,0.6074329479768786,0.9537063583815028,0,606.0
6,2,13,0,2,4.0,0.0038095238095238095,0.09680555760860443,0.9558448863636364,0.7807528409090909,0.977555681818182,1,1050.0
14,2,13,0,2,6.0,0.005714285714285714,0.10709635447710752,0.959408,0.7887599999999999,0.9514285714285714,1,1050.0
22,3,13,0,2,4.0,0.0041841004184100415,0.05111110955476761,0.9592327485380115,0.7542111111111112,0.97113216374269,1,956.0
6,2,13,0,3,5.0,0.006963788300835654,0.0,0.97625197740113,0.6071683615819209,0.9534841807909604,0,718.0
14,2,13,0,3,2.0,0.00291970802919708,0.0,0.9750948863636364,0.5983465909090909,0.9623090909090908,0,685.0
22,3,13,0,3,5.0,0.00641025641025641,0.0,0.9761469273743016,0.5908648044692737,0.9510592178770948,0,780.0
6,2,13,0,3,5.0,0.0051813471502590676,0.0546875,0.9577932203389832,0.7727412429378532,0.9548954802259888,1,965.0
14,2,13,0,3,6.0,0.006756756756756757,0.03322916850447655,0.9601118644067796,0.7691152542372881,0.9529186440677966,1,888.0
22,3,13,0,3,2.0,0.001951219512195122,0.08968749642372131,0.9582296511627908,0.8025308139534885,0.9455558139534884,2,1025.0
6,2,13,0,3,5.0,0.0053475935828877,0.0,0.970548275862069,0.7340936781609195,0.969635632183908,0,935.0
14,2,13,0,3,6.0,0.007832898172323759,0.0,0.9679265536723164,0.677564406779661,0.9646892655367232,0,766.0
22,3,13,0,3,3.0,0.0037926675094816687,0.032430555671453476,0.9663485875706216,0.7424570621468926,0.9622666666666668,1,791.0
6,3,13,0,0,5.0,0.005208333333333333,0.10709635447710752,0.9714869318181818,0.7811892045454545,0.9603221590909092,1,960.0
14,3,13,0,0,3.0,0.0033259423503325942,0.10709635447710752,0.9732103448275864,0.7720936781609196,0.9673367816091952,1,902.0
22,4,13,0,0,4.0,0.0038095238095238095,0.1015625,0.9726114285714286,0.7704497142857143,0.9543937142857144,1,1050.0
6,3,13,0,0,6.0,0.006825938566552901,0.0,0.9579948863636364,0.6420017045454546,0.9496204545454544,0,879.0
14,3,13,0,0,4.0,0.004694835680751174,0.0,0.9595845714285716,0.6536731428571428,0.9767611428571428,0,852.0
22,4,13,0,0,3.0,0.0036231884057971015,0.09298611432313919,0.960858757062147,0.6334305084745763,0.9482943502824858,2,828.0
6,3,13,0,0,5.0,0.004955401387512388,0.0,0.9711568965517242,0.7715344827586208,0.9542132183908044,0,1009.0
14,3,13,0,0,2.0,0.0020242914979757085,0.0,0.9698011363636364,0.75509375,0.9680863636363636,0,988.0
22,4,13,0,0,5.0,0.004849660523763337,0.0,0.9699949438202248,0.7404140449438202,0.9610904494382022,0,1031.0
6,3,13,0,1,5.0,0.005931198102016607,0.0,0.9694767045454546,0.7222562499999999,0.9522732954545454,0,843.0
14,3,13,0,1,3.0,0.003861003861003861,0.0,0.970316384180791,0.7160909604519774,0.958379661016949,0,777.0
22,4,13,0,1,5.0,0.00620347394540943,0.0,0.9707780898876404,0.6486887640449438,0.9695876404494382,0,806.0
6,3,13,0,1,1.0,0.0015408320493066256,0.0,0.9605514124293784,0.6269536723163842,0.9538604519774012,0,649.0
14,3,13,0,1,2.0,0.0026845637583892616,0.0,0.961474431818182,0.6564625000000001,0.9428977272727272,0,745.0
22,4,13,0,1,4.0,0.006191950464396285,0.0,0.9596569832402236,0.6435245810055866,0.9638513966480448,0,646.0
6,3,13,0,1,4.0,0.004052684903748734,0.0,0.965764,0.7633297142857142,0.9598091428571428,0,987.0
14,3,13,0,1,6.0,0.005714285714285714,0.0,0.961093220338983,0.7580553672316385,0.9796604519774011,0,1050.0
22,4,13,0,1,7.0,0.00865265760197775,0.0,0.95955530726257,0.7858726256983241,0.97316312849162,0,809.0
6,3,13,0,2,3.0,0.0030706243602865915,0.0,0.9684011363636364,0.7713215909090909,0.9683693181818182,0,977.0
14,3,13,0,2,3.0,0.0031413612565445027,0.0,0.9675180790960451,0.7758463276836158,0.9586621468926554,0,955.0
22,4,13,0,2,4.0,0.004296455424274973,0.0,0.9660954545454546,0.7738732954545454,0.9695846590909092,0,931.0
6,3,13,0,2,3.0,0.004273504273504274,0.0,0.9734926553672316,0.6269056497175142,0.955367231638418,0,702.0
14,3,13,0,2,2.0,0.0025806451612903226,0.0,0.9717162921348316,0.6548410112359551,0.9551494382022472,0,775.0
22,4,13,0,2,5.0,0.007062146892655367,0.0,0.9691514450867053,0.6074329479768786,0.9537063583815028,0,708.0
6,3,13,0,2,6.0,0.005842259006815969,0.041701387614011765,0.9558448863636364,0.7807528409090909,0.977555681818182,1,1027.0
14,3,13,0,2,3.0,0.0033482142857142855,0.024027777835726738,0.959408,0.7887599999999999,0.9514285714285714,1,896.0
22,4,13,0,2,6.0,0.007802340702210663,0.07319444417953491,0.9592327485380115,0.7542111111111112,0.97113216374269,1,769.0
6,3,13,0,3,3.0,0.0038510911424903724,0.0,0.97625197740113,0.6071683615819209,0.9534841807909604,0,779.0
14,3,13,0,3,5.0,0.006666666666666667,0.0,0.9750948863636364,0.5983465909090909,0.9623090909090908,0,750.0
22,4,13,0,3,5.0,0.007974481658692184,0.06753472238779068,0.9761469273743016,0.5908648044692737,0.9510592178770948,1,627.0
6,3,13,0,3,4.0,0.0038095238095238095,0.09579861164093018,0.9577932203389832,0.7727412429378532,0.9548954802259888,2,1050.0
14,3,13,0,3,5.0,0.004761904761904762,0.09486111253499985,0.9601118644067796,0.7691152542372881,0.9529186440677966,2,1050.0
22,4,13,0,3,2.0,0.0022371364653243847,0.10709635447710752,0.9582296511627908,0.8025308139534885,0.9455558139534884,1,894.0
6,3,13,0,3,5.0,0.006218905472636816,0.05322916805744171,0.970548275862069,0.7340936781609195,0.969635632183908,1,804.0
14,3,13,0,3,5.0,0.006180469715698393,0.08565972000360489,0.9679265536723164,0.677564406779661,0.9646892655367232,1,809.0
22,4,13,0,3,5.0,0.0068212824010914054,0.10709635447710752,0.9663485875706216,0.7424570621468926,0.9622666666666668,2,733.0
6,4,13,0,0,4.0,0.003988035892323031,0.07934027910232544,0.9714869318181818,0.7811892045454545,0.9603221590909092,1,1003.0
14,4,13,0,0,3.0,0.003264417845484222,0.10709635447710752,0.9732103448275864,0.7720936781609196,0.9673367816091952,1,919.0
22,5,13,1,0,5.0,0.004761904761904762,0.10709635447710752,0.9726114285714286,0.7704497142857143,0.9543937142857144,1,1050.0
6,4,13,0,0,4.0,0.005305039787798408,0.05763888731598854,0.9579948863636364,0.6420017045454546,0.9496204545454544,2,754.0
14,4,13,0,0,2.0,0.002207505518763797,0.07857638597488403,0.9595845714285716,0.6536731428571428,0.9767611428571428,2,906.0
22,5,13,1,0,2.0,0.002824858757062147,0.0,0.960858757062147,0.6334305084745763,0.9482943502824858,0,708.0
6,4,13,0,0,4.0,0.0045662100456621,0.0,0.9711568965517242,0.7715344827586208,0.9542132183908044,0,876.0
14,4,13,0,0,3.0,0.0036407766990291263,0.0,0.9698011363636364,0.75509375,0.9680863636363636,0,824.0
22,5,13,1,0,2.0,0.0024242424242424242,0.0,0.9699949438202248,0.7404140449438202,0.9610904494382022,0,825.0
6,4,13,0,1,5.0,0.005841121495327103,0.0,0.9694767045454546,0.7222562499999999,0.9522732954545454,0,856.0
14,4,13,0,1,3.0,0.003464203233256351,0.0,0.970316384180791,0.7160909604519774,0.958379661016949,0,866.0
22,5,13,1,1,4.0,0.004301075268817204,0.0,0.9707780898876404,0.6486887640449438,0.9695876404494382,0,930.0
6,4,13,0,1,5.0,0.006675567423230975,0.0,0.9605514124293784,0.6269536723163842,0.9538604519774012,0,749.0
14,4,13,0,1,3.0,0.0033821871476888386,0.0,0.961474431818182,0.6564625000000001,0.9428977272727272,0,887.0
22,5,13,1,1,5.0,0.008025682182985553,0.0,0.9596569832402236,0.6435245810055866,0.9638513966480448,0,623.0
6,4,13,0,1,2.0,0.0021436227224008574,0.0,0.965764,0.7633297142857142,0.9598091428571428,0,933.0
14,4,13,0,1,5.0,0.0057405281285878304,0.0,0.961093220338983,0.7580553672316385,0.9796604519774011,0,871.0
22,5,13,1,1,6.0,0.006153846153846154,0.05687500163912773,0.95955530726257,0.7858726256983241,0.97316312849162,1,975.0
6,4,13,0,2,6.0,0.006756756756756757,0.0,0.9684011363636364,0.7713215909090909,0.9683693181818182,0,888.0
14,4,13,0,2,4.0,0.0044004400440044,0.0,0.9675180790960451,0.7758463276836158,0.9586621468926554,0,909.0
22,5,13,1,2,4.0,0.004020100502512563,0.0,0.9660954545454546,0.7738732954545454,0.9695846590909092,0,995.0
6,4,13,0,2,4.0,0.005390835579514825,0.0,0.9734926553672316,0.6269056497175142,0.955367231638418,0,742.0
14,4,13,0,2,3.0,0.004418262150220913,0.0,0.9717162921348316,0.6548410112359551,0.9551494382022472,0,679.0
22,5,13,1,2,6.0,0.007712082262210797,0.0,0.9691514450867053,0.6074329479768786,0.9537063583815028,0,778.0
6,4,13,0,2,6.0,0.005714285714285714,0.039444442838430405,0.9558448863636364,0.7807528409090909,0.977555681818182,1,1050.0
14,4,13,0,2,6.0,0.005876591576885406,0.033020831644535065,0.959408,0.7887599999999999,0.9514285714285714,1,1021.0
22,5,13,1,2,7.0,0.007,0.10709635447710752,0.9592327485380115,0.7542111111111112,0.97113216374269,1,1000.0
6,4,13,0,3,3.0,0.00410958904109589,0.06302083283662796,0.97625197740113,0.6071683615819209,0.9534841807909604,1,730.0
14,4,13,0,3,2.0,0.0026702269692923898,0.025381945073604584,0.9750948863636364,0.5983465909090909,0.9623090909090908,1,749.0
22,5,13,1,3,4.0,0.005457025920873124,0.0,0.9761469273743016,0.5908648044692737,0.9510592178770948,0,733.0
6,4,13,0,3,4.0,0.0038095238095238095,0.10709635447710752,0.9577932203389832,0.7727412429378532,0.9548954802259888,1,1050.0
14,4,13,0,3,3.0,0.002857142857142857,0.10709635447710752,0.9601118644067796,0.7691152542372881,0.9529186440677966,1,1050.0
22,5,13,1,3,2.0,0.0025380710659898475,0.0,0.9582296511627908,0.8025308139534885,0.9455558139534884,0,788.0
6,4,13,0,3,4.0,0.0038095238095238095,0.10180555284023285,0.970548275862069,0.7340936781609195,0.969635632183908,2,1050.0
14,4,13,0,3,2.0,0.002894356005788712,0.07333333045244217,0.9679265536723164,0.677564406779661,0.9646892655367232,2,691.0
22,5,13,1,3,5.0,0.00536480686695279,0.0,0.9663485875706216,0.7424570621468926,0.9622666666666668,0,932.0
6,5,13,1,0,3.0,0.0029239766081871343,0.10709635447710752,0.9714869318181818,0.7811892045454545,0.9603221590909092,1,1026.0
14,5,13,1,0,5.0,0.004789272030651341,0.10709635447710752,0.9732103448275864,0.7720936781609196,0.9673367816091952,1,1044.0
22,6,13,1,0,1.0,0.0009523809523809524,0.10709635447710752,0.9726114285714286,0.7704497142857143,0.9543937142857144,3,1050.0
6,5,13,1,0,5.0,0.0074962518740629685,0.0,0.9579948863636364,0.6420017045454546,0.9496204545454544,0,667.0
14,5,13,1,0,3.0,0.0037831021437578815,0.0,0.9595845714285716,0.6536731428571428,0.9767611428571428,0,793.0
22,6,13,1,0,8.0,0.011267605633802818,0.022534722462296486,0.960858757062147,0.6334305084745763,0.9482943502824858,1,710.0
6,5,13,1,0,6.0,0.006128702757916241,0.0,0.9711568965517242,0.7715344827586208,0.9542132183908044,0,979.0
14,5,13,1,0,4.0,0.004415011037527594,0.0,0.9698011363636364,0.75509375,0.9680863636363636,0,906.0
22,6,13,1,0,2.0,0.002890173410404624,0.0,0.9699949438202248,0.7404140449438202,0.9610904494382022,0,692.0
6,5,13,1,1,5.0,0.006793478260869565,0.0,0.9694767045454546,0.7222562499999999,0.9522732954545454,0,736.0
14,5,13,1,1,6.0,0.0060790273556231,0.0,0.970316384180791,0.7160909604519774,0.958379661016949,0,987.0
22,6,13,1,1,2.0,0.0024009603841536613,0.0,0.9707780898876404,0.6486887640449438,0.9695876404494382,0,833.0
6,5,13,1,1,4.0,0.0053404539385847796,0.0,0.9605514124293784,0.6269536723163842,0.9538604519774012,0,749.0
22,6,13,1,1,4.0,0.005578800557880056,0.0,0.9596569832402236,0.6435245810055866,0.9638513966480448,0,717.0
6,5,13,1,1,4.0,0.003857280617164899,0.07281249761581421,0.965764,0.7633297142857142,0.9598091428571428,1,1037.0
14,5,13,1,1,3.0,0.003374578177727784,0.0607638880610466,0.961093220338983,0.7580553672316385,0.9796604519774011,1,889.0
22,6,13,1,1,5.0,0.004761904761904762,0.0,0.95955530726257,0.7858726256983241,0.97316312849162,0,1050.0
6,5,13,1,2,2.0,0.001996007984031936,0.0,0.9684011363636364,0.7713215909090909,0.9683693181818182,0,1002.0
14,5,13,1,2,5.0,0.004761904761904762,0.0,0.9675180790960451,0.7758463276836158,0.9586621468926554,0,1050.0
6,5,13,1,2,2.0,0.0030120481927710845,0.0,0.9734926553672316,0.6269056497175142,0.955367231638418,0,664.0
14,5,13,1,2,4.0,0.005018820577164366,0.0,0.9717162921348316,0.6548410112359551,0.9551494382022472,0,797.0
22,6,13,1,2,4.0,0.006051437216338881,0.0,0.9691514450867053,0.6074329479768786,0.9537063583815028,0,661.0
6,5,13,1,2,4.0,0.0040650406504065045,0.0829513892531395,0.9558448863636364,0.7807528409090909,0.977555681818182,1,984.0
14,5,13,1,2,6.0,0.005714285714285714,0.05583333224058151,0.959408,0.7887599999999999,0.9514285714285714,1,1050.0
22,6,13,1,2,2.0,0.0026109660574412533,0.01666666753590107,0.9592327485380115,0.7542111111111112,0.97113216374269,1,766.0
6,5,13,1,3,2.0,0.0032948929159802307,0.0,0.97625197740113,0.6071683615819209,0.9534841807909604,0,607.0
14,5,13,1,3,3.0,0.004195804195804196,0.0,0.9750948863636364,0.5983465909090909,0.9623090909090908,0,715.0
22,6,13,1,3,4.0,0.0061068702290076335,0.0,0.9761469273743016,0.5908648044692737,0.9510592178770948,0,655.0
6,5,13,1,3,5.0,0.0053533190578158455,0.0,0.9577932203389832,0.7727412429378532,0.9548954802259888,0,934.0
14,5,13,1,3,4.0,0.004424778761061947,0.0,0.9601118644067796,0.7691152542372881,0.9529186440677966,0,904.0
22,6,13,1,3,5.0,0.005555555555555556,0.0,0.9582296511627908,0.8025308139534885,0.9455558139534884,0,900.0
22,6,13,1,3,6.0,0.00804289544235925,0.10709635447710752,0.9663485875706216,0.7424570621468926,0.9622666666666668,1,746.0
6,6,13,1,0,3.0,0.0038809831824062097,0.10709635447710752,0.9714869318181818,0.7811892045454545,0.9603221590909092,3,773.0
14,6,13,1,0,2.0,0.00196078431372549,0.0871874988079071,0.9732103448275864,0.7720936781609196,0.9673367816091952,3,1020.0
22,0,14,0,0,3.0,0.0031678986272439284,0.10709635447710752,0.9726114285714286,0.7704497142857143,0.9543937142857144,1,947.0
6,6,13,1,0,4.0,0.006309148264984227,0.04989583417773247,0.9579948863636364,0.6420017045454546,0.9496204545454544,1,634.0
22,0,14,0,0,1.0,0.0016286644951140066,0.04781249910593033,0.960858757062147,0.6334305084745763,0.9482943502824858,1,614.0
6,6,13,1,0,3.0,0.0029910269192422734,0.0,0.9711568965517242,0.7715344827586208,0.9542132183908044,0,1003.0
14,6,13,1,0,6.0,0.006329113924050633,0.0,0.9698011363636364,0.75509375,0.9680863636363636,0,948.0
22,0,14,0,0,8.0,0.007619047619047619,0.08541666716337204,0.9699949438202248,0.7404140449438202,0.9610904494382022,1,1050.0
6,6,13,1,1,2.0,0.002861230329041488,0.0,0.9694767045454546,0.7222562499999999,0.9522732954545454,0,699.0
14,6,13,1,1,6.0,0.006060606060606061,0.0,0.970316384180791,0.7160909604519774,0.958379661016949,0,990.0
22,0,14,0,1,3.0,0.002859866539561487,0.0,0.9707780898876404,0.6486887640449438,0.9695876404494382,0,1049.0
6,6,13,1,1,4.0,0.0044943820224719105,0.0,0.9605514124293784,0.6269536723163842,0.9538604519774012,0,890.0
14,6,13,1,1,4.0,0.005383580080753701,0.0,0.961474431818182,0.6564625000000001,0.9428977272727272,0,743.0
22,0,14,0,1,3.0,0.004470938897168405,0.0,0.9596569832402236,0.6435245810055866,0.9638513966480448,0,671.0
6,6,13,1,1,3.0,0.002857142857142857,0.0,0.965764,0.7633297142857142,0.9598091428571428,0,1050.0
14,6,13,1,1,4.0,0.004020100502512563,0.0,0.961093220338983,0.7580553672316385,0.9796604519774011,0,995.0
22,0,14,0,1,0.0,0.0,0.0,0.95955530726257,0.7858726256983241,0.97316312849162,0,850.0
6,6,13,1,2,3.0,0.003472222222222222,0.04125000163912773,0.9684011363636364,0.7713215909090909,0.9683693181818182,1,864.0
14,6,13,1,2,3.0,0.0031982942430703624,0.023125000298023224,0.9675180790960451,0.7758463276836158,0.9586621468926554,1,938.0
22,0,14,0,2,2.0,0.0019801980198019802,0.0,0.9660954545454546,0.7738732954545454,0.9695846590909092,0,1010.0
6,6,13,1,2,4.0,0.004878048780487805,0.0,0.9734926553672316,0.6269056497175142,0.955367231638418,0,820.0
14,6,13,1,2,5.0,0.00723589001447178,0.0,0.9717162921348316,0.6548410112359551,0.9551494382022472,0,691.0
22,0,14,0,2,4.0,0.004618937644341801,0.0,0.9691514450867053,0.6074329479768786,0.9537063583815028,0,866.0
6,6,13,1,2,5.0,0.005592841163310962,0.02135416679084301,0.9558448863636364,0.7807528409090909,0.977555681818182,1,894.0
22,0,14,0,2,3.0,0.002857142857142857,0.0,0.9592327485380115,0.7542111111111112,0.97113216374269,0,1050.0
6,6,13,1,3,4.0,0.005788712011577424,0.0,0.97625197740113,0.6071683615819209,0.9534841807909604,0,691.0
14,6,13,1,3,2.0,0.0028169014084507044,0.0,0.9750948863636364,0.5983465909090909,0.9623090909090908,0,710.0
22,0,14,0,3,4.0,0.006060606060606061,0.10709635447710752,0.9761469273743016,0.5908648044692737,0.9510592178770948,1,660.0
6,6,13,1,3,3.0,0.0030581039755351682,0.0,0.9577932203389832,0.7727412429378532,0.9548954802259888,0,981.0
14,6,13,1,3,4.0,0.0038095238095238095,0.0,0.9601118644067796,0.7691152542372881,0.9529186440677966,0,1050.0
22,0,14,0,3,6.0,0.006030150753768844,0.0,0.9582296511627908,0.8025308139534885,0.9455558139534884,0,995.0
6,6,13,1,3,4.0,0.0040858018386108275,0.10208333283662796,0.970548275862069,0.7340936781609195,0.969635632183908,1,979.0
14,6,13,1,3,2.0,0.0019782393669634025,0.10709635447710752,0.9679265536723164,0.677564406779661,0.9646892655367232,1,1011.0
22,0,14,0,3,1.0,0.0011655011655011655,0.0,0.9663485875706216,0.7424570621468926,0.9622666666666668,0,858.0
6,0,14,0,0,6.0,0.006211180124223602,0.10709635447710752,0.9714869318181818,0.7811892045454545,0.9603221590909092,1,966.0
14,0,14,0,0,2.0,0.0019047619047619048,0.09923610836267471,0.9732103448275864,0.7720936781609196,0.9673367816091952,1,1050.0
22,1,14,0,0,4.0,0.003864734299516908,0.026770833879709244,0.9726114285714286,0.7704497142857143,0.9543937142857144,1,1035.0
6,0,14,0,0,2.0,0.0025188916876574307,0.06215277686715126,0.9579948863636364,0.6420017045454546,0.9496204545454544,1,794.0
14,0,14,0,0,2.0,0.0026455026455026454,0.07447917014360428,0.9595845714285716,0.6536731428571428,0.9767611428571428,1,756.0
22,1,14,0,0,4.0,0.004860267314702308,0.03368055447936058,0.960858757062147,0.6334305084745763,0.9482943502824858,1,823.0
6,0,14,0,0,4.0,0.0039177277179236044,0.057604167610406876,0.9711568965517242,0.7715344827586208,0.9542132183908044,1,1021.0
14,0,14,0,0,6.0,0.007471980074719801,0.06576389074325562,0.9698011363636364,0.75509375,0.9680863636363636,1,803.0
22,1,14,0,0,3.0,0.003468208092485549,0.0,0.9699949438202248,0.7404140449438202,0.9610904494382022,0,865.0
6,0,14,0,1,5.0,0.006045949214026602,0.0,0.9694767045454546,0.7222562499999999,0.9522732954545454,0,827.0
14,0,14,0,1,2.0,0.002386634844868735,0.0,0.970316384180791,0.7160909604519774,0.958379661016949,0,838.0
22,1,14,0,1,1.0,0.0012376237623762376,0.0,0.9707780898876404,0.6486887640449438,0.9695876404494382,0,808.0
6,0,14,0,1,6.0,0.007352941176470588,0.0,0.9605514124293784,0.6269536723163842,0.9538604519774012,0,816.0
14,0,14,0,1,5.0,0.007680491551459293,0.0,0.961474431818182,0.6564625000000001,0.9428977272727272,0,651.0
22,1,14,0,1,6.0,0.008823529411764706,0.0,0.9596569832402236,0.6435245810055866,0.9638513966480448,0,680.0
6,0,14,0,1,6.0,0.005714285714285714,0.0,0.965764,0.7633297142857142,0.9598091428571428,0,1050.0
14,0,14,0,1,2.0,0.0019704433497536944,0.0,0.961093220338983,0.7580553672316385,0.9796604519774011,0,1015.0
22,1,14,0,1,7.0,0.006666666666666667,0.10709635447710752,0.95955530726257,0.7858726256983241,0.97316312849162,2,1050.0
6,0,14,0,2,5.0,0.004761904761904762,0.0,0.9684011363636364,0.7713215909090909,0.9683693181818182,0,1050.0
14,0,14,0,2,2.0,0.0019047619047619048,0.0,0.9675180790960451,0.7758463276836158,0.9586621468926554,0,1050.0
22,1,14,0,2,6.0,0.006048387096774193,0.0,0.9660954545454546,0.7738732954545454,0.9695846590909092,0,992.0
6,0,14,0,2,4.0,0.005494505494505495,0.0,0.9734926553672316,0.6269056497175142,0.955367231638418,0,728.0
14,0,14,0,2,4.0,0.0050568900126422255,0.0,0.9717162921348316,0.6548410112359551,0.9551494382022472,0,791.0
22,1,14,0,2,8.0,0.011396011396011397,0.0,0.9691514450867053,0.6074329479768786,0.9537063583815028,0,702.0
6,0,14,0,2,5.0,0.005175983436853002,0.0,0.9558448863636364,0.7807528409090909,0.977555681818182,0,966.0
14,0,14,0,2,4.0,0.004106776180698152,0.0,0.959408,0.7887599999999999,0.9514285714285714,0,974.0
22,1,14,0,2,4.0,0.0038095238095238095,0.0,0.9592327485380115,0.7542111111111112,0.97113216374269,0,1050.0
6,0,14,0,3,5.0,0.0075075075075075074,0.10709635447710752,0.97625197740113,0.6071683615819209,0.9534841807909604,1,666.0
14,0,14,0,3,6.0,0.009259259259259259,0.10709635447710752,0.9750948863636364,0.5983465909090909,0.9623090909090908,1,648.0
22,1,14,0,3,1.0,0.0012987012987012987,0.10709635447710752,0.9761469273743016,0.5908648044692737,0.9510592178770948,1,770.0
6,0,14,0,3,4.0,0.004119464469618949,0.0,0.9577932203389832,0.7727412429378532,0.9548954802259888,0,971.0
14,0,14,0,3,4.0,0.0038095238095238095,0.0,0.9601118644067796,0.7691152542372881,0.9529186440677966,0,1050.0
22,1,14,0,3,3.0,0.0029239766081871343,0.0,0.9582296511627908,0.8025308139534885,0.9455558139534884,0,1026.0
6,0,14,0,3,6.0,0.0063025210084033615,0.0,0.970548275862069,0.7340936781609195,0.969635632183908,0,952.0
14,0,14,0,3,4.0,0.004081632653061225,0.0,0.9679265536723164,0.677564406779661,0.9646892655367232,0,980.0
22,1,14,0,3,5.0,0.005656108597285068,0.0,0.9663485875706216,0.7424570621468926,0.9622666666666668,0,884.0
6,1,14,0,0,2.0,0.002098635886673662,0.023923611268401146,0.9714869318181818,0.7811892045454545,0.9603221590909092,1,953.0
14,1,14,0,0,4.0,0.0038095238095238095,0.02326388843357563,0.9732103448275864,0.7720936781609196,0.9673367816091952,1,1050.0
22,2,14,0,0,5.0,0.004975124378109453,0.07170139253139496,0.9726114285714286,0.7704497142857143,0.9543937142857144,1,1005.0
6,1,14,0,0,3.0,0.0034522439585730723,0.04784722253680229,0.9579948863636364,0.6420017045454546,0.9496204545454544,1,869.0
14,1,14,0,0,2.0,0.0024968789013732834,0.04305555671453476,0.9595845714285716,0.6536731428571428,0.9767611428571428,1,801.0
22,2,14,0,0,5.0,0.007204610951008645,0.0,0.960858757062147,0.6334305084745763,0.9482943502824858,0,694.0
6,1,14,0,0,5.0,0.005917159763313609,0.0,0.9711568965517242,0.7715344827586208,0.9542132183908044,0,845.0
14,1,14,0,0,4.0,0.00404040404040404,0.0,0.9698011363636364,0.75509375,0.9680863636363636,0,990.0
22,2,14,0,0,4.0,0.0038095238095238095,0.10709635447710752,0.9699949438202248,0.7404140449438202,0.9610904494382022,1,1050.0
6,1,14,0,1,2.0,0.0023121387283236996,0.0,0.9694767045454546,0.7222562499999999,0.9522732954545454,0,865.0
14,1,14,0,1,3.0,0.003778337531486146,0.0,0.970316384180791,0.7160909604519774,0.958379661016949,0,794.0
22,2,14,0,1,4.0,0.005747126436781609,0.0,0.9707780898876404,0.6486887640449438,0.9695876404494382,0,696.0
6,1,14,0,1,3.0,0.004137931034482759,0.0,0.9605514124293784,0.6269536723163842,0.9538604519774012,0,725.0
14,1,14,0,1,2.0,0.003169572107765452,0.0,0.961474431818182,0.6564625000000001,0.9428977272727272,0,631.0
22,2,14,0,1,3.0,0.0037128712871287127,0.0,0.9596569832402236,0.6435245810055866,0.9638513966480448,0,808.0
6,1,14,0,1,2.0,0.001998001998001998,0.10709635447710752,0.965764,0.7633297142857142,0.9598091428571428,2,1001.0
14,1,14,0,1,6.0,0.006066734074823054,0.10709635447710752,0.961093220338983,0.7580553672316385,0.9796604519774011,2,989.0
22,2,14,0,1,3.0,0.0033003300330033004,0.0,0.95955530726257,0.7858726256983241,0.97316312849162,0,909.0
6,1,14,0,2,3.0,0.003468208092485549,0.0,0.9684011363636364,0.7713215909090909,0.9683693181818182,0,865.0
14,1,14,0,2,6.0,0.006787330316742082,0.0,0.9675180790960451,0.7758463276836158,0.9586621468926554,0,884.0
22,2,14,0,2,3.0,0.0033632286995515697,0.10709635447710752,0.9660954545454546,0.7738732954545454,0.9695846590909092,2,892.0
6,1,14,0,2,3.0,0.0034802784222737818,0.0,0.9734926553672316,0.6269056497175142,0.955367231638418,0,862.0
14,1,14,0,2,2.0,0.0025412960609911056,0.0,0.9717162921348316,0.6548410112359551,0.9551494382022472,0,787.0
22,2,14,0,2,2.0,0.0031645569620253164,0.0,0.9691514450867053,0.6074329479768786,0.9537063583815028,0,632.0
6,1,14,0,2,4.0,0.0038095238095238095,0.0,0.9558448863636364,0.7807528409090909,0.977555681818182,0,1050.0
14,1,14,0,2,3.0,0.002857142857142857,0.0,0.959408,0.7887599999999999,0.9514285714285714,0,1050.0
22,2,14,0,2,1.0,0.0009569377990430622,0.0,0.9592327485380115,0.7542111111111112,0.97113216374269,0,1045.0
6,1,14,0,3,6.0,0.008130081300813009,0.10709635447710752,0.97625197740113,0.6071683615819209,0.9534841807909604,1,738.0
14,1,14,0,3,5.0,0.006720430107526882,0.10709635447710752,0.9750948863636364,0.5983465909090909,0.9623090909090908,1,744.0
22,2,14,0,3,3.0,0.004815409309791332,0.10709635447710752,0.9761469273743016,0.5908648044692737,0.9510592178770948,2,623.0
6,1,14,0,3,3.0,0.0028625954198473282,0.0,0.9577932203389832,0.7727412429378532,0.9548954802259888,0,1048.0
14,1,14,0,3,4.0,0.0041109969167523125,0.0,0.9601118644067796,0.7691152542372881,0.9529186440677966,0,973.0
22,2,14,0,3,4.0,0.0038095238095238095,0.0,0.9582296511627908,0.8025308139534885,0.9455558139534884,0,1050.0
6,1,14,0,3,2.0,0.002034587995930824,0.0,0.970548275862069,0.7340936781609195,0.969635632183908,0,983.0
14,1,14,0,3,2.0,0.0019821605550049554,0.0,0.9679265536723164,0.677564406779661,0.9646892655367232,0,1009.0
22,2,14,0,3,5.0,0.007704160246533128,0.10709635447710752,0.9663485875706216,0.7424570621468926,0.9622666666666668,1,649.0
6,2,14,0,0,6.0,0.0062959076600209865,0.06947916746139526,0.9714869318181818,0.7811892045454545,0.9603221590909092,1,953.0
14,2,14,0,0,4.0,0.004153686396677051,0.04201388731598854,0.9732103448275864,0.7720936781609196,0.9673367816091952,1,963.0
22,3,14,0,0,4.0,0.00477326968973747,0.0,0.9726114285714286,0.7704497142857143,0.9543937142857144,0,838.0
6,2,14,0,0,2.0,0.0029498525073746312,0.0,0.9579948863636364,0.6420017045454546,0.9496204545454544,0,678.0
14,2,14,0,0,2.0,0.0027739251040221915,0.0,0.9595845714285716,0.6536731428571428,0.9767611428571428,0,721.0
22,3,14,0,0,2.0,0.0025575447570332483,0.0,0.960858757062147,0.6334305084745763,0.9482943502824858,0,782.0
6,2,14,0,0,4.0,0.004056795131845842,0.10305555909872055,0.9711568965517242,0.7715344827586208,0.9542132183908044,1,986.0
14,2,14,0,0,5.0,0.0051387461459403904,0.10709635447710752,0.9698011363636364,0.75509375,0.9680863636363636,1,973.0
22,3,14,0,0,3.0,0.00298804780876494,0.0,0.9699949438202248,0.7404140449438202,0.9610904494382022,0,1004.0
6,2,14,0,1,3.0,0.003484320557491289,0.0,0.9694767045454546,0.7222562499999999,0.9522732954545454,0,861.0
14,2,14,0,1,5.0,0.005889281507656066,0.0,0.970316384180791,0.7160909604519774,0.958379661016949,0,849.0
22,3,14,0,1,1.0,0.001288659793814433,0.10709635447710752,0.9707780898876404,0.6486887640449438,0.9695876404494382,1,776.0
6,2,14,0,1,2.0,0.0024906600249066002,0.0,0.9605514124293784,0.6269536723163842,0.9538604519774012,0,803.0
14,2,14,0,1,2.0,0.0029455081001472753,0.0,0.961474431818182,0.6564625000000001,0.9428977272727272,0,679.0
22,3,14,0,1,2.0,0.00243605359317905,0.041527777910232544,0.9596569832402236,0.6435245810055866,0.9638513966480448,1,821.0
6,2,14,0,1,5.0,0.005567928730512249,0.0,0.965764,0.7633297142857142,0.9598091428571428,0,898.0
14,2,14,0,1,5.0,0.004761904761904762,0.0,0.961093220338983,0.7580553672316385,0.9796604519774011,0,1050.0
22,3,14,0,1,2.0,0.0022371364653243847,0.0,0.95955530726257,0.7858726256983241,0.97316312849162,0,894.0
6,2,14,0,2,4.0,0.0038095238095238095,0.10709635447710752,0.9684011363636364,0.7713215909090909,0.9683693181818182,2,1050.0
14,2,14,0,2,4.0,0.004223864836325237,0.10709635447710752,0.9675180790960451,0.7758463276836158,0.9586621468926554,2,947.0
22,3,14,0,2,4.0,0.0041797283176593526,0.06975694745779037,0.9660954545454546,0.7738732954545454,0.9695846590909092,1,957.0
6,2,14,0,2,2.0,0.003003003003003003,0.0,0.9734926553672316,0.6269056497175142,0.955367231638418,0,666.0
14,2,14,0,2,3.0,0.004405286343612335,0.0,0.9717162921348316,0.6548410112359551,0.9551494382022472,0,681.0
22,3,14,0,2,0.0,0.0,0.03552083298563957,0.9691514450867053,0.6074329479768786,0.9537063583815028,1,820.0
6,2,14,0,2,4.0,0.0038095238095238095,0.0,0.9558448863636364,0.7807528409090909,0.977555681818182,0,1050.0
14,2,14,0,2,5.0,0.004761904761904762,0.0,0.959408,0.7887599999999999,0.9514285714285714,0,1050.0
22,3,14,0,2,6.0,0.005758157389635317,0.019166667014360428,0.9592327485380115,0.7542111111111112,0.97113216374269,1,1042.0
6,2,14,0,3,4.0,0.005571030640668524,0.10709635447710752,0.97625197740113,0.6071683615819209,0.9534841807909604,2,718.0
14,2,14,0,3,5.0,0.006640106241699867,0.10709635447710752,0.9750948863636364,0.5983465909090909,0.9623090909090908,2,753.0
22,3,14,0,3,3.0,0.004322766570605188,0.0,0.9761469273743016,0.5908648044692737,0.9510592178770948,0,694.0
6,2,14,0,3,3.0,0.0034522439585730723,0.0,0.9577932203389832,0.7727412429378532,0.9548954802259888,0,869.0
14,2,14,0,3,3.0,0.003293084522502744,0.0,0.9601118644067796,0.7691152542372881,0.9529186440677966,0,911.0
22,3,14,0,3,4.0,0.0038314176245210726,0.10709635447710752,0.9582296511627908,0.8025308139534885,0.9455558139534884,3,1044.0
6,2,14,0,3,4.0,0.004651162790697674,0.10709635447710752,0.970548275862069,0.7340936781609195,0.969635632183908,1,860.0
14,2,14,0,3,4.0,0.0042643923240938165,0.10709635447710752,0.9679265536723164,0.677564406779661,0.9646892655367232,1,938.0
22,3,14,0,3,3.0,0.0031982942430703624,0.0,0.9663485875706216,0.7424570621468926,0.9622666666666668,0,938.0
6,3,14,0,0,3.0,0.003409090909090909,0.0,0.9714869318181818,0.7811892045454545,0.9603221590909092,0,880.0
14,3,14,0,0,3.0,0.002857142857142857,0.0,0.9732103448275864,0.7720936781609196,0.9673367816091952,0,1050.0
22,4,14,0,0,3.0,0.002857142857142857,0.010729166679084301,0.9726114285714286,0.7704497142857143,0.9543937142857144,1,1050.0
6,3,14,0,0,2.0,0.0034129692832764505,0.0,0.9579948863636364,0.6420017045454546,0.9496204545454544,0,586.0
14,3,14,0,0,2.0,0.0029239766081871343,0.0,0.9595845714285716,0.6536731428571428,0.9767611428571428,0,684.0
22,4,14,0,0,4.0,0.004479283314669653,0.0,0.960858757062147,0.6334305084745763,0.9482943502824858,0,893.0
6,3,14,0,0,2.0,0.0020060180541624875,0.0,0.9711568965517242,0.7715344827586208,0.9542132183908044,0,997.0
14,3,14,0,0,3.0,0.0030241935483870967,0.0,0.9698011363636364,0.75509375,0.9680863636363636,0,992.0
22,4,14,0,0,1.0,0.0011198208286674132,0.10709635447710752,0.9699949438202248,0.7404140449438202,0.9610904494382022,1,893.0
6,3,14,0,1,5.0,0.005780346820809248,0.10709635447710752,0.9694767045454546,0.7222562499999999,0.9522732954545454,1,865.0
14,3,14,0,1,6.0,0.007075471698113208,0.10709635447710752,0.970316384180791,0.7160909604519774,0.958379661016949,1,848.0
22,4,14,0,1,4.0,0.0053404539385847796,0.10709635447710752,0.9707780898876404,0.6486887640449438,0.9695876404494382,2,749.0
6,3,14,0,1,3.0,0.004160887656033287,0.039270833134651184,0.9605514124293784,0.6269536723163842,0.9538604519774012,1,721.0
14,3,14,0,1,3.0,0.00463678516228748,0.05527777597308159,0.961474431818182,0.6564625000000001,0.9428977272727272,1,647.0
22,4,14,0,1,4.0,0.0058997050147492625,0.10709635447710752,0.9596569832402236,0.6435245810055866,0.9638513966480448,2,678.0
6,3,14,0,1,4.0,0.0044742729306487695,0.0,0.965764,0.7633297142857142,0.9598091428571428,0,894.0
14,3,14,0,1,3.0,0.0029498525073746312,0.0,0.961093220338983,0.7580553672316385,0.9796604519774011,0,1017.0
22,4,14,0,1,3.0,0.00331858407079646,0.024965276941657066,0.95955530726257,0.7858726256983241,0.97316312849162,1,904.0
6,3,14,0,2,3.0,0.002857142857142857,0.058888889849185944,0.9684011363636364,0.7713215909090909,0.9683693181818182,1,1050.0
14,3,14,0,2,5.0,0.006195786864931847,0.08076389133930206,0.9675180790960451,0.7758463276836158,0.9586621468926554,1,807.0
22,4,14,0,2,5.0,0.005405405405405406,0.0,0.9660954545454546,0.7738732954545454,0.9695846590909092,0,925.0
6,3,14,0,2,6.0,0.007722007722007722,0.01614583283662796,0.9734926553672316,0.6269056497175142,0.955367231638418,1,777.0
14,3,14,0,2,2.0,0.002894356005788712,0.01666666753590107,0.9717162921348316,0.6548410112359551,0.9551494382022472,1,691.0
22,4,14,0,2,3.0,0.0036855036855036856,0.0,0.9691514450867053,0.6074329479768786,0.9537063583815028,0,814.0
6,3,14,0,2,5.0,0.005197505197505198,0.03270833194255829,0.9558448863636364,0.7807528409090909,0.977555681818182,1,962.0
14,3,14,0,2,4.0,0.0038095238095238095,0.031736109405756,0.959408,0.7887599999999999,0.9514285714285714,1,1050.0
22,4,14,0,2,2.0,0.0019047619047619048,0.02760416641831398,0.9592327485380115,0.7542111111111112,0.97113216374269,1,1050.0
6,3,14,0,3,3.0,0.004160887656033287,0.0,0.97625197740113,0.6071683615819209,0.9534841807909604,0,721.0
14,3,14,0,3,2.0,0.0025031289111389237,0.0,0.9750948863636364,0.5983465909090909,0.9623090909090908,0,799.0
22,4,14,0,3,4.0,0.005555555555555556,0.0,0.9761469273743016,0.5908648044692737,0.9510592178770948,0,720.0
6,3,14,0,3,6.0,0.007692307692307693,0.10709635447710752,0.9577932203389832,0.7727412429378532,0.9548954802259888,3,780.0
14,3,14,0,3,6.0,0.00646551724137931,0.10709635447710752,0.9601118644067796,0.7691152542372881,0.9529186440677966,3,928.0
22,4,14,0,3,4.0,0.003872216844143272,0.0,0.9582296511627908,0.8025308139534885,0.9455558139534884,0,1033.0
6,3,14,0,3,6.0,0.007662835249042145,0.0,0.970548275862069,0.7340936781609195,0.969635632183908,0,783.0
14,3,14,0,3,5.0,0.005470459518599562,0.0,0.9679265536723164,0.677564406779661,0.9646892655367232,0,914.0
22,4,14,0,3,2.0,0.0022675736961451248,0.10709635447710752,0.9663485875706216,0.7424570621468926,0.9622666666666668,2,882.0
6,4,14,0,0,4.0,0.004149377593360996,0.01996527798473835,0.9714869318181818,0.7811892045454545,0.9603221590909092,1,964.0
14,4,14,0,0,5.0,0.004761904761904762,0.015937499701976776,0.9732103448275864,0.7720936781609196,0.9673367816091952,1,1050.0
22,5,14,1,0,5.0,0.005252100840336135,0.07517360895872116,0.9726114285714286,0.7704497142857143,0.9543937142857144,1,952.0
6,4,14,0,0,6.0,0.008915304606240713,0.0,0.9579948863636364,0.6420017045454546,0.9496204545454544,0,673.0
14,4,14,0,0,5.0,0.005714285714285714,0.0,0.9595845714285716,0.6536731428571428,0.9767611428571428,0,875.0
22,5,14,1,0,4.0,0.005148005148005148,0.0,0.960858757062147,0.6334305084745763,0.9482943502824858,0,777.0
6,4,14,0,0,4.0,0.0038095238095238095,0.07690972089767456,0.9711568965517242,0.7715344827586208,0.9542132183908044,1,1050.0
14,4,14,0,0,3.0,0.0031779661016949155,0.10709635447710752,0.9698011363636364,0.75509375,0.9680863636363636,1,944.0
22,5,14,1,0,6.0,0.0069605568445475635,0.0,0.9699949438202248,0.7404140449438202,0.9610904494382022,0,862.0
6,4,14,0,1,4.0,0.004689331770222743,0.0777430534362793,0.9694767045454546,0.7222562499999999,0.9522732954545454,2,853.0
14,4,14,0,1,3.0,0.003658536585365854,0.10709635447710752,0.970316384180791,0.7160909604519774,0.958379661016949,2,820.0
22,5,14,1,1,7.0,0.007633587786259542,0.0676041692495346,0.9707780898876404,0.6486887640449438,0.9695876404494382,1,917.0
6,4,14,0,1,5.0,0.00715307582260372,0.10709635447710752,0.9605514124293784,0.6269536723163842,0.9538604519774012,2,699.0
14,4,14,0,1,3.0,0.003896103896103896,0.10709635447710752,0.961474431818182,0.6564625000000001,0.9428977272727272,2,770.0
22,5,14,1,1,4.0,0.005427408412483039,0.0,0.9596569832402236,0.6435245810055866,0.9638513966480448,0,737.0
6,4,14,0,1,5.0,0.005714285714285714,0.02847222238779068,0.965764,0.7633297142857142,0.9598091428571428,1,875.0
14,4,14,0,1,4.0,0.004028197381671702,0.027465278282761574,0.961093220338983,0.7580553672316385,0.9796604519774011,1,993.0
22,5,14,1,1,3.0,0.0031746031746031746,0.1029166653752327,0.95955530726257,0.7858726256983241,0.97316312849162,1,945.0
6,4,14,0,2,4.0,0.0045662100456621,0.0,0.9684011363636364,0.7713215909090909,0.9683693181818182,0,876.0
14,4,14,0,2,6.0,0.005714285714285714,0.0,0.9675180790960451,0.7758463276836158,0.9586621468926554,0,1050.0
22,5,14,1,2,4.0,0.004223864836325237,0.0,0.9660954545454546,0.7738732954545454,0.9695846590909092,0,947.0
6,4,14,0,2,6.0,0.008902077151335312,0.0,0.9734926553672316,0.6269056497175142,0.955367231638418,0,674.0
14,4,14,0,2,4.0,0.005390835579514825,0.0,0.9717162921348316,0.6548410112359551,0.9551494382022472,0,742.0
22,5,14,1,2,1.0,0.0015060240963855422,0.019340278580784798,0.9691514450867053,0.6074329479768786,0.9537063583815028,1,664.0
6,4,14,0,2,3.0,0.003015075376884422,0.02239583246409893,0.9558448863636364,0.7807528409090909,0.977555681818182,1,995.0
14,4,14,0,2,3.0,0.002857142857142857,0.02361111156642437,0.959408,0.7887599999999999,0.9514285714285714,1,1050.0
22,5,14,1,2,4.0,0.0049382716049382715,0.0,0.9592327485380115,0.7542111111111112,0.97113216374269,0,810.0
6,4,14,0,3,3.0,0.0044444444444444444,0.0,0.97625197740113,0.6071683615819209,0.9534841807909604,0,675.0
14,4,14,0,3,5.0,0.0071633237822349575,0.0,0.9750948863636364,0.5983465909090909,0.9623090909090908,0,698.0
22,5,14,1,3,4.0,0.0048543689320388345,0.02666666731238365,0.9761469273743016,0.5908648044692737,0.9510592178770948,1,824.0
6,4,14,0,3,6.0,0.006147540983606557,0.0,0.9577932203389832,0.7727412429378532,0.9548954802259888,0,976.0
14,4,14,0,3,4.0,0.00425531914893617,0.0,0.9601118644067796,0.7691152542372881,0.9529186440677966,0,940.0
22,5,14,1,3,0.0,0.0,0.0,0.9582296511627908,0.8025308139534885,0.9455558139534884,0,998.0
6,4,14,0,3,4.0,0.004395604395604396,0.10709635447710752,0.970548275862069,0.7340936781609195,0.969635632183908,2,910.0
14,4,14,0,3,4.0,0.004449388209121246,0.10709635447710752,0.9679265536723164,0.677564406779661,0.9646892655367232,2,899.0
22,5,14,1,3,3.0,0.003289473684210526,0.0,0.9663485875706216,0.7424570621468926,0.9622666666666668,0,912.0
6,5,14,1,0,4.0,0.0038095238095238095,0.0694444477558136,0.9714869318181818,0.7811892045454545,0.9603221590909092,1,1050.0
14,5,14,1,0,4.0,0.004314994606256742,0.10709635447710752,0.9732103448275864,0.7720936781609196,0.9673367816091952,1,927.0
22,6,14,1,0,6.0,0.006507592190889371,0.0,0.9726114285714286,0.7704497142857143,0.9543937142857144,0,922.0
6,5,14,1,0,5.0,0.006305170239596469,0.0,0.9579948863636364,0.6420017045454546,0.9496204545454544,0,793.0
6,5,14,1,0,6.0,0.00646551724137931,0.0,0.9711568965517242,0.7715344827586208,0.9542132183908044,0,928.0
14,5,14,1,0,2.0,0.002072538860103627,0.0,0.9698011363636364,0.75509375,0.9680863636363636,0,965.0
22,6,14,1,0,7.0,0.008027522935779817,0.0,0.9699949438202248,0.7404140449438202,0.9610904494382022,0,872.0
14,5,14,1,1,4.0,0.005044136191677175,0.10218749940395355,0.970316384180791,0.7160909604519774,0.958379661016949,1,793.0
22,6,14,1,1,1.0,0.00125,0.0,0.9707780898876404,0.6486887640449438,0.9695876404494382,0,800.0
6,5,14,1,1,4.0,0.005427408412483039,0.0,0.9605514124293784,0.6269536723163842,0.9538604519774012,0,737.0
14,5,14,1,1,2.0,0.002466091245376079,0.0,0.961474431818182,0.6564625000000001,0.9428977272727272,0,811.0
22,6,14,1,1,4.0,0.005917159763313609,0.07107638567686081,0.9596569832402236,0.6435245810055866,0.9638513966480448,1,676.0
6,5,14,1,1,2.0,0.0019286403085824494,0.07170139253139496,0.965764,0.7633297142857142,0.9598091428571428,1,1037.0
14,5,14,1,1,2.0,0.001996007984031936,0.10709635447710752,0.961093220338983,0.7580553672316385,0.9796604519774011,1,1002.0
22,6,14,1,1,6.0,0.005714285714285714,0.0,0.95955530726257,0.7858726256983241,0.97316312849162,0,1050.0
6,5,14,1,2,3.0,0.003329633740288568,0.0,0.9684011363636364,0.7713215909090909,0.9683693181818182,0,901.0
14,5,14,1,2,5.0,0.004761904761904762,0.0,0.9675180790960451,0.7758463276836158,0.9586621468926554,0,1050.0
22,6,14,1,2,7.0,0.008225616921269096,0.0,0.9660954545454546,0.7738732954545454,0.9695846590909092,0,851.0
6,5,14,1,2,4.0,0.0062402496099844,0.03343750163912773,0.9734926553672316,0.6269056497175142,0.955367231638418,1,641.0
14,5,14,1,2,2.0,0.0026490066225165563,0.035624999552965164,0.9717162921348316,0.6548410112359551,0.9551494382022472,1,755.0
22,6,14,1,2,5.0,0.0067842605156037995,0.039444442838430405,0.9691514450867053,0.6074329479768786,0.9537063583815028,1,737.0
14,5,14,1,2,6.0,0.00702576112412178,0.0,0.959408,0.7887599999999999,0.9514285714285714,0,854.0
6,5,14,1,3,2.0,0.0035149384885764497,0.04295139014720917,0.97625197740113,0.6071683615819209,0.9534841807909604,1,569.0
22,6,14,1,3,3.0,0.004316546762589928,0.0,0.9761469273743016,0.5908648044692737,0.9510592178770948,0,695.0
6,5,14,1,3,4.0,0.0040858018386108275,0.0,0.9577932203389832,0.7727412429378532,0.9548954802259888,0,979.0
14,5,14,1,3,6.0,0.005714285714285714,0.0,0.9601118644067796,0.7691152542372881,0.9529186440677966,0,1050.0
6,5,14,1,3,4.0,0.005563282336578581,0.0,0.970548275862069,0.7340936781609195,0.969635632183908,0,719.0
14,5,14,1,3,2.0,0.002544529262086514,0.0,0.9679265536723164,0.677564406779661,0.9646892655367232,0,786.0
22,6,14,1,3,4.0,0.0045351473922902496,0.0,0.9663485875706216,0.7424570621468926,0.9622666666666668,0,882.0
6,6,14,1,0,5.0,0.0051440329218107,0.0,0.9714869318181818,0.7811892045454545,0.9603221590909092,0,972.0
22,0,15,0,0,4.0,0.0041928721174004195,0.04802083224058151,0.9726114285714286,0.7704497142857143,0.9543937142857144,2,954.0
6,6,14,1,0,2.0,0.002770083102493075,0.10709635447710752,0.9579948863636364,0.6420017045454546,0.9496204545454544,1,722.0
14,6,14,1,0,5.0,0.006165228113440197,0.10709635447710752,0.9595845714285716,0.6536731428571428,0.9767611428571428,1,811.0
22,0,15,0,0,2.0,0.0026560424966799467,0.10709635447710752,0.960858757062147,0.6334305084745763,0.9482943502824858,1,753.0
6,6,14,1,0,5.0,0.0053475935828877,0.0,0.9711568965517242,0.7715344827586208,0.9542132183908044,0,935.0
14,6,14,1,0,6.0,0.00625,0.0,0.9698011363636364,0.75509375,0.9680863636363636,0,960.0
22,0,15,0,0,4.0,0.003827751196172249,0.0,0.9699949438202248,0.7404140449438202,0.9610904494382022,0,1045.0
6,6,14,1,1,4.0,0.004352557127312296,0.0,0.9694767045454546,0.7222562499999999,0.9522732954545454,0,919.0
14,6,14,1,1,4.0,0.005383580080753701,0.0,0.970316384180791,0.7160909604519774,0.958379661016949,0,743.0
6,6,14,1,1,2.0,0.002570694087403599,0.10709635447710752,0.9605514124293784,0.6269536723163842,0.9538604519774012,1,778.0
14,6,14,1,1,2.0,0.0033277870216306157,0.08434027433395386,0.961474431818182,0.6564625000000001,0.9428977272727272,1,601.0
6,6,14,1,1,6.0,0.006521739130434782,0.0,0.965764,0.7633297142857142,0.9598091428571428,0,920.0
14,6,14,1,1,3.0,0.003115264797507788,0.0,0.961093220338983,0.7580553672316385,0.9796604519774011,0,963.0
22,0,15,0,1,1.0,0.0010471204188481676,0.0,0.95955530726257,0.7858726256983241,0.97316312849162,0,955.0
6,6,14,1,2,4.0,0.0038095238095238095,0.0,0.9684011363636364,0.7713215909090909,0.9683693181818182,0,1050.0
14,6,14,1,2,3.0,0.002857142857142857,0.0,0.9675180790960451,0.7758463276836158,0.9586621468926554,0,1050.0
22,0,15,0,2,4.0,0.0038095238095238095,0.05475694313645363,0.9660954545454546,0.7738732954545454,0.9695846590909092,1,1050.0
14,6,14,1,2,2.0,0.0023781212841854932,0.05427083373069763,0.9717162921348316,0.6548410112359551,0.9551494382022472,1,841.0
6,6,14,1,2,3.0,0.002857142857142857,0.0,0.9558448863636364,0.7807528409090909,0.977555681818182,0,1050.0
14,6,14,1,2,4.0,0.004032258064516129,0.0,0.959408,0.7887599999999999,0.9514285714285714,0,992.0
22,0,15,0,2,2.0,0.0019047619047619048,0.0,0.9592327485380115,0.7542111111111112,0.97113216374269,0,1050.0
6,6,14,1,3,2.0,0.0028735632183908046,0.0,0.97625197740113,0.6071683615819209,0.9534841807909604,0,696.0
14,6,14,1,3,2.0,0.002828854314002829,0.0,0.9750948863636364,0.5983465909090909,0.9623090909090908,0,707.0
22,0,15,0,3,4.0,0.005249343832020997,0.0,0.9761469273743016,0.5908648044692737,0.9510592178770948,0,762.0
6,6,14,1,3,5.0,0.004761904761904762,0.0,0.9577932203389832,0.7727412429378532,0.9548954802259888,0,1050.0
14,6,14,1,3,3.0,0.002997002997002997,0.0,0.9601118644067796,0.7691152542372881,0.9529186440677966,0,1001.0
6,6,14,1,3,3.0,0.003271537622682661,0.0,0.970548275862069,0.7340936781609195,0.969635632183908,0,917.0
14,6,14,1,3,2.0,0.0023501762632197414,0.0,0.9679265536723164,0.677564406779661,0.9646892655367232,0,851.0
6,0,15,0,0,6.0,0.006674082313681869,0.10709635447710752,0.9714869318181818,0.7811892045454545,0.9603221590909092,2,899.0
14,0,15,0,0,2.0,0.0022197558268590455,0.08829861134290695,0.9732103448275864,0.7720936781609196,0.9673367816091952,2,901.0
22,1,15,0,0,7.0,0.006666666666666667,0.01336805522441864,0.9726114285714286,0.7704497142857143,0.9543937142857144,1,1050.0
6,0,15,0,0,2.0,0.002777777777777778,0.10709635447710752,0.9579948863636364,0.6420017045454546,0.9496204545454544,1,720.0
14,0,15,0,0,6.0,0.0066518847006651885,0.10709635447710752,0.9595845714285716,0.6536731428571428,0.9767611428571428,1,902.0
22,1,15,0,0,3.0,0.004081632653061225,0.0,0.960858757062147,0.6334305084745763,0.9482943502824858,0,735.0
6,0,15,0,0,3.0,0.003134796238244514,0.0,0.9711568965517242,0.7715344827586208,0.9542132183908044,0,957.0
14,0,15,0,0,5.0,0.005246589716684155,0.0,0.9698011363636364,0.75509375,0.9680863636363636,0,953.0
22,1,15,0,0,3.0,0.002890173410404624,0.08093749731779099,0.9699949438202248,0.7404140449438202,0.9610904494382022,1,1038.0
6,0,15,0,1,4.0,0.005242463958060288,0.05756944417953491,0.9694767045454546,0.7222562499999999,0.9522732954545454,1,763.0
14,0,15,0,1,3.0,0.0031545741324921135,0.038576390594244,0.970316384180791,0.7160909604519774,0.958379661016949,1,951.0
22,1,15,0,1,3.0,0.0037546933667083854,0.0942361131310463,0.9707780898876404,0.6486887640449438,0.9695876404494382,1,799.0
6,0,15,0,1,3.0,0.0035714285714285713,0.0,0.9605514124293784,0.6269536723163842,0.9538604519774012,0,840.0
14,0,15,0,1,4.0,0.0058823529411764705,0.0,0.961474431818182,0.6564625000000001,0.9428977272727272,0,680.0
22,1,15,0,1,1.0,0.0015015015015015015,0.0,0.9596569832402236,0.6435245810055866,0.9638513966480448,0,666.0
6,0,15,0,1,4.0,0.0038095238095238095,0.0,0.965764,0.7633297142857142,0.9598091428571428,0,1050.0
14,0,15,0,1,4.0,0.004842615012106538,0.0,0.961093220338983,0.7580553672316385,0.9796604519774011,0,826.0
22,1,15,0,1,4.0,0.0038095238095238095,0.0,0.95955530726257,0.7858726256983241,0.97316312849162,0,1050.0
6,0,15,0,2,3.0,0.0032292787944025836,0.041180554777383804,0.9684011363636364,0.7713215909090909,0.9683693181818182,1,929.0
14,0,15,0,2,4.0,0.003827751196172249,0.03010416589677334,0.9675180790960451,0.7758463276836158,0.9586621468926554,1,1045.0
22,1,15,0,2,1.0,0.001053740779768177,0.0,0.9660954545454546,0.7738732954545454,0.9695846590909092,0,949.0
6,0,15,0,2,2.0,0.0027359781121751026,0.0,0.9734926553672316,0.6269056497175142,0.955367231638418,0,731.0
14,0,15,0,2,3.0,0.004694835680751174,0.0,0.9717162921348316,0.6548410112359551,0.9551494382022472,0,639.0
22,1,15,0,2,6.0,0.0075282308657465494,0.0,0.9691514450867053,0.6074329479768786,0.9537063583815028,0,797.0
6,0,15,0,2,5.0,0.004930966469428008,0.0,0.9558448863636364,0.7807528409090909,0.977555681818182,0,1014.0
14,0,15,0,2,6.0,0.006528835690968444,0.0,0.959408,0.7887599999999999,0.9514285714285714,0,919.0
22,1,15,0,2,6.0,0.006622516556291391,0.10709635447710752,0.9592327485380115,0.7542111111111112,0.97113216374269,2,906.0
6,0,15,0,3,3.0,0.004261363636363636,0.0,0.97625197740113,0.6071683615819209,0.9534841807909604,0,704.0
14,0,15,0,3,2.0,0.002472187886279357,0.0,0.9750948863636364,0.5983465909090909,0.9623090909090908,0,809.0
22,1,15,0,3,3.0,0.0041265474552957355,0.0,0.9761469273743016,0.5908648044692737,0.9510592178770948,0,727.0
6,0,15,0,3,2.0,0.002074688796680498,0.0,0.9577932203389832,0.7727412429378532,0.9548954802259888,0,964.0
14,0,15,0,3,5.0,0.004761904761904762,0.0,0.9601118644067796,0.7691152542372881,0.9529186440677966,0,1050.0
22,1,15,0,3,5.0,0.004985044865403789,0.10709635447710752,0.9582296511627908,0.8025308139534885,0.9455558139534884,1,1003.0
6,0,15,0,3,3.0,0.0036231884057971015,0.050138890743255615,0.970548275862069,0.7340936781609195,0.969635632183908,1,828.0
14,0,15,0,3,4.0,0.0049079754601227,0.024340277537703514,0.9679265536723164,0.677564406779661,0.9646892655367232,1,815.0
22,1,15,0,3,3.0,0.0035714285714285713,0.0,0.9663485875706216,0.7424570621468926,0.9622666666666668,0,840.0
6,1,15,0,0,5.0,0.0056433408577878106,0.018368056043982506,0.9714869318181818,0.7811892045454545,0.9603221590909092,1,886.0
14,1,15,0,0,4.0,0.003887269193391642,0.00937500037252903,0.9732103448275864,0.7720936781609196,0.9673367816091952,1,1029.0
22,2,15,0,0,4.0,0.004077471967380225,0.02940972149372101,0.9726114285714286,0.7704497142857143,0.9543937142857144,1,981.0
6,1,15,0,0,5.0,0.006195786864931847,0.0,0.9579948863636364,0.6420017045454546,0.9496204545454544,0,807.0
14,1,15,0,0,5.0,0.007173601147776184,0.0,0.9595845714285716,0.6536731428571428,0.9767611428571428,0,697.0
22,2,15,0,0,4.0,0.006211180124223602,0.0,0.960858757062147,0.6334305084745763,0.9482943502824858,0,644.0
6,1,15,0,0,5.0,0.005988023952095809,0.10709635447710752,0.9711568965517242,0.7715344827586208,0.9542132183908044,1,835.0
14,1,15,0,0,3.0,0.0033632286995515697,0.10709635447710752,0.9698011363636364,0.75509375,0.9680863636363636,1,892.0
22,2,15,0,0,2.0,0.002570694087403599,0.10709635447710752,0.9699949438202248,0.7404140449438202,0.9610904494382022,1,778.0
6,1,15,0,1,2.0,0.002072538860103627,0.10709635447710752,0.9694767045454546,0.7222562499999999,0.9522732954545454,1,965.0
14,1,15,0,1,3.0,0.0035971223021582736,0.1024305522441864,0.970316384180791,0.7160909604519774,0.958379661016949,1,834.0
22,2,15,0,1,5.0,0.006443298969072165,0.0,0.9707780898876404,0.6486887640449438,0.9695876404494382,0,776.0
6,1,15,0,1,4.0,0.005390835579514825,0.0,0.9605514124293784,0.6269536723163842,0.9538604519774012,0,742.0
14,1,15,0,1,5.0,0.0070126227208976155,0.0,0.961474431818182,0.6564625000000001,0.9428977272727272,0,713.0
22,2,15,0,1,2.0,0.0027359781121751026,0.10709635447710752,0.9596569832402236,0.6435245810055866,0.9638513966480448,1,731.0
6,1,15,0,1,6.0,0.005714285714285714,0.0,0.965764,0.7633297142857142,0.9598091428571428,0,1050.0
14,1,15,0,1,4.0,0.0038095238095238095,0.0,0.961093220338983,0.7580553672316385,0.9796604519774011,0,1050.0
22,2,15,0,1,7.0,0.008092485549132947,0.0,0.95955530726257,0.7858726256983241,0.97316312849162,0,865.0
6,1,15,0,2,6.0,0.006,0.0,0.9684011363636364,0.7713215909090909,0.9683693181818182,0,1000.0
14,1,15,0,2,6.0,0.005982053838484547,0.0,0.9675180790960451,0.7758463276836158,0.9586621468926554,0,1003.0
22,2,15,0,2,4.0,0.004123711340206186,0.0,0.9660954545454546,0.7738732954545454,0.9695846590909092,0,970.0
6,1,15,0,2,2.0,0.002828854314002829,0.0,0.9734926553672316,0.6269056497175142,0.955367231638418,0,707.0
14,1,15,0,2,3.0,0.004048582995951417,0.0,0.9717162921348316,0.6548410112359551,0.9551494382022472,0,741.0
22,2,15,0,2,6.0,0.0071090047393364926,0.0,0.9691514450867053,0.6074329479768786,0.9537063583815028,0,844.0
6,1,15,0,2,5.0,0.00510204081632653,0.10709635447710752,0.9558448863636364,0.7807528409090909,0.977555681818182,2,980.0
14,1,15,0,2,4.0,0.004073319755600814,0.10709635447710752,0.959408,0.7887599999999999,0.9514285714285714,2,982.0
22,2,15,0,2,1.0,0.0009765625,0.0,0.9592327485380115,0.7542111111111112,0.97113216374269,0,1024.0
6,1,15,0,3,2.0,0.0027397260273972603,0.0,0.97625197740113,0.6071683615819209,0.9534841807909604,0,730.0
14,1,15,0,3,5.0,0.0071633237822349575,0.0,0.9750948863636364,0.5983465909090909,0.9623090909090908,0,698.0
22,2,15,0,3,6.0,0.00816326530612245,0.0,0.9761469273743016,0.5908648044692737,0.9510592178770948,0,735.0
6,1,15,0,3,5.0,0.00641025641025641,0.10709635447710752,0.9577932203389832,0.7727412429378532,0.9548954802259888,1,780.0
14,1,15,0,3,3.0,0.0034602076124567475,0.10709635447710752,0.9601118644067796,0.7691152542372881,0.9529186440677966,1,867.0
22,2,15,0,3,5.0,0.004935834155972359,0.0,0.9582296511627908,0.8025308139534885,0.9455558139534884,0,1013.0
6,1,15,0,3,6.0,0.008141112618724558,0.0,0.970548275862069,0.7340936781609195,0.969635632183908,0,737.0
14,1,15,0,3,2.0,0.0020325203252032522,0.0,0.9679265536723164,0.677564406779661,0.9646892655367232,0,984.0
22,2,15,0,3,5.0,0.007407407407407408,0.0,0.9663485875706216,0.7424570621468926,0.9622666666666668,0,675.0
6,2,15,0,0,4.0,0.0038095238095238095,0.018541665747761726,0.9714869318181818,0.7811892045454545,0.9603221590909092,1,1050.0
14,2,15,0,0,2.0,0.0019047619047619048,0.04715277627110481,0.9732103448275864,0.7720936781609196,0.9673367816091952,1,1050.0
22,3,15,0,0,3.0,0.0034285714285714284,0.0,0.9726114285714286,0.7704497142857143,0.9543937142857144,0,875.0
6,2,15,0,0,4.0,0.004920049200492005,0.0,0.9579948863636364,0.6420017045454546,0.9496204545454544,0,813.0
14,2,15,0,0,2.0,0.0022675736961451248,0.0,0.9595845714285716,0.6536731428571428,0.9767611428571428,0,882.0
22,3,15,0,0,5.0,0.005649717514124294,0.0,0.960858757062147,0.6334305084745763,0.9482943502824858,0,885.0
6,2,15,0,0,3.0,0.003188097768331562,0.10709635447710752,0.9711568965517242,0.7715344827586208,0.9542132183908044,1,941.0
14,2,15,0,0,3.0,0.0040650406504065045,0.10709635447710752,0.9698011363636364,0.75509375,0.9680863636363636,1,738.0
22,3,15,0,0,3.0,0.0031847133757961785,0.10709635447710752,0.9699949438202248,0.7404140449438202,0.9610904494382022,1,942.0
6,2,15,0,1,4.0,0.005509641873278237,0.0,0.9694767045454546,0.7222562499999999,0.9522732954545454,0,726.0
14,2,15,0,1,3.0,0.0037313432835820895,0.0,0.970316384180791,0.7160909604519774,0.958379661016949,0,804.0
22,3,15,0,1,2.0,0.0024271844660194173,0.0,0.9707780898876404,0.6486887640449438,0.9695876404494382,0,824.0
6,2,15,0,1,6.0,0.007033997655334115,0.10709635447710752,0.9605514124293784,0.6269536723163842,0.9538604519774012,1,853.0
14,2,15,0,1,6.0,0.008849557522123894,0.10709635447710752,0.961474431818182,0.6564625000000001,0.9428977272727272,1,678.0
22,3,15,0,1,3.0,0.004437869822485207,0.06052083149552345,0.9596569832402236,0.6435245810055866,0.9638513966480448,1,676.0
6,2,15,0,1,2.0,0.0020222446916076846,0.0,0.965764,0.7633297142857142,0.9598091428571428,0,989.0
14,2,15,0,1,5.0,0.0051813471502590676,0.0,0.961093220338983,0.7580553672316385,0.9796604519774011,0,965.0
22,3,15,0,1,1.0,0.0009523809523809524,0.0,0.95955530726257,0.7858726256983241,0.97316312849162,0,1050.0
6,2,15,0,2,2.0,0.002014098690835851,0.0,0.9684011363636364,0.7713215909090909,0.9683693181818182,0,993.0
14,2,15,0,2,4.0,0.0038910505836575876,0.0,0.9675180790960451,0.7758463276836158,0.9586621468926554,0,1028.0
22,3,15,0,2,3.0,0.002857142857142857,0.0842013880610466,0.9660954545454546,0.7738732954545454,0.9695846590909092,1,1050.0
6,2,15,0,2,2.0,0.0031397174254317113,0.0,0.9734926553672316,0.6269056497175142,0.955367231638418,0,637.0
14,2,15,0,2,3.0,0.003926701570680628,0.0,0.9717162921348316,0.6548410112359551,0.9551494382022472,0,764.0
22,3,15,0,2,2.0,0.002551020408163265,0.019548611715435982,0.9691514450867053,0.6074329479768786,0.9537063583815028,1,784.0
6,2,15,0,2,2.0,0.001941747572815534,0.0,0.9558448863636364,0.7807528409090909,0.977555681818182,0,1030.0
14,2,15,0,2,5.0,0.004761904761904762,0.0,0.959408,0.7887599999999999,0.9514285714285714,0,1050.0
22,3,15,0,2,2.0,0.002325581395348837,0.0,0.9592327485380115,0.7542111111111112,0.97113216374269,0,860.0
6,2,15,0,3,6.0,0.009104704097116844,0.0,0.97625197740113,0.6071683615819209,0.9534841807909604,0,659.0
14,2,15,0,3,4.0,0.005797101449275362,0.0,0.9750948863636364,0.5983465909090909,0.9623090909090908,0,690.0
22,3,15,0,3,2.0,0.0030303030303030303,0.025069445371627808,0.9761469273743016,0.5908648044692737,0.9510592178770948,1,660.0
6,2,15,0,3,3.0,0.003355704697986577,0.0,0.9577932203389832,0.7727412429378532,0.9548954802259888,0,894.0
14,2,15,0,3,3.0,0.003374578177727784,0.0,0.9601118644067796,0.7691152542372881,0.9529186440677966,0,889.0
22,3,15,0,3,6.0,0.0058823529411764705,0.0,0.9582296511627908,0.8025308139534885,0.9455558139534884,0,1020.0
6,2,15,0,3,2.0,0.002229654403567447,0.0,0.970548275862069,0.7340936781609195,0.969635632183908,0,897.0
14,2,15,0,3,2.0,0.0026917900403768506,0.0,0.9679265536723164,0.677564406779661,0.9646892655367232,0,743.0
22,3,15,0,3,4.0,0.005333333333333333,0.0,0.9663485875706216,0.7424570621468926,0.9622666666666668,0,750.0
6,3,15,0,0,2.0,0.002072538860103627,0.0,0.9714869318181818,0.7811892045454545,0.9603221590909092,0,965.0
14,3,15,0,0,4.0,0.0038095238095238095,0.0,0.9732103448275864,0.7720936781609196,0.9673367816091952,0,1050.0
22,4,15,0,0,1.0,0.0009950248756218905,0.10709635447710752,0.9726114285714286,0.7704497142857143,0.9543937142857144,1,1005.0
6,3,15,0,0,4.0,0.0058997050147492625,0.0,0.9579948863636364,0.6420017045454546,0.9496204545454544,0,678.0
14,3,15,0,0,3.0,0.00410958904109589,0.0,0.9595845714285716,0.6536731428571428,0.9767611428571428,0,730.0
22,4,15,0,0,4.0,0.004962779156327543,0.0,0.960858757062147,0.6334305084745763,0.9482943502824858,0,806.0
6,3,15,0,0,2.0,0.0019047619047619048,0.10709635447710752,0.9711568965517242,0.7715344827586208,0.9542132183908044,1,1050.0
14,3,15,0,0,3.0,0.0031413612565445027,0.10709635447710752,0.9698011363636364,0.75509375,0.9680863636363636,1,955.0
22,4,15,0,0,2.0,0.002188183807439825,0.0,0.9699949438202248,0.7404140449438202,0.9610904494382022,0,914.0
6,3,15,0,1,2.0,0.0031645569620253164,0.0,0.9694767045454546,0.7222562499999999,0.9522732954545454,0,632.0
14,3,15,0,1,5.0,0.006747638326585695,0.0,0.970316384180791,0.7160909604519774,0.958379661016949,0,741.0
22,4,15,0,1,2.0,0.0022002200220022,0.0,0.9707780898876404,0.6486887640449438,0.9695876404494382,0,909.0
6,3,15,0,1,5.0,0.006570302233902759,0.061423610895872116,0.9605514124293784,0.6269536723163842,0.9538604519774012,1,761.0
14,3,15,0,1,3.0,0.004629629629629629,0.05354166775941849,0.961474431818182,0.6564625000000001,0.9428977272727272,1,648.0
22,4,15,0,1,8.0,0.011251758087201125,0.0,0.9596569832402236,0.6435245810055866,0.9638513966480448,0,711.0
6,3,15,0,1,5.0,0.004761904761904762,0.0,0.965764,0.7633297142857142,0.9598091428571428,0,1050.0
14,3,15,0,1,5.0,0.005733944954128441,0.0,0.961093220338983,0.7580553672316385,0.9796604519774011,0,872.0
22,4,15,0,1,4.0,0.0038095238095238095,0.0,0.95955530726257,0.7858726256983241,0.97316312849162,0,1050.0
6,3,15,0,2,5.0,0.005580357142857143,0.07270833104848862,0.9684011363636364,0.7713215909090909,0.9683693181818182,1,896.0
14,3,15,0,2,4.0,0.004651162790697674,0.07520833611488342,0.9675180790960451,0.7758463276836158,0.9586621468926554,1,860.0
22,4,15,0,2,2.0,0.0019723865877712033,0.10709635447710752,0.9660954545454546,0.7738732954545454,0.9695846590909092,1,1014.0
6,3,15,0,2,5.0,0.0066844919786096255,0.03777777776122093,0.9734926553672316,0.6269056497175142,0.955367231638418,1,748.0
14,3,15,0,2,3.0,0.0036363636363636364,0.03343750163912773,0.9717162921348316,0.6548410112359551,0.9551494382022472,1,825.0
22,4,15,0,2,4.0,0.0053475935828877,0.042326390743255615,0.9691514450867053,0.6074329479768786,0.9537063583815028,1,748.0
6,3,15,0,2,5.0,0.004835589941972921,0.0,0.9558448863636364,0.7807528409090909,0.977555681818182,0,1034.0
14,3,15,0,2,6.0,0.005714285714285714,0.0,0.959408,0.7887599999999999,0.9514285714285714,0,1050.0
22,4,15,0,2,6.0,0.006276150627615063,0.10048611462116241,0.9592327485380115,0.7542111111111112,0.97113216374269,1,956.0
6,3,15,0,3,2.0,0.003367003367003367,0.04333333298563957,0.97625197740113,0.6071683615819209,0.9534841807909604,1,594.0
14,3,15,0,3,3.0,0.004524886877828055,0.055694445967674255,0.9750948863636364,0.5983465909090909,0.9623090909090908,1,663.0
22,4,15,0,3,5.0,0.008077544426494346,0.10709635447710752,0.9761469273743016,0.5908648044692737,0.9510592178770948,1,619.0
6,3,15,0,3,4.0,0.0038095238095238095,0.0,0.9577932203389832,0.7727412429378532,0.9548954802259888,0,1050.0
14,3,15,0,3,3.0,0.002857142857142857,0.0,0.9601118644067796,0.7691152542372881,0.9529186440677966,0,1050.0
22,4,15,0,3,1.0,0.0009970089730807576,0.014722222462296486,0.9582296511627908,0.8025308139534885,0.9455558139534884,1,1003.0
6,3,15,0,3,4.0,0.004166666666666667,0.0,0.970548275862069,0.7340936781609195,0.969635632183908,0,960.0
14,3,15,0,3,6.0,0.006472491909385114,0.0,0.9679265536723164,0.677564406779661,0.9646892655367232,0,927.0
22,4,15,0,3,2.0,0.0022675736961451248,0.06913194805383682,0.9663485875706216,0.7424570621468926,0.9622666666666668,1,882.0
6,4,15,0,0,5.0,0.004761904761904762,0.06222222372889519,0.9714869318181818,0.7811892045454545,0.9603221590909092,1,1050.0
14,4,15,0,0,2.0,0.0019047619047619048,0.05979166552424431,0.9732103448275864,0.7720936781609196,0.9673367816091952,1,1050.0
22,5,15,1,0,4.0,0.003980099502487562,0.0,0.9726114285714286,0.7704497142857143,0.9543937142857144,0,1005.0
6,4,15,0,0,5.0,0.006954102920723227,0.0,0.9579948863636364,0.6420017045454546,0.9496204545454544,0,719.0
14,4,15,0,0,2.0,0.0027662517289073307,0.0,0.9595845714285716,0.6536731428571428,0.9767611428571428,0,723.0
22,5,15,1,0,4.0,0.0055248618784530384,0.0434027761220932,0.960858757062147,0.6334305084745763,0.9482943502824858,1,724.0
6,4,15,0,0,5.0,0.005197505197505198,0.0,0.9711568965517242,0.7715344827586208,0.9542132183908044,0,962.0
14,4,15,0,0,4.0,0.003992015968063872,0.0,0.9698011363636364,0.75509375,0.9680863636363636,0,1002.0
22,5,15,1,0,3.0,0.003579952267303103,0.10709635447710752,0.9699949438202248,0.7404140449438202,0.9610904494382022,1,838.0
6,4,15,0,1,6.0,0.006993006993006993,0.0,0.9694767045454546,0.7222562499999999,0.9522732954545454,0,858.0
14,4,15,0,1,5.0,0.006321112515802781,0.0,0.970316384180791,0.7160909604519774,0.958379661016949,0,791.0
22,5,15,1,1,3.0,0.004665629860031105,0.0,0.9707780898876404,0.6486887640449438,0.9695876404494382,0,643.0
6,4,15,0,1,5.0,0.00715307582260372,0.0,0.9605514124293784,0.6269536723163842,0.9538604519774012,0,699.0
14,4,15,0,1,4.0,0.00546448087431694,0.0,0.961474431818182,0.6564625000000001,0.9428977272727272,0,732.0
22,5,15,1,1,1.0,0.0016155088852988692,0.10709635447710752,0.9596569832402236,0.6435245810055866,0.9638513966480448,1,619.0
6,4,15,0,1,5.0,0.0050968399592252805,0.0,0.965764,0.7633297142857142,0.9598091428571428,0,981.0
14,4,15,0,1,6.0,0.006600660066006601,0.0,0.961093220338983,0.7580553672316385,0.9796604519774011,0,909.0
22,5,15,1,1,5.0,0.004761904761904762,0.0,0.95955530726257,0.7858726256983241,0.97316312849162,0,1050.0
6,4,15,0,2,5.0,0.004887585532746823,0.10709635447710752,0.9684011363636364,0.7713215909090909,0.9683693181818182,1,1023.0
14,4,15,0,2,6.0,0.005994005994005994,0.10709635447710752,0.9675180790960451,0.7758463276836158,0.9586621468926554,1,1001.0
22,5,15,1,2,2.0,0.0024691358024691358,0.0,0.9660954545454546,0.7738732954545454,0.9695846590909092,0,810.0
6,4,15,0,2,3.0,0.0038510911424903724,0.04010416567325592,0.9734926553672316,0.6269056497175142,0.955367231638418,1,779.0
14,4,15,0,2,3.0,0.004815409309791332,0.04357638955116272,0.9717162921348316,0.6548410112359551,0.9551494382022472,1,623.0
22,5,15,1,2,3.0,0.004054054054054054,0.0,0.9691514450867053,0.6074329479768786,0.9537063583815028,0,740.0
6,4,15,0,2,5.0,0.004793863854266539,0.10709635447710752,0.9558448863636364,0.7807528409090909,0.977555681818182,1,1043.0
14,4,15,0,2,6.0,0.006674082313681869,0.10709635447710752,0.959408,0.7887599999999999,0.9514285714285714,1,899.0
22,5,15,1,2,5.0,0.004761904761904762,0.10709635447710752,0.9592327485380115,0.7542111111111112,0.97113216374269,2,1050.0
6,4,15,0,3,2.0,0.0032102728731942215,0.10709635447710752,0.97625197740113,0.6071683615819209,0.9534841807909604,1,623.0
14,4,15,0,3,5.0,0.007598784194528876,0.10709635447710752,0.9750948863636364,0.5983465909090909,0.9623090909090908,1,658.0
22,5,15,1,3,3.0,0.0046439628482972135,0.0,0.9761469273743016,0.5908648044692737,0.9510592178770948,0,646.0
6,4,15,0,3,6.0,0.006018054162487462,0.032326389104127884,0.9577932203389832,0.7727412429378532,0.9548954802259888,1,997.0
14,4,15,0,3,6.0,0.006772009029345372,0.036666665226221085,0.9601118644067796,0.7691152542372881,0.9529186440677966,1,886.0
22,5,15,1,3,6.0,0.00644468313641246,0.10709635447710752,0.9582296511627908,0.8025308139534885,0.9455558139534884,1,931.0
6,4,15,0,3,6.0,0.005982053838484547,0.05236111208796501,0.970548275862069,0.7340936781609195,0.969635632183908,1,1003.0
14,4,15,0,3,4.0,0.004250797024442083,0.08236110955476761,0.9679265536723164,0.677564406779661,0.9646892655367232,1,941.0
22,5,15,1,3,3.0,0.003003003003003003,0.03305555507540703,0.9663485875706216,0.7424570621468926,0.9622666666666668,1,999.0
6,5,15,1,0,3.0,0.003537735849056604,0.0,0.9714869318181818,0.7811892045454545,0.9603221590909092,0,848.0
14,5,15,1,0,4.0,0.004,0.0,0.9732103448275864,0.7720936781609196,0.9673367816091952,0,1000.0
22,6,15,1,0,3.0,0.002952755905511811,0.03312499821186066,0.9726114285714286,0.7704497142857143,0.9543937142857144,1,1016.0
6,5,15,1,0,5.0,0.006934812760055479,0.023402778431773186,0.9579948863636364,0.6420017045454546,0.9496204545454544,1,721.0
14,5,15,1,0,4.0,0.004920049200492005,0.04131944477558136,0.9595845714285716,0.6536731428571428,0.9767611428571428,1,813.0
22,6,15,1,0,1.0,0.001422475106685633,0.0,0.960858757062147,0.6334305084745763,0.9482943502824858,0,703.0
6,5,15,1,0,2.0,0.002509410288582183,0.10709635447710752,0.9711568965517242,0.7715344827586208,0.9542132183908044,1,797.0
14,5,15,1,0,6.0,0.007058823529411765,0.10709635447710752,0.9698011363636364,0.75509375,0.9680863636363636,1,850.0
22,6,15,1,0,2.0,0.002053388090349076,0.0,0.9699949438202248,0.7404140449438202,0.9610904494382022,0,974.0
6,5,15,1,1,3.0,0.0030211480362537764,0.0,0.9694767045454546,0.7222562499999999,0.9522732954545454,0,993.0
14,5,15,1,1,6.0,0.006928406466512702,0.0,0.970316384180791,0.7160909604519774,0.958379661016949,0,866.0
22,6,15,1,1,3.0,0.0037831021437578815,0.0,0.9707780898876404,0.6486887640449438,0.9695876404494382,0,793.0
6,5,15,1,1,3.0,0.003875968992248062,0.07506944239139557,0.9605514124293784,0.6269536723163842,0.9538604519774012,1,774.0
14,5,15,1,1,3.0,0.003778337531486146,0.10709635447710752,0.961474431818182,0.6564625000000001,0.9428977272727272,1,794.0
22,6,15,1,1,5.0,0.0063532401524777635,0.0,0.9596569832402236,0.6435245810055866,0.9638513966480448,0,787.0
6,5,15,1,1,3.0,0.003246753246753247,0.0,0.965764,0.7633297142857142,0.9598091428571428,0,924.0
14,5,15,1,1,6.0,0.005714285714285714,0.0,0.961093220338983,0.7580553672316385,0.9796604519774011,0,1050.0
22,6,15,1,1,0.0,0.0,0.10709635447710752,0.95955530726257,0.7858726256983241,0.97316312849162,2,963.0
6,5,15,1,2,5.0,0.004761904761904762,0.0,0.9684011363636364,0.7713215909090909,0.9683693181818182,0,1050.0
14,5,15,1,2,5.0,0.0057670126874279125,0.0,0.9675180790960451,0.7758463276836158,0.9586621468926554,0,867.0
22,6,15,1,2,7.0,0.006829268292682927,0.0,0.9660954545454546,0.7738732954545454,0.9695846590909092,0,1025.0
6,5,15,1,2,4.0,0.005018820577164366,0.0,0.9734926553672316,0.6269056497175142,0.955367231638418,0,797.0
14,5,15,1,2,6.0,0.0078125,0.0,0.9717162921348316,0.6548410112359551,0.9551494382022472,0,768.0
22,6,15,1,2,6.0,0.007462686567164179,0.0,0.9691514450867053,0.6074329479768786,0.9537063583815028,0,804.0
6,5,15,1,2,6.0,0.005714285714285714,0.10709635447710752,0.9558448863636364,0.7807528409090909,0.977555681818182,2,1050.0
14,5,15,1,2,2.0,0.0019047619047619048,0.10709635447710752,0.959408,0.7887599999999999,0.9514285714285714,2,1050.0
22,6,15,1,2,5.0,0.004911591355599214,0.0,0.9592327485380115,0.7542111111111112,0.97113216374269,0,1018.0
6,5,15,1,3,6.0,0.00933125972006221,0.0,0.97625197740113,0.6071683615819209,0.9534841807909604,0,643.0
14,5,15,1,3,6.0,0.007444168734491315,0.0,0.9750948863636364,0.5983465909090909,0.9623090909090908,0,806.0
22,6,15,1,3,6.0,0.008368200836820083,0.0,0.9761469273743016,0.5908648044692737,0.9510592178770948,0,717.0
6,5,15,1,3,4.0,0.004016064257028112,0.10709635447710752,0.9577932203389832,0.7727412429378532,0.9548954802259888,1,996.0
14,5,15,1,3,5.0,0.005025125628140704,0.10709635447710752,0.9601118644067796,0.7691152542372881,0.9529186440677966,1,995.0
22,6,15,1,3,4.0,0.005369127516778523,0.0,0.9582296511627908,0.8025308139534885,0.9455558139534884,0,745.0
6,5,15,1,3,5.0,0.006009615384615385,0.027881944552063942,0.970548275862069,0.7340936781609195,0.969635632183908,1,832.0
14,5,15,1,3,5.0,0.0063371356147021544,0.017847221344709396,0.9679265536723164,0.677564406779661,0.9646892655367232,1,789.0
22,6,15,1,3,5.0,0.0059594755661501785,0.0,0.9663485875706216,0.7424570621468926,0.9622666666666668,0,839.0
6,6,15,1,0,2.0,0.002574002574002574,0.029756944626569748,0.9714869318181818,0.7811892045454545,0.9603221590909092,1,777.0
22,0,16,0,0,5.0,0.004911591355599214,0.0,0.9726114285714286,0.7704497142857143,0.9543937142857144,0,1018.0
6,6,15,1,0,5.0,0.007936507936507936,0.0,0.9579948863636364,0.6420017045454546,0.9496204545454544,0,630.0
14,6,15,1,0,6.0,0.006586169045005488,0.0,0.9595845714285716,0.6536731428571428,0.9767611428571428,0,911.0
6,6,15,1,0,5.0,0.005512679162072767,0.0,0.9711568965517242,0.7715344827586208,0.9542132183908044,0,907.0
14,6,15,1,0,5.0,0.005065856129685917,0.0,0.9698011363636364,0.75509375,0.9680863636363636,0,987.0
22,0,16,0,0,7.0,0.007760532150776054,0.0,0.9699949438202248,0.7404140449438202,0.9610904494382022,0,902.0
6,6,15,1,1,5.0,0.005302226935312832,0.0,0.9694767045454546,0.7222562499999999,0.9522732954545454,0,943.0
14,6,15,1,1,2.0,0.002512562814070352,0.0,0.970316384180791,0.7160909604519774,0.958379661016949,0,796.0
22,0,16,0,1,6.0,0.0069605568445475635,0.0,0.9707780898876404,0.6486887640449438,0.9695876404494382,0,862.0
14,6,15,1,1,4.0,0.005305039787798408,0.0,0.961474431818182,0.6564625000000001,0.9428977272727272,0,754.0
22,0,16,0,1,2.0,0.00267379679144385,0.0,0.9596569832402236,0.6435245810055866,0.9638513966480448,0,748.0
14,6,15,1,1,2.0,0.0021208907741251328,0.10709635447710752,0.961093220338983,0.7580553672316385,0.9796604519774011,2,943.0
22,0,16,0,1,6.0,0.005714285714285714,0.0,0.95955530726257,0.7858726256983241,0.97316312849162,0,1050.0
6,6,15,1,2,4.0,0.003980099502487562,0.0,0.9684011363636364,0.7713215909090909,0.9683693181818182,0,1005.0
14,6,15,1,2,4.0,0.004069175991861648,0.0,0.9675180790960451,0.7758463276836158,0.9586621468926554,0,983.0
22,0,16,0,2,3.0,0.003218884120171674,0.0,0.9660954545454546,0.7738732954545454,0.9695846590909092,0,932.0
6,6,15,1,2,2.0,0.0024875621890547263,0.0,0.9734926553672316,0.6269056497175142,0.955367231638418,0,804.0
14,6,15,1,2,3.0,0.0039946737683089215,0.0,0.9717162921348316,0.6548410112359551,0.9551494382022472,0,751.0
22,0,16,0,2,1.0,0.001379310344827586,0.10709635447710752,0.9691514450867053,0.6074329479768786,0.9537063583815028,1,725.0
6,6,15,1,2,2.0,0.002285714285714286,0.0,0.9558448863636364,0.7807528409090909,0.977555681818182,0,875.0
14,6,15,1,2,6.0,0.006437768240343348,0.0,0.959408,0.7887599999999999,0.9514285714285714,0,932.0
22,0,16,0,2,6.0,0.005865102639296188,0.0,0.9592327485380115,0.7542111111111112,0.97113216374269,0,1023.0
6,6,15,1,3,5.0,0.00794912559618442,0.0,0.97625197740113,0.6071683615819209,0.9534841807909604,0,629.0
14,6,15,1,3,1.0,0.001697792869269949,0.0,0.9750948863636364,0.5983465909090909,0.9623090909090908,0,589.0
22,0,16,0,3,1.0,0.0017035775127768314,0.10027778148651123,0.9761469273743016,0.5908648044692737,0.9510592178770948,1,587.0
6,6,15,1,3,3.0,0.0035211267605633804,0.0,0.9577932203389832,0.7727412429378532,0.9548954802259888,0,852.0
14,6,15,1,3,2.0,0.002061855670103093,0.0,0.9601118644067796,0.7691152542372881,0.9529186440677966,0,970.0
6,6,15,1,3,4.0,0.0041753653444676405,0.0,0.970548275862069,0.7340936781609195,0.969635632183908,0,958.0
14,6,15,1,3,6.0,0.005970149253731343,0.0,0.9679265536723164,0.677564406779661,0.9646892655367232,0,1005.0
22,0,16,0,3,3.0,0.0033707865168539327,0.036076389253139496,0.9663485875706216,0.7424570621468926,0.9622666666666668,1,890.0
6,0,16,0,0,3.0,0.0038560411311053984,0.0,0.9714869318181818,0.7811892045454545,0.9603221590909092,0,778.0
14,0,16,0,0,4.0,0.004310344827586207,0.0,0.9732103448275864,0.7720936781609196,0.9673367816091952,0,928.0
22,1,16,0,0,3.0,0.002857142857142857,0.0,0.9726114285714286,0.7704497142857143,0.9543937142857144,0,1050.0
6,0,16,0,0,3.0,0.004076086956521739,0.0,0.9579948863636364,0.6420017045454546,0.9496204545454544,0,736.0
14,0,16,0,0,3.0,0.003575685339690107,0.0,0.9595845714285716,0.6536731428571428,0.9767611428571428,0,839.0
22,1,16,0,0,4.0,0.005050505050505051,0.10709635447710752,0.960858757062147,0.6334305084745763,0.9482943502824858,1,792.0
6,0,16,0,0,2.0,0.002296211251435132,0.0,0.9711568965517242,0.7715344827586208,0.9542132183908044,0,871.0
14,0,16,0,0,3.0,0.0032397408207343412,0.0,0.9698011363636364,0.75509375,0.9680863636363636,0,926.0
22,1,16,0,0,3.0,0.002857142857142857,0.0,0.9699949438202248,0.7404140449438202,0.9610904494382022,0,1050.0
6,0,16,0,1,4.0,0.004540295119182747,0.0,0.9694767045454546,0.7222562499999999,0.9522732954545454,0,881.0
14,0,16,0,1,5.0,0.006305170239596469,0.0,0.970316384180791,0.7160909604519774,0.958379661016949,0,793.0
22,1,16,0,1,6.0,0.006185567010309278,0.0,0.9707780898876404,0.6486887640449438,0.9695876404494382,0,970.0
6,0,16,0,1,5.0,0.007072135785007072,0.0,0.9605514124293784,0.6269536723163842,0.9538604519774012,0,707.0
14,0,16,0,1,5.0,0.007763975155279503,0.0,0.961474431818182,0.6564625000000001,0.9428977272727272,0,644.0
22,1,16,0,1,8.0,0.01199400299850075,0.0,0.9596569832402236,0.6435245810055866,0.9638513966480448,0,667.0
6,0,16,0,1,5.0,0.005500550055005501,0.0,0.965764,0.7633297142857142,0.9598091428571428,0,909.0
14,0,16,0,1,4.0,0.00404040404040404,0.0,0.961093220338983,0.7580553672316385,0.9796604519774011,0,990.0
22,1,16,0,1,5.0,0.004761904761904762,0.0,0.95955530726257,0.7858726256983241,0.97316312849162,0,1050.0
6,0,16,0,2,3.0,0.002857142857142857,0.0,0.9684011363636364,0.7713215909090909,0.9683693181818182,0,1050.0
14,0,16,0,2,3.0,0.0033076074972436605,0.0,0.9675180790960451,0.7758463276836158,0.9586621468926554,0,907.0
22,1,16,0,2,8.0,0.00866738894907909,0.10709635447710752,0.9660954545454546,0.7738732954545454,0.9695846590909092,1,923.0
6,0,16,0,2,4.0,0.005641748942172073,0.0633680522441864,0.9734926553672316,0.6269056497175142,0.955367231638418,1,709.0
14,0,16,0,2,2.0,0.0024752475247524753,0.04520833492279053,0.9717162921348316,0.6548410112359551,0.9551494382022472,1,808.0
22,1,16,0,2,6.0,0.007246376811594203,0.10709635447710752,0.9691514450867053,0.6074329479768786,0.9537063583815028,2,828.0
6,0,16,0,2,2.0,0.0022675736961451248,0.0,0.9558448863636364,0.7807528409090909,0.977555681818182,0,882.0
14,0,16,0,2,3.0,0.0028790786948176585,0.0,0.959408,0.7887599999999999,0.9514285714285714,0,1042.0
22,1,16,0,2,2.0,0.0019047619047619048,0.08145833015441895,0.9592327485380115,0.7542111111111112,0.97113216374269,1,1050.0
6,0,16,0,3,5.0,0.0075528700906344415,0.09048610925674438,0.97625197740113,0.6071683615819209,0.9534841807909604,1,662.0
14,0,16,0,3,3.0,0.0045871559633027525,0.10709635447710752,0.9750948863636364,0.5983465909090909,0.9623090909090908,1,654.0
22,1,16,0,3,3.0,0.004777070063694267,0.0,0.9761469273743016,0.5908648044692737,0.9510592178770948,0,628.0
6,0,16,0,3,3.0,0.003131524008350731,0.0,0.9577932203389832,0.7727412429378532,0.9548954802259888,0,958.0
14,0,16,0,3,6.0,0.0060790273556231,0.0,0.9601118644067796,0.7691152542372881,0.9529186440677966,0,987.0
22,1,16,0,3,3.0,0.0028873917228103944,0.0,0.9582296511627908,0.8025308139534885,0.9455558139534884,0,1039.0
6,0,16,0,3,6.0,0.007425742574257425,0.03399305418133736,0.970548275862069,0.7340936781609195,0.969635632183908,1,808.0
14,0,16,0,3,3.0,0.004,0.08222222328186035,0.9679265536723164,0.677564406779661,0.9646892655367232,1,750.0
22,1,16,0,3,4.0,0.004678362573099415,0.0,0.9663485875706216,0.7424570621468926,0.9622666666666668,0,855.0
6,1,16,0,0,6.0,0.006185567010309278,0.0,0.9714869318181818,0.7811892045454545,0.9603221590909092,0,970.0
14,1,16,0,0,2.0,0.0019047619047619048,0.0,0.9732103448275864,0.7720936781609196,0.9673367816091952,0,1050.0
22,2,16,0,0,4.0,0.003875968992248062,0.054652776569128036,0.9726114285714286,0.7704497142857143,0.9543937142857144,1,1032.0
6,1,16,0,0,3.0,0.004739336492890996,0.10709635447710752,0.9579948863636364,0.6420017045454546,0.9496204545454544,1,633.0
14,1,16,0,0,6.0,0.007317073170731708,0.10709635447710752,0.9595845714285716,0.6536731428571428,0.9767611428571428,1,820.0
22,2,16,0,0,5.0,0.005813953488372093,0.0,0.960858757062147,0.6334305084745763,0.9482943502824858,0,860.0
6,1,16,0,0,4.0,0.004968944099378882,0.0,0.9711568965517242,0.7715344827586208,0.9542132183908044,0,805.0
14,1,16,0,0,5.0,0.0047984644913627635,0.0,0.9698011363636364,0.75509375,0.9680863636363636,0,1042.0
22,2,16,0,0,6.0,0.006615214994487321,0.0,0.9699949438202248,0.7404140449438202,0.9610904494382022,0,907.0
6,1,16,0,1,3.0,0.003051881993896236,0.0,0.9694767045454546,0.7222562499999999,0.9522732954545454,0,983.0
14,1,16,0,1,6.0,0.006224066390041493,0.0,0.970316384180791,0.7160909604519774,0.958379661016949,0,964.0
22,2,16,0,1,1.0,0.0010649627263045794,0.05236111208796501,0.9707780898876404,0.6486887640449438,0.9695876404494382,1,939.0
6,1,16,0,1,4.0,0.0055248618784530384,0.0,0.9605514124293784,0.6269536723163842,0.9538604519774012,0,724.0
14,1,16,0,1,3.0,0.004702194357366771,0.0,0.961474431818182,0.6564625000000001,0.9428977272727272,0,638.0
22,2,16,0,1,7.0,0.009198423127463863,0.0,0.9596569832402236,0.6435245810055866,0.9638513966480448,0,761.0
6,1,16,0,1,3.0,0.0028873917228103944,0.0,0.965764,0.7633297142857142,0.9598091428571428,0,1039.0
14,1,16,0,1,4.0,0.0038095238095238095,0.0,0.961093220338983,0.7580553672316385,0.9796604519774011,0,1050.0
22,2,16,0,1,4.0,0.0041797283176593526,0.0,0.95955530726257,0.7858726256983241,0.97316312849162,0,957.0
6,1,16,0,2,5.0,0.005917159763313609,0.10709635447710752,0.9684011363636364,0.7713215909090909,0.9683693181818182,1,845.0
14,1,16,0,2,3.0,0.002857142857142857,0.10709635447710752,0.9675180790960451,0.7758463276836158,0.9586621468926554,1,1050.0
22,2,16,0,2,0.0,0.0,0.0,0.9660954545454546,0.7738732954545454,0.9695846590909092,0,1007.0
6,1,16,0,2,4.0,0.0058309037900874635,0.10709635447710752,0.9734926553672316,0.6269056497175142,0.955367231638418,2,686.0
14,1,16,0,2,3.0,0.004143646408839779,0.09559027850627899,0.9717162921348316,0.6548410112359551,0.9551494382022472,2,724.0
22,2,16,0,2,2.0,0.002777777777777778,0.0,0.9691514450867053,0.6074329479768786,0.9537063583815028,0,720.0
6,1,16,0,2,4.0,0.0038095238095238095,0.06232639029622078,0.9558448863636364,0.7807528409090909,0.977555681818182,1,1050.0
14,1,16,0,2,3.0,0.002857142857142857,0.062187500298023224,0.959408,0.7887599999999999,0.9514285714285714,1,1050.0
22,2,16,0,2,4.0,0.0038684719535783366,0.0,0.9592327485380115,0.7542111111111112,0.97113216374269,0,1034.0
6,1,16,0,3,4.0,0.0053404539385847796,0.0,0.97625197740113,0.6071683615819209,0.9534841807909604,0,749.0
14,1,16,0,3,3.0,0.004594180704441042,0.0,0.9750948863636364,0.5983465909090909,0.9623090909090908,0,653.0
22,2,16,0,3,1.0,0.0011862396204033216,0.0,0.9761469273743016,0.5908648044692737,0.9510592178770948,0,843.0
6,1,16,0,3,4.0,0.004106776180698152,0.0,0.9577932203389832,0.7727412429378532,0.9548954802259888,0,974.0
14,1,16,0,3,4.0,0.0038095238095238095,0.0,0.9601118644067796,0.7691152542372881,0.9529186440677966,0,1050.0
22,2,16,0,3,3.0,0.0032292787944025836,0.0,0.9582296511627908,0.8025308139534885,0.9455558139534884,0,929.0
6,1,16,0,3,3.0,0.003658536585365854,0.0,0.970548275862069,0.7340936781609195,0.969635632183908,0,820.0
14,1,16,0,3,4.0,0.005031446540880503,0.0,0.9679265536723164,0.677564406779661,0.9646892655367232,0,795.0
22,2,16,0,3,1.0,0.001145475372279496,0.0,0.9663485875706216,0.7424570621468926,0.9622666666666668,0,873.0
6,2,16,0,0,4.0,0.004073319755600814,0.10027778148651123,0.9714869318181818,0.7811892045454545,0.9603221590909092,1,982.0
14,2,16,0,0,4.0,0.004761904761904762,0.10709635447710752,0.9732103448275864,0.7720936781609196,0.9673367816091952,1,840.0
22,3,16,0,0,4.0,0.0040609137055837565,0.0,0.9726114285714286,0.7704497142857143,0.9543937142857144,0,985.0
6,2,16,0,0,3.0,0.0036452004860267314,0.0,0.9579948863636364,0.6420017045454546,0.9496204545454544,0,823.0
14,2,16,0,0,5.0,0.007173601147776184,0.0,0.9595845714285716,0.6536731428571428,0.9767611428571428,0,697.0
22,3,16,0,0,3.0,0.0038809831824062097,0.0,0.960858757062147,0.6334305084745763,0.9482943502824858,0,773.0
6,2,16,0,0,4.0,0.004069175991861648,0.0,0.9711568965517242,0.7715344827586208,0.9542132183908044,0,983.0
14,2,16,0,0,2.0,0.0019157088122605363,0.0,0.9698011363636364,0.75509375,0.9680863636363636,0,1044.0
22,3,16,0,0,2.0,0.002320185614849188,0.0,0.9699949438202248,0.7404140449438202,0.9610904494382022,0,862.0
6,2,16,0,1,4.0,0.0047169811320754715,0.045451387763023376,0.9694767045454546,0.7222562499999999,0.9522732954545454,1,848.0
14,2,16,0,1,5.0,0.004803073967339097,0.08378472179174423,0.970316384180791,0.7160909604519774,0.958379661016949,1,1041.0
22,3,16,0,1,2.0,0.0021953896816684962,0.0,0.9707780898876404,0.6486887640449438,0.9695876404494382,0,911.0
6,2,16,0,1,3.0,0.004658385093167702,0.0,0.9605514124293784,0.6269536723163842,0.9538604519774012,0,644.0
14,2,16,0,1,6.0,0.0079155672823219,0.0,0.961474431818182,0.6564625000000001,0.9428977272727272,0,758.0
22,3,16,0,1,5.0,0.006657789613848202,0.10709635447710752,0.9596569832402236,0.6435245810055866,0.9638513966480448,1,751.0
6,2,16,0,1,3.0,0.0030211480362537764,0.0,0.965764,0.7633297142857142,0.9598091428571428,0,993.0
14,2,16,0,1,4.0,0.004048582995951417,0.0,0.961093220338983,0.7580553672316385,0.9796604519774011,0,988.0
22,3,16,0,1,2.0,0.0019047619047619048,0.10709635447710752,0.95955530726257,0.7858726256983241,0.97316312849162,2,1050.0
6,2,16,0,2,5.0,0.004761904761904762,0.0,0.9684011363636364,0.7713215909090909,0.9683693181818182,0,1050.0
14,2,16,0,2,5.0,0.004803073967339097,0.0,0.9675180790960451,0.7758463276836158,0.9586621468926554,0,1041.0
22,3,16,0,2,3.0,0.003003003003003003,0.0,0.9660954545454546,0.7738732954545454,0.9695846590909092,0,999.0
6,2,16,0,2,6.0,0.007782101167315175,0.0,0.9734926553672316,0.6269056497175142,0.955367231638418,0,771.0
14,2,16,0,2,2.0,0.002554278416347382,0.0,0.9717162921348316,0.6548410112359551,0.9551494382022472,0,783.0
22,3,16,0,2,3.0,0.0036319612590799033,0.0,0.9691514450867053,0.6074329479768786,0.9537063583815028,0,826.0
6,2,16,0,2,2.0,0.0021344717182497333,0.0,0.9558448863636364,0.7807528409090909,0.977555681818182,0,937.0
14,2,16,0,2,5.0,0.004761904761904762,0.0,0.959408,0.7887599999999999,0.9514285714285714,0,1050.0
22,3,16,0,2,3.0,0.0031088082901554403,0.0,0.9592327485380115,0.7542111111111112,0.97113216374269,0,965.0
6,2,16,0,3,5.0,0.00620347394540943,0.0,0.97625197740113,0.6071683615819209,0.9534841807909604,0,806.0
14,2,16,0,3,3.0,0.003926701570680628,0.0,0.9750948863636364,0.5983465909090909,0.9623090909090908,0,764.0
22,3,16,0,3,2.0,0.0030864197530864196,0.0,0.9761469273743016,0.5908648044692737,0.9510592178770948,0,648.0
6,2,16,0,3,4.0,0.0040941658137154556,0.0,0.9577932203389832,0.7727412429378532,0.9548954802259888,0,977.0
14,2,16,0,3,4.0,0.003980099502487562,0.0,0.9601118644067796,0.7691152542372881,0.9529186440677966,0,1005.0
22,3,16,0,3,6.0,0.00702576112412178,0.0,0.9582296511627908,0.8025308139534885,0.9455558139534884,0,854.0
6,2,16,0,3,3.0,0.003472222222222222,0.0,0.970548275862069,0.7340936781609195,0.969635632183908,0,864.0
14,2,16,0,3,6.0,0.006514657980456026,0.0,0.9679265536723164,0.677564406779661,0.9646892655367232,0,921.0
22,3,16,0,3,4.0,0.0047562425683709865,0.0,0.9663485875706216,0.7424570621468926,0.9622666666666668,0,841.0
6,3,16,0,0,5.0,0.004901960784313725,0.0,0.9714869318181818,0.7811892045454545,0.9603221590909092,0,1020.0
14,3,16,0,0,1.0,0.0009523809523809524,0.0,0.9732103448275864,0.7720936781609196,0.9673367816091952,0,1050.0
22,4,16,0,0,3.0,0.002857142857142857,0.0,0.9726114285714286,0.7704497142857143,0.9543937142857144,0,1050.0
6,3,16,0,0,5.0,0.007451564828614009,0.0,0.9579948863636364,0.6420017045454546,0.9496204545454544,0,671.0
14,3,16,0,0,2.0,0.0029069767441860465,0.0,0.9595845714285716,0.6536731428571428,0.9767611428571428,0,688.0
22,4,16,0,0,0.0,0.0,0.10656250268220901,0.960858757062147,0.6334305084745763,0.9482943502824858,1,892.0
6,3,16,0,0,2.0,0.002105263157894737,0.0,0.9711568965517242,0.7715344827586208,0.9542132183908044,0,950.0
14,3,16,0,0,4.0,0.003898635477582846,0.0,0.9698011363636364,0.75509375,0.9680863636363636,0,1026.0
22,4,16,0,0,6.0,0.005714285714285714,0.0,0.9699949438202248,0.7404140449438202,0.9610904494382022,0,1050.0
6,3,16,0,1,4.0,0.005479452054794521,0.0,0.9694767045454546,0.7222562499999999,0.9522732954545454,0,730.0
14,3,16,0,1,2.0,0.002127659574468085,0.0,0.970316384180791,0.7160909604519774,0.958379661016949,0,940.0
22,4,16,0,1,1.0,0.0011890606420927466,0.049861110746860504,0.9707780898876404,0.6486887640449438,0.9695876404494382,1,841.0
6,3,16,0,1,4.0,0.005291005291005291,0.10709635447710752,0.9605514124293784,0.6269536723163842,0.9538604519774012,1,756.0
14,3,16,0,1,6.0,0.007702182284980745,0.09138888865709305,0.961474431818182,0.6564625000000001,0.9428977272727272,1,779.0
22,4,16,0,1,1.0,0.0015015015015015015,0.0,0.9596569832402236,0.6435245810055866,0.9638513966480448,0,666.0
6,3,16,0,1,2.0,0.002157497303128371,0.10709635447710752,0.965764,0.7633297142857142,0.9598091428571428,2,927.0
14,3,16,0,1,6.0,0.0063025210084033615,0.10709635447710752,0.961093220338983,0.7580553672316385,0.9796604519774011,2,952.0
22,4,16,0,1,3.0,0.0033783783783783786,0.06604166328907013,0.95955530726257,0.7858726256983241,0.97316312849162,1,888.0
6,3,16,0,2,5.0,0.0048449612403100775,0.0,0.9684011363636364,0.7713215909090909,0.9683693181818182,0,1032.0
14,3,16,0,2,3.0,0.002857142857142857,0.0,0.9675180790960451,0.7758463276836158,0.9586621468926554,0,1050.0
22,4,16,0,2,1.0,0.0009523809523809524,0.10392361134290695,0.9660954545454546,0.7738732954545454,0.9695846590909092,1,1050.0
6,3,16,0,2,1.0,0.0012804097311139564,0.0,0.9734926553672316,0.6269056497175142,0.955367231638418,0,781.0
14,3,16,0,2,2.0,0.003179650238473768,0.0,0.9717162921348316,0.6548410112359551,0.9551494382022472,0,629.0
22,4,16,0,2,2.0,0.002777777777777778,0.10709635447710752,0.9691514450867053,0.6074329479768786,0.9537063583815028,1,720.0
6,3,16,0,2,4.0,0.004381161007667032,0.0,0.9558448863636364,0.7807528409090909,0.977555681818182,0,913.0
14,3,16,0,2,4.0,0.004098360655737705,0.0,0.959408,0.7887599999999999,0.9514285714285714,0,976.0
22,4,16,0,2,7.0,0.006666666666666667,0.0,0.9592327485380115,0.7542111111111112,0.97113216374269,0,1050.0
6,3,16,0,3,5.0,0.0077279752704791345,0.0,0.97625197740113,0.6071683615819209,0.9534841807909604,0,647.0
14,3,16,0,3,5.0,0.006666666666666667,0.0,0.9750948863636364,0.5983465909090909,0.9623090909090908,0,750.0
22,4,16,0,3,3.0,0.004178272980501393,0.0,0.9761469273743016,0.5908648044692737,0.9510592178770948,0,718.0
6,3,16,0,3,4.0,0.004,0.0,0.9577932203389832,0.7727412429378532,0.9548954802259888,0,1000.0
14,3,16,0,3,6.0,0.006256517205422315,0.0,0.9601118644067796,0.7691152542372881,0.9529186440677966,0,959.0
22,4,16,0,3,3.0,0.0036144578313253013,0.0,0.9582296511627908,0.8025308139534885,0.9455558139534884,0,830.0
6,3,16,0,3,5.0,0.006313131313131313,0.0,0.970548275862069,0.7340936781609195,0.969635632183908,0,792.0
14,3,16,0,3,2.0,0.002079002079002079,0.0,0.9679265536723164,0.677564406779661,0.9646892655367232,0,962.0
22,4,16,0,3,5.0,0.006075334143377886,0.0,0.9663485875706216,0.7424570621468926,0.9622666666666668,0,823.0
6,4,16,0,0,3.0,0.00351288056206089,0.0,0.9714869318181818,0.7811892045454545,0.9603221590909092,0,854.0
14,4,16,0,0,6.0,0.005714285714285714,0.0,0.9732103448275864,0.7720936781609196,0.9673367816091952,0,1050.0
22,5,16,1,0,5.0,0.005599104143337066,0.0,0.9726114285714286,0.7704497142857143,0.9543937142857144,0,893.0
6,4,16,0,0,3.0,0.003740648379052369,0.10709635447710752,0.9579948863636364,0.6420017045454546,0.9496204545454544,1,802.0
14,4,16,0,0,4.0,0.004722550177095631,0.10709635447710752,0.9595845714285716,0.6536731428571428,0.9767611428571428,1,847.0
22,5,16,1,0,3.0,0.004975124378109453,0.056111112236976624,0.960858757062147,0.6334305084745763,0.9482943502824858,1,603.0
6,4,16,0,0,3.0,0.0036496350364963502,0.0,0.9711568965517242,0.7715344827586208,0.9542132183908044,0,822.0
14,4,16,0,0,4.0,0.004132231404958678,0.0,0.9698011363636364,0.75509375,0.9680863636363636,0,968.0
22,5,16,1,0,2.0,0.00202020202020202,0.0,0.9699949438202248,0.7404140449438202,0.9610904494382022,0,990.0
6,4,16,0,1,3.0,0.0037174721189591076,0.05572916567325592,0.9694767045454546,0.7222562499999999,0.9522732954545454,1,807.0
14,4,16,0,1,3.0,0.0036540803897685747,0.06607639044523239,0.970316384180791,0.7160909604519774,0.958379661016949,1,821.0
22,5,16,1,1,5.0,0.00585480093676815,0.0,0.9707780898876404,0.6486887640449438,0.9695876404494382,0,854.0
6,4,16,0,1,3.0,0.0035460992907801418,0.0,0.9605514124293784,0.6269536723163842,0.9538604519774012,0,846.0
14,4,16,0,1,3.0,0.0035587188612099642,0.0,0.961474431818182,0.6564625000000001,0.9428977272727272,0,843.0
22,5,16,1,1,6.0,0.00904977375565611,0.0,0.9596569832402236,0.6435245810055866,0.9638513966480448,0,663.0
6,4,16,0,1,2.0,0.0022701475595913734,0.10709635447710752,0.965764,0.7633297142857142,0.9598091428571428,1,881.0
14,4,16,0,1,5.0,0.004906771344455349,0.10489583015441895,0.961093220338983,0.7580553672316385,0.9796604519774011,1,1019.0
22,5,16,1,1,3.0,0.002857142857142857,0.0,0.95955530726257,0.7858726256983241,0.97316312849162,0,1050.0
6,4,16,0,2,3.0,0.003367003367003367,0.0859375,0.9684011363636364,0.7713215909090909,0.9683693181818182,1,891.0
14,4,16,0,2,5.0,0.004789272030651341,0.07236111164093018,0.9675180790960451,0.7758463276836158,0.9586621468926554,1,1044.0
22,5,16,1,2,3.0,0.0034482758620689655,0.0,0.9660954545454546,0.7738732954545454,0.9695846590909092,0,870.0
6,4,16,0,2,2.0,0.0027434842249657062,0.10709635447710752,0.9734926553672316,0.6269056497175142,0.955367231638418,1,729.0
14,4,16,0,2,4.0,0.005215123859191656,0.09121527522802353,0.9717162921348316,0.6548410112359551,0.9551494382022472,1,767.0
22,5,16,1,2,3.0,0.0034762456546929316,0.10709635447710752,0.9691514450867053,0.6074329479768786,0.9537063583815028,1,863.0
6,4,16,0,2,6.0,0.006091370558375634,0.0,0.9558448863636364,0.7807528409090909,0.977555681818182,0,985.0
14,4,16,0,2,3.0,0.002857142857142857,0.0,0.959408,0.7887599999999999,0.9514285714285714,0,1050.0
22,5,16,1,2,5.0,0.004761904761904762,0.0,0.9592327485380115,0.7542111111111112,0.97113216374269,0,1050.0
6,4,16,0,3,4.0,0.005780346820809248,0.0,0.97625197740113,0.6071683615819209,0.9534841807909604,0,692.0
14,4,16,0,3,6.0,0.008391608391608392,0.0,0.9750948863636364,0.5983465909090909,0.9623090909090908,0,715.0
22,5,16,1,3,1.0,0.0014641288433382138,0.0,0.9761469273743016,0.5908648044692737,0.9510592178770948,0,683.0
6,4,16,0,3,5.0,0.006345177664974619,0.0,0.9577932203389832,0.7727412429378532,0.9548954802259888,0,788.0
14,4,16,0,3,4.0,0.0048484848484848485,0.0,0.9601118644067796,0.7691152542372881,0.9529186440677966,0,825.0
22,5,16,1,3,3.0,0.0031185031185031187,0.10709635447710752,0.9582296511627908,0.8025308139534885,0.9455558139534884,2,962.0
6,4,16,0,3,5.0,0.005257623554153523,0.0,0.970548275862069,0.7340936781609195,0.969635632183908,0,951.0
14,4,16,0,3,4.0,0.00404040404040404,0.0,0.9679265536723164,0.677564406779661,0.9646892655367232,0,990.0
22,5,16,1,3,5.0,0.006105006105006105,0.0,0.9663485875706216,0.7424570621468926,0.9622666666666668,0,819.0
6,5,16,1,0,4.0,0.0038095238095238095,0.0,0.9714869318181818,0.7811892045454545,0.9603221590909092,0,1050.0
14,5,16,1,0,4.0,0.0038095238095238095,0.0,0.9732103448275864,0.7720936781609196,0.9673367816091952,0,1050.0
22,6,16,1,0,6.0,0.007585335018963337,0.0,0.9726114285714286,0.7704497142857143,0.9543937142857144,0,791.0
6,5,16,1,0,2.0,0.002347417840375587,0.09947916865348816,0.9579948863636364,0.6420017045454546,0.9496204545454544,1,852.0
14,5,16,1,0,4.0,0.005256241787122208,0.07104166597127914,0.9595845714285716,0.6536731428571428,0.9767611428571428,1,761.0
22,6,16,1,0,6.0,0.007702182284980745,0.0,0.960858757062147,0.6334305084745763,0.9482943502824858,0,779.0
6,5,16,1,0,3.0,0.003436426116838488,0.0,0.9711568965517242,0.7715344827586208,0.9542132183908044,0,873.0
14,5,16,1,0,4.0,0.004081632653061225,0.0,0.9698011363636364,0.75509375,0.9680863636363636,0,980.0
22,6,16,1,0,7.0,0.007945516458569807,0.033368054777383804,0.9699949438202248,0.7404140449438202,0.9610904494382022,1,881.0
6,5,16,1,1,3.0,0.0029354207436399216,0.0,0.9694767045454546,0.7222562499999999,0.9522732954545454,0,1022.0
14,5,16,1,1,4.0,0.005594405594405594,0.0,0.970316384180791,0.7160909604519774,0.958379661016949,0,715.0
22,6,16,1,1,4.0,0.004571428571428572,0.07732638716697693,0.9707780898876404,0.6486887640449438,0.9695876404494382,1,875.0
6,5,16,1,1,1.0,0.0015822784810126582,0.0,0.9605514124293784,0.6269536723163842,0.9538604519774012,0,632.0
14,5,16,1,1,4.0,0.005934718100890208,0.0,0.961474431818182,0.6564625000000001,0.9428977272727272,0,674.0
22,6,16,1,1,5.0,0.006887052341597796,0.0,0.9596569832402236,0.6435245810055866,0.9638513966480448,0,726.0
6,5,16,1,1,4.0,0.0038095238095238095,0.0,0.965764,0.7633297142857142,0.9598091428571428,0,1050.0
14,5,16,1,1,4.0,0.004640371229698376,0.0,0.961093220338983,0.7580553672316385,0.9796604519774011,0,862.0
22,6,16,1,1,3.0,0.002944062806673209,0.0,0.95955530726257,0.7858726256983241,0.97316312849162,0,1019.0
6,5,16,1,2,3.0,0.002857142857142857,0.0,0.9684011363636364,0.7713215909090909,0.9683693181818182,0,1050.0
14,5,16,1,2,2.0,0.0020876826722338203,0.0,0.9675180790960451,0.7758463276836158,0.9586621468926554,0,958.0
6,5,16,1,2,6.0,0.008403361344537815,0.10709635447710752,0.9734926553672316,0.6269056497175142,0.955367231638418,1,714.0
14,5,16,1,2,3.0,0.004,0.10709635447710752,0.9717162921348316,0.6548410112359551,0.9551494382022472,1,750.0
22,6,16,1,2,5.0,0.006830601092896175,0.0,0.9691514450867053,0.6074329479768786,0.9537063583815028,0,732.0
6,5,16,1,2,5.0,0.004887585532746823,0.0,0.9558448863636364,0.7807528409090909,0.977555681818182,0,1023.0
14,5,16,1,2,4.0,0.0038095238095238095,0.0,0.959408,0.7887599999999999,0.9514285714285714,0,1050.0
22,6,16,1,2,3.0,0.002857142857142857,0.0,0.9592327485380115,0.7542111111111112,0.97113216374269,0,1050.0
6,5,16,1,3,3.0,0.004709576138147566,0.0,0.97625197740113,0.6071683615819209,0.9534841807909604,0,637.0
14,5,16,1,3,5.0,0.006944444444444444,0.0,0.9750948863636364,0.5983465909090909,0.9623090909090908,0,720.0
22,6,16,1,3,4.0,0.005305039787798408,0.07239583134651184,0.9761469273743016,0.5908648044692737,0.9510592178770948,1,754.0
6,5,16,1,3,5.0,0.005070993914807302,0.10709635447710752,0.9577932203389832,0.7727412429378532,0.9548954802259888,2,986.0
14,5,16,1,3,2.0,0.002364066193853428,0.10709635447710752,0.9601118644067796,0.7691152542372881,0.9529186440677966,2,846.0
22,6,16,1,3,4.0,0.004166666666666667,0.0,0.9582296511627908,0.8025308139534885,0.9455558139534884,0,960.0
6,5,16,1,3,4.0,0.006042296072507553,0.0,0.970548275862069,0.7340936781609195,0.969635632183908,0,662.0
14,5,16,1,3,6.0,0.006342494714587738,0.0,0.9679265536723164,0.677564406779661,0.9646892655367232,0,946.0
22,6,16,1,3,3.0,0.002938295788442703,0.0,0.9663485875706216,0.7424570621468926,0.9622666666666668,0,1021.0
6,6,16,1,0,2.0,0.0021119324181626186,0.0,0.9714869318181818,0.7811892045454545,0.9603221590909092,0,947.0
14,6,16,1,0,4.0,0.003933136676499509,0.0,0.9732103448275864,0.7720936781609196,0.9673367816091952,0,1017.0
22,0,17,0,0,3.0,0.0029239766081871343,0.020798610523343086,0.9726114285714286,0.7704497142857143,0.9543937142857144,1,1026.0
6,6,16,1,0,2.0,0.0025412960609911056,0.0,0.9579948863636364,0.6420017045454546,0.9496204545454544,0,787.0
14,6,16,1,0,2.0,0.0027210884353741495,0.0,0.9595845714285716,0.6536731428571428,0.9767611428571428,0,735.0
22,0,17,0,0,3.0,0.00392156862745098,0.0,0.960858757062147,0.6334305084745763,0.9482943502824858,0,765.0
6,6,16,1,0,3.0,0.0029940119760479044,0.01753472164273262,0.9711568965517242,0.7715344827586208,0.9542132183908044,1,1002.0
14,6,16,1,0,5.0,0.00536480686695279,0.03489583358168602,0.9698011363636364,0.75509375,0.9680863636363636,1,932.0
22,0,17,0,0,2.0,0.002224694104560623,0.0,0.9699949438202248,0.7404140449438202,0.9610904494382022,0,899.0
14,6,16,1,1,2.0,0.0024009603841536613,0.051249999552965164,0.970316384180791,0.7160909604519774,0.958379661016949,1,833.0
22,0,17,0,1,3.0,0.0037641154328732747,0.06402777880430222,0.9707780898876404,0.6486887640449438,0.9695876404494382,1,797.0
6,6,16,1,1,5.0,0.007363770250368188,0.0,0.9605514124293784,0.6269536723163842,0.9538604519774012,0,679.0
14,6,16,1,1,3.0,0.00430416068866571,0.0,0.961474431818182,0.6564625000000001,0.9428977272727272,0,697.0
22,0,17,0,1,4.0,0.004807692307692308,0.0,0.9596569832402236,0.6435245810055866,0.9638513966480448,0,832.0
6,6,16,1,1,4.0,0.004158004158004158,0.0,0.965764,0.7633297142857142,0.9598091428571428,0,962.0
14,6,16,1,1,3.0,0.002857142857142857,0.0,0.961093220338983,0.7580553672316385,0.9796604519774011,0,1050.0
22,0,17,0,1,6.0,0.006349206349206349,0.0,0.95955530726257,0.7858726256983241,0.97316312849162,0,945.0
6,6,16,1,2,5.0,0.005494505494505495,0.052048612385988235,0.9684011363636364,0.7713215909090909,0.9683693181818182,1,910.0
14,6,16,1,2,6.0,0.005940594059405941,0.055520832538604736,0.9675180790960451,0.7758463276836158,0.9586621468926554,1,1010.0
22,0,17,0,2,5.0,0.004911591355599214,0.0,0.9660954545454546,0.7738732954545454,0.9695846590909092,0,1018.0
6,6,16,1,2,4.0,0.004395604395604396,0.0,0.9734926553672316,0.6269056497175142,0.955367231638418,0,910.0
14,6,16,1,2,1.0,0.0013623978201634877,0.0,0.9717162921348316,0.6548410112359551,0.9551494382022472,0,734.0
22,0,17,0,2,4.0,0.005571030640668524,0.0,0.9691514450867053,0.6074329479768786,0.9537063583815028,0,718.0
6,6,16,1,2,2.0,0.002028397565922921,0.0,0.9558448863636364,0.7807528409090909,0.977555681818182,0,986.0
22,0,17,0,2,5.0,0.004761904761904762,0.0,0.9592327485380115,0.7542111111111112,0.97113216374269,0,1050.0
6,6,16,1,3,4.0,0.007285974499089253,0.06736110895872116,0.97625197740113,0.6071683615819209,0.9534841807909604,1,549.0
14,6,16,1,3,6.0,0.00816326530612245,0.06204861029982567,0.9750948863636364,0.5983465909090909,0.9623090909090908,1,735.0
22,0,17,0,3,4.0,0.00558659217877095,0.0,0.9761469273743016,0.5908648044692737,0.9510592178770948,0,716.0
6,6,16,1,3,2.0,0.002770083102493075,0.0,0.9577932203389832,0.7727412429378532,0.9548954802259888,0,722.0
22,0,17,0,3,6.0,0.006185567010309278,0.0,0.9582296511627908,0.8025308139534885,0.9455558139534884,0,970.0
6,6,16,1,3,5.0,0.005649717514124294,0.0,0.970548275862069,0.7340936781609195,0.969635632183908,0,885.0
14,6,16,1,3,3.0,0.0033333333333333335,0.0,0.9679265536723164,0.677564406779661,0.9646892655367232,0,900.0
22,0,17,0,3,7.0,0.0077777777777777776,0.0,0.9663485875706216,0.7424570621468926,0.9622666666666668,0,900.0
6,0,17,0,0,2.0,0.0020325203252032522,0.016736110672354698,0.9714869318181818,0.7811892045454545,0.9603221590909092,1,984.0
14,0,17,0,0,2.0,0.0019047619047619048,0.014375000260770321,0.9732103448275864,0.7720936781609196,0.9673367816091952,1,1050.0
22,1,17,0,0,4.0,0.0038095238095238095,0.08434027433395386,0.9726114285714286,0.7704497142857143,0.9543937142857144,1,1050.0
6,0,17,0,0,5.0,0.006009615384615385,0.0,0.9579948863636364,0.6420017045454546,0.9496204545454544,0,832.0
14,0,17,0,0,2.0,0.0024330900243309003,0.0,0.9595845714285716,0.6536731428571428,0.9767611428571428,0,822.0
22,1,17,0,0,3.0,0.0036991368680641184,0.0,0.960858757062147,0.6334305084745763,0.9482943502824858,0,811.0
6,0,17,0,0,2.0,0.0019047619047619048,0.0,0.9711568965517242,0.7715344827586208,0.9542132183908044,0,1050.0
14,0,17,0,0,5.0,0.00547645125958379,0.0,0.9698011363636364,0.75509375,0.9680863636363636,0,913.0
22,1,17,0,0,7.0,0.006802721088435374,0.0,0.9699949438202248,0.7404140449438202,0.9610904494382022,0,1029.0
6,0,17,0,1,5.0,0.005592841163310962,0.08312500268220901,0.9694767045454546,0.7222562499999999,0.9522732954545454,1,894.0
14,0,17,0,1,3.0,0.0035545023696682463,0.06350694596767426,0.970316384180791,0.7160909604519774,0.958379661016949,1,844.0
22,1,17,0,1,6.0,0.009404388714733543,0.032256945967674255,0.9707780898876404,0.6486887640449438,0.9695876404494382,1,638.0
6,0,17,0,1,6.0,0.007926023778071334,0.0,0.9605514124293784,0.6269536723163842,0.9538604519774012,0,757.0
14,0,17,0,1,2.0,0.002288329519450801,0.0,0.961474431818182,0.6564625000000001,0.9428977272727272,0,874.0
22,1,17,0,1,3.0,0.0037831021437578815,0.0,0.9596569832402236,0.6435245810055866,0.9638513966480448,0,793.0
6,0,17,0,1,4.0,0.0038095238095238095,0.0,0.965764,0.7633297142857142,0.9598091428571428,0,1050.0
14,0,17,0,1,4.0,0.004469273743016759,0.0,0.961093220338983,0.7580553672316385,0.9796604519774011,0,895.0
22,1,17,0,1,5.0,0.004761904761904762,0.09468749910593033,0.95955530726257,0.7858726256983241,0.97316312849162,1,1050.0
6,0,17,0,2,3.0,0.003293084522502744,0.0,0.9684011363636364,0.7713215909090909,0.9683693181818182,0,911.0
14,0,17,0,2,3.0,0.0034965034965034965,0.0,0.9675180790960451,0.7758463276836158,0.9586621468926554,0,858.0
22,1,17,0,2,3.0,0.0036188178528347406,0.06274305284023285,0.9660954545454546,0.7738732954545454,0.9695846590909092,1,829.0
6,0,17,0,2,4.0,0.0051813471502590676,0.0,0.9734926553672316,0.6269056497175142,0.955367231638418,0,772.0
14,0,17,0,2,5.0,0.006418485237483954,0.0,0.9717162921348316,0.6548410112359551,0.9551494382022472,0,779.0
22,1,17,0,2,5.0,0.008361204013377926,0.10709635447710752,0.9691514450867053,0.6074329479768786,0.9537063583815028,1,598.0
6,0,17,0,2,3.0,0.0029702970297029703,0.0,0.9558448863636364,0.7807528409090909,0.977555681818182,0,1010.0
14,0,17,0,2,6.0,0.0057859209257473485,0.0,0.959408,0.7887599999999999,0.9514285714285714,0,1037.0
22,1,17,0,2,4.0,0.004106776180698152,0.0,0.9592327485380115,0.7542111111111112,0.97113216374269,0,974.0
6,0,17,0,3,6.0,0.007772020725388601,0.0,0.97625197740113,0.6071683615819209,0.9534841807909604,0,772.0
14,0,17,0,3,4.0,0.005578800557880056,0.0,0.9750948863636364,0.5983465909090909,0.9623090909090908,0,717.0
22,1,17,0,3,2.0,0.0025188916876574307,0.0,0.9761469273743016,0.5908648044692737,0.9510592178770948,0,794.0
6,0,17,0,3,4.0,0.003952569169960474,0.0,0.9577932203389832,0.7727412429378532,0.9548954802259888,0,1012.0
14,0,17,0,3,3.0,0.002955665024630542,0.0,0.9601118644067796,0.7691152542372881,0.9529186440677966,0,1015.0
22,1,17,0,3,2.0,0.0020964360587002098,0.0,0.9582296511627908,0.8025308139534885,0.9455558139534884,0,954.0
6,0,17,0,3,2.0,0.0021208907741251328,0.0,0.970548275862069,0.7340936781609195,0.969635632183908,0,943.0
14,0,17,0,3,5.0,0.004761904761904762,0.0,0.9679265536723164,0.677564406779661,0.9646892655367232,0,1050.0
22,1,17,0,3,4.0,0.004514672686230248,0.0,0.9663485875706216,0.7424570621468926,0.9622666666666668,0,886.0
6,1,17,0,0,6.0,0.005842259006815969,0.04281250014901161,0.9714869318181818,0.7811892045454545,0.9603221590909092,1,1027.0
14,1,17,0,0,6.0,0.005714285714285714,0.08236110955476761,0.9732103448275864,0.7720936781609196,0.9673367816091952,1,1050.0
22,2,17,0,0,5.0,0.004906771344455349,0.0,0.9726114285714286,0.7704497142857143,0.9543937142857144,0,1019.0
6,1,17,0,0,4.0,0.004656577415599534,0.0,0.9579948863636364,0.6420017045454546,0.9496204545454544,0,859.0
14,1,17,0,0,2.0,0.003430531732418525,0.0,0.9595845714285716,0.6536731428571428,0.9767611428571428,0,583.0
22,2,17,0,0,4.0,0.005970149253731343,0.0,0.960858757062147,0.6334305084745763,0.9482943502824858,0,670.0
6,1,17,0,0,3.0,0.002857142857142857,0.0,0.9711568965517242,0.7715344827586208,0.9542132183908044,0,1050.0
14,1,17,0,0,2.0,0.0021208907741251328,0.0,0.9698011363636364,0.75509375,0.9680863636363636,0,943.0
22,2,17,0,0,5.0,0.004935834155972359,0.10548610985279083,0.9699949438202248,0.7404140449438202,0.9610904494382022,1,1013.0
6,1,17,0,1,3.0,0.003003003003003003,0.03934027627110481,0.9694767045454546,0.7222562499999999,0.9522732954545454,1,999.0
14,1,17,0,1,5.0,0.0051813471502590676,0.024513889104127884,0.970316384180791,0.7160909604519774,0.958379661016949,1,965.0
22,2,17,0,1,6.0,0.006458557588805167,0.0,0.9707780898876404,0.6486887640449438,0.9695876404494382,0,929.0
6,1,17,0,1,4.0,0.005263157894736842,0.0,0.9605514124293784,0.6269536723163842,0.9538604519774012,0,760.0
14,1,17,0,1,5.0,0.006321112515802781,0.0,0.961474431818182,0.6564625000000001,0.9428977272727272,0,791.0
22,2,17,0,1,4.0,0.005908419497784343,0.0,0.9596569832402236,0.6435245810055866,0.9638513966480448,0,677.0
6,1,17,0,1,5.0,0.0050916496945010185,0.06496527791023254,0.965764,0.7633297142857142,0.9598091428571428,1,982.0
14,1,17,0,1,4.0,0.0040650406504065045,0.08874999731779099,0.961093220338983,0.7580553672316385,0.9796604519774011,1,984.0
22,2,17,0,1,5.0,0.004761904761904762,0.10709635447710752,0.95955530726257,0.7858726256983241,0.97316312849162,2,1050.0
6,1,17,0,2,2.0,0.0019047619047619048,0.045104168355464935,0.9684011363636364,0.7713215909090909,0.9683693181818182,1,1050.0
14,1,17,0,2,3.0,0.0034207525655644243,0.055520832538604736,0.9675180790960451,0.7758463276836158,0.9586621468926554,1,877.0
22,2,17,0,2,4.0,0.004479283314669653,0.0,0.9660954545454546,0.7738732954545454,0.9695846590909092,0,893.0
6,1,17,0,2,3.0,0.004054054054054054,0.10709635447710752,0.9734926553672316,0.6269056497175142,0.955367231638418,1,740.0
14,1,17,0,2,5.0,0.006188118811881188,0.09208333492279053,0.9717162921348316,0.6548410112359551,0.9551494382022472,1,808.0
22,2,17,0,2,2.0,0.002663115845539281,0.06840277463197708,0.9691514450867053,0.6074329479768786,0.9537063583815028,1,751.0
6,1,17,0,2,5.0,0.004995004995004995,0.0,0.9558448863636364,0.7807528409090909,0.977555681818182,0,1001.0
14,1,17,0,2,2.0,0.002325581395348837,0.0,0.959408,0.7887599999999999,0.9514285714285714,0,860.0
22,2,17,0,2,4.0,0.003902439024390244,0.0,0.9592327485380115,0.7542111111111112,0.97113216374269,0,1025.0
6,1,17,0,3,2.0,0.003552397868561279,0.0,0.97625197740113,0.6071683615819209,0.9534841807909604,0,563.0
14,1,17,0,3,5.0,0.007518796992481203,0.0,0.9750948863636364,0.5983465909090909,0.9623090909090908,0,665.0
22,2,17,0,3,4.0,0.005412719891745603,0.0,0.9761469273743016,0.5908648044692737,0.9510592178770948,0,739.0
6,1,17,0,3,5.0,0.004970178926441352,0.0,0.9577932203389832,0.7727412429378532,0.9548954802259888,0,1006.0
14,1,17,0,3,4.0,0.004106776180698152,0.0,0.9601118644067796,0.7691152542372881,0.9529186440677966,0,974.0
22,2,17,0,3,5.0,0.0055309734513274336,0.0,0.9582296511627908,0.8025308139534885,0.9455558139534884,0,904.0
6,1,17,0,3,3.0,0.003003003003003003,0.0,0.970548275862069,0.7340936781609195,0.969635632183908,0,999.0
14,1,17,0,3,4.0,0.0050062578222778474,0.0,0.9679265536723164,0.677564406779661,0.9646892655367232,0,799.0
22,2,17,0,3,3.0,0.003870967741935484,0.0,0.9663485875706216,0.7424570621468926,0.9622666666666668,0,775.0
6,2,17,0,0,6.0,0.005714285714285714,0.0,0.9714869318181818,0.7811892045454545,0.9603221590909092,0,1050.0
14,2,17,0,0,4.0,0.004069175991861648,0.0,0.9732103448275864,0.7720936781609196,0.9673367816091952,0,983.0
22,3,17,0,0,6.0,0.0062047569803516025,0.0,0.9726114285714286,0.7704497142857143,0.9543937142857144,0,967.0
6,2,17,0,0,4.0,0.005277044854881266,0.0,0.9579948863636364,0.6420017045454546,0.9496204545454544,0,758.0
14,2,17,0,0,3.0,0.003745318352059925,0.0,0.9595845714285716,0.6536731428571428,0.9767611428571428,0,801.0
22,3,17,0,0,2.0,0.00258732212160414,0.0,0.960858757062147,0.6334305084745763,0.9482943502824858,0,773.0
6,2,17,0,0,2.0,0.0021645021645021645,0.10709635447710752,0.9711568965517242,0.7715344827586208,0.9542132183908044,1,924.0
14,2,17,0,0,6.0,0.0066298342541436465,0.10709635447710752,0.9698011363636364,0.75509375,0.9680863636363636,1,905.0
22,3,17,0,0,2.0,0.002849002849002849,0.10709635447710752,0.9699949438202248,0.7404140449438202,0.9610904494382022,1,702.0
6,2,17,0,1,4.0,0.004651162790697674,0.0,0.9694767045454546,0.7222562499999999,0.9522732954545454,0,860.0
14,2,17,0,1,3.0,0.0034482758620689655,0.0,0.970316384180791,0.7160909604519774,0.958379661016949,0,870.0
22,3,17,0,1,4.0,0.004592422502870264,0.10709635447710752,0.9707780898876404,0.6486887640449438,0.9695876404494382,1,871.0
6,2,17,0,1,3.0,0.004243281471004243,0.0,0.9605514124293784,0.6269536723163842,0.9538604519774012,0,707.0
14,2,17,0,1,3.0,0.0038510911424903724,0.0,0.961474431818182,0.6564625000000001,0.9428977272727272,0,779.0
22,3,17,0,1,2.0,0.0032679738562091504,0.10709635447710752,0.9596569832402236,0.6435245810055866,0.9638513966480448,1,612.0
6,2,17,0,1,6.0,0.005813953488372093,0.10709635447710752,0.965764,0.7633297142857142,0.9598091428571428,2,1032.0
14,2,17,0,1,3.0,0.002926829268292683,0.10709635447710752,0.961093220338983,0.7580553672316385,0.9796604519774011,2,1025.0
22,3,17,0,1,3.0,0.0039164490861618795,0.10709635447710752,0.95955530726257,0.7858726256983241,0.97316312849162,2,766.0
6,2,17,0,2,4.0,0.0038095238095238095,0.0,0.9684011363636364,0.7713215909090909,0.9683693181818182,0,1050.0
14,2,17,0,2,2.0,0.0019047619047619048,0.0,0.9675180790960451,0.7758463276836158,0.9586621468926554,0,1050.0
22,3,17,0,2,3.0,0.00322234156820623,0.0,0.9660954545454546,0.7738732954545454,0.9695846590909092,0,931.0
6,2,17,0,2,3.0,0.004431314623338257,0.04125000163912773,0.9734926553672316,0.6269056497175142,0.955367231638418,1,677.0
14,2,17,0,2,3.0,0.0036275695284159614,0.10295139253139496,0.9717162921348316,0.6548410112359551,0.9551494382022472,1,827.0
22,3,17,0,2,4.0,0.005563282336578581,0.0,0.9691514450867053,0.6074329479768786,0.9537063583815028,0,719.0
6,2,17,0,2,2.0,0.0020470829068577278,0.0,0.9558448863636364,0.7807528409090909,0.977555681818182,0,977.0
14,2,17,0,2,5.0,0.005213764337851929,0.0,0.959408,0.7887599999999999,0.9514285714285714,0,959.0
22,3,17,0,2,8.0,0.008146639511201629,0.10709635447710752,0.9592327485380115,0.7542111111111112,0.97113216374269,1,982.0
6,2,17,0,3,5.0,0.00697350069735007,0.0,0.97625197740113,0.6071683615819209,0.9534841807909604,0,717.0
14,2,17,0,3,4.0,0.006622516556291391,0.0,0.9750948863636364,0.5983465909090909,0.9623090909090908,0,604.0
22,3,17,0,3,4.0,0.006060606060606061,0.008194444701075554,0.9761469273743016,0.5908648044692737,0.9510592178770948,1,660.0
6,2,17,0,3,6.0,0.0064516129032258064,0.0,0.9577932203389832,0.7727412429378532,0.9548954802259888,0,930.0
14,2,17,0,3,5.0,0.006009615384615385,0.0,0.9601118644067796,0.7691152542372881,0.9529186440677966,0,832.0
22,3,17,0,3,6.0,0.006493506493506494,0.10709635447710752,0.9582296511627908,0.8025308139534885,0.9455558139534884,1,924.0
6,2,17,0,3,3.0,0.003484320557491289,0.0,0.970548275862069,0.7340936781609195,0.969635632183908,0,861.0
14,2,17,0,3,2.0,0.0021929824561403508,0.0,0.9679265536723164,0.677564406779661,0.9646892655367232,0,912.0
22,3,17,0,3,4.0,0.0045871559633027525,0.0520833320915699,0.9663485875706216,0.7424570621468926,0.9622666666666668,1,872.0
6,3,17,0,0,3.0,0.003033367037411527,0.0,0.9714869318181818,0.7811892045454545,0.9603221590909092,0,989.0
14,3,17,0,0,1.0,0.00125,0.0,0.9732103448275864,0.7720936781609196,0.9673367816091952,0,800.0
22,4,17,0,0,6.0,0.008053691275167786,0.10709635447710752,0.9726114285714286,0.7704497142857143,0.9543937142857144,1,745.0
6,3,17,0,0,3.0,0.0039164490861618795,0.0,0.9579948863636364,0.6420017045454546,0.9496204545454544,0,766.0
14,3,17,0,0,4.0,0.005208333333333333,0.0,0.9595845714285716,0.6536731428571428,0.9767611428571428,0,768.0
22,4,17,0,0,6.0,0.007575757575757576,0.0,0.960858757062147,0.6334305084745763,0.9482943502824858,0,792.0
6,3,17,0,0,6.0,0.0065005417118093175,0.10709635447710752,0.9711568965517242,0.7715344827586208,0.9542132183908044,1,923.0
14,3,17,0,0,2.0,0.0019157088122605363,0.10709635447710752,0.9698011363636364,0.75509375,0.9680863636363636,1,1044.0
22,4,17,0,0,2.0,0.0019286403085824494,0.0,0.9699949438202248,0.7404140449438202,0.9610904494382022,0,1037.0
6,3,17,0,1,3.0,0.0034562211981566822,0.10709635447710752,0.9694767045454546,0.7222562499999999,0.9522732954545454,1,868.0
14,3,17,0,1,2.0,0.0022026431718061676,0.10709635447710752,0.970316384180791,0.7160909604519774,0.958379661016949,1,908.0
22,4,17,0,1,5.0,0.005636978579481398,0.0,0.9707780898876404,0.6486887640449438,0.9695876404494382,0,887.0
6,3,17,0,1,4.0,0.0049504950495049506,0.06968750059604645,0.9605514124293784,0.6269536723163842,0.9538604519774012,1,808.0
14,3,17,0,1,3.0,0.003468208092485549,0.10709635447710752,0.961474431818182,0.6564625000000001,0.9428977272727272,1,865.0
22,4,17,0,1,4.0,0.005988023952095809,0.0,0.9596569832402236,0.6435245810055866,0.9638513966480448,0,668.0
6,3,17,0,1,2.0,0.0019047619047619048,0.1024305522441864,0.965764,0.7633297142857142,0.9598091428571428,2,1050.0
14,3,17,0,1,2.0,0.0022172949002217295,0.10709635447710752,0.961093220338983,0.7580553672316385,0.9796604519774011,2,902.0
22,4,17,0,1,1.0,0.0010683760683760685,0.0,0.95955530726257,0.7858726256983241,0.97316312849162,0,936.0
6,3,17,0,2,6.0,0.006224066390041493,0.0,0.9684011363636364,0.7713215909090909,0.9683693181818182,0,964.0
14,3,17,0,2,6.0,0.005714285714285714,0.0,0.9675180790960451,0.7758463276836158,0.9586621468926554,0,1050.0
22,4,17,0,2,3.0,0.0029154518950437317,0.0,0.9660954545454546,0.7738732954545454,0.9695846590909092,0,1029.0
6,3,17,0,2,1.0,0.0014641288433382138,0.0,0.9734926553672316,0.6269056497175142,0.955367231638418,0,683.0
14,3,17,0,2,4.0,0.004830917874396135,0.0,0.9717162921348316,0.6548410112359551,0.9551494382022472,0,828.0
22,4,17,0,2,7.0,0.008383233532934131,0.10709635447710752,0.9691514450867053,0.6074329479768786,0.9537063583815028,1,835.0
6,3,17,0,2,3.0,0.002857142857142857,0.06204861029982567,0.9558448863636364,0.7807528409090909,0.977555681818182,1,1050.0
14,3,17,0,2,5.0,0.004816955684007707,0.07170139253139496,0.959408,0.7887599999999999,0.9514285714285714,1,1038.0
22,4,17,0,2,2.0,0.0019047619047619048,0.0,0.9592327485380115,0.7542111111111112,0.97113216374269,0,1050.0
6,3,17,0,3,4.0,0.006259780907668232,0.011006944812834263,0.97625197740113,0.6071683615819209,0.9534841807909604,1,639.0
14,3,17,0,3,2.0,0.002699055330634278,0.012222222052514553,0.9750948863636364,0.5983465909090909,0.9623090909090908,1,741.0
22,4,17,0,3,3.0,0.00398406374501992,0.0,0.9761469273743016,0.5908648044692737,0.9510592178770948,0,753.0
6,3,17,0,3,4.0,0.004352557127312296,0.10709635447710752,0.9577932203389832,0.7727412429378532,0.9548954802259888,1,919.0
14,3,17,0,3,5.0,0.006934812760055479,0.10709635447710752,0.9601118644067796,0.7691152542372881,0.9529186440677966,1,721.0
22,4,17,0,3,3.0,0.0029013539651837525,0.10709635447710752,0.9582296511627908,0.8025308139534885,0.9455558139534884,1,1034.0
6,3,17,0,3,2.0,0.002328288707799767,0.08263888955116272,0.970548275862069,0.7340936781609195,0.969635632183908,1,859.0
14,3,17,0,3,4.0,0.004347826086956522,0.07927083224058151,0.9679265536723164,0.677564406779661,0.9646892655367232,1,920.0
22,4,17,0,3,6.0,0.006968641114982578,0.0,0.9663485875706216,0.7424570621468926,0.9622666666666668,0,861.0
6,4,17,0,0,3.0,0.0037735849056603774,0.10709635447710752,0.9714869318181818,0.7811892045454545,0.9603221590909092,1,795.0
14,4,17,0,0,3.0,0.002904162633107454,0.10709635447710752,0.9732103448275864,0.7720936781609196,0.9673367816091952,1,1033.0
22,5,17,1,0,3.0,0.0033632286995515697,0.10709635447710752,0.9726114285714286,0.7704497142857143,0.9543937142857144,1,892.0
6,4,17,0,0,4.0,0.006060606060606061,0.0,0.9579948863636364,0.6420017045454546,0.9496204545454544,0,660.0
14,4,17,0,0,4.0,0.005780346820809248,0.0,0.9595845714285716,0.6536731428571428,0.9767611428571428,0,692.0
22,5,17,1,0,5.0,0.007052186177715092,0.0425347238779068,0.960858757062147,0.6334305084745763,0.9482943502824858,1,709.0
6,4,17,0,0,3.0,0.004081632653061225,0.0,0.9711568965517242,0.7715344827586208,0.9542132183908044,0,735.0
14,4,17,0,0,5.0,0.006038647342995169,0.0,0.9698011363636364,0.75509375,0.9680863636363636,0,828.0
22,5,17,1,0,3.0,0.003289473684210526,0.0,0.9699949438202248,0.7404140449438202,0.9610904494382022,0,912.0
6,4,17,0,1,4.0,0.0039447731755424065,0.0,0.9694767045454546,0.7222562499999999,0.9522732954545454,0,1014.0
14,4,17,0,1,4.0,0.004106776180698152,0.0,0.970316384180791,0.7160909604519774,0.958379661016949,0,974.0
22,5,17,1,1,2.0,0.002583979328165375,0.0,0.9707780898876404,0.6486887640449438,0.9695876404494382,0,774.0
6,4,17,0,1,5.0,0.007518796992481203,0.0,0.9605514124293784,0.6269536723163842,0.9538604519774012,0,665.0
14,4,17,0,1,5.0,0.006896551724137931,0.0,0.961474431818182,0.6564625000000001,0.9428977272727272,0,725.0
22,5,17,1,1,1.0,0.0013679890560875513,0.0,0.9596569832402236,0.6435245810055866,0.9638513966480448,0,731.0
6,4,17,0,1,3.0,0.002857142857142857,0.0,0.965764,0.7633297142857142,0.9598091428571428,0,1050.0
14,4,17,0,1,5.0,0.00496031746031746,0.0,0.961093220338983,0.7580553672316385,0.9796604519774011,0,1008.0
22,5,17,1,1,3.0,0.0030991735537190084,0.06753472238779068,0.95955530726257,0.7858726256983241,0.97316312849162,1,968.0
6,4,17,0,2,5.0,0.004761904761904762,0.0,0.9684011363636364,0.7713215909090909,0.9683693181818182,0,1050.0
14,4,17,0,2,6.0,0.006042296072507553,0.0,0.9675180790960451,0.7758463276836158,0.9586621468926554,0,993.0
22,5,17,1,2,5.0,0.00513347022587269,0.0,0.9660954545454546,0.7738732954545454,0.9695846590909092,0,974.0
6,4,17,0,2,2.0,0.0029069767441860465,0.10709635447710752,0.9734926553672316,0.6269056497175142,0.955367231638418,1,688.0
14,4,17,0,2,3.0,0.0038119440914866584,0.06527777761220932,0.9717162921348316,0.6548410112359551,0.9551494382022472,1,787.0
22,5,17,1,2,3.0,0.00430416068866571,0.0628819465637207,0.9691514450867053,0.6074329479768786,0.9537063583815028,1,697.0
6,4,17,0,2,4.0,0.004223864836325237,0.0,0.9558448863636364,0.7807528409090909,0.977555681818182,0,947.0
14,4,17,0,2,4.0,0.0038095238095238095,0.0,0.959408,0.7887599999999999,0.9514285714285714,0,1050.0
22,5,17,1,2,7.0,0.007238883143743537,0.0,0.9592327485380115,0.7542111111111112,0.97113216374269,0,967.0
6,4,17,0,3,1.0,0.0014534883720930232,0.0,0.97625197740113,0.6071683615819209,0.9534841807909604,0,688.0
14,4,17,0,3,6.0,0.009404388714733543,0.0,0.9750948863636364,0.5983465909090909,0.9623090909090908,0,638.0
22,5,17,1,3,3.0,0.00395778364116095,0.0,0.9761469273743016,0.5908648044692737,0.9510592178770948,0,758.0
6,4,17,0,3,3.0,0.0034762456546929316,0.10709635447710752,0.9577932203389832,0.7727412429378532,0.9548954802259888,1,863.0
14,4,17,0,3,6.0,0.006085192697768763,0.10709635447710752,0.9601118644067796,0.7691152542372881,0.9529186440677966,1,986.0
22,5,17,1,3,3.0,0.0031512605042016808,0.0,0.9582296511627908,0.8025308139534885,0.9455558139534884,0,952.0
6,4,17,0,3,5.0,0.005793742757821553,0.0,0.970548275862069,0.7340936781609195,0.969635632183908,0,863.0
14,4,17,0,3,3.0,0.0036452004860267314,0.0,0.9679265536723164,0.677564406779661,0.9646892655367232,0,823.0
22,5,17,1,3,1.0,0.0010214504596527069,0.0,0.9663485875706216,0.7424570621468926,0.9622666666666668,0,979.0
6,5,17,1,0,3.0,0.0031914893617021275,0.10709635447710752,0.9714869318181818,0.7811892045454545,0.9603221590909092,1,940.0
14,5,17,1,0,4.0,0.004667444574095682,0.059583332389593124,0.9732103448275864,0.7720936781609196,0.9673367816091952,1,857.0
22,6,17,1,0,4.0,0.0038095238095238095,0.025208333507180214,0.9726114285714286,0.7704497142857143,0.9543937142857144,1,1050.0
6,5,17,1,0,1.0,0.0014265335235378032,0.038680557161569595,0.9579948863636364,0.6420017045454546,0.9496204545454544,1,701.0
14,5,17,1,0,4.0,0.006153846153846154,0.047881945967674255,0.9595845714285716,0.6536731428571428,0.9767611428571428,1,650.0
22,6,17,1,0,5.0,0.006622516556291391,0.0,0.960858757062147,0.6334305084745763,0.9482943502824858,0,755.0
6,5,17,1,0,4.0,0.004004004004004004,0.0,0.9711568965517242,0.7715344827586208,0.9542132183908044,0,999.0
14,5,17,1,0,2.0,0.0023014959723820483,0.0,0.9698011363636364,0.75509375,0.9680863636363636,0,869.0
22,6,17,1,0,3.0,0.0028653295128939827,0.0,0.9699949438202248,0.7404140449438202,0.9610904494382022,0,1047.0
6,5,17,1,1,2.0,0.0019860973187686196,0.0,0.9694767045454546,0.7222562499999999,0.9522732954545454,0,1007.0
14,5,17,1,1,2.0,0.0020491803278688526,0.0,0.970316384180791,0.7160909604519774,0.958379661016949,0,976.0
22,6,17,1,1,6.0,0.006952491309385863,0.0,0.9707780898876404,0.6486887640449438,0.9695876404494382,0,863.0
6,5,17,1,1,2.0,0.002628120893561104,0.0,0.9605514124293784,0.6269536723163842,0.9538604519774012,0,761.0
14,5,17,1,1,6.0,0.008333333333333333,0.0,0.961474431818182,0.6564625000000001,0.9428977272727272,0,720.0
22,6,17,1,1,4.0,0.006006006006006006,0.0,0.9596569832402236,0.6435245810055866,0.9638513966480448,0,666.0
14,5,17,1,1,2.0,0.002145922746781116,0.03281249850988388,0.961093220338983,0.7580553672316385,0.9796604519774011,1,932.0
22,6,17,1,1,4.0,0.0038095238095238095,0.10709635447710752,0.95955530726257,0.7858726256983241,0.97316312849162,1,1050.0
6,5,17,1,2,5.0,0.006459948320413436,0.0,0.9684011363636364,0.7713215909090909,0.9683693181818182,0,774.0
14,5,17,1,2,2.0,0.001941747572815534,0.0,0.9675180790960451,0.7758463276836158,0.9586621468926554,0,1030.0
22,6,17,1,2,1.0,0.0009523809523809524,0.0,0.9660954545454546,0.7738732954545454,0.9695846590909092,0,1050.0
14,5,17,1,2,5.0,0.007173601147776184,0.0729166641831398,0.9717162921348316,0.6548410112359551,0.9551494382022472,1,697.0
22,6,17,1,2,0.0,0.0,0.0,0.9691514450867053,0.6074329479768786,0.9537063583815028,0,712.0
6,5,17,1,2,6.0,0.006521739130434782,0.0,0.9558448863636364,0.7807528409090909,0.977555681818182,0,920.0
14,5,17,1,2,5.0,0.005040322580645161,0.0,0.959408,0.7887599999999999,0.9514285714285714,0,992.0
22,6,17,1,2,2.0,0.0019047619047619048,0.0,0.9592327485380115,0.7542111111111112,0.97113216374269,0,1050.0
6,5,17,1,3,5.0,0.006747638326585695,0.0,0.97625197740113,0.6071683615819209,0.9534841807909604,0,741.0
14,5,17,1,3,6.0,0.009022556390977444,0.0,0.9750948863636364,0.5983465909090909,0.9623090909090908,0,665.0
22,6,17,1,3,2.0,0.002457002457002457,0.0,0.9761469273743016,0.5908648044692737,0.9510592178770948,0,814.0
6,5,17,1,3,3.0,0.003937007874015748,0.0,0.9577932203389832,0.7727412429378532,0.9548954802259888,0,762.0
14,5,17,1,3,2.0,0.002777777777777778,0.0,0.9601118644067796,0.7691152542372881,0.9529186440677966,0,720.0
22,6,17,1,3,3.0,0.002898550724637681,0.08673611283302307,0.9582296511627908,0.8025308139534885,0.9455558139534884,1,1035.0
6,5,17,1,3,4.0,0.004439511653718091,0.0,0.970548275862069,0.7340936781609195,0.969635632183908,0,901.0
14,5,17,1,3,2.0,0.0023501762632197414,0.0,0.9679265536723164,0.677564406779661,0.9646892655367232,0,851.0
22,6,17,1,3,3.0,0.0038560411311053984,0.0,0.9663485875706216,0.7424570621468926,0.9622666666666668,0,778.0
6,6,17,1,0,2.0,0.0022346368715083797,0.02604166604578495,0.9714869318181818,0.7811892045454545,0.9603221590909092,1,895.0
14,6,17,1,0,3.0,0.0034762456546929316,0.03482639044523239,0.9732103448275864,0.7720936781609196,0.9673367816091952,1,863.0
6,6,17,1,0,4.0,0.006837606837606838,0.0,0.9579948863636364,0.6420017045454546,0.9496204545454544,0,585.0
14,6,17,1,0,5.0,0.0058823529411764705,0.0,0.9595845714285716,0.6536731428571428,0.9767611428571428,0,850.0
22,0,18,0,0,4.0,0.005952380952380952,0.0,0.960858757062147,0.6334305084745763,0.9482943502824858,0,672.0
6,6,17,1,0,1.0,0.0010193679918450561,0.0,0.9711568965517242,0.7715344827586208,0.9542132183908044,0,981.0
14,6,17,1,0,3.0,0.003436426116838488,0.0,0.9698011363636364,0.75509375,0.9680863636363636,0,873.0
22,0,18,0,0,3.0,0.003278688524590164,0.0,0.9699949438202248,0.7404140449438202,0.9610904494382022,0,915.0
6,6,17,1,1,3.0,0.0036900369003690036,0.0,0.9694767045454546,0.7222562499999999,0.9522732954545454,0,813.0
14,6,17,1,1,3.0,0.002859866539561487,0.0,0.970316384180791,0.7160909604519774,0.958379661016949,0,1049.0
22,0,18,0,1,2.0,0.002352941176470588,0.0,0.9707780898876404,0.6486887640449438,0.9695876404494382,0,850.0
6,6,17,1,1,3.0,0.003947368421052632,0.0,0.9605514124293784,0.6269536723163842,0.9538604519774012,0,760.0
14,6,17,1,1,2.0,0.002560819462227913,0.0,0.961474431818182,0.6564625000000001,0.9428977272727272,0,781.0
22,0,18,0,1,3.0,0.003875968992248062,0.0,0.9596569832402236,0.6435245810055866,0.9638513966480448,0,774.0
6,6,17,1,1,2.0,0.0024752475247524753,0.10709635447710752,0.965764,0.7633297142857142,0.9598091428571428,1,808.0
14,6,17,1,1,6.0,0.006322444678609062,0.09225694090127945,0.961093220338983,0.7580553672316385,0.9796604519774011,1,949.0
22,0,18,0,1,4.0,0.0038095238095238095,0.0,0.95955530726257,0.7858726256983241,0.97316312849162,0,1050.0
6,6,17,1,2,6.0,0.0076045627376425855,0.0,0.9684011363636364,0.7713215909090909,0.9683693181818182,0,789.0
14,6,17,1,2,3.0,0.0033333333333333335,0.0,0.9675180790960451,0.7758463276836158,0.9586621468926554,0,900.0
6,6,17,1,2,2.0,0.0026041666666666665,0.0,0.9734926553672316,0.6269056497175142,0.955367231638418,0,768.0
14,6,17,1,2,4.0,0.005706134094151213,0.0,0.9717162921348316,0.6548410112359551,0.9551494382022472,0,701.0
22,0,18,0,2,5.0,0.007473841554559043,0.0,0.9691514450867053,0.6074329479768786,0.9537063583815028,0,669.0
22,0,18,0,2,6.0,0.005808325266214908,0.0,0.9592327485380115,0.7542111111111112,0.97113216374269,0,1033.0
6,6,17,1,3,5.0,0.006858710562414266,0.0,0.97625197740113,0.6071683615819209,0.9534841807909604,0,729.0
14,6,17,1,3,3.0,0.004026845637583893,0.0,0.9750948863636364,0.5983465909090909,0.9623090909090908,0,745.0
22,0,18,0,3,4.0,0.005208333333333333,0.0,0.9761469273743016,0.5908648044692737,0.9510592178770948,0,768.0
14,6,17,1,3,5.0,0.005159958720330237,0.10652777552604675,0.9601118644067796,0.7691152542372881,0.9529186440677966,1,969.0
6,6,17,1,3,4.0,0.004246284501061571,0.0,0.970548275862069,0.7340936781609195,0.969635632183908,0,942.0
14,6,17,1,3,2.0,0.0021810250817884407,0.0,0.9679265536723164,0.677564406779661,0.9646892655367232,0,917.0
6,0,18,0,0,4.0,0.003964321110009911,0.0,0.9714869318181818,0.7811892045454545,0.9603221590909092,0,1009.0
14,0,18,0,0,3.0,0.002997002997002997,0.0,0.9732103448275864,0.7720936781609196,0.9673367816091952,0,1001.0
22,1,18,0,0,2.0,0.0020491803278688526,0.04874999821186066,0.9726114285714286,0.7704497142857143,0.9543937142857144,1,976.0
6,0,18,0,0,6.0,0.008108108108108109,0.0,0.9579948863636364,0.6420017045454546,0.9496204545454544,0,740.0
14,0,18,0,0,2.0,0.002911208151382824,0.0,0.9595845714285716,0.6536731428571428,0.9767611428571428,0,687.0
22,1,18,0,0,6.0,0.007792207792207792,0.0,0.960858757062147,0.6334305084745763,0.9482943502824858,0,770.0
6,0,18,0,0,2.0,0.0022988505747126436,0.0,0.9711568965517242,0.7715344827586208,0.9542132183908044,0,870.0
14,0,18,0,0,6.0,0.007237635705669481,0.0,0.9698011363636364,0.75509375,0.9680863636363636,0,829.0
22,1,18,0,0,3.0,0.0029069767441860465,0.0,0.9699949438202248,0.7404140449438202,0.9610904494382022,0,1032.0
6,0,18,0,1,5.0,0.006075334143377886,0.0,0.9694767045454546,0.7222562499999999,0.9522732954545454,0,823.0
14,0,18,0,1,3.0,0.00298804780876494,0.0,0.970316384180791,0.7160909604519774,0.958379661016949,0,1004.0
22,1,18,0,1,6.0,0.00702576112412178,0.0,0.9707780898876404,0.6486887640449438,0.9695876404494382,0,854.0
6,0,18,0,1,4.0,0.005988023952095809,0.0,0.9605514124293784,0.6269536723163842,0.9538604519774012,0,668.0
14,0,18,0,1,3.0,0.004310344827586207,0.0,0.961474431818182,0.6564625000000001,0.9428977272727272,0,696.0
22,1,18,0,1,2.0,0.003115264797507788,0.0,0.9596569832402236,0.6435245810055866,0.9638513966480448,0,642.0
6,0,18,0,1,6.0,0.0061162079510703364,0.0,0.965764,0.7633297142857142,0.9598091428571428,0,981.0
14,0,18,0,1,6.0,0.006012024048096192,0.0,0.961093220338983,0.7580553672316385,0.9796604519774011,0,998.0
22,1,18,0,1,2.0,0.0019047619047619048,0.0,0.95955530726257,0.7858726256983241,0.97316312849162,0,1050.0
6,0,18,0,2,6.0,0.0062959076600209865,0.0,0.9684011363636364,0.7713215909090909,0.9683693181818182,0,953.0
14,0,18,0,2,3.0,0.002881844380403458,0.0,0.9675180790960451,0.7758463276836158,0.9586621468926554,0,1041.0
22,1,18,0,2,5.0,0.005065856129685917,0.0,0.9660954545454546,0.7738732954545454,0.9695846590909092,0,987.0
6,0,18,0,2,3.0,0.003963011889035667,0.0,0.9734926553672316,0.6269056497175142,0.955367231638418,0,757.0
14,0,18,0,2,3.0,0.0038022813688212928,0.0,0.9717162921348316,0.6548410112359551,0.9551494382022472,0,789.0
22,1,18,0,2,4.0,0.005256241787122208,0.10709635447710752,0.9691514450867053,0.6074329479768786,0.9537063583815028,1,761.0
6,0,18,0,2,6.0,0.005946481665014866,0.0,0.9558448863636364,0.7807528409090909,0.977555681818182,0,1009.0
14,0,18,0,2,4.0,0.004287245444801715,0.0,0.959408,0.7887599999999999,0.9514285714285714,0,933.0
22,1,18,0,2,4.0,0.0038948393378773127,0.0,0.9592327485380115,0.7542111111111112,0.97113216374269,0,1027.0
6,0,18,0,3,3.0,0.00410958904109589,0.0,0.97625197740113,0.6071683615819209,0.9534841807909604,0,730.0
14,0,18,0,3,5.0,0.006868131868131868,0.0,0.9750948863636364,0.5983465909090909,0.9623090909090908,0,728.0
22,1,18,0,3,4.0,0.006153846153846154,0.0,0.9761469273743016,0.5908648044692737,0.9510592178770948,0,650.0
6,0,18,0,3,2.0,0.0019305019305019305,0.017743054777383804,0.9577932203389832,0.7727412429378532,0.9548954802259888,1,1036.0
14,0,18,0,3,4.0,0.0038095238095238095,0.019027777016162872,0.9601118644067796,0.7691152542372881,0.9529186440677966,1,1050.0
22,1,18,0,3,4.0,0.004153686396677051,0.0,0.9582296511627908,0.8025308139534885,0.9455558139534884,0,963.0
6,0,18,0,3,3.0,0.0031746031746031746,0.0,0.970548275862069,0.7340936781609195,0.969635632183908,0,945.0
14,0,18,0,3,5.0,0.006693440428380187,0.0,0.9679265536723164,0.677564406779661,0.9646892655367232,0,747.0
22,1,18,0,3,7.0,0.0074309978768577496,0.07006944715976715,0.9663485875706216,0.7424570621468926,0.9622666666666668,2,942.0
6,1,18,0,0,5.0,0.0049800796812749,0.0672222226858139,0.9714869318181818,0.7811892045454545,0.9603221590909092,1,1004.0
14,1,18,0,0,6.0,0.005714285714285714,0.058715276420116425,0.9732103448275864,0.7720936781609196,0.9673367816091952,1,1050.0
22,2,18,0,0,2.0,0.002074688796680498,0.0,0.9726114285714286,0.7704497142857143,0.9543937142857144,0,964.0
6,1,18,0,0,4.0,0.005284015852047556,0.0,0.9579948863636364,0.6420017045454546,0.9496204545454544,0,757.0
14,1,18,0,0,3.0,0.00340522133938706,0.0,0.9595845714285716,0.6536731428571428,0.9767611428571428,0,881.0
22,2,18,0,0,3.0,0.00410958904109589,0.10709635447710752,0.960858757062147,0.6334305084745763,0.9482943502824858,1,730.0
6,1,18,0,0,5.0,0.004761904761904762,0.0,0.9711568965517242,0.7715344827586208,0.9542132183908044,0,1050.0
14,1,18,0,0,5.0,0.004868549172346641,0.0,0.9698011363636364,0.75509375,0.9680863636363636,0,1027.0
22,2,18,0,0,3.0,0.0034403669724770644,0.10709635447710752,0.9699949438202248,0.7404140449438202,0.9610904494382022,1,872.0
6,1,18,0,1,2.0,0.0022197558268590455,0.0,0.9694767045454546,0.7222562499999999,0.9522732954545454,0,901.0
14,1,18,0,1,5.0,0.0054525627044711015,0.0,0.970316384180791,0.7160909604519774,0.958379661016949,0,917.0
22,2,18,0,1,3.0,0.003125,0.10709635447710752,0.9707780898876404,0.6486887640449438,0.9695876404494382,1,960.0
6,1,18,0,1,6.0,0.007633587786259542,0.0,0.9605514124293784,0.6269536723163842,0.9538604519774012,0,786.0
14,1,18,0,1,3.0,0.00530035335689046,0.0,0.961474431818182,0.6564625000000001,0.9428977272727272,0,566.0
22,2,18,0,1,4.0,0.005369127516778523,0.0,0.9596569832402236,0.6435245810055866,0.9638513966480448,0,745.0
6,1,18,0,1,2.0,0.0020100502512562816,0.0,0.965764,0.7633297142857142,0.9598091428571428,0,995.0
14,1,18,0,1,5.0,0.005149330587023687,0.0,0.961093220338983,0.7580553672316385,0.9796604519774011,0,971.0
22,2,18,0,1,5.0,0.004761904761904762,0.0,0.95955530726257,0.7858726256983241,0.97316312849162,0,1050.0
6,1,18,0,2,6.0,0.0057692307692307696,0.0,0.9684011363636364,0.7713215909090909,0.9683693181818182,0,1040.0
14,1,18,0,2,3.0,0.002938295788442703,0.0,0.9675180790960451,0.7758463276836158,0.9586621468926554,0,1021.0
22,2,18,0,2,3.0,0.0033370411568409346,0.0,0.9660954545454546,0.7738732954545454,0.9695846590909092,0,899.0
6,1,18,0,2,4.0,0.005625879043600563,0.10709635447710752,0.9734926553672316,0.6269056497175142,0.955367231638418,1,711.0
14,1,18,0,2,4.0,0.0057553956834532375,0.10709635447710752,0.9717162921348316,0.6548410112359551,0.9551494382022472,1,695.0
22,2,18,0,2,4.0,0.005291005291005291,0.0,0.9691514450867053,0.6074329479768786,0.9537063583815028,0,756.0
6,1,18,0,2,4.0,0.0038095238095238095,0.0,0.9558448863636364,0.7807528409090909,0.977555681818182,0,1050.0
14,1,18,0,2,4.0,0.004136504653567736,0.0,0.959408,0.7887599999999999,0.9514285714285714,0,967.0
22,2,18,0,2,1.0,0.0009523809523809524,0.0,0.9592327485380115,0.7542111111111112,0.97113216374269,0,1050.0
6,1,18,0,3,4.0,0.0061162079510703364,0.0,0.97625197740113,0.6071683615819209,0.9534841807909604,0,654.0
14,1,18,0,3,2.0,0.002881844380403458,0.0,0.9750948863636364,0.5983465909090909,0.9623090909090908,0,694.0
22,2,18,0,3,2.0,0.0030864197530864196,0.0,0.9761469273743016,0.5908648044692737,0.9510592178770948,0,648.0
6,1,18,0,3,2.0,0.0020855057351407717,0.0,0.9577932203389832,0.7727412429378532,0.9548954802259888,0,959.0
14,1,18,0,3,6.0,0.006376195536663124,0.0,0.9601118644067796,0.7691152542372881,0.9529186440677966,0,941.0
22,2,18,0,3,7.0,0.00667302192564347,0.03218749910593033,0.9582296511627908,0.8025308139534885,0.9455558139534884,1,1049.0
6,1,18,0,3,4.0,0.0041279669762641896,0.07684028148651123,0.970548275862069,0.7340936781609195,0.969635632183908,2,969.0
14,1,18,0,3,3.0,0.003355704697986577,0.08868055790662766,0.9679265536723164,0.677564406779661,0.9646892655367232,2,894.0
22,2,18,0,3,2.0,0.002190580503833516,0.10709635447710752,0.9663485875706216,0.7424570621468926,0.9622666666666668,1,913.0
6,2,18,0,0,2.0,0.0019047619047619048,0.0,0.9714869318181818,0.7811892045454545,0.9603221590909092,0,1050.0
14,2,18,0,0,4.0,0.004219409282700422,0.0,0.9732103448275864,0.7720936781609196,0.9673367816091952,0,948.0
22,3,18,0,0,4.0,0.0041109969167523125,0.0,0.9726114285714286,0.7704497142857143,0.9543937142857144,0,973.0
6,2,18,0,0,2.0,0.002890173410404624,0.10709635447710752,0.9579948863636364,0.6420017045454546,0.9496204545454544,1,692.0
14,2,18,0,0,6.0,0.008862629246676515,0.10709635447710752,0.9595845714285716,0.6536731428571428,0.9767611428571428,1,677.0
22,3,18,0,0,5.0,0.00819672131147541,0.051076389849185944,0.960858757062147,0.6334305084745763,0.9482943502824858,1,610.0
6,2,18,0,0,6.0,0.005714285714285714,0.10709635447710752,0.9711568965517242,0.7715344827586208,0.9542132183908044,1,1050.0
14,2,18,0,0,6.0,0.0069767441860465115,0.10709635447710752,0.9698011363636364,0.75509375,0.9680863636363636,1,860.0
22,3,18,0,0,4.0,0.00408997955010225,0.0,0.9699949438202248,0.7404140449438202,0.9610904494382022,0,978.0
6,2,18,0,1,5.0,0.006711409395973154,0.08909722417593002,0.9694767045454546,0.7222562499999999,0.9522732954545454,1,745.0
14,2,18,0,1,5.0,0.005274261603375527,0.08822916448116302,0.970316384180791,0.7160909604519774,0.958379661016949,1,948.0
22,3,18,0,1,5.0,0.005656108597285068,0.0,0.9707780898876404,0.6486887640449438,0.9695876404494382,0,884.0
6,2,18,0,1,3.0,0.0041265474552957355,0.0,0.9605514124293784,0.6269536723163842,0.9538604519774012,0,727.0
14,2,18,0,1,4.0,0.00554016620498615,0.0,0.961474431818182,0.6564625000000001,0.9428977272727272,0,722.0
22,3,18,0,1,5.0,0.007194244604316547,0.07982639223337173,0.9596569832402236,0.6435245810055866,0.9638513966480448,1,695.0
6,2,18,0,1,2.0,0.0019743336623889436,0.0,0.965764,0.7633297142857142,0.9598091428571428,0,1013.0
14,2,18,0,1,3.0,0.002857142857142857,0.0,0.961093220338983,0.7580553672316385,0.9796604519774011,0,1050.0
22,3,18,0,1,6.0,0.005714285714285714,0.0,0.95955530726257,0.7858726256983241,0.97316312849162,0,1050.0
6,2,18,0,2,2.0,0.0019940179461615153,0.0,0.9684011363636364,0.7713215909090909,0.9683693181818182,0,1003.0
14,2,18,0,2,5.0,0.005324813631522897,0.0,0.9675180790960451,0.7758463276836158,0.9586621468926554,0,939.0
22,3,18,0,2,6.0,0.006,0.0,0.9660954545454546,0.7738732954545454,0.9695846590909092,0,1000.0
6,2,18,0,2,4.0,0.005797101449275362,0.0,0.9734926553672316,0.6269056497175142,0.955367231638418,0,690.0
14,2,18,0,2,6.0,0.00847457627118644,0.0,0.9717162921348316,0.6548410112359551,0.9551494382022472,0,708.0
22,3,18,0,2,4.0,0.004314994606256742,0.0,0.9691514450867053,0.6074329479768786,0.9537063583815028,0,927.0
6,2,18,0,2,3.0,0.002857142857142857,0.0,0.9558448863636364,0.7807528409090909,0.977555681818182,0,1050.0
14,2,18,0,2,3.0,0.003092783505154639,0.0,0.959408,0.7887599999999999,0.9514285714285714,0,970.0
22,3,18,0,2,3.0,0.00340522133938706,0.0,0.9592327485380115,0.7542111111111112,0.97113216374269,0,881.0
6,2,18,0,3,2.0,0.00338409475465313,0.0,0.97625197740113,0.6071683615819209,0.9534841807909604,0,591.0
14,2,18,0,3,5.0,0.007042253521126761,0.0,0.9750948863636364,0.5983465909090909,0.9623090909090908,0,710.0
22,3,18,0,3,2.0,0.002861230329041488,0.0,0.9761469273743016,0.5908648044692737,0.9510592178770948,0,699.0
6,2,18,0,3,3.0,0.003926701570680628,0.03576388955116272,0.9577932203389832,0.7727412429378532,0.9548954802259888,1,764.0
14,2,18,0,3,2.0,0.002232142857142857,0.03871527686715126,0.9601118644067796,0.7691152542372881,0.9529186440677966,1,896.0
22,3,18,0,3,3.0,0.003171247357293869,0.0555555559694767,0.9582296511627908,0.8025308139534885,0.9455558139534884,1,946.0
6,2,18,0,3,4.0,0.0047562425683709865,0.10709635447710752,0.970548275862069,0.7340936781609195,0.969635632183908,1,841.0
14,2,18,0,3,2.0,0.0019175455417066154,0.10709635447710752,0.9679265536723164,0.677564406779661,0.9646892655367232,1,1043.0
22,3,18,0,3,6.0,0.00718562874251497,0.10709635447710752,0.9663485875706216,0.7424570621468926,0.9622666666666668,1,835.0
6,3,18,0,0,6.0,0.005714285714285714,0.0,0.9714869318181818,0.7811892045454545,0.9603221590909092,0,1050.0
14,3,18,0,0,5.0,0.00510204081632653,0.0,0.9732103448275864,0.7720936781609196,0.9673367816091952,0,980.0
22,4,18,0,0,3.0,0.002857142857142857,0.0,0.9726114285714286,0.7704497142857143,0.9543937142857144,0,1050.0
6,3,18,0,0,6.0,0.007211538461538462,0.0442708320915699,0.9579948863636364,0.6420017045454546,0.9496204545454544,1,832.0
14,3,18,0,0,1.0,0.001557632398753894,0.042222220450639725,0.9595845714285716,0.6536731428571428,0.9767611428571428,1,642.0
22,4,18,0,0,5.0,0.007183908045977011,0.0,0.960858757062147,0.6334305084745763,0.9482943502824858,0,696.0
6,3,18,0,0,6.0,0.007237635705669481,0.0,0.9711568965517242,0.7715344827586208,0.9542132183908044,0,829.0
14,3,18,0,0,5.0,0.005154639175257732,0.0,0.9698011363636364,0.75509375,0.9680863636363636,0,970.0
22,4,18,0,0,5.0,0.005649717514124294,0.10709635447710752,0.9699949438202248,0.7404140449438202,0.9610904494382022,2,885.0
6,3,18,0,1,5.0,0.006729475100942127,0.0,0.9694767045454546,0.7222562499999999,0.9522732954545454,0,743.0
14,3,18,0,1,4.0,0.0038498556304138597,0.0,0.970316384180791,0.7160909604519774,0.958379661016949,0,1039.0
22,4,18,0,1,3.0,0.0037174721189591076,0.0,0.9707780898876404,0.6486887640449438,0.9695876404494382,0,807.0
6,3,18,0,1,4.0,0.006211180124223602,0.10709635447710752,0.9605514124293784,0.6269536723163842,0.9538604519774012,1,644.0
14,3,18,0,1,4.0,0.005161290322580645,0.09819444268941879,0.961474431818182,0.6564625000000001,0.9428977272727272,1,775.0
22,4,18,0,1,4.0,0.005788712011577424,0.0,0.9596569832402236,0.6435245810055866,0.9638513966480448,0,691.0
6,3,18,0,1,2.0,0.0019305019305019305,0.0,0.965764,0.7633297142857142,0.9598091428571428,0,1036.0
14,3,18,0,1,3.0,0.003787878787878788,0.0,0.961093220338983,0.7580553672316385,0.9796604519774011,0,792.0
22,4,18,0,1,4.0,0.004819277108433735,0.0,0.95955530726257,0.7858726256983241,0.97316312849162,0,830.0
6,3,18,0,2,5.0,0.005149330587023687,0.0,0.9684011363636364,0.7713215909090909,0.9683693181818182,0,971.0
14,3,18,0,2,6.0,0.006185567010309278,0.0,0.9675180790960451,0.7758463276836158,0.9586621468926554,0,970.0
22,4,18,0,2,1.0,0.000970873786407767,0.10709635447710752,0.9660954545454546,0.7738732954545454,0.9695846590909092,3,1030.0
6,3,18,0,2,6.0,0.007926023778071334,0.0,0.9734926553672316,0.6269056497175142,0.955367231638418,0,757.0
14,3,18,0,2,6.0,0.008298755186721992,0.0,0.9717162921348316,0.6548410112359551,0.9551494382022472,0,723.0
22,4,18,0,2,5.0,0.006648936170212766,0.10709635447710752,0.9691514450867053,0.6074329479768786,0.9537063583815028,1,752.0
6,3,18,0,2,5.0,0.005263157894736842,0.0,0.9558448863636364,0.7807528409090909,0.977555681818182,0,950.0
14,3,18,0,2,4.0,0.0038095238095238095,0.0,0.959408,0.7887599999999999,0.9514285714285714,0,1050.0
22,4,18,0,2,7.0,0.006666666666666667,0.09246528148651123,0.9592327485380115,0.7542111111111112,0.97113216374269,1,1050.0
6,3,18,0,3,3.0,0.004405286343612335,0.0,0.97625197740113,0.6071683615819209,0.9534841807909604,0,681.0
14,3,18,0,3,6.0,0.008645533141210375,0.0,0.9750948863636364,0.5983465909090909,0.9623090909090908,0,694.0
22,4,18,0,3,3.0,0.0037220843672456576,0.04541666805744171,0.9761469273743016,0.5908648044692737,0.9510592178770948,1,806.0
6,3,18,0,3,4.0,0.003992015968063872,0.0655902773141861,0.9577932203389832,0.7727412429378532,0.9548954802259888,1,1002.0
14,3,18,0,3,5.0,0.004761904761904762,0.04458333179354668,0.9601118644067796,0.7691152542372881,0.9529186440677966,1,1050.0
22,4,18,0,3,5.0,0.004761904761904762,0.0,0.9582296511627908,0.8025308139534885,0.9455558139534884,0,1050.0
6,3,18,0,3,5.0,0.005382131324004306,0.10709635447710752,0.970548275862069,0.7340936781609195,0.969635632183908,1,929.0
14,3,18,0,3,6.0,0.007326007326007326,0.10709635447710752,0.9679265536723164,0.677564406779661,0.9646892655367232,1,819.0
22,4,18,0,3,4.0,0.004439511653718091,0.0,0.9663485875706216,0.7424570621468926,0.9622666666666668,0,901.0
6,4,18,0,0,5.0,0.004761904761904762,0.0,0.9714869318181818,0.7811892045454545,0.9603221590909092,0,1050.0
14,4,18,0,0,6.0,0.006,0.0,0.9732103448275864,0.7720936781609196,0.9673367816091952,0,1000.0
22,5,18,1,0,4.0,0.0038095238095238095,0.0,0.9726114285714286,0.7704497142857143,0.9543937142857144,0,1050.0
6,4,18,0,0,3.0,0.0041265474552957355,0.0,0.9579948863636364,0.6420017045454546,0.9496204545454544,0,727.0
14,4,18,0,0,6.0,0.007371007371007371,0.0,0.9595845714285716,0.6536731428571428,0.9767611428571428,0,814.0
22,5,18,1,0,2.0,0.002728512960436562,0.0,0.960858757062147,0.6334305084745763,0.9482943502824858,0,733.0
6,4,18,0,0,4.0,0.004136504653567736,0.09781250357627869,0.9711568965517242,0.7715344827586208,0.9542132183908044,2,967.0
14,4,18,0,0,4.0,0.004,0.10709635447710752,0.9698011363636364,0.75509375,0.9680863636363636,2,1000.0
22,5,18,1,0,4.0,0.004024144869215292,0.028437500819563866,0.9699949438202248,0.7404140449438202,0.9610904494382022,1,994.0
6,4,18,0,1,5.0,0.006024096385542169,0.0,0.9694767045454546,0.7222562499999999,0.9522732954545454,0,830.0
14,4,18,0,1,6.0,0.006818181818181818,0.0,0.970316384180791,0.7160909604519774,0.958379661016949,0,880.0
22,5,18,1,1,4.0,0.004750593824228029,0.057083334773778915,0.9707780898876404,0.6486887640449438,0.9695876404494382,1,842.0
6,4,18,0,1,5.0,0.007183908045977011,0.0,0.9605514124293784,0.6269536723163842,0.9538604519774012,0,696.0
14,4,18,0,1,5.0,0.005889281507656066,0.0,0.961474431818182,0.6564625000000001,0.9428977272727272,0,849.0
22,5,18,1,1,4.0,0.0045662100456621,0.0,0.9596569832402236,0.6435245810055866,0.9638513966480448,0,876.0
6,4,18,0,1,5.0,0.004761904761904762,0.0,0.965764,0.7633297142857142,0.9598091428571428,0,1050.0
14,4,18,0,1,3.0,0.0034522439585730723,0.0,0.961093220338983,0.7580553672316385,0.9796604519774011,0,869.0
22,5,18,1,1,2.0,0.001953125,0.0,0.95955530726257,0.7858726256983241,0.97316312849162,0,1024.0
6,4,18,0,2,6.0,0.005714285714285714,0.10709635447710752,0.9684011363636364,0.7713215909090909,0.9683693181818182,3,1050.0
14,4,18,0,2,5.0,0.005931198102016607,0.07111111283302307,0.9675180790960451,0.7758463276836158,0.9586621468926554,3,843.0
22,5,18,1,2,6.0,0.005714285714285714,0.0,0.9660954545454546,0.7738732954545454,0.9695846590909092,0,1050.0
6,4,18,0,2,3.0,0.003605769230769231,0.10413194447755814,0.9734926553672316,0.6269056497175142,0.955367231638418,1,832.0
14,4,18,0,2,5.0,0.006666666666666667,0.10709635447710752,0.9717162921348316,0.6548410112359551,0.9551494382022472,1,750.0
22,5,18,1,2,6.0,0.007444168734491315,0.0,0.9691514450867053,0.6074329479768786,0.9537063583815028,0,806.0
6,4,18,0,2,6.0,0.006211180124223602,0.10709635447710752,0.9558448863636364,0.7807528409090909,0.977555681818182,1,966.0
14,4,18,0,2,3.0,0.0033482142857142855,0.059236109256744385,0.959408,0.7887599999999999,0.9514285714285714,1,896.0
22,5,18,1,2,5.0,0.004761904761904762,0.10709635447710752,0.9592327485380115,0.7542111111111112,0.97113216374269,1,1050.0
6,4,18,0,3,3.0,0.004285714285714286,0.04458333179354668,0.97625197740113,0.6071683615819209,0.9534841807909604,1,700.0
14,4,18,0,3,3.0,0.00395778364116095,0.029270833358168602,0.9750948863636364,0.5983465909090909,0.9623090909090908,1,758.0
22,5,18,1,3,7.0,0.009009009009009009,0.10709635447710752,0.9761469273743016,0.5908648044692737,0.9510592178770948,1,777.0
6,4,18,0,3,3.0,0.0029296875,0.0,0.9577932203389832,0.7727412429378532,0.9548954802259888,0,1024.0
14,4,18,0,3,5.0,0.00510204081632653,0.0,0.9601118644067796,0.7691152542372881,0.9529186440677966,0,980.0
22,5,18,1,3,3.0,0.003264417845484222,0.0,0.9582296511627908,0.8025308139534885,0.9455558139534884,0,919.0
6,4,18,0,3,3.0,0.004132231404958678,0.0,0.970548275862069,0.7340936781609195,0.969635632183908,0,726.0
14,4,18,0,3,3.0,0.0030959752321981426,0.0,0.9679265536723164,0.677564406779661,0.9646892655367232,0,969.0
22,5,18,1,3,5.0,0.005656108597285068,0.0,0.9663485875706216,0.7424570621468926,0.9622666666666668,0,884.0
14,5,18,1,0,2.0,0.0021551724137931034,0.0,0.9732103448275864,0.7720936781609196,0.9673367816091952,0,928.0
22,6,18,1,0,3.0,0.002857142857142857,0.0,0.9726114285714286,0.7704497142857143,0.9543937142857144,0,1050.0
6,5,18,1,0,2.0,0.0027739251040221915,0.0,0.9579948863636364,0.6420017045454546,0.9496204545454544,0,721.0
14,5,18,1,0,4.0,0.005479452054794521,0.0,0.9595845714285716,0.6536731428571428,0.9767611428571428,0,730.0
22,6,18,1,0,5.0,0.0060901339829476245,0.0,0.960858757062147,0.6334305084745763,0.9482943502824858,0,821.0
6,5,18,1,0,5.0,0.005688282138794084,0.06180555373430252,0.9711568965517242,0.7715344827586208,0.9542132183908044,1,879.0
14,5,18,1,0,5.0,0.0053705692803437165,0.0425347238779068,0.9698011363636364,0.75509375,0.9680863636363636,1,931.0
22,6,18,1,0,0.0,0.0,0.0,0.9699949438202248,0.7404140449438202,0.9610904494382022,0,1037.0
6,5,18,1,1,3.0,0.0041841004184100415,0.0407986119389534,0.9694767045454546,0.7222562499999999,0.9522732954545454,1,717.0
22,6,18,1,1,1.0,0.0010775862068965517,0.0,0.9707780898876404,0.6486887640449438,0.9695876404494382,0,928.0
6,5,18,1,1,1.0,0.0016129032258064516,0.0,0.9605514124293784,0.6269536723163842,0.9538604519774012,0,620.0
14,5,18,1,1,3.0,0.004893964110929853,0.0,0.961474431818182,0.6564625000000001,0.9428977272727272,0,613.0
22,6,18,1,1,5.0,0.007122507122507123,0.0,0.9596569832402236,0.6435245810055866,0.9638513966480448,0,702.0
6,5,18,1,1,3.0,0.002857142857142857,0.0,0.965764,0.7633297142857142,0.9598091428571428,0,1050.0
14,5,18,1,1,5.0,0.005793742757821553,0.0,0.961093220338983,0.7580553672316385,0.9796604519774011,0,863.0
22,6,18,1,1,5.0,0.005065856129685917,0.0,0.95955530726257,0.7858726256983241,0.97316312849162,0,987.0
6,5,18,1,2,4.0,0.005095541401273885,0.0,0.9684011363636364,0.7713215909090909,0.9683693181818182,0,785.0
14,5,18,1,2,6.0,0.006564551422319475,0.0,0.9675180790960451,0.7758463276836158,0.9586621468926554,0,914.0
22,6,18,1,2,2.0,0.001937984496124031,0.0,0.9660954545454546,0.7738732954545454,0.9695846590909092,0,1032.0
6,5,18,1,2,4.0,0.005141388174807198,0.0,0.9734926553672316,0.6269056497175142,0.955367231638418,0,778.0
14,5,18,1,2,5.0,0.006793478260869565,0.0,0.9717162921348316,0.6548410112359551,0.9551494382022472,0,736.0
22,6,18,1,2,2.0,0.002190580503833516,0.10709635447710752,0.9691514450867053,0.6074329479768786,0.9537063583815028,1,913.0
6,5,18,1,2,6.0,0.005714285714285714,0.10709635447710752,0.9558448863636364,0.7807528409090909,0.977555681818182,1,1050.0
14,5,18,1,2,6.0,0.005714285714285714,0.10709635447710752,0.959408,0.7887599999999999,0.9514285714285714,1,1050.0
22,6,18,1,2,1.0,0.0009910802775024777,0.0,0.9592327485380115,0.7542111111111112,0.97113216374269,0,1009.0
6,5,18,1,3,6.0,0.009174311926605505,0.10709635447710752,0.97625197740113,0.6071683615819209,0.9534841807909604,1,654.0
14,5,18,1,3,2.0,0.002717391304347826,0.10709635447710752,0.9750948863636364,0.5983465909090909,0.9623090909090908,1,736.0
22,6,18,1,3,1.0,0.0014204545454545455,0.0,0.9761469273743016,0.5908648044692737,0.9510592178770948,0,704.0
6,5,18,1,3,3.0,0.003329633740288568,0.0,0.9577932203389832,0.7727412429378532,0.9548954802259888,0,901.0
14,5,18,1,3,2.0,0.0021436227224008574,0.0,0.9601118644067796,0.7691152542372881,0.9529186440677966,0,933.0
22,6,18,1,3,1.0,0.0012578616352201257,0.03767361119389534,0.9582296511627908,0.8025308139534885,0.9455558139534884,1,795.0
14,5,18,1,3,2.0,0.00228310502283105,0.0,0.9679265536723164,0.677564406779661,0.9646892655367232,0,876.0
22,6,18,1,3,6.0,0.005808325266214908,0.0,0.9663485875706216,0.7424570621468926,0.9622666666666668,0,1033.0
6,6,18,1,0,6.0,0.006085192697768763,0.0,0.9714869318181818,0.7811892045454545,0.9603221590909092,0,986.0
22,0,19,0,0,2.0,0.0022497187851518562,0.0,0.9726114285714286,0.7704497142857143,0.9543937142857144,0,889.0
6,6,18,1,0,5.0,0.00715307582260372,0.0,0.9579948863636364,0.6420017045454546,0.9496204545454544,0,699.0
14,6,18,1,0,2.0,0.0024449877750611247,0.0,0.9595845714285716,0.6536731428571428,0.9767611428571428,0,818.0
22,0,19,0,0,3.0,0.004524886877828055,0.08493055403232574,0.960858757062147,0.6334305084745763,0.9482943502824858,1,663.0
6,6,18,1,0,4.0,0.004004004004004004,0.0,0.9711568965517242,0.7715344827586208,0.9542132183908044,0,999.0
14,6,18,1,0,3.0,0.002857142857142857,0.0,0.9698011363636364,0.75509375,0.9680863636363636,0,1050.0
22,0,19,0,0,3.0,0.003329633740288568,0.0,0.9699949438202248,0.7404140449438202,0.9610904494382022,0,901.0
6,6,18,1,1,3.0,0.003036437246963563,0.0,0.9694767045454546,0.7222562499999999,0.9522732954545454,0,988.0
14,6,18,1,1,6.0,0.007001166861143524,0.0,0.970316384180791,0.7160909604519774,0.958379661016949,0,857.0
22,0,19,0,1,6.0,0.007263922518159807,0.039027776569128036,0.9707780898876404,0.6486887640449438,0.9695876404494382,1,826.0
6,6,18,1,1,5.0,0.007246376811594203,0.0,0.9605514124293784,0.6269536723163842,0.9538604519774012,0,690.0
14,6,18,1,1,3.0,0.0041841004184100415,0.0,0.961474431818182,0.6564625000000001,0.9428977272727272,0,717.0
6,6,18,1,1,2.0,0.0019646365422396855,0.0,0.965764,0.7633297142857142,0.9598091428571428,0,1018.0
14,6,18,1,1,3.0,0.0031185031185031187,0.0,0.961093220338983,0.7580553672316385,0.9796604519774011,0,962.0
22,0,19,0,1,5.0,0.0049800796812749,0.0,0.95955530726257,0.7858726256983241,0.97316312849162,0,1004.0
6,6,18,1,2,2.0,0.0020554984583761563,0.0,0.9684011363636364,0.7713215909090909,0.9683693181818182,0,973.0
14,6,18,1,2,6.0,0.006756756756756757,0.0,0.9675180790960451,0.7758463276836158,0.9586621468926554,0,888.0
14,6,18,1,2,5.0,0.0066844919786096255,0.10709635447710752,0.9717162921348316,0.6548410112359551,0.9551494382022472,1,748.0
22,0,19,0,2,6.0,0.007537688442211055,0.0,0.9691514450867053,0.6074329479768786,0.9537063583815028,0,796.0
6,6,18,1,2,5.0,0.004784688995215311,0.0,0.9558448863636364,0.7807528409090909,0.977555681818182,0,1045.0
14,6,18,1,2,4.0,0.0038095238095238095,0.0,0.959408,0.7887599999999999,0.9514285714285714,0,1050.0
6,6,18,1,3,5.0,0.005924170616113744,0.0,0.97625197740113,0.6071683615819209,0.9534841807909604,0,844.0
14,6,18,1,3,3.0,0.004172461752433936,0.0,0.9750948863636364,0.5983465909090909,0.9623090909090908,0,719.0
22,0,19,0,3,1.0,0.001669449081803005,0.08093749731779099,0.9761469273743016,0.5908648044692737,0.9510592178770948,1,599.0
6,6,18,1,3,6.0,0.006185567010309278,0.04045138880610466,0.9577932203389832,0.7727412429378532,0.9548954802259888,1,970.0
14,6,18,1,3,4.0,0.00411522633744856,0.03677083179354668,0.9601118644067796,0.7691152542372881,0.9529186440677966,1,972.0
22,0,19,0,3,1.0,0.0009523809523809524,0.0,0.9582296511627908,0.8025308139534885,0.9455558139534884,0,1050.0
6,6,18,1,3,5.0,0.005055611729019211,0.0,0.970548275862069,0.7340936781609195,0.969635632183908,0,989.0
14,6,18,1,3,3.0,0.003009027081243731,0.0,0.9679265536723164,0.677564406779661,0.9646892655367232,0,997.0
22,0,19,0,3,4.0,0.005108556832694764,0.09361111372709274,0.9663485875706216,0.7424570621468926,0.9622666666666668,1,783.0
6,0,19,0,0,6.0,0.005752636625119847,0.0,0.9714869318181818,0.7811892045454545,0.9603221590909092,0,1043.0
14,0,19,0,0,4.0,0.004678362573099415,0.0,0.9732103448275864,0.7720936781609196,0.9673367816091952,0,855.0
22,1,19,0,0,7.0,0.006666666666666667,0.0,0.9726114285714286,0.7704497142857143,0.9543937142857144,0,1050.0
6,0,19,0,0,3.0,0.004132231404958678,0.10709635447710752,0.9579948863636364,0.6420017045454546,0.9496204545454544,1,726.0
14,0,19,0,0,3.0,0.0045385779122541605,0.10709635447710752,0.9595845714285716,0.6536731428571428,0.9767611428571428,1,661.0
22,1,19,0,0,3.0,0.0037831021437578815,0.0,0.960858757062147,0.6334305084745763,0.9482943502824858,0,793.0
6,0,19,0,0,6.0,0.0062176165803108805,0.0,0.9711568965517242,0.7715344827586208,0.9542132183908044,0,965.0
14,0,19,0,0,3.0,0.0033112582781456954,0.0,0.9698011363636364,0.75509375,0.9680863636363636,0,906.0
22,1,19,0,0,5.0,0.005488474204171241,0.0,0.9699949438202248,0.7404140449438202,0.9610904494382022,0,911.0
6,0,19,0,1,1.0,0.0010416666666666667,0.03576388955116272,0.9694767045454546,0.7222562499999999,0.9522732954545454,1,960.0
14,0,19,0,1,6.0,0.007380073800738007,0.04906250163912773,0.970316384180791,0.7160909604519774,0.958379661016949,1,813.0
22,1,19,0,1,2.0,0.002531645569620253,0.0,0.9707780898876404,0.6486887640449438,0.9695876404494382,0,790.0
6,0,19,0,1,2.0,0.002844950213371266,0.0,0.9605514124293784,0.6269536723163842,0.9538604519774012,0,703.0
14,0,19,0,1,5.0,0.006858710562414266,0.0,0.961474431818182,0.6564625000000001,0.9428977272727272,0,729.0
22,1,19,0,1,2.0,0.003189792663476874,0.0,0.9596569832402236,0.6435245810055866,0.9638513966480448,0,627.0
6,0,19,0,1,2.0,0.0021691973969631237,0.0,0.965764,0.7633297142857142,0.9598091428571428,0,922.0
14,0,19,0,1,2.0,0.0021390374331550803,0.0,0.961093220338983,0.7580553672316385,0.9796604519774011,0,935.0
22,1,19,0,1,1.0,0.0011806375442739079,0.10006944090127945,0.95955530726257,0.7858726256983241,0.97316312849162,1,847.0
6,0,19,0,2,5.0,0.006157635467980296,0.0,0.9684011363636364,0.7713215909090909,0.9683693181818182,0,812.0
14,0,19,0,2,2.0,0.002152852529601722,0.0,0.9675180790960451,0.7758463276836158,0.9586621468926554,0,929.0
22,1,19,0,2,3.0,0.0029013539651837525,0.0,0.9660954545454546,0.7738732954545454,0.9695846590909092,0,1034.0
6,0,19,0,2,2.0,0.0025940337224383916,0.0,0.9734926553672316,0.6269056497175142,0.955367231638418,0,771.0
14,0,19,0,2,2.0,0.002600780234070221,0.0,0.9717162921348316,0.6548410112359551,0.9551494382022472,0,769.0
22,1,19,0,2,3.0,0.004329004329004329,0.0,0.9691514450867053,0.6074329479768786,0.9537063583815028,0,693.0
6,0,19,0,2,2.0,0.0019646365422396855,0.10709635447710752,0.9558448863636364,0.7807528409090909,0.977555681818182,2,1018.0
14,0,19,0,2,3.0,0.003161222339304531,0.10572917014360428,0.959408,0.7887599999999999,0.9514285714285714,2,949.0
22,1,19,0,2,5.0,0.00522466039707419,0.0,0.9592327485380115,0.7542111111111112,0.97113216374269,0,957.0
6,0,19,0,3,5.0,0.006657789613848202,0.10709635447710752,0.97625197740113,0.6071683615819209,0.9534841807909604,1,751.0
14,0,19,0,3,5.0,0.007575757575757576,0.08236110955476761,0.9750948863636364,0.5983465909090909,0.9623090909090908,1,660.0
22,1,19,0,3,6.0,0.00823045267489712,0.0,0.9761469273743016,0.5908648044692737,0.9510592178770948,0,729.0
6,0,19,0,3,3.0,0.002857142857142857,0.0,0.9577932203389832,0.7727412429378532,0.9548954802259888,0,1050.0
14,0,19,0,3,2.0,0.0019083969465648854,0.0,0.9601118644067796,0.7691152542372881,0.9529186440677966,0,1048.0
22,1,19,0,3,5.0,0.005128205128205128,0.0,0.9582296511627908,0.8025308139534885,0.9455558139534884,0,975.0
6,0,19,0,3,2.0,0.002699055330634278,0.06357638537883759,0.970548275862069,0.7340936781609195,0.969635632183908,1,741.0
14,0,19,0,3,2.0,0.002336448598130841,0.08829861134290695,0.9679265536723164,0.677564406779661,0.9646892655367232,1,856.0
22,1,19,0,3,1.0,0.0012578616352201257,0.06666667014360428,0.9663485875706216,0.7424570621468926,0.9622666666666668,1,795.0
6,1,19,0,0,6.0,0.006329113924050633,0.0,0.9714869318181818,0.7811892045454545,0.9603221590909092,0,948.0
14,1,19,0,0,4.0,0.003988035892323031,0.0,0.9732103448275864,0.7720936781609196,0.9673367816091952,0,1003.0
22,2,19,0,0,3.0,0.002857142857142857,0.0,0.9726114285714286,0.7704497142857143,0.9543937142857144,0,1050.0
6,1,19,0,0,2.0,0.003169572107765452,0.0,0.9579948863636364,0.6420017045454546,0.9496204545454544,0,631.0
14,1,19,0,0,3.0,0.003973509933774834,0.0,0.9595845714285716,0.6536731428571428,0.9767611428571428,0,755.0
22,2,19,0,0,2.0,0.0027624309392265192,0.0,0.960858757062147,0.6334305084745763,0.9482943502824858,0,724.0
6,1,19,0,0,4.0,0.004530011325028313,0.0,0.9711568965517242,0.7715344827586208,0.9542132183908044,0,883.0
14,1,19,0,0,6.0,0.005714285714285714,0.0,0.9698011363636364,0.75509375,0.9680863636363636,0,1050.0
22,2,19,0,0,4.0,0.005,0.08309027552604675,0.9699949438202248,0.7404140449438202,0.9610904494382022,2,800.0
6,1,19,0,1,5.0,0.006257822277847309,0.0,0.9694767045454546,0.7222562499999999,0.9522732954545454,0,799.0
14,1,19,0,1,4.0,0.004352557127312296,0.0,0.970316384180791,0.7160909604519774,0.958379661016949,0,919.0
22,2,19,0,1,5.0,0.0053475935828877,0.10709635447710752,0.9707780898876404,0.6486887640449438,0.9695876404494382,1,935.0
6,1,19,0,1,3.0,0.0037593984962406013,0.0,0.9605514124293784,0.6269536723163842,0.9538604519774012,0,798.0
14,1,19,0,1,4.0,0.0061633281972265025,0.0,0.961474431818182,0.6564625000000001,0.9428977272727272,0,649.0
22,2,19,0,1,6.0,0.007471980074719801,0.08315972238779068,0.9596569832402236,0.6435245810055866,0.9638513966480448,1,803.0
6,1,19,0,1,1.0,0.001310615989515072,0.08312500268220901,0.965764,0.7633297142857142,0.9598091428571428,1,763.0
14,1,19,0,1,4.0,0.00398406374501992,0.08347222208976746,0.961093220338983,0.7580553672316385,0.9796604519774011,1,1004.0
22,2,19,0,1,5.0,0.004761904761904762,0.0,0.95955530726257,0.7858726256983241,0.97316312849162,0,1050.0
6,1,19,0,2,4.0,0.004223864836325237,0.0,0.9684011363636364,0.7713215909090909,0.9683693181818182,0,947.0
14,1,19,0,2,6.0,0.005714285714285714,0.0,0.9675180790960451,0.7758463276836158,0.9586621468926554,0,1050.0
22,2,19,0,2,6.0,0.005911330049261084,0.10709635447710752,0.9660954545454546,0.7738732954545454,0.9695846590909092,1,1015.0
6,1,19,0,2,5.0,0.006858710562414266,0.0,0.9734926553672316,0.6269056497175142,0.955367231638418,0,729.0
14,1,19,0,2,5.0,0.006613756613756613,0.0,0.9717162921348316,0.6548410112359551,0.9551494382022472,0,756.0
22,2,19,0,2,7.0,0.008264462809917356,0.0,0.9691514450867053,0.6074329479768786,0.9537063583815028,0,847.0
6,1,19,0,2,6.0,0.005982053838484547,0.0,0.9558448863636364,0.7807528409090909,0.977555681818182,0,1003.0
14,1,19,0,2,4.0,0.0038095238095238095,0.0,0.959408,0.7887599999999999,0.9514285714285714,0,1050.0
22,2,19,0,2,5.0,0.004761904761904762,0.0,0.9592327485380115,0.7542111111111112,0.97113216374269,0,1050.0
6,1,19,0,3,5.0,0.006944444444444444,0.0,0.97625197740113,0.6071683615819209,0.9534841807909604,0,720.0
14,1,19,0,3,2.0,0.0029717682020802376,0.0,0.9750948863636364,0.5983465909090909,0.9623090909090908,0,673.0
22,2,19,0,3,6.0,0.008174386920980926,0.0,0.9761469273743016,0.5908648044692737,0.9510592178770948,0,734.0
6,1,19,0,3,4.0,0.004634994206257242,0.0,0.9577932203389832,0.7727412429378532,0.9548954802259888,0,863.0
14,1,19,0,3,5.0,0.004995004995004995,0.0,0.9601118644067796,0.7691152542372881,0.9529186440677966,0,1001.0
22,2,19,0,3,3.0,0.002857142857142857,0.10709635447710752,0.9582296511627908,0.8025308139534885,0.9455558139534884,2,1050.0
6,1,19,0,3,5.0,0.005780346820809248,0.06861110776662827,0.970548275862069,0.7340936781609195,0.969635632183908,1,865.0
14,1,19,0,3,3.0,0.0035629453681710215,0.04177083447575569,0.9679265536723164,0.677564406779661,0.9646892655367232,1,842.0
22,2,19,0,3,5.0,0.007022471910112359,0.0,0.9663485875706216,0.7424570621468926,0.9622666666666668,0,712.0
6,2,19,0,0,4.0,0.003992015968063872,0.0,0.9714869318181818,0.7811892045454545,0.9603221590909092,0,1002.0
14,2,19,0,0,3.0,0.002973240832507433,0.0,0.9732103448275864,0.7720936781609196,0.9673367816091952,0,1009.0
22,3,19,0,0,5.0,0.005319148936170213,0.0,0.9726114285714286,0.7704497142857143,0.9543937142857144,0,940.0
6,2,19,0,0,2.0,0.0028328611898017,0.0,0.9579948863636364,0.6420017045454546,0.9496204545454544,0,706.0
14,2,19,0,0,2.0,0.0027210884353741495,0.0,0.9595845714285716,0.6536731428571428,0.9767611428571428,0,735.0
22,3,19,0,0,3.0,0.00425531914893617,0.10709635447710752,0.960858757062147,0.6334305084745763,0.9482943502824858,2,705.0
6,2,19,0,0,3.0,0.003157894736842105,0.10709635447710752,0.9711568965517242,0.7715344827586208,0.9542132183908044,2,950.0
14,2,19,0,0,2.0,0.0020408163265306124,0.10709635447710752,0.9698011363636364,0.75509375,0.9680863636363636,2,980.0
22,3,19,0,0,3.0,0.0028735632183908046,0.007499999832361937,0.9699949438202248,0.7404140449438202,0.9610904494382022,1,1044.0
6,2,19,0,1,6.0,0.007202881152460984,0.10709635447710752,0.9694767045454546,0.7222562499999999,0.9522732954545454,1,833.0
14,2,19,0,1,5.0,0.005045408678102927,0.10709635447710752,0.970316384180791,0.7160909604519774,0.958379661016949,1,991.0
22,3,19,0,1,5.0,0.0054288816503800215,0.10709635447710752,0.9707780898876404,0.6486887640449438,0.9695876404494382,1,921.0
6,2,19,0,1,4.0,0.006589785831960461,0.10709635447710752,0.9605514124293784,0.6269536723163842,0.9538604519774012,1,607.0
14,2,19,0,1,2.0,0.002967359050445104,0.08722221851348877,0.961474431818182,0.6564625000000001,0.9428977272727272,1,674.0
22,3,19,0,1,1.0,0.0014619883040935672,0.0,0.9596569832402236,0.6435245810055866,0.9638513966480448,0,684.0
6,2,19,0,1,3.0,0.0035842293906810036,0.0,0.965764,0.7633297142857142,0.9598091428571428,0,837.0
14,2,19,0,1,6.0,0.005714285714285714,0.0,0.961093220338983,0.7580553672316385,0.9796604519774011,0,1050.0
22,3,19,0,1,2.0,0.0019305019305019305,0.0,0.95955530726257,0.7858726256983241,0.97316312849162,0,1036.0
6,2,19,0,2,3.0,0.002857142857142857,0.10709635447710752,0.9684011363636364,0.7713215909090909,0.9683693181818182,1,1050.0
14,2,19,0,2,4.0,0.0045351473922902496,0.10709635447710752,0.9675180790960451,0.7758463276836158,0.9586621468926554,1,882.0
22,3,19,0,2,5.0,0.005599104143337066,0.0,0.9660954545454546,0.7738732954545454,0.9695846590909092,0,893.0
6,2,19,0,2,2.0,0.0025157232704402514,0.0,0.9734926553672316,0.6269056497175142,0.955367231638418,0,795.0
14,2,19,0,2,2.0,0.003169572107765452,0.0,0.9717162921348316,0.6548410112359551,0.9551494382022472,0,631.0
22,3,19,0,2,3.0,0.003952569169960474,0.037812501192092896,0.9691514450867053,0.6074329479768786,0.9537063583815028,1,759.0
6,2,19,0,2,4.0,0.004008016032064128,0.0,0.9558448863636364,0.7807528409090909,0.977555681818182,0,998.0
14,2,19,0,2,4.0,0.004004004004004004,0.0,0.959408,0.7887599999999999,0.9514285714285714,0,999.0
22,3,19,0,2,4.0,0.003976143141153081,0.0,0.9592327485380115,0.7542111111111112,0.97113216374269,0,1006.0
6,2,19,0,3,4.0,0.00676818950930626,0.0,0.97625197740113,0.6071683615819209,0.9534841807909604,0,591.0
14,2,19,0,3,6.0,0.00881057268722467,0.0,0.9750948863636364,0.5983465909090909,0.9623090909090908,0,681.0
22,3,19,0,3,4.0,0.005578800557880056,0.0,0.9761469273743016,0.5908648044692737,0.9510592178770948,0,717.0
6,2,19,0,3,4.0,0.0043859649122807015,0.10709635447710752,0.9577932203389832,0.7727412429378532,0.9548954802259888,2,912.0
14,2,19,0,3,6.0,0.005714285714285714,0.10709635447710752,0.9601118644067796,0.7691152542372881,0.9529186440677966,2,1050.0
22,3,19,0,3,6.0,0.005911330049261084,0.10709635447710752,0.9582296511627908,0.8025308139534885,0.9455558139534884,1,1015.0
6,2,19,0,3,3.0,0.0030737704918032786,0.0,0.970548275862069,0.7340936781609195,0.969635632183908,0,976.0
14,2,19,0,3,5.0,0.006868131868131868,0.0,0.9679265536723164,0.677564406779661,0.9646892655367232,0,728.0
22,3,19,0,3,6.0,0.006256517205422315,0.06052083149552345,0.9663485875706216,0.7424570621468926,0.9622666666666668,1,959.0
6,3,19,0,0,2.0,0.002107481559536354,0.0,0.9714869318181818,0.7811892045454545,0.9603221590909092,0,949.0
14,3,19,0,0,6.0,0.005714285714285714,0.0,0.9732103448275864,0.7720936781609196,0.9673367816091952,0,1050.0
22,4,19,0,0,4.0,0.003827751196172249,0.0,0.9726114285714286,0.7704497142857143,0.9543937142857144,0,1045.0
6,3,19,0,0,2.0,0.002320185614849188,0.10709635447710752,0.9579948863636364,0.6420017045454546,0.9496204545454544,2,862.0
14,3,19,0,0,4.0,0.004761904761904762,0.10709635447710752,0.9595845714285716,0.6536731428571428,0.9767611428571428,2,840.0
22,4,19,0,0,4.0,0.005427408412483039,0.0,0.960858757062147,0.6334305084745763,0.9482943502824858,0,737.0
6,3,19,0,0,4.0,0.0048484848484848485,0.012187499552965164,0.9711568965517242,0.7715344827586208,0.9542132183908044,1,825.0
14,3,19,0,0,5.0,0.006402048655569782,0.016354165971279144,0.9698011363636364,0.75509375,0.9680863636363636,1,781.0
22,4,19,0,0,7.0,0.006666666666666667,0.0,0.9699949438202248,0.7404140449438202,0.9610904494382022,0,1050.0
6,3,19,0,1,2.0,0.0024968789013732834,0.09038194268941879,0.9694767045454546,0.7222562499999999,0.9522732954545454,1,801.0
14,3,19,0,1,4.0,0.005095541401273885,0.10709635447710752,0.970316384180791,0.7160909604519774,0.958379661016949,1,785.0
22,4,19,0,1,5.0,0.005707762557077625,0.0,0.9707780898876404,0.6486887640449438,0.9695876404494382,0,876.0
6,3,19,0,1,1.0,0.0012285012285012285,0.0,0.9605514124293784,0.6269536723163842,0.9538604519774012,0,814.0
14,3,19,0,1,6.0,0.008021390374331552,0.0,0.961474431818182,0.6564625000000001,0.9428977272727272,0,748.0
22,4,19,0,1,2.0,0.002607561929595828,0.10709635447710752,0.9596569832402236,0.6435245810055866,0.9638513966480448,1,767.0
6,3,19,0,1,4.0,0.003887269193391642,0.0,0.965764,0.7633297142857142,0.9598091428571428,0,1029.0
14,3,19,0,1,2.0,0.0019102196752626551,0.0,0.961093220338983,0.7580553672316385,0.9796604519774011,0,1047.0
22,4,19,0,1,3.0,0.0031914893617021275,0.0,0.95955530726257,0.7858726256983241,0.97316312849162,0,940.0
6,3,19,0,2,6.0,0.006091370558375634,0.0,0.9684011363636364,0.7713215909090909,0.9683693181818182,0,985.0
14,3,19,0,2,4.0,0.003956478733926805,0.0,0.9675180790960451,0.7758463276836158,0.9586621468926554,0,1011.0
22,4,19,0,2,6.0,0.005888125613346418,0.0,0.9660954545454546,0.7738732954545454,0.9695846590909092,0,1019.0
6,3,19,0,2,3.0,0.003952569169960474,0.0785069465637207,0.9734926553672316,0.6269056497175142,0.955367231638418,1,759.0
14,3,19,0,2,3.0,0.0035629453681710215,0.07843749970197678,0.9717162921348316,0.6548410112359551,0.9551494382022472,1,842.0
22,4,19,0,2,1.0,0.0013123359580052493,0.0,0.9691514450867053,0.6074329479768786,0.9537063583815028,0,762.0
6,3,19,0,2,3.0,0.003821656050955414,0.0,0.9558448863636364,0.7807528409090909,0.977555681818182,0,785.0
14,3,19,0,2,4.0,0.004153686396677051,0.0,0.959408,0.7887599999999999,0.9514285714285714,0,963.0
22,4,19,0,2,8.0,0.009174311926605505,0.0,0.9592327485380115,0.7542111111111112,0.97113216374269,0,872.0
6,3,19,0,3,5.0,0.006839945280437756,0.0,0.97625197740113,0.6071683615819209,0.9534841807909604,0,731.0
14,3,19,0,3,2.0,0.002828854314002829,0.0,0.9750948863636364,0.5983465909090909,0.9623090909090908,0,707.0
22,4,19,0,3,2.0,0.0030627871362940277,0.0,0.9761469273743016,0.5908648044692737,0.9510592178770948,0,653.0
6,3,19,0,3,2.0,0.0019047619047619048,0.10709635447710752,0.9577932203389832,0.7727412429378532,0.9548954802259888,1,1050.0
14,3,19,0,3,4.0,0.0044444444444444444,0.10709635447710752,0.9601118644067796,0.7691152542372881,0.9529186440677966,1,900.0
22,4,19,0,3,5.0,0.004911591355599214,0.0,0.9582296511627908,0.8025308139534885,0.9455558139534884,0,1018.0
6,3,19,0,3,4.0,0.004056795131845842,0.10709635447710752,0.970548275862069,0.7340936781609195,0.969635632183908,1,986.0
14,3,19,0,3,4.0,0.004197271773347324,0.10709635447710752,0.9679265536723164,0.677564406779661,0.9646892655367232,1,953.0
22,4,19,0,3,2.0,0.002081165452653486,0.0,0.9663485875706216,0.7424570621468926,0.9622666666666668,0,961.0
6,4,19,0,0,3.0,0.002857142857142857,0.0,0.9714869318181818,0.7811892045454545,0.9603221590909092,0,1050.0
14,4,19,0,0,4.0,0.004509582863585118,0.0,0.9732103448275864,0.7720936781609196,0.9673367816091952,0,887.0
22,5,19,1,0,5.0,0.004965243296921549,0.0477430559694767,0.9726114285714286,0.7704497142857143,0.9543937142857144,1,1007.0
6,4,19,0,0,2.0,0.0028776978417266188,0.0,0.9579948863636364,0.6420017045454546,0.9496204545454544,0,695.0
14,4,19,0,0,2.0,0.00267379679144385,0.0,0.9595845714285716,0.6536731428571428,0.9767611428571428,0,748.0
22,5,19,1,0,6.0,0.0078125,0.0,0.960858757062147,0.6334305084745763,0.9482943502824858,0,768.0
6,4,19,0,0,4.0,0.004166666666666667,0.0,0.9711568965517242,0.7715344827586208,0.9542132183908044,0,960.0
14,4,19,0,0,2.0,0.002232142857142857,0.0,0.9698011363636364,0.75509375,0.9680863636363636,0,896.0
22,5,19,1,0,2.0,0.0020639834881320948,0.0,0.9699949438202248,0.7404140449438202,0.9610904494382022,0,969.0
6,4,19,0,1,2.0,0.0021321961620469083,0.0,0.9694767045454546,0.7222562499999999,0.9522732954545454,0,938.0
14,4,19,0,1,4.0,0.004592422502870264,0.0,0.970316384180791,0.7160909604519774,0.958379661016949,0,871.0
22,5,19,1,1,5.0,0.006211180124223602,0.028680555522441864,0.9707780898876404,0.6486887640449438,0.9695876404494382,1,805.0
6,4,19,0,1,5.0,0.006105006105006105,0.10709635447710752,0.9605514124293784,0.6269536723163842,0.9538604519774012,1,819.0
14,4,19,0,1,5.0,0.007680491551459293,0.09298611432313919,0.961474431818182,0.6564625000000001,0.9428977272727272,1,651.0
22,5,19,1,1,5.0,0.006934812760055479,0.0,0.9596569832402236,0.6435245810055866,0.9638513966480448,0,721.0
6,4,19,0,1,2.0,0.0021119324181626186,0.0,0.965764,0.7633297142857142,0.9598091428571428,0,947.0
14,4,19,0,1,5.0,0.005035246727089627,0.0,0.961093220338983,0.7580553672316385,0.9796604519774011,0,993.0
22,5,19,1,1,4.0,0.0038095238095238095,0.0,0.95955530726257,0.7858726256983241,0.97316312849162,0,1050.0
6,4,19,0,2,2.0,0.002257336343115124,0.0,0.9684011363636364,0.7713215909090909,0.9683693181818182,0,886.0
14,4,19,0,2,6.0,0.006355932203389831,0.0,0.9675180790960451,0.7758463276836158,0.9586621468926554,0,944.0
22,5,19,1,2,4.0,0.0038095238095238095,0.10709635447710752,0.9660954545454546,0.7738732954545454,0.9695846590909092,2,1050.0
6,4,19,0,2,4.0,0.0050062578222778474,0.0,0.9734926553672316,0.6269056497175142,0.955367231638418,0,799.0
14,4,19,0,2,2.0,0.0024783147459727386,0.0,0.9717162921348316,0.6548410112359551,0.9551494382022472,0,807.0
22,5,19,1,2,2.0,0.0030816640986132513,0.0,0.9691514450867053,0.6074329479768786,0.9537063583815028,0,649.0
6,4,19,0,2,6.0,0.005847953216374269,0.0,0.9558448863636364,0.7807528409090909,0.977555681818182,0,1026.0
14,4,19,0,2,4.0,0.004149377593360996,0.0,0.959408,0.7887599999999999,0.9514285714285714,0,964.0
22,5,19,1,2,2.0,0.0019860973187686196,0.10177083313465118,0.9592327485380115,0.7542111111111112,0.97113216374269,1,1007.0
6,4,19,0,3,6.0,0.007334963325183374,0.0,0.97625197740113,0.6071683615819209,0.9534841807909604,0,818.0
14,4,19,0,3,4.0,0.006153846153846154,0.0,0.9750948863636364,0.5983465909090909,0.9623090909090908,0,650.0
22,5,19,1,3,2.0,0.0028328611898017,0.0,0.9761469273743016,0.5908648044692737,0.9510592178770948,0,706.0
6,4,19,0,3,6.0,0.005752636625119847,0.0,0.9577932203389832,0.7727412429378532,0.9548954802259888,0,1043.0
14,4,19,0,3,5.0,0.0048828125,0.0,0.9601118644067796,0.7691152542372881,0.9529186440677966,0,1024.0
22,5,19,1,3,1.0,0.001075268817204301,0.0,0.9582296511627908,0.8025308139534885,0.9455558139534884,0,930.0
6,4,19,0,3,3.0,0.0031088082901554403,0.0,0.970548275862069,0.7340936781609195,0.969635632183908,0,965.0
14,4,19,0,3,4.0,0.005242463958060288,0.0,0.9679265536723164,0.677564406779661,0.9646892655367232,0,763.0
22,5,19,1,3,5.0,0.005076142131979695,0.009999999776482582,0.9663485875706216,0.7424570621468926,0.9622666666666668,1,985.0
6,5,19,1,0,4.0,0.003875968992248062,0.02986111119389534,0.9714869318181818,0.7811892045454545,0.9603221590909092,1,1032.0
14,5,19,1,0,5.0,0.004761904761904762,0.031458333134651184,0.9732103448275864,0.7720936781609196,0.9673367816091952,1,1050.0
6,5,19,1,0,5.0,0.006053268765133172,0.0,0.9579948863636364,0.6420017045454546,0.9496204545454544,0,826.0
14,5,19,1,0,3.0,0.003484320557491289,0.0,0.9595845714285716,0.6536731428571428,0.9767611428571428,0,861.0
22,6,19,1,0,2.0,0.002758620689655172,0.0,0.960858757062147,0.6334305084745763,0.9482943502824858,0,725.0
14,5,19,1,0,3.0,0.002857142857142857,0.0,0.9698011363636364,0.75509375,0.9680863636363636,0,1050.0
22,6,19,1,0,1.0,0.001081081081081081,0.0,0.9699949438202248,0.7404140449438202,0.9610904494382022,0,925.0
6,5,19,1,1,2.0,0.0019230769230769232,0.050312500447034836,0.9694767045454546,0.7222562499999999,0.9522732954545454,1,1040.0
14,5,19,1,1,2.0,0.0021810250817884407,0.019479166716337204,0.970316384180791,0.7160909604519774,0.958379661016949,1,917.0
22,6,19,1,1,7.0,0.009562841530054645,0.0,0.9707780898876404,0.6486887640449438,0.9695876404494382,0,732.0
6,5,19,1,1,6.0,0.007398273736128237,0.0,0.9605514124293784,0.6269536723163842,0.9538604519774012,0,811.0
14,5,19,1,1,3.0,0.0039164490861618795,0.0,0.961474431818182,0.6564625000000001,0.9428977272727272,0,766.0
22,6,19,1,1,3.0,0.003703703703703704,0.0,0.9596569832402236,0.6435245810055866,0.9638513966480448,0,810.0
6,5,19,1,1,3.0,0.002944062806673209,0.0,0.965764,0.7633297142857142,0.9598091428571428,0,1019.0
14,5,19,1,1,1.0,0.0011876484560570072,0.0,0.961093220338983,0.7580553672316385,0.9796604519774011,0,842.0
22,6,19,1,1,2.0,0.002012072434607646,0.10709635447710752,0.95955530726257,0.7858726256983241,0.97316312849162,1,994.0
6,5,19,1,2,2.0,0.0019860973187686196,0.08493055403232574,0.9684011363636364,0.7713215909090909,0.9683693181818182,2,1007.0
22,6,19,1,2,5.0,0.005952380952380952,0.0,0.9660954545454546,0.7738732954545454,0.9695846590909092,0,840.0
6,5,19,1,2,3.0,0.0033333333333333335,0.0,0.9734926553672316,0.6269056497175142,0.955367231638418,0,900.0
22,6,19,1,2,3.0,0.005008347245409015,0.0,0.9691514450867053,0.6074329479768786,0.9537063583815028,0,599.0
14,5,19,1,2,1.0,0.0009523809523809524,0.10709635447710752,0.959408,0.7887599999999999,0.9514285714285714,1,1050.0
22,6,19,1,2,1.0,0.0011904761904761906,0.0,0.9592327485380115,0.7542111111111112,0.97113216374269,0,840.0
6,5,19,1,3,0.0,0.0,0.0,0.97625197740113,0.6071683615819209,0.9534841807909604,0,589.0
14,5,19,1,3,3.0,0.004076086956521739,0.0,0.9750948863636364,0.5983465909090909,0.9623090909090908,0,736.0
22,6,19,1,3,2.0,0.003194888178913738,0.0,0.9761469273743016,0.5908648044692737,0.9510592178770948,0,626.0
6,5,19,1,3,4.0,0.004895960832313341,0.0,0.9577932203389832,0.7727412429378532,0.9548954802259888,0,817.0
14,5,19,1,3,3.0,0.0032967032967032967,0.0,0.9601118644067796,0.7691152542372881,0.9529186440677966,0,910.0
22,6,19,1,3,4.0,0.004,0.0,0.9582296511627908,0.8025308139534885,0.9455558139534884,0,1000.0
6,5,19,1,3,6.0,0.007712082262210797,0.013402777723968029,0.970548275862069,0.7340936781609195,0.969635632183908,1,778.0
22,6,19,1,3,5.0,0.0050968399592252805,0.10709635447710752,0.9663485875706216,0.7424570621468926,0.9622666666666668,1,981.0
6,6,19,1,0,5.0,0.004906771344455349,0.0,0.9714869318181818,0.7811892045454545,0.9603221590909092,0,1019.0
14,6,19,1,0,4.0,0.005076142131979695,0.0,0.9732103448275864,0.7720936781609196,0.9673367816091952,0,788.0
6,6,19,1,0,2.0,0.0024449877750611247,0.0,0.9579948863636364,0.6420017045454546,0.9496204545454544,0,818.0
14,6,19,1,0,3.0,0.0035294117647058825,0.0,0.9595845714285716,0.6536731428571428,0.9767611428571428,0,850.0
22,0,20,0,0,3.0,0.004335260115606936,0.0,0.960858757062147,0.6334305084745763,0.9482943502824858,0,692.0
6,6,19,1,0,4.0,0.004645760743321719,0.0,0.9711568965517242,0.7715344827586208,0.9542132183908044,0,861.0
14,6,19,1,0,5.0,0.006009615384615385,0.0,0.9698011363636364,0.75509375,0.9680863636363636,0,832.0
22,0,20,0,0,3.0,0.003171247357293869,0.0,0.9699949438202248,0.7404140449438202,0.9610904494382022,0,946.0
6,6,19,1,1,6.0,0.007614213197969543,0.0,0.9694767045454546,0.7222562499999999,0.9522732954545454,0,788.0
14,6,19,1,1,4.0,0.005471956224350205,0.0,0.970316384180791,0.7160909604519774,0.958379661016949,0,731.0
22,0,20,0,1,1.0,0.001215066828675577,0.0,0.9707780898876404,0.6486887640449438,0.9695876404494382,0,823.0
6,6,19,1,1,3.0,0.004322766570605188,0.0,0.9605514124293784,0.6269536723163842,0.9538604519774012,0,694.0
14,6,19,1,1,5.0,0.006631299734748011,0.0,0.961474431818182,0.6564625000000001,0.9428977272727272,0,754.0
22,0,20,0,1,3.0,0.004048582995951417,0.0,0.9596569832402236,0.6435245810055866,0.9638513966480448,0,741.0
6,6,19,1,1,6.0,0.005714285714285714,0.10687500238418579,0.965764,0.7633297142857142,0.9598091428571428,1,1050.0
14,6,19,1,1,3.0,0.002857142857142857,0.10709635447710752,0.961093220338983,0.7580553672316385,0.9796604519774011,1,1050.0
22,0,20,0,1,6.0,0.006362672322375398,0.0,0.95955530726257,0.7858726256983241,0.97316312849162,0,943.0
14,6,19,1,2,2.0,0.0019267822736030828,0.0,0.9675180790960451,0.7758463276836158,0.9586621468926554,0,1038.0
22,0,20,0,2,5.0,0.00510204081632653,0.0902777761220932,0.9660954545454546,0.7738732954545454,0.9695846590909092,1,980.0
6,6,19,1,2,5.0,0.0076103500761035,0.0,0.9734926553672316,0.6269056497175142,0.955367231638418,0,657.0
14,6,19,1,2,4.0,0.00510204081632653,0.0,0.9717162921348316,0.6548410112359551,0.9551494382022472,0,784.0
22,0,20,0,2,4.0,0.005333333333333333,0.0,0.9691514450867053,0.6074329479768786,0.9537063583815028,0,750.0
14,6,19,1,2,5.0,0.0048638132295719845,0.0,0.959408,0.7887599999999999,0.9514285714285714,0,1028.0
22,0,20,0,2,4.0,0.0038095238095238095,0.0,0.9592327485380115,0.7542111111111112,0.97113216374269,0,1050.0
6,6,19,1,3,5.0,0.008064516129032258,0.0,0.97625197740113,0.6071683615819209,0.9534841807909604,0,620.0
14,6,19,1,3,4.0,0.00554016620498615,0.0,0.9750948863636364,0.5983465909090909,0.9623090909090908,0,722.0
22,0,20,0,3,3.0,0.005008347245409015,0.0,0.9761469273743016,0.5908648044692737,0.9510592178770948,0,599.0
6,6,19,1,3,6.0,0.007662835249042145,0.0,0.9577932203389832,0.7727412429378532,0.9548954802259888,0,783.0
14,6,19,1,3,4.0,0.004206098843322818,0.0,0.9601118644067796,0.7691152542372881,0.9529186440677966,0,951.0
22,0,20,0,3,2.0,0.0022123893805309734,0.0642361119389534,0.9582296511627908,0.8025308139534885,0.9455558139534884,1,904.0
14,6,19,1,3,6.0,0.0060790273556231,0.10709635447710752,0.9679265536723164,0.677564406779661,0.9646892655367232,1,987.0
22,0,20,0,3,3.0,0.003409090909090909,0.0,0.9663485875706216,0.7424570621468926,0.9622666666666668,0,880.0
6,0,20,0,0,2.0,0.0019267822736030828,0.0,0.9714869318181818,0.7811892045454545,0.9603221590909092,0,1038.0
14,0,20,0,0,5.0,0.005411255411255411,0.0,0.9732103448275864,0.7720936781609196,0.9673367816091952,0,924.0
22,1,20,0,0,6.0,0.005714285714285714,0.0,0.9726114285714286,0.7704497142857143,0.9543937142857144,0,1050.0
6,0,20,0,0,2.0,0.002162162162162162,0.0,0.9579948863636364,0.6420017045454546,0.9496204545454544,0,925.0
14,0,20,0,0,4.0,0.004343105320304018,0.0,0.9595845714285716,0.6536731428571428,0.9767611428571428,0,921.0
22,1,20,0,0,2.0,0.0026490066225165563,0.0,0.960858757062147,0.6334305084745763,0.9482943502824858,0,755.0
6,0,20,0,0,4.0,0.004149377593360996,0.0,0.9711568965517242,0.7715344827586208,0.9542132183908044,0,964.0
14,0,20,0,0,5.0,0.005411255411255411,0.0,0.9698011363636364,0.75509375,0.9680863636363636,0,924.0
22,1,20,0,0,3.0,0.0033149171270718232,0.0,0.9699949438202248,0.7404140449438202,0.9610904494382022,0,905.0
6,0,20,0,1,5.0,0.0056433408577878106,0.0,0.9694767045454546,0.7222562499999999,0.9522732954545454,0,886.0
14,0,20,0,1,3.0,0.003605769230769231,0.0,0.970316384180791,0.7160909604519774,0.958379661016949,0,832.0
22,1,20,0,1,3.0,0.0036144578313253013,0.05763888731598854,0.9707780898876404,0.6486887640449438,0.9695876404494382,1,830.0
6,0,20,0,1,4.0,0.0049382716049382715,0.0,0.9605514124293784,0.6269536723163842,0.9538604519774012,0,810.0
14,0,20,0,1,4.0,0.005012531328320802,0.0,0.961474431818182,0.6564625000000001,0.9428977272727272,0,798.0
22,1,20,0,1,6.0,0.007863695937090432,0.0,0.9596569832402236,0.6435245810055866,0.9638513966480448,0,763.0
6,0,20,0,1,2.0,0.0021141649048625794,0.0,0.965764,0.7633297142857142,0.9598091428571428,0,946.0
14,0,20,0,1,6.0,0.005819592628516004,0.0,0.961093220338983,0.7580553672316385,0.9796604519774011,0,1031.0
22,1,20,0,1,5.0,0.005330490405117271,0.0,0.95955530726257,0.7858726256983241,0.97316312849162,0,938.0
6,0,20,0,2,4.0,0.0038240917782026767,0.10709635447710752,0.9684011363636364,0.7713215909090909,0.9683693181818182,1,1046.0
14,0,20,0,2,2.0,0.002129925452609159,0.0760069414973259,0.9675180790960451,0.7758463276836158,0.9586621468926554,1,939.0
22,1,20,0,2,4.0,0.004545454545454545,0.08395833522081375,0.9660954545454546,0.7738732954545454,0.9695846590909092,1,880.0
6,0,20,0,2,2.0,0.0023923444976076554,0.0,0.9734926553672316,0.6269056497175142,0.955367231638418,0,836.0
14,0,20,0,2,4.0,0.004987531172069825,0.0,0.9717162921348316,0.6548410112359551,0.9551494382022472,0,802.0
22,1,20,0,2,2.0,0.0024271844660194173,0.10709635447710752,0.9691514450867053,0.6074329479768786,0.9537063583815028,1,824.0
6,0,20,0,2,4.0,0.0038095238095238095,0.0,0.9558448863636364,0.7807528409090909,0.977555681818182,0,1050.0
14,0,20,0,2,4.0,0.004206098843322818,0.0,0.959408,0.7887599999999999,0.9514285714285714,0,951.0
22,1,20,0,2,6.0,0.006557377049180328,0.0,0.9592327485380115,0.7542111111111112,0.97113216374269,0,915.0
6,0,20,0,3,2.0,0.002844950213371266,0.0,0.97625197740113,0.6071683615819209,0.9534841807909604,0,703.0
14,0,20,0,3,5.0,0.007763975155279503,0.0,0.9750948863636364,0.5983465909090909,0.9623090909090908,0,644.0
22,1,20,0,3,1.0,0.001589825119236884,0.10709635447710752,0.9761469273743016,0.5908648044692737,0.9510592178770948,1,629.0
6,0,20,0,3,6.0,0.006437768240343348,0.07097221910953522,0.9577932203389832,0.7727412429378532,0.9548954802259888,1,932.0
14,0,20,0,3,4.0,0.004140786749482402,0.0434027761220932,0.9601118644067796,0.7691152542372881,0.9529186440677966,1,966.0
22,1,20,0,3,4.0,0.003887269193391642,0.0,0.9582296511627908,0.8025308139534885,0.9455558139534884,0,1029.0
6,0,20,0,3,3.0,0.003051881993896236,0.0,0.970548275862069,0.7340936781609195,0.969635632183908,0,983.0
14,0,20,0,3,4.0,0.004149377593360996,0.0,0.9679265536723164,0.677564406779661,0.9646892655367232,0,964.0
22,1,20,0,3,5.0,0.006765899864682003,0.0,0.9663485875706216,0.7424570621468926,0.9622666666666668,0,739.0
6,1,20,0,0,2.0,0.002070393374741201,0.0,0.9714869318181818,0.7811892045454545,0.9603221590909092,0,966.0
14,1,20,0,0,3.0,0.002898550724637681,0.0,0.9732103448275864,0.7720936781609196,0.9673367816091952,0,1035.0
22,2,20,0,0,4.0,0.004206098843322818,0.0,0.9726114285714286,0.7704497142857143,0.9543937142857144,0,951.0
6,1,20,0,0,2.0,0.0024271844660194173,0.0,0.9579948863636364,0.6420017045454546,0.9496204545454544,0,824.0
14,1,20,0,0,5.0,0.006702412868632708,0.0,0.9595845714285716,0.6536731428571428,0.9767611428571428,0,746.0
22,2,20,0,0,2.0,0.0025157232704402514,0.0,0.960858757062147,0.6334305084745763,0.9482943502824858,0,795.0
6,1,20,0,0,4.0,0.004347826086956522,0.0,0.9711568965517242,0.7715344827586208,0.9542132183908044,0,920.0
14,1,20,0,0,6.0,0.007792207792207792,0.0,0.9698011363636364,0.75509375,0.9680863636363636,0,770.0
22,2,20,0,0,3.0,0.003157894736842105,0.07364583015441895,0.9699949438202248,0.7404140449438202,0.9610904494382022,1,950.0
6,1,20,0,1,3.0,0.003329633740288568,0.05354166775941849,0.9694767045454546,0.7222562499999999,0.9522732954545454,1,901.0
14,1,20,0,1,5.0,0.005279831045406547,0.06711805611848831,0.970316384180791,0.7160909604519774,0.958379661016949,1,947.0
22,2,20,0,1,5.0,0.0070126227208976155,0.0,0.9707780898876404,0.6486887640449438,0.9695876404494382,0,713.0
6,1,20,0,1,2.0,0.002386634844868735,0.0,0.9605514124293784,0.6269536723163842,0.9538604519774012,0,838.0
14,1,20,0,1,3.0,0.003989361702127659,0.0,0.961474431818182,0.6564625000000001,0.9428977272727272,0,752.0
22,2,20,0,1,2.0,0.002785515320334262,0.10709635447710752,0.9596569832402236,0.6435245810055866,0.9638513966480448,3,718.0
6,1,20,0,1,4.0,0.003925417075564278,0.0,0.965764,0.7633297142857142,0.9598091428571428,0,1019.0
14,1,20,0,1,2.0,0.002280501710376283,0.0,0.961093220338983,0.7580553672316385,0.9796604519774011,0,877.0
22,2,20,0,1,5.0,0.005030181086519115,0.058020833879709244,0.95955530726257,0.7858726256983241,0.97316312849162,2,994.0
6,1,20,0,2,2.0,0.001984126984126984,0.05781250074505806,0.9684011363636364,0.7713215909090909,0.9683693181818182,1,1008.0
14,1,20,0,2,5.0,0.005252100840336135,0.06197916716337204,0.9675180790960451,0.7758463276836158,0.9586621468926554,1,952.0
22,2,20,0,2,5.0,0.005330490405117271,0.0,0.9660954545454546,0.7738732954545454,0.9695846590909092,0,938.0
6,1,20,0,2,6.0,0.007050528789659225,0.10709635447710752,0.9734926553672316,0.6269056497175142,0.955367231638418,1,851.0
14,1,20,0,2,3.0,0.003821656050955414,0.10709635447710752,0.9717162921348316,0.6548410112359551,0.9551494382022472,1,785.0
22,2,20,0,2,2.0,0.002642007926023778,0.0,0.9691514450867053,0.6074329479768786,0.9537063583815028,0,757.0
6,1,20,0,2,6.0,0.005819592628516004,0.0,0.9558448863636364,0.7807528409090909,0.977555681818182,0,1031.0
14,1,20,0,2,2.0,0.0019047619047619048,0.0,0.959408,0.7887599999999999,0.9514285714285714,0,1050.0
22,2,20,0,2,5.0,0.005307855626326964,0.0,0.9592327485380115,0.7542111111111112,0.97113216374269,0,942.0
6,1,20,0,3,3.0,0.0038510911424903724,0.10709635447710752,0.97625197740113,0.6071683615819209,0.9534841807909604,1,779.0
14,1,20,0,3,5.0,0.006693440428380187,0.10709635447710752,0.9750948863636364,0.5983465909090909,0.9623090909090908,1,747.0
22,2,20,0,3,2.0,0.003194888178913738,0.0,0.9761469273743016,0.5908648044692737,0.9510592178770948,0,626.0
6,1,20,0,3,4.0,0.0038095238095238095,0.0,0.9577932203389832,0.7727412429378532,0.9548954802259888,0,1050.0
14,1,20,0,3,3.0,0.0029498525073746312,0.0,0.9601118644067796,0.7691152542372881,0.9529186440677966,0,1017.0
22,2,20,0,3,3.0,0.003076923076923077,0.0,0.9582296511627908,0.8025308139534885,0.9455558139534884,0,975.0
6,1,20,0,3,3.0,0.0034802784222737818,0.0,0.970548275862069,0.7340936781609195,0.969635632183908,0,862.0
14,1,20,0,3,6.0,0.007159904534606206,0.0,0.9679265536723164,0.677564406779661,0.9646892655367232,0,838.0
22,2,20,0,3,5.0,0.0050200803212851405,0.0,0.9663485875706216,0.7424570621468926,0.9622666666666668,0,996.0
6,2,20,0,0,2.0,0.0021253985122210413,0.0,0.9714869318181818,0.7811892045454545,0.9603221590909092,0,941.0
14,2,20,0,0,4.0,0.0040941658137154556,0.0,0.9732103448275864,0.7720936781609196,0.9673367816091952,0,977.0
22,3,20,0,0,5.0,0.004761904761904762,0.0,0.9726114285714286,0.7704497142857143,0.9543937142857144,0,1050.0
6,2,20,0,0,4.0,0.004884004884004884,0.0,0.9579948863636364,0.6420017045454546,0.9496204545454544,0,819.0
14,2,20,0,0,2.0,0.002728512960436562,0.0,0.9595845714285716,0.6536731428571428,0.9767611428571428,0,733.0
22,3,20,0,0,4.0,0.004672897196261682,0.09361111372709274,0.960858757062147,0.6334305084745763,0.9482943502824858,1,856.0
6,2,20,0,0,3.0,0.002857142857142857,0.0455208346247673,0.9711568965517242,0.7715344827586208,0.9542132183908044,1,1050.0
14,2,20,0,0,4.0,0.004250797024442083,0.060451388359069824,0.9698011363636364,0.75509375,0.9680863636363636,1,941.0
22,3,20,0,0,5.0,0.005219206680584551,0.0,0.9699949438202248,0.7404140449438202,0.9610904494382022,0,958.0
6,2,20,0,1,2.0,0.002583979328165375,0.0,0.9694767045454546,0.7222562499999999,0.9522732954545454,0,774.0
14,2,20,0,1,2.0,0.0026595744680851063,0.0,0.970316384180791,0.7160909604519774,0.958379661016949,0,752.0
22,3,20,0,1,5.0,0.005149330587023687,0.0,0.9707780898876404,0.6486887640449438,0.9695876404494382,0,971.0
6,2,20,0,1,2.0,0.0032102728731942215,0.10709635447710752,0.9605514124293784,0.6269536723163842,0.9538604519774012,3,623.0
14,2,20,0,1,5.0,0.006802721088435374,0.10709635447710752,0.961474431818182,0.6564625000000001,0.9428977272727272,3,735.0
22,3,20,0,1,3.0,0.0037831021437578815,0.0,0.9596569832402236,0.6435245810055866,0.9638513966480448,0,793.0
6,2,20,0,1,2.0,0.0019047619047619048,0.037361111491918564,0.965764,0.7633297142857142,0.9598091428571428,2,1050.0
14,2,20,0,1,6.0,0.005714285714285714,0.046666666865348816,0.961093220338983,0.7580553672316385,0.9796604519774011,2,1050.0
22,3,20,0,1,4.0,0.003980099502487562,0.0,0.95955530726257,0.7858726256983241,0.97316312849162,0,1005.0
6,2,20,0,2,5.0,0.004761904761904762,0.0,0.9684011363636364,0.7713215909090909,0.9683693181818182,0,1050.0
14,2,20,0,2,2.0,0.0019047619047619048,0.0,0.9675180790960451,0.7758463276836158,0.9586621468926554,0,1050.0
22,3,20,0,2,5.0,0.005165289256198347,0.10709635447710752,0.9660954545454546,0.7738732954545454,0.9695846590909092,2,968.0
6,2,20,0,2,5.0,0.006105006105006105,0.0,0.9734926553672316,0.6269056497175142,0.955367231638418,0,819.0
14,2,20,0,2,3.0,0.004032258064516129,0.0,0.9717162921348316,0.6548410112359551,0.9551494382022472,0,744.0
22,3,20,0,2,3.0,0.0037546933667083854,0.10709635447710752,0.9691514450867053,0.6074329479768786,0.9537063583815028,1,799.0
6,2,20,0,2,4.0,0.004424778761061947,0.0,0.9558448863636364,0.7807528409090909,0.977555681818182,0,904.0
14,2,20,0,2,3.0,0.0032258064516129032,0.0,0.959408,0.7887599999999999,0.9514285714285714,0,930.0
22,3,20,0,2,1.0,0.001017293997965412,0.0,0.9592327485380115,0.7542111111111112,0.97113216374269,0,983.0
6,2,20,0,3,2.0,0.00243605359317905,0.0,0.97625197740113,0.6071683615819209,0.9534841807909604,0,821.0
14,2,20,0,3,4.0,0.005263157894736842,0.0,0.9750948863636364,0.5983465909090909,0.9623090909090908,0,760.0
22,3,20,0,3,4.0,0.006482982171799027,0.0,0.9761469273743016,0.5908648044692737,0.9510592178770948,0,617.0
6,2,20,0,3,2.0,0.002105263157894737,0.0,0.9577932203389832,0.7727412429378532,0.9548954802259888,0,950.0
14,2,20,0,3,4.0,0.004268943436499467,0.0,0.9601118644067796,0.7691152542372881,0.9529186440677966,0,937.0
22,3,20,0,3,4.0,0.004571428571428572,0.10709635447710752,0.9582296511627908,0.8025308139534885,0.9455558139534884,1,875.0
6,2,20,0,3,4.0,0.0049504950495049506,0.0,0.970548275862069,0.7340936781609195,0.969635632183908,0,808.0
14,2,20,0,3,4.0,0.004489337822671156,0.0,0.9679265536723164,0.677564406779661,0.9646892655367232,0,891.0
22,3,20,0,3,3.0,0.003134796238244514,0.0,0.9663485875706216,0.7424570621468926,0.9622666666666668,0,957.0
6,3,20,0,0,6.0,0.005928853754940711,0.0,0.9714869318181818,0.7811892045454545,0.9603221590909092,0,1012.0
14,3,20,0,0,6.0,0.006674082313681869,0.0,0.9732103448275864,0.7720936781609196,0.9673367816091952,0,899.0
22,4,20,0,0,4.0,0.004044489383215369,0.10709635447710752,0.9726114285714286,0.7704497142857143,0.9543937142857144,1,989.0
6,3,20,0,0,5.0,0.005834305717619603,0.10709635447710752,0.9579948863636364,0.6420017045454546,0.9496204545454544,1,857.0
14,3,20,0,0,4.0,0.005547850208044383,0.06822916865348816,0.9595845714285716,0.6536731428571428,0.9767611428571428,1,721.0
22,4,20,0,0,3.0,0.003694581280788177,0.0,0.960858757062147,0.6334305084745763,0.9482943502824858,0,812.0
6,3,20,0,0,0.0,0.0,0.0,0.9711568965517242,0.7715344827586208,0.9542132183908044,0,920.0
14,3,20,0,0,2.0,0.0022727272727272726,0.0,0.9698011363636364,0.75509375,0.9680863636363636,0,880.0
22,4,20,0,0,7.0,0.00902061855670103,0.08027777820825577,0.9699949438202248,0.7404140449438202,0.9610904494382022,1,776.0
6,3,20,0,1,4.0,0.005089058524173028,0.0,0.9694767045454546,0.7222562499999999,0.9522732954545454,0,786.0
14,3,20,0,1,3.0,0.003386004514672686,0.0,0.970316384180791,0.7160909604519774,0.958379661016949,0,886.0
22,4,20,0,1,4.0,0.004530011325028313,0.10709635447710752,0.9707780898876404,0.6486887640449438,0.9695876404494382,1,883.0
6,3,20,0,1,4.0,0.006482982171799027,0.0,0.9605514124293784,0.6269536723163842,0.9538604519774012,0,617.0
14,3,20,0,1,6.0,0.008064516129032258,0.0,0.961474431818182,0.6564625000000001,0.9428977272727272,0,744.0
22,4,20,0,1,2.0,0.0026109660574412533,0.07309027761220932,0.9596569832402236,0.6435245810055866,0.9638513966480448,2,766.0
6,3,20,0,1,1.0,0.0009861932938856016,0.0,0.965764,0.7633297142857142,0.9598091428571428,0,1014.0
14,3,20,0,1,3.0,0.002857142857142857,0.0,0.961093220338983,0.7580553672316385,0.9796604519774011,0,1050.0
22,4,20,0,1,7.0,0.006737247353224254,0.03368055447936058,0.95955530726257,0.7858726256983241,0.97316312849162,1,1039.0
6,3,20,0,2,3.0,0.003264417845484222,0.10709635447710752,0.9684011363636364,0.7713215909090909,0.9683693181818182,2,919.0
14,3,20,0,2,6.0,0.006802721088435374,0.10709635447710752,0.9675180790960451,0.7758463276836158,0.9586621468926554,2,882.0
22,4,20,0,2,6.0,0.006085192697768763,0.0,0.9660954545454546,0.7738732954545454,0.9695846590909092,0,986.0
6,3,20,0,2,3.0,0.004451038575667656,0.10709635447710752,0.9734926553672316,0.6269056497175142,0.955367231638418,1,674.0
14,3,20,0,2,2.0,0.0025974025974025974,0.10709635447710752,0.9717162921348316,0.6548410112359551,0.9551494382022472,1,770.0
22,4,20,0,2,6.0,0.006711409395973154,0.10709635447710752,0.9691514450867053,0.6074329479768786,0.9537063583815028,1,894.0
6,3,20,0,2,4.0,0.004333694474539545,0.0,0.9558448863636364,0.7807528409090909,0.977555681818182,0,923.0
14,3,20,0,2,4.0,0.0040609137055837565,0.0,0.959408,0.7887599999999999,0.9514285714285714,0,985.0
22,4,20,0,2,4.0,0.0038095238095238095,0.0,0.9592327485380115,0.7542111111111112,0.97113216374269,0,1050.0
6,3,20,0,3,6.0,0.008968609865470852,0.0,0.97625197740113,0.6071683615819209,0.9534841807909604,0,669.0
14,3,20,0,3,4.0,0.005249343832020997,0.0,0.9750948863636364,0.5983465909090909,0.9623090909090908,0,762.0
22,4,20,0,3,3.0,0.004166666666666667,0.0,0.9761469273743016,0.5908648044692737,0.9510592178770948,0,720.0
6,3,20,0,3,2.0,0.0021691973969631237,0.1020486131310463,0.9577932203389832,0.7727412429378532,0.9548954802259888,1,922.0
14,3,20,0,3,4.0,0.004550625711035267,0.10709635447710752,0.9601118644067796,0.7691152542372881,0.9529186440677966,1,879.0
22,4,20,0,3,5.0,0.004975124378109453,0.10709635447710752,0.9582296511627908,0.8025308139534885,0.9455558139534884,1,1005.0
6,3,20,0,3,6.0,0.006122448979591836,0.0,0.970548275862069,0.7340936781609195,0.969635632183908,0,980.0
14,3,20,0,3,3.0,0.003003003003003003,0.0,0.9679265536723164,0.677564406779661,0.9646892655367232,0,999.0
22,4,20,0,3,6.0,0.007211538461538462,0.0,0.9663485875706216,0.7424570621468926,0.9622666666666668,0,832.0
6,4,20,0,0,3.0,0.0030581039755351682,0.05885416641831398,0.9714869318181818,0.7811892045454545,0.9603221590909092,1,981.0
14,4,20,0,0,4.0,0.00411522633744856,0.09524305909872055,0.9732103448275864,0.7720936781609196,0.9673367816091952,1,972.0
22,5,20,1,0,7.0,0.006666666666666667,0.07586805522441864,0.9726114285714286,0.7704497142857143,0.9543937142857144,1,1050.0
6,4,20,0,0,3.0,0.00390625,0.0,0.9579948863636364,0.6420017045454546,0.9496204545454544,0,768.0
14,4,20,0,0,2.0,0.0028368794326241137,0.0,0.9595845714285716,0.6536731428571428,0.9767611428571428,0,705.0
22,5,20,1,0,3.0,0.004424778761061947,0.0,0.960858757062147,0.6334305084745763,0.9482943502824858,0,678.0
6,4,20,0,0,2.0,0.001953125,0.10709635447710752,0.9711568965517242,0.7715344827586208,0.9542132183908044,1,1024.0
14,4,20,0,0,2.0,0.002205071664829107,0.10709635447710752,0.9698011363636364,0.75509375,0.9680863636363636,1,907.0
22,5,20,1,0,6.0,0.00644468313641246,0.02656250074505806,0.9699949438202248,0.7404140449438202,0.9610904494382022,1,931.0
6,4,20,0,1,3.0,0.003409090909090909,0.10709635447710752,0.9694767045454546,0.7222562499999999,0.9522732954545454,1,880.0
14,4,20,0,1,2.0,0.0021119324181626186,0.10709635447710752,0.970316384180791,0.7160909604519774,0.958379661016949,1,947.0
22,5,20,1,1,2.0,0.0022123893805309734,0.0,0.9707780898876404,0.6486887640449438,0.9695876404494382,0,904.0
6,4,20,0,1,4.0,0.006024096385542169,0.10709635447710752,0.9605514124293784,0.6269536723163842,0.9538604519774012,2,664.0
14,4,20,0,1,6.0,0.008571428571428572,0.10709635447710752,0.961474431818182,0.6564625000000001,0.9428977272727272,2,700.0
22,5,20,1,1,5.0,0.006112469437652812,0.0,0.9596569832402236,0.6435245810055866,0.9638513966480448,0,818.0
6,4,20,0,1,3.0,0.003367003367003367,0.05017361044883728,0.965764,0.7633297142857142,0.9598091428571428,1,891.0
14,4,20,0,1,3.0,0.002857142857142857,0.06753472238779068,0.961093220338983,0.7580553672316385,0.9796604519774011,1,1050.0
22,5,20,1,1,3.0,0.003009027081243731,0.0,0.95955530726257,0.7858726256983241,0.97316312849162,0,997.0
6,4,20,0,2,2.0,0.002145922746781116,0.0,0.9684011363636364,0.7713215909090909,0.9683693181818182,0,932.0
14,4,20,0,2,4.0,0.003933136676499509,0.0,0.9675180790960451,0.7758463276836158,0.9586621468926554,0,1017.0
22,5,20,1,2,4.0,0.00425531914893617,0.0,0.9660954545454546,0.7738732954545454,0.9695846590909092,0,940.0
6,4,20,0,2,3.0,0.0034403669724770644,0.10709635447710752,0.9734926553672316,0.6269056497175142,0.955367231638418,1,872.0
14,4,20,0,2,4.0,0.0048721071863581,0.10709635447710752,0.9717162921348316,0.6548410112359551,0.9551494382022472,1,821.0
22,5,20,1,2,3.0,0.003911342894393742,0.0,0.9691514450867053,0.6074329479768786,0.9537063583815028,0,767.0
6,4,20,0,2,3.0,0.003218884120171674,0.0,0.9558448863636364,0.7807528409090909,0.977555681818182,0,932.0
14,4,20,0,2,3.0,0.0029154518950437317,0.0,0.959408,0.7887599999999999,0.9514285714285714,0,1029.0
22,5,20,1,2,1.0,0.0009523809523809524,0.0,0.9592327485380115,0.7542111111111112,0.97113216374269,0,1050.0
6,4,20,0,3,6.0,0.009345794392523364,0.0,0.97625197740113,0.6071683615819209,0.9534841807909604,0,642.0
14,4,20,0,3,4.0,0.005641748942172073,0.0,0.9750948863636364,0.5983465909090909,0.9623090909090908,0,709.0
22,5,20,1,3,5.0,0.005917159763313609,0.0,0.9761469273743016,0.5908648044692737,0.9510592178770948,0,845.0
6,4,20,0,3,3.0,0.0030303030303030303,0.10709635447710752,0.9577932203389832,0.7727412429378532,0.9548954802259888,1,990.0
14,4,20,0,3,5.0,0.004761904761904762,0.10709635447710752,0.9601118644067796,0.7691152542372881,0.9529186440677966,1,1050.0
22,5,20,1,3,7.0,0.0072992700729927005,0.0,0.9582296511627908,0.8025308139534885,0.9455558139534884,0,959.0
6,4,20,0,3,3.0,0.003089598352214212,0.0,0.970548275862069,0.7340936781609195,0.969635632183908,0,971.0
14,4,20,0,3,4.0,0.004842615012106538,0.0,0.9679265536723164,0.677564406779661,0.9646892655367232,0,826.0
22,5,20,1,3,1.0,0.001326259946949602,0.10709635447710752,0.9663485875706216,0.7424570621468926,0.9622666666666668,1,754.0
6,5,20,1,0,3.0,0.002857142857142857,0.10545139014720917,0.9714869318181818,0.7811892045454545,0.9603221590909092,1,1050.0
14,5,20,1,0,2.0,0.0019047619047619048,0.10709635447710752,0.9732103448275864,0.7720936781609196,0.9673367816091952,1,1050.0
22,6,20,1,0,2.0,0.0019047619047619048,0.0,0.9726114285714286,0.7704497142857143,0.9543937142857144,0,1050.0
6,5,20,1,0,4.0,0.005532503457814661,0.0,0.9579948863636364,0.6420017045454546,0.9496204545454544,0,723.0
14,5,20,1,0,5.0,0.006613756613756613,0.0,0.9595845714285716,0.6536731428571428,0.9767611428571428,0,756.0
22,6,20,1,0,5.0,0.006596306068601583,0.10709635447710752,0.960858757062147,0.6334305084745763,0.9482943502824858,1,758.0
6,5,20,1,0,2.0,0.0019047619047619048,0.03715277835726738,0.9711568965517242,0.7715344827586208,0.9542132183908044,1,1050.0
14,5,20,1,0,3.0,0.003432494279176201,0.03756944462656975,0.9698011363636364,0.75509375,0.9680863636363636,1,874.0
22,6,20,1,0,2.0,0.0019569471624266144,0.0,0.9699949438202248,0.7404140449438202,0.9610904494382022,0,1022.0
6,5,20,1,1,6.0,0.0066815144766146995,0.0,0.9694767045454546,0.7222562499999999,0.9522732954545454,0,898.0
14,5,20,1,1,2.0,0.002034587995930824,0.0,0.970316384180791,0.7160909604519774,0.958379661016949,0,983.0
22,6,20,1,1,3.0,0.003740648379052369,0.0,0.9707780898876404,0.6486887640449438,0.9695876404494382,0,802.0
6,5,20,1,1,3.0,0.003500583430571762,0.0,0.9605514124293784,0.6269536723163842,0.9538604519774012,0,857.0
14,5,20,1,1,2.0,0.0025906735751295338,0.0,0.961474431818182,0.6564625000000001,0.9428977272727272,0,772.0
22,6,20,1,1,3.0,0.004347826086956522,0.10709635447710752,0.9596569832402236,0.6435245810055866,0.9638513966480448,1,690.0
6,5,20,1,1,6.0,0.005714285714285714,0.0,0.965764,0.7633297142857142,0.9598091428571428,0,1050.0
14,5,20,1,1,5.0,0.004995004995004995,0.0,0.961093220338983,0.7580553672316385,0.9796604519774011,0,1001.0
22,6,20,1,1,1.0,0.0009523809523809524,0.0,0.95955530726257,0.7858726256983241,0.97316312849162,0,1050.0
6,5,20,1,2,5.0,0.005170630816959669,0.0,0.9684011363636364,0.7713215909090909,0.9683693181818182,0,967.0
14,5,20,1,2,5.0,0.00508130081300813,0.0,0.9675180790960451,0.7758463276836158,0.9586621468926554,0,984.0
22,6,20,1,2,5.0,0.004945598417408506,0.0,0.9660954545454546,0.7738732954545454,0.9695846590909092,0,1011.0
6,5,20,1,2,2.0,0.002583979328165375,0.0,0.9734926553672316,0.6269056497175142,0.955367231638418,0,774.0
14,5,20,1,2,4.0,0.00516795865633075,0.0,0.9717162921348316,0.6548410112359551,0.9551494382022472,0,774.0
22,6,20,1,2,6.0,0.007712082262210797,0.0,0.9691514450867053,0.6074329479768786,0.9537063583815028,0,778.0
6,5,20,1,2,6.0,0.005758157389635317,0.0,0.9558448863636364,0.7807528409090909,0.977555681818182,0,1042.0
14,5,20,1,2,2.0,0.0020470829068577278,0.0,0.959408,0.7887599999999999,0.9514285714285714,0,977.0
22,6,20,1,2,4.0,0.003933136676499509,0.0,0.9592327485380115,0.7542111111111112,0.97113216374269,0,1017.0
6,5,20,1,3,2.0,0.0025974025974025974,0.0,0.97625197740113,0.6071683615819209,0.9534841807909604,0,770.0
14,5,20,1,3,6.0,0.007662835249042145,0.0,0.9750948863636364,0.5983465909090909,0.9623090909090908,0,783.0
22,6,20,1,3,6.0,0.008862629246676515,0.040243055671453476,0.9761469273743016,0.5908648044692737,0.9510592178770948,1,677.0
6,5,20,1,3,6.0,0.005842259006815969,0.0,0.9577932203389832,0.7727412429378532,0.9548954802259888,0,1027.0
14,5,20,1,3,4.0,0.004077471967380225,0.0,0.9601118644067796,0.7691152542372881,0.9529186440677966,0,981.0
22,6,20,1,3,5.0,0.004761904761904762,0.0,0.9582296511627908,0.8025308139534885,0.9455558139534884,0,1050.0
6,5,20,1,3,3.0,0.0034129692832764505,0.10709635447710752,0.970548275862069,0.7340936781609195,0.969635632183908,1,879.0
14,5,20,1,3,2.0,0.0023752969121140144,0.10709635447710752,0.9679265536723164,0.677564406779661,0.9646892655367232,1,842.0
22,6,20,1,3,4.0,0.00411522633744856,0.10709635447710752,0.9663485875706216,0.7424570621468926,0.9622666666666668,2,972.0
6,6,20,1,0,2.0,0.001953125,0.0,0.9714869318181818,0.7811892045454545,0.9603221590909092,0,1024.0
14,6,20,1,0,2.0,0.00202020202020202,0.0,0.9732103448275864,0.7720936781609196,0.9673367816091952,0,990.0
22,0,21,0,0,5.0,0.004859086491739553,0.0,0.9726114285714286,0.7704497142857143,0.9543937142857144,0,1029.0
6,6,20,1,0,6.0,0.009188361408882083,0.10709635447710752,0.9579948863636364,0.6420017045454546,0.9496204545454544,1,653.0
14,6,20,1,0,5.0,0.007072135785007072,0.10709635447710752,0.9595845714285716,0.6536731428571428,0.9767611428571428,1,707.0
22,0,21,0,0,8.0,0.011461318051575931,0.04538194462656975,0.960858757062147,0.6334305084745763,0.9482943502824858,1,698.0
6,6,20,1,0,4.0,0.004246284501061571,0.0,0.9711568965517242,0.7715344827586208,0.9542132183908044,0,942.0
14,6,20,1,0,3.0,0.002967359050445104,0.0,0.9698011363636364,0.75509375,0.9680863636363636,0,1011.0
22,0,21,0,0,7.0,0.007709251101321586,0.0,0.9699949438202248,0.7404140449438202,0.9610904494382022,0,908.0
6,6,20,1,1,6.0,0.006944444444444444,0.0,0.9694767045454546,0.7222562499999999,0.9522732954545454,0,864.0
14,6,20,1,1,2.0,0.002254791431792559,0.0,0.970316384180791,0.7160909604519774,0.958379661016949,0,887.0
22,0,21,0,1,6.0,0.0072992700729927005,0.0,0.9707780898876404,0.6486887640449438,0.9695876404494382,0,822.0
6,6,20,1,1,5.0,0.008403361344537815,0.10709635447710752,0.9605514124293784,0.6269536723163842,0.9538604519774012,1,595.0
14,6,20,1,1,6.0,0.0076726342710997444,0.10709635447710752,0.961474431818182,0.6564625000000001,0.9428977272727272,1,782.0
22,0,21,0,1,2.0,0.0030721966205837174,0.0,0.9596569832402236,0.6435245810055866,0.9638513966480448,0,651.0
6,6,20,1,1,5.0,0.004775549188156638,0.0,0.965764,0.7633297142857142,0.9598091428571428,0,1047.0
14,6,20,1,1,4.0,0.0038095238095238095,0.0,0.961093220338983,0.7580553672316385,0.9796604519774011,0,1050.0
22,0,21,0,1,2.0,0.0019047619047619048,0.0,0.95955530726257,0.7858726256983241,0.97316312849162,0,1050.0
6,6,20,1,2,3.0,0.0029469548133595285,0.0,0.9684011363636364,0.7713215909090909,0.9683693181818182,0,1018.0
14,6,20,1,2,3.0,0.0030737704918032786,0.0,0.9675180790960451,0.7758463276836158,0.9586621468926554,0,976.0
22,0,21,0,2,3.0,0.002857142857142857,0.061423610895872116,0.9660954545454546,0.7738732954545454,0.9695846590909092,2,1050.0
6,6,20,1,2,3.0,0.0034762456546929316,0.0,0.9734926553672316,0.6269056497175142,0.955367231638418,0,863.0
14,6,20,1,2,2.0,0.0025188916876574307,0.0,0.9717162921348316,0.6548410112359551,0.9551494382022472,0,794.0
22,0,21,0,2,3.0,0.004291845493562232,0.0,0.9691514450867053,0.6074329479768786,0.9537063583815028,0,699.0
6,6,20,1,2,2.0,0.0019665683382497543,0.0,0.9558448863636364,0.7807528409090909,0.977555681818182,0,1017.0
14,6,20,1,2,2.0,0.0021141649048625794,0.0,0.959408,0.7887599999999999,0.9514285714285714,0,946.0
22,0,21,0,2,4.0,0.0038095238095238095,0.04635416716337204,0.9592327485380115,0.7542111111111112,0.97113216374269,1,1050.0
6,6,20,1,3,6.0,0.008097165991902834,0.08305555582046509,0.97625197740113,0.6071683615819209,0.9534841807909604,1,741.0
14,6,20,1,3,4.0,0.005305039787798408,0.1059027761220932,0.9750948863636364,0.5983465909090909,0.9623090909090908,1,754.0
22,0,21,0,3,3.0,0.0046875,0.0,0.9761469273743016,0.5908648044692737,0.9510592178770948,0,640.0
14,6,20,1,3,2.0,0.0024691358024691358,0.0,0.9601118644067796,0.7691152542372881,0.9529186440677966,0,810.0
22,0,21,0,3,4.0,0.0038095238095238095,0.0,0.9582296511627908,0.8025308139534885,0.9455558139534884,0,1050.0
6,6,20,1,3,5.0,0.0050916496945010185,0.10709635447710752,0.970548275862069,0.7340936781609195,0.969635632183908,2,982.0
14,6,20,1,3,2.0,0.002257336343115124,0.10709635447710752,0.9679265536723164,0.677564406779661,0.9646892655367232,2,886.0
22,0,21,0,3,1.0,0.0011614401858304297,0.04694444313645363,0.9663485875706216,0.7424570621468926,0.9622666666666668,1,861.0
6,0,21,0,0,6.0,0.006091370558375634,0.0,0.9714869318181818,0.7811892045454545,0.9603221590909092,0,985.0
14,0,21,0,0,2.0,0.0019047619047619048,0.0,0.9732103448275864,0.7720936781609196,0.9673367816091952,0,1050.0
22,1,21,0,0,3.0,0.002857142857142857,0.04854166507720947,0.9726114285714286,0.7704497142857143,0.9543937142857144,1,1050.0
6,0,21,0,0,3.0,0.004,0.10709635447710752,0.9579948863636364,0.6420017045454546,0.9496204545454544,1,750.0
14,0,21,0,0,5.0,0.006765899864682003,0.09583333134651184,0.9595845714285716,0.6536731428571428,0.9767611428571428,1,739.0
22,1,21,0,0,0.0,0.0,0.10709635447710752,0.960858757062147,0.6334305084745763,0.9482943502824858,2,773.0
6,0,21,0,0,5.0,0.0055309734513274336,0.0,0.9711568965517242,0.7715344827586208,0.9542132183908044,0,904.0
14,0,21,0,0,2.0,0.001953125,0.0,0.9698011363636364,0.75509375,0.9680863636363636,0,1024.0
22,1,21,0,0,7.0,0.007478632478632479,0.0,0.9699949438202248,0.7404140449438202,0.9610904494382022,0,936.0
6,0,21,0,1,4.0,0.004944375772558714,0.0,0.9694767045454546,0.7222562499999999,0.9522732954545454,0,809.0
14,0,21,0,1,3.0,0.0035885167464114833,0.0,0.970316384180791,0.7160909604519774,0.958379661016949,0,836.0
22,1,21,0,1,4.0,0.005154639175257732,0.10409722477197647,0.9707780898876404,0.6486887640449438,0.9695876404494382,1,776.0
6,0,21,0,1,6.0,0.006818181818181818,0.0,0.9605514124293784,0.6269536723163842,0.9538604519774012,0,880.0
14,0,21,0,1,4.0,0.005208333333333333,0.0,0.961474431818182,0.6564625000000001,0.9428977272727272,0,768.0
22,1,21,0,1,3.0,0.004070556309362279,0.0,0.9596569832402236,0.6435245810055866,0.9638513966480448,0,737.0
6,0,21,0,1,4.0,0.003929273084479371,0.0,0.965764,0.7633297142857142,0.9598091428571428,0,1018.0
14,0,21,0,1,2.0,0.0021668472372697724,0.0,0.961093220338983,0.7580553672316385,0.9796604519774011,0,923.0
22,1,21,0,1,2.0,0.0021164021164021165,0.0,0.95955530726257,0.7858726256983241,0.97316312849162,0,945.0
6,0,21,0,2,4.0,0.0038095238095238095,0.06937500089406967,0.9684011363636364,0.7713215909090909,0.9683693181818182,2,1050.0
14,0,21,0,2,4.0,0.0038095238095238095,0.06013888865709305,0.9675180790960451,0.7758463276836158,0.9586621468926554,2,1050.0
22,1,21,0,2,5.0,0.0048216007714561235,0.0,0.9660954545454546,0.7738732954545454,0.9695846590909092,0,1037.0
6,0,21,0,2,3.0,0.004470938897168405,0.0,0.9734926553672316,0.6269056497175142,0.955367231638418,0,671.0
14,0,21,0,2,2.0,0.002457002457002457,0.0,0.9717162921348316,0.6548410112359551,0.9551494382022472,0,814.0
22,1,21,0,2,2.0,0.0022371364653243847,0.0,0.9691514450867053,0.6074329479768786,0.9537063583815028,0,894.0
6,0,21,0,2,4.0,0.0038095238095238095,0.0607638880610466,0.9558448863636364,0.7807528409090909,0.977555681818182,1,1050.0
14,0,21,0,2,4.0,0.00468384074941452,0.08180555701255798,0.959408,0.7887599999999999,0.9514285714285714,1,854.0
22,1,21,0,2,1.0,0.0010787486515641855,0.023680554702878,0.9592327485380115,0.7542111111111112,0.97113216374269,1,927.0
6,0,21,0,3,5.0,0.007267441860465116,0.0,0.97625197740113,0.6071683615819209,0.9534841807909604,0,688.0
14,0,21,0,3,4.0,0.006339144215530904,0.0,0.9750948863636364,0.5983465909090909,0.9623090909090908,0,631.0
22,1,21,0,3,3.0,0.004702194357366771,0.0,0.9761469273743016,0.5908648044692737,0.9510592178770948,0,638.0
6,0,21,0,3,3.0,0.0031779661016949155,0.0,0.9577932203389832,0.7727412429378532,0.9548954802259888,0,944.0
14,0,21,0,3,3.0,0.0034129692832764505,0.0,0.9601118644067796,0.7691152542372881,0.9529186440677966,0,879.0
22,1,21,0,3,5.0,0.004945598417408506,0.0,0.9582296511627908,0.8025308139534885,0.9455558139534884,0,1011.0
6,0,21,0,3,2.0,0.0019550342130987292,0.051874998956918716,0.970548275862069,0.7340936781609195,0.969635632183908,1,1023.0
14,0,21,0,3,2.0,0.0021810250817884407,0.043958332389593124,0.9679265536723164,0.677564406779661,0.9646892655367232,1,917.0
22,1,21,0,3,4.0,0.0045871559633027525,0.0,0.9663485875706216,0.7424570621468926,0.9622666666666668,0,872.0
6,1,21,0,0,3.0,0.002881844380403458,0.06333333253860474,0.9714869318181818,0.7811892045454545,0.9603221590909092,1,1041.0
14,1,21,0,0,4.0,0.0041841004184100415,0.05666666850447655,0.9732103448275864,0.7720936781609196,0.9673367816091952,1,956.0
22,2,21,0,0,2.0,0.0019047619047619048,0.023645833134651184,0.9726114285714286,0.7704497142857143,0.9543937142857144,1,1050.0
6,1,21,0,0,6.0,0.00823045267489712,0.10709635447710752,0.9579948863636364,0.6420017045454546,0.9496204545454544,2,729.0
14,1,21,0,0,3.0,0.004178272980501393,0.10709635447710752,0.9595845714285716,0.6536731428571428,0.9767611428571428,2,718.0
22,2,21,0,0,5.0,0.0063532401524777635,0.0,0.960858757062147,0.6334305084745763,0.9482943502824858,0,787.0
6,1,21,0,0,6.0,0.007272727272727273,0.0,0.9711568965517242,0.7715344827586208,0.9542132183908044,0,825.0
14,1,21,0,0,4.0,0.003887269193391642,0.0,0.9698011363636364,0.75509375,0.9680863636363636,0,1029.0
22,2,21,0,0,0.0,0.0,0.0,0.9699949438202248,0.7404140449438202,0.9610904494382022,0,926.0
6,1,21,0,1,5.0,0.005482456140350877,0.10709635447710752,0.9694767045454546,0.7222562499999999,0.9522732954545454,1,912.0
14,1,21,0,1,2.0,0.0021390374331550803,0.10709635447710752,0.970316384180791,0.7160909604519774,0.958379661016949,1,935.0
22,2,21,0,1,6.0,0.009077155824508321,0.0,0.9707780898876404,0.6486887640449438,0.9695876404494382,0,661.0
6,1,21,0,1,3.0,0.004120879120879121,0.0,0.9605514124293784,0.6269536723163842,0.9538604519774012,0,728.0
14,1,21,0,1,6.0,0.008130081300813009,0.0,0.961474431818182,0.6564625000000001,0.9428977272727272,0,738.0
22,2,21,0,1,1.0,0.0012610340479192938,0.0,0.9596569832402236,0.6435245810055866,0.9638513966480448,0,793.0
6,1,21,0,1,4.0,0.0041753653444676405,0.0,0.965764,0.7633297142857142,0.9598091428571428,0,958.0
14,1,21,0,1,3.0,0.00322234156820623,0.0,0.961093220338983,0.7580553672316385,0.9796604519774011,0,931.0
22,2,21,0,1,5.0,0.005070993914807302,0.0,0.95955530726257,0.7858726256983241,0.97316312849162,0,986.0
6,1,21,0,2,6.0,0.005714285714285714,0.0,0.9684011363636364,0.7713215909090909,0.9683693181818182,0,1050.0
14,1,21,0,2,4.0,0.004366812227074236,0.0,0.9675180790960451,0.7758463276836158,0.9586621468926554,0,916.0
22,2,21,0,2,3.0,0.003246753246753247,0.10709635447710752,0.9660954545454546,0.7738732954545454,0.9695846590909092,1,924.0
6,1,21,0,2,5.0,0.006747638326585695,0.0,0.9734926553672316,0.6269056497175142,0.955367231638418,0,741.0
14,1,21,0,2,4.0,0.004314994606256742,0.0,0.9717162921348316,0.6548410112359551,0.9551494382022472,0,927.0
22,2,21,0,2,2.0,0.00267379679144385,0.0,0.9691514450867053,0.6074329479768786,0.9537063583815028,0,748.0
6,1,21,0,2,2.0,0.0020429009193054137,0.010625000111758709,0.9558448863636364,0.7807528409090909,0.977555681818182,1,979.0
14,1,21,0,2,2.0,0.0019193857965451055,0.020034722983837128,0.959408,0.7887599999999999,0.9514285714285714,1,1042.0
22,2,21,0,2,5.0,0.004761904761904762,0.0,0.9592327485380115,0.7542111111111112,0.97113216374269,0,1050.0
6,1,21,0,3,2.0,0.0031397174254317113,0.0,0.97625197740113,0.6071683615819209,0.9534841807909604,0,637.0
14,1,21,0,3,6.0,0.009009009009009009,0.0,0.9750948863636364,0.5983465909090909,0.9623090909090908,0,666.0
22,2,21,0,3,3.0,0.004411764705882353,0.0,0.9761469273743016,0.5908648044692737,0.9510592178770948,0,680.0
6,1,21,0,3,3.0,0.003125,0.0,0.9577932203389832,0.7727412429378532,0.9548954802259888,0,960.0
14,1,21,0,3,2.0,0.0022753128555176336,0.0,0.9601118644067796,0.7691152542372881,0.9529186440677966,0,879.0
22,2,21,0,3,3.0,0.002857142857142857,0.10709635447710752,0.9582296511627908,0.8025308139534885,0.9455558139534884,1,1050.0
6,1,21,0,3,4.0,0.0049079754601227,0.0,0.970548275862069,0.7340936781609195,0.969635632183908,0,815.0
14,1,21,0,3,2.0,0.002152852529601722,0.0,0.9679265536723164,0.677564406779661,0.9646892655367232,0,929.0
22,2,21,0,3,3.0,0.0033707865168539327,0.10709635447710752,0.9663485875706216,0.7424570621468926,0.9622666666666668,1,890.0
6,2,21,0,0,2.0,0.0019047619047619048,0.04826388880610466,0.9714869318181818,0.7811892045454545,0.9603221590909092,1,1050.0
14,2,21,0,0,2.0,0.002254791431792559,0.02361111156642437,0.9732103448275864,0.7720936781609196,0.9673367816091952,1,887.0
22,3,21,0,0,4.0,0.0038095238095238095,0.0,0.9726114285714286,0.7704497142857143,0.9543937142857144,0,1050.0
6,2,21,0,0,5.0,0.0063371356147021544,0.0,0.9579948863636364,0.6420017045454546,0.9496204545454544,0,789.0
14,2,21,0,0,6.0,0.0076045627376425855,0.0,0.9595845714285716,0.6536731428571428,0.9767611428571428,0,789.0
22,3,21,0,0,5.0,0.005405405405405406,0.0,0.960858757062147,0.6334305084745763,0.9482943502824858,0,925.0
6,2,21,0,0,2.0,0.0020964360587002098,0.0,0.9711568965517242,0.7715344827586208,0.9542132183908044,0,954.0
14,2,21,0,0,4.0,0.00398406374501992,0.0,0.9698011363636364,0.75509375,0.9680863636363636,0,1004.0
22,3,21,0,0,4.0,0.004479283314669653,0.0,0.9699949438202248,0.7404140449438202,0.9610904494382022,0,893.0
6,2,21,0,1,4.0,0.0041797283176593526,0.0,0.9694767045454546,0.7222562499999999,0.9522732954545454,0,957.0
14,2,21,0,1,6.0,0.006968641114982578,0.0,0.970316384180791,0.7160909604519774,0.958379661016949,0,861.0
22,3,21,0,1,2.0,0.0024067388688327317,0.0,0.9707780898876404,0.6486887640449438,0.9695876404494382,0,831.0
6,2,21,0,1,2.0,0.002849002849002849,0.0,0.9605514124293784,0.6269536723163842,0.9538604519774012,0,702.0
14,2,21,0,1,6.0,0.006741573033707865,0.0,0.961474431818182,0.6564625000000001,0.9428977272727272,0,890.0
22,3,21,0,1,6.0,0.009375,0.04590277746319771,0.9596569832402236,0.6435245810055866,0.9638513966480448,1,640.0
6,2,21,0,1,2.0,0.002034587995930824,0.0,0.965764,0.7633297142857142,0.9598091428571428,0,983.0
14,2,21,0,1,2.0,0.002207505518763797,0.0,0.961093220338983,0.7580553672316385,0.9796604519774011,0,906.0
22,3,21,0,1,4.0,0.0038095238095238095,0.0,0.95955530726257,0.7858726256983241,0.97316312849162,0,1050.0
6,2,21,0,2,2.0,0.0019047619047619048,0.10709635447710752,0.9684011363636364,0.7713215909090909,0.9683693181818182,1,1050.0
14,2,21,0,2,3.0,0.0030643513789581204,0.09631944447755814,0.9675180790960451,0.7758463276836158,0.9586621468926554,1,979.0
22,3,21,0,2,3.0,0.002857142857142857,0.0,0.9660954545454546,0.7738732954545454,0.9695846590909092,0,1050.0
6,2,21,0,2,3.0,0.004,0.0,0.9734926553672316,0.6269056497175142,0.955367231638418,0,750.0
14,2,21,0,2,3.0,0.004464285714285714,0.0,0.9717162921348316,0.6548410112359551,0.9551494382022472,0,672.0
22,3,21,0,2,3.0,0.003575685339690107,0.0,0.9691514450867053,0.6074329479768786,0.9537063583815028,0,839.0
6,2,21,0,2,4.0,0.0038095238095238095,0.0,0.9558448863636364,0.7807528409090909,0.977555681818182,0,1050.0
14,2,21,0,2,6.0,0.006369426751592357,0.0,0.959408,0.7887599999999999,0.9514285714285714,0,942.0
22,3,21,0,2,2.0,0.0019047619047619048,0.0,0.9592327485380115,0.7542111111111112,0.97113216374269,0,1050.0
6,2,21,0,3,2.0,0.0028653295128939827,0.0,0.97625197740113,0.6071683615819209,0.9534841807909604,0,698.0
14,2,21,0,3,5.0,0.00697350069735007,0.0,0.9750948863636364,0.5983465909090909,0.9623090909090908,0,717.0
22,3,21,0,3,4.0,0.005249343832020997,0.0,0.9761469273743016,0.5908648044692737,0.9510592178770948,0,762.0
6,2,21,0,3,2.0,0.0019342359767891683,0.10709635447710752,0.9577932203389832,0.7727412429378532,0.9548954802259888,1,1034.0
14,2,21,0,3,4.0,0.004944375772558714,0.10709635447710752,0.9601118644067796,0.7691152542372881,0.9529186440677966,1,809.0
22,3,21,0,3,2.0,0.0020833333333333333,0.0,0.9582296511627908,0.8025308139534885,0.9455558139534884,0,960.0
6,2,21,0,3,3.0,0.0033632286995515697,0.10709635447710752,0.970548275862069,0.7340936781609195,0.969635632183908,1,892.0
14,2,21,0,3,2.0,0.002306805074971165,0.10709635447710752,0.9679265536723164,0.677564406779661,0.9646892655367232,1,867.0
22,3,21,0,3,4.0,0.004419889502762431,0.0,0.9663485875706216,0.7424570621468926,0.9622666666666668,0,905.0
6,3,21,0,0,3.0,0.00331858407079646,0.0,0.9714869318181818,0.7811892045454545,0.9603221590909092,0,904.0
14,3,21,0,0,3.0,0.002857142857142857,0.0,0.9732103448275864,0.7720936781609196,0.9673367816091952,0,1050.0
22,4,21,0,0,3.0,0.002857142857142857,0.0,0.9726114285714286,0.7704497142857143,0.9543937142857144,0,1050.0
6,3,21,0,0,4.0,0.005148005148005148,0.0,0.9579948863636364,0.6420017045454546,0.9496204545454544,0,777.0
14,3,21,0,0,3.0,0.0035419126328217238,0.0,0.9595845714285716,0.6536731428571428,0.9767611428571428,0,847.0
22,4,21,0,0,4.0,0.005797101449275362,0.0,0.960858757062147,0.6334305084745763,0.9482943502824858,0,690.0
6,3,21,0,0,6.0,0.006615214994487321,0.0,0.9711568965517242,0.7715344827586208,0.9542132183908044,0,907.0
14,3,21,0,0,4.0,0.004750593824228029,0.0,0.9698011363636364,0.75509375,0.9680863636363636,0,842.0
22,4,21,0,0,5.0,0.006345177664974619,0.0,0.9699949438202248,0.7404140449438202,0.9610904494382022,0,788.0
6,3,21,0,1,6.0,0.007416563658838072,0.0,0.9694767045454546,0.7222562499999999,0.9522732954545454,0,809.0
14,3,21,0,1,2.0,0.00228310502283105,0.0,0.970316384180791,0.7160909604519774,0.958379661016949,0,876.0
22,4,21,0,1,4.0,0.004333694474539545,0.10709635447710752,0.9707780898876404,0.6486887640449438,0.9695876404494382,2,923.0
6,3,21,0,1,5.0,0.006915629322268326,0.020243056118488312,0.9605514124293784,0.6269536723163842,0.9538604519774012,1,723.0
14,3,21,0,1,4.0,0.0056179775280898875,0.04138888791203499,0.961474431818182,0.6564625000000001,0.9428977272727272,1,712.0
22,4,21,0,1,6.0,0.006741573033707865,0.059340279549360275,0.9596569832402236,0.6435245810055866,0.9638513966480448,1,890.0
6,3,21,0,1,6.0,0.006349206349206349,0.0,0.965764,0.7633297142857142,0.9598091428571428,0,945.0
14,3,21,0,1,2.0,0.002008032128514056,0.0,0.961093220338983,0.7580553672316385,0.9796604519774011,0,996.0
22,4,21,0,1,1.0,0.0009523809523809524,0.0642361119389534,0.95955530726257,0.7858726256983241,0.97316312849162,1,1050.0
6,3,21,0,2,4.0,0.004333694474539545,0.0,0.9684011363636364,0.7713215909090909,0.9683693181818182,0,923.0
14,3,21,0,2,5.0,0.006053268765133172,0.0,0.9675180790960451,0.7758463276836158,0.9586621468926554,0,826.0
22,4,21,0,2,6.0,0.007125890736342043,0.0,0.9660954545454546,0.7738732954545454,0.9695846590909092,0,842.0
6,3,21,0,2,3.0,0.004893964110929853,0.0,0.9734926553672316,0.6269056497175142,0.955367231638418,0,613.0
14,3,21,0,2,3.0,0.004792332268370607,0.0,0.9717162921348316,0.6548410112359551,0.9551494382022472,0,626.0
22,4,21,0,2,2.0,0.0028776978417266188,0.004548611119389534,0.9691514450867053,0.6074329479768786,0.9537063583815028,1,695.0
6,3,21,0,2,4.0,0.003898635477582846,0.0,0.9558448863636364,0.7807528409090909,0.977555681818182,0,1026.0
14,3,21,0,2,4.0,0.0038095238095238095,0.0,0.959408,0.7887599999999999,0.9514285714285714,0,1050.0
22,4,21,0,2,8.0,0.008483563096500531,0.0,0.9592327485380115,0.7542111111111112,0.97113216374269,0,943.0
6,3,21,0,3,2.0,0.003246753246753247,0.0,0.97625197740113,0.6071683615819209,0.9534841807909604,0,616.0
14,3,21,0,3,2.0,0.0035026269702276708,0.0,0.9750948863636364,0.5983465909090909,0.9623090909090908,0,571.0
22,4,21,0,3,4.0,0.004860267314702308,0.04229166731238365,0.9761469273743016,0.5908648044692737,0.9510592178770948,1,823.0
6,3,21,0,3,4.0,0.004343105320304018,0.0,0.9577932203389832,0.7727412429378532,0.9548954802259888,0,921.0
14,3,21,0,3,6.0,0.006521739130434782,0.0,0.9601118644067796,0.7691152542372881,0.9529186440677966,0,920.0
22,4,21,0,3,2.0,0.0019047619047619048,0.0,0.9582296511627908,0.8025308139534885,0.9455558139534884,0,1050.0
6,3,21,0,3,4.0,0.0047789725209080045,0.0,0.970548275862069,0.7340936781609195,0.969635632183908,0,837.0
14,3,21,0,3,5.0,0.006097560975609756,0.0,0.9679265536723164,0.677564406779661,0.9646892655367232,0,820.0
22,4,21,0,3,4.0,0.004784688995215311,0.0,0.9663485875706216,0.7424570621468926,0.9622666666666668,0,836.0
6,4,21,0,0,4.0,0.003861003861003861,0.0,0.9714869318181818,0.7811892045454545,0.9603221590909092,0,1036.0
14,4,21,0,0,5.0,0.004761904761904762,0.0,0.9732103448275864,0.7720936781609196,0.9673367816091952,0,1050.0
22,5,21,1,0,2.0,0.0019047619047619048,0.10709635447710752,0.9726114285714286,0.7704497142857143,0.9543937142857144,1,1050.0
6,4,21,0,0,4.0,0.00546448087431694,0.0,0.9579948863636364,0.6420017045454546,0.9496204545454544,0,732.0
14,4,21,0,0,6.0,0.00816326530612245,0.0,0.9595845714285716,0.6536731428571428,0.9767611428571428,0,735.0
22,5,21,1,0,3.0,0.005084745762711864,0.0,0.960858757062147,0.6334305084745763,0.9482943502824858,0,590.0
6,4,21,0,0,3.0,0.003592814371257485,0.0,0.9711568965517242,0.7715344827586208,0.9542132183908044,0,835.0
14,4,21,0,0,2.0,0.0019047619047619048,0.0,0.9698011363636364,0.75509375,0.9680863636363636,0,1050.0
22,5,21,1,0,4.0,0.004188481675392671,0.06833333522081375,0.9699949438202248,0.7404140449438202,0.9610904494382022,1,955.0
6,4,21,0,1,6.0,0.008321775312066574,0.10709635447710752,0.9694767045454546,0.7222562499999999,0.9522732954545454,2,721.0
14,4,21,0,1,3.0,0.003658536585365854,0.10709635447710752,0.970316384180791,0.7160909604519774,0.958379661016949,2,820.0
22,5,21,1,1,4.0,0.0041279669762641896,0.0,0.9707780898876404,0.6486887640449438,0.9695876404494382,0,969.0
6,4,21,0,1,2.0,0.0024390243902439024,0.10506944358348846,0.9605514124293784,0.6269536723163842,0.9538604519774012,1,820.0
14,4,21,0,1,5.0,0.007102272727272727,0.0651041641831398,0.961474431818182,0.6564625000000001,0.9428977272727272,1,704.0
22,5,21,1,1,6.0,0.007863695937090432,0.0,0.9596569832402236,0.6435245810055866,0.9638513966480448,0,763.0
6,4,21,0,1,6.0,0.005714285714285714,0.06392361223697662,0.965764,0.7633297142857142,0.9598091428571428,1,1050.0
14,4,21,0,1,2.0,0.0021008403361344537,0.08465278148651123,0.961093220338983,0.7580553672316385,0.9796604519774011,1,952.0
22,5,21,1,1,3.0,0.002926829268292683,0.0,0.95955530726257,0.7858726256983241,0.97316312849162,0,1025.0
6,4,21,0,2,6.0,0.0062176165803108805,0.0,0.9684011363636364,0.7713215909090909,0.9683693181818182,0,965.0
14,4,21,0,2,2.0,0.0019047619047619048,0.0,0.9675180790960451,0.7758463276836158,0.9586621468926554,0,1050.0
22,5,21,1,2,3.0,0.002857142857142857,0.0,0.9660954545454546,0.7738732954545454,0.9695846590909092,0,1050.0
6,4,21,0,2,5.0,0.00655307994757536,0.005381944589316845,0.9734926553672316,0.6269056497175142,0.955367231638418,1,763.0
14,4,21,0,2,6.0,0.007142857142857143,0.010486111044883728,0.9717162921348316,0.6548410112359551,0.9551494382022472,1,840.0
22,5,21,1,2,1.0,0.001148105625717566,0.10709635447710752,0.9691514450867053,0.6074329479768786,0.9537063583815028,2,871.0
6,4,21,0,2,2.0,0.0022197558268590455,0.0,0.9558448863636364,0.7807528409090909,0.977555681818182,0,901.0
14,4,21,0,2,4.0,0.003980099502487562,0.0,0.959408,0.7887599999999999,0.9514285714285714,0,1005.0
22,5,21,1,2,2.0,0.0019047619047619048,0.0,0.9592327485380115,0.7542111111111112,0.97113216374269,0,1050.0
6,4,21,0,3,6.0,0.008547008547008548,0.10709635447710752,0.97625197740113,0.6071683615819209,0.9534841807909604,1,702.0
14,4,21,0,3,4.0,0.006329113924050633,0.07694444805383682,0.9750948863636364,0.5983465909090909,0.9623090909090908,1,632.0
22,5,21,1,3,3.0,0.004081632653061225,0.0,0.9761469273743016,0.5908648044692737,0.9510592178770948,0,735.0
6,4,21,0,3,3.0,0.003667481662591687,0.0,0.9577932203389832,0.7727412429378532,0.9548954802259888,0,818.0
14,4,21,0,3,6.0,0.006389776357827476,0.0,0.9601118644067796,0.7691152542372881,0.9529186440677966,0,939.0
22,5,21,1,3,5.0,0.004859086491739553,0.0,0.9582296511627908,0.8025308139534885,0.9455558139534884,0,1029.0
6,4,21,0,3,5.0,0.006793478260869565,0.0,0.970548275862069,0.7340936781609195,0.969635632183908,0,736.0
14,4,21,0,3,3.0,0.002857142857142857,0.0,0.9679265536723164,0.677564406779661,0.9646892655367232,0,1050.0
22,5,21,1,3,4.0,0.004944375772558714,0.0,0.9663485875706216,0.7424570621468926,0.9622666666666668,0,809.0
14,5,21,1,0,6.0,0.0058823529411764705,0.09718749672174454,0.9732103448275864,0.7720936781609196,0.9673367816091952,1,1020.0
22,6,21,1,0,4.0,0.005376344086021506,0.06444444507360458,0.9726114285714286,0.7704497142857143,0.9543937142857144,1,744.0
6,5,21,1,0,5.0,0.006925207756232687,0.0,0.9579948863636364,0.6420017045454546,0.9496204545454544,0,722.0
14,5,21,1,0,2.0,0.002162162162162162,0.0,0.9595845714285716,0.6536731428571428,0.9767611428571428,0,925.0
22,6,21,1,0,2.0,0.003067484662576687,0.0,0.960858757062147,0.6334305084745763,0.9482943502824858,0,652.0
6,5,21,1,0,2.0,0.0022522522522522522,0.06947916746139526,0.9711568965517242,0.7715344827586208,0.9542132183908044,1,888.0
22,6,21,1,0,2.0,0.0019047619047619048,0.0,0.9699949438202248,0.7404140449438202,0.9610904494382022,0,1050.0
6,5,21,1,1,4.0,0.0042643923240938165,0.0,0.9694767045454546,0.7222562499999999,0.9522732954545454,0,938.0
14,5,21,1,1,5.0,0.006009615384615385,0.0,0.970316384180791,0.7160909604519774,0.958379661016949,0,832.0
22,6,21,1,1,5.0,0.00639386189258312,0.0,0.9707780898876404,0.6486887640449438,0.9695876404494382,0,782.0
6,5,21,1,1,2.0,0.002600780234070221,0.0,0.9605514124293784,0.6269536723163842,0.9538604519774012,0,769.0
14,5,21,1,1,1.0,0.0013831258644536654,0.0,0.961474431818182,0.6564625000000001,0.9428977272727272,0,723.0
22,6,21,1,1,3.0,0.0038363171355498722,0.10709635447710752,0.9596569832402236,0.6435245810055866,0.9638513966480448,2,782.0
6,5,21,1,1,5.0,0.004761904761904762,0.0,0.965764,0.7633297142857142,0.9598091428571428,0,1050.0
14,5,21,1,1,5.0,0.004761904761904762,0.0,0.961093220338983,0.7580553672316385,0.9796604519774011,0,1050.0
22,6,21,1,1,4.0,0.004246284501061571,0.0,0.95955530726257,0.7858726256983241,0.97316312849162,0,942.0
14,5,21,1,2,6.0,0.005994005994005994,0.0,0.9675180790960451,0.7758463276836158,0.9586621468926554,0,1001.0
22,6,21,1,2,3.0,0.002857142857142857,0.0,0.9660954545454546,0.7738732954545454,0.9695846590909092,0,1050.0
6,5,21,1,2,6.0,0.006472491909385114,0.10709635447710752,0.9734926553672316,0.6269056497175142,0.955367231638418,2,927.0
14,5,21,1,2,3.0,0.0035671819262782403,0.10709635447710752,0.9717162921348316,0.6548410112359551,0.9551494382022472,2,841.0
22,6,21,1,2,5.0,0.006631299734748011,0.024513889104127884,0.9691514450867053,0.6074329479768786,0.9537063583815028,1,754.0
6,5,21,1,2,4.0,0.0038095238095238095,0.0,0.9558448863636364,0.7807528409090909,0.977555681818182,0,1050.0
14,5,21,1,2,5.0,0.004761904761904762,0.0,0.959408,0.7887599999999999,0.9514285714285714,0,1050.0
6,5,21,1,3,3.0,0.004291845493562232,0.0,0.97625197740113,0.6071683615819209,0.9534841807909604,0,699.0
14,5,21,1,3,6.0,0.007033997655334115,0.0,0.9750948863636364,0.5983465909090909,0.9623090909090908,0,853.0
22,6,21,1,3,6.0,0.008928571428571428,0.0,0.9761469273743016,0.5908648044692737,0.9510592178770948,0,672.0
6,5,21,1,3,3.0,0.002955665024630542,0.0,0.9577932203389832,0.7727412429378532,0.9548954802259888,0,1015.0
22,6,21,1,3,1.0,0.001017293997965412,0.0,0.9582296511627908,0.8025308139534885,0.9455558139534884,0,983.0
6,5,21,1,3,5.0,0.0057670126874279125,0.0,0.970548275862069,0.7340936781609195,0.969635632183908,0,867.0
14,5,21,1,3,5.0,0.0056433408577878106,0.0,0.9679265536723164,0.677564406779661,0.9646892655367232,0,886.0
22,6,21,1,3,4.0,0.004158004158004158,0.0,0.9663485875706216,0.7424570621468926,0.9622666666666668,0,962.0
6,6,21,1,0,5.0,0.004761904761904762,0.10709635447710752,0.9714869318181818,0.7811892045454545,0.9603221590909092,1,1050.0
22,0,22,0,0,3.0,0.003236245954692557,0.0,0.9726114285714286,0.7704497142857143,0.9543937142857144,0,927.0
6,6,21,1,0,4.0,0.005050505050505051,0.0,0.9579948863636364,0.6420017045454546,0.9496204545454544,0,792.0
14,6,21,1,0,3.0,0.004016064257028112,0.0,0.9595845714285716,0.6536731428571428,0.9767611428571428,0,747.0
22,0,22,0,0,2.0,0.002162162162162162,0.0,0.960858757062147,0.6334305084745763,0.9482943502824858,0,925.0
6,6,21,1,0,6.0,0.006622516556291391,0.0,0.9711568965517242,0.7715344827586208,0.9542132183908044,0,906.0
14,6,21,1,0,2.0,0.0024009603841536613,0.0,0.9698011363636364,0.75509375,0.9680863636363636,0,833.0
22,0,22,0,0,2.0,0.002257336343115124,0.0,0.9699949438202248,0.7404140449438202,0.9610904494382022,0,886.0
14,6,21,1,1,2.0,0.0025,0.0,0.970316384180791,0.7160909604519774,0.958379661016949,0,800.0
22,0,22,0,1,3.0,0.0029182879377431907,0.0,0.9707780898876404,0.6486887640449438,0.9695876404494382,0,1028.0
6,6,21,1,1,2.0,0.0028169014084507044,0.10709635447710752,0.9605514124293784,0.6269536723163842,0.9538604519774012,2,710.0
22,0,22,0,1,6.0,0.008968609865470852,0.10709635447710752,0.9596569832402236,0.6435245810055866,0.9638513966480448,1,669.0
6,6,21,1,1,5.0,0.005753739930955121,0.0,0.965764,0.7633297142857142,0.9598091428571428,0,869.0
14,6,21,1,1,2.0,0.0024509803921568627,0.0,0.961093220338983,0.7580553672316385,0.9796604519774011,0,816.0
22,0,22,0,1,7.0,0.006666666666666667,0.0,0.95955530726257,0.7858726256983241,0.97316312849162,0,1050.0
6,6,21,1,2,5.0,0.004761904761904762,0.0,0.9684011363636364,0.7713215909090909,0.9683693181818182,0,1050.0
14,6,21,1,2,3.0,0.004043126684636119,0.0,0.9675180790960451,0.7758463276836158,0.9586621468926554,0,742.0
22,0,22,0,2,5.0,0.005494505494505495,0.0,0.9660954545454546,0.7738732954545454,0.9695846590909092,0,910.0
6,6,21,1,2,5.0,0.006561679790026247,0.019826387986540794,0.9734926553672316,0.6269056497175142,0.955367231638418,1,762.0
14,6,21,1,2,2.0,0.0029806259314456036,0.024027777835726738,0.9717162921348316,0.6548410112359551,0.9551494382022472,1,671.0
22,0,22,0,2,1.0,0.001310615989515072,0.0,0.9691514450867053,0.6074329479768786,0.9537063583815028,0,763.0
6,6,21,1,2,6.0,0.005946481665014866,0.10709635447710752,0.9558448863636364,0.7807528409090909,0.977555681818182,1,1009.0
14,6,21,1,2,6.0,0.005928853754940711,0.04961805418133736,0.959408,0.7887599999999999,0.9514285714285714,1,1012.0
22,0,22,0,2,3.0,0.003374578177727784,0.0,0.9592327485380115,0.7542111111111112,0.97113216374269,0,889.0
6,6,21,1,3,2.0,0.002881844380403458,0.0,0.97625197740113,0.6071683615819209,0.9534841807909604,0,694.0
14,6,21,1,3,2.0,0.002967359050445104,0.0,0.9750948863636364,0.5983465909090909,0.9623090909090908,0,674.0
22,0,22,0,3,4.0,0.004901960784313725,0.07996527850627899,0.9761469273743016,0.5908648044692737,0.9510592178770948,1,816.0
6,6,21,1,3,2.0,0.0021141649048625794,0.0,0.9577932203389832,0.7727412429378532,0.9548954802259888,0,946.0
14,6,21,1,3,3.0,0.003218884120171674,0.0,0.9601118644067796,0.7691152542372881,0.9529186440677966,0,932.0
22,0,22,0,3,6.0,0.006,0.0,0.9582296511627908,0.8025308139534885,0.9455558139534884,0,1000.0
6,6,21,1,3,3.0,0.004310344827586207,0.0,0.970548275862069,0.7340936781609195,0.969635632183908,0,696.0
14,6,21,1,3,2.0,0.002254791431792559,0.0,0.9679265536723164,0.677564406779661,0.9646892655367232,0,887.0
22,0,22,0,3,3.0,0.0033444816053511705,0.0,0.9663485875706216,0.7424570621468926,0.9622666666666668,0,897.0
6,0,22,0,0,3.0,0.002967359050445104,0.0,0.9714869318181818,0.7811892045454545,0.9603221590909092,0,1011.0
14,0,22,0,0,3.0,0.0028763183125599234,0.0,0.9732103448275864,0.7720936781609196,0.9673367816091952,0,1043.0
22,1,22,0,0,5.0,0.004761904761904762,0.0,0.9726114285714286,0.7704497142857143,0.9543937142857144,0,1050.0
6,0,22,0,0,2.0,0.0024600246002460025,0.0,0.9579948863636364,0.6420017045454546,0.9496204545454544,0,813.0
14,0,22,0,0,5.0,0.007112375533428165,0.0,0.9595845714285716,0.6536731428571428,0.9767611428571428,0,703.0
22,1,22,0,0,4.0,0.005390835579514825,0.0,0.960858757062147,0.6334305084745763,0.9482943502824858,0,742.0
6,0,22,0,0,3.0,0.0031847133757961785,0.0,0.9711568965517242,0.7715344827586208,0.9542132183908044,0,942.0
14,0,22,0,0,3.0,0.003367003367003367,0.0,0.9698011363636364,0.75509375,0.9680863636363636,0,891.0
22,1,22,0,0,3.0,0.002857142857142857,0.0,0.9699949438202248,0.7404140449438202,0.9610904494382022,0,1050.0
6,0,22,0,1,2.0,0.002257336343115124,0.0,0.9694767045454546,0.7222562499999999,0.9522732954545454,0,886.0
14,0,22,0,1,2.0,0.002257336343115124,0.0,0.970316384180791,0.7160909604519774,0.958379661016949,0,886.0
22,1,22,0,1,4.0,0.004932182490752158,0.08006944507360458,0.9707780898876404,0.6486887640449438,0.9695876404494382,1,811.0
6,0,22,0,1,3.0,0.0035087719298245615,0.10361111164093018,0.9605514124293784,0.6269536723163842,0.9538604519774012,1,855.0
14,0,22,0,1,5.0,0.0070028011204481795,0.10709635447710752,0.961474431818182,0.6564625000000001,0.9428977272727272,1,714.0
22,1,22,0,1,3.0,0.0037688442211055275,0.0,0.9596569832402236,0.6435245810055866,0.9638513966480448,0,796.0
6,0,22,0,1,3.0,0.003121748178980229,0.0,0.965764,0.7633297142857142,0.9598091428571428,0,961.0
14,0,22,0,1,3.0,0.0032258064516129032,0.0,0.961093220338983,0.7580553672316385,0.9796604519774011,0,930.0
22,1,22,0,1,2.0,0.0019860973187686196,0.0,0.95955530726257,0.7858726256983241,0.97316312849162,0,1007.0
6,0,22,0,2,2.0,0.0019047619047619048,0.0,0.9684011363636364,0.7713215909090909,0.9683693181818182,0,1050.0
14,0,22,0,2,6.0,0.006779661016949152,0.0,0.9675180790960451,0.7758463276836158,0.9586621468926554,0,885.0
22,1,22,0,2,3.0,0.0035885167464114833,0.0,0.9660954545454546,0.7738732954545454,0.9695846590909092,0,836.0
6,0,22,0,2,3.0,0.003952569169960474,0.0,0.9734926553672316,0.6269056497175142,0.955367231638418,0,759.0
14,0,22,0,2,4.0,0.005154639175257732,0.0,0.9717162921348316,0.6548410112359551,0.9551494382022472,0,776.0
22,1,22,0,2,5.0,0.005780346820809248,0.0,0.9691514450867053,0.6074329479768786,0.9537063583815028,0,865.0
6,0,22,0,2,3.0,0.003089598352214212,0.0,0.9558448863636364,0.7807528409090909,0.977555681818182,0,971.0
14,0,22,0,2,3.0,0.002857142857142857,0.0,0.959408,0.7887599999999999,0.9514285714285714,0,1050.0
22,1,22,0,2,4.0,0.004357298474945534,0.04357638955116272,0.9592327485380115,0.7542111111111112,0.97113216374269,1,918.0
6,0,22,0,3,5.0,0.007022471910112359,0.08298610895872116,0.97625197740113,0.6071683615819209,0.9534841807909604,1,712.0
14,0,22,0,3,3.0,0.00510204081632653,0.10709635447710752,0.9750948863636364,0.5983465909090909,0.9623090909090908,1,588.0
22,1,22,0,3,3.0,0.00436046511627907,0.0,0.9761469273743016,0.5908648044692737,0.9510592178770948,0,688.0
6,0,22,0,3,5.0,0.004761904761904762,0.0,0.9577932203389832,0.7727412429378532,0.9548954802259888,0,1050.0
14,0,22,0,3,6.0,0.006423982869379015,0.0,0.9601118644067796,0.7691152542372881,0.9529186440677966,0,934.0
22,1,22,0,3,1.0,0.0010672358591248667,0.10270833224058151,0.9582296511627908,0.8025308139534885,0.9455558139534884,1,937.0
6,0,22,0,3,6.0,0.007075471698113208,0.0,0.970548275862069,0.7340936781609195,0.969635632183908,0,848.0
14,0,22,0,3,3.0,0.003745318352059925,0.0,0.9679265536723164,0.677564406779661,0.9646892655367232,0,801.0
22,1,22,0,3,5.0,0.006142506142506142,0.07934027910232544,0.9663485875706216,0.7424570621468926,0.9622666666666668,1,814.0
6,1,22,0,0,4.0,0.003887269193391642,0.0,0.9714869318181818,0.7811892045454545,0.9603221590909092,0,1029.0
14,1,22,0,0,3.0,0.002857142857142857,0.0,0.9732103448275864,0.7720936781609196,0.9673367816091952,0,1050.0
22,2,22,0,0,4.0,0.00398406374501992,0.0,0.9726114285714286,0.7704497142857143,0.9543937142857144,0,1004.0
6,1,22,0,0,6.0,0.007989347536617843,0.0,0.9579948863636364,0.6420017045454546,0.9496204545454544,0,751.0
14,1,22,0,0,5.0,0.00646830530401035,0.0,0.9595845714285716,0.6536731428571428,0.9767611428571428,0,773.0
22,2,22,0,0,4.0,0.005383580080753701,0.10709635447710752,0.960858757062147,0.6334305084745763,0.9482943502824858,1,743.0
6,1,22,0,0,2.0,0.0019646365422396855,0.0,0.9711568965517242,0.7715344827586208,0.9542132183908044,0,1018.0
14,1,22,0,0,6.0,0.006030150753768844,0.0,0.9698011363636364,0.75509375,0.9680863636363636,0,995.0
22,2,22,0,0,4.0,0.005121638924455826,0.0,0.9699949438202248,0.7404140449438202,0.9610904494382022,0,781.0
6,1,22,0,1,2.0,0.002797202797202797,0.06659722328186035,0.9694767045454546,0.7222562499999999,0.9522732954545454,1,715.0
14,1,22,0,1,2.0,0.0021413276231263384,0.06364583224058151,0.970316384180791,0.7160909604519774,0.958379661016949,1,934.0
22,2,22,0,1,6.0,0.006458557588805167,0.0,0.9707780898876404,0.6486887640449438,0.9695876404494382,0,929.0
6,1,22,0,1,3.0,0.004070556309362279,0.0,0.9605514124293784,0.6269536723163842,0.9538604519774012,0,737.0
14,1,22,0,1,5.0,0.006313131313131313,0.0,0.961474431818182,0.6564625000000001,0.9428977272727272,0,792.0
22,2,22,0,1,3.0,0.004511278195488722,0.0,0.9596569832402236,0.6435245810055866,0.9638513966480448,0,665.0
6,1,22,0,1,5.0,0.005302226935312832,0.0,0.965764,0.7633297142857142,0.9598091428571428,0,943.0
14,1,22,0,1,3.0,0.0031413612565445027,0.0,0.961093220338983,0.7580553672316385,0.9796604519774011,0,955.0
22,2,22,0,1,3.0,0.002952755905511811,0.0,0.95955530726257,0.7858726256983241,0.97316312849162,0,1016.0
6,1,22,0,2,3.0,0.002857142857142857,0.0,0.9684011363636364,0.7713215909090909,0.9683693181818182,0,1050.0
14,1,22,0,2,5.0,0.004761904761904762,0.0,0.9675180790960451,0.7758463276836158,0.9586621468926554,0,1050.0
22,2,22,0,2,3.0,0.003246753246753247,0.07538194209337234,0.9660954545454546,0.7738732954545454,0.9695846590909092,1,924.0
6,1,22,0,2,3.0,0.004010695187165776,0.0,0.9734926553672316,0.6269056497175142,0.955367231638418,0,748.0
14,1,22,0,2,6.0,0.007978723404255319,0.0,0.9717162921348316,0.6548410112359551,0.9551494382022472,0,752.0
22,2,22,0,2,4.0,0.004784688995215311,0.0,0.9691514450867053,0.6074329479768786,0.9537063583815028,0,836.0
6,1,22,0,2,5.0,0.004761904761904762,0.04836805537343025,0.9558448863636364,0.7807528409090909,0.977555681818182,1,1050.0
14,1,22,0,2,3.0,0.002857142857142857,0.050659723579883575,0.959408,0.7887599999999999,0.9514285714285714,1,1050.0
22,2,22,0,2,4.0,0.0038910505836575876,0.10709635447710752,0.9592327485380115,0.7542111111111112,0.97113216374269,1,1028.0
6,1,22,0,3,4.0,0.005249343832020997,0.0,0.97625197740113,0.6071683615819209,0.9534841807909604,0,762.0
14,1,22,0,3,5.0,0.007102272727272727,0.0,0.9750948863636364,0.5983465909090909,0.9623090909090908,0,704.0
22,2,22,0,3,3.0,0.004310344827586207,0.0,0.9761469273743016,0.5908648044692737,0.9510592178770948,0,696.0
6,1,22,0,3,2.0,0.002277904328018223,0.10709635447710752,0.9577932203389832,0.7727412429378532,0.9548954802259888,1,878.0
14,1,22,0,3,6.0,0.005714285714285714,0.07159721851348877,0.9601118644067796,0.7691152542372881,0.9529186440677966,1,1050.0
22,2,22,0,3,5.0,0.005252100840336135,0.0,0.9582296511627908,0.8025308139534885,0.9455558139534884,0,952.0
6,1,22,0,3,3.0,0.003278688524590164,0.10709635447710752,0.970548275862069,0.7340936781609195,0.969635632183908,1,915.0
14,1,22,0,3,5.0,0.004911591355599214,0.10709635447710752,0.9679265536723164,0.677564406779661,0.9646892655367232,1,1018.0
22,2,22,0,3,5.0,0.004761904761904762,0.0,0.9663485875706216,0.7424570621468926,0.9622666666666668,0,1050.0
6,2,22,0,0,5.0,0.004761904761904762,0.0,0.9714869318181818,0.7811892045454545,0.9603221590909092,0,1050.0
14,2,22,0,0,2.0,0.0022371364653243847,0.0,0.9732103448275864,0.7720936781609196,0.9673367816091952,0,894.0
22,3,22,0,0,2.0,0.0019821605550049554,0.0,0.9726114285714286,0.7704497142857143,0.9543937142857144,0,1009.0
6,2,22,0,0,5.0,0.007656967840735069,0.10709635447710752,0.9579948863636364,0.6420017045454546,0.9496204545454544,1,653.0
14,2,22,0,0,4.0,0.005633802816901409,0.10709635447710752,0.9595845714285716,0.6536731428571428,0.9767611428571428,1,710.0
22,3,22,0,0,3.0,0.003663003663003663,0.0,0.960858757062147,0.6334305084745763,0.9482943502824858,0,819.0
6,2,22,0,0,5.0,0.005543237250554324,0.0,0.9711568965517242,0.7715344827586208,0.9542132183908044,0,902.0
14,2,22,0,0,6.0,0.006289308176100629,0.0,0.9698011363636364,0.75509375,0.9680863636363636,0,954.0
22,3,22,0,0,5.0,0.004816955684007707,0.0628819465637207,0.9699949438202248,0.7404140449438202,0.9610904494382022,1,1038.0
6,2,22,0,1,5.0,0.00651890482398957,0.0,0.9694767045454546,0.7222562499999999,0.9522732954545454,0,767.0
14,2,22,0,1,6.0,0.006857142857142857,0.0,0.970316384180791,0.7160909604519774,0.958379661016949,0,875.0
22,3,22,0,1,3.0,0.0033003300330033004,0.0,0.9707780898876404,0.6486887640449438,0.9695876404494382,0,909.0
6,2,22,0,1,2.0,0.002554278416347382,0.0,0.9605514124293784,0.6269536723163842,0.9538604519774012,0,783.0
14,2,22,0,1,3.0,0.004225352112676056,0.0,0.961474431818182,0.6564625000000001,0.9428977272727272,0,710.0
22,3,22,0,1,4.0,0.00546448087431694,0.10709635447710752,0.9596569832402236,0.6435245810055866,0.9638513966480448,2,732.0
6,2,22,0,1,2.0,0.0019083969465648854,0.0,0.965764,0.7633297142857142,0.9598091428571428,0,1048.0
14,2,22,0,1,5.0,0.004793863854266539,0.0,0.961093220338983,0.7580553672316385,0.9796604519774011,0,1043.0
22,3,22,0,1,5.0,0.00544069640914037,0.0,0.95955530726257,0.7858726256983241,0.97316312849162,0,919.0
6,2,22,0,2,3.0,0.002857142857142857,0.06454861164093018,0.9684011363636364,0.7713215909090909,0.9683693181818182,1,1050.0
14,2,22,0,2,3.0,0.0034965034965034965,0.052569445222616196,0.9675180790960451,0.7758463276836158,0.9586621468926554,1,858.0
22,3,22,0,2,6.0,0.0078125,0.0,0.9660954545454546,0.7738732954545454,0.9695846590909092,0,768.0
6,2,22,0,2,4.0,0.00522875816993464,0.0,0.9734926553672316,0.6269056497175142,0.955367231638418,0,765.0
14,2,22,0,2,5.0,0.005875440658049354,0.0,0.9717162921348316,0.6548410112359551,0.9551494382022472,0,851.0
22,3,22,0,2,4.0,0.004895960832313341,0.0,0.9691514450867053,0.6074329479768786,0.9537063583815028,0,817.0
6,2,22,0,2,3.0,0.002857142857142857,0.10709635447710752,0.9558448863636364,0.7807528409090909,0.977555681818182,1,1050.0
14,2,22,0,2,3.0,0.003105590062111801,0.10709635447710752,0.959408,0.7887599999999999,0.9514285714285714,1,966.0
22,3,22,0,2,3.0,0.002857142857142857,0.10709635447710752,0.9592327485380115,0.7542111111111112,0.97113216374269,1,1050.0
6,2,22,0,3,3.0,0.005016722408026756,0.0,0.97625197740113,0.6071683615819209,0.9534841807909604,0,598.0
14,2,22,0,3,5.0,0.006934812760055479,0.0,0.9750948863636364,0.5983465909090909,0.9623090909090908,0,721.0
22,3,22,0,3,2.0,0.0029239766081871343,0.0,0.9761469273743016,0.5908648044692737,0.9510592178770948,0,684.0
6,2,22,0,3,2.0,0.0023952095808383233,0.0,0.9577932203389832,0.7727412429378532,0.9548954802259888,0,835.0
14,2,22,0,3,5.0,0.005213764337851929,0.0,0.9601118644067796,0.7691152542372881,0.9529186440677966,0,959.0
22,3,22,0,3,4.0,0.003929273084479371,0.038576390594244,0.9582296511627908,0.8025308139534885,0.9455558139534884,1,1018.0
6,2,22,0,3,5.0,0.005470459518599562,0.0,0.970548275862069,0.7340936781609195,0.969635632183908,0,914.0
14,2,22,0,3,5.0,0.005235602094240838,0.0,0.9679265536723164,0.677564406779661,0.9646892655367232,0,955.0
22,3,22,0,3,5.0,0.006038647342995169,0.0,0.9663485875706216,0.7424570621468926,0.9622666666666668,0,828.0
6,3,22,0,0,5.0,0.004761904761904762,0.0,0.9714869318181818,0.7811892045454545,0.9603221590909092,0,1050.0
14,3,22,0,0,3.0,0.0033333333333333335,0.0,0.9732103448275864,0.7720936781609196,0.9673367816091952,0,900.0
22,4,22,0,0,5.0,0.005076142131979695,0.0,0.9726114285714286,0.7704497142857143,0.9543937142857144,0,985.0
6,3,22,0,0,6.0,0.008426966292134831,0.0,0.9579948863636364,0.6420017045454546,0.9496204545454544,0,712.0
14,3,22,0,0,3.0,0.003243243243243243,0.0,0.9595845714285716,0.6536731428571428,0.9767611428571428,0,925.0
22,4,22,0,0,2.0,0.0028368794326241137,0.0,0.960858757062147,0.6334305084745763,0.9482943502824858,0,705.0
6,3,22,0,0,2.0,0.00234192037470726,0.05145833268761635,0.9711568965517242,0.7715344827586208,0.9542132183908044,1,854.0
14,3,22,0,0,4.0,0.0041279669762641896,0.054548610001802444,0.9698011363636364,0.75509375,0.9680863636363636,1,969.0
22,4,22,0,0,3.0,0.002857142857142857,0.0,0.9699949438202248,0.7404140449438202,0.9610904494382022,0,1050.0
6,3,22,0,1,6.0,0.0072992700729927005,0.0,0.9694767045454546,0.7222562499999999,0.9522732954545454,0,822.0
14,3,22,0,1,2.0,0.002244668911335578,0.0,0.970316384180791,0.7160909604519774,0.958379661016949,0,891.0
22,4,22,0,1,4.0,0.004662004662004662,0.0,0.9707780898876404,0.6486887640449438,0.9695876404494382,0,858.0
6,3,22,0,1,3.0,0.004335260115606936,0.10709635447710752,0.9605514124293784,0.6269536723163842,0.9538604519774012,2,692.0
14,3,22,0,1,3.0,0.004219409282700422,0.10709635447710752,0.961474431818182,0.6564625000000001,0.9428977272727272,2,711.0
22,4,22,0,1,2.0,0.0028129395218002813,0.10709635447710752,0.9596569832402236,0.6435245810055866,0.9638513966480448,2,711.0
6,3,22,0,1,4.0,0.004415011037527594,0.0,0.965764,0.7633297142857142,0.9598091428571428,0,906.0
14,3,22,0,1,4.0,0.004008016032064128,0.0,0.961093220338983,0.7580553672316385,0.9796604519774011,0,998.0
22,4,22,0,1,5.0,0.0054585152838427945,0.08781249821186066,0.95955530726257,0.7858726256983241,0.97316312849162,1,916.0
6,3,22,0,2,5.0,0.004830917874396135,0.0,0.9684011363636364,0.7713215909090909,0.9683693181818182,0,1035.0
14,3,22,0,2,5.0,0.004761904761904762,0.0,0.9675180790960451,0.7758463276836158,0.9586621468926554,0,1050.0
22,4,22,0,2,3.0,0.002857142857142857,0.10709635447710752,0.9660954545454546,0.7738732954545454,0.9695846590909092,1,1050.0
6,3,22,0,2,2.0,0.002688172043010753,0.0,0.9734926553672316,0.6269056497175142,0.955367231638418,0,744.0
14,3,22,0,2,4.0,0.005012531328320802,0.0,0.9717162921348316,0.6548410112359551,0.9551494382022472,0,798.0
22,4,22,0,2,0.0,0.0,0.047013889998197556,0.9691514450867053,0.6074329479768786,0.9537063583815028,1,783.0
6,3,22,0,2,3.0,0.003232758620689655,0.10709635447710752,0.9558448863636364,0.7807528409090909,0.977555681818182,1,928.0
14,3,22,0,2,6.0,0.005714285714285714,0.10709635447710752,0.959408,0.7887599999999999,0.9514285714285714,1,1050.0
22,4,22,0,2,4.0,0.0038095238095238095,0.10709635447710752,0.9592327485380115,0.7542111111111112,0.97113216374269,1,1050.0
6,3,22,0,3,3.0,0.004207573632538569,0.0,0.97625197740113,0.6071683615819209,0.9534841807909604,0,713.0
14,3,22,0,3,3.0,0.004451038575667656,0.0,0.9750948863636364,0.5983465909090909,0.9623090909090908,0,674.0
22,4,22,0,3,6.0,0.009787928221859706,0.10709635447710752,0.9761469273743016,0.5908648044692737,0.9510592178770948,1,613.0
6,3,22,0,3,5.0,0.005656108597285068,0.04260416701436043,0.9577932203389832,0.7727412429378532,0.9548954802259888,1,884.0
14,3,22,0,3,2.0,0.0019723865877712033,0.042395833879709244,0.9601118644067796,0.7691152542372881,0.9529186440677966,1,1014.0
22,4,22,0,3,8.0,0.007889546351084813,0.0,0.9582296511627908,0.8025308139534885,0.9455558139534884,0,1014.0
6,3,22,0,3,3.0,0.003289473684210526,0.0,0.970548275862069,0.7340936781609195,0.969635632183908,0,912.0
14,3,22,0,3,4.0,0.004464285714285714,0.0,0.9679265536723164,0.677564406779661,0.9646892655367232,0,896.0
22,4,22,0,3,3.0,0.0030706243602865915,0.0,0.9663485875706216,0.7424570621468926,0.9622666666666668,0,977.0
6,4,22,0,0,3.0,0.0035971223021582736,0.0,0.9714869318181818,0.7811892045454545,0.9603221590909092,0,834.0
14,4,22,0,0,5.0,0.005055611729019211,0.0,0.9732103448275864,0.7720936781609196,0.9673367816091952,0,989.0
22,5,22,1,0,3.0,0.002857142857142857,0.0,0.9726114285714286,0.7704497142857143,0.9543937142857144,0,1050.0
6,4,22,0,0,3.0,0.003931847968545216,0.0,0.9579948863636364,0.6420017045454546,0.9496204545454544,0,763.0
14,4,22,0,0,6.0,0.00894187779433681,0.0,0.9595845714285716,0.6536731428571428,0.9767611428571428,0,671.0
22,5,22,1,0,5.0,0.006195786864931847,0.0,0.960858757062147,0.6334305084745763,0.9482943502824858,0,807.0
6,4,22,0,0,1.0,0.0009852216748768472,0.0,0.9711568965517242,0.7715344827586208,0.9542132183908044,0,1015.0
14,4,22,0,0,2.0,0.0025220680958385876,0.0,0.9698011363636364,0.75509375,0.9680863636363636,0,793.0
22,5,22,1,0,4.0,0.004250797024442083,0.0,0.9699949438202248,0.7404140449438202,0.9610904494382022,0,941.0
6,4,22,0,1,3.0,0.0036719706242350062,0.0,0.9694767045454546,0.7222562499999999,0.9522732954545454,0,817.0
14,4,22,0,1,2.0,0.0021141649048625794,0.0,0.970316384180791,0.7160909604519774,0.958379661016949,0,946.0
22,5,22,1,1,4.0,0.00516795865633075,0.0,0.9707780898876404,0.6486887640449438,0.9695876404494382,0,774.0
6,4,22,0,1,6.0,0.00851063829787234,0.09520833194255829,0.9605514124293784,0.6269536723163842,0.9538604519774012,2,705.0
14,4,22,0,1,6.0,0.007556675062972292,0.10709635447710752,0.961474431818182,0.6564625000000001,0.9428977272727272,2,794.0
22,5,22,1,1,3.0,0.004195804195804196,0.10709635447710752,0.9596569832402236,0.6435245810055866,0.9638513966480448,1,715.0
6,4,22,0,1,2.0,0.0019047619047619048,0.06395833194255829,0.965764,0.7633297142857142,0.9598091428571428,1,1050.0
14,4,22,0,1,5.0,0.005279831045406547,0.10709635447710752,0.961093220338983,0.7580553672316385,0.9796604519774011,1,947.0
22,5,22,1,1,2.0,0.001962708537782139,0.0,0.95955530726257,0.7858726256983241,0.97316312849162,0,1019.0
6,4,22,0,2,3.0,0.0031678986272439284,0.09621527791023254,0.9684011363636364,0.7713215909090909,0.9683693181818182,1,947.0
14,4,22,0,2,5.0,0.004930966469428008,0.10709635447710752,0.9675180790960451,0.7758463276836158,0.9586621468926554,1,1014.0
22,5,22,1,2,3.0,0.003703703703703704,0.05614583194255829,0.9660954545454546,0.7738732954545454,0.9695846590909092,1,810.0
6,4,22,0,2,2.0,0.002531645569620253,0.05572916567325592,0.9734926553672316,0.6269056497175142,0.955367231638418,1,790.0
14,4,22,0,2,6.0,0.00819672131147541,0.031180555000901222,0.9717162921348316,0.6548410112359551,0.9551494382022472,1,732.0
22,5,22,1,2,3.0,0.004341534008683068,0.0,0.9691514450867053,0.6074329479768786,0.9537063583815028,0,691.0
6,4,22,0,2,5.0,0.0056179775280898875,0.10709635447710752,0.9558448863636364,0.7807528409090909,0.977555681818182,1,890.0
14,4,22,0,2,4.0,0.0038095238095238095,0.10709635447710752,0.959408,0.7887599999999999,0.9514285714285714,1,1050.0
22,5,22,1,2,2.0,0.0019047619047619048,0.10709635447710752,0.9592327485380115,0.7542111111111112,0.97113216374269,1,1050.0
6,4,22,0,3,2.0,0.0027359781121751026,0.10709635447710752,0.97625197740113,0.6071683615819209,0.9534841807909604,1,731.0
14,4,22,0,3,3.0,0.004552352048558422,0.10709635447710752,0.9750948863636364,0.5983465909090909,0.9623090909090908,1,659.0
22,5,22,1,3,6.0,0.00860832137733142,0.0,0.9761469273743016,0.5908648044692737,0.9510592178770948,0,697.0
6,4,22,0,3,5.0,0.004906771344455349,0.0,0.9577932203389832,0.7727412429378532,0.9548954802259888,0,1019.0
14,4,22,0,3,2.0,0.0025974025974025974,0.0,0.9601118644067796,0.7691152542372881,0.9529186440677966,0,770.0
22,5,22,1,3,4.0,0.004149377593360996,0.0,0.9582296511627908,0.8025308139534885,0.9455558139534884,0,964.0
6,4,22,0,3,6.0,0.006993006993006993,0.0,0.970548275862069,0.7340936781609195,0.969635632183908,0,858.0
14,4,22,0,3,5.0,0.005611672278338945,0.0,0.9679265536723164,0.677564406779661,0.9646892655367232,0,891.0
22,5,22,1,3,4.0,0.004132231404958678,0.0,0.9663485875706216,0.7424570621468926,0.9622666666666668,0,968.0
6,5,22,1,0,1.0,0.0009900990099009901,0.0,0.9714869318181818,0.7811892045454545,0.9603221590909092,0,1010.0
14,5,22,1,0,3.0,0.002955665024630542,0.0,0.9732103448275864,0.7720936781609196,0.9673367816091952,0,1015.0
22,6,22,1,0,3.0,0.0032502708559046588,0.0,0.9726114285714286,0.7704497142857143,0.9543937142857144,0,923.0
6,5,22,1,0,3.0,0.003926701570680628,0.0,0.9579948863636364,0.6420017045454546,0.9496204545454544,0,764.0
14,5,22,1,0,6.0,0.007772020725388601,0.0,0.9595845714285716,0.6536731428571428,0.9767611428571428,0,772.0
22,6,22,1,0,2.0,0.002600780234070221,0.10709635447710752,0.960858757062147,0.6334305084745763,0.9482943502824858,1,769.0
14,5,22,1,0,6.0,0.006066734074823054,0.0,0.9698011363636364,0.75509375,0.9680863636363636,0,989.0
22,6,22,1,0,4.0,0.0038684719535783366,0.0,0.9699949438202248,0.7404140449438202,0.9610904494382022,0,1034.0
6,5,22,1,1,5.0,0.006172839506172839,0.0,0.9694767045454546,0.7222562499999999,0.9522732954545454,0,810.0
14,5,22,1,1,3.0,0.0033707865168539327,0.0,0.970316384180791,0.7160909604519774,0.958379661016949,0,890.0
22,6,22,1,1,3.0,0.003121748178980229,0.0,0.9707780898876404,0.6486887640449438,0.9695876404494382,0,961.0
6,5,22,1,1,4.0,0.005594405594405594,0.10709635447710752,0.9605514124293784,0.6269536723163842,0.9538604519774012,1,715.0
14,5,22,1,1,6.0,0.008053691275167786,0.10709635447710752,0.961474431818182,0.6564625000000001,0.9428977272727272,1,745.0
22,6,22,1,1,1.0,0.001314060446780552,0.0,0.9596569832402236,0.6435245810055866,0.9638513966480448,0,761.0
6,5,22,1,1,5.0,0.004995004995004995,0.0,0.965764,0.7633297142857142,0.9598091428571428,0,1001.0
6,5,22,1,2,2.0,0.0019047619047619048,0.05979166552424431,0.9684011363636364,0.7713215909090909,0.9683693181818182,1,1050.0
14,5,22,1,2,4.0,0.0038095238095238095,0.10208333283662796,0.9675180790960451,0.7758463276836158,0.9586621468926554,1,1050.0
22,6,22,1,2,4.0,0.004347826086956522,0.0,0.9660954545454546,0.7738732954545454,0.9695846590909092,0,920.0
14,5,22,1,2,6.0,0.007863695937090432,0.0,0.9717162921348316,0.6548410112359551,0.9551494382022472,0,763.0
6,5,22,1,2,6.0,0.005970149253731343,0.10709635447710752,0.9558448863636364,0.7807528409090909,0.977555681818182,1,1005.0
14,5,22,1,2,4.0,0.004629629629629629,0.07975694537162781,0.959408,0.7887599999999999,0.9514285714285714,1,864.0
6,5,22,1,3,6.0,0.010810810810810811,0.0,0.97625197740113,0.6071683615819209,0.9534841807909604,0,555.0
22,6,22,1,3,6.0,0.007033997655334115,0.05756944417953491,0.9761469273743016,0.5908648044692737,0.9510592178770948,1,853.0
6,5,22,1,3,5.0,0.005636978579481398,0.0,0.9577932203389832,0.7727412429378532,0.9548954802259888,0,887.0
14,5,22,1,3,2.0,0.0019286403085824494,0.0,0.9601118644067796,0.7691152542372881,0.9529186440677966,0,1037.0
6,5,22,1,3,2.0,0.0021008403361344537,0.0,0.970548275862069,0.7340936781609195,0.969635632183908,0,952.0
14,5,22,1,3,5.0,0.005733944954128441,0.0,0.9679265536723164,0.677564406779661,0.9646892655367232,0,872.0
22,6,22,1,3,2.0,0.0024125452352231603,0.010659722611308098,0.9663485875706216,0.7424570621468926,0.9622666666666668,1,829.0
6,6,22,1,0,5.0,0.004784688995215311,0.0,0.9714869318181818,0.7811892045454545,0.9603221590909092,0,1045.0
22,0,23,0,0,4.0,0.005633802816901409,0.10709635447710752,0.960858757062147,0.6334305084745763,0.9482943502824858,1,710.0
14,6,22,1,0,4.0,0.0040941658137154556,0.0,0.9698011363636364,0.75509375,0.9680863636363636,0,977.0
22,0,23,0,0,5.0,0.005330490405117271,0.0,0.9699949438202248,0.7404140449438202,0.9610904494382022,0,938.0
6,6,22,1,1,6.0,0.006779661016949152,0.0,0.9694767045454546,0.7222562499999999,0.9522732954545454,0,885.0
14,6,22,1,1,6.0,0.006688963210702341,0.0,0.970316384180791,0.7160909604519774,0.958379661016949,0,897.0
22,0,23,0,1,3.0,0.004243281471004243,0.0,0.9707780898876404,0.6486887640449438,0.9695876404494382,0,707.0
6,6,22,1,1,2.0,0.002509410288582183,0.0,0.9605514124293784,0.6269536723163842,0.9538604519774012,0,797.0
14,6,22,1,1,4.0,0.005434782608695652,0.0,0.961474431818182,0.6564625000000001,0.9428977272727272,0,736.0
22,0,23,0,1,5.0,0.006596306068601583,0.0,0.9596569832402236,0.6435245810055866,0.9638513966480448,0,758.0
6,6,22,1,1,4.0,0.0038095238095238095,0.0,0.965764,0.7633297142857142,0.9598091428571428,0,1050.0
14,6,22,1,1,6.0,0.006329113924050633,0.0,0.961093220338983,0.7580553672316385,0.9796604519774011,0,948.0
22,0,23,0,1,5.0,0.0050916496945010185,0.0,0.95955530726257,0.7858726256983241,0.97316312849162,0,982.0
6,6,22,1,2,3.0,0.002857142857142857,0.0,0.9684011363636364,0.7713215909090909,0.9683693181818182,0,1050.0
14,6,22,1,2,4.0,0.0038095238095238095,0.0,0.9675180790960451,0.7758463276836158,0.9586621468926554,0,1050.0
22,0,23,0,2,2.0,0.0020242914979757085,0.0,0.9660954545454546,0.7738732954545454,0.9695846590909092,0,988.0
6,6,22,1,2,4.0,0.005412719891745603,0.0,0.9734926553672316,0.6269056497175142,0.955367231638418,0,739.0
14,6,22,1,2,3.0,0.0035294117647058825,0.0,0.9717162921348316,0.6548410112359551,0.9551494382022472,0,850.0
22,0,23,0,2,2.0,0.002288329519450801,0.0,0.9691514450867053,0.6074329479768786,0.9537063583815028,0,874.0
6,6,22,1,2,6.0,0.005714285714285714,0.0,0.9558448863636364,0.7807528409090909,0.977555681818182,0,1050.0
14,6,22,1,2,5.0,0.005040322580645161,0.0,0.959408,0.7887599999999999,0.9514285714285714,0,992.0
22,0,23,0,2,3.0,0.0031479538300104933,0.0,0.9592327485380115,0.7542111111111112,0.97113216374269,0,953.0
6,6,22,1,3,4.0,0.006201550387596899,0.03656249865889549,0.97625197740113,0.6071683615819209,0.9534841807909604,1,645.0
14,6,22,1,3,2.0,0.00315955766192733,0.0672222226858139,0.9750948863636364,0.5983465909090909,0.9623090909090908,1,633.0
22,0,23,0,3,5.0,0.008210180623973728,0.0,0.9761469273743016,0.5908648044692737,0.9510592178770948,0,609.0
6,6,22,1,3,2.0,0.0019249278152069298,0.07409722357988358,0.9577932203389832,0.7727412429378532,0.9548954802259888,1,1039.0
14,6,22,1,3,1.0,0.0010857763300760044,0.05253472179174423,0.9601118644067796,0.7691152542372881,0.9529186440677966,1,921.0
22,0,23,0,3,6.0,0.006688963210702341,0.0,0.9582296511627908,0.8025308139534885,0.9455558139534884,0,897.0
6,6,22,1,3,4.0,0.004767580452920143,0.020972222089767456,0.970548275862069,0.7340936781609195,0.969635632183908,1,839.0
14,6,22,1,3,2.0,0.002152852529601722,0.025624999776482582,0.9679265536723164,0.677564406779661,0.9646892655367232,1,929.0
22,0,23,0,3,4.0,0.004273504273504274,0.0,0.9663485875706216,0.7424570621468926,0.9622666666666668,0,936.0
6,0,23,0,0,2.0,0.002061855670103093,0.10709635447710752,0.9714869318181818,0.7811892045454545,0.9603221590909092,1,970.0
14,0,23,0,0,2.0,0.0019047619047619048,0.10709635447710752,0.9732103448275864,0.7720936781609196,0.9673367816091952,1,1050.0
22,1,23,0,0,2.0,0.0019047619047619048,0.0,0.9726114285714286,0.7704497142857143,0.9543937142857144,0,1050.0
6,0,23,0,0,3.0,0.0034482758620689655,0.06847222149372101,0.9579948863636364,0.6420017045454546,0.9496204545454544,1,870.0
14,0,23,0,0,5.0,0.007072135785007072,0.08059027791023254,0.9595845714285716,0.6536731428571428,0.9767611428571428,1,707.0
22,1,23,0,0,5.0,0.006811989100817439,0.0,0.960858757062147,0.6334305084745763,0.9482943502824858,0,734.0
6,0,23,0,0,2.0,0.002183406113537118,0.0,0.9711568965517242,0.7715344827586208,0.9542132183908044,0,916.0
14,0,23,0,0,5.0,0.005555555555555556,0.0,0.9698011363636364,0.75509375,0.9680863636363636,0,900.0
22,1,23,0,0,4.0,0.004,0.0,0.9699949438202248,0.7404140449438202,0.9610904494382022,0,1000.0
6,0,23,0,1,2.0,0.002229654403567447,0.0,0.9694767045454546,0.7222562499999999,0.9522732954545454,0,897.0
14,0,23,0,1,2.0,0.0020554984583761563,0.0,0.970316384180791,0.7160909604519774,0.958379661016949,0,973.0
22,1,23,0,1,3.0,0.004213483146067416,0.0,0.9707780898876404,0.6486887640449438,0.9695876404494382,0,712.0
6,0,23,0,1,4.0,0.005610098176718092,0.0,0.9605514124293784,0.6269536723163842,0.9538604519774012,0,713.0
14,0,23,0,1,4.0,0.004651162790697674,0.0,0.961474431818182,0.6564625000000001,0.9428977272727272,0,860.0
22,1,23,0,1,3.0,0.0035169988276670576,0.0,0.9596569832402236,0.6435245810055866,0.9638513966480448,0,853.0
6,0,23,0,1,1.0,0.0009523809523809524,0.0,0.965764,0.7633297142857142,0.9598091428571428,0,1050.0
14,0,23,0,1,3.0,0.003076923076923077,0.0,0.961093220338983,0.7580553672316385,0.9796604519774011,0,975.0
22,1,23,0,1,4.0,0.004561003420752566,0.0,0.95955530726257,0.7858726256983241,0.97316312849162,0,877.0
6,0,23,0,2,3.0,0.003243243243243243,0.0,0.9684011363636364,0.7713215909090909,0.9683693181818182,0,925.0
14,0,23,0,2,2.0,0.0021141649048625794,0.0,0.9675180790960451,0.7758463276836158,0.9586621468926554,0,946.0
22,1,23,0,2,3.0,0.002857142857142857,0.09861110895872116,0.9660954545454546,0.7738732954545454,0.9695846590909092,1,1050.0
6,0,23,0,2,4.0,0.005578800557880056,0.0,0.9734926553672316,0.6269056497175142,0.955367231638418,0,717.0
14,0,23,0,2,3.0,0.003973509933774834,0.0,0.9717162921348316,0.6548410112359551,0.9551494382022472,0,755.0
22,1,23,0,2,2.0,0.0024154589371980675,0.0,0.9691514450867053,0.6074329479768786,0.9537063583815028,0,828.0
6,0,23,0,2,3.0,0.0037174721189591076,0.0,0.9558448863636364,0.7807528409090909,0.977555681818182,0,807.0
14,0,23,0,2,4.0,0.004296455424274973,0.0,0.959408,0.7887599999999999,0.9514285714285714,0,931.0
22,1,23,0,2,1.0,0.0009523809523809524,0.0,0.9592327485380115,0.7542111111111112,0.97113216374269,0,1050.0
6,0,23,0,3,3.0,0.005253940455341506,0.0,0.97625197740113,0.6071683615819209,0.9534841807909604,0,571.0
14,0,23,0,3,4.0,0.0050062578222778474,0.0,0.9750948863636364,0.5983465909090909,0.9623090909090908,0,799.0
22,1,23,0,3,3.0,0.0038314176245210726,0.0,0.9761469273743016,0.5908648044692737,0.9510592178770948,0,783.0
6,0,23,0,3,4.0,0.0045662100456621,0.0,0.9577932203389832,0.7727412429378532,0.9548954802259888,0,876.0
14,0,23,0,3,6.0,0.005714285714285714,0.0,0.9601118644067796,0.7691152542372881,0.9529186440677966,0,1050.0
22,1,23,0,3,3.0,0.0035714285714285713,0.025729166343808174,0.9582296511627908,0.8025308139534885,0.9455558139534884,1,840.0
6,0,23,0,3,3.0,0.0036231884057971015,0.0,0.970548275862069,0.7340936781609195,0.969635632183908,0,828.0
14,0,23,0,3,2.0,0.0020512820512820513,0.0,0.9679265536723164,0.677564406779661,0.9646892655367232,0,975.0
22,1,23,0,3,1.0,0.0010741138560687433,0.10709635447710752,0.9663485875706216,0.7424570621468926,0.9622666666666668,1,931.0
6,1,23,0,0,6.0,0.005714285714285714,0.0,0.9714869318181818,0.7811892045454545,0.9603221590909092,0,1050.0
14,1,23,0,0,2.0,0.0022271714922048997,0.0,0.9732103448275864,0.7720936781609196,0.9673367816091952,0,898.0
22,2,23,0,0,5.0,0.004868549172346641,0.0951041653752327,0.9726114285714286,0.7704497142857143,0.9543937142857144,1,1027.0
6,1,23,0,0,2.0,0.0025380710659898475,0.0,0.9579948863636364,0.6420017045454546,0.9496204545454544,0,788.0
14,1,23,0,0,4.0,0.00522875816993464,0.0,0.9595845714285716,0.6536731428571428,0.9767611428571428,0,765.0
22,2,23,0,0,4.0,0.005,0.0,0.960858757062147,0.6334305084745763,0.9482943502824858,0,800.0
6,1,23,0,0,2.0,0.0021231422505307855,0.0,0.9711568965517242,0.7715344827586208,0.9542132183908044,0,942.0
14,1,23,0,0,2.0,0.0019665683382497543,0.0,0.9698011363636364,0.75509375,0.9680863636363636,0,1017.0
22,2,23,0,0,7.0,0.00823529411764706,0.0,0.9699949438202248,0.7404140449438202,0.9610904494382022,0,850.0
6,1,23,0,1,3.0,0.0034602076124567475,0.0,0.9694767045454546,0.7222562499999999,0.9522732954545454,0,867.0
14,1,23,0,1,3.0,0.0029615004935834156,0.0,0.970316384180791,0.7160909604519774,0.958379661016949,0,1013.0
22,2,23,0,1,6.0,0.006042296072507553,0.0,0.9707780898876404,0.6486887640449438,0.9695876404494382,0,993.0
6,1,23,0,1,3.0,0.0053475935828877,0.0,0.9605514124293784,0.6269536723163842,0.9538604519774012,0,561.0
14,1,23,0,1,2.0,0.0026041666666666665,0.0,0.961474431818182,0.6564625000000001,0.9428977272727272,0,768.0
22,2,23,0,1,3.0,0.0036363636363636364,0.0,0.9596569832402236,0.6435245810055866,0.9638513966480448,0,825.0
6,1,23,0,1,5.0,0.005122950819672131,0.0,0.965764,0.7633297142857142,0.9598091428571428,0,976.0
14,1,23,0,1,5.0,0.004761904761904762,0.0,0.961093220338983,0.7580553672316385,0.9796604519774011,0,1050.0
22,2,23,0,1,3.0,0.0031479538300104933,0.0,0.95955530726257,0.7858726256983241,0.97316312849162,0,953.0
6,1,23,0,2,4.0,0.004214963119072708,0.10709635447710752,0.9684011363636364,0.7713215909090909,0.9683693181818182,1,949.0
14,1,23,0,2,4.0,0.0038095238095238095,0.043958332389593124,0.9675180790960451,0.7758463276836158,0.9586621468926554,1,1050.0
22,2,23,0,2,1.0,0.001287001287001287,0.10709635447710752,0.9660954545454546,0.7738732954545454,0.9695846590909092,1,777.0
6,1,23,0,2,6.0,0.007989347536617843,0.0,0.9734926553672316,0.6269056497175142,0.955367231638418,0,751.0
14,1,23,0,2,4.0,0.004866180048661801,0.0,0.9717162921348316,0.6548410112359551,0.9551494382022472,0,822.0
22,2,23,0,2,2.0,0.0027359781121751026,0.10709635447710752,0.9691514450867053,0.6074329479768786,0.9537063583815028,1,731.0
6,1,23,0,2,3.0,0.0031746031746031746,0.0,0.9558448863636364,0.7807528409090909,0.977555681818182,0,945.0
14,1,23,0,2,4.0,0.004081632653061225,0.0,0.959408,0.7887599999999999,0.9514285714285714,0,980.0
22,2,23,0,2,3.0,0.0030864197530864196,0.0,0.9592327485380115,0.7542111111111112,0.97113216374269,0,972.0
6,1,23,0,3,4.0,0.005509641873278237,0.0,0.97625197740113,0.6071683615819209,0.9534841807909604,0,726.0
14,1,23,0,3,4.0,0.004689331770222743,0.0,0.9750948863636364,0.5983465909090909,0.9623090909090908,0,853.0
22,2,23,0,3,4.0,0.00558659217877095,0.0,0.9761469273743016,0.5908648044692737,0.9510592178770948,0,716.0
6,1,23,0,3,4.0,0.0038095238095238095,0.023749999701976776,0.9577932203389832,0.7727412429378532,0.9548954802259888,1,1050.0
14,1,23,0,3,6.0,0.006362672322375398,0.025104166939854622,0.9601118644067796,0.7691152542372881,0.9529186440677966,1,943.0
22,2,23,0,3,1.0,0.0010193679918450561,0.0,0.9582296511627908,0.8025308139534885,0.9455558139534884,0,981.0
6,1,23,0,3,4.0,0.0047562425683709865,0.10709635447710752,0.970548275862069,0.7340936781609195,0.969635632183908,1,841.0
14,1,23,0,3,5.0,0.005387931034482759,0.10709635447710752,0.9679265536723164,0.677564406779661,0.9646892655367232,1,928.0
22,2,23,0,3,4.0,0.004362050163576881,0.0,0.9663485875706216,0.7424570621468926,0.9622666666666668,0,917.0
6,2,23,0,0,2.0,0.002053388090349076,0.04437499865889549,0.9714869318181818,0.7811892045454545,0.9603221590909092,1,974.0
14,2,23,0,0,6.0,0.0057859209257473485,0.05180555582046509,0.9732103448275864,0.7720936781609196,0.9673367816091952,1,1037.0
22,3,23,0,0,4.0,0.0041109969167523125,0.07795138657093048,0.9726114285714286,0.7704497142857143,0.9543937142857144,1,973.0
6,2,23,0,0,3.0,0.00392156862745098,0.0,0.9579948863636364,0.6420017045454546,0.9496204545454544,0,765.0
14,2,23,0,0,2.0,0.002962962962962963,0.0,0.9595845714285716,0.6536731428571428,0.9767611428571428,0,675.0
22,3,23,0,0,1.0,0.001488095238095238,0.0,0.960858757062147,0.6334305084745763,0.9482943502824858,0,672.0
6,2,23,0,0,5.0,0.005122950819672131,0.0,0.9711568965517242,0.7715344827586208,0.9542132183908044,0,976.0
14,2,23,0,0,6.0,0.006920415224913495,0.0,0.9698011363636364,0.75509375,0.9680863636363636,0,867.0
22,3,23,0,0,3.0,0.002857142857142857,0.07277777791023254,0.9699949438202248,0.7404140449438202,0.9610904494382022,1,1050.0
6,2,23,0,1,4.0,0.004469273743016759,0.0,0.9694767045454546,0.7222562499999999,0.9522732954545454,0,895.0
14,2,23,0,1,5.0,0.007331378299120235,0.0,0.970316384180791,0.7160909604519774,0.958379661016949,0,682.0
22,3,23,0,1,3.0,0.0033975084937712344,0.0,0.9707780898876404,0.6486887640449438,0.9695876404494382,0,883.0
6,2,23,0,1,2.0,0.00234192037470726,0.0,0.9605514124293784,0.6269536723163842,0.9538604519774012,0,854.0
14,2,23,0,1,2.0,0.0030303030303030303,0.0,0.961474431818182,0.6564625000000001,0.9428977272727272,0,660.0
22,3,23,0,1,3.0,0.004518072289156626,0.0,0.9596569832402236,0.6435245810055866,0.9638513966480448,0,664.0
6,2,23,0,1,5.0,0.004761904761904762,0.0,0.965764,0.7633297142857142,0.9598091428571428,0,1050.0
14,2,23,0,1,3.0,0.0031088082901554403,0.0,0.961093220338983,0.7580553672316385,0.9796604519774011,0,965.0
22,3,23,0,1,6.0,0.007058823529411765,0.07493055611848831,0.95955530726257,0.7858726256983241,0.97316312849162,1,850.0
6,2,23,0,2,4.0,0.003988035892323031,0.10709635447710752,0.9684011363636364,0.7713215909090909,0.9683693181818182,1,1003.0
14,2,23,0,2,3.0,0.0029182879377431907,0.10709635447710752,0.9675180790960451,0.7758463276836158,0.9586621468926554,1,1028.0
22,3,23,0,2,4.0,0.004197271773347324,0.0,0.9660954545454546,0.7738732954545454,0.9695846590909092,0,953.0
6,2,23,0,2,4.0,0.0055248618784530384,0.07229166477918625,0.9734926553672316,0.6269056497175142,0.955367231638418,1,724.0
14,2,23,0,2,3.0,0.004225352112676056,0.10709635447710752,0.9717162921348316,0.6548410112359551,0.9551494382022472,1,710.0
22,3,23,0,2,5.0,0.006377551020408163,0.0,0.9691514450867053,0.6074329479768786,0.9537063583815028,0,784.0
6,2,23,0,2,6.0,0.0057306590257879654,0.0,0.9558448863636364,0.7807528409090909,0.977555681818182,0,1047.0
14,2,23,0,2,5.0,0.004761904761904762,0.0,0.959408,0.7887599999999999,0.9514285714285714,0,1050.0
22,3,23,0,2,2.0,0.001951219512195122,0.0,0.9592327485380115,0.7542111111111112,0.97113216374269,0,1025.0
6,2,23,0,3,3.0,0.004291845493562232,0.0,0.97625197740113,0.6071683615819209,0.9534841807909604,0,699.0
14,2,23,0,3,5.0,0.007462686567164179,0.0,0.9750948863636364,0.5983465909090909,0.9623090909090908,0,670.0
22,3,23,0,3,6.0,0.010638297872340425,0.10402777791023254,0.9761469273743016,0.5908648044692737,0.9510592178770948,1,564.0
6,2,23,0,3,5.0,0.004761904761904762,0.0,0.9577932203389832,0.7727412429378532,0.9548954802259888,0,1050.0
14,2,23,0,3,3.0,0.002857142857142857,0.0,0.9601118644067796,0.7691152542372881,0.9529186440677966,0,1050.0
22,3,23,0,3,2.0,0.0023612750885478157,0.01406249962747097,0.9582296511627908,0.8025308139534885,0.9455558139534884,1,847.0
6,2,23,0,3,5.0,0.004784688995215311,0.0,0.970548275862069,0.7340936781609195,0.969635632183908,0,1045.0
14,2,23,0,3,5.0,0.006195786864931847,0.0,0.9679265536723164,0.677564406779661,0.9646892655367232,0,807.0
22,3,23,0,3,2.0,0.0021482277121374865,0.0,0.9663485875706216,0.7424570621468926,0.9622666666666668,0,931.0
6,3,23,0,0,6.0,0.0063025210084033615,0.10709635447710752,0.9714869318181818,0.7811892045454545,0.9603221590909092,1,952.0
14,3,23,0,0,5.0,0.005296610169491525,0.10709635447710752,0.9732103448275864,0.7720936781609196,0.9673367816091952,1,944.0
22,4,23,0,0,4.0,0.0038095238095238095,0.10709635447710752,0.9726114285714286,0.7704497142857143,0.9543937142857144,2,1050.0
6,3,23,0,0,4.0,0.005076142131979695,0.0,0.9579948863636364,0.6420017045454546,0.9496204545454544,0,788.0
14,3,23,0,0,4.0,0.005571030640668524,0.0,0.9595845714285716,0.6536731428571428,0.9767611428571428,0,718.0
22,4,23,0,0,3.0,0.004005340453938585,0.0,0.960858757062147,0.6334305084745763,0.9482943502824858,0,749.0
6,3,23,0,0,4.0,0.0038131553860819827,0.03975694626569748,0.9711568965517242,0.7715344827586208,0.9542132183908044,1,1049.0
14,3,23,0,0,4.0,0.003980099502487562,0.05763888731598854,0.9698011363636364,0.75509375,0.9680863636363636,1,1005.0
22,4,23,0,0,5.0,0.006313131313131313,0.0,0.9699949438202248,0.7404140449438202,0.9610904494382022,0,792.0
6,3,23,0,1,2.0,0.0024691358024691358,0.0,0.9694767045454546,0.7222562499999999,0.9522732954545454,0,810.0
14,3,23,0,1,6.0,0.006507592190889371,0.0,0.970316384180791,0.7160909604519774,0.958379661016949,0,922.0
22,4,23,0,1,4.0,0.004219409282700422,0.10709635447710752,0.9707780898876404,0.6486887640449438,0.9695876404494382,1,948.0
6,3,23,0,1,5.0,0.008319467554076539,0.0,0.9605514124293784,0.6269536723163842,0.9538604519774012,0,601.0
14,3,23,0,1,2.0,0.002936857562408223,0.0,0.961474431818182,0.6564625000000001,0.9428977272727272,0,681.0
22,4,23,0,1,5.0,0.0075528700906344415,0.10709635447710752,0.9596569832402236,0.6435245810055866,0.9638513966480448,1,662.0
6,3,23,0,1,2.0,0.0019047619047619048,0.09878472238779068,0.965764,0.7633297142857142,0.9598091428571428,1,1050.0
14,3,23,0,1,6.0,0.005714285714285714,0.09229166805744171,0.961093220338983,0.7580553672316385,0.9796604519774011,1,1050.0
22,4,23,0,1,2.0,0.002053388090349076,0.0,0.95955530726257,0.7858726256983241,0.97316312849162,0,974.0
6,3,23,0,2,5.0,0.005605381165919282,0.0,0.9684011363636364,0.7713215909090909,0.9683693181818182,0,892.0
14,3,23,0,2,2.0,0.0022002200220022,0.0,0.9675180790960451,0.7758463276836158,0.9586621468926554,0,909.0
22,4,23,0,2,4.0,0.003952569169960474,0.0,0.9660954545454546,0.7738732954545454,0.9695846590909092,0,1012.0
6,3,23,0,2,3.0,0.003484320557491289,0.0,0.9734926553672316,0.6269056497175142,0.955367231638418,0,861.0
14,3,23,0,2,3.0,0.004622496147919877,0.0,0.9717162921348316,0.6548410112359551,0.9551494382022472,0,649.0
22,4,23,0,2,3.0,0.004491017964071856,0.0,0.9691514450867053,0.6074329479768786,0.9537063583815028,0,668.0
6,3,23,0,2,6.0,0.005714285714285714,0.0,0.9558448863636364,0.7807528409090909,0.977555681818182,0,1050.0
14,3,23,0,2,4.0,0.004048582995951417,0.0,0.959408,0.7887599999999999,0.9514285714285714,0,988.0
22,4,23,0,2,5.0,0.005149330587023687,0.0,0.9592327485380115,0.7542111111111112,0.97113216374269,0,971.0
6,3,23,0,3,4.0,0.005571030640668524,0.10709635447710752,0.97625197740113,0.6071683615819209,0.9534841807909604,1,718.0
14,3,23,0,3,6.0,0.0076726342710997444,0.10709635447710752,0.9750948863636364,0.5983465909090909,0.9623090909090908,1,782.0
22,4,23,0,3,4.0,0.005148005148005148,0.0,0.9761469273743016,0.5908648044692737,0.9510592178770948,0,777.0
6,3,23,0,3,4.0,0.004489337822671156,0.016909722238779068,0.9577932203389832,0.7727412429378532,0.9548954802259888,1,891.0
14,3,23,0,3,2.0,0.002152852529601722,0.030173610895872116,0.9601118644067796,0.7691152542372881,0.9529186440677966,1,929.0
22,4,23,0,3,6.0,0.005714285714285714,0.04739583283662796,0.9582296511627908,0.8025308139534885,0.9455558139534884,1,1050.0
6,3,23,0,3,3.0,0.0035252643948296123,0.0,0.970548275862069,0.7340936781609195,0.969635632183908,0,851.0
14,3,23,0,3,4.0,0.004232804232804233,0.0,0.9679265536723164,0.677564406779661,0.9646892655367232,0,945.0
22,4,23,0,3,3.0,0.0037128712871287127,0.0,0.9663485875706216,0.7424570621468926,0.9622666666666668,0,808.0
6,4,23,0,0,4.0,0.0038095238095238095,0.10709635447710752,0.9714869318181818,0.7811892045454545,0.9603221590909092,2,1050.0
14,4,23,0,0,5.0,0.00562429696287964,0.10709635447710752,0.9732103448275864,0.7720936781609196,0.9673367816091952,2,889.0
22,5,23,1,0,2.0,0.0022497187851518562,0.03631944581866264,0.9726114285714286,0.7704497142857143,0.9543937142857144,1,889.0
6,4,23,0,0,3.0,0.0038560411311053984,0.0,0.9579948863636364,0.6420017045454546,0.9496204545454544,0,778.0
14,4,23,0,0,4.0,0.005128205128205128,0.0,0.9595845714285716,0.6536731428571428,0.9767611428571428,0,780.0
22,5,23,1,0,6.0,0.008583690987124463,0.10709635447710752,0.960858757062147,0.6334305084745763,0.9482943502824858,1,699.0
6,4,23,0,0,4.0,0.004944375772558714,0.0,0.9711568965517242,0.7715344827586208,0.9542132183908044,0,809.0
14,4,23,0,0,6.0,0.0065717415115005475,0.0,0.9698011363636364,0.75509375,0.9680863636363636,0,913.0
22,5,23,1,0,5.0,0.005128205128205128,0.0,0.9699949438202248,0.7404140449438202,0.9610904494382022,0,975.0
6,4,23,0,1,2.0,0.002457002457002457,0.10709635447710752,0.9694767045454546,0.7222562499999999,0.9522732954545454,1,814.0
14,4,23,0,1,5.0,0.005005005005005005,0.10709635447710752,0.970316384180791,0.7160909604519774,0.958379661016949,1,999.0
22,5,23,1,1,5.0,0.005945303210463734,0.0,0.9707780898876404,0.6486887640449438,0.9695876404494382,0,841.0
6,4,23,0,1,2.0,0.002631578947368421,0.10709635447710752,0.9605514124293784,0.6269536723163842,0.9538604519774012,1,760.0
14,4,23,0,1,2.0,0.0025157232704402514,0.10709635447710752,0.961474431818182,0.6564625000000001,0.9428977272727272,1,795.0
22,5,23,1,1,2.0,0.0025673940949935813,0.0,0.9596569832402236,0.6435245810055866,0.9638513966480448,0,779.0
6,4,23,0,1,5.0,0.004911591355599214,0.0,0.965764,0.7633297142857142,0.9598091428571428,0,1018.0
14,4,23,0,1,6.0,0.007281553398058253,0.0,0.961093220338983,0.7580553672316385,0.9796604519774011,0,824.0
22,5,23,1,1,5.0,0.005159958720330237,0.0,0.95955530726257,0.7858726256983241,0.97316312849162,0,969.0
6,4,23,0,2,5.0,0.004770992366412214,0.0,0.9684011363636364,0.7713215909090909,0.9683693181818182,0,1048.0
14,4,23,0,2,2.0,0.002026342451874367,0.0,0.9675180790960451,0.7758463276836158,0.9586621468926554,0,987.0
22,5,23,1,2,6.0,0.006289308176100629,0.0,0.9660954545454546,0.7738732954545454,0.9695846590909092,0,954.0
6,4,23,0,2,4.0,0.00461361014994233,0.0,0.9734926553672316,0.6269056497175142,0.955367231638418,0,867.0
14,4,23,0,2,4.0,0.005361930294906166,0.0,0.9717162921348316,0.6548410112359551,0.9551494382022472,0,746.0
22,5,23,1,2,4.0,0.0048134777376654635,0.022187499329447746,0.9691514450867053,0.6074329479768786,0.9537063583815028,1,831.0
6,4,23,0,2,3.0,0.002857142857142857,0.0,0.9558448863636364,0.7807528409090909,0.977555681818182,0,1050.0
14,4,23,0,2,3.0,0.002857142857142857,0.0,0.959408,0.7887599999999999,0.9514285714285714,0,1050.0
22,5,23,1,2,6.0,0.005714285714285714,0.0,0.9592327485380115,0.7542111111111112,0.97113216374269,0,1050.0
6,4,23,0,3,5.0,0.006631299734748011,0.0,0.97625197740113,0.6071683615819209,0.9534841807909604,0,754.0
14,4,23,0,3,5.0,0.00715307582260372,0.0,0.9750948863636364,0.5983465909090909,0.9623090909090908,0,699.0
22,5,23,1,3,6.0,0.00860832137733142,0.0,0.9761469273743016,0.5908648044692737,0.9510592178770948,0,697.0
6,4,23,0,3,6.0,0.006309148264984227,0.03322916850447655,0.9577932203389832,0.7727412429378532,0.9548954802259888,1,951.0
14,4,23,0,3,2.0,0.002074688796680498,0.06951388716697693,0.9601118644067796,0.7691152542372881,0.9529186440677966,1,964.0
22,5,23,1,3,4.0,0.0042643923240938165,0.0,0.9582296511627908,0.8025308139534885,0.9455558139534884,0,938.0
6,4,23,0,3,2.0,0.002012072434607646,0.0,0.970548275862069,0.7340936781609195,0.969635632183908,0,994.0
14,4,23,0,3,2.0,0.002380952380952381,0.0,0.9679265536723164,0.677564406779661,0.9646892655367232,0,840.0
22,5,23,1,3,5.0,0.005681818181818182,0.0,0.9663485875706216,0.7424570621468926,0.9622666666666668,0,880.0
6,5,23,1,0,2.0,0.0019047619047619048,0.028923610225319862,0.9714869318181818,0.7811892045454545,0.9603221590909092,1,1050.0
14,5,23,1,0,5.0,0.005,0.023645833134651184,0.9732103448275864,0.7720936781609196,0.9673367816091952,1,1000.0
22,6,23,1,0,5.0,0.005219206680584551,0.0,0.9726114285714286,0.7704497142857143,0.9543937142857144,0,958.0
6,5,23,1,0,6.0,0.007936507936507936,0.10709635447710752,0.9579948863636364,0.6420017045454546,0.9496204545454544,1,756.0
14,5,23,1,0,4.0,0.005277044854881266,0.10709635447710752,0.9595845714285716,0.6536731428571428,0.9767611428571428,1,758.0
22,6,23,1,0,3.0,0.004273504273504274,0.10709635447710752,0.960858757062147,0.6334305084745763,0.9482943502824858,1,702.0
14,5,23,1,0,2.0,0.002544529262086514,0.0,0.9698011363636364,0.75509375,0.9680863636363636,0,786.0
22,6,23,1,0,5.0,0.0053533190578158455,0.10709635447710752,0.9699949438202248,0.7404140449438202,0.9610904494382022,1,934.0
6,5,23,1,1,2.0,0.0023837902264600714,0.0,0.9694767045454546,0.7222562499999999,0.9522732954545454,0,839.0
14,5,23,1,1,5.0,0.006596306068601583,0.0,0.970316384180791,0.7160909604519774,0.958379661016949,0,758.0
22,6,23,1,1,2.0,0.0024630541871921183,0.0,0.9707780898876404,0.6486887640449438,0.9695876404494382,0,812.0
6,5,23,1,1,6.0,0.00881057268722467,0.0,0.9605514124293784,0.6269536723163842,0.9538604519774012,0,681.0
14,5,23,1,1,5.0,0.006165228113440197,0.0,0.961474431818182,0.6564625000000001,0.9428977272727272,0,811.0
22,6,23,1,1,5.0,0.006934812760055479,0.054131943732500076,0.9596569832402236,0.6435245810055866,0.9638513966480448,1,721.0
6,5,23,1,1,4.0,0.0038095238095238095,0.0,0.965764,0.7633297142857142,0.9598091428571428,0,1050.0
14,5,23,1,1,6.0,0.005714285714285714,0.0,0.961093220338983,0.7580553672316385,0.9796604519774011,0,1050.0
22,6,23,1,1,8.0,0.008714596949891068,0.0,0.95955530726257,0.7858726256983241,0.97316312849162,0,918.0
6,5,23,1,2,3.0,0.002857142857142857,0.0,0.9684011363636364,0.7713215909090909,0.9683693181818182,0,1050.0
14,5,23,1,2,3.0,0.003243243243243243,0.0,0.9675180790960451,0.7758463276836158,0.9586621468926554,0,925.0
22,6,23,1,2,1.0,0.0009523809523809524,0.0,0.9660954545454546,0.7738732954545454,0.9695846590909092,0,1050.0
6,5,23,1,2,3.0,0.004651162790697674,0.014375000260770321,0.9734926553672316,0.6269056497175142,0.955367231638418,1,645.0
14,5,23,1,2,3.0,0.0038119440914866584,0.012083332985639572,0.9717162921348316,0.6548410112359551,0.9551494382022472,1,787.0
22,6,23,1,2,1.0,0.0011587485515643105,0.06920138746500015,0.9691514450867053,0.6074329479768786,0.9537063583815028,1,863.0
6,5,23,1,2,3.0,0.0031446540880503146,0.0,0.9558448863636364,0.7807528409090909,0.977555681818182,0,954.0
14,5,23,1,2,3.0,0.002857142857142857,0.0,0.959408,0.7887599999999999,0.9514285714285714,0,1050.0
22,6,23,1,2,2.0,0.002061855670103093,0.0,0.9592327485380115,0.7542111111111112,0.97113216374269,0,970.0
6,5,23,1,3,4.0,0.005649717514124294,0.0,0.97625197740113,0.6071683615819209,0.9534841807909604,0,708.0
14,5,23,1,3,6.0,0.007853403141361256,0.0,0.9750948863636364,0.5983465909090909,0.9623090909090908,0,764.0
22,6,23,1,3,2.0,0.0030911901081916537,0.0,0.9761469273743016,0.5908648044692737,0.9510592178770948,0,647.0
6,5,23,1,3,2.0,0.0019047619047619048,0.0,0.9577932203389832,0.7727412429378532,0.9548954802259888,0,1050.0
14,5,23,1,3,6.0,0.005865102639296188,0.0,0.9601118644067796,0.7691152542372881,0.9529186440677966,0,1023.0
22,6,23,1,3,4.0,0.0038498556304138597,0.0,0.9582296511627908,0.8025308139534885,0.9455558139534884,0,1039.0
6,5,23,1,3,6.0,0.006928406466512702,0.0,0.970548275862069,0.7340936781609195,0.969635632183908,0,866.0
14,5,23,1,3,3.0,0.0035335689045936395,0.0,0.9679265536723164,0.677564406779661,0.9646892655367232,0,849.0
22,6,23,1,3,4.0,0.0038204393505253103,0.0,0.9663485875706216,0.7424570621468926,0.9622666666666668,0,1047.0
6,6,23,1,0,4.0,0.004602991944764097,0.0,0.9714869318181818,0.7811892045454545,0.9603221590909092,0,869.0
14,6,23,1,0,3.0,0.0029354207436399216,0.0,0.9732103448275864,0.7720936781609196,0.9673367816091952,0,1022.0
22,0,24,0,0,3.0,0.003033367037411527,0.0,0.9726114285714286,0.7704497142857143,0.9543937142857144,0,989.0
6,6,23,1,0,2.0,0.002635046113306983,0.0968402773141861,0.9579948863636364,0.6420017045454546,0.9496204545454544,1,759.0
22,0,24,0,0,4.0,0.004624277456647399,0.10709635447710752,0.960858757062147,0.6334305084745763,0.9482943502824858,3,865.0
6,6,23,1,0,6.0,0.006072874493927126,0.10709635447710752,0.9711568965517242,0.7715344827586208,0.9542132183908044,1,988.0
14,6,23,1,0,5.0,0.00499001996007984,0.10709635447710752,0.9698011363636364,0.75509375,0.9680863636363636,1,1002.0
22,0,24,0,0,2.0,0.0021413276231263384,0.0,0.9699949438202248,0.7404140449438202,0.9610904494382022,0,934.0
14,6,23,1,1,6.0,0.006772009029345372,0.0,0.970316384180791,0.7160909604519774,0.958379661016949,0,886.0
22,0,24,0,1,6.0,0.006389776357827476,0.0,0.9707780898876404,0.6486887640449438,0.9695876404494382,0,939.0
6,6,23,1,1,5.0,0.006954102920723227,0.050833333283662796,0.9605514124293784,0.6269536723163842,0.9538604519774012,1,719.0
14,6,23,1,1,6.0,0.009345794392523364,0.029270833358168602,0.961474431818182,0.6564625000000001,0.9428977272727272,1,642.0
22,0,24,0,1,4.0,0.005571030640668524,0.027638887986540794,0.9596569832402236,0.6435245810055866,0.9638513966480448,1,718.0
6,6,23,1,1,5.0,0.004826254826254826,0.0,0.965764,0.7633297142857142,0.9598091428571428,0,1036.0
14,6,23,1,1,6.0,0.006779661016949152,0.0,0.961093220338983,0.7580553672316385,0.9796604519774011,0,885.0
22,0,24,0,1,3.0,0.002857142857142857,0.0,0.95955530726257,0.7858726256983241,0.97316312849162,0,1050.0
6,6,23,1,2,5.0,0.004761904761904762,0.0,0.9684011363636364,0.7713215909090909,0.9683693181818182,0,1050.0
14,6,23,1,2,3.0,0.002857142857142857,0.0,0.9675180790960451,0.7758463276836158,0.9586621468926554,0,1050.0
22,0,24,0,2,6.0,0.005952380952380952,0.0,0.9660954545454546,0.7738732954545454,0.9695846590909092,0,1008.0
6,6,23,1,2,3.0,0.0047169811320754715,0.08354166895151138,0.9734926553672316,0.6269056497175142,0.955367231638418,1,636.0
14,6,23,1,2,2.0,0.0025412960609911056,0.04444444552063942,0.9717162921348316,0.6548410112359551,0.9551494382022472,1,787.0
6,6,23,1,2,5.0,0.004761904761904762,0.0,0.9558448863636364,0.7807528409090909,0.977555681818182,0,1050.0
14,6,23,1,2,4.0,0.003838771593090211,0.0,0.959408,0.7887599999999999,0.9514285714285714,0,1042.0
22,0,24,0,2,5.0,0.004807692307692308,0.021562499925494194,0.9592327485380115,0.7542111111111112,0.97113216374269,1,1040.0
6,6,23,1,3,6.0,0.008658008658008658,0.0,0.97625197740113,0.6071683615819209,0.9534841807909604,0,693.0
14,6,23,1,3,2.0,0.0035026269702276708,0.0,0.9750948863636364,0.5983465909090909,0.9623090909090908,0,571.0
6,6,23,1,3,3.0,0.002857142857142857,0.0,0.9577932203389832,0.7727412429378532,0.9548954802259888,0,1050.0
14,6,23,1,3,6.0,0.007481296758104738,0.0,0.9601118644067796,0.7691152542372881,0.9529186440677966,0,802.0
22,0,24,0,3,2.0,0.002028397565922921,0.10709635447710752,0.9582296511627908,0.8025308139534885,0.9455558139534884,2,986.0
6,6,23,1,3,4.0,0.00423728813559322,0.0,0.970548275862069,0.7340936781609195,0.969635632183908,0,944.0
14,6,23,1,3,5.0,0.005707762557077625,0.0,0.9679265536723164,0.677564406779661,0.9646892655367232,0,876.0
22,0,24,0,3,3.0,0.0033370411568409346,0.015104166232049465,0.9663485875706216,0.7424570621468926,0.9622666666666668,1,899.0
6,0,24,0,0,6.0,0.005714285714285714,0.0,0.9714869318181818,0.7811892045454545,0.9603221590909092,0,1050.0
14,0,24,0,0,3.0,0.0035211267605633804,0.0,0.9732103448275864,0.7720936781609196,0.9673367816091952,0,852.0
22,1,24,0,0,5.0,0.005422993492407809,0.0,0.9726114285714286,0.7704497142857143,0.9543937142857144,0,922.0
6,0,24,0,0,4.0,0.006289308176100629,0.10709635447710752,0.9579948863636364,0.6420017045454546,0.9496204545454544,3,636.0
14,0,24,0,0,4.0,0.004968944099378882,0.10709635447710752,0.9595845714285716,0.6536731428571428,0.9767611428571428,3,805.0
22,1,24,0,0,7.0,0.008526187576126675,0.0,0.960858757062147,0.6334305084745763,0.9482943502824858,0,821.0
6,0,24,0,0,4.0,0.004149377593360996,0.0,0.9711568965517242,0.7715344827586208,0.9542132183908044,0,964.0
14,0,24,0,0,4.0,0.004395604395604396,0.0,0.9698011363636364,0.75509375,0.9680863636363636,0,910.0
22,1,24,0,0,3.0,0.0030706243602865915,0.0,0.9699949438202248,0.7404140449438202,0.9610904494382022,0,977.0
6,0,24,0,1,2.0,0.002171552660152009,0.0,0.9694767045454546,0.7222562499999999,0.9522732954545454,0,921.0
14,0,24,0,1,2.0,0.0025940337224383916,0.0,0.970316384180791,0.7160909604519774,0.958379661016949,0,771.0
22,1,24,0,1,6.0,0.006185567010309278,0.0,0.9707780898876404,0.6486887640449438,0.9695876404494382,0,970.0
6,0,24,0,1,6.0,0.00823045267489712,0.04715277627110481,0.9605514124293784,0.6269536723163842,0.9538604519774012,1,729.0
14,0,24,0,1,3.0,0.004629629629629629,0.0460069440305233,0.961474431818182,0.6564625000000001,0.9428977272727272,1,648.0
22,1,24,0,1,3.0,0.004207573632538569,0.0,0.9596569832402236,0.6435245810055866,0.9638513966480448,0,713.0
6,0,24,0,1,2.0,0.002026342451874367,0.0,0.965764,0.7633297142857142,0.9598091428571428,0,987.0
14,0,24,0,1,2.0,0.0021390374331550803,0.0,0.961093220338983,0.7580553672316385,0.9796604519774011,0,935.0
22,1,24,0,1,5.0,0.004761904761904762,0.0,0.95955530726257,0.7858726256983241,0.97316312849162,0,1050.0
6,0,24,0,2,4.0,0.0038095238095238095,0.0,0.9684011363636364,0.7713215909090909,0.9683693181818182,0,1050.0
14,0,24,0,2,2.0,0.0020512820512820513,0.0,0.9675180790960451,0.7758463276836158,0.9586621468926554,0,975.0
22,1,24,0,2,4.0,0.004790419161676647,0.10709635447710752,0.9660954545454546,0.7738732954545454,0.9695846590909092,1,835.0
6,0,24,0,2,5.0,0.005980861244019139,0.0,0.9734926553672316,0.6269056497175142,0.955367231638418,0,836.0
14,0,24,0,2,5.0,0.0075075075075075074,0.0,0.9717162921348316,0.6548410112359551,0.9551494382022472,0,666.0
22,1,24,0,2,4.0,0.005333333333333333,0.0,0.9691514450867053,0.6074329479768786,0.9537063583815028,0,750.0
6,0,24,0,2,3.0,0.0029069767441860465,0.025138888508081436,0.9558448863636364,0.7807528409090909,0.977555681818182,1,1032.0
14,0,24,0,2,3.0,0.003121748178980229,0.009687500074505806,0.959408,0.7887599999999999,0.9514285714285714,1,961.0
22,1,24,0,2,6.0,0.005714285714285714,0.10709635447710752,0.9592327485380115,0.7542111111111112,0.97113216374269,2,1050.0
6,0,24,0,3,2.0,0.0027548209366391185,0.0,0.97625197740113,0.6071683615819209,0.9534841807909604,0,726.0
14,0,24,0,3,3.0,0.004545454545454545,0.0,0.9750948863636364,0.5983465909090909,0.9623090909090908,0,660.0
22,1,24,0,3,3.0,0.003875968992248062,0.10709635447710752,0.9761469273743016,0.5908648044692737,0.9510592178770948,2,774.0
6,0,24,0,3,3.0,0.002857142857142857,0.10709635447710752,0.9577932203389832,0.7727412429378532,0.9548954802259888,2,1050.0
14,0,24,0,3,5.0,0.004761904761904762,0.10709635447710752,0.9601118644067796,0.7691152542372881,0.9529186440677966,2,1050.0
22,1,24,0,3,5.0,0.005611672278338945,0.0,0.9582296511627908,0.8025308139534885,0.9455558139534884,0,891.0
6,0,24,0,3,2.0,0.0022271714922048997,0.016736110672354698,0.970548275862069,0.7340936781609195,0.969635632183908,1,898.0
14,0,24,0,3,4.0,0.003996003996003996,0.008368055336177349,0.9679265536723164,0.677564406779661,0.9646892655367232,1,1001.0
22,1,24,0,3,1.0,0.0010799136069114472,0.10709635447710752,0.9663485875706216,0.7424570621468926,0.9622666666666668,1,926.0
6,1,24,0,0,3.0,0.0036363636363636364,0.0,0.9714869318181818,0.7811892045454545,0.9603221590909092,0,825.0
14,1,24,0,0,3.0,0.002857142857142857,0.0,0.9732103448275864,0.7720936781609196,0.9673367816091952,0,1050.0
22,2,24,0,0,0.0,0.0,0.0,0.9726114285714286,0.7704497142857143,0.9543937142857144,0,847.0
6,1,24,0,0,6.0,0.007792207792207792,0.0,0.9579948863636364,0.6420017045454546,0.9496204545454544,0,770.0
14,1,24,0,0,3.0,0.004098360655737705,0.0,0.9595845714285716,0.6536731428571428,0.9767611428571428,0,732.0
22,2,24,0,0,4.0,0.004914004914004914,0.10709635447710752,0.960858757062147,0.6334305084745763,0.9482943502824858,1,814.0
6,1,24,0,0,5.0,0.005701254275940707,0.0,0.9711568965517242,0.7715344827586208,0.9542132183908044,0,877.0
14,1,24,0,0,4.0,0.004153686396677051,0.0,0.9698011363636364,0.75509375,0.9680863636363636,0,963.0
22,2,24,0,0,5.0,0.005506607929515419,0.0,0.9699949438202248,0.7404140449438202,0.9610904494382022,0,908.0
6,1,24,0,1,3.0,0.003329633740288568,0.0,0.9694767045454546,0.7222562499999999,0.9522732954545454,0,901.0
14,1,24,0,1,2.0,0.002372479240806643,0.0,0.970316384180791,0.7160909604519774,0.958379661016949,0,843.0
22,2,24,0,1,5.0,0.006747638326585695,0.09590277820825577,0.9707780898876404,0.6486887640449438,0.9695876404494382,2,741.0
6,1,24,0,1,4.0,0.006872852233676976,0.0,0.9605514124293784,0.6269536723163842,0.9538604519774012,0,582.0
14,1,24,0,1,3.0,0.004457652303120356,0.0,0.961474431818182,0.6564625000000001,0.9428977272727272,0,673.0
22,2,24,0,1,7.0,0.009259259259259259,0.06100694462656975,0.9596569832402236,0.6435245810055866,0.9638513966480448,1,756.0
6,1,24,0,1,6.0,0.006243496357960458,0.0,0.965764,0.7633297142857142,0.9598091428571428,0,961.0
14,1,24,0,1,4.0,0.0038095238095238095,0.0,0.961093220338983,0.7580553672316385,0.9796604519774011,0,1050.0
22,2,24,0,1,4.0,0.0048134777376654635,0.09017360955476761,0.95955530726257,0.7858726256983241,0.97316312849162,1,831.0
6,1,24,0,2,5.0,0.00536480686695279,0.10709635447710752,0.9684011363636364,0.7713215909090909,0.9683693181818182,1,932.0
14,1,24,0,2,3.0,0.002857142857142857,0.10709635447710752,0.9675180790960451,0.7758463276836158,0.9586621468926554,1,1050.0
22,2,24,0,2,4.0,0.0038910505836575876,0.10709635447710752,0.9660954545454546,0.7738732954545454,0.9695846590909092,1,1028.0
6,1,24,0,2,3.0,0.004901960784313725,0.0,0.9734926553672316,0.6269056497175142,0.955367231638418,0,612.0
14,1,24,0,2,2.0,0.002157497303128371,0.0,0.9717162921348316,0.6548410112359551,0.9551494382022472,0,927.0
22,2,24,0,2,4.0,0.005594405594405594,0.05805555731058121,0.9691514450867053,0.6074329479768786,0.9537063583815028,1,715.0
6,1,24,0,2,5.0,0.005291005291005291,0.10709635447710752,0.9558448863636364,0.7807528409090909,0.977555681818182,2,945.0
14,1,24,0,2,2.0,0.0022271714922048997,0.10709635447710752,0.959408,0.7887599999999999,0.9514285714285714,2,898.0
22,2,24,0,2,4.0,0.0038095238095238095,0.10709635447710752,0.9592327485380115,0.7542111111111112,0.97113216374269,1,1050.0
6,1,24,0,3,6.0,0.009375,0.10709635447710752,0.97625197740113,0.6071683615819209,0.9534841807909604,2,640.0
14,1,24,0,3,6.0,0.009375,0.10709635447710752,0.9750948863636364,0.5983465909090909,0.9623090909090908,2,640.0
22,2,24,0,3,2.0,0.0032,0.03524305671453476,0.9761469273743016,0.5908648044692737,0.9510592178770948,1,625.0
6,1,24,0,3,4.0,0.004700352526439483,0.0,0.9577932203389832,0.7727412429378532,0.9548954802259888,0,851.0
14,1,24,0,3,2.0,0.0021164021164021165,0.0,0.9601118644067796,0.7691152542372881,0.9529186440677966,0,945.0
22,2,24,0,3,5.0,0.0051440329218107,0.0,0.9582296511627908,0.8025308139534885,0.9455558139534884,0,972.0
6,1,24,0,3,4.0,0.004711425206124852,0.10708333551883698,0.970548275862069,0.7340936781609195,0.969635632183908,1,849.0
14,1,24,0,3,4.0,0.004343105320304018,0.10709635447710752,0.9679265536723164,0.677564406779661,0.9646892655367232,1,921.0
22,2,24,0,3,4.0,0.004424778761061947,0.0,0.9663485875706216,0.7424570621468926,0.9622666666666668,0,904.0
6,2,24,0,0,4.0,0.0038095238095238095,0.0,0.9714869318181818,0.7811892045454545,0.9603221590909092,0,1050.0
14,2,24,0,0,2.0,0.0019047619047619048,0.0,0.9732103448275864,0.7720936781609196,0.9673367816091952,0,1050.0
22,3,24,0,0,3.0,0.0028846153846153848,0.0,0.9726114285714286,0.7704497142857143,0.9543937142857144,0,1040.0
6,2,24,0,0,5.0,0.006711409395973154,0.10709635447710752,0.9579948863636364,0.6420017045454546,0.9496204545454544,1,745.0
14,2,24,0,0,6.0,0.009022556390977444,0.10709635447710752,0.9595845714285716,0.6536731428571428,0.9767611428571428,1,665.0
22,3,24,0,0,4.0,0.004555808656036446,0.0,0.960858757062147,0.6334305084745763,0.9482943502824858,0,878.0
6,2,24,0,0,4.0,0.004338394793926247,0.0,0.9711568965517242,0.7715344827586208,0.9542132183908044,0,922.0
14,2,24,0,0,4.0,0.0042643923240938165,0.0,0.9698011363636364,0.75509375,0.9680863636363636,0,938.0
22,3,24,0,0,2.0,0.002098635886673662,0.0,0.9699949438202248,0.7404140449438202,0.9610904494382022,0,953.0
6,2,24,0,1,3.0,0.0029585798816568047,0.05590277910232544,0.9694767045454546,0.7222562499999999,0.9522732954545454,2,1014.0
14,2,24,0,1,6.0,0.0071090047393364926,0.09725694358348846,0.970316384180791,0.7160909604519774,0.958379661016949,2,844.0
22,3,24,0,1,5.0,0.006105006105006105,0.0,0.9707780898876404,0.6486887640449438,0.9695876404494382,0,819.0
6,2,24,0,1,3.0,0.0037128712871287127,0.04958333447575569,0.9605514124293784,0.6269536723163842,0.9538604519774012,1,808.0
14,2,24,0,1,4.0,0.0062402496099844,0.0676041692495346,0.961474431818182,0.6564625000000001,0.9428977272727272,1,641.0
22,3,24,0,1,4.0,0.004830917874396135,0.0,0.9596569832402236,0.6435245810055866,0.9638513966480448,0,828.0
6,2,24,0,1,2.0,0.001951219512195122,0.10709635447710752,0.965764,0.7633297142857142,0.9598091428571428,1,1025.0
14,2,24,0,1,3.0,0.002857142857142857,0.0864236131310463,0.961093220338983,0.7580553672316385,0.9796604519774011,1,1050.0
22,3,24,0,1,6.0,0.006666666666666667,0.027465278282761574,0.95955530726257,0.7858726256983241,0.97316312849162,1,900.0
6,2,24,0,2,5.0,0.0053705692803437165,0.0777430534362793,0.9684011363636364,0.7713215909090909,0.9683693181818182,1,931.0
14,2,24,0,2,3.0,0.0029585798816568047,0.0706944465637207,0.9675180790960451,0.7758463276836158,0.9586621468926554,1,1014.0
22,3,24,0,2,2.0,0.0020964360587002098,0.0,0.9660954545454546,0.7738732954545454,0.9695846590909092,0,954.0
6,2,24,0,2,2.0,0.0024752475247524753,0.10709635447710752,0.9734926553672316,0.6269056497175142,0.955367231638418,1,808.0
14,2,24,0,2,4.0,0.005095541401273885,0.10319444537162781,0.9717162921348316,0.6548410112359551,0.9551494382022472,1,785.0
22,3,24,0,2,3.0,0.0034403669724770644,0.0,0.9691514450867053,0.6074329479768786,0.9537063583815028,0,872.0
6,2,24,0,2,4.0,0.004036326942482341,0.10709635447710752,0.9558448863636364,0.7807528409090909,0.977555681818182,1,991.0
14,2,24,0,2,4.0,0.003992015968063872,0.09312500059604645,0.959408,0.7887599999999999,0.9514285714285714,1,1002.0
22,3,24,0,2,4.0,0.00398406374501992,0.055694445967674255,0.9592327485380115,0.7542111111111112,0.97113216374269,1,1004.0
6,2,24,0,3,3.0,0.004497751124437781,0.03413194417953491,0.97625197740113,0.6071683615819209,0.9534841807909604,1,667.0
14,2,24,0,3,5.0,0.008025682182985553,0.026006944477558136,0.9750948863636364,0.5983465909090909,0.9623090909090908,1,623.0
22,3,24,0,3,3.0,0.0048543689320388345,0.0,0.9761469273743016,0.5908648044692737,0.9510592178770948,0,618.0
6,2,24,0,3,4.0,0.004219409282700422,0.0,0.9577932203389832,0.7727412429378532,0.9548954802259888,0,948.0
14,2,24,0,3,3.0,0.002967359050445104,0.0,0.9601118644067796,0.7691152542372881,0.9529186440677966,0,1011.0
22,3,24,0,3,4.0,0.003968253968253968,0.10709635447710752,0.9582296511627908,0.8025308139534885,0.9455558139534884,1,1008.0
6,2,24,0,3,6.0,0.007177033492822967,0.0,0.970548275862069,0.7340936781609195,0.969635632183908,0,836.0
14,2,24,0,3,4.0,0.0041025641025641026,0.0,0.9679265536723164,0.677564406779661,0.9646892655367232,0,975.0
22,3,24,0,3,3.0,0.003121748178980229,0.0,0.9663485875706216,0.7424570621468926,0.9622666666666668,0,961.0
6,3,24,0,0,5.0,0.005488474204171241,0.0,0.9714869318181818,0.7811892045454545,0.9603221590909092,0,911.0
14,3,24,0,0,4.0,0.004056795131845842,0.0,0.9732103448275864,0.7720936781609196,0.9673367816091952,0,986.0
22,4,24,0,0,3.0,0.002857142857142857,0.026180556043982506,0.9726114285714286,0.7704497142857143,0.9543937142857144,1,1050.0
6,3,24,0,0,4.0,0.0049382716049382715,0.0,0.9579948863636364,0.6420017045454546,0.9496204545454544,0,810.0
14,3,24,0,0,3.0,0.003579952267303103,0.0,0.9595845714285716,0.6536731428571428,0.9767611428571428,0,838.0
22,4,24,0,0,3.0,0.0038314176245210726,0.013611110858619213,0.960858757062147,0.6334305084745763,0.9482943502824858,1,783.0
6,3,24,0,0,6.0,0.006674082313681869,0.0,0.9711568965517242,0.7715344827586208,0.9542132183908044,0,899.0
14,3,24,0,0,5.0,0.005506607929515419,0.0,0.9698011363636364,0.75509375,0.9680863636363636,0,908.0
22,4,24,0,0,3.0,0.002944062806673209,0.0,0.9699949438202248,0.7404140449438202,0.9610904494382022,0,1019.0
6,3,24,0,1,2.0,0.0022624434389140274,0.0,0.9694767045454546,0.7222562499999999,0.9522732954545454,0,884.0
14,3,24,0,1,2.0,0.0024968789013732834,0.0,0.970316384180791,0.7160909604519774,0.958379661016949,0,801.0
22,4,24,0,1,3.0,0.0034883720930232558,0.0,0.9707780898876404,0.6486887640449438,0.9695876404494382,0,860.0
6,3,24,0,1,2.0,0.003395585738539898,0.0,0.9605514124293784,0.6269536723163842,0.9538604519774012,0,589.0
14,3,24,0,1,1.0,0.0015503875968992248,0.0,0.961474431818182,0.6564625000000001,0.9428977272727272,0,645.0
22,4,24,0,1,3.0,0.00487012987012987,0.0,0.9596569832402236,0.6435245810055866,0.9638513966480448,0,616.0
6,3,24,0,1,2.0,0.0020408163265306124,0.021909723058342934,0.965764,0.7633297142857142,0.9598091428571428,1,980.0
14,3,24,0,1,3.0,0.003926701570680628,0.056388888508081436,0.961093220338983,0.7580553672316385,0.9796604519774011,1,764.0
22,4,24,0,1,5.0,0.0051813471502590676,0.07093749940395355,0.95955530726257,0.7858726256983241,0.97316312849162,1,965.0
6,3,24,0,2,6.0,0.0064794816414686825,0.0,0.9684011363636364,0.7713215909090909,0.9683693181818182,0,926.0
14,3,24,0,2,2.0,0.0019047619047619048,0.0,0.9675180790960451,0.7758463276836158,0.9586621468926554,0,1050.0
22,4,24,0,2,4.0,0.005037783375314861,0.0,0.9660954545454546,0.7738732954545454,0.9695846590909092,0,794.0
6,3,24,0,2,5.0,0.006793478260869565,0.0,0.9734926553672316,0.6269056497175142,0.955367231638418,0,736.0
14,3,24,0,2,3.0,0.0036719706242350062,0.0,0.9717162921348316,0.6548410112359551,0.9551494382022472,0,817.0
22,4,24,0,2,2.0,0.0029542097488921715,0.0,0.9691514450867053,0.6074329479768786,0.9537063583815028,0,677.0
6,3,24,0,2,5.0,0.005341880341880342,0.07055555284023285,0.9558448863636364,0.7807528409090909,0.977555681818182,1,936.0
14,3,24,0,2,6.0,0.006521739130434782,0.04270833358168602,0.959408,0.7887599999999999,0.9514285714285714,1,920.0
22,4,24,0,2,5.0,0.004761904761904762,0.0,0.9592327485380115,0.7542111111111112,0.97113216374269,0,1050.0
6,3,24,0,3,5.0,0.0068775790921595595,0.0,0.97625197740113,0.6071683615819209,0.9534841807909604,0,727.0
14,3,24,0,3,5.0,0.0066844919786096255,0.0,0.9750948863636364,0.5983465909090909,0.9623090909090908,0,748.0
22,4,24,0,3,1.0,0.001303780964797914,0.0,0.9761469273743016,0.5908648044692737,0.9510592178770948,0,767.0
6,3,24,0,3,2.0,0.0022935779816513763,0.10709635447710752,0.9577932203389832,0.7727412429378532,0.9548954802259888,1,872.0
14,3,24,0,3,3.0,0.0031545741324921135,0.10709635447710752,0.9601118644067796,0.7691152542372881,0.9529186440677966,1,951.0
22,4,24,0,3,6.0,0.005714285714285714,0.0,0.9582296511627908,0.8025308139534885,0.9455558139534884,0,1050.0
6,3,24,0,3,3.0,0.0032679738562091504,0.0,0.970548275862069,0.7340936781609195,0.969635632183908,0,918.0
14,3,24,0,3,3.0,0.003468208092485549,0.0,0.9679265536723164,0.677564406779661,0.9646892655367232,0,865.0
22,4,24,0,3,2.0,0.002317497103128621,0.0,0.9663485875706216,0.7424570621468926,0.9622666666666668,0,863.0
6,4,24,0,0,3.0,0.003436426116838488,0.026284722611308098,0.9714869318181818,0.7811892045454545,0.9603221590909092,1,873.0
14,4,24,0,0,2.0,0.002107481559536354,0.025833332911133766,0.9732103448275864,0.7720936781609196,0.9673367816091952,1,949.0
22,5,24,1,0,4.0,0.0038095238095238095,0.0,0.9726114285714286,0.7704497142857143,0.9543937142857144,0,1050.0
6,4,24,0,0,2.0,0.0024125452352231603,0.018020832911133766,0.9579948863636364,0.6420017045454546,0.9496204545454544,1,829.0
14,4,24,0,0,2.0,0.0024968789013732834,0.019722221419215202,0.9595845714285716,0.6536731428571428,0.9767611428571428,1,801.0
22,5,24,1,0,3.0,0.003911342894393742,0.10709635447710752,0.960858757062147,0.6334305084745763,0.9482943502824858,1,767.0
6,4,24,0,0,3.0,0.00322234156820623,0.0,0.9711568965517242,0.7715344827586208,0.9542132183908044,0,931.0
14,4,24,0,0,6.0,0.007416563658838072,0.0,0.9698011363636364,0.75509375,0.9680863636363636,0,809.0
22,5,24,1,0,1.0,0.0010787486515641855,0.0,0.9699949438202248,0.7404140449438202,0.9610904494382022,0,927.0
6,4,24,0,1,5.0,0.005165289256198347,0.0,0.9694767045454546,0.7222562499999999,0.9522732954545454,0,968.0
14,4,24,0,1,3.0,0.003205128205128205,0.0,0.970316384180791,0.7160909604519774,0.958379661016949,0,936.0
22,5,24,1,1,4.0,0.005502063273727648,0.0,0.9707780898876404,0.6486887640449438,0.9695876404494382,0,727.0
6,4,24,0,1,3.0,0.004243281471004243,0.0,0.9605514124293784,0.6269536723163842,0.9538604519774012,0,707.0
14,4,24,0,1,2.0,0.0028735632183908046,0.0,0.961474431818182,0.6564625000000001,0.9428977272727272,0,696.0
22,5,24,1,1,3.0,0.004285714285714286,0.053090278059244156,0.9596569832402236,0.6435245810055866,0.9638513966480448,1,700.0
6,4,24,0,1,4.0,0.0040650406504065045,0.0381944440305233,0.965764,0.7633297142857142,0.9598091428571428,1,984.0
14,4,24,0,1,2.0,0.0019047619047619048,0.0373263880610466,0.961093220338983,0.7580553672316385,0.9796604519774011,1,1050.0
22,5,24,1,1,2.0,0.0019047619047619048,0.10709635447710752,0.95955530726257,0.7858726256983241,0.97316312849162,1,1050.0
6,4,24,0,2,3.0,0.0028957528957528956,0.0,0.9684011363636364,0.7713215909090909,0.9683693181818182,0,1036.0
14,4,24,0,2,5.0,0.0050200803212851405,0.0,0.9675180790960451,0.7758463276836158,0.9586621468926554,0,996.0
22,5,24,1,2,1.0,0.0010683760683760685,0.0,0.9660954545454546,0.7738732954545454,0.9695846590909092,0,936.0
6,4,24,0,2,2.0,0.0024600246002460025,0.0,0.9734926553672316,0.6269056497175142,0.955367231638418,0,813.0
14,4,24,0,2,6.0,0.007692307692307693,0.0,0.9717162921348316,0.6548410112359551,0.9551494382022472,0,780.0
22,5,24,1,2,2.0,0.0028735632183908046,0.0,0.9691514450867053,0.6074329479768786,0.9537063583815028,0,696.0
6,4,24,0,2,6.0,0.005940594059405941,0.0,0.9558448863636364,0.7807528409090909,0.977555681818182,0,1010.0
14,4,24,0,2,6.0,0.005714285714285714,0.0,0.959408,0.7887599999999999,0.9514285714285714,0,1050.0
22,5,24,1,2,4.0,0.0038424591738712775,0.035972222685813904,0.9592327485380115,0.7542111111111112,0.97113216374269,1,1041.0
6,4,24,0,3,3.0,0.0050335570469798654,0.0,0.97625197740113,0.6071683615819209,0.9534841807909604,0,596.0
14,4,24,0,3,5.0,0.006501950585175552,0.0,0.9750948863636364,0.5983465909090909,0.9623090909090908,0,769.0
22,5,24,1,3,3.0,0.004207573632538569,0.051423609256744385,0.9761469273743016,0.5908648044692737,0.9510592178770948,2,713.0
6,4,24,0,3,5.0,0.00536480686695279,0.0,0.9577932203389832,0.7727412429378532,0.9548954802259888,0,932.0
14,4,24,0,3,1.0,0.0010559662090813093,0.0,0.9601118644067796,0.7691152542372881,0.9529186440677966,0,947.0
22,5,24,1,3,6.0,0.007509386733416771,0.0,0.9582296511627908,0.8025308139534885,0.9455558139534884,0,799.0
6,4,24,0,3,4.0,0.005284015852047556,0.0,0.970548275862069,0.7340936781609195,0.969635632183908,0,757.0
14,4,24,0,3,3.0,0.004155124653739612,0.0,0.9679265536723164,0.677564406779661,0.9646892655367232,0,722.0
22,5,24,1,3,6.0,0.006382978723404255,0.035798609256744385,0.9663485875706216,0.7424570621468926,0.9622666666666668,1,940.0
6,5,24,1,0,6.0,0.005714285714285714,0.0,0.9714869318181818,0.7811892045454545,0.9603221590909092,0,1050.0
14,5,24,1,0,4.0,0.004268943436499467,0.0,0.9732103448275864,0.7720936781609196,0.9673367816091952,0,937.0
22,6,24,1,0,3.0,0.003015075376884422,0.0,0.9726114285714286,0.7704497142857143,0.9543937142857144,0,995.0
6,5,24,1,0,2.0,0.002680965147453083,0.10709635447710752,0.9579948863636364,0.6420017045454546,0.9496204545454544,1,746.0
14,5,24,1,0,2.0,0.0030120481927710845,0.09986110776662827,0.9595845714285716,0.6536731428571428,0.9767611428571428,1,664.0
22,6,24,1,0,5.0,0.007122507122507123,0.0,0.960858757062147,0.6334305084745763,0.9482943502824858,0,702.0
6,5,24,1,0,2.0,0.00199203187250996,0.0,0.9711568965517242,0.7715344827586208,0.9542132183908044,0,1004.0
6,5,24,1,1,3.0,0.0035971223021582736,0.0,0.9694767045454546,0.7222562499999999,0.9522732954545454,0,834.0
14,5,24,1,1,5.0,0.006476683937823834,0.0,0.970316384180791,0.7160909604519774,0.958379661016949,0,772.0
22,6,24,1,1,4.0,0.004259850905218318,0.0,0.9707780898876404,0.6486887640449438,0.9695876404494382,0,939.0
6,5,24,1,1,5.0,0.007122507122507123,0.030763888731598854,0.9605514124293784,0.6269536723163842,0.9538604519774012,1,702.0
14,5,24,1,1,4.0,0.005249343832020997,0.06652777642011642,0.961474431818182,0.6564625000000001,0.9428977272727272,1,762.0
22,6,24,1,1,4.0,0.005788712011577424,0.10709635447710752,0.9596569832402236,0.6435245810055866,0.9638513966480448,1,691.0
6,5,24,1,1,3.0,0.0034602076124567475,0.10709635447710752,0.965764,0.7633297142857142,0.9598091428571428,1,867.0
14,5,24,1,1,6.0,0.005893909626719057,0.10709635447710752,0.961093220338983,0.7580553672316385,0.9796604519774011,1,1018.0
22,6,24,1,1,4.0,0.0038095238095238095,0.0,0.95955530726257,0.7858726256983241,0.97316312849162,0,1050.0
6,5,24,1,2,6.0,0.005714285714285714,0.0,0.9684011363636364,0.7713215909090909,0.9683693181818182,0,1050.0
14,5,24,1,2,4.0,0.003827751196172249,0.0,0.9675180790960451,0.7758463276836158,0.9586621468926554,0,1045.0
22,6,24,1,2,3.0,0.002857142857142857,0.0,0.9660954545454546,0.7738732954545454,0.9695846590909092,0,1050.0
6,5,24,1,2,3.0,0.003605769230769231,0.0,0.9734926553672316,0.6269056497175142,0.955367231638418,0,832.0
14,5,24,1,2,5.0,0.006830601092896175,0.0,0.9717162921348316,0.6548410112359551,0.9551494382022472,0,732.0
22,6,24,1,2,4.0,0.0044742729306487695,0.0,0.9691514450867053,0.6074329479768786,0.9537063583815028,0,894.0
6,5,24,1,2,2.0,0.0020491803278688526,0.034583333879709244,0.9558448863636364,0.7807528409090909,0.977555681818182,1,976.0
14,5,24,1,2,3.0,0.0039946737683089215,0.023472221568226814,0.959408,0.7887599999999999,0.9514285714285714,1,751.0
22,6,24,1,2,2.0,0.002026342451874367,0.0,0.9592327485380115,0.7542111111111112,0.97113216374269,0,987.0
14,5,24,1,3,3.0,0.004934210526315789,0.03427083417773247,0.9750948863636364,0.5983465909090909,0.9623090909090908,2,608.0
22,6,24,1,3,3.0,0.0035169988276670576,0.0,0.9761469273743016,0.5908648044692737,0.9510592178770948,0,853.0
6,5,24,1,3,2.0,0.001949317738791423,0.0,0.9577932203389832,0.7727412429378532,0.9548954802259888,0,1026.0
14,5,24,1,3,2.0,0.0020304568527918783,0.0,0.9601118644067796,0.7691152542372881,0.9529186440677966,0,985.0
22,6,24,1,3,4.0,0.004678362573099415,0.0,0.9582296511627908,0.8025308139534885,0.9455558139534884,0,855.0
6,5,24,1,3,6.0,0.006741573033707865,0.024756943807005882,0.970548275862069,0.7340936781609195,0.969635632183908,1,890.0
14,5,24,1,3,5.0,0.0053590568060021436,0.03864583373069763,0.9679265536723164,0.677564406779661,0.9646892655367232,1,933.0
22,6,24,1,3,4.0,0.004366812227074236,0.0,0.9663485875706216,0.7424570621468926,0.9622666666666668,0,916.0
6,6,24,1,0,4.0,0.0038095238095238095,0.0,0.9714869318181818,0.7811892045454545,0.9603221590909092,0,1050.0
14,6,24,1,0,4.0,0.003996003996003996,0.0,0.9732103448275864,0.7720936781609196,0.9673367816091952,0,1001.0
22,0,25,0,0,3.0,0.002857142857142857,0.0,0.9726114285714286,0.7704497142857143,0.9543937142857144,0,1050.0
6,6,24,1,0,3.0,0.003978779840848806,0.0,0.9579948863636364,0.6420017045454546,0.9496204545454544,0,754.0
14,6,24,1,0,3.0,0.00395778364116095,0.0,0.9595845714285716,0.6536731428571428,0.9767611428571428,0,758.0
22,0,25,0,0,4.0,0.006060606060606061,0.0,0.960858757062147,0.6334305084745763,0.9482943502824858,0,660.0
6,6,24,1,0,3.0,0.0029585798816568047,0.0,0.9711568965517242,0.7715344827586208,0.9542132183908044,0,1014.0
14,6,24,1,0,5.0,0.005341880341880342,0.0,0.9698011363636364,0.75509375,0.9680863636363636,0,936.0
22,0,25,0,0,3.0,0.003484320557491289,0.0,0.9699949438202248,0.7404140449438202,0.9610904494382022,0,861.0
6,6,24,1,1,2.0,0.002242152466367713,0.0,0.9694767045454546,0.7222562499999999,0.9522732954545454,0,892.0
14,6,24,1,1,4.0,0.005361930294906166,0.0,0.970316384180791,0.7160909604519774,0.958379661016949,0,746.0
22,0,25,0,1,8.0,0.009153318077803204,0.0,0.9707780898876404,0.6486887640449438,0.9695876404494382,0,874.0
6,6,24,1,1,4.0,0.005063291139240506,0.05746527761220932,0.9605514124293784,0.6269536723163842,0.9538604519774012,1,790.0
22,0,25,0,1,4.0,0.006069802731411229,0.0,0.9596569832402236,0.6435245810055866,0.9638513966480448,0,659.0
6,6,24,1,1,2.0,0.0019047619047619048,0.0,0.965764,0.7633297142857142,0.9598091428571428,0,1050.0
14,6,24,1,1,6.0,0.005808325266214908,0.0,0.961093220338983,0.7580553672316385,0.9796604519774011,0,1033.0
22,0,25,0,1,2.0,0.0022371364653243847,0.0,0.95955530726257,0.7858726256983241,0.97316312849162,0,894.0
6,6,24,1,2,5.0,0.004761904761904762,0.0,0.9684011363636364,0.7713215909090909,0.9683693181818182,0,1050.0
22,0,25,0,2,4.0,0.004750593824228029,0.0,0.9660954545454546,0.7738732954545454,0.9695846590909092,0,842.0
6,6,24,1,2,3.0,0.0038119440914866584,0.0,0.9734926553672316,0.6269056497175142,0.955367231638418,0,787.0
14,6,24,1,2,6.0,0.00823045267489712,0.0,0.9717162921348316,0.6548410112359551,0.9551494382022472,0,729.0
22,0,25,0,2,5.0,0.006459948320413436,0.10709635447710752,0.9691514450867053,0.6074329479768786,0.9537063583815028,2,774.0
6,6,24,1,2,2.0,0.0019157088122605363,0.0,0.9558448863636364,0.7807528409090909,0.977555681818182,0,1044.0
14,6,24,1,2,2.0,0.0021390374331550803,0.0,0.959408,0.7887599999999999,0.9514285714285714,0,935.0
22,0,25,0,2,4.0,0.004250797024442083,0.0,0.9592327485380115,0.7542111111111112,0.97113216374269,0,941.0
6,6,24,1,3,4.0,0.006568144499178982,0.0,0.97625197740113,0.6071683615819209,0.9534841807909604,0,609.0
22,0,25,0,3,5.0,0.007861635220125786,0.0,0.9761469273743016,0.5908648044692737,0.9510592178770948,0,636.0
14,6,24,1,3,3.0,0.003374578177727784,0.0,0.9601118644067796,0.7691152542372881,0.9529186440677966,0,889.0
22,0,25,0,3,5.0,0.005263157894736842,0.011631944216787815,0.9582296511627908,0.8025308139534885,0.9455558139534884,1,950.0
6,6,24,1,3,2.0,0.002129925452609159,0.0,0.970548275862069,0.7340936781609195,0.969635632183908,0,939.0
14,6,24,1,3,4.0,0.004705882352941176,0.0,0.9679265536723164,0.677564406779661,0.9646892655367232,0,850.0
22,0,25,0,3,2.0,0.0019665683382497543,0.0,0.9663485875706216,0.7424570621468926,0.9622666666666668,0,1017.0
6,0,25,0,0,2.0,0.0019047619047619048,0.0,0.9714869318181818,0.7811892045454545,0.9603221590909092,0,1050.0
14,0,25,0,0,6.0,0.005747126436781609,0.0,0.9732103448275864,0.7720936781609196,0.9673367816091952,0,1044.0
22,1,25,0,0,5.0,0.005241090146750524,0.0,0.9726114285714286,0.7704497142857143,0.9543937142857144,0,954.0
6,0,25,0,0,3.0,0.004195804195804196,0.0,0.9579948863636364,0.6420017045454546,0.9496204545454544,0,715.0
14,0,25,0,0,3.0,0.004137931034482759,0.0,0.9595845714285716,0.6536731428571428,0.9767611428571428,0,725.0
22,1,25,0,0,7.0,0.007675438596491228,0.0,0.960858757062147,0.6334305084745763,0.9482943502824858,0,912.0
6,0,25,0,0,3.0,0.002967359050445104,0.0,0.9711568965517242,0.7715344827586208,0.9542132183908044,0,1011.0
14,0,25,0,0,6.0,0.005714285714285714,0.0,0.9698011363636364,0.75509375,0.9680863636363636,0,1050.0
22,1,25,0,0,2.0,0.0021598272138228943,0.0,0.9699949438202248,0.7404140449438202,0.9610904494382022,0,926.0
6,0,25,0,1,6.0,0.007067137809187279,0.0,0.9694767045454546,0.7222562499999999,0.9522732954545454,0,849.0
14,0,25,0,1,3.0,0.003911342894393742,0.0,0.970316384180791,0.7160909604519774,0.958379661016949,0,767.0
22,1,25,0,1,4.0,0.0044994375703037125,0.0,0.9707780898876404,0.6486887640449438,0.9695876404494382,0,889.0
6,0,25,0,1,2.0,0.0030627871362940277,0.0,0.9605514124293784,0.6269536723163842,0.9538604519774012,0,653.0
14,0,25,0,1,3.0,0.004545454545454545,0.0,0.961474431818182,0.6564625000000001,0.9428977272727272,0,660.0
22,1,25,0,1,1.0,0.0012062726176115801,0.0,0.9596569832402236,0.6435245810055866,0.9638513966480448,0,829.0
6,0,25,0,1,2.0,0.0020429009193054137,0.0,0.965764,0.7633297142857142,0.9598091428571428,0,979.0
14,0,25,0,1,3.0,0.0029296875,0.0,0.961093220338983,0.7580553672316385,0.9796604519774011,0,1024.0
22,1,25,0,1,2.0,0.002074688796680498,0.10709635447710752,0.95955530726257,0.7858726256983241,0.97316312849162,1,964.0
6,0,25,0,2,3.0,0.0031746031746031746,0.0,0.9684011363636364,0.7713215909090909,0.9683693181818182,0,945.0
14,0,25,0,2,5.0,0.005543237250554324,0.0,0.9675180790960451,0.7758463276836158,0.9586621468926554,0,902.0
22,1,25,0,2,3.0,0.0031282586027111575,0.0,0.9660954545454546,0.7738732954545454,0.9695846590909092,0,959.0
6,0,25,0,2,2.0,0.003067484662576687,0.04576388746500015,0.9734926553672316,0.6269056497175142,0.955367231638418,2,652.0
14,0,25,0,2,4.0,0.005405405405405406,0.08065972477197647,0.9717162921348316,0.6548410112359551,0.9551494382022472,2,740.0
22,1,25,0,2,3.0,0.004511278195488722,0.0,0.9691514450867053,0.6074329479768786,0.9537063583815028,0,665.0
6,0,25,0,2,5.0,0.005649717514124294,0.0,0.9558448863636364,0.7807528409090909,0.977555681818182,0,885.0
14,0,25,0,2,4.0,0.0039100684261974585,0.0,0.959408,0.7887599999999999,0.9514285714285714,0,1023.0
22,1,25,0,2,4.0,0.004032258064516129,0.10709635447710752,0.9592327485380115,0.7542111111111112,0.97113216374269,1,992.0
6,0,25,0,3,2.0,0.003389830508474576,0.0,0.97625197740113,0.6071683615819209,0.9534841807909604,0,590.0
14,0,25,0,3,5.0,0.007564296520423601,0.0,0.9750948863636364,0.5983465909090909,0.9623090909090908,0,661.0
22,1,25,0,3,2.0,0.003003003003003003,0.0,0.9761469273743016,0.5908648044692737,0.9510592178770948,0,666.0
6,0,25,0,3,4.0,0.004106776180698152,0.014722222462296486,0.9577932203389832,0.7727412429378532,0.9548954802259888,1,974.0
14,0,25,0,3,2.0,0.002150537634408602,0.02388888970017433,0.9601118644067796,0.7691152542372881,0.9529186440677966,1,930.0
22,1,25,0,3,4.0,0.004366812227074236,0.0,0.9582296511627908,0.8025308139534885,0.9455558139534884,0,916.0
6,0,25,0,3,4.0,0.0038095238095238095,0.0,0.970548275862069,0.7340936781609195,0.969635632183908,0,1050.0
14,0,25,0,3,4.0,0.004561003420752566,0.0,0.9679265536723164,0.677564406779661,0.9646892655367232,0,877.0
22,1,25,0,3,3.0,0.003006012024048096,0.0,0.9663485875706216,0.7424570621468926,0.9622666666666668,0,998.0
6,1,25,0,0,6.0,0.007407407407407408,0.0,0.9714869318181818,0.7811892045454545,0.9603221590909092,0,810.0
14,1,25,0,0,5.0,0.00508646998982706,0.0,0.9732103448275864,0.7720936781609196,0.9673367816091952,0,983.0
22,2,25,0,0,2.0,0.0019047619047619048,0.0,0.9726114285714286,0.7704497142857143,0.9543937142857144,0,1050.0
6,1,25,0,0,5.0,0.0063532401524777635,0.0,0.9579948863636364,0.6420017045454546,0.9496204545454544,0,787.0
14,1,25,0,0,2.0,0.002702702702702703,0.0,0.9595845714285716,0.6536731428571428,0.9767611428571428,0,740.0
22,2,25,0,0,3.0,0.0037688442211055275,0.0,0.960858757062147,0.6334305084745763,0.9482943502824858,0,796.0
6,1,25,0,0,6.0,0.00641025641025641,0.0,0.9711568965517242,0.7715344827586208,0.9542132183908044,0,936.0
14,1,25,0,0,3.0,0.0031746031746031746,0.0,0.9698011363636364,0.75509375,0.9680863636363636,0,945.0
22,2,25,0,0,4.0,0.004073319755600814,0.017083333805203438,0.9699949438202248,0.7404140449438202,0.9610904494382022,1,982.0
6,1,25,0,1,2.0,0.0021164021164021165,0.0,0.9694767045454546,0.7222562499999999,0.9522732954545454,0,945.0
14,1,25,0,1,4.0,0.004678362573099415,0.0,0.970316384180791,0.7160909604519774,0.958379661016949,0,855.0
22,2,25,0,1,5.0,0.0056625141562853904,0.10709635447710752,0.9707780898876404,0.6486887640449438,0.9695876404494382,2,883.0
6,1,25,0,1,6.0,0.009900990099009901,0.0,0.9605514124293784,0.6269536723163842,0.9538604519774012,0,606.0
14,1,25,0,1,6.0,0.007802340702210663,0.0,0.961474431818182,0.6564625000000001,0.9428977272727272,0,769.0
22,2,25,0,1,5.0,0.006305170239596469,0.06270833313465118,0.9596569832402236,0.6435245810055866,0.9638513966480448,1,793.0
6,1,25,0,1,1.0,0.0010030090270812437,0.08559028059244156,0.965764,0.7633297142857142,0.9598091428571428,1,997.0
14,1,25,0,1,2.0,0.002207505518763797,0.10709635447710752,0.961093220338983,0.7580553672316385,0.9796604519774011,1,906.0
22,2,25,0,1,3.0,0.0031282586027111575,0.02534722164273262,0.95955530726257,0.7858726256983241,0.97316312849162,1,959.0
6,1,25,0,2,5.0,0.005296610169491525,0.0,0.9684011363636364,0.7713215909090909,0.9683693181818182,0,944.0
14,1,25,0,2,2.0,0.0019102196752626551,0.0,0.9675180790960451,0.7758463276836158,0.9586621468926554,0,1047.0
22,2,25,0,2,6.0,0.005714285714285714,0.0,0.9660954545454546,0.7738732954545454,0.9695846590909092,0,1050.0
6,1,25,0,2,3.0,0.003865979381443299,0.0,0.9734926553672316,0.6269056497175142,0.955367231638418,0,776.0
14,1,25,0,2,6.0,0.0076726342710997444,0.0,0.9717162921348316,0.6548410112359551,0.9551494382022472,0,782.0
22,2,25,0,2,6.0,0.00804289544235925,0.0,0.9691514450867053,0.6074329479768786,0.9537063583815028,0,746.0
6,1,25,0,2,4.0,0.0038095238095238095,0.10709635447710752,0.9558448863636364,0.7807528409090909,0.977555681818182,1,1050.0
14,1,25,0,2,2.0,0.0020060180541624875,0.10709635447710752,0.959408,0.7887599999999999,0.9514285714285714,1,997.0
22,2,25,0,2,2.0,0.001998001998001998,0.02829861082136631,0.9592327485380115,0.7542111111111112,0.97113216374269,1,1001.0
6,1,25,0,3,4.0,0.0064516129032258064,0.0,0.97625197740113,0.6071683615819209,0.9534841807909604,0,620.0
14,1,25,0,3,3.0,0.005119453924914676,0.0,0.9750948863636364,0.5983465909090909,0.9623090909090908,0,586.0
22,2,25,0,3,2.0,0.0027472527472527475,0.0,0.9761469273743016,0.5908648044692737,0.9510592178770948,0,728.0
6,1,25,0,3,5.0,0.0054466230936819175,0.0,0.9577932203389832,0.7727412429378532,0.9548954802259888,0,918.0
14,1,25,0,3,4.0,0.004357298474945534,0.0,0.9601118644067796,0.7691152542372881,0.9529186440677966,0,918.0
22,2,25,0,3,5.0,0.004761904761904762,0.0,0.9582296511627908,0.8025308139534885,0.9455558139534884,0,1050.0
6,1,25,0,3,3.0,0.0036319612590799033,0.0,0.970548275862069,0.7340936781609195,0.969635632183908,0,826.0
14,1,25,0,3,2.0,0.002607561929595828,0.0,0.9679265536723164,0.677564406779661,0.9646892655367232,0,767.0
22,2,25,0,3,6.0,0.005714285714285714,0.04003472253680229,0.9663485875706216,0.7424570621468926,0.9622666666666668,1,1050.0
6,2,25,0,0,2.0,0.0019047619047619048,0.0,0.9714869318181818,0.7811892045454545,0.9603221590909092,0,1050.0
14,2,25,0,0,3.0,0.002857142857142857,0.0,0.9732103448275864,0.7720936781609196,0.9673367816091952,0,1050.0
22,3,25,0,0,4.0,0.004162330905306972,0.0,0.9726114285714286,0.7704497142857143,0.9543937142857144,0,961.0
6,2,25,0,0,4.0,0.005547850208044383,0.0,0.9579948863636364,0.6420017045454546,0.9496204545454544,0,721.0
14,2,25,0,0,2.0,0.0034071550255536627,0.0,0.9595845714285716,0.6536731428571428,0.9767611428571428,0,587.0
22,3,25,0,0,4.0,0.0045351473922902496,0.0,0.960858757062147,0.6334305084745763,0.9482943502824858,0,882.0
6,2,25,0,0,4.0,0.0038095238095238095,0.02447916753590107,0.9711568965517242,0.7715344827586208,0.9542132183908044,1,1050.0
14,2,25,0,0,2.0,0.0021645021645021645,0.022673610597848892,0.9698011363636364,0.75509375,0.9680863636363636,1,924.0
22,3,25,0,0,4.0,0.004796163069544364,0.10709635447710752,0.9699949438202248,0.7404140449438202,0.9610904494382022,2,834.0
6,2,25,0,1,4.0,0.004901960784313725,0.10709635447710752,0.9694767045454546,0.7222562499999999,0.9522732954545454,2,816.0
14,2,25,0,1,6.0,0.007741935483870968,0.10083333402872086,0.970316384180791,0.7160909604519774,0.958379661016949,2,775.0
22,3,25,0,1,4.0,0.004739336492890996,0.10709635447710752,0.9707780898876404,0.6486887640449438,0.9695876404494382,2,844.0
6,2,25,0,1,3.0,0.003826530612244898,0.06402777880430222,0.9605514124293784,0.6269536723163842,0.9538604519774012,1,784.0
14,2,25,0,1,4.0,0.0061068702290076335,0.061666667461395264,0.961474431818182,0.6564625000000001,0.9428977272727272,1,655.0
22,3,25,0,1,1.0,0.0015408320493066256,0.0,0.9596569832402236,0.6435245810055866,0.9638513966480448,0,649.0
6,2,25,0,1,5.0,0.005257623554153523,0.02597222290933132,0.965764,0.7633297142857142,0.9598091428571428,1,951.0
14,2,25,0,1,4.0,0.003887269193391642,0.024097222834825516,0.961093220338983,0.7580553672316385,0.9796604519774011,1,1029.0
22,3,25,0,1,2.0,0.0020304568527918783,0.0,0.95955530726257,0.7858726256983241,0.97316312849162,0,985.0
6,2,25,0,2,4.0,0.0038095238095238095,0.0,0.9684011363636364,0.7713215909090909,0.9683693181818182,0,1050.0
14,2,25,0,2,4.0,0.0038240917782026767,0.0,0.9675180790960451,0.7758463276836158,0.9586621468926554,0,1046.0
22,3,25,0,2,4.0,0.0041841004184100415,0.0,0.9660954545454546,0.7738732954545454,0.9695846590909092,0,956.0
6,2,25,0,2,5.0,0.0066050198150594455,0.0,0.9734926553672316,0.6269056497175142,0.955367231638418,0,757.0
14,2,25,0,2,4.0,0.005427408412483039,0.0,0.9717162921348316,0.6548410112359551,0.9551494382022472,0,737.0
22,3,25,0,2,6.0,0.007712082262210797,0.09170138835906982,0.9691514450867053,0.6074329479768786,0.9537063583815028,1,778.0
6,2,25,0,2,2.0,0.0022396416573348264,0.024097222834825516,0.9558448863636364,0.7807528409090909,0.977555681818182,1,893.0
14,2,25,0,2,3.0,0.003401360544217687,0.033194445073604584,0.959408,0.7887599999999999,0.9514285714285714,1,882.0
22,3,25,0,2,4.0,0.0038095238095238095,0.0,0.9592327485380115,0.7542111111111112,0.97113216374269,0,1050.0
6,2,25,0,3,5.0,0.007142857142857143,0.0,0.97625197740113,0.6071683615819209,0.9534841807909604,0,700.0
14,2,25,0,3,5.0,0.008361204013377926,0.0,0.9750948863636364,0.5983465909090909,0.9623090909090908,0,598.0
22,3,25,0,3,7.0,0.010736196319018405,0.0,0.9761469273743016,0.5908648044692737,0.9510592178770948,0,652.0
6,2,25,0,3,5.0,0.004761904761904762,0.0,0.9577932203389832,0.7727412429378532,0.9548954802259888,0,1050.0
14,2,25,0,3,6.0,0.00718562874251497,0.0,0.9601118644067796,0.7691152542372881,0.9529186440677966,0,835.0
22,3,25,0,3,4.0,0.004287245444801715,0.0,0.9582296511627908,0.8025308139534885,0.9455558139534884,0,933.0
6,2,25,0,3,5.0,0.004766444232602479,0.06576389074325562,0.970548275862069,0.7340936781609195,0.969635632183908,1,1049.0
14,2,25,0,3,3.0,0.002857142857142857,0.04319444298744202,0.9679265536723164,0.677564406779661,0.9646892655367232,1,1050.0
22,3,25,0,3,3.0,0.0032017075773745998,0.0,0.9663485875706216,0.7424570621468926,0.9622666666666668,0,937.0
6,3,25,0,0,4.0,0.0038095238095238095,0.0,0.9714869318181818,0.7811892045454545,0.9603221590909092,0,1050.0
14,3,25,0,0,4.0,0.003968253968253968,0.0,0.9732103448275864,0.7720936781609196,0.9673367816091952,0,1008.0
22,4,25,0,0,1.0,0.0009523809523809524,0.0,0.9726114285714286,0.7704497142857143,0.9543937142857144,0,1050.0
6,3,25,0,0,1.0,0.001375515818431912,0.0,0.9579948863636364,0.6420017045454546,0.9496204545454544,0,727.0
14,3,25,0,0,3.0,0.003694581280788177,0.0,0.9595845714285716,0.6536731428571428,0.9767611428571428,0,812.0
22,4,25,0,0,1.0,0.001326259946949602,0.0,0.960858757062147,0.6334305084745763,0.9482943502824858,0,754.0
6,3,25,0,0,2.0,0.0022935779816513763,0.10709635447710752,0.9711568965517242,0.7715344827586208,0.9542132183908044,2,872.0
14,3,25,0,0,6.0,0.0062047569803516025,0.10709635447710752,0.9698011363636364,0.75509375,0.9680863636363636,2,967.0
22,4,25,0,0,4.0,0.004123711340206186,0.0,0.9699949438202248,0.7404140449438202,0.9610904494382022,0,970.0
6,3,25,0,1,5.0,0.005720823798627002,0.10709635447710752,0.9694767045454546,0.7222562499999999,0.9522732954545454,2,874.0
14,3,25,0,1,4.0,0.004206098843322818,0.10709635447710752,0.970316384180791,0.7160909604519774,0.958379661016949,2,951.0
22,4,25,0,1,5.0,0.0056625141562853904,0.0,0.9707780898876404,0.6486887640449438,0.9695876404494382,0,883.0
6,3,25,0,1,4.0,0.005405405405405406,0.0,0.9605514124293784,0.6269536723163842,0.9538604519774012,0,740.0
14,3,25,0,1,4.0,0.006349206349206349,0.0,0.961474431818182,0.6564625000000001,0.9428977272727272,0,630.0
22,4,25,0,1,5.0,0.005773672055427252,0.0,0.9596569832402236,0.6435245810055866,0.9638513966480448,0,866.0
6,3,25,0,1,5.0,0.004807692307692308,0.0,0.965764,0.7633297142857142,0.9598091428571428,0,1040.0
14,3,25,0,1,2.0,0.0019455252918287938,0.0,0.961093220338983,0.7580553672316385,0.9796604519774011,0,1028.0
22,4,25,0,1,2.0,0.002004008016032064,0.07347222417593002,0.95955530726257,0.7858726256983241,0.97316312849162,1,998.0
6,3,25,0,2,3.0,0.002857142857142857,0.0,0.9684011363636364,0.7713215909090909,0.9683693181818182,0,1050.0
14,3,25,0,2,4.0,0.005263157894736842,0.0,0.9675180790960451,0.7758463276836158,0.9586621468926554,0,760.0
22,4,25,0,2,3.0,0.0029154518950437317,0.0,0.9660954545454546,0.7738732954545454,0.9695846590909092,0,1029.0
6,3,25,0,2,6.0,0.00681044267877412,0.07368055731058121,0.9734926553672316,0.6269056497175142,0.955367231638418,1,881.0
14,3,25,0,2,6.0,0.007832898172323759,0.051770832389593124,0.9717162921348316,0.6548410112359551,0.9551494382022472,1,766.0
22,4,25,0,2,2.0,0.0024691358024691358,0.0,0.9691514450867053,0.6074329479768786,0.9537063583815028,0,810.0
6,3,25,0,2,5.0,0.0050916496945010185,0.0,0.9558448863636364,0.7807528409090909,0.977555681818182,0,982.0
14,3,25,0,2,6.0,0.006825938566552901,0.0,0.959408,0.7887599999999999,0.9514285714285714,0,879.0
22,4,25,0,2,4.0,0.00404040404040404,0.03229166567325592,0.9592327485380115,0.7542111111111112,0.97113216374269,1,990.0
6,3,25,0,3,2.0,0.002652519893899204,0.0,0.97625197740113,0.6071683615819209,0.9534841807909604,0,754.0
14,3,25,0,3,6.0,0.008086253369272238,0.0,0.9750948863636364,0.5983465909090909,0.9623090909090908,0,742.0
22,4,25,0,3,3.0,0.004201680672268907,0.0,0.9761469273743016,0.5908648044692737,0.9510592178770948,0,714.0
6,3,25,0,3,2.0,0.0019193857965451055,0.0,0.9577932203389832,0.7727412429378532,0.9548954802259888,0,1042.0
14,3,25,0,3,2.0,0.0023228803716608595,0.0,0.9601118644067796,0.7691152542372881,0.9529186440677966,0,861.0
22,4,25,0,3,8.0,0.009324009324009324,0.10489583015441895,0.9582296511627908,0.8025308139534885,0.9455558139534884,1,858.0
6,3,25,0,3,6.0,0.005741626794258373,0.0,0.970548275862069,0.7340936781609195,0.969635632183908,0,1045.0
14,3,25,0,3,5.0,0.005405405405405406,0.0,0.9679265536723164,0.677564406779661,0.9646892655367232,0,925.0
22,4,25,0,3,5.0,0.006257822277847309,0.0,0.9663485875706216,0.7424570621468926,0.9622666666666668,0,799.0
6,4,25,0,0,6.0,0.005714285714285714,0.0,0.9714869318181818,0.7811892045454545,0.9603221590909092,0,1050.0
14,4,25,0,0,2.0,0.0019704433497536944,0.0,0.9732103448275864,0.7720936781609196,0.9673367816091952,0,1015.0
22,5,25,1,0,6.0,0.0065717415115005475,0.08677083253860474,0.9726114285714286,0.7704497142857143,0.9543937142857144,1,913.0
6,4,25,0,0,5.0,0.005405405405405406,0.0,0.9579948863636364,0.6420017045454546,0.9496204545454544,0,925.0
14,4,25,0,0,2.0,0.0028169014084507044,0.0,0.9595845714285716,0.6536731428571428,0.9767611428571428,0,710.0
22,5,25,1,0,8.0,0.01228878648233487,0.0,0.960858757062147,0.6334305084745763,0.9482943502824858,0,651.0
6,4,25,0,0,3.0,0.002973240832507433,0.0,0.9711568965517242,0.7715344827586208,0.9542132183908044,0,1009.0
14,4,25,0,0,6.0,0.0064516129032258064,0.0,0.9698011363636364,0.75509375,0.9680863636363636,0,930.0
22,5,25,1,0,4.0,0.004362050163576881,0.10709635447710752,0.9699949438202248,0.7404140449438202,0.9610904494382022,1,917.0
6,4,25,0,1,4.0,0.0051813471502590676,0.0,0.9694767045454546,0.7222562499999999,0.9522732954545454,0,772.0
14,4,25,0,1,4.0,0.0049504950495049506,0.0,0.970316384180791,0.7160909604519774,0.958379661016949,0,808.0
22,5,25,1,1,2.0,0.002317497103128621,0.0,0.9707780898876404,0.6486887640449438,0.9695876404494382,0,863.0
6,4,25,0,1,3.0,0.004815409309791332,0.0,0.9605514124293784,0.6269536723163842,0.9538604519774012,0,623.0
14,4,25,0,1,6.0,0.00916030534351145,0.0,0.961474431818182,0.6564625000000001,0.9428977272727272,0,655.0
22,5,25,1,1,5.0,0.006596306068601583,0.0,0.9596569832402236,0.6435245810055866,0.9638513966480448,0,758.0
6,4,25,0,1,6.0,0.005714285714285714,0.05687500163912773,0.965764,0.7633297142857142,0.9598091428571428,1,1050.0
14,4,25,0,1,4.0,0.004032258064516129,0.06006944552063942,0.961093220338983,0.7580553672316385,0.9796604519774011,1,992.0
22,5,25,1,1,3.0,0.0033482142857142855,0.0,0.95955530726257,0.7858726256983241,0.97316312849162,0,896.0
6,4,25,0,2,4.0,0.004246284501061571,0.0,0.9684011363636364,0.7713215909090909,0.9683693181818182,0,942.0
14,4,25,0,2,5.0,0.004770992366412214,0.0,0.9675180790960451,0.7758463276836158,0.9586621468926554,0,1048.0
22,5,25,1,2,4.0,0.004324324324324324,0.0,0.9660954545454546,0.7738732954545454,0.9695846590909092,0,925.0
6,4,25,0,2,6.0,0.006896551724137931,0.0,0.9734926553672316,0.6269056497175142,0.955367231638418,0,870.0
14,4,25,0,2,5.0,0.006993006993006993,0.0,0.9717162921348316,0.6548410112359551,0.9551494382022472,0,715.0
22,5,25,1,2,3.0,0.004511278195488722,0.0,0.9691514450867053,0.6074329479768786,0.9537063583815028,0,665.0
6,4,25,0,2,3.0,0.002857142857142857,0.08527778089046478,0.9558448863636364,0.7807528409090909,0.977555681818182,1,1050.0
14,4,25,0,2,5.0,0.005537098560354375,0.04885416850447655,0.959408,0.7887599999999999,0.9514285714285714,1,903.0
22,5,25,1,2,7.0,0.006666666666666667,0.10709635447710752,0.9592327485380115,0.7542111111111112,0.97113216374269,1,1050.0
6,4,25,0,3,5.0,0.0068775790921595595,0.0,0.97625197740113,0.6071683615819209,0.9534841807909604,0,727.0
14,4,25,0,3,5.0,0.00628140703517588,0.0,0.9750948863636364,0.5983465909090909,0.9623090909090908,0,796.0
22,5,25,1,3,2.0,0.0029154518950437317,0.0,0.9761469273743016,0.5908648044692737,0.9510592178770948,0,686.0
6,4,25,0,3,5.0,0.0050150451354062184,0.10709635447710752,0.9577932203389832,0.7727412429378532,0.9548954802259888,1,997.0
14,4,25,0,3,6.0,0.005819592628516004,0.09524305909872055,0.9601118644067796,0.7691152542372881,0.9529186440677966,1,1031.0
22,5,25,1,3,3.0,0.0031023784901758012,0.08520833402872086,0.9582296511627908,0.8025308139534885,0.9455558139534884,1,967.0
6,4,25,0,3,4.0,0.0038095238095238095,0.0,0.970548275862069,0.7340936781609195,0.969635632183908,0,1050.0
14,4,25,0,3,3.0,0.0035971223021582736,0.0,0.9679265536723164,0.677564406779661,0.9646892655367232,0,834.0
22,5,25,1,3,3.0,0.0034403669724770644,0.10709635447710752,0.9663485875706216,0.7424570621468926,0.9622666666666668,1,872.0
6,5,25,1,0,6.0,0.0058823529411764705,0.10709635447710752,0.9714869318181818,0.7811892045454545,0.9603221590909092,1,1020.0
14,5,25,1,0,4.0,0.004214963119072708,0.10709635447710752,0.9732103448275864,0.7720936781609196,0.9673367816091952,1,949.0
22,6,25,1,0,3.0,0.003464203233256351,0.047361109405756,0.9726114285714286,0.7704497142857143,0.9543937142857144,1,866.0
6,5,25,1,0,6.0,0.007125890736342043,0.0,0.9579948863636364,0.6420017045454546,0.9496204545454544,0,842.0
14,5,25,1,0,6.0,0.008241758241758242,0.0,0.9595845714285716,0.6536731428571428,0.9767611428571428,0,728.0
22,6,25,1,0,3.0,0.003947368421052632,0.018472222611308098,0.960858757062147,0.6334305084745763,0.9482943502824858,1,760.0
6,5,25,1,0,2.0,0.002560819462227913,0.06565972417593002,0.9711568965517242,0.7715344827586208,0.9542132183908044,1,781.0
14,5,25,1,0,6.0,0.005994005994005994,0.10538194328546524,0.9698011363636364,0.75509375,0.9680863636363636,1,1001.0
22,6,25,1,0,5.0,0.004807692307692308,0.0,0.9699949438202248,0.7404140449438202,0.9610904494382022,0,1040.0
6,5,25,1,1,4.0,0.00404040404040404,0.0,0.9694767045454546,0.7222562499999999,0.9522732954545454,0,990.0
14,5,25,1,1,5.0,0.00648508430609598,0.0,0.970316384180791,0.7160909604519774,0.958379661016949,0,771.0
22,6,25,1,1,6.0,0.00663716814159292,0.0,0.9707780898876404,0.6486887640449438,0.9695876404494382,0,904.0
6,5,25,1,1,3.0,0.004545454545454545,0.0,0.9605514124293784,0.6269536723163842,0.9538604519774012,0,660.0
14,5,25,1,1,2.0,0.0024271844660194173,0.0,0.961474431818182,0.6564625000000001,0.9428977272727272,0,824.0
22,6,25,1,1,5.0,0.007309941520467836,0.10709635447710752,0.9596569832402236,0.6435245810055866,0.9638513966480448,1,684.0
6,5,25,1,1,3.0,0.002857142857142857,0.0,0.965764,0.7633297142857142,0.9598091428571428,0,1050.0
14,5,25,1,1,3.0,0.003537735849056604,0.0,0.961093220338983,0.7580553672316385,0.9796604519774011,0,848.0
22,6,25,1,1,4.0,0.0038095238095238095,0.0,0.95955530726257,0.7858726256983241,0.97316312849162,0,1050.0
6,5,25,1,2,2.0,0.0020554984583761563,0.0,0.9684011363636364,0.7713215909090909,0.9683693181818182,0,973.0
14,5,25,1,2,3.0,0.002857142857142857,0.0,0.9675180790960451,0.7758463276836158,0.9586621468926554,0,1050.0
22,6,25,1,2,2.0,0.0019860973187686196,0.06805555522441864,0.9660954545454546,0.7738732954545454,0.9695846590909092,1,1007.0
6,5,25,1,2,5.0,0.006887052341597796,0.0,0.9734926553672316,0.6269056497175142,0.955367231638418,0,726.0
14,5,25,1,2,3.0,0.003870967741935484,0.0,0.9717162921348316,0.6548410112359551,0.9551494382022472,0,775.0
22,6,25,1,2,2.0,0.002967359050445104,0.0,0.9691514450867053,0.6074329479768786,0.9537063583815028,0,674.0
6,5,25,1,2,3.0,0.0035885167464114833,0.10709635447710752,0.9558448863636364,0.7807528409090909,0.977555681818182,1,836.0
14,5,25,1,2,6.0,0.005714285714285714,0.10709635447710752,0.959408,0.7887599999999999,0.9514285714285714,1,1050.0
22,6,25,1,2,3.0,0.003329633740288568,0.0,0.9592327485380115,0.7542111111111112,0.97113216374269,0,901.0
6,5,25,1,3,3.0,0.004310344827586207,0.0,0.97625197740113,0.6071683615819209,0.9534841807909604,0,696.0
14,5,25,1,3,5.0,0.008460236886632826,0.0,0.9750948863636364,0.5983465909090909,0.9623090909090908,0,591.0
22,6,25,1,3,3.0,0.004464285714285714,0.0,0.9761469273743016,0.5908648044692737,0.9510592178770948,0,672.0
6,5,25,1,3,3.0,0.0029296875,0.08291666954755783,0.9577932203389832,0.7727412429378532,0.9548954802259888,1,1024.0
14,5,25,1,3,5.0,0.005252100840336135,0.10709635447710752,0.9601118644067796,0.7691152542372881,0.9529186440677966,1,952.0
6,5,25,1,3,5.0,0.004761904761904762,0.10709635447710752,0.970548275862069,0.7340936781609195,0.969635632183908,1,1050.0
14,5,25,1,3,2.0,0.002398081534772182,0.10709635447710752,0.9679265536723164,0.677564406779661,0.9646892655367232,1,834.0
22,6,25,1,3,4.0,0.00408997955010225,0.0,0.9663485875706216,0.7424570621468926,0.9622666666666668,0,978.0
14,6,25,1,0,2.0,0.00234192037470726,0.08256944268941879,0.9732103448275864,0.7720936781609196,0.9673367816091952,1,854.0
22,0,26,0,0,2.0,0.0019047619047619048,0.0,0.9726114285714286,0.7704497142857143,0.9543937142857144,0,1050.0
6,6,25,1,0,5.0,0.00715307582260372,0.029930556192994118,0.9579948863636364,0.6420017045454546,0.9496204545454544,1,699.0
14,6,25,1,0,4.0,0.0060882800608828,0.036145832389593124,0.9595845714285716,0.6536731428571428,0.9767611428571428,1,657.0
22,0,26,0,0,6.0,0.009230769230769232,0.07694444805383682,0.960858757062147,0.6334305084745763,0.9482943502824858,1,650.0
6,6,25,1,0,6.0,0.006644518272425249,0.0,0.9711568965517242,0.7715344827586208,0.9542132183908044,0,903.0
14,6,25,1,0,3.0,0.003051881993896236,0.0,0.9698011363636364,0.75509375,0.9680863636363636,0,983.0
22,0,26,0,0,3.0,0.003787878787878788,0.0,0.9699949438202248,0.7404140449438202,0.9610904494382022,0,792.0
6,6,25,1,1,1.0,0.0011198208286674132,0.0,0.9694767045454546,0.7222562499999999,0.9522732954545454,0,893.0
14,6,25,1,1,5.0,0.005861664712778429,0.0,0.970316384180791,0.7160909604519774,0.958379661016949,0,853.0
22,0,26,0,1,5.0,0.006476683937823834,0.0,0.9707780898876404,0.6486887640449438,0.9695876404494382,0,772.0
6,6,25,1,1,2.0,0.002844950213371266,0.10709635447710752,0.9605514124293784,0.6269536723163842,0.9538604519774012,1,703.0
14,6,25,1,1,4.0,0.0050062578222778474,0.10709635447710752,0.961474431818182,0.6564625000000001,0.9428977272727272,1,799.0
22,0,26,0,1,6.0,0.009104704097116844,0.03204861283302307,0.9596569832402236,0.6435245810055866,0.9638513966480448,1,659.0
6,6,25,1,1,1.0,0.0009523809523809524,0.0,0.965764,0.7633297142857142,0.9598091428571428,0,1050.0
14,6,25,1,1,6.0,0.005714285714285714,0.0,0.961093220338983,0.7580553672316385,0.9796604519774011,0,1050.0
22,0,26,0,1,4.0,0.004259850905218318,0.0698263868689537,0.95955530726257,0.7858726256983241,0.97316312849162,1,939.0
6,6,25,1,2,6.0,0.005714285714285714,0.07062499970197678,0.9684011363636364,0.7713215909090909,0.9683693181818182,1,1050.0
14,6,25,1,2,5.0,0.0050968399592252805,0.10709635447710752,0.9675180790960451,0.7758463276836158,0.9586621468926554,1,981.0
22,0,26,0,2,4.0,0.004149377593360996,0.0,0.9660954545454546,0.7738732954545454,0.9695846590909092,0,964.0
6,6,25,1,2,2.0,0.002699055330634278,0.0,0.9734926553672316,0.6269056497175142,0.955367231638418,0,741.0
14,6,25,1,2,3.0,0.0035629453681710215,0.0,0.9717162921348316,0.6548410112359551,0.9551494382022472,0,842.0
6,6,25,1,2,5.0,0.004761904761904762,0.0,0.9558448863636364,0.7807528409090909,0.977555681818182,0,1050.0
14,6,25,1,2,3.0,0.002973240832507433,0.0,0.959408,0.7887599999999999,0.9514285714285714,0,1009.0
6,6,25,1,3,3.0,0.005084745762711864,0.0,0.97625197740113,0.6071683615819209,0.9534841807909604,0,590.0
14,6,25,1,3,3.0,0.004155124653739612,0.0,0.9750948863636364,0.5983465909090909,0.9623090909090908,0,722.0
22,0,26,0,3,5.0,0.0070028011204481795,0.10709635447710752,0.9761469273743016,0.5908648044692737,0.9510592178770948,1,714.0
6,6,25,1,3,6.0,0.005714285714285714,0.0,0.9577932203389832,0.7727412429378532,0.9548954802259888,0,1050.0
14,6,25,1,3,2.0,0.0019880715705765406,0.0,0.9601118644067796,0.7691152542372881,0.9529186440677966,0,1006.0
22,0,26,0,3,4.0,0.0038095238095238095,0.07145833224058151,0.9582296511627908,0.8025308139534885,0.9455558139534884,1,1050.0
6,6,25,1,3,5.0,0.0059665871121718375,0.0,0.970548275862069,0.7340936781609195,0.969635632183908,0,838.0
14,6,25,1,3,6.0,0.006134969325153374,0.0,0.9679265536723164,0.677564406779661,0.9646892655367232,0,978.0
22,0,26,0,3,2.0,0.002352941176470588,0.021805554628372192,0.9663485875706216,0.7424570621468926,0.9622666666666668,1,850.0
6,0,26,0,0,5.0,0.0049504950495049506,0.0,0.9714869318181818,0.7811892045454545,0.9603221590909092,0,1010.0
14,0,26,0,0,2.0,0.0020100502512562816,0.0,0.9732103448275864,0.7720936781609196,0.9673367816091952,0,995.0
22,1,26,0,0,7.0,0.006666666666666667,0.0,0.9726114285714286,0.7704497142857143,0.9543937142857144,0,1050.0
6,0,26,0,0,5.0,0.007032348804500703,0.10709635447710752,0.9579948863636364,0.6420017045454546,0.9496204545454544,1,711.0
14,0,26,0,0,3.0,0.004261363636363636,0.10709635447710752,0.9595845714285716,0.6536731428571428,0.9767611428571428,1,704.0
22,1,26,0,0,2.0,0.002583979328165375,0.06989583373069763,0.960858757062147,0.6334305084745763,0.9482943502824858,1,774.0
6,0,26,0,0,4.0,0.004429678848283499,0.0,0.9711568965517242,0.7715344827586208,0.9542132183908044,0,903.0
14,0,26,0,0,2.0,0.0023781212841854932,0.0,0.9698011363636364,0.75509375,0.9680863636363636,0,841.0
22,1,26,0,0,6.0,0.0067039106145251395,0.0,0.9699949438202248,0.7404140449438202,0.9610904494382022,0,895.0
6,0,26,0,1,4.0,0.004571428571428572,0.0,0.9694767045454546,0.7222562499999999,0.9522732954545454,0,875.0
14,0,26,0,1,3.0,0.0031982942430703624,0.0,0.970316384180791,0.7160909604519774,0.958379661016949,0,938.0
22,1,26,0,1,5.0,0.005291005291005291,0.0,0.9707780898876404,0.6486887640449438,0.9695876404494382,0,945.0
6,0,26,0,1,5.0,0.007961783439490446,0.025312500074505806,0.9605514124293784,0.6269536723163842,0.9538604519774012,1,628.0
14,0,26,0,1,5.0,0.005889281507656066,0.024340277537703514,0.961474431818182,0.6564625000000001,0.9428977272727272,1,849.0
22,1,26,0,1,6.0,0.007614213197969543,0.0,0.9596569832402236,0.6435245810055866,0.9638513966480448,0,788.0
6,0,26,0,1,2.0,0.0019047619047619048,0.07173611223697662,0.965764,0.7633297142857142,0.9598091428571428,1,1050.0
14,0,26,0,1,2.0,0.0019047619047619048,0.030347222462296486,0.961093220338983,0.7580553672316385,0.9796604519774011,1,1050.0
22,1,26,0,1,1.0,0.0009523809523809524,0.0,0.95955530726257,0.7858726256983241,0.97316312849162,0,1050.0
6,0,26,0,2,3.0,0.002932551319648094,0.0,0.9684011363636364,0.7713215909090909,0.9683693181818182,0,1023.0
14,0,26,0,2,3.0,0.002857142857142857,0.0,0.9675180790960451,0.7758463276836158,0.9586621468926554,0,1050.0
22,1,26,0,2,1.0,0.0010449320794148381,0.03291666507720947,0.9660954545454546,0.7738732954545454,0.9695846590909092,1,957.0
6,0,26,0,2,4.0,0.0045045045045045045,0.0,0.9734926553672316,0.6269056497175142,0.955367231638418,0,888.0
14,0,26,0,2,4.0,0.006622516556291391,0.0,0.9717162921348316,0.6548410112359551,0.9551494382022472,0,604.0
22,1,26,0,2,5.0,0.00591016548463357,0.0,0.9691514450867053,0.6074329479768786,0.9537063583815028,0,846.0
6,0,26,0,2,4.0,0.0038095238095238095,0.10709635447710752,0.9558448863636364,0.7807528409090909,0.977555681818182,1,1050.0
14,0,26,0,2,5.0,0.00547645125958379,0.10709635447710752,0.959408,0.7887599999999999,0.9514285714285714,1,913.0
22,1,26,0,2,5.0,0.005417118093174431,0.0,0.9592327485380115,0.7542111111111112,0.97113216374269,0,923.0
6,0,26,0,3,6.0,0.008928571428571428,0.10709635447710752,0.97625197740113,0.6071683615819209,0.9534841807909604,1,672.0
14,0,26,0,3,5.0,0.0066844919786096255,0.10709635447710752,0.9750948863636364,0.5983465909090909,0.9623090909090908,1,748.0
22,1,26,0,3,3.0,0.00463678516228748,0.0,0.9761469273743016,0.5908648044692737,0.9510592178770948,0,647.0
6,0,26,0,3,4.0,0.004250797024442083,0.10709635447710752,0.9577932203389832,0.7727412429378532,0.9548954802259888,1,941.0
14,0,26,0,3,3.0,0.0032017075773745998,0.09444444626569748,0.9601118644067796,0.7691152542372881,0.9529186440677966,1,937.0
22,1,26,0,3,7.0,0.007462686567164179,0.10709635447710752,0.9582296511627908,0.8025308139534885,0.9455558139534884,2,938.0
6,0,26,0,3,3.0,0.0035335689045936395,0.015590277500450611,0.970548275862069,0.7340936781609195,0.969635632183908,1,849.0
14,0,26,0,3,3.0,0.004043126684636119,0.03670138865709305,0.9679265536723164,0.677564406779661,0.9646892655367232,1,742.0
22,1,26,0,3,2.0,0.0023612750885478157,0.0,0.9663485875706216,0.7424570621468926,0.9622666666666668,0,847.0
6,1,26,0,0,6.0,0.006355932203389831,0.0,0.9714869318181818,0.7811892045454545,0.9603221590909092,0,944.0
14,1,26,0,0,4.0,0.004223864836325237,0.0,0.9732103448275864,0.7720936781609196,0.9673367816091952,0,947.0
22,2,26,0,0,3.0,0.002857142857142857,0.0,0.9726114285714286,0.7704497142857143,0.9543937142857144,0,1050.0
6,1,26,0,0,5.0,0.0072992700729927005,0.04010416567325592,0.9579948863636364,0.6420017045454546,0.9496204545454544,1,685.0
14,1,26,0,0,4.0,0.00522875816993464,0.06100694462656975,0.9595845714285716,0.6536731428571428,0.9767611428571428,1,765.0
22,2,26,0,0,3.0,0.005016722408026756,0.03541666641831398,0.960858757062147,0.6334305084745763,0.9482943502824858,1,598.0
6,1,26,0,0,4.0,0.003980099502487562,0.0,0.9711568965517242,0.7715344827586208,0.9542132183908044,0,1005.0
14,1,26,0,0,4.0,0.0041928721174004195,0.0,0.9698011363636364,0.75509375,0.9680863636363636,0,954.0
22,2,26,0,0,5.0,0.005945303210463734,0.012881944887340069,0.9699949438202248,0.7404140449438202,0.9610904494382022,1,841.0
6,1,26,0,1,4.0,0.004210526315789474,0.0,0.9694767045454546,0.7222562499999999,0.9522732954545454,0,950.0
14,1,26,0,1,5.0,0.0059031877213695395,0.0,0.970316384180791,0.7160909604519774,0.958379661016949,0,847.0
22,2,26,0,1,7.0,0.008383233532934131,0.0,0.9707780898876404,0.6486887640449438,0.9695876404494382,0,835.0
6,1,26,0,1,6.0,0.009036144578313253,0.0,0.9605514124293784,0.6269536723163842,0.9538604519774012,0,664.0
14,1,26,0,1,6.0,0.006896551724137931,0.0,0.961474431818182,0.6564625000000001,0.9428977272727272,0,870.0
22,2,26,0,1,5.0,0.007587253414264037,0.0,0.9596569832402236,0.6435245810055866,0.9638513966480448,0,659.0
6,1,26,0,1,2.0,0.0019047619047619048,0.0,0.965764,0.7633297142857142,0.9598091428571428,0,1050.0
14,1,26,0,1,6.0,0.006211180124223602,0.0,0.961093220338983,0.7580553672316385,0.9796604519774011,0,966.0
22,2,26,0,1,8.0,0.007619047619047619,0.0,0.95955530726257,0.7858726256983241,0.97316312849162,0,1050.0
6,1,26,0,2,3.0,0.0029615004935834156,0.030173610895872116,0.9684011363636364,0.7713215909090909,0.9683693181818182,1,1013.0
14,1,26,0,2,5.0,0.005107252298263534,0.04125000163912773,0.9675180790960451,0.7758463276836158,0.9586621468926554,1,979.0
22,2,26,0,2,4.0,0.004069175991861648,0.10709635447710752,0.9660954545454546,0.7738732954545454,0.9695846590909092,1,983.0
6,1,26,0,2,4.0,0.005641748942172073,0.0,0.9734926553672316,0.6269056497175142,0.955367231638418,0,709.0
14,1,26,0,2,6.0,0.008368200836820083,0.0,0.9717162921348316,0.6548410112359551,0.9551494382022472,0,717.0
22,2,26,0,2,0.0,0.0,0.04236111044883728,0.9691514450867053,0.6074329479768786,0.9537063583815028,1,843.0
6,1,26,0,2,5.0,0.004761904761904762,0.0,0.9558448863636364,0.7807528409090909,0.977555681818182,0,1050.0
14,1,26,0,2,3.0,0.003061224489795918,0.0,0.959408,0.7887599999999999,0.9514285714285714,0,980.0
22,2,26,0,2,1.0,0.001034126163391934,0.0,0.9592327485380115,0.7542111111111112,0.97113216374269,0,967.0
6,1,26,0,3,4.0,0.005706134094151213,0.0,0.97625197740113,0.6071683615819209,0.9534841807909604,0,701.0
14,1,26,0,3,1.0,0.001272264631043257,0.0,0.9750948863636364,0.5983465909090909,0.9623090909090908,0,786.0
22,2,26,0,3,7.0,0.008206330597889801,0.0,0.9761469273743016,0.5908648044692737,0.9510592178770948,0,853.0
6,1,26,0,3,4.0,0.0041928721174004195,0.10709635447710752,0.9577932203389832,0.7727412429378532,0.9548954802259888,2,954.0
14,1,26,0,3,2.0,0.002336448598130841,0.10709635447710752,0.9601118644067796,0.7691152542372881,0.9529186440677966,2,856.0
22,2,26,0,3,7.0,0.008760951188986232,0.10709635447710752,0.9582296511627908,0.8025308139534885,0.9455558139534884,2,799.0
6,1,26,0,3,4.0,0.004119464469618949,0.0,0.970548275862069,0.7340936781609195,0.969635632183908,0,971.0
14,1,26,0,3,3.0,0.0035842293906810036,0.0,0.9679265536723164,0.677564406779661,0.9646892655367232,0,837.0
22,2,26,0,3,3.0,0.003171247357293869,0.0,0.9663485875706216,0.7424570621468926,0.9622666666666668,0,946.0
6,2,26,0,0,6.0,0.005714285714285714,0.0,0.9714869318181818,0.7811892045454545,0.9603221590909092,0,1050.0
14,2,26,0,0,3.0,0.0031413612565445027,0.0,0.9732103448275864,0.7720936781609196,0.9673367816091952,0,955.0
22,3,26,0,0,3.0,0.002857142857142857,0.08329860866069794,0.9726114285714286,0.7704497142857143,0.9543937142857144,1,1050.0
6,2,26,0,0,4.0,0.006134969325153374,0.058541666716337204,0.9579948863636364,0.6420017045454546,0.9496204545454544,1,652.0
14,2,26,0,0,5.0,0.006896551724137931,0.048124998807907104,0.9595845714285716,0.6536731428571428,0.9767611428571428,1,725.0
22,3,26,0,0,2.0,0.0025284450063211127,0.0,0.960858757062147,0.6334305084745763,0.9482943502824858,0,791.0
6,2,26,0,0,3.0,0.002857142857142857,0.029756944626569748,0.9711568965517242,0.7715344827586208,0.9542132183908044,1,1050.0
14,2,26,0,0,4.0,0.0045351473922902496,0.013055555522441864,0.9698011363636364,0.75509375,0.9680863636363636,1,882.0
22,3,26,0,0,4.0,0.0038095238095238095,0.0,0.9699949438202248,0.7404140449438202,0.9610904494382022,0,1050.0
6,2,26,0,1,2.0,0.0021482277121374865,0.0,0.9694767045454546,0.7222562499999999,0.9522732954545454,0,931.0
14,2,26,0,1,4.0,0.004140786749482402,0.0,0.970316384180791,0.7160909604519774,0.958379661016949,0,966.0
22,3,26,0,1,4.0,0.005578800557880056,0.0837152749300003,0.9707780898876404,0.6486887640449438,0.9695876404494382,1,717.0
6,2,26,0,1,3.0,0.004273504273504274,0.0,0.9605514124293784,0.6269536723163842,0.9538604519774012,0,702.0
14,2,26,0,1,3.0,0.004316546762589928,0.0,0.961474431818182,0.6564625000000001,0.9428977272727272,0,695.0
22,3,26,0,1,3.0,0.0044444444444444444,0.0,0.9596569832402236,0.6435245810055866,0.9638513966480448,0,675.0
6,2,26,0,1,6.0,0.006153846153846154,0.0,0.965764,0.7633297142857142,0.9598091428571428,0,975.0
14,2,26,0,1,4.0,0.00425531914893617,0.0,0.961093220338983,0.7580553672316385,0.9796604519774011,0,940.0
22,3,26,0,1,2.0,0.0019047619047619048,0.0,0.95955530726257,0.7858726256983241,0.97316312849162,0,1050.0
6,2,26,0,2,5.0,0.005112474437627812,0.10709635447710752,0.9684011363636364,0.7713215909090909,0.9683693181818182,1,978.0
14,2,26,0,2,5.0,0.004761904761904762,0.10709635447710752,0.9675180790960451,0.7758463276836158,0.9586621468926554,1,1050.0
22,3,26,0,2,2.0,0.0021253985122210413,0.0,0.9660954545454546,0.7738732954545454,0.9695846590909092,0,941.0
6,2,26,0,2,3.0,0.003963011889035667,0.07364583015441895,0.9734926553672316,0.6269056497175142,0.955367231638418,1,757.0
14,2,26,0,2,6.0,0.008670520231213872,0.06295138597488403,0.9717162921348316,0.6548410112359551,0.9551494382022472,1,692.0
22,3,26,0,2,4.0,0.00558659217877095,0.10709635447710752,0.9691514450867053,0.6074329479768786,0.9537063583815028,1,716.0
6,2,26,0,2,2.0,0.0019102196752626551,0.0,0.9558448863636364,0.7807528409090909,0.977555681818182,0,1047.0
14,2,26,0,2,6.0,0.007371007371007371,0.0,0.959408,0.7887599999999999,0.9514285714285714,0,814.0
22,3,26,0,2,6.0,0.006198347107438017,0.10709635447710752,0.9592327485380115,0.7542111111111112,0.97113216374269,1,968.0
6,2,26,0,3,6.0,0.010101010101010102,0.0,0.97625197740113,0.6071683615819209,0.9534841807909604,0,594.0
14,2,26,0,3,5.0,0.0076103500761035,0.0,0.9750948863636364,0.5983465909090909,0.9623090909090908,0,657.0
22,3,26,0,3,4.0,0.005738880918220947,0.0,0.9761469273743016,0.5908648044692737,0.9510592178770948,0,697.0
6,2,26,0,3,3.0,0.003432494279176201,0.10709635447710752,0.9577932203389832,0.7727412429378532,0.9548954802259888,2,874.0
14,2,26,0,3,4.0,0.004878048780487805,0.10709635447710752,0.9601118644067796,0.7691152542372881,0.9529186440677966,2,820.0
22,3,26,0,3,1.0,0.0009523809523809524,0.10649305582046509,0.9582296511627908,0.8025308139534885,0.9455558139534884,2,1050.0
6,2,26,0,3,3.0,0.0035587188612099642,0.0,0.970548275862069,0.7340936781609195,0.969635632183908,0,843.0
14,2,26,0,3,4.0,0.0047789725209080045,0.0,0.9679265536723164,0.677564406779661,0.9646892655367232,0,837.0
22,3,26,0,3,3.0,0.0033783783783783786,0.0,0.9663485875706216,0.7424570621468926,0.9622666666666668,0,888.0
6,3,26,0,0,2.0,0.0019047619047619048,0.10709635447710752,0.9714869318181818,0.7811892045454545,0.9603221590909092,1,1050.0
14,3,26,0,0,5.0,0.006313131313131313,0.10709635447710752,0.9732103448275864,0.7720936781609196,0.9673367816091952,1,792.0
22,4,26,0,0,4.0,0.0038095238095238095,0.0,0.9726114285714286,0.7704497142857143,0.9543937142857144,0,1050.0
6,3,26,0,0,2.0,0.002962962962962963,0.0,0.9579948863636364,0.6420017045454546,0.9496204545454544,0,675.0
14,3,26,0,0,2.0,0.00273224043715847,0.0,0.9595845714285716,0.6536731428571428,0.9767611428571428,0,732.0
22,4,26,0,0,4.0,0.005405405405405406,0.0,0.960858757062147,0.6334305084745763,0.9482943502824858,0,740.0
6,3,26,0,0,6.0,0.007471980074719801,0.0,0.9711568965517242,0.7715344827586208,0.9542132183908044,0,803.0
14,3,26,0,0,2.0,0.002280501710376283,0.0,0.9698011363636364,0.75509375,0.9680863636363636,0,877.0
22,4,26,0,0,3.0,0.0028653295128939827,0.0,0.9699949438202248,0.7404140449438202,0.9610904494382022,0,1047.0
6,3,26,0,1,3.0,0.0037128712871287127,0.09343750029802322,0.9694767045454546,0.7222562499999999,0.9522732954545454,1,808.0
14,3,26,0,1,4.0,0.004592422502870264,0.041875001043081284,0.970316384180791,0.7160909604519774,0.958379661016949,1,871.0
22,4,26,0,1,5.0,0.0056753688989784334,0.03951388970017433,0.9707780898876404,0.6486887640449438,0.9695876404494382,1,881.0
6,3,26,0,1,4.0,0.005722460658082976,0.0,0.9605514124293784,0.6269536723163842,0.9538604519774012,0,699.0
14,3,26,0,1,3.0,0.0033707865168539327,0.0,0.961474431818182,0.6564625000000001,0.9428977272727272,0,890.0
22,4,26,0,1,4.0,0.005797101449275362,0.0,0.9596569832402236,0.6435245810055866,0.9638513966480448,0,690.0
6,3,26,0,1,3.0,0.002857142857142857,0.0,0.965764,0.7633297142857142,0.9598091428571428,0,1050.0
14,3,26,0,1,6.0,0.005893909626719057,0.0,0.961093220338983,0.7580553672316385,0.9796604519774011,0,1018.0
22,4,26,0,1,2.0,0.0019047619047619048,0.025416666641831398,0.95955530726257,0.7858726256983241,0.97316312849162,1,1050.0
6,3,26,0,2,4.0,0.0038095238095238095,0.0,0.9684011363636364,0.7713215909090909,0.9683693181818182,0,1050.0
14,3,26,0,2,6.0,0.005865102639296188,0.0,0.9675180790960451,0.7758463276836158,0.9586621468926554,0,1023.0
22,4,26,0,2,2.0,0.0022522522522522522,0.0,0.9660954545454546,0.7738732954545454,0.9695846590909092,0,888.0
6,3,26,0,2,3.0,0.00482315112540193,0.10709635447710752,0.9734926553672316,0.6269056497175142,0.955367231638418,1,622.0
14,3,26,0,2,5.0,0.006289308176100629,0.10486111044883728,0.9717162921348316,0.6548410112359551,0.9551494382022472,1,795.0
22,4,26,0,2,4.0,0.005161290322580645,0.0,0.9691514450867053,0.6074329479768786,0.9537063583815028,0,775.0
6,3,26,0,2,6.0,0.005714285714285714,0.10709635447710752,0.9558448863636364,0.7807528409090909,0.977555681818182,1,1050.0
14,3,26,0,2,6.0,0.006423982869379015,0.10709635447710752,0.959408,0.7887599999999999,0.9514285714285714,1,934.0
22,4,26,0,2,2.0,0.0019047619047619048,0.10709635447710752,0.9592327485380115,0.7542111111111112,0.97113216374269,1,1050.0
6,3,26,0,3,5.0,0.006830601092896175,0.0,0.97625197740113,0.6071683615819209,0.9534841807909604,0,732.0
14,3,26,0,3,4.0,0.006211180124223602,0.0,0.9750948863636364,0.5983465909090909,0.9623090909090908,0,644.0
22,4,26,0,3,4.0,0.005738880918220947,0.015277777798473835,0.9761469273743016,0.5908648044692737,0.9510592178770948,1,697.0
6,3,26,0,3,5.0,0.005636978579481398,0.08093749731779099,0.9577932203389832,0.7727412429378532,0.9548954802259888,2,887.0
14,3,26,0,3,5.0,0.005050505050505051,0.10709635447710752,0.9601118644067796,0.7691152542372881,0.9529186440677966,2,990.0
22,4,26,0,3,4.0,0.0039100684261974585,0.0,0.9582296511627908,0.8025308139534885,0.9455558139534884,0,1023.0
6,3,26,0,3,3.0,0.003947368421052632,0.0,0.970548275862069,0.7340936781609195,0.969635632183908,0,760.0
14,3,26,0,3,5.0,0.006756756756756757,0.0,0.9679265536723164,0.677564406779661,0.9646892655367232,0,740.0
22,4,26,0,3,4.0,0.004008016032064128,0.0,0.9663485875706216,0.7424570621468926,0.9622666666666668,0,998.0
6,4,26,0,0,2.0,0.0021164021164021165,0.0,0.9714869318181818,0.7811892045454545,0.9603221590909092,0,945.0
14,4,26,0,0,3.0,0.0031120331950207467,0.0,0.9732103448275864,0.7720936781609196,0.9673367816091952,0,964.0
22,5,26,1,0,5.0,0.0055309734513274336,0.050208333879709244,0.9726114285714286,0.7704497142857143,0.9543937142857144,1,904.0
6,4,26,0,0,5.0,0.006858710562414266,0.0,0.9579948863636364,0.6420017045454546,0.9496204545454544,0,729.0
14,4,26,0,0,2.0,0.002531645569620253,0.0,0.9595845714285716,0.6536731428571428,0.9767611428571428,0,790.0
22,5,26,1,0,1.0,0.00145985401459854,0.0,0.960858757062147,0.6334305084745763,0.9482943502824858,0,685.0
6,4,26,0,0,2.0,0.0019047619047619048,0.0,0.9711568965517242,0.7715344827586208,0.9542132183908044,0,1050.0
14,4,26,0,0,2.0,0.0020512820512820513,0.0,0.9698011363636364,0.75509375,0.9680863636363636,0,975.0
22,5,26,1,0,5.0,0.005411255411255411,0.0,0.9699949438202248,0.7404140449438202,0.9610904494382022,0,924.0
6,4,26,0,1,4.0,0.004656577415599534,0.06725694239139557,0.9694767045454546,0.7222562499999999,0.9522732954545454,1,859.0
14,4,26,0,1,4.0,0.0045871559633027525,0.09375,0.970316384180791,0.7160909604519774,0.958379661016949,1,872.0
22,5,26,1,1,3.0,0.0032967032967032967,0.0,0.9707780898876404,0.6486887640449438,0.9695876404494382,0,910.0
6,4,26,0,1,4.0,0.005208333333333333,0.0,0.9605514124293784,0.6269536723163842,0.9538604519774012,0,768.0
14,4,26,0,1,1.0,0.0014577259475218659,0.0,0.961474431818182,0.6564625000000001,0.9428977272727272,0,686.0
22,5,26,1,1,3.0,0.004497751124437781,0.10709635447710752,0.9596569832402236,0.6435245810055866,0.9638513966480448,3,667.0
6,4,26,0,1,4.0,0.003913894324853229,0.0416666679084301,0.965764,0.7633297142857142,0.9598091428571428,1,1022.0
14,4,26,0,1,5.0,0.004761904761904762,0.028784722089767456,0.961093220338983,0.7580553672316385,0.9796604519774011,1,1050.0
22,5,26,1,1,4.0,0.004310344827586207,0.0,0.95955530726257,0.7858726256983241,0.97316312849162,0,928.0
6,4,26,0,2,4.0,0.004581901489117984,0.0,0.9684011363636364,0.7713215909090909,0.9683693181818182,0,873.0
14,4,26,0,2,5.0,0.004807692307692308,0.0,0.9675180790960451,0.7758463276836158,0.9586621468926554,0,1040.0
22,5,26,1,2,3.0,0.002857142857142857,0.05763888731598854,0.9660954545454546,0.7738732954545454,0.9695846590909092,1,1050.0
6,4,26,0,2,5.0,0.007204610951008645,0.0,0.9734926553672316,0.6269056497175142,0.955367231638418,0,694.0
14,4,26,0,2,6.0,0.00749063670411985,0.0,0.9717162921348316,0.6548410112359551,0.9551494382022472,0,801.0
22,5,26,1,2,5.0,0.006060606060606061,0.020243056118488312,0.9691514450867053,0.6074329479768786,0.9537063583815028,1,825.0
6,4,26,0,2,5.0,0.0053705692803437165,0.10709635447710752,0.9558448863636364,0.7807528409090909,0.977555681818182,1,931.0
14,4,26,0,2,4.0,0.0041753653444676405,0.07993055880069733,0.959408,0.7887599999999999,0.9514285714285714,1,958.0
22,5,26,1,2,2.0,0.0019047619047619048,0.10709635447710752,0.9592327485380115,0.7542111111111112,0.97113216374269,1,1050.0
6,4,26,0,3,4.0,0.004819277108433735,0.013159722089767456,0.97625197740113,0.6071683615819209,0.9534841807909604,1,830.0
14,4,26,0,3,4.0,0.005641748942172073,0.020555555820465088,0.9750948863636364,0.5983465909090909,0.9623090909090908,1,709.0
22,5,26,1,3,1.0,0.0015313935681470138,0.0,0.9761469273743016,0.5908648044692737,0.9510592178770948,0,653.0
6,4,26,0,3,2.0,0.002336448598130841,0.0,0.9577932203389832,0.7727412429378532,0.9548954802259888,0,856.0
14,4,26,0,3,3.0,0.003188097768331562,0.0,0.9601118644067796,0.7691152542372881,0.9529186440677966,0,941.0
22,5,26,1,3,7.0,0.008111239860950173,0.03479166701436043,0.9582296511627908,0.8025308139534885,0.9455558139534884,1,863.0
6,4,26,0,3,3.0,0.003232758620689655,0.0,0.970548275862069,0.7340936781609195,0.969635632183908,0,928.0
14,4,26,0,3,5.0,0.005701254275940707,0.0,0.9679265536723164,0.677564406779661,0.9646892655367232,0,877.0
22,5,26,1,3,2.0,0.002103049421661409,0.0,0.9663485875706216,0.7424570621468926,0.9622666666666668,0,951.0
14,5,26,1,0,3.0,0.003033367037411527,0.05746527761220932,0.9732103448275864,0.7720936781609196,0.9673367816091952,1,989.0
22,6,26,1,0,3.0,0.002857142857142857,0.0,0.9726114285714286,0.7704497142857143,0.9543937142857144,0,1050.0
6,5,26,1,0,4.0,0.006600660066006601,0.0,0.9579948863636364,0.6420017045454546,0.9496204545454544,0,606.0
14,5,26,1,0,3.0,0.004477611940298508,0.0,0.9595845714285716,0.6536731428571428,0.9767611428571428,0,670.0
22,6,26,1,0,3.0,0.0037313432835820895,0.10709635447710752,0.960858757062147,0.6334305084745763,0.9482943502824858,1,804.0
6,5,26,1,0,6.0,0.005714285714285714,0.0,0.9711568965517242,0.7715344827586208,0.9542132183908044,0,1050.0
14,5,26,1,0,5.0,0.0057405281285878304,0.0,0.9698011363636364,0.75509375,0.9680863636363636,0,871.0
22,6,26,1,0,2.0,0.0022988505747126436,0.0,0.9699949438202248,0.7404140449438202,0.9610904494382022,0,870.0
6,5,26,1,1,2.0,0.0022624434389140274,0.0,0.9694767045454546,0.7222562499999999,0.9522732954545454,0,884.0
22,6,26,1,1,1.0,0.0013003901170351106,0.0,0.9707780898876404,0.6486887640449438,0.9695876404494382,0,769.0
6,5,26,1,1,4.0,0.005194805194805195,0.10709635447710752,0.9605514124293784,0.6269536723163842,0.9538604519774012,3,770.0
14,5,26,1,1,2.0,0.0026041666666666665,0.10709635447710752,0.961474431818182,0.6564625000000001,0.9428977272727272,3,768.0
22,6,26,1,1,3.0,0.005110732538330494,0.10479166358709335,0.9596569832402236,0.6435245810055866,0.9638513966480448,1,587.0
6,5,26,1,1,2.0,0.0022727272727272726,0.0,0.965764,0.7633297142857142,0.9598091428571428,0,880.0
14,5,26,1,1,4.0,0.005134788189987163,0.0,0.961093220338983,0.7580553672316385,0.9796604519774011,0,779.0
22,6,26,1,1,4.0,0.004807692307692308,0.0,0.95955530726257,0.7858726256983241,0.97316312849162,0,832.0
6,5,26,1,2,5.0,0.005681818181818182,0.04131944477558136,0.9684011363636364,0.7713215909090909,0.9683693181818182,1,880.0
14,5,26,1,2,2.0,0.0019665683382497543,0.059513889253139496,0.9675180790960451,0.7758463276836158,0.9586621468926554,1,1017.0
22,6,26,1,2,4.0,0.003883495145631068,0.0,0.9660954545454546,0.7738732954545454,0.9695846590909092,0,1030.0
6,5,26,1,2,6.0,0.008185538881309686,0.03465277701616287,0.9734926553672316,0.6269056497175142,0.955367231638418,1,733.0
14,5,26,1,2,5.0,0.006896551724137931,0.032673612236976624,0.9717162921348316,0.6548410112359551,0.9551494382022472,1,725.0
22,6,26,1,2,3.0,0.004411764705882353,0.10709635447710752,0.9691514450867053,0.6074329479768786,0.9537063583815028,1,680.0
6,5,26,1,2,6.0,0.006659267480577136,0.08538194745779037,0.9558448863636364,0.7807528409090909,0.977555681818182,1,901.0
14,5,26,1,2,6.0,0.005905511811023622,0.10709635447710752,0.959408,0.7887599999999999,0.9514285714285714,1,1016.0
22,6,26,1,2,4.0,0.004618937644341801,0.025555554777383804,0.9592327485380115,0.7542111111111112,0.97113216374269,1,866.0
6,5,26,1,3,4.0,0.005610098176718092,0.0,0.97625197740113,0.6071683615819209,0.9534841807909604,0,713.0
14,5,26,1,3,3.0,0.00487012987012987,0.0,0.9750948863636364,0.5983465909090909,0.9623090909090908,0,616.0
22,6,26,1,3,3.0,0.004092769440654843,0.0,0.9761469273743016,0.5908648044692737,0.9510592178770948,0,733.0
6,5,26,1,3,3.0,0.0033259423503325942,0.09916666895151138,0.9577932203389832,0.7727412429378532,0.9548954802259888,1,902.0
14,5,26,1,3,2.0,0.001968503937007874,0.04045138880610466,0.9601118644067796,0.7691152542372881,0.9529186440677966,1,1016.0
22,6,26,1,3,4.0,0.0038684719535783366,0.0,0.9582296511627908,0.8025308139534885,0.9455558139534884,0,1034.0
6,5,26,1,3,2.0,0.0025380710659898475,0.0,0.970548275862069,0.7340936781609195,0.969635632183908,0,788.0
14,5,26,1,3,6.0,0.006880733944954129,0.0,0.9679265536723164,0.677564406779661,0.9646892655367232,0,872.0
22,6,26,1,3,5.0,0.004793863854266539,0.0,0.9663485875706216,0.7424570621468926,0.9622666666666668,0,1043.0
6,6,26,1,0,5.0,0.005252100840336135,0.0,0.9714869318181818,0.7811892045454545,0.9603221590909092,0,952.0
14,6,26,1,0,3.0,0.0029644268774703555,0.0,0.9732103448275864,0.7720936781609196,0.9673367816091952,0,1012.0
22,0,27,0,0,7.0,0.00676328502415459,0.0,0.9726114285714286,0.7704497142857143,0.9543937142857144,0,1035.0
6,6,26,1,0,3.0,0.003243243243243243,0.10709635447710752,0.9579948863636364,0.6420017045454546,0.9496204545454544,1,925.0
14,6,26,1,0,5.0,0.007564296520423601,0.10709635447710752,0.9595845714285716,0.6536731428571428,0.9767611428571428,1,661.0
22,0,27,0,0,4.0,0.005188067444876783,0.0,0.960858757062147,0.6334305084745763,0.9482943502824858,0,771.0
6,6,26,1,0,3.0,0.0029469548133595285,0.0,0.9711568965517242,0.7715344827586208,0.9542132183908044,0,1018.0
14,6,26,1,0,3.0,0.0030991735537190084,0.0,0.9698011363636364,0.75509375,0.9680863636363636,0,968.0
22,0,27,0,0,3.0,0.004878048780487805,0.10709635447710752,0.9699949438202248,0.7404140449438202,0.9610904494382022,1,615.0
6,6,26,1,1,5.0,0.005549389567147614,0.0,0.9694767045454546,0.7222562499999999,0.9522732954545454,0,901.0
14,6,26,1,1,3.0,0.0031088082901554403,0.0,0.970316384180791,0.7160909604519774,0.958379661016949,0,965.0
22,0,27,0,1,5.0,0.00625,0.0,0.9707780898876404,0.6486887640449438,0.9695876404494382,0,800.0
6,6,26,1,1,6.0,0.009302325581395349,0.10709635447710752,0.9605514124293784,0.6269536723163842,0.9538604519774012,1,645.0
14,6,26,1,1,3.0,0.0036319612590799033,0.10709635447710752,0.961474431818182,0.6564625000000001,0.9428977272727272,1,826.0
22,0,27,0,1,6.0,0.008995502248875561,0.0,0.9596569832402236,0.6435245810055866,0.9638513966480448,0,667.0
6,6,26,1,1,4.0,0.003887269193391642,0.0,0.965764,0.7633297142857142,0.9598091428571428,0,1029.0
14,6,26,1,1,2.0,0.002103049421661409,0.0,0.961093220338983,0.7580553672316385,0.9796604519774011,0,951.0
22,0,27,0,1,3.0,0.0030241935483870967,0.0,0.95955530726257,0.7858726256983241,0.97316312849162,0,992.0
6,6,26,1,2,5.0,0.005040322580645161,0.0,0.9684011363636364,0.7713215909090909,0.9683693181818182,0,992.0
14,6,26,1,2,3.0,0.002890173410404624,0.0,0.9675180790960451,0.7758463276836158,0.9586621468926554,0,1038.0
22,0,27,0,2,1.0,0.0009523809523809524,0.10709635447710752,0.9660954545454546,0.7738732954545454,0.9695846590909092,2,1050.0
6,6,26,1,2,2.0,0.0026917900403768506,0.10709635447710752,0.9734926553672316,0.6269056497175142,0.955367231638418,1,743.0
14,6,26,1,2,5.0,0.006657789613848202,0.08670138567686081,0.9717162921348316,0.6548410112359551,0.9551494382022472,1,751.0
22,0,27,0,2,4.0,0.004711425206124852,0.10709635447710752,0.9691514450867053,0.6074329479768786,0.9537063583815028,1,849.0
6,6,26,1,2,4.0,0.0038095238095238095,0.031284723430871964,0.9558448863636364,0.7807528409090909,0.977555681818182,1,1050.0
22,0,27,0,2,3.0,0.0029469548133595285,0.0,0.9592327485380115,0.7542111111111112,0.97113216374269,0,1018.0
6,6,26,1,3,5.0,0.006265664160401002,0.0,0.97625197740113,0.6071683615819209,0.9534841807909604,0,798.0
14,6,26,1,3,4.0,0.0048367593712212815,0.0,0.9750948863636364,0.5983465909090909,0.9623090909090908,0,827.0
22,0,27,0,3,6.0,0.0091324200913242,0.0,0.9761469273743016,0.5908648044692737,0.9510592178770948,0,657.0
6,6,26,1,3,2.0,0.0019550342130987292,0.0,0.9577932203389832,0.7727412429378532,0.9548954802259888,0,1023.0
14,6,26,1,3,3.0,0.0035419126328217238,0.0,0.9601118644067796,0.7691152542372881,0.9529186440677966,0,847.0
22,0,27,0,3,3.0,0.0032858707557502738,0.0,0.9582296511627908,0.8025308139534885,0.9455558139534884,0,913.0
6,6,26,1,3,2.0,0.0020491803278688526,0.0,0.970548275862069,0.7340936781609195,0.969635632183908,0,976.0
14,6,26,1,3,5.0,0.005291005291005291,0.0,0.9679265536723164,0.677564406779661,0.9646892655367232,0,945.0
22,0,27,0,3,5.0,0.005787037037037037,0.0,0.9663485875706216,0.7424570621468926,0.9622666666666668,0,864.0
6,0,27,0,0,4.0,0.004044489383215369,0.0,0.9714869318181818,0.7811892045454545,0.9603221590909092,0,989.0
14,0,27,0,0,6.0,0.005714285714285714,0.0,0.9732103448275864,0.7720936781609196,0.9673367816091952,0,1050.0
22,1,27,0,0,4.0,0.004314994606256742,0.0,0.9726114285714286,0.7704497142857143,0.9543937142857144,0,927.0
6,0,27,0,0,4.0,0.005780346820809248,0.0,0.9579948863636364,0.6420017045454546,0.9496204545454544,0,692.0
14,0,27,0,0,6.0,0.00946372239747634,0.0,0.9595845714285716,0.6536731428571428,0.9767611428571428,0,634.0
22,1,27,0,0,3.0,0.005545286506469501,0.0,0.960858757062147,0.6334305084745763,0.9482943502824858,0,541.0
6,0,27,0,0,2.0,0.001937984496124031,0.08041666448116302,0.9711568965517242,0.7715344827586208,0.9542132183908044,1,1032.0
14,0,27,0,0,4.0,0.004439511653718091,0.10709635447710752,0.9698011363636364,0.75509375,0.9680863636363636,1,901.0
22,1,27,0,0,3.0,0.0028708133971291866,0.0,0.9699949438202248,0.7404140449438202,0.9610904494382022,0,1045.0
6,0,27,0,1,5.0,0.005330490405117271,0.0,0.9694767045454546,0.7222562499999999,0.9522732954545454,0,938.0
14,0,27,0,1,5.0,0.005868544600938967,0.0,0.970316384180791,0.7160909604519774,0.958379661016949,0,852.0
22,1,27,0,1,2.0,0.002380952380952381,0.0,0.9707780898876404,0.6486887640449438,0.9695876404494382,0,840.0
6,0,27,0,1,3.0,0.004470938897168405,0.0,0.9605514124293784,0.6269536723163842,0.9538604519774012,0,671.0
14,0,27,0,1,3.0,0.0035046728971962616,0.0,0.961474431818182,0.6564625000000001,0.9428977272727272,0,856.0
22,1,27,0,1,2.0,0.0025974025974025974,0.0,0.9596569832402236,0.6435245810055866,0.9638513966480448,0,770.0
6,0,27,0,1,4.0,0.004246284501061571,0.0,0.965764,0.7633297142857142,0.9598091428571428,0,942.0
14,0,27,0,1,3.0,0.0029910269192422734,0.0,0.961093220338983,0.7580553672316385,0.9796604519774011,0,1003.0
22,1,27,0,1,1.0,0.001364256480218281,0.10709635447710752,0.95955530726257,0.7858726256983241,0.97316312849162,2,733.0
6,0,27,0,2,6.0,0.005714285714285714,0.10709635447710752,0.9684011363636364,0.7713215909090909,0.9683693181818182,2,1050.0
14,0,27,0,2,4.0,0.0038095238095238095,0.10709635447710752,0.9675180790960451,0.7758463276836158,0.9586621468926554,2,1050.0
22,1,27,0,2,2.0,0.0019047619047619048,0.10709635447710752,0.9660954545454546,0.7738732954545454,0.9695846590909092,2,1050.0
6,0,27,0,2,4.0,0.004744958481613286,0.10709635447710752,0.9734926553672316,0.6269056497175142,0.955367231638418,1,843.0
14,0,27,0,2,6.0,0.007692307692307693,0.10709635447710752,0.9717162921348316,0.6548410112359551,0.9551494382022472,1,780.0
22,1,27,0,2,5.0,0.0068775790921595595,0.0,0.9691514450867053,0.6074329479768786,0.9537063583815028,0,727.0
6,0,27,0,2,2.0,0.001984126984126984,0.0,0.9558448863636364,0.7807528409090909,0.977555681818182,0,1008.0
14,0,27,0,2,6.0,0.0058823529411764705,0.0,0.959408,0.7887599999999999,0.9514285714285714,0,1020.0
22,1,27,0,2,7.0,0.006666666666666667,0.004097222350537777,0.9592327485380115,0.7542111111111112,0.97113216374269,1,1050.0
6,0,27,0,3,2.0,0.0028530670470756064,0.0,0.97625197740113,0.6071683615819209,0.9534841807909604,0,701.0
14,0,27,0,3,3.0,0.004665629860031105,0.0,0.9750948863636364,0.5983465909090909,0.9623090909090908,0,643.0
22,1,27,0,3,5.0,0.007451564828614009,0.0,0.9761469273743016,0.5908648044692737,0.9510592178770948,0,671.0
6,0,27,0,3,6.0,0.0066518847006651885,0.0,0.9577932203389832,0.7727412429378532,0.9548954802259888,0,902.0
14,0,27,0,3,3.0,0.003121748178980229,0.0,0.9601118644067796,0.7691152542372881,0.9529186440677966,0,961.0
22,1,27,0,3,6.0,0.007177033492822967,0.0,0.9582296511627908,0.8025308139534885,0.9455558139534884,0,836.0
6,0,27,0,3,5.0,0.0055617352614015575,0.0,0.970548275862069,0.7340936781609195,0.969635632183908,0,899.0
14,0,27,0,3,5.0,0.005470459518599562,0.0,0.9679265536723164,0.677564406779661,0.9646892655367232,0,914.0
22,1,27,0,3,2.0,0.0022002200220022,0.0,0.9663485875706216,0.7424570621468926,0.9622666666666668,0,909.0
6,1,27,0,0,4.0,0.004338394793926247,0.0,0.9714869318181818,0.7811892045454545,0.9603221590909092,0,922.0
14,1,27,0,0,5.0,0.004780114722753346,0.0,0.9732103448275864,0.7720936781609196,0.9673367816091952,0,1046.0
22,2,27,0,0,5.0,0.004849660523763337,0.0,0.9726114285714286,0.7704497142857143,0.9543937142857144,0,1031.0
6,1,27,0,0,4.0,0.005221932114882507,0.0,0.9579948863636364,0.6420017045454546,0.9496204545454544,0,766.0
14,1,27,0,0,4.0,0.004962779156327543,0.0,0.9595845714285716,0.6536731428571428,0.9767611428571428,0,806.0
22,2,27,0,0,2.0,0.002372479240806643,0.0,0.960858757062147,0.6334305084745763,0.9482943502824858,0,843.0
6,1,27,0,0,5.0,0.0050916496945010185,0.0,0.9711568965517242,0.7715344827586208,0.9542132183908044,0,982.0
14,1,27,0,0,1.0,0.0012165450121654502,0.0,0.9698011363636364,0.75509375,0.9680863636363636,0,822.0
22,2,27,0,0,2.0,0.0021668472372697724,0.0,0.9699949438202248,0.7404140449438202,0.9610904494382022,0,923.0
6,1,27,0,1,3.0,0.0037831021437578815,0.0,0.9694767045454546,0.7222562499999999,0.9522732954545454,0,793.0
14,1,27,0,1,3.0,0.0035252643948296123,0.0,0.970316384180791,0.7160909604519774,0.958379661016949,0,851.0
22,2,27,0,1,6.0,0.007434944237918215,0.0,0.9707780898876404,0.6486887640449438,0.9695876404494382,0,807.0
6,1,27,0,1,5.0,0.007751937984496124,0.0,0.9605514124293784,0.6269536723163842,0.9538604519774012,0,645.0
14,1,27,0,1,4.0,0.004550625711035267,0.0,0.961474431818182,0.6564625000000001,0.9428977272727272,0,879.0
22,2,27,0,1,2.0,0.0026490066225165563,0.0,0.9596569832402236,0.6435245810055866,0.9638513966480448,0,755.0
6,1,27,0,1,5.0,0.004761904761904762,0.10709635447710752,0.965764,0.7633297142857142,0.9598091428571428,2,1050.0
14,1,27,0,1,3.0,0.0029354207436399216,0.10709635447710752,0.961093220338983,0.7580553672316385,0.9796604519774011,2,1022.0
22,2,27,0,1,6.0,0.006211180124223602,0.10709635447710752,0.95955530726257,0.7858726256983241,0.97316312849162,2,966.0
6,1,27,0,2,2.0,0.002369668246445498,0.053506944328546524,0.9684011363636364,0.7713215909090909,0.9683693181818182,2,844.0
14,1,27,0,2,5.0,0.004916420845624385,0.04548611119389534,0.9675180790960451,0.7758463276836158,0.9586621468926554,2,1017.0
22,2,27,0,2,7.0,0.006979062811565304,0.0,0.9660954545454546,0.7738732954545454,0.9695846590909092,0,1003.0
6,1,27,0,2,2.0,0.0022988505747126436,0.0,0.9734926553672316,0.6269056497175142,0.955367231638418,0,870.0
14,1,27,0,2,4.0,0.0056022408963585435,0.0,0.9717162921348316,0.6548410112359551,0.9551494382022472,0,714.0
22,2,27,0,2,1.0,0.0012165450121654502,0.0,0.9691514450867053,0.6074329479768786,0.9537063583815028,0,822.0
6,1,27,0,2,3.0,0.002926829268292683,0.0063541666604578495,0.9558448863636364,0.7807528409090909,0.977555681818182,1,1025.0
14,1,27,0,2,5.0,0.004761904761904762,0.006319444626569748,0.959408,0.7887599999999999,0.9514285714285714,1,1050.0
22,2,27,0,2,6.0,0.006172839506172839,0.0,0.9592327485380115,0.7542111111111112,0.97113216374269,0,972.0
6,1,27,0,3,3.0,0.0037267080745341614,0.0,0.97625197740113,0.6071683615819209,0.9534841807909604,0,805.0
14,1,27,0,3,4.0,0.005361930294906166,0.0,0.9750948863636364,0.5983465909090909,0.9623090909090908,0,746.0
22,2,27,0,3,7.0,0.008323424494649227,0.01909722201526165,0.9761469273743016,0.5908648044692737,0.9510592178770948,1,841.0
6,1,27,0,3,5.0,0.006188118811881188,0.0,0.9577932203389832,0.7727412429378532,0.9548954802259888,0,808.0
14,1,27,0,3,3.0,0.0034802784222737818,0.0,0.9601118644067796,0.7691152542372881,0.9529186440677966,0,862.0
22,2,27,0,3,2.0,0.0019047619047619048,0.0,0.9582296511627908,0.8025308139534885,0.9455558139534884,0,1050.0
6,1,27,0,3,2.0,0.00267379679144385,0.0,0.970548275862069,0.7340936781609195,0.969635632183908,0,748.0
14,1,27,0,3,5.0,0.005149330587023687,0.0,0.9679265536723164,0.677564406779661,0.9646892655367232,0,971.0
22,2,27,0,3,2.0,0.0024479804161566705,0.0,0.9663485875706216,0.7424570621468926,0.9622666666666668,0,817.0
6,2,27,0,0,5.0,0.005302226935312832,0.0,0.9714869318181818,0.7811892045454545,0.9603221590909092,0,943.0
14,2,27,0,0,5.0,0.004761904761904762,0.0,0.9732103448275864,0.7720936781609196,0.9673367816091952,0,1050.0
22,3,27,0,0,4.0,0.0038095238095238095,0.0,0.9726114285714286,0.7704497142857143,0.9543937142857144,0,1050.0
6,2,27,0,0,4.0,0.004469273743016759,0.0,0.9579948863636364,0.6420017045454546,0.9496204545454544,0,895.0
14,2,27,0,0,2.0,0.00234192037470726,0.0,0.9595845714285716,0.6536731428571428,0.9767611428571428,0,854.0
22,3,27,0,0,4.0,0.005383580080753701,0.0,0.960858757062147,0.6334305084745763,0.9482943502824858,0,743.0
6,2,27,0,0,5.0,0.005302226935312832,0.0,0.9711568965517242,0.7715344827586208,0.9542132183908044,0,943.0
14,2,27,0,0,5.0,0.0048828125,0.0,0.9698011363636364,0.75509375,0.9680863636363636,0,1024.0
22,3,27,0,0,3.0,0.002857142857142857,0.0,0.9699949438202248,0.7404140449438202,0.9610904494382022,0,1050.0
6,2,27,0,1,1.0,0.0011750881316098707,0.0,0.9694767045454546,0.7222562499999999,0.9522732954545454,0,851.0
14,2,27,0,1,3.0,0.003865979381443299,0.0,0.970316384180791,0.7160909604519774,0.958379661016949,0,776.0
22,3,27,0,1,5.0,0.005733944954128441,0.0,0.9707780898876404,0.6486887640449438,0.9695876404494382,0,872.0
6,2,27,0,1,5.0,0.008169934640522876,0.0,0.9605514124293784,0.6269536723163842,0.9538604519774012,0,612.0
14,2,27,0,1,5.0,0.006640106241699867,0.0,0.961474431818182,0.6564625000000001,0.9428977272727272,0,753.0
22,3,27,0,1,3.0,0.005681818181818182,0.0,0.9596569832402236,0.6435245810055866,0.9638513966480448,0,528.0
6,2,27,0,1,5.0,0.004945598417408506,0.10709635447710752,0.965764,0.7633297142857142,0.9598091428571428,2,1011.0
14,2,27,0,1,5.0,0.005753739930955121,0.10709635447710752,0.961093220338983,0.7580553672316385,0.9796604519774011,2,869.0
22,3,27,0,1,5.0,0.006082725060827251,0.10709635447710752,0.95955530726257,0.7858726256983241,0.97316312849162,1,822.0
6,2,27,0,2,4.0,0.00398406374501992,0.0,0.9684011363636364,0.7713215909090909,0.9683693181818182,0,1004.0
14,2,27,0,2,5.0,0.0050916496945010185,0.0,0.9675180790960451,0.7758463276836158,0.9586621468926554,0,982.0
22,3,27,0,2,4.0,0.004514672686230248,0.036249998956918716,0.9660954545454546,0.7738732954545454,0.9695846590909092,1,886.0
6,2,27,0,2,5.0,0.0056753688989784334,0.0,0.9734926553672316,0.6269056497175142,0.955367231638418,0,881.0
14,2,27,0,2,2.0,0.0030257186081694403,0.0,0.9717162921348316,0.6548410112359551,0.9551494382022472,0,661.0
22,3,27,0,2,3.0,0.0037593984962406013,0.0,0.9691514450867053,0.6074329479768786,0.9537063583815028,0,798.0
6,2,27,0,2,4.0,0.0038095238095238095,0.0,0.9558448863636364,0.7807528409090909,0.977555681818182,0,1050.0
14,2,27,0,2,3.0,0.002973240832507433,0.0,0.959408,0.7887599999999999,0.9514285714285714,0,1009.0
22,3,27,0,2,4.0,0.00404040404040404,0.0,0.9592327485380115,0.7542111111111112,0.97113216374269,0,990.0
6,2,27,0,3,2.0,0.0024875621890547263,0.016249999403953552,0.97625197740113,0.6071683615819209,0.9534841807909604,1,804.0
14,2,27,0,3,3.0,0.004411764705882353,0.02326388843357563,0.9750948863636364,0.5983465909090909,0.9623090909090908,1,680.0
22,3,27,0,3,2.0,0.002797202797202797,0.0,0.9761469273743016,0.5908648044692737,0.9510592178770948,0,715.0
6,2,27,0,3,6.0,0.006550218340611353,0.0,0.9577932203389832,0.7727412429378532,0.9548954802259888,0,916.0
14,2,27,0,3,3.0,0.0031779661016949155,0.0,0.9601118644067796,0.7691152542372881,0.9529186440677966,0,944.0
22,3,27,0,3,4.0,0.004132231404958678,0.0,0.9582296511627908,0.8025308139534885,0.9455558139534884,0,968.0
6,2,27,0,3,2.0,0.0019047619047619048,0.0,0.970548275862069,0.7340936781609195,0.969635632183908,0,1050.0
14,2,27,0,3,3.0,0.0032017075773745998,0.0,0.9679265536723164,0.677564406779661,0.9646892655367232,0,937.0
22,3,27,0,3,3.0,0.003393665158371041,0.029444444924592972,0.9663485875706216,0.7424570621468926,0.9622666666666668,1,884.0
6,3,27,0,0,4.0,0.0038095238095238095,0.0,0.9714869318181818,0.7811892045454545,0.9603221590909092,0,1050.0
14,3,27,0,0,3.0,0.003215434083601286,0.0,0.9732103448275864,0.7720936781609196,0.9673367816091952,0,933.0
22,4,27,0,0,6.0,0.005714285714285714,0.0,0.9726114285714286,0.7704497142857143,0.9543937142857144,0,1050.0
6,3,27,0,0,5.0,0.007680491551459293,0.0,0.9579948863636364,0.6420017045454546,0.9496204545454544,0,651.0
14,3,27,0,0,5.0,0.007173601147776184,0.0,0.9595845714285716,0.6536731428571428,0.9767611428571428,0,697.0
22,4,27,0,0,4.0,0.006896551724137931,0.0,0.960858757062147,0.6334305084745763,0.9482943502824858,0,580.0
6,3,27,0,0,2.0,0.0025974025974025974,0.0,0.9711568965517242,0.7715344827586208,0.9542132183908044,0,770.0
14,3,27,0,0,2.0,0.0024009603841536613,0.0,0.9698011363636364,0.75509375,0.9680863636363636,0,833.0
22,4,27,0,0,7.0,0.0068694798822374874,0.0,0.9699949438202248,0.7404140449438202,0.9610904494382022,0,1019.0
6,3,27,0,1,3.0,0.00436046511627907,0.0,0.9694767045454546,0.7222562499999999,0.9522732954545454,0,688.0
14,3,27,0,1,3.0,0.0036496350364963502,0.0,0.970316384180791,0.7160909604519774,0.958379661016949,0,822.0
22,4,27,0,1,3.0,0.0033259423503325942,0.10709635447710752,0.9707780898876404,0.6486887640449438,0.9695876404494382,3,902.0
6,3,27,0,1,3.0,0.004608294930875576,0.0,0.9605514124293784,0.6269536723163842,0.9538604519774012,0,651.0
14,3,27,0,1,2.0,0.002688172043010753,0.0,0.961474431818182,0.6564625000000001,0.9428977272727272,0,744.0
22,4,27,0,1,4.0,0.00631911532385466,0.043090276420116425,0.9596569832402236,0.6435245810055866,0.9638513966480448,1,633.0
6,3,27,0,1,6.0,0.007926023778071334,0.10709635447710752,0.965764,0.7633297142857142,0.9598091428571428,1,757.0
14,3,27,0,1,4.0,0.0043859649122807015,0.10709635447710752,0.961093220338983,0.7580553672316385,0.9796604519774011,1,912.0
22,4,27,0,1,6.0,0.005714285714285714,0.0,0.95955530726257,0.7858726256983241,0.97316312849162,0,1050.0
6,3,27,0,2,3.0,0.002997002997002997,0.06920138746500015,0.9684011363636364,0.7713215909090909,0.9683693181818182,1,1001.0
14,3,27,0,2,6.0,0.006622516556291391,0.06628472357988358,0.9675180790960451,0.7758463276836158,0.9586621468926554,1,906.0
22,4,27,0,2,4.0,0.0047562425683709865,0.0,0.9660954545454546,0.7738732954545454,0.9695846590909092,0,841.0
6,3,27,0,2,2.0,0.0023923444976076554,0.0,0.9734926553672316,0.6269056497175142,0.955367231638418,0,836.0
14,3,27,0,2,6.0,0.007633587786259542,0.0,0.9717162921348316,0.6548410112359551,0.9551494382022472,0,786.0
22,4,27,0,2,4.0,0.006006006006006006,0.0,0.9691514450867053,0.6074329479768786,0.9537063583815028,0,666.0
6,3,27,0,2,2.0,0.0020470829068577278,0.0,0.9558448863636364,0.7807528409090909,0.977555681818182,0,977.0
14,3,27,0,2,5.0,0.004780114722753346,0.0,0.959408,0.7887599999999999,0.9514285714285714,0,1046.0
22,4,27,0,2,3.0,0.0030211480362537764,0.0,0.9592327485380115,0.7542111111111112,0.97113216374269,0,993.0
6,3,27,0,3,4.0,0.005681818181818182,0.0,0.97625197740113,0.6071683615819209,0.9534841807909604,0,704.0
14,3,27,0,3,5.0,0.0075528700906344415,0.0,0.9750948863636364,0.5983465909090909,0.9623090909090908,0,662.0
22,4,27,0,3,4.0,0.005943536404160475,0.0,0.9761469273743016,0.5908648044692737,0.9510592178770948,0,673.0
6,3,27,0,3,5.0,0.006402048655569782,0.0,0.9577932203389832,0.7727412429378532,0.9548954802259888,0,781.0
14,3,27,0,3,6.0,0.0057859209257473485,0.0,0.9601118644067796,0.7691152542372881,0.9529186440677966,0,1037.0
22,4,27,0,3,4.0,0.003964321110009911,0.0,0.9582296511627908,0.8025308139534885,0.9455558139534884,0,1009.0
6,3,27,0,3,2.0,0.0024783147459727386,0.05086805671453476,0.970548275862069,0.7340936781609195,0.969635632183908,1,807.0
14,3,27,0,3,3.0,0.003194888178913738,0.04711805656552315,0.9679265536723164,0.677564406779661,0.9646892655367232,1,939.0
22,4,27,0,3,2.0,0.002512562814070352,0.0,0.9663485875706216,0.7424570621468926,0.9622666666666668,0,796.0
6,4,27,0,0,3.0,0.003243243243243243,0.0,0.9714869318181818,0.7811892045454545,0.9603221590909092,0,925.0
14,4,27,0,0,3.0,0.0033444816053511705,0.0,0.9732103448275864,0.7720936781609196,0.9673367816091952,0,897.0
22,5,27,1,0,3.0,0.0029498525073746312,0.0,0.9726114285714286,0.7704497142857143,0.9543937142857144,0,1017.0
6,4,27,0,0,5.0,0.00778816199376947,0.0,0.9579948863636364,0.6420017045454546,0.9496204545454544,0,642.0
14,4,27,0,0,1.0,0.001314060446780552,0.0,0.9595845714285716,0.6536731428571428,0.9767611428571428,0,761.0
22,5,27,1,0,4.0,0.005943536404160475,0.0,0.960858757062147,0.6334305084745763,0.9482943502824858,0,673.0
6,4,27,0,0,4.0,0.0038095238095238095,0.0,0.9711568965517242,0.7715344827586208,0.9542132183908044,0,1050.0
14,4,27,0,0,4.0,0.00398406374501992,0.0,0.9698011363636364,0.75509375,0.9680863636363636,0,1004.0
22,5,27,1,0,6.0,0.006936416184971098,0.0,0.9699949438202248,0.7404140449438202,0.9610904494382022,0,865.0
6,4,27,0,1,4.0,0.004140786749482402,0.10709635447710752,0.9694767045454546,0.7222562499999999,0.9522732954545454,3,966.0
14,4,27,0,1,3.0,0.00303951367781155,0.10709635447710752,0.970316384180791,0.7160909604519774,0.958379661016949,3,987.0
22,5,27,1,1,5.0,0.006476683937823834,0.0,0.9707780898876404,0.6486887640449438,0.9695876404494382,0,772.0
6,4,27,0,1,4.0,0.005563282336578581,0.060972221195697784,0.9605514124293784,0.6269536723163842,0.9538604519774012,1,719.0
14,4,27,0,1,6.0,0.008995502248875561,0.07809028029441833,0.961474431818182,0.6564625000000001,0.9428977272727272,1,667.0
22,5,27,1,1,5.0,0.008960573476702509,0.10709635447710752,0.9596569832402236,0.6435245810055866,0.9638513966480448,4,558.0
6,4,27,0,1,3.0,0.0035971223021582736,0.0,0.965764,0.7633297142857142,0.9598091428571428,0,834.0
14,4,27,0,1,5.0,0.00484027105517909,0.0,0.961093220338983,0.7580553672316385,0.9796604519774011,0,1033.0
22,5,27,1,1,2.0,0.001953125,0.10709635447710752,0.95955530726257,0.7858726256983241,0.97316312849162,1,1024.0
6,4,27,0,2,6.0,0.007177033492822967,0.0,0.9684011363636364,0.7713215909090909,0.9683693181818182,0,836.0
14,4,27,0,2,4.0,0.0038095238095238095,0.0,0.9675180790960451,0.7758463276836158,0.9586621468926554,0,1050.0
22,5,27,1,2,2.0,0.0024125452352231603,0.01701388880610466,0.9660954545454546,0.7738732954545454,0.9695846590909092,1,829.0
6,4,27,0,2,2.0,0.0029282576866764276,0.0,0.9734926553672316,0.6269056497175142,0.955367231638418,0,683.0
14,4,27,0,2,2.0,0.0030120481927710845,0.0,0.9717162921348316,0.6548410112359551,0.9551494382022472,0,664.0
22,5,27,1,2,6.0,0.00964630225080386,0.0,0.9691514450867053,0.6074329479768786,0.9537063583815028,0,622.0
6,4,27,0,2,3.0,0.002857142857142857,0.0,0.9558448863636364,0.7807528409090909,0.977555681818182,0,1050.0
14,4,27,0,2,2.0,0.0019047619047619048,0.0,0.959408,0.7887599999999999,0.9514285714285714,0,1050.0
22,5,27,1,2,3.0,0.002857142857142857,0.0,0.9592327485380115,0.7542111111111112,0.97113216374269,0,1050.0
6,4,27,0,3,4.0,0.004944375772558714,0.0,0.97625197740113,0.6071683615819209,0.9534841807909604,0,809.0
14,4,27,0,3,5.0,0.00648508430609598,0.0,0.9750948863636364,0.5983465909090909,0.9623090909090908,0,771.0
22,5,27,1,3,5.0,0.009107468123861567,0.0,0.9761469273743016,0.5908648044692737,0.9510592178770948,0,549.0
6,4,27,0,3,2.0,0.001951219512195122,0.0,0.9577932203389832,0.7727412429378532,0.9548954802259888,0,1025.0
14,4,27,0,3,3.0,0.0037641154328732747,0.0,0.9601118644067796,0.7691152542372881,0.9529186440677966,0,797.0
22,5,27,1,3,2.0,0.00234192037470726,0.0,0.9582296511627908,0.8025308139534885,0.9455558139534884,0,854.0
6,4,27,0,3,3.0,0.0033783783783783786,0.0,0.970548275862069,0.7340936781609195,0.969635632183908,0,888.0
14,4,27,0,3,6.0,0.006666666666666667,0.0,0.9679265536723164,0.677564406779661,0.9646892655367232,0,900.0
22,5,27,1,3,5.0,0.005417118093174431,0.04993055388331413,0.9663485875706216,0.7424570621468926,0.9622666666666668,1,923.0
6,5,27,1,0,4.0,0.0038095238095238095,0.0,0.9714869318181818,0.7811892045454545,0.9603221590909092,0,1050.0
14,5,27,1,0,6.0,0.005714285714285714,0.0,0.9732103448275864,0.7720936781609196,0.9673367816091952,0,1050.0
6,5,27,1,0,4.0,0.006493506493506494,0.0,0.9579948863636364,0.6420017045454546,0.9496204545454544,0,616.0
22,6,27,1,0,2.0,0.0033783783783783786,0.0,0.960858757062147,0.6334305084745763,0.9482943502824858,0,592.0
6,5,27,1,0,5.0,0.005417118093174431,0.0,0.9711568965517242,0.7715344827586208,0.9542132183908044,0,923.0
14,5,27,1,0,6.0,0.006458557588805167,0.0,0.9698011363636364,0.75509375,0.9680863636363636,0,929.0
22,6,27,1,0,3.0,0.0036188178528347406,0.10709635447710752,0.9699949438202248,0.7404140449438202,0.9610904494382022,2,829.0
6,5,27,1,1,4.0,0.005563282336578581,0.0,0.9694767045454546,0.7222562499999999,0.9522732954545454,0,719.0
14,5,27,1,1,6.0,0.0078125,0.0,0.970316384180791,0.7160909604519774,0.958379661016949,0,768.0
22,6,27,1,1,4.0,0.0047789725209080045,0.0,0.9707780898876404,0.6486887640449438,0.9695876404494382,0,837.0
6,5,27,1,1,3.0,0.0038363171355498722,0.10709635447710752,0.9605514124293784,0.6269536723163842,0.9538604519774012,4,782.0
14,5,27,1,1,5.0,0.008431703204047217,0.10709635447710752,0.961474431818182,0.6564625000000001,0.9428977272727272,4,593.0
22,6,27,1,1,1.0,0.0015408320493066256,0.0,0.9596569832402236,0.6435245810055866,0.9638513966480448,0,649.0
6,5,27,1,1,4.0,0.0040650406504065045,0.10709635447710752,0.965764,0.7633297142857142,0.9598091428571428,1,984.0
14,5,27,1,1,4.0,0.0044004400440044,0.08319444209337234,0.961093220338983,0.7580553672316385,0.9796604519774011,1,909.0
22,6,27,1,1,6.0,0.005714285714285714,0.0,0.95955530726257,0.7858726256983241,0.97316312849162,0,1050.0
14,5,27,1,2,5.0,0.004761904761904762,0.011701389215886593,0.9675180790960451,0.7758463276836158,0.9586621468926554,1,1050.0
22,6,27,1,2,5.0,0.004761904761904762,0.0,0.9660954545454546,0.7738732954545454,0.9695846590909092,0,1050.0
6,5,27,1,2,6.0,0.007853403141361256,0.0,0.9734926553672316,0.6269056497175142,0.955367231638418,0,764.0
14,5,27,1,2,3.0,0.003778337531486146,0.0,0.9717162921348316,0.6548410112359551,0.9551494382022472,0,794.0
22,6,27,1,2,6.0,0.00949367088607595,0.0,0.9691514450867053,0.6074329479768786,0.9537063583815028,0,632.0
6,5,27,1,2,4.0,0.0038095238095238095,0.0,0.9558448863636364,0.7807528409090909,0.977555681818182,0,1050.0
14,5,27,1,2,5.0,0.004761904761904762,0.0,0.959408,0.7887599999999999,0.9514285714285714,0,1050.0
6,5,27,1,3,2.0,0.003236245954692557,0.0,0.97625197740113,0.6071683615819209,0.9534841807909604,0,618.0
14,5,27,1,3,3.0,0.0039011703511053317,0.0,0.9750948863636364,0.5983465909090909,0.9623090909090908,0,769.0
22,6,27,1,3,6.0,0.01,0.0,0.9761469273743016,0.5908648044692737,0.9510592178770948,0,600.0
6,5,27,1,3,2.0,0.0019047619047619048,0.0,0.9577932203389832,0.7727412429378532,0.9548954802259888,0,1050.0
14,5,27,1,3,3.0,0.002857142857142857,0.0,0.9601118644067796,0.7691152542372881,0.9529186440677966,0,1050.0
6,5,27,1,3,2.0,0.0021208907741251328,0.10121528059244156,0.970548275862069,0.7340936781609195,0.969635632183908,1,943.0
14,5,27,1,3,6.0,0.00684931506849315,0.08812499791383743,0.9679265536723164,0.677564406779661,0.9646892655367232,1,876.0
22,6,27,1,3,2.0,0.0026702269692923898,0.0,0.9663485875706216,0.7424570621468926,0.9622666666666668,0,749.0
6,6,27,1,0,2.0,0.0019047619047619048,0.0,0.9714869318181818,0.7811892045454545,0.9603221590909092,0,1050.0
14,6,27,1,0,3.0,0.00298804780876494,0.0,0.9732103448275864,0.7720936781609196,0.9673367816091952,0,1004.0
22,0,28,0,0,1.0,0.0009523809523809524,0.0,0.9726114285714286,0.7704497142857143,0.9543937142857144,0,1050.0
6,6,27,1,0,4.0,0.005641748942172073,0.0,0.9579948863636364,0.6420017045454546,0.9496204545454544,0,709.0
14,6,27,1,0,5.0,0.006060606060606061,0.0,0.9595845714285716,0.6536731428571428,0.9767611428571428,0,825.0
22,0,28,0,0,2.0,0.0030120481927710845,0.04142361134290695,0.960858757062147,0.6334305084745763,0.9482943502824858,1,664.0
6,6,27,1,0,5.0,0.0048216007714561235,0.10709635447710752,0.9711568965517242,0.7715344827586208,0.9542132183908044,2,1037.0
22,0,28,0,0,2.0,0.002600780234070221,0.0,0.9699949438202248,0.7404140449438202,0.9610904494382022,0,769.0
6,6,27,1,1,3.0,0.003432494279176201,0.0,0.9694767045454546,0.7222562499999999,0.9522732954545454,0,874.0
14,6,27,1,1,2.0,0.002554278416347382,0.0,0.970316384180791,0.7160909604519774,0.958379661016949,0,783.0
22,0,28,0,1,5.0,0.005035246727089627,0.0,0.9707780898876404,0.6486887640449438,0.9695876404494382,0,993.0
6,6,27,1,1,4.0,0.005689900426742532,0.0,0.9605514124293784,0.6269536723163842,0.9538604519774012,0,703.0
14,6,27,1,1,6.0,0.007894736842105263,0.0,0.961474431818182,0.6564625000000001,0.9428977272727272,0,760.0
22,0,28,0,1,3.0,0.003592814371257485,0.05881944298744202,0.9596569832402236,0.6435245810055866,0.9638513966480448,1,835.0
6,6,27,1,1,5.0,0.004761904761904762,0.0,0.965764,0.7633297142857142,0.9598091428571428,0,1050.0
14,6,27,1,1,5.0,0.005707762557077625,0.0,0.961093220338983,0.7580553672316385,0.9796604519774011,0,876.0
22,0,28,0,1,4.0,0.0038131553860819827,0.10709635447710752,0.95955530726257,0.7858726256983241,0.97316312849162,1,1049.0
6,6,27,1,2,4.0,0.004024144869215292,0.0,0.9684011363636364,0.7713215909090909,0.9683693181818182,0,994.0
14,6,27,1,2,3.0,0.0032397408207343412,0.0,0.9675180790960451,0.7758463276836158,0.9586621468926554,0,926.0
22,0,28,0,2,3.0,0.0030737704918032786,0.10709635447710752,0.9660954545454546,0.7738732954545454,0.9695846590909092,1,976.0
6,6,27,1,2,2.0,0.0024813895781637717,0.0,0.9734926553672316,0.6269056497175142,0.955367231638418,0,806.0
14,6,27,1,2,5.0,0.006385696040868455,0.0,0.9717162921348316,0.6548410112359551,0.9551494382022472,0,783.0
22,0,28,0,2,3.0,0.003667481662591687,0.0,0.9691514450867053,0.6074329479768786,0.9537063583815028,0,818.0
6,6,27,1,2,5.0,0.0054466230936819175,0.0,0.9558448863636364,0.7807528409090909,0.977555681818182,0,918.0
14,6,27,1,2,4.0,0.0040941658137154556,0.0,0.959408,0.7887599999999999,0.9514285714285714,0,977.0
6,6,27,1,3,3.0,0.004225352112676056,0.0,0.97625197740113,0.6071683615819209,0.9534841807909604,0,710.0
14,6,27,1,3,2.0,0.0027397260273972603,0.0,0.9750948863636364,0.5983465909090909,0.9623090909090908,0,730.0
22,0,28,0,3,7.0,0.011532125205930808,0.0,0.9761469273743016,0.5908648044692737,0.9510592178770948,0,607.0
6,6,27,1,3,4.0,0.004119464469618949,0.0,0.9577932203389832,0.7727412429378532,0.9548954802259888,0,971.0
14,6,27,1,3,3.0,0.0032751091703056767,0.0,0.9601118644067796,0.7691152542372881,0.9529186440677966,0,916.0
22,0,28,0,3,4.0,0.003902439024390244,0.06951388716697693,0.9582296511627908,0.8025308139534885,0.9455558139534884,1,1025.0
6,6,27,1,3,6.0,0.006103763987792472,0.0,0.970548275862069,0.7340936781609195,0.969635632183908,0,983.0
14,6,27,1,3,3.0,0.004098360655737705,0.0,0.9679265536723164,0.677564406779661,0.9646892655367232,0,732.0
22,0,28,0,3,4.0,0.005847953216374269,0.0,0.9663485875706216,0.7424570621468926,0.9622666666666668,0,684.0
6,0,28,0,0,3.0,0.002857142857142857,0.0,0.9714869318181818,0.7811892045454545,0.9603221590909092,0,1050.0
14,0,28,0,0,4.0,0.004352557127312296,0.0,0.9732103448275864,0.7720936781609196,0.9673367816091952,0,919.0
22,1,28,0,0,2.0,0.0025806451612903226,0.09479166567325592,0.9726114285714286,0.7704497142857143,0.9543937142857144,1,775.0
6,0,28,0,0,5.0,0.0055617352614015575,0.041631944477558136,0.9579948863636364,0.6420017045454546,0.9496204545454544,1,899.0
14,0,28,0,0,4.0,0.005277044854881266,0.022673610597848892,0.9595845714285716,0.6536731428571428,0.9767611428571428,1,758.0
22,1,28,0,0,5.0,0.007451564828614009,0.0,0.960858757062147,0.6334305084745763,0.9482943502824858,0,671.0
6,0,28,0,0,5.0,0.004761904761904762,0.0,0.9711568965517242,0.7715344827586208,0.9542132183908044,0,1050.0
14,0,28,0,0,3.0,0.003218884120171674,0.0,0.9698011363636364,0.75509375,0.9680863636363636,0,932.0
22,1,28,0,0,2.0,0.0019047619047619048,0.0,0.9699949438202248,0.7404140449438202,0.9610904494382022,0,1050.0
6,0,28,0,1,2.0,0.002178649237472767,0.0,0.9694767045454546,0.7222562499999999,0.9522732954545454,0,918.0
14,0,28,0,1,5.0,0.005319148936170213,0.0,0.970316384180791,0.7160909604519774,0.958379661016949,0,940.0
22,1,28,0,1,3.0,0.003115264797507788,0.06086805462837219,0.9707780898876404,0.6486887640449438,0.9695876404494382,1,963.0
6,0,28,0,1,5.0,0.007132667617689016,0.061666667461395264,0.9605514124293784,0.6269536723163842,0.9538604519774012,1,701.0
14,0,28,0,1,3.0,0.004807692307692308,0.04722222313284874,0.961474431818182,0.6564625000000001,0.9428977272727272,1,624.0
22,1,28,0,1,4.0,0.005797101449275362,0.0,0.9596569832402236,0.6435245810055866,0.9638513966480448,0,690.0
6,0,28,0,1,2.0,0.0019102196752626551,0.09184027463197708,0.965764,0.7633297142857142,0.9598091428571428,1,1047.0
14,0,28,0,1,5.0,0.005045408678102927,0.10709635447710752,0.961093220338983,0.7580553672316385,0.9796604519774011,1,991.0
22,1,28,0,1,2.0,0.0019047619047619048,0.0,0.95955530726257,0.7858726256983241,0.97316312849162,0,1050.0
6,0,28,0,2,4.0,0.004842615012106538,0.10709635447710752,0.9684011363636364,0.7713215909090909,0.9683693181818182,1,826.0
14,0,28,0,2,6.0,0.006718924972004479,0.10371527820825577,0.9675180790960451,0.7758463276836158,0.9586621468926554,1,893.0
22,1,28,0,2,4.0,0.0038095238095238095,0.0,0.9660954545454546,0.7738732954545454,0.9695846590909092,0,1050.0
6,0,28,0,2,2.0,0.0023446658851113715,0.0,0.9734926553672316,0.6269056497175142,0.955367231638418,0,853.0
14,0,28,0,2,6.0,0.006741573033707865,0.0,0.9717162921348316,0.6548410112359551,0.9551494382022472,0,890.0
22,1,28,0,2,3.0,0.004261363636363636,0.0,0.9691514450867053,0.6074329479768786,0.9537063583815028,0,704.0
6,0,28,0,2,3.0,0.0032292787944025836,0.0,0.9558448863636364,0.7807528409090909,0.977555681818182,0,929.0
14,0,28,0,2,6.0,0.005714285714285714,0.0,0.959408,0.7887599999999999,0.9514285714285714,0,1050.0
22,1,28,0,2,5.0,0.004830917874396135,0.0,0.9592327485380115,0.7542111111111112,0.97113216374269,0,1035.0
6,0,28,0,3,6.0,0.008241758241758242,0.0,0.97625197740113,0.6071683615819209,0.9534841807909604,0,728.0
14,0,28,0,3,6.0,0.008207934336525308,0.0,0.9750948863636364,0.5983465909090909,0.9623090909090908,0,731.0
22,1,28,0,3,4.0,0.006134969325153374,0.0,0.9761469273743016,0.5908648044692737,0.9510592178770948,0,652.0
6,0,28,0,3,6.0,0.006741573033707865,0.07263889163732529,0.9577932203389832,0.7727412429378532,0.9548954802259888,1,890.0
14,0,28,0,3,4.0,0.0038095238095238095,0.07777778059244156,0.9601118644067796,0.7691152542372881,0.9529186440677966,1,1050.0
22,1,28,0,3,3.0,0.0030706243602865915,0.025902777910232544,0.9582296511627908,0.8025308139534885,0.9455558139534884,1,977.0
6,0,28,0,3,6.0,0.005946481665014866,0.0,0.970548275862069,0.7340936781609195,0.969635632183908,0,1009.0
14,0,28,0,3,6.0,0.005988023952095809,0.0,0.9679265536723164,0.677564406779661,0.9646892655367232,0,1002.0
22,1,28,0,3,3.0,0.0036719706242350062,0.0,0.9663485875706216,0.7424570621468926,0.9622666666666668,0,817.0
6,1,28,0,0,4.0,0.0038095238095238095,0.053611110895872116,0.9714869318181818,0.7811892045454545,0.9603221590909092,1,1050.0
14,1,28,0,0,2.0,0.0023094688221709007,0.04597222059965134,0.9732103448275864,0.7720936781609196,0.9673367816091952,1,866.0
22,2,28,0,0,5.0,0.004761904761904762,0.0,0.9726114285714286,0.7704497142857143,0.9543937142857144,0,1050.0
6,1,28,0,0,5.0,0.0068212824010914054,0.0,0.9579948863636364,0.6420017045454546,0.9496204545454544,0,733.0
14,1,28,0,0,5.0,0.006963788300835654,0.0,0.9595845714285716,0.6536731428571428,0.9767611428571428,0,718.0
22,2,28,0,0,5.0,0.005512679162072767,0.01045138854533434,0.960858757062147,0.6334305084745763,0.9482943502824858,1,907.0
6,1,28,0,0,2.0,0.0019047619047619048,0.0,0.9711568965517242,0.7715344827586208,0.9542132183908044,0,1050.0
14,1,28,0,0,5.0,0.004945598417408506,0.0,0.9698011363636364,0.75509375,0.9680863636363636,0,1011.0
22,2,28,0,0,3.0,0.0033482142857142855,0.006736110895872116,0.9699949438202248,0.7404140449438202,0.9610904494382022,1,896.0
6,1,28,0,1,1.0,0.001091703056768559,0.09604166448116302,0.9694767045454546,0.7222562499999999,0.9522732954545454,1,916.0
14,1,28,0,1,3.0,0.0032967032967032967,0.09996527433395386,0.970316384180791,0.7160909604519774,0.958379661016949,1,910.0
22,2,28,0,1,2.0,0.0028530670470756064,0.0,0.9707780898876404,0.6486887640449438,0.9695876404494382,0,701.0
6,1,28,0,1,4.0,0.0044943820224719105,0.0,0.9605514124293784,0.6269536723163842,0.9538604519774012,0,890.0
14,1,28,0,1,2.0,0.0029717682020802376,0.0,0.961474431818182,0.6564625000000001,0.9428977272727272,0,673.0
22,2,28,0,1,4.0,0.005108556832694764,0.0,0.9596569832402236,0.6435245810055866,0.9638513966480448,0,783.0
6,1,28,0,1,6.0,0.0062176165803108805,0.0,0.965764,0.7633297142857142,0.9598091428571428,0,965.0
14,1,28,0,1,4.0,0.004219409282700422,0.0,0.961093220338983,0.7580553672316385,0.9796604519774011,0,948.0
22,2,28,0,1,2.0,0.002008032128514056,0.10709635447710752,0.95955530726257,0.7858726256983241,0.97316312849162,1,996.0
6,1,28,0,2,4.0,0.005312084993359893,0.0,0.9684011363636364,0.7713215909090909,0.9683693181818182,0,753.0
14,1,28,0,2,5.0,0.005170630816959669,0.0,0.9675180790960451,0.7758463276836158,0.9586621468926554,0,967.0
22,2,28,0,2,3.0,0.002973240832507433,0.0,0.9660954545454546,0.7738732954545454,0.9695846590909092,0,1009.0
6,1,28,0,2,4.0,0.006191950464396285,0.0,0.9734926553672316,0.6269056497175142,0.955367231638418,0,646.0
14,1,28,0,2,3.0,0.0034602076124567475,0.0,0.9717162921348316,0.6548410112359551,0.9551494382022472,0,867.0
22,2,28,0,2,5.0,0.007288629737609329,0.0,0.9691514450867053,0.6074329479768786,0.9537063583815028,0,686.0
6,1,28,0,2,4.0,0.0038095238095238095,0.0,0.9558448863636364,0.7807528409090909,0.977555681818182,0,1050.0
14,1,28,0,2,2.0,0.0019305019305019305,0.0,0.959408,0.7887599999999999,0.9514285714285714,0,1036.0
22,2,28,0,2,2.0,0.0021598272138228943,0.0,0.9592327485380115,0.7542111111111112,0.97113216374269,0,926.0
6,1,28,0,3,3.0,0.0035714285714285713,0.0,0.97625197740113,0.6071683615819209,0.9534841807909604,0,840.0
14,1,28,0,3,3.0,0.004243281471004243,0.0,0.9750948863636364,0.5983465909090909,0.9623090909090908,0,707.0
22,2,28,0,3,2.0,0.0024906600249066002,0.0057638888247311115,0.9761469273743016,0.5908648044692737,0.9510592178770948,1,803.0
6,1,28,0,3,4.0,0.0038095238095238095,0.015937499701976776,0.9577932203389832,0.7727412429378532,0.9548954802259888,1,1050.0
14,1,28,0,3,4.0,0.004415011037527594,0.02534722164273262,0.9601118644067796,0.7691152542372881,0.9529186440677966,1,906.0
22,2,28,0,3,5.0,0.005313496280552604,0.09795138984918594,0.9582296511627908,0.8025308139534885,0.9455558139534884,1,941.0
6,1,28,0,3,3.0,0.0037926675094816687,0.0,0.970548275862069,0.7340936781609195,0.969635632183908,0,791.0
14,1,28,0,3,3.0,0.003484320557491289,0.0,0.9679265536723164,0.677564406779661,0.9646892655367232,0,861.0
22,2,28,0,3,3.0,0.003937007874015748,0.0,0.9663485875706216,0.7424570621468926,0.9622666666666668,0,762.0
6,2,28,0,0,4.0,0.00425531914893617,0.0,0.9714869318181818,0.7811892045454545,0.9603221590909092,0,940.0
14,2,28,0,0,5.0,0.004761904761904762,0.0,0.9732103448275864,0.7720936781609196,0.9673367816091952,0,1050.0
22,3,28,0,0,8.0,0.007619047619047619,0.0,0.9726114285714286,0.7704497142857143,0.9543937142857144,0,1050.0
6,2,28,0,0,5.0,0.005405405405405406,0.013055555522441864,0.9579948863636364,0.6420017045454546,0.9496204545454544,1,925.0
14,2,28,0,0,6.0,0.007042253521126761,0.008576388470828533,0.9595845714285716,0.6536731428571428,0.9767611428571428,1,852.0
22,3,28,0,0,1.0,0.0013245033112582781,0.10709635447710752,0.960858757062147,0.6334305084745763,0.9482943502824858,1,755.0
6,2,28,0,0,2.0,0.002152852529601722,0.012118055485188961,0.9711568965517242,0.7715344827586208,0.9542132183908044,1,929.0
14,2,28,0,0,6.0,0.005714285714285714,0.006874999962747097,0.9698011363636364,0.75509375,0.9680863636363636,1,1050.0
22,3,28,0,0,4.0,0.004132231404958678,0.10315972566604614,0.9699949438202248,0.7404140449438202,0.9610904494382022,2,968.0
6,2,28,0,1,2.0,0.0019880715705765406,0.0,0.9694767045454546,0.7222562499999999,0.9522732954545454,0,1006.0
14,2,28,0,1,2.0,0.0022471910112359553,0.0,0.970316384180791,0.7160909604519774,0.958379661016949,0,890.0
22,3,28,0,1,5.0,0.005302226935312832,0.0,0.9707780898876404,0.6486887640449438,0.9695876404494382,0,943.0
6,2,28,0,1,6.0,0.008571428571428572,0.0,0.9605514124293784,0.6269536723163842,0.9538604519774012,0,700.0
14,2,28,0,1,3.0,0.004746835443037975,0.0,0.961474431818182,0.6564625000000001,0.9428977272727272,0,632.0
22,3,28,0,1,6.0,0.00966183574879227,0.050312500447034836,0.9596569832402236,0.6435245810055866,0.9638513966480448,1,621.0
6,2,28,0,1,5.0,0.005268703898840885,0.10709635447710752,0.965764,0.7633297142857142,0.9598091428571428,1,949.0
14,2,28,0,1,4.0,0.004484304932735426,0.10709635447710752,0.961093220338983,0.7580553672316385,0.9796604519774011,1,892.0
22,3,28,0,1,3.0,0.002857142857142857,0.0,0.95955530726257,0.7858726256983241,0.97316312849162,0,1050.0
6,2,28,0,2,5.0,0.005382131324004306,0.0,0.9684011363636364,0.7713215909090909,0.9683693181818182,0,929.0
14,2,28,0,2,3.0,0.002857142857142857,0.0,0.9675180790960451,0.7758463276836158,0.9586621468926554,0,1050.0
22,3,28,0,2,5.0,0.004761904761904762,0.0,0.9660954545454546,0.7738732954545454,0.9695846590909092,0,1050.0
6,2,28,0,2,5.0,0.006640106241699867,0.0,0.9734926553672316,0.6269056497175142,0.955367231638418,0,753.0
14,2,28,0,2,2.0,0.0025348542458808617,0.0,0.9717162921348316,0.6548410112359551,0.9551494382022472,0,789.0
22,3,28,0,2,7.0,0.009079118028534372,0.0,0.9691514450867053,0.6074329479768786,0.9537063583815028,0,771.0
6,2,28,0,2,4.0,0.0038095238095238095,0.0,0.9558448863636364,0.7807528409090909,0.977555681818182,0,1050.0
14,2,28,0,2,4.0,0.003872216844143272,0.0,0.959408,0.7887599999999999,0.9514285714285714,0,1033.0
22,3,28,0,2,4.0,0.003883495145631068,0.10709635447710752,0.9592327485380115,0.7542111111111112,0.97113216374269,1,1030.0
6,2,28,0,3,6.0,0.010135135135135136,0.007951389066874981,0.97625197740113,0.6071683615819209,0.9534841807909604,1,592.0
14,2,28,0,3,2.0,0.002894356005788712,0.0068055554293096066,0.9750948863636364,0.5983465909090909,0.9623090909090908,1,691.0
22,3,28,0,3,7.0,0.00945945945945946,0.0,0.9761469273743016,0.5908648044692737,0.9510592178770948,0,740.0
6,2,28,0,3,6.0,0.005970149253731343,0.10709635447710752,0.9577932203389832,0.7727412429378532,0.9548954802259888,1,1005.0
14,2,28,0,3,2.0,0.001984126984126984,0.08003472536802292,0.9601118644067796,0.7691152542372881,0.9529186440677966,1,1008.0
22,3,28,0,3,6.0,0.005714285714285714,0.09854166954755783,0.9582296511627908,0.8025308139534885,0.9455558139534884,1,1050.0
6,2,28,0,3,4.0,0.004415011037527594,0.0,0.970548275862069,0.7340936781609195,0.969635632183908,0,906.0
14,2,28,0,3,6.0,0.007481296758104738,0.0,0.9679265536723164,0.677564406779661,0.9646892655367232,0,802.0
22,3,28,0,3,6.0,0.008,0.0,0.9663485875706216,0.7424570621468926,0.9622666666666668,0,750.0
6,3,28,0,0,2.0,0.0022026431718061676,0.0,0.9714869318181818,0.7811892045454545,0.9603221590909092,0,908.0
14,3,28,0,0,3.0,0.0032679738562091504,0.0,0.9732103448275864,0.7720936781609196,0.9673367816091952,0,918.0
22,4,28,0,0,3.0,0.002857142857142857,0.0,0.9726114285714286,0.7704497142857143,0.9543937142857144,0,1050.0
6,3,28,0,0,3.0,0.003911342894393742,0.10709635447710752,0.9579948863636364,0.6420017045454546,0.9496204545454544,1,767.0
14,3,28,0,0,2.0,0.002560819462227913,0.10709635447710752,0.9595845714285716,0.6536731428571428,0.9767611428571428,1,781.0
22,4,28,0,0,3.0,0.003875968992248062,0.0,0.960858757062147,0.6334305084745763,0.9482943502824858,0,774.0
6,3,28,0,0,4.0,0.004219409282700422,0.10709635447710752,0.9711568965517242,0.7715344827586208,0.9542132183908044,2,948.0
14,3,28,0,0,3.0,0.003393665158371041,0.10709635447710752,0.9698011363636364,0.75509375,0.9680863636363636,2,884.0
22,4,28,0,0,2.0,0.002331002331002331,0.0,0.9699949438202248,0.7404140449438202,0.9610904494382022,0,858.0
6,3,28,0,1,5.0,0.006211180124223602,0.0,0.9694767045454546,0.7222562499999999,0.9522732954545454,0,805.0
14,3,28,0,1,5.0,0.006666666666666667,0.0,0.970316384180791,0.7160909604519774,0.958379661016949,0,750.0
22,4,28,0,1,2.0,0.0025,0.0,0.9707780898876404,0.6486887640449438,0.9695876404494382,0,800.0
6,3,28,0,1,3.0,0.0035587188612099642,0.0906597226858139,0.9605514124293784,0.6269536723163842,0.9538604519774012,1,843.0
14,3,28,0,1,2.0,0.0033222591362126247,0.07979166507720947,0.961474431818182,0.6564625000000001,0.9428977272727272,1,602.0
22,4,28,0,1,4.0,0.005050505050505051,0.0,0.9596569832402236,0.6435245810055866,0.9638513966480448,0,792.0
6,3,28,0,1,3.0,0.002857142857142857,0.0,0.965764,0.7633297142857142,0.9598091428571428,0,1050.0
14,3,28,0,1,4.0,0.004366812227074236,0.0,0.961093220338983,0.7580553672316385,0.9796604519774011,0,916.0
22,4,28,0,1,4.0,0.004162330905306972,0.0,0.95955530726257,0.7858726256983241,0.97316312849162,0,961.0
6,3,28,0,2,5.0,0.005605381165919282,0.0,0.9684011363636364,0.7713215909090909,0.9683693181818182,0,892.0
14,3,28,0,2,6.0,0.006615214994487321,0.0,0.9675180790960451,0.7758463276836158,0.9586621468926554,0,907.0
22,4,28,0,2,4.0,0.0044004400440044,0.0,0.9660954545454546,0.7738732954545454,0.9695846590909092,0,909.0
6,3,28,0,2,6.0,0.007471980074719801,0.0,0.9734926553672316,0.6269056497175142,0.955367231638418,0,803.0
14,3,28,0,2,4.0,0.0044994375703037125,0.0,0.9717162921348316,0.6548410112359551,0.9551494382022472,0,889.0
22,4,28,0,2,4.0,0.004993757802746567,0.08673611283302307,0.9691514450867053,0.6074329479768786,0.9537063583815028,2,801.0
6,3,28,0,2,2.0,0.002079002079002079,0.05423611029982567,0.9558448863636364,0.7807528409090909,0.977555681818182,1,962.0
14,3,28,0,2,4.0,0.0038095238095238095,0.10709635447710752,0.959408,0.7887599999999999,0.9514285714285714,1,1050.0
22,4,28,0,2,3.0,0.002857142857142857,0.0,0.9592327485380115,0.7542111111111112,0.97113216374269,0,1050.0
6,3,28,0,3,4.0,0.00510204081632653,0.0,0.97625197740113,0.6071683615819209,0.9534841807909604,0,784.0
14,3,28,0,3,3.0,0.003952569169960474,0.0,0.9750948863636364,0.5983465909090909,0.9623090909090908,0,759.0
22,4,28,0,3,5.0,0.007861635220125786,0.10709635447710752,0.9761469273743016,0.5908648044692737,0.9510592178770948,1,636.0
6,3,28,0,3,4.0,0.0038095238095238095,0.062361110001802444,0.9577932203389832,0.7727412429378532,0.9548954802259888,1,1050.0
14,3,28,0,3,4.0,0.0038095238095238095,0.08052083104848862,0.9601118644067796,0.7691152542372881,0.9529186440677966,1,1050.0
22,4,28,0,3,3.0,0.002857142857142857,0.0,0.9582296511627908,0.8025308139534885,0.9455558139534884,0,1050.0
6,3,28,0,3,5.0,0.005192107995846314,0.0,0.970548275862069,0.7340936781609195,0.969635632183908,0,963.0
14,3,28,0,3,6.0,0.006263048016701462,0.0,0.9679265536723164,0.677564406779661,0.9646892655367232,0,958.0
22,4,28,0,3,2.0,0.002026342451874367,0.10709635447710752,0.9663485875706216,0.7424570621468926,0.9622666666666668,1,987.0
6,4,28,0,0,4.0,0.004602991944764097,0.0,0.9714869318181818,0.7811892045454545,0.9603221590909092,0,869.0
14,4,28,0,0,6.0,0.00597609561752988,0.0,0.9732103448275864,0.7720936781609196,0.9673367816091952,0,1004.0
22,5,28,1,0,5.0,0.004761904761904762,0.0,0.9726114285714286,0.7704497142857143,0.9543937142857144,0,1050.0
6,4,28,0,0,3.0,0.004195804195804196,0.0,0.9579948863636364,0.6420017045454546,0.9496204545454544,0,715.0
14,4,28,0,0,4.0,0.005319148936170213,0.0,0.9595845714285716,0.6536731428571428,0.9767611428571428,0,752.0
22,5,28,1,0,4.0,0.006339144215530904,0.051770832389593124,0.960858757062147,0.6334305084745763,0.9482943502824858,1,631.0
6,4,28,0,0,2.0,0.00202020202020202,0.0,0.9711568965517242,0.7715344827586208,0.9542132183908044,0,990.0
14,4,28,0,0,3.0,0.0032822757111597373,0.0,0.9698011363636364,0.75509375,0.9680863636363636,0,914.0
22,5,28,1,0,5.0,0.005122950819672131,0.10709635447710752,0.9699949438202248,0.7404140449438202,0.9610904494382022,1,976.0
6,4,28,0,1,5.0,0.004766444232602479,0.0,0.9694767045454546,0.7222562499999999,0.9522732954545454,0,1049.0
14,4,28,0,1,5.0,0.005656108597285068,0.0,0.970316384180791,0.7160909604519774,0.958379661016949,0,884.0
22,5,28,1,1,4.0,0.005188067444876783,0.0,0.9707780898876404,0.6486887640449438,0.9695876404494382,0,771.0
6,4,28,0,1,4.0,0.0048543689320388345,0.0,0.9605514124293784,0.6269536723163842,0.9538604519774012,0,824.0
14,4,28,0,1,6.0,0.00801068090787717,0.0,0.961474431818182,0.6564625000000001,0.9428977272727272,0,749.0
22,5,28,1,1,5.0,0.007112375533428165,0.0,0.9596569832402236,0.6435245810055866,0.9638513966480448,0,703.0
6,4,28,0,1,3.0,0.002857142857142857,0.0,0.965764,0.7633297142857142,0.9598091428571428,0,1050.0
14,4,28,0,1,2.0,0.002103049421661409,0.0,0.961093220338983,0.7580553672316385,0.9796604519774011,0,951.0
22,5,28,1,1,1.0,0.0009523809523809524,0.014548610895872116,0.95955530726257,0.7858726256983241,0.97316312849162,1,1050.0
6,4,28,0,2,4.0,0.004807692307692308,0.0,0.9684011363636364,0.7713215909090909,0.9683693181818182,0,832.0
14,4,28,0,2,3.0,0.003329633740288568,0.0,0.9675180790960451,0.7758463276836158,0.9586621468926554,0,901.0
22,5,28,1,2,4.0,0.004319654427645789,0.0,0.9660954545454546,0.7738732954545454,0.9695846590909092,0,926.0
6,4,28,0,2,5.0,0.007194244604316547,0.10298611223697662,0.9734926553672316,0.6269056497175142,0.955367231638418,2,695.0
14,4,28,0,2,5.0,0.006024096385542169,0.10709635447710752,0.9717162921348316,0.6548410112359551,0.9551494382022472,2,830.0
22,5,28,1,2,3.0,0.0038560411311053984,0.005104166455566883,0.9691514450867053,0.6074329479768786,0.9537063583815028,1,778.0
6,4,28,0,2,2.0,0.0019047619047619048,0.0,0.9558448863636364,0.7807528409090909,0.977555681818182,0,1050.0
14,4,28,0,2,4.0,0.0043859649122807015,0.0,0.959408,0.7887599999999999,0.9514285714285714,0,912.0
22,5,28,1,2,1.0,0.0010976948408342481,0.06361111253499985,0.9592327485380115,0.7542111111111112,0.97113216374269,1,911.0
6,4,28,0,3,6.0,0.010619469026548672,0.07527777552604675,0.97625197740113,0.6071683615819209,0.9534841807909604,1,565.0
14,4,28,0,3,3.0,0.004166666666666667,0.10709635447710752,0.9750948863636364,0.5983465909090909,0.9623090909090908,1,720.0
22,5,28,1,3,3.0,0.004524886877828055,0.019999999552965164,0.9761469273743016,0.5908648044692737,0.9510592178770948,1,663.0
6,4,28,0,3,4.0,0.004362050163576881,0.0,0.9577932203389832,0.7727412429378532,0.9548954802259888,0,917.0
14,4,28,0,3,6.0,0.006564551422319475,0.0,0.9601118644067796,0.7691152542372881,0.9529186440677966,0,914.0
22,5,28,1,3,3.0,0.00298804780876494,0.10709635447710752,0.9582296511627908,0.8025308139534885,0.9455558139534884,1,1004.0
6,4,28,0,3,2.0,0.0019723865877712033,0.10709635447710752,0.970548275862069,0.7340936781609195,0.969635632183908,1,1014.0
14,4,28,0,3,2.0,0.0022026431718061676,0.10709635447710752,0.9679265536723164,0.677564406779661,0.9646892655367232,1,908.0
22,5,28,1,3,5.0,0.005787037037037037,0.0,0.9663485875706216,0.7424570621468926,0.9622666666666668,0,864.0
6,5,28,1,0,2.0,0.001984126984126984,0.0,0.9714869318181818,0.7811892045454545,0.9603221590909092,0,1008.0
14,5,28,1,0,6.0,0.006103763987792472,0.0,0.9732103448275864,0.7720936781609196,0.9673367816091952,0,983.0
22,6,28,1,0,6.0,0.0062047569803516025,0.0,0.9726114285714286,0.7704497142857143,0.9543937142857144,0,967.0
6,5,28,1,0,6.0,0.0076726342710997444,0.02986111119389534,0.9579948863636364,0.6420017045454546,0.9496204545454544,1,782.0
14,5,28,1,0,2.0,0.002793296089385475,0.04093749821186066,0.9595845714285716,0.6536731428571428,0.9767611428571428,1,716.0
22,6,28,1,0,6.0,0.008645533141210375,0.0,0.960858757062147,0.6334305084745763,0.9482943502824858,0,694.0
6,5,28,1,0,6.0,0.00681044267877412,0.06420139223337173,0.9711568965517242,0.7715344827586208,0.9542132183908044,1,881.0
14,5,28,1,0,4.0,0.004629629629629629,0.10709635447710752,0.9698011363636364,0.75509375,0.9680863636363636,1,864.0
22,6,28,1,0,4.0,0.004790419161676647,0.10371527820825577,0.9699949438202248,0.7404140449438202,0.9610904494382022,1,835.0
6,5,28,1,1,2.0,0.0024906600249066002,0.0,0.9694767045454546,0.7222562499999999,0.9522732954545454,0,803.0
14,5,28,1,1,5.0,0.00591016548463357,0.0,0.970316384180791,0.7160909604519774,0.958379661016949,0,846.0
22,6,28,1,1,3.0,0.0037831021437578815,0.0,0.9707780898876404,0.6486887640449438,0.9695876404494382,0,793.0
6,5,28,1,1,5.0,0.007246376811594203,0.0,0.9605514124293784,0.6269536723163842,0.9538604519774012,0,690.0
22,6,28,1,1,3.0,0.004048582995951417,0.0,0.9596569832402236,0.6435245810055866,0.9638513966480448,0,741.0
6,5,28,1,1,2.0,0.002631578947368421,0.018541665747761726,0.965764,0.7633297142857142,0.9598091428571428,1,760.0
14,5,28,1,1,2.0,0.0020833333333333333,0.018819443881511688,0.961093220338983,0.7580553672316385,0.9796604519774011,1,960.0
6,5,28,1,2,5.0,0.005285412262156448,0.0,0.9684011363636364,0.7713215909090909,0.9683693181818182,0,946.0
14,5,28,1,2,2.0,0.0022123893805309734,0.0,0.9675180790960451,0.7758463276836158,0.9586621468926554,0,904.0
22,6,28,1,2,7.0,0.007268951194184839,0.0,0.9660954545454546,0.7738732954545454,0.9695846590909092,0,963.0
6,5,28,1,2,3.0,0.0036363636363636364,0.008923610672354698,0.9734926553672316,0.6269056497175142,0.955367231638418,1,825.0
14,5,28,1,2,3.0,0.0038510911424903724,0.007673610933125019,0.9717162921348316,0.6548410112359551,0.9551494382022472,1,779.0
22,6,28,1,2,6.0,0.008207934336525308,0.0,0.9691514450867053,0.6074329479768786,0.9537063583815028,0,731.0
6,5,28,1,2,3.0,0.0030120481927710845,0.10709635447710752,0.9558448863636364,0.7807528409090909,0.977555681818182,1,996.0
14,5,28,1,2,5.0,0.005500550055005501,0.07868055254220963,0.959408,0.7887599999999999,0.9514285714285714,1,909.0
6,5,28,1,3,3.0,0.0035971223021582736,0.012708333320915699,0.97625197740113,0.6071683615819209,0.9534841807909604,1,834.0
14,5,28,1,3,6.0,0.009146341463414634,0.024687500670552254,0.9750948863636364,0.5983465909090909,0.9623090909090908,1,656.0
22,6,28,1,3,4.0,0.005405405405405406,0.0,0.9761469273743016,0.5908648044692737,0.9510592178770948,0,740.0
6,5,28,1,3,5.0,0.005241090146750524,0.10709635447710752,0.9577932203389832,0.7727412429378532,0.9548954802259888,1,954.0
22,6,28,1,3,7.0,0.006666666666666667,0.0,0.9582296511627908,0.8025308139534885,0.9455558139534884,0,1050.0
6,5,28,1,3,6.0,0.007326007326007326,0.0,0.970548275862069,0.7340936781609195,0.969635632183908,0,819.0
14,5,28,1,3,3.0,0.002857142857142857,0.0,0.9679265536723164,0.677564406779661,0.9646892655367232,0,1050.0
22,6,28,1,3,3.0,0.003787878787878788,0.025902777910232544,0.9663485875706216,0.7424570621468926,0.9622666666666668,1,792.0
6,6,28,1,0,5.0,0.004761904761904762,0.0,0.9714869318181818,0.7811892045454545,0.9603221590909092,0,1050.0
14,6,28,1,0,6.0,0.005714285714285714,0.0,0.9732103448275864,0.7720936781609196,0.9673367816091952,0,1050.0
22,0,29,0,0,3.0,0.002857142857142857,0.0,0.9726114285714286,0.7704497142857143,0.9543937142857144,0,1050.0
6,6,28,1,0,1.0,0.0014641288433382138,0.0,0.9579948863636364,0.6420017045454546,0.9496204545454544,0,683.0
14,6,28,1,0,4.0,0.004561003420752566,0.0,0.9595845714285716,0.6536731428571428,0.9767611428571428,0,877.0
22,0,29,0,0,5.0,0.007541478129713424,0.0,0.960858757062147,0.6334305084745763,0.9482943502824858,0,663.0
6,6,28,1,0,6.0,0.008021390374331552,0.10709635447710752,0.9711568965517242,0.7715344827586208,0.9542132183908044,1,748.0
14,6,28,1,0,4.0,0.004048582995951417,0.10709635447710752,0.9698011363636364,0.75509375,0.9680863636363636,1,988.0
22,0,29,0,0,6.0,0.005825242718446602,0.0,0.9699949438202248,0.7404140449438202,0.9610904494382022,0,1030.0
6,6,28,1,1,4.0,0.004576659038901602,0.0,0.9694767045454546,0.7222562499999999,0.9522732954545454,0,874.0
14,6,28,1,1,5.0,0.0056753688989784334,0.0,0.970316384180791,0.7160909604519774,0.958379661016949,0,881.0
22,0,29,0,1,2.0,0.0024479804161566705,0.0,0.9707780898876404,0.6486887640449438,0.9695876404494382,0,817.0
6,6,28,1,1,4.0,0.0057306590257879654,0.0,0.9605514124293784,0.6269536723163842,0.9538604519774012,0,698.0
14,6,28,1,1,3.0,0.00410958904109589,0.0,0.961474431818182,0.6564625000000001,0.9428977272727272,0,730.0
22,0,29,0,1,1.0,0.0012345679012345679,0.10642360895872116,0.9596569832402236,0.6435245810055866,0.9638513966480448,1,810.0
6,6,28,1,1,3.0,0.0036231884057971015,0.0,0.965764,0.7633297142857142,0.9598091428571428,0,828.0
14,6,28,1,1,5.0,0.006172839506172839,0.0,0.961093220338983,0.7580553672316385,0.9796604519774011,0,810.0
22,0,29,0,1,2.0,0.0024009603841536613,0.06361111253499985,0.95955530726257,0.7858726256983241,0.97316312849162,1,833.0
6,6,28,1,2,5.0,0.004803073967339097,0.0,0.9684011363636364,0.7713215909090909,0.9683693181818182,0,1041.0
14,6,28,1,2,3.0,0.0039011703511053317,0.0,0.9675180790960451,0.7758463276836158,0.9586621468926554,0,769.0
22,0,29,0,2,4.0,0.0039447731755424065,0.0,0.9660954545454546,0.7738732954545454,0.9695846590909092,0,1014.0
6,6,28,1,2,6.0,0.006674082313681869,0.0,0.9734926553672316,0.6269056497175142,0.955367231638418,0,899.0
14,6,28,1,2,2.0,0.002793296089385475,0.0,0.9717162921348316,0.6548410112359551,0.9551494382022472,0,716.0
22,0,29,0,2,6.0,0.007947019867549669,0.10709635447710752,0.9691514450867053,0.6074329479768786,0.9537063583815028,2,755.0
6,6,28,1,2,6.0,0.005714285714285714,0.0,0.9558448863636364,0.7807528409090909,0.977555681818182,0,1050.0
14,6,28,1,2,1.0,0.001053740779768177,0.0,0.959408,0.7887599999999999,0.9514285714285714,0,949.0
22,0,29,0,2,2.0,0.0021598272138228943,0.0890277773141861,0.9592327485380115,0.7542111111111112,0.97113216374269,2,926.0
6,6,28,1,3,4.0,0.006944444444444444,0.0,0.97625197740113,0.6071683615819209,0.9534841807909604,0,576.0
14,6,28,1,3,3.0,0.005208333333333333,0.0,0.9750948863636364,0.5983465909090909,0.9623090909090908,0,576.0
22,0,29,0,3,4.0,0.005547850208044383,0.0,0.9761469273743016,0.5908648044692737,0.9510592178770948,0,721.0
6,6,28,1,3,5.0,0.00580046403712297,0.0,0.9577932203389832,0.7727412429378532,0.9548954802259888,0,862.0
14,6,28,1,3,3.0,0.00322234156820623,0.0,0.9601118644067796,0.7691152542372881,0.9529186440677966,0,931.0
22,0,29,0,3,2.0,0.002028397565922921,0.0,0.9582296511627908,0.8025308139534885,0.9455558139534884,0,986.0
6,6,28,1,3,5.0,0.0055617352614015575,0.020729167386889458,0.970548275862069,0.7340936781609195,0.969635632183908,1,899.0
14,6,28,1,3,2.0,0.002751031636863824,0.01885416731238365,0.9679265536723164,0.677564406779661,0.9646892655367232,1,727.0
22,0,29,0,3,7.0,0.008547008547008548,0.0,0.9663485875706216,0.7424570621468926,0.9622666666666668,0,819.0
6,0,29,0,0,5.0,0.005159958720330237,0.0,0.9714869318181818,0.7811892045454545,0.9603221590909092,0,969.0
14,0,29,0,0,4.0,0.00398406374501992,0.0,0.9732103448275864,0.7720936781609196,0.9673367816091952,0,1004.0
22,1,29,0,0,3.0,0.0031023784901758012,0.06572916358709335,0.9726114285714286,0.7704497142857143,0.9543937142857144,1,967.0
6,0,29,0,0,3.0,0.003740648379052369,0.0,0.9579948863636364,0.6420017045454546,0.9496204545454544,0,802.0
14,0,29,0,0,3.0,0.004098360655737705,0.0,0.9595845714285716,0.6536731428571428,0.9767611428571428,0,732.0
22,1,29,0,0,3.0,0.0038510911424903724,0.034166667610406876,0.960858757062147,0.6334305084745763,0.9482943502824858,1,779.0
6,0,29,0,0,6.0,0.0064794816414686825,0.0,0.9711568965517242,0.7715344827586208,0.9542132183908044,0,926.0
14,0,29,0,0,1.0,0.0009523809523809524,0.0,0.9698011363636364,0.75509375,0.9680863636363636,0,1050.0
22,1,29,0,0,2.0,0.002296211251435132,0.0,0.9699949438202248,0.7404140449438202,0.9610904494382022,0,871.0
6,0,29,0,1,2.0,0.0020181634712411706,0.0,0.9694767045454546,0.7222562499999999,0.9522732954545454,0,991.0
14,0,29,0,1,6.0,0.007832898172323759,0.0,0.970316384180791,0.7160909604519774,0.958379661016949,0,766.0
22,1,29,0,1,5.0,0.005780346820809248,0.0,0.9707780898876404,0.6486887640449438,0.9695876404494382,0,865.0
6,0,29,0,1,4.0,0.005201560468140442,0.10709635447710752,0.9605514124293784,0.6269536723163842,0.9538604519774012,1,769.0
14,0,29,0,1,3.0,0.004021447721179625,0.10709635447710752,0.961474431818182,0.6564625000000001,0.9428977272727272,1,746.0
22,1,29,0,1,5.0,0.007288629737609329,0.0,0.9596569832402236,0.6435245810055866,0.9638513966480448,0,686.0
6,0,29,0,1,3.0,0.002857142857142857,0.10709635447710752,0.965764,0.7633297142857142,0.9598091428571428,1,1050.0
14,0,29,0,1,3.0,0.0034482758620689655,0.08874999731779099,0.961093220338983,0.7580553672316385,0.9796604519774011,1,870.0
22,1,29,0,1,5.0,0.0058823529411764705,0.0,0.95955530726257,0.7858726256983241,0.97316312849162,0,850.0
6,0,29,0,2,4.0,0.0038095238095238095,0.0,0.9684011363636364,0.7713215909090909,0.9683693181818182,0,1050.0
14,0,29,0,2,5.0,0.005241090146750524,0.0,0.9675180790960451,0.7758463276836158,0.9586621468926554,0,954.0
22,1,29,0,2,1.0,0.0009523809523809524,0.04305555671453476,0.9660954545454546,0.7738732954545454,0.9695846590909092,1,1050.0
6,0,29,0,2,6.0,0.00801068090787717,0.10709635447710752,0.9734926553672316,0.6269056497175142,0.955367231638418,2,749.0
14,0,29,0,2,5.0,0.006426735218508998,0.10409722477197647,0.9717162921348316,0.6548410112359551,0.9551494382022472,2,778.0
22,1,29,0,2,4.0,0.0043907793633369925,0.0,0.9691514450867053,0.6074329479768786,0.9537063583815028,0,911.0
6,0,29,0,2,5.0,0.004761904761904762,0.08329860866069794,0.9558448863636364,0.7807528409090909,0.977555681818182,2,1050.0
14,0,29,0,2,2.0,0.0020429009193054137,0.10709635447710752,0.959408,0.7887599999999999,0.9514285714285714,2,979.0
22,1,29,0,2,3.0,0.0028735632183908046,0.0,0.9592327485380115,0.7542111111111112,0.97113216374269,0,1044.0
6,0,29,0,3,6.0,0.008708272859216255,0.0,0.97625197740113,0.6071683615819209,0.9534841807909604,0,689.0
14,0,29,0,3,5.0,0.007429420505200594,0.0,0.9750948863636364,0.5983465909090909,0.9623090909090908,0,673.0
22,1,29,0,3,6.0,0.008595988538681949,0.0,0.9761469273743016,0.5908648044692737,0.9510592178770948,0,698.0
6,0,29,0,3,2.0,0.0019047619047619048,0.0,0.9577932203389832,0.7727412429378532,0.9548954802259888,0,1050.0
14,0,29,0,3,3.0,0.0028957528957528956,0.0,0.9601118644067796,0.7691152542372881,0.9529186440677966,0,1036.0
22,1,29,0,3,3.0,0.0029411764705882353,0.016111111268401146,0.9582296511627908,0.8025308139534885,0.9455558139534884,1,1020.0
6,0,29,0,3,6.0,0.006417112299465241,0.0,0.970548275862069,0.7340936781609195,0.969635632183908,0,935.0
14,0,29,0,3,6.0,0.007633587786259542,0.0,0.9679265536723164,0.677564406779661,0.9646892655367232,0,786.0
22,1,29,0,3,2.0,0.002136752136752137,0.0,0.9663485875706216,0.7424570621468926,0.9622666666666668,0,936.0
6,1,29,0,0,3.0,0.002857142857142857,0.08906249701976776,0.9714869318181818,0.7811892045454545,0.9603221590909092,1,1050.0
14,1,29,0,0,2.0,0.0019047619047619048,0.06805555522441864,0.9732103448275864,0.7720936781609196,0.9673367816091952,1,1050.0
22,2,29,0,0,4.0,0.004338394793926247,0.0,0.9726114285714286,0.7704497142857143,0.9543937142857144,0,922.0
6,1,29,0,0,3.0,0.004021447721179625,0.024166665971279144,0.9579948863636364,0.6420017045454546,0.9496204545454544,1,746.0
14,1,29,0,0,3.0,0.003973509933774834,0.061250001192092896,0.9595845714285716,0.6536731428571428,0.9767611428571428,1,755.0
22,2,29,0,0,7.0,0.008557457212713936,0.0,0.960858757062147,0.6334305084745763,0.9482943502824858,0,818.0
6,1,29,0,0,2.0,0.002150537634408602,0.0,0.9711568965517242,0.7715344827586208,0.9542132183908044,0,930.0
14,1,29,0,0,2.0,0.002430133657351154,0.0,0.9698011363636364,0.75509375,0.9680863636363636,0,823.0
22,2,29,0,0,5.0,0.004761904761904762,0.0,0.9699949438202248,0.7404140449438202,0.9610904494382022,0,1050.0
6,1,29,0,1,3.0,0.003061224489795918,0.0,0.9694767045454546,0.7222562499999999,0.9522732954545454,0,980.0
14,1,29,0,1,1.0,0.0010162601626016261,0.0,0.970316384180791,0.7160909604519774,0.958379661016949,0,984.0
22,2,29,0,1,4.0,0.004920049200492005,0.0,0.9707780898876404,0.6486887640449438,0.9695876404494382,0,813.0
6,1,29,0,1,2.0,0.0027359781121751026,0.0,0.9605514124293784,0.6269536723163842,0.9538604519774012,0,731.0
14,1,29,0,1,4.0,0.005076142131979695,0.0,0.961474431818182,0.6564625000000001,0.9428977272727272,0,788.0
22,2,29,0,1,3.0,0.003592814371257485,0.0,0.9596569832402236,0.6435245810055866,0.9638513966480448,0,835.0
6,1,29,0,1,5.0,0.005159958720330237,0.0,0.965764,0.7633297142857142,0.9598091428571428,0,969.0
14,1,29,0,1,2.0,0.0019047619047619048,0.0,0.961093220338983,0.7580553672316385,0.9796604519774011,0,1050.0
22,2,29,0,1,5.0,0.005112474437627812,0.011562500149011612,0.95955530726257,0.7858726256983241,0.97316312849162,1,978.0
6,1,29,0,2,3.0,0.0028846153846153848,0.05878472328186035,0.9684011363636364,0.7713215909090909,0.9683693181818182,1,1040.0
14,1,29,0,2,5.0,0.004761904761904762,0.06618055701255798,0.9675180790960451,0.7758463276836158,0.9586621468926554,1,1050.0
22,2,29,0,2,4.0,0.004629629629629629,0.10709635447710752,0.9660954545454546,0.7738732954545454,0.9695846590909092,1,864.0
6,1,29,0,2,2.0,0.0032310177705977385,0.0,0.9734926553672316,0.6269056497175142,0.955367231638418,0,619.0
14,1,29,0,2,4.0,0.005298013245033113,0.0,0.9717162921348316,0.6548410112359551,0.9551494382022472,0,755.0
22,2,29,0,2,3.0,0.0034802784222737818,0.012361111119389534,0.9691514450867053,0.6074329479768786,0.9537063583815028,1,862.0
6,1,29,0,2,6.0,0.005714285714285714,0.0,0.9558448863636364,0.7807528409090909,0.977555681818182,0,1050.0
14,1,29,0,2,6.0,0.005714285714285714,0.0,0.959408,0.7887599999999999,0.9514285714285714,0,1050.0
22,2,29,0,2,2.0,0.0019047619047619048,0.0,0.9592327485380115,0.7542111111111112,0.97113216374269,0,1050.0
6,1,29,0,3,2.0,0.0027662517289073307,0.0,0.97625197740113,0.6071683615819209,0.9534841807909604,0,723.0
14,1,29,0,3,5.0,0.0071633237822349575,0.0,0.9750948863636364,0.5983465909090909,0.9623090909090908,0,698.0
22,2,29,0,3,7.0,0.010638297872340425,0.0,0.9761469273743016,0.5908648044692737,0.9510592178770948,0,658.0
6,1,29,0,3,2.0,0.0024183796856106408,0.01753472164273262,0.9577932203389832,0.7727412429378532,0.9548954802259888,1,827.0
14,1,29,0,3,2.0,0.001937984496124031,0.018645834177732468,0.9601118644067796,0.7691152542372881,0.9529186440677966,1,1032.0
22,2,29,0,3,5.0,0.0056625141562853904,0.0,0.9582296511627908,0.8025308139534885,0.9455558139534884,0,883.0
6,1,29,0,3,4.0,0.003887269193391642,0.0,0.970548275862069,0.7340936781609195,0.969635632183908,0,1029.0
14,1,29,0,3,5.0,0.005324813631522897,0.0,0.9679265536723164,0.677564406779661,0.9646892655367232,0,939.0
22,2,29,0,3,4.0,0.004028197381671702,0.0,0.9663485875706216,0.7424570621468926,0.9622666666666668,0,993.0
6,2,29,0,0,4.0,0.0041279669762641896,0.0,0.9714869318181818,0.7811892045454545,0.9603221590909092,0,969.0
14,2,29,0,0,3.0,0.0030181086519114686,0.0,0.9732103448275864,0.7720936781609196,0.9673367816091952,0,994.0
22,3,29,0,0,3.0,0.002857142857142857,0.0,0.9726114285714286,0.7704497142857143,0.9543937142857144,0,1050.0
6,2,29,0,0,6.0,0.008141112618724558,0.0,0.9579948863636364,0.6420017045454546,0.9496204545454544,0,737.0
14,2,29,0,0,6.0,0.009202453987730062,0.0,0.9595845714285716,0.6536731428571428,0.9767611428571428,0,652.0
22,3,29,0,0,3.0,0.00436046511627907,0.0,0.960858757062147,0.6334305084745763,0.9482943502824858,0,688.0
6,2,29,0,0,5.0,0.006038647342995169,0.0,0.9711568965517242,0.7715344827586208,0.9542132183908044,0,828.0
14,2,29,0,0,6.0,0.007009345794392523,0.0,0.9698011363636364,0.75509375,0.9680863636363636,0,856.0
22,3,29,0,0,3.0,0.0031282586027111575,0.010347221978008747,0.9699949438202248,0.7404140449438202,0.9610904494382022,1,959.0
6,2,29,0,1,3.0,0.0034802784222737818,0.0,0.9694767045454546,0.7222562499999999,0.9522732954545454,0,862.0
14,2,29,0,1,6.0,0.01020408163265306,0.0,0.970316384180791,0.7160909604519774,0.958379661016949,0,588.0
22,3,29,0,1,3.0,0.0038461538461538464,0.0,0.9707780898876404,0.6486887640449438,0.9695876404494382,0,780.0
6,2,29,0,1,5.0,0.007530120481927711,0.0,0.9605514124293784,0.6269536723163842,0.9538604519774012,0,664.0
14,2,29,0,1,2.0,0.0026666666666666666,0.0,0.961474431818182,0.6564625000000001,0.9428977272727272,0,750.0
22,3,29,0,1,3.0,0.004464285714285714,0.0,0.9596569832402236,0.6435245810055866,0.9638513966480448,0,672.0
6,2,29,0,1,2.0,0.0019047619047619048,0.011041666381061077,0.965764,0.7633297142857142,0.9598091428571428,1,1050.0
14,2,29,0,1,3.0,0.002857142857142857,0.018611110746860504,0.961093220338983,0.7580553672316385,0.9796604519774011,1,1050.0
22,3,29,0,1,3.0,0.0038461538461538464,0.0,0.95955530726257,0.7858726256983241,0.97316312849162,0,780.0
6,2,29,0,2,3.0,0.002857142857142857,0.10709635447710752,0.9684011363636364,0.7713215909090909,0.9683693181818182,1,1050.0
14,2,29,0,2,5.0,0.004761904761904762,0.10709635447710752,0.9675180790960451,0.7758463276836158,0.9586621468926554,1,1050.0
22,3,29,0,2,3.0,0.003131524008350731,0.0,0.9660954545454546,0.7738732954545454,0.9695846590909092,0,958.0
6,2,29,0,2,3.0,0.0038412291933418692,0.02274305559694767,0.9734926553672316,0.6269056497175142,0.955367231638418,1,781.0
14,2,29,0,2,3.0,0.004213483146067416,0.014375000260770321,0.9717162921348316,0.6548410112359551,0.9551494382022472,1,712.0
22,3,29,0,2,5.0,0.00544069640914037,0.10709635447710752,0.9691514450867053,0.6074329479768786,0.9537063583815028,1,919.0
6,2,29,0,2,3.0,0.0029182879377431907,0.0,0.9558448863636364,0.7807528409090909,0.977555681818182,0,1028.0
14,2,29,0,2,6.0,0.005802707930367505,0.0,0.959408,0.7887599999999999,0.9514285714285714,0,1034.0
22,3,29,0,2,3.0,0.0032397408207343412,0.0,0.9592327485380115,0.7542111111111112,0.97113216374269,0,926.0
6,2,29,0,3,3.0,0.004437869822485207,0.0,0.97625197740113,0.6071683615819209,0.9534841807909604,0,676.0
14,2,29,0,3,6.0,0.007741935483870968,0.0,0.9750948863636364,0.5983465909090909,0.9623090909090908,0,775.0
22,3,29,0,3,6.0,0.008075370121130552,0.0,0.9761469273743016,0.5908648044692737,0.9510592178770948,0,743.0
6,2,29,0,3,4.0,0.004434589800443459,0.0,0.9577932203389832,0.7727412429378532,0.9548954802259888,0,902.0
14,2,29,0,3,6.0,0.006968641114982578,0.0,0.9601118644067796,0.7691152542372881,0.9529186440677966,0,861.0
22,3,29,0,3,7.0,0.007575757575757576,0.06156250089406967,0.9582296511627908,0.8025308139534885,0.9455558139534884,1,924.0
6,2,29,0,3,5.0,0.00576036866359447,0.0,0.970548275862069,0.7340936781609195,0.969635632183908,0,868.0
14,2,29,0,3,2.0,0.0019474196689386564,0.0,0.9679265536723164,0.677564406779661,0.9646892655367232,0,1027.0
22,3,29,0,3,4.0,0.00468384074941452,0.0,0.9663485875706216,0.7424570621468926,0.9622666666666668,0,854.0
6,3,29,0,0,3.0,0.0030241935483870967,0.0,0.9714869318181818,0.7811892045454545,0.9603221590909092,0,992.0
14,3,29,0,0,2.0,0.0019047619047619048,0.0,0.9732103448275864,0.7720936781609196,0.9673367816091952,0,1050.0
22,4,29,0,0,2.0,0.0019047619047619048,0.06888888776302338,0.9726114285714286,0.7704497142857143,0.9543937142857144,2,1050.0
6,3,29,0,0,5.0,0.006747638326585695,0.0,0.9579948863636364,0.6420017045454546,0.9496204545454544,0,741.0
14,3,29,0,0,5.0,0.006134969325153374,0.0,0.9595845714285716,0.6536731428571428,0.9767611428571428,0,815.0
22,4,29,0,0,3.0,0.004531722054380665,0.04052083194255829,0.960858757062147,0.6334305084745763,0.9482943502824858,1,662.0
6,3,29,0,0,5.0,0.004761904761904762,0.013194444589316845,0.9711568965517242,0.7715344827586208,0.9542132183908044,1,1050.0
14,3,29,0,0,6.0,0.006396588486140725,0.005590277723968029,0.9698011363636364,0.75509375,0.9680863636363636,1,938.0
22,4,29,0,0,4.0,0.0038797284190106693,0.0,0.9699949438202248,0.7404140449438202,0.9610904494382022,0,1031.0
6,3,29,0,1,4.0,0.005681818181818182,0.0,0.9694767045454546,0.7222562499999999,0.9522732954545454,0,704.0
14,3,29,0,1,5.0,0.005668934240362812,0.0,0.970316384180791,0.7160909604519774,0.958379661016949,0,882.0
22,4,29,0,1,5.0,0.005931198102016607,0.10709635447710752,0.9707780898876404,0.6486887640449438,0.9695876404494382,1,843.0
6,3,29,0,1,3.0,0.004559270516717325,0.0,0.9605514124293784,0.6269536723163842,0.9538604519774012,0,658.0
14,3,29,0,1,3.0,0.00530035335689046,0.0,0.961474431818182,0.6564625000000001,0.9428977272727272,0,566.0
22,4,29,0,1,4.0,0.005128205128205128,0.02291666716337204,0.9596569832402236,0.6435245810055866,0.9638513966480448,1,780.0
6,3,29,0,1,5.0,0.0055248618784530384,0.0,0.965764,0.7633297142857142,0.9598091428571428,0,905.0
14,3,29,0,1,5.0,0.004897159647404506,0.0,0.961093220338983,0.7580553672316385,0.9796604519774011,0,1021.0
22,4,29,0,1,5.0,0.005128205128205128,0.0,0.95955530726257,0.7858726256983241,0.97316312849162,0,975.0
6,3,29,0,2,4.0,0.004145077720207254,0.0,0.9684011363636364,0.7713215909090909,0.9683693181818182,0,965.0
14,3,29,0,2,6.0,0.0066815144766146995,0.0,0.9675180790960451,0.7758463276836158,0.9586621468926554,0,898.0
22,4,29,0,2,5.0,0.0051440329218107,0.10709635447710752,0.9660954545454546,0.7738732954545454,0.9695846590909092,2,972.0
6,3,29,0,2,3.0,0.003367003367003367,0.05565972253680229,0.9734926553672316,0.6269056497175142,0.955367231638418,1,891.0
14,3,29,0,2,5.0,0.007429420505200594,0.10709635447710752,0.9717162921348316,0.6548410112359551,0.9551494382022472,1,673.0
22,4,29,0,2,4.0,0.006514657980456026,0.0,0.9691514450867053,0.6074329479768786,0.9537063583815028,0,614.0
6,3,29,0,2,5.0,0.00484027105517909,0.0,0.9558448863636364,0.7807528409090909,0.977555681818182,0,1033.0
14,3,29,0,2,4.0,0.004016064257028112,0.0,0.959408,0.7887599999999999,0.9514285714285714,0,996.0
22,4,29,0,2,5.0,0.004761904761904762,0.0,0.9592327485380115,0.7542111111111112,0.97113216374269,0,1050.0
6,3,29,0,3,6.0,0.007989347536617843,0.0,0.97625197740113,0.6071683615819209,0.9534841807909604,0,751.0
14,3,29,0,3,2.0,0.003257328990228013,0.0,0.9750948863636364,0.5983465909090909,0.9623090909090908,0,614.0
22,4,29,0,3,0.0,0.0,0.0,0.9761469273743016,0.5908648044692737,0.9510592178770948,0,691.0
6,3,29,0,3,5.0,0.005405405405405406,0.079097218811512,0.9577932203389832,0.7727412429378532,0.9548954802259888,1,925.0
14,3,29,0,3,3.0,0.002857142857142857,0.09187500178813934,0.9601118644067796,0.7691152542372881,0.9529186440677966,1,1050.0
22,4,29,0,3,3.0,0.0033594624860022394,0.10709635447710752,0.9582296511627908,0.8025308139534885,0.9455558139534884,1,893.0
6,3,29,0,3,6.0,0.00684931506849315,0.0,0.970548275862069,0.7340936781609195,0.969635632183908,0,876.0
14,3,29,0,3,3.0,0.003105590062111801,0.0,0.9679265536723164,0.677564406779661,0.9646892655367232,0,966.0
22,4,29,0,3,5.0,0.005787037037037037,0.0,0.9663485875706216,0.7424570621468926,0.9622666666666668,0,864.0
6,4,29,0,0,3.0,0.0031479538300104933,0.05114583298563957,0.9714869318181818,0.7811892045454545,0.9603221590909092,2,953.0
14,4,29,0,0,2.0,0.0019047619047619048,0.04211805388331413,0.9732103448275864,0.7720936781609196,0.9673367816091952,2,1050.0
22,5,29,1,0,4.0,0.0038095238095238095,0.0,0.9726114285714286,0.7704497142857143,0.9543937142857144,0,1050.0
6,4,29,0,0,2.0,0.002652519893899204,0.027222221717238426,0.9579948863636364,0.6420017045454546,0.9496204545454544,1,754.0
14,4,29,0,0,2.0,0.0026954177897574125,0.02465277723968029,0.9595845714285716,0.6536731428571428,0.9767611428571428,1,742.0
22,5,29,1,0,3.0,0.0034762456546929316,0.02604166604578495,0.960858757062147,0.6334305084745763,0.9482943502824858,1,863.0
6,4,29,0,0,3.0,0.0030425963488843813,0.0,0.9711568965517242,0.7715344827586208,0.9542132183908044,0,986.0
14,4,29,0,0,5.0,0.005076142131979695,0.0,0.9698011363636364,0.75509375,0.9680863636363636,0,985.0
22,5,29,1,0,3.0,0.002857142857142857,0.0,0.9699949438202248,0.7404140449438202,0.9610904494382022,0,1050.0
6,4,29,0,1,4.0,0.004705882352941176,0.10709635447710752,0.9694767045454546,0.7222562499999999,0.9522732954545454,1,850.0
14,4,29,0,1,2.0,0.002785515320334262,0.10003472119569778,0.970316384180791,0.7160909604519774,0.958379661016949,1,718.0
22,5,29,1,1,5.0,0.005875440658049354,0.08503472059965134,0.9707780898876404,0.6486887640449438,0.9695876404494382,1,851.0
6,4,29,0,1,2.0,0.002512562814070352,0.04243055731058121,0.9605514124293784,0.6269536723163842,0.9538604519774012,1,796.0
14,4,29,0,1,4.0,0.004801920768307323,0.02621527761220932,0.961474431818182,0.6564625000000001,0.9428977272727272,1,833.0
22,5,29,1,1,1.0,0.0014858841010401188,0.0,0.9596569832402236,0.6435245810055866,0.9638513966480448,0,673.0
6,4,29,0,1,3.0,0.003,0.0,0.965764,0.7633297142857142,0.9598091428571428,0,1000.0
14,4,29,0,1,2.0,0.001932367149758454,0.0,0.961093220338983,0.7580553672316385,0.9796604519774011,0,1035.0
22,5,29,1,1,2.0,0.0019047619047619048,0.0,0.95955530726257,0.7858726256983241,0.97316312849162,0,1050.0
6,4,29,0,2,2.0,0.0024096385542168677,0.10709635447710752,0.9684011363636364,0.7713215909090909,0.9683693181818182,2,830.0
14,4,29,0,2,5.0,0.004812319538017324,0.10709635447710752,0.9675180790960451,0.7758463276836158,0.9586621468926554,2,1039.0
22,5,29,1,2,2.0,0.0022371364653243847,0.0,0.9660954545454546,0.7738732954545454,0.9695846590909092,0,894.0
6,4,29,0,2,5.0,0.0054525627044711015,0.0,0.9734926553672316,0.6269056497175142,0.955367231638418,0,917.0
14,4,29,0,2,4.0,0.004866180048661801,0.0,0.9717162921348316,0.6548410112359551,0.9551494382022472,0,822.0
22,5,29,1,2,2.0,0.0030721966205837174,0.0,0.9691514450867053,0.6074329479768786,0.9537063583815028,0,651.0
6,4,29,0,2,2.0,0.0019782393669634025,0.0,0.9558448863636364,0.7807528409090909,0.977555681818182,0,1011.0
14,4,29,0,2,3.0,0.002857142857142857,0.0,0.959408,0.7887599999999999,0.9514285714285714,0,1050.0
22,5,29,1,2,5.0,0.004761904761904762,0.05496527627110481,0.9592327485380115,0.7542111111111112,0.97113216374269,1,1050.0
6,4,29,0,3,6.0,0.008559201141226819,0.0,0.97625197740113,0.6071683615819209,0.9534841807909604,0,701.0
14,4,29,0,3,6.0,0.008097165991902834,0.0,0.9750948863636364,0.5983465909090909,0.9623090909090908,0,741.0
22,5,29,1,3,4.0,0.005952380952380952,0.0,0.9761469273743016,0.5908648044692737,0.9510592178770948,0,672.0
6,4,29,0,3,2.0,0.0019743336623889436,0.10709635447710752,0.9577932203389832,0.7727412429378532,0.9548954802259888,1,1013.0
14,4,29,0,3,4.0,0.0041841004184100415,0.06913194805383682,0.9601118644067796,0.7691152542372881,0.9529186440677966,1,956.0
22,5,29,1,3,2.0,0.0024067388688327317,0.0,0.9582296511627908,0.8025308139534885,0.9455558139534884,0,831.0
6,4,29,0,3,4.0,0.005063291139240506,0.0,0.970548275862069,0.7340936781609195,0.969635632183908,0,790.0
14,4,29,0,3,2.0,0.002751031636863824,0.0,0.9679265536723164,0.677564406779661,0.9646892655367232,0,727.0
22,5,29,1,3,2.0,0.0030581039755351682,0.0,0.9663485875706216,0.7424570621468926,0.9622666666666668,0,654.0
6,5,29,1,0,3.0,0.002857142857142857,0.0,0.9714869318181818,0.7811892045454545,0.9603221590909092,0,1050.0
14,5,29,1,0,6.0,0.006578947368421052,0.0,0.9732103448275864,0.7720936781609196,0.9673367816091952,0,912.0
14,5,29,1,0,5.0,0.005470459518599562,0.0486111119389534,0.9595845714285716,0.6536731428571428,0.9767611428571428,1,914.0
22,6,29,1,0,4.0,0.005082592121982211,0.10709635447710752,0.960858757062147,0.6334305084745763,0.9482943502824858,2,787.0
6,5,29,1,0,4.0,0.004153686396677051,0.0,0.9711568965517242,0.7715344827586208,0.9542132183908044,0,963.0
14,5,29,1,0,3.0,0.0029239766081871343,0.0,0.9698011363636364,0.75509375,0.9680863636363636,0,1026.0
22,6,29,1,0,5.0,0.005500550055005501,0.09583333134651184,0.9699949438202248,0.7404140449438202,0.9610904494382022,1,909.0
6,5,29,1,1,3.0,0.0038910505836575876,0.04694444313645363,0.9694767045454546,0.7222562499999999,0.9522732954545454,1,771.0
14,5,29,1,1,2.0,0.0021598272138228943,0.08624999970197678,0.970316384180791,0.7160909604519774,0.958379661016949,1,926.0
22,6,29,1,1,2.0,0.002621231979030144,0.0,0.9707780898876404,0.6486887640449438,0.9695876404494382,0,763.0
6,5,29,1,1,6.0,0.009433962264150943,0.0,0.9605514124293784,0.6269536723163842,0.9538604519774012,0,636.0
14,5,29,1,1,5.0,0.007575757575757576,0.0,0.961474431818182,0.6564625000000001,0.9428977272727272,0,660.0
22,6,29,1,1,5.0,0.006756756756756757,0.10709635447710752,0.9596569832402236,0.6435245810055866,0.9638513966480448,1,740.0
6,5,29,1,1,3.0,0.003067484662576687,0.0,0.965764,0.7633297142857142,0.9598091428571428,0,978.0
22,6,29,1,1,2.0,0.0019047619047619048,0.04895833507180214,0.95955530726257,0.7858726256983241,0.97316312849162,1,1050.0
6,5,29,1,2,6.0,0.006230529595015576,0.0,0.9684011363636364,0.7713215909090909,0.9683693181818182,0,963.0
14,5,29,1,2,2.0,0.0022727272727272726,0.0,0.9675180790960451,0.7758463276836158,0.9586621468926554,0,880.0
22,6,29,1,2,2.0,0.0019588638589618022,0.10709635447710752,0.9660954545454546,0.7738732954545454,0.9695846590909092,1,1021.0
6,5,29,1,2,4.0,0.005813953488372093,0.0,0.9734926553672316,0.6269056497175142,0.955367231638418,0,688.0
14,5,29,1,2,6.0,0.007936507936507936,0.0,0.9717162921348316,0.6548410112359551,0.9551494382022472,0,756.0
22,6,29,1,2,3.0,0.003968253968253968,0.0,0.9691514450867053,0.6074329479768786,0.9537063583815028,0,756.0
6,5,29,1,2,3.0,0.003048780487804878,0.08041666448116302,0.9558448863636364,0.7807528409090909,0.977555681818182,1,984.0
14,5,29,1,2,1.0,0.0009523809523809524,0.07809028029441833,0.959408,0.7887599999999999,0.9514285714285714,1,1050.0
22,6,29,1,2,4.0,0.003972194637537239,0.0,0.9592327485380115,0.7542111111111112,0.97113216374269,0,1007.0
6,5,29,1,3,3.0,0.003978779840848806,0.0,0.97625197740113,0.6071683615819209,0.9534841807909604,0,754.0
14,5,29,1,3,3.0,0.003787878787878788,0.0,0.9750948863636364,0.5983465909090909,0.9623090909090908,0,792.0
22,6,29,1,3,3.0,0.0037593984962406013,0.1067708358168602,0.9761469273743016,0.5908648044692737,0.9510592178770948,1,798.0
6,5,29,1,3,6.0,0.005958291956305859,0.0,0.9577932203389832,0.7727412429378532,0.9548954802259888,0,1007.0
14,5,29,1,3,3.0,0.0028625954198473282,0.0,0.9601118644067796,0.7691152542372881,0.9529186440677966,0,1048.0
22,6,29,1,3,3.0,0.0030991735537190084,0.10709635447710752,0.9582296511627908,0.8025308139534885,0.9455558139534884,2,968.0
6,5,29,1,3,5.0,0.0050968399592252805,0.0,0.970548275862069,0.7340936781609195,0.969635632183908,0,981.0
14,5,29,1,3,5.0,0.0070028011204481795,0.0,0.9679265536723164,0.677564406779661,0.9646892655367232,0,714.0
22,6,29,1,3,1.0,0.0012224938875305623,0.0,0.9663485875706216,0.7424570621468926,0.9622666666666668,0,818.0
6,6,29,1,0,3.0,0.003061224489795918,0.0998263880610466,0.9714869318181818,0.7811892045454545,0.9603221590909092,1,980.0
22,0,30,0,0,2.0,0.0020833333333333333,0.0,0.9726114285714286,0.7704497142857143,0.9543937142857144,0,960.0
6,6,29,1,0,5.0,0.00655307994757536,0.10709635447710752,0.9579948863636364,0.6420017045454546,0.9496204545454544,2,763.0
14,6,29,1,0,5.0,0.005827505827505828,0.10709635447710752,0.9595845714285716,0.6536731428571428,0.9767611428571428,2,858.0
22,0,30,0,0,2.0,0.0025188916876574307,0.0,0.960858757062147,0.6334305084745763,0.9482943502824858,0,794.0
6,6,29,1,0,2.0,0.0023228803716608595,0.10709635447710752,0.9711568965517242,0.7715344827586208,0.9542132183908044,1,861.0
14,6,29,1,0,1.0,0.0011111111111111111,0.10709635447710752,0.9698011363636364,0.75509375,0.9680863636363636,1,900.0
22,0,30,0,0,2.0,0.00228310502283105,0.063472218811512,0.9699949438202248,0.7404140449438202,0.9610904494382022,1,876.0
6,6,29,1,1,4.0,0.0038131553860819827,0.0,0.9694767045454546,0.7222562499999999,0.9522732954545454,0,1049.0
14,6,29,1,1,2.0,0.002336448598130841,0.0,0.970316384180791,0.7160909604519774,0.958379661016949,0,856.0
22,0,30,0,1,6.0,0.0078125,0.011527777649462223,0.9707780898876404,0.6486887640449438,0.9695876404494382,1,768.0
6,6,29,1,1,5.0,0.006613756613756613,0.10709635447710752,0.9605514124293784,0.6269536723163842,0.9538604519774012,1,756.0
14,6,29,1,1,4.0,0.0061068702290076335,0.07437500357627869,0.961474431818182,0.6564625000000001,0.9428977272727272,1,655.0
22,0,30,0,1,4.0,0.006462035541195477,0.0,0.9596569832402236,0.6435245810055866,0.9638513966480448,0,619.0
14,6,29,1,1,4.0,0.004555808656036446,0.047881945967674255,0.961093220338983,0.7580553672316385,0.9796604519774011,1,878.0
22,0,30,0,1,4.0,0.0038095238095238095,0.0,0.95955530726257,0.7858726256983241,0.97316312849162,0,1050.0
14,6,29,1,2,2.0,0.0019047619047619048,0.10709635447710752,0.9675180790960451,0.7758463276836158,0.9586621468926554,1,1050.0
22,0,30,0,2,6.0,0.006564551422319475,0.10709635447710752,0.9660954545454546,0.7738732954545454,0.9695846590909092,1,914.0
6,6,29,1,2,4.0,0.004801920768307323,0.0,0.9734926553672316,0.6269056497175142,0.955367231638418,0,833.0
22,0,30,0,2,4.0,0.0056657223796034,0.08291666954755783,0.9691514450867053,0.6074329479768786,0.9537063583815028,1,706.0
6,6,29,1,2,2.0,0.0019550342130987292,0.0,0.9558448863636364,0.7807528409090909,0.977555681818182,0,1023.0
14,6,29,1,2,4.0,0.004132231404958678,0.0,0.959408,0.7887599999999999,0.9514285714285714,0,968.0
22,0,30,0,2,3.0,0.0028735632183908046,0.0,0.9592327485380115,0.7542111111111112,0.97113216374269,0,1044.0
6,6,29,1,3,5.0,0.006747638326585695,0.092777781188488,0.97625197740113,0.6071683615819209,0.9534841807909604,1,741.0
14,6,29,1,3,2.0,0.0027624309392265192,0.0807291641831398,0.9750948863636364,0.5983465909090909,0.9623090909090908,1,724.0
22,0,30,0,3,6.0,0.01011804384485666,0.0,0.9761469273743016,0.5908648044692737,0.9510592178770948,0,593.0
6,6,29,1,3,4.0,0.0038684719535783366,0.07423610985279083,0.9577932203389832,0.7727412429378532,0.9548954802259888,2,1034.0
14,6,29,1,3,3.0,0.0031645569620253164,0.10709635447710752,0.9601118644067796,0.7691152542372881,0.9529186440677966,2,948.0
22,0,30,0,3,5.0,0.00536480686695279,0.0,0.9582296511627908,0.8025308139534885,0.9455558139534884,0,932.0
14,6,29,1,3,6.0,0.007220216606498195,0.0,0.9679265536723164,0.677564406779661,0.9646892655367232,0,831.0
6,0,30,0,0,2.0,0.0022026431718061676,0.0,0.9714869318181818,0.7811892045454545,0.9603221590909092,0,908.0
14,0,30,0,0,5.0,0.006082725060827251,0.0,0.9732103448275864,0.7720936781609196,0.9673367816091952,0,822.0
22,1,30,0,0,3.0,0.002857142857142857,0.0,0.9726114285714286,0.7704497142857143,0.9543937142857144,0,1050.0
6,0,30,0,0,6.0,0.008583690987124463,0.0,0.9579948863636364,0.6420017045454546,0.9496204545454544,0,699.0
14,0,30,0,0,3.0,0.004103967168262654,0.0,0.9595845714285716,0.6536731428571428,0.9767611428571428,0,731.0
22,1,30,0,0,5.0,0.00651890482398957,0.0,0.960858757062147,0.6334305084745763,0.9482943502824858,0,767.0
6,0,30,0,0,3.0,0.0028653295128939827,0.028611110523343086,0.9711568965517242,0.7715344827586208,0.9542132183908044,1,1047.0
14,0,30,0,0,3.0,0.0028790786948176585,0.06715277582406998,0.9698011363636364,0.75509375,0.9680863636363636,1,1042.0
22,1,30,0,0,6.0,0.00718562874251497,0.0,0.9699949438202248,0.7404140449438202,0.9610904494382022,0,835.0
6,0,30,0,1,3.0,0.002982107355864811,0.019687499850988388,0.9694767045454546,0.7222562499999999,0.9522732954545454,1,1006.0
14,0,30,0,1,2.0,0.002171552660152009,0.009513888508081436,0.970316384180791,0.7160909604519774,0.958379661016949,1,921.0
22,1,30,0,1,3.0,0.0034602076124567475,0.0,0.9707780898876404,0.6486887640449438,0.9695876404494382,0,867.0
6,0,30,0,1,6.0,0.008797653958944282,0.0,0.9605514124293784,0.6269536723163842,0.9538604519774012,0,682.0
14,0,30,0,1,5.0,0.006896551724137931,0.0,0.961474431818182,0.6564625000000001,0.9428977272727272,0,725.0
22,1,30,0,1,4.0,0.004860267314702308,0.10709635447710752,0.9596569832402236,0.6435245810055866,0.9638513966480448,1,823.0
6,0,30,0,1,6.0,0.006185567010309278,0.0,0.965764,0.7633297142857142,0.9598091428571428,0,970.0
14,0,30,0,1,5.0,0.004761904761904762,0.0,0.961093220338983,0.7580553672316385,0.9796604519774011,0,1050.0
22,1,30,0,1,3.0,0.0033707865168539327,0.0,0.95955530726257,0.7858726256983241,0.97316312849162,0,890.0
6,0,30,0,2,5.0,0.004761904761904762,0.09624999761581421,0.9684011363636364,0.7713215909090909,0.9683693181818182,1,1050.0
14,0,30,0,2,4.0,0.003933136676499509,0.10709635447710752,0.9675180790960451,0.7758463276836158,0.9586621468926554,1,1017.0
22,1,30,0,2,3.0,0.002857142857142857,0.10709635447710752,0.9660954545454546,0.7738732954545454,0.9695846590909092,1,1050.0
6,0,30,0,2,6.0,0.007361963190184049,0.08052083104848862,0.9734926553672316,0.6269056497175142,0.955367231638418,1,815.0
14,0,30,0,2,4.0,0.004705882352941176,0.08576388657093048,0.9717162921348316,0.6548410112359551,0.9551494382022472,1,850.0
22,1,30,0,2,4.0,0.004362050163576881,0.009999999776482582,0.9691514450867053,0.6074329479768786,0.9537063583815028,1,917.0
6,0,30,0,2,4.0,0.0038095238095238095,0.0,0.9558448863636364,0.7807528409090909,0.977555681818182,0,1050.0
14,0,30,0,2,6.0,0.006659267480577136,0.0,0.959408,0.7887599999999999,0.9514285714285714,0,901.0
22,1,30,0,2,5.0,0.004761904761904762,0.09836805611848831,0.9592327485380115,0.7542111111111112,0.97113216374269,1,1050.0
6,0,30,0,3,6.0,0.008683068017366137,0.0,0.97625197740113,0.6071683615819209,0.9534841807909604,0,691.0
14,0,30,0,3,2.0,0.003134796238244514,0.0,0.9750948863636364,0.5983465909090909,0.9623090909090908,0,638.0
22,1,30,0,3,5.0,0.006045949214026602,0.0,0.9761469273743016,0.5908648044692737,0.9510592178770948,0,827.0
6,0,30,0,3,6.0,0.005825242718446602,0.0,0.9577932203389832,0.7727412429378532,0.9548954802259888,0,1030.0
14,0,30,0,3,3.0,0.0031779661016949155,0.0,0.9601118644067796,0.7691152542372881,0.9529186440677966,0,944.0
22,1,30,0,3,5.0,0.00546448087431694,0.04472222179174423,0.9582296511627908,0.8025308139534885,0.9455558139534884,1,915.0
6,0,30,0,3,4.0,0.006514657980456026,0.0,0.970548275862069,0.7340936781609195,0.969635632183908,0,614.0
14,0,30,0,3,4.0,0.004767580452920143,0.0,0.9679265536723164,0.677564406779661,0.9646892655367232,0,839.0
22,1,30,0,3,4.0,0.0045045045045045045,0.0,0.9663485875706216,0.7424570621468926,0.9622666666666668,0,888.0
6,1,30,0,0,4.0,0.0038095238095238095,0.0,0.9714869318181818,0.7811892045454545,0.9603221590909092,0,1050.0
14,1,30,0,0,2.0,0.002484472049689441,0.0,0.9732103448275864,0.7720936781609196,0.9673367816091952,0,805.0
22,2,30,0,0,4.0,0.004524886877828055,0.0,0.9726114285714286,0.7704497142857143,0.9543937142857144,0,884.0
6,1,30,0,0,2.0,0.002570694087403599,0.0,0.9579948863636364,0.6420017045454546,0.9496204545454544,0,778.0
14,1,30,0,0,4.0,0.00546448087431694,0.0,0.9595845714285716,0.6536731428571428,0.9767611428571428,0,732.0
22,2,30,0,0,4.0,0.006279434850863423,0.0,0.960858757062147,0.6334305084745763,0.9482943502824858,0,637.0
6,1,30,0,0,1.0,0.0011337868480725624,0.0,0.9711568965517242,0.7715344827586208,0.9542132183908044,0,882.0
14,1,30,0,0,2.0,0.0021929824561403508,0.0,0.9698011363636364,0.75509375,0.9680863636363636,0,912.0
22,2,30,0,0,5.0,0.005599104143337066,0.0,0.9699949438202248,0.7404140449438202,0.9610904494382022,0,893.0
6,1,30,0,1,6.0,0.006772009029345372,0.0,0.9694767045454546,0.7222562499999999,0.9522732954545454,0,886.0
14,1,30,0,1,6.0,0.008264462809917356,0.0,0.970316384180791,0.7160909604519774,0.958379661016949,0,726.0
22,2,30,0,1,3.0,0.004005340453938585,0.0,0.9707780898876404,0.6486887640449438,0.9695876404494382,0,749.0
6,1,30,0,1,6.0,0.008522727272727272,0.10709635447710752,0.9605514124293784,0.6269536723163842,0.9538604519774012,1,704.0
14,1,30,0,1,4.0,0.005194805194805195,0.10709635447710752,0.961474431818182,0.6564625000000001,0.9428977272727272,1,770.0
22,2,30,0,1,2.0,0.002564102564102564,0.0,0.9596569832402236,0.6435245810055866,0.9638513966480448,0,780.0
6,1,30,0,1,1.0,0.0010362694300518134,0.0,0.965764,0.7633297142857142,0.9598091428571428,0,965.0
14,1,30,0,1,6.0,0.005714285714285714,0.0,0.961093220338983,0.7580553672316385,0.9796604519774011,0,1050.0
22,2,30,0,1,1.0,0.0009871668311944718,0.0,0.95955530726257,0.7858726256983241,0.97316312849162,0,1013.0
6,1,30,0,2,2.0,0.0019047619047619048,0.10709635447710752,0.9684011363636364,0.7713215909090909,0.9683693181818182,1,1050.0
14,1,30,0,2,6.0,0.006644518272425249,0.10709635447710752,0.9675180790960451,0.7758463276836158,0.9586621468926554,1,903.0
22,2,30,0,2,6.0,0.00646551724137931,0.10709635447710752,0.9660954545454546,0.7738732954545454,0.9695846590909092,2,928.0
6,1,30,0,2,5.0,0.006944444444444444,0.014583333395421505,0.9734926553672316,0.6269056497175142,0.955367231638418,1,720.0
14,1,30,0,2,5.0,0.006242197253433208,0.023993056267499924,0.9717162921348316,0.6548410112359551,0.9551494382022472,1,801.0
22,2,30,0,2,5.0,0.007598784194528876,0.0,0.9691514450867053,0.6074329479768786,0.9537063583815028,0,658.0
6,1,30,0,2,6.0,0.006060606060606061,0.0725347250699997,0.9558448863636364,0.7807528409090909,0.977555681818182,1,990.0
14,1,30,0,2,3.0,0.0036809815950920245,0.058472223579883575,0.959408,0.7887599999999999,0.9514285714285714,1,815.0
22,2,30,0,2,5.0,0.0056947608200455585,0.0,0.9592327485380115,0.7542111111111112,0.97113216374269,0,878.0
6,1,30,0,3,6.0,0.008595988538681949,0.0,0.97625197740113,0.6071683615819209,0.9534841807909604,0,698.0
14,1,30,0,3,4.0,0.0054869684499314125,0.0,0.9750948863636364,0.5983465909090909,0.9623090909090908,0,729.0
22,2,30,0,3,4.0,0.005788712011577424,0.0,0.9761469273743016,0.5908648044692737,0.9510592178770948,0,691.0
6,1,30,0,3,5.0,0.005973715651135006,0.04763888940215111,0.9577932203389832,0.7727412429378532,0.9548954802259888,1,837.0
14,1,30,0,3,3.0,0.004005340453938585,0.09802083671092987,0.9601118644067796,0.7691152542372881,0.9529186440677966,1,749.0
22,2,30,0,3,2.0,0.0020855057351407717,0.0,0.9582296511627908,0.8025308139534885,0.9455558139534884,0,959.0
6,1,30,0,3,3.0,0.0032537960954446853,0.0,0.970548275862069,0.7340936781609195,0.969635632183908,0,922.0
14,1,30,0,3,5.0,0.005208333333333333,0.0,0.9679265536723164,0.677564406779661,0.9646892655367232,0,960.0
22,2,30,0,3,1.0,0.0012300123001230013,0.056458331644535065,0.9663485875706216,0.7424570621468926,0.9622666666666668,1,813.0
6,2,30,0,0,5.0,0.004761904761904762,0.0,0.9714869318181818,0.7811892045454545,0.9603221590909092,0,1050.0
14,2,30,0,0,4.0,0.005076142131979695,0.0,0.9732103448275864,0.7720936781609196,0.9673367816091952,0,788.0
22,3,30,0,0,5.0,0.0050916496945010185,0.03444444388151169,0.9726114285714286,0.7704497142857143,0.9543937142857144,1,982.0
6,2,30,0,0,5.0,0.007633587786259542,0.0,0.9579948863636364,0.6420017045454546,0.9496204545454544,0,655.0
14,2,30,0,0,2.0,0.00245398773006135,0.0,0.9595845714285716,0.6536731428571428,0.9767611428571428,0,815.0
22,3,30,0,0,6.0,0.008141112618724558,0.07777778059244156,0.960858757062147,0.6334305084745763,0.9482943502824858,1,737.0
6,2,30,0,0,6.0,0.006329113924050633,0.0,0.9711568965517242,0.7715344827586208,0.9542132183908044,0,948.0
14,2,30,0,0,4.0,0.004429678848283499,0.0,0.9698011363636364,0.75509375,0.9680863636363636,0,903.0
22,3,30,0,0,0.0,0.0,0.0,0.9699949438202248,0.7404140449438202,0.9610904494382022,0,1050.0
6,2,30,0,1,4.0,0.00425531914893617,0.0,0.9694767045454546,0.7222562499999999,0.9522732954545454,0,940.0
14,2,30,0,1,5.0,0.005274261603375527,0.0,0.970316384180791,0.7160909604519774,0.958379661016949,0,948.0
22,3,30,0,1,2.0,0.002484472049689441,0.10709635447710752,0.9707780898876404,0.6486887640449438,0.9695876404494382,2,805.0
6,2,30,0,1,4.0,0.005555555555555556,0.0,0.9605514124293784,0.6269536723163842,0.9538604519774012,0,720.0
14,2,30,0,1,3.0,0.004966887417218543,0.0,0.961474431818182,0.6564625000000001,0.9428977272727272,0,604.0
22,3,30,0,1,3.0,0.00424929178470255,0.0,0.9596569832402236,0.6435245810055866,0.9638513966480448,0,706.0
6,2,30,0,1,2.0,0.0019102196752626551,0.0,0.965764,0.7633297142857142,0.9598091428571428,0,1047.0
14,2,30,0,1,2.0,0.0019342359767891683,0.0,0.961093220338983,0.7580553672316385,0.9796604519774011,0,1034.0
22,3,30,0,1,8.0,0.008556149732620321,0.08076389133930206,0.95955530726257,0.7858726256983241,0.97316312849162,1,935.0
6,2,30,0,2,4.0,0.004158004158004158,0.10709635447710752,0.9684011363636364,0.7713215909090909,0.9683693181818182,2,962.0
14,2,30,0,2,4.0,0.0038095238095238095,0.10709635447710752,0.9675180790960451,0.7758463276836158,0.9586621468926554,2,1050.0
22,3,30,0,2,2.0,0.00196078431372549,0.0,0.9660954545454546,0.7738732954545454,0.9695846590909092,0,1020.0
6,2,30,0,2,5.0,0.006963788300835654,0.0,0.9734926553672316,0.6269056497175142,0.955367231638418,0,718.0
14,2,30,0,2,3.0,0.004231311706629055,0.0,0.9717162921348316,0.6548410112359551,0.9551494382022472,0,709.0
22,3,30,0,2,2.0,0.0023391812865497076,0.0,0.9691514450867053,0.6074329479768786,0.9537063583815028,0,855.0
6,2,30,0,2,2.0,0.002053388090349076,0.0,0.9558448863636364,0.7807528409090909,0.977555681818182,0,974.0
14,2,30,0,2,5.0,0.004761904761904762,0.0,0.959408,0.7887599999999999,0.9514285714285714,0,1050.0
22,3,30,0,2,2.0,0.002320185614849188,0.10709635447710752,0.9592327485380115,0.7542111111111112,0.97113216374269,1,862.0
6,2,30,0,3,2.0,0.002894356005788712,0.0,0.97625197740113,0.6071683615819209,0.9534841807909604,0,691.0
14,2,30,0,3,2.0,0.0027662517289073307,0.0,0.9750948863636364,0.5983465909090909,0.9623090909090908,0,723.0
22,3,30,0,3,4.0,0.005434782608695652,0.0,0.9761469273743016,0.5908648044692737,0.9510592178770948,0,736.0
6,2,30,0,3,4.0,0.003964321110009911,0.0,0.9577932203389832,0.7727412429378532,0.9548954802259888,0,1009.0
14,2,30,0,3,6.0,0.006179196704428424,0.0,0.9601118644067796,0.7691152542372881,0.9529186440677966,0,971.0
22,3,30,0,3,4.0,0.003992015968063872,0.07975694537162781,0.9582296511627908,0.8025308139534885,0.9455558139534884,1,1002.0
6,2,30,0,3,3.0,0.0031645569620253164,0.07496527582406998,0.970548275862069,0.7340936781609195,0.969635632183908,1,948.0
14,2,30,0,3,4.0,0.004357298474945534,0.05961805582046509,0.9679265536723164,0.677564406779661,0.9646892655367232,1,918.0
22,3,30,0,3,3.0,0.0038071065989847717,0.0,0.9663485875706216,0.7424570621468926,0.9622666666666668,0,788.0
6,3,30,0,0,6.0,0.006342494714587738,0.03253472223877907,0.9714869318181818,0.7811892045454545,0.9603221590909092,1,946.0
14,3,30,0,0,3.0,0.002857142857142857,0.05743055418133736,0.9732103448275864,0.7720936781609196,0.9673367816091952,1,1050.0
22,4,30,0,0,3.0,0.0033112582781456954,0.06812500208616257,0.9726114285714286,0.7704497142857143,0.9543937142857144,1,906.0
6,3,30,0,0,6.0,0.007874015748031496,0.06836805492639542,0.9579948863636364,0.6420017045454546,0.9496204545454544,1,762.0
14,3,30,0,0,4.0,0.005747126436781609,0.10333333164453506,0.9595845714285716,0.6536731428571428,0.9767611428571428,1,696.0
22,4,30,0,0,7.0,0.0106544901065449,0.0,0.960858757062147,0.6334305084745763,0.9482943502824858,0,657.0
6,3,30,0,0,5.0,0.006443298969072165,0.0,0.9711568965517242,0.7715344827586208,0.9542132183908044,0,776.0
14,3,30,0,0,3.0,0.003051881993896236,0.0,0.9698011363636364,0.75509375,0.9680863636363636,0,983.0
22,4,30,0,0,4.0,0.004449388209121246,0.10709635447710752,0.9699949438202248,0.7404140449438202,0.9610904494382022,1,899.0
6,3,30,0,1,6.0,0.008771929824561403,0.10709635447710752,0.9694767045454546,0.7222562499999999,0.9522732954545454,2,684.0
14,3,30,0,1,4.0,0.004246284501061571,0.10709635447710752,0.970316384180791,0.7160909604519774,0.958379661016949,2,942.0
22,4,30,0,1,8.0,0.007640878701050621,0.0,0.9707780898876404,0.6486887640449438,0.9695876404494382,0,1047.0
6,3,30,0,1,5.0,0.008,0.0,0.9605514124293784,0.6269536723163842,0.9538604519774012,0,625.0
14,3,30,0,1,6.0,0.008130081300813009,0.0,0.961474431818182,0.6564625000000001,0.9428977272727272,0,738.0
22,4,30,0,1,5.0,0.007541478129713424,0.06975694745779037,0.9596569832402236,0.6435245810055866,0.9638513966480448,1,663.0
6,3,30,0,1,6.0,0.005714285714285714,0.07124999910593033,0.965764,0.7633297142857142,0.9598091428571428,1,1050.0
14,3,30,0,1,3.0,0.003432494279176201,0.056388888508081436,0.961093220338983,0.7580553672316385,0.9796604519774011,1,874.0
22,4,30,0,1,3.0,0.002857142857142857,0.0,0.95955530726257,0.7858726256983241,0.97316312849162,0,1050.0
6,3,30,0,2,6.0,0.006237006237006237,0.0,0.9684011363636364,0.7713215909090909,0.9683693181818182,0,962.0
14,3,30,0,2,3.0,0.0031413612565445027,0.0,0.9675180790960451,0.7758463276836158,0.9586621468926554,0,955.0
22,4,30,0,2,5.0,0.0056433408577878106,0.0,0.9660954545454546,0.7738732954545454,0.9695846590909092,0,886.0
6,3,30,0,2,4.0,0.005398110661268556,0.0,0.9734926553672316,0.6269056497175142,0.955367231638418,0,741.0
14,3,30,0,2,4.0,0.005681818181818182,0.0,0.9717162921348316,0.6548410112359551,0.9551494382022472,0,704.0
22,4,30,0,2,5.0,0.006038647342995169,0.0,0.9691514450867053,0.6074329479768786,0.9537063583815028,0,828.0
6,3,30,0,2,2.0,0.0019047619047619048,0.10709635447710752,0.9558448863636364,0.7807528409090909,0.977555681818182,1,1050.0
14,3,30,0,2,4.0,0.005069708491761723,0.10709635447710752,0.959408,0.7887599999999999,0.9514285714285714,1,789.0
22,4,30,0,2,6.0,0.005714285714285714,0.040312498807907104,0.9592327485380115,0.7542111111111112,0.97113216374269,1,1050.0
6,3,30,0,3,4.0,0.006472491909385114,0.0,0.97625197740113,0.6071683615819209,0.9534841807909604,0,618.0
14,3,30,0,3,5.0,0.007668711656441718,0.0,0.9750948863636364,0.5983465909090909,0.9623090909090908,0,652.0
22,4,30,0,3,3.0,0.005714285714285714,0.0,0.9761469273743016,0.5908648044692737,0.9510592178770948,0,525.0
6,3,30,0,3,6.0,0.006535947712418301,0.10709635447710752,0.9577932203389832,0.7727412429378532,0.9548954802259888,1,918.0
14,3,30,0,3,4.0,0.003898635477582846,0.084965281188488,0.9601118644067796,0.7691152542372881,0.9529186440677966,1,1026.0
22,4,30,0,3,5.0,0.005753739930955121,0.06555555760860443,0.9582296511627908,0.8025308139534885,0.9455558139534884,1,869.0
6,3,30,0,3,2.0,0.002290950744558992,0.0,0.970548275862069,0.7340936781609195,0.969635632183908,0,873.0
14,3,30,0,3,6.0,0.0070838252656434475,0.0,0.9679265536723164,0.677564406779661,0.9646892655367232,0,847.0
22,4,30,0,3,2.0,0.0021598272138228943,0.03135416656732559,0.9663485875706216,0.7424570621468926,0.9622666666666668,1,926.0
6,4,30,0,0,3.0,0.003188097768331562,0.052222222089767456,0.9714869318181818,0.7811892045454545,0.9603221590909092,1,941.0
14,4,30,0,0,5.0,0.005128205128205128,0.03291666507720947,0.9732103448275864,0.7720936781609196,0.9673367816091952,1,975.0
22,5,30,1,0,2.0,0.002162162162162162,0.0,0.9726114285714286,0.7704497142857143,0.9543937142857144,0,925.0
6,4,30,0,0,2.0,0.002898550724637681,0.0,0.9579948863636364,0.6420017045454546,0.9496204545454544,0,690.0
14,4,30,0,0,5.0,0.006385696040868455,0.0,0.9595845714285716,0.6536731428571428,0.9767611428571428,0,783.0
22,5,30,1,0,2.0,0.0029455081001472753,0.0,0.960858757062147,0.6334305084745763,0.9482943502824858,0,679.0
6,4,30,0,0,5.0,0.005112474437627812,0.10709635447710752,0.9711568965517242,0.7715344827586208,0.9542132183908044,1,978.0
14,4,30,0,0,4.0,0.0041841004184100415,0.10709635447710752,0.9698011363636364,0.75509375,0.9680863636363636,1,956.0
22,5,30,1,0,5.0,0.005714285714285714,0.0,0.9699949438202248,0.7404140449438202,0.9610904494382022,0,875.0
6,4,30,0,1,2.0,0.0025477707006369425,0.0,0.9694767045454546,0.7222562499999999,0.9522732954545454,0,785.0
14,4,30,0,1,6.0,0.007585335018963337,0.0,0.970316384180791,0.7160909604519774,0.958379661016949,0,791.0
22,5,30,1,1,3.0,0.002859866539561487,0.0,0.9707780898876404,0.6486887640449438,0.9695876404494382,0,1049.0
6,4,30,0,1,6.0,0.0075282308657465494,0.034340277314186096,0.9605514124293784,0.6269536723163842,0.9538604519774012,1,797.0
14,4,30,0,1,2.0,0.002911208151382824,0.05100694298744202,0.961474431818182,0.6564625000000001,0.9428977272727272,1,687.0
22,5,30,1,1,4.0,0.004842615012106538,0.10659722238779068,0.9596569832402236,0.6435245810055866,0.9638513966480448,1,826.0
6,4,30,0,1,6.0,0.006179196704428424,0.0,0.965764,0.7633297142857142,0.9598091428571428,0,971.0
14,4,30,0,1,6.0,0.005888125613346418,0.0,0.961093220338983,0.7580553672316385,0.9796604519774011,0,1019.0
22,5,30,1,1,3.0,0.003260869565217391,0.0,0.95955530726257,0.7858726256983241,0.97316312849162,0,920.0
6,4,30,0,2,5.0,0.004761904761904762,0.0,0.9684011363636364,0.7713215909090909,0.9683693181818182,0,1050.0
14,4,30,0,2,2.0,0.002296211251435132,0.0,0.9675180790960451,0.7758463276836158,0.9586621468926554,0,871.0
22,5,30,1,2,3.0,0.0035545023696682463,0.0,0.9660954545454546,0.7738732954545454,0.9695846590909092,0,844.0
6,4,30,0,2,1.0,0.0013908205841446453,0.0,0.9734926553672316,0.6269056497175142,0.955367231638418,0,719.0
14,4,30,0,2,6.0,0.006674082313681869,0.0,0.9717162921348316,0.6548410112359551,0.9551494382022472,0,899.0
22,5,30,1,2,2.0,0.0028011204481792717,0.10709635447710752,0.9691514450867053,0.6074329479768786,0.9537063583815028,1,714.0
6,4,30,0,2,3.0,0.002857142857142857,0.03500000014901161,0.9558448863636364,0.7807528409090909,0.977555681818182,1,1050.0
14,4,30,0,2,3.0,0.002857142857142857,0.045625001192092896,0.959408,0.7887599999999999,0.9514285714285714,1,1050.0
22,5,30,1,2,7.0,0.006666666666666667,0.0,0.9592327485380115,0.7542111111111112,0.97113216374269,0,1050.0
6,4,30,0,3,4.0,0.006791171477079796,0.0,0.97625197740113,0.6071683615819209,0.9534841807909604,0,589.0
14,4,30,0,3,4.0,0.00583941605839416,0.0,0.9750948863636364,0.5983465909090909,0.9623090909090908,0,685.0
22,5,30,1,3,6.0,0.011235955056179775,0.0,0.9761469273743016,0.5908648044692737,0.9510592178770948,0,534.0
6,4,30,0,3,4.0,0.0045871559633027525,0.06486111134290695,0.9577932203389832,0.7727412429378532,0.9548954802259888,1,872.0
14,4,30,0,3,2.0,0.0030721966205837174,0.042916666716337204,0.9601118644067796,0.7691152542372881,0.9529186440677966,1,651.0
22,5,30,1,3,3.0,0.0031185031185031187,0.0,0.9582296511627908,0.8025308139534885,0.9455558139534884,0,962.0
6,4,30,0,3,6.0,0.006355932203389831,0.06649305671453476,0.970548275862069,0.7340936781609195,0.969635632183908,1,944.0
14,4,30,0,3,2.0,0.002190580503833516,0.03913194313645363,0.9679265536723164,0.677564406779661,0.9646892655367232,1,913.0
22,5,30,1,3,4.0,0.005326231691078562,0.0,0.9663485875706216,0.7424570621468926,0.9622666666666668,0,751.0
14,5,30,1,0,5.0,0.004761904761904762,0.0,0.9732103448275864,0.7720936781609196,0.9673367816091952,0,1050.0
22,6,30,1,0,5.0,0.0054585152838427945,0.0,0.9726114285714286,0.7704497142857143,0.9543937142857144,0,916.0
6,5,30,1,0,5.0,0.006535947712418301,0.0,0.9579948863636364,0.6420017045454546,0.9496204545454544,0,765.0
14,5,30,1,0,6.0,0.007481296758104738,0.0,0.9595845714285716,0.6536731428571428,0.9767611428571428,0,802.0
22,6,30,1,0,4.0,0.004796163069544364,0.10709635447710752,0.960858757062147,0.6334305084745763,0.9482943502824858,1,834.0
6,5,30,1,0,3.0,0.0032537960954446853,0.0,0.9711568965517242,0.7715344827586208,0.9542132183908044,0,922.0
14,5,30,1,0,6.0,0.007001166861143524,0.0,0.9698011363636364,0.75509375,0.9680863636363636,0,857.0
22,6,30,1,0,5.0,0.0062266500622665,0.0,0.9699949438202248,0.7404140449438202,0.9610904494382022,0,803.0
6,5,30,1,1,6.0,0.0068415051311288486,0.0,0.9694767045454546,0.7222562499999999,0.9522732954545454,0,877.0
14,5,30,1,1,1.0,0.0011299435028248588,0.0,0.970316384180791,0.7160909604519774,0.958379661016949,0,885.0
22,6,30,1,1,4.0,0.004889975550122249,0.0,0.9707780898876404,0.6486887640449438,0.9695876404494382,0,818.0
14,5,30,1,1,6.0,0.00894187779433681,0.07215277850627899,0.961474431818182,0.6564625000000001,0.9428977272727272,1,671.0
22,6,30,1,1,5.0,0.006075334143377886,0.0,0.9596569832402236,0.6435245810055866,0.9638513966480448,0,823.0
6,5,30,1,1,5.0,0.004761904761904762,0.0,0.965764,0.7633297142857142,0.9598091428571428,0,1050.0
14,5,30,1,1,5.0,0.004761904761904762,0.0,0.961093220338983,0.7580553672316385,0.9796604519774011,0,1050.0
22,6,30,1,1,4.0,0.0038095238095238095,0.0,0.95955530726257,0.7858726256983241,0.97316312849162,0,1050.0
6,5,30,1,2,5.0,0.005279831045406547,0.0,0.9684011363636364,0.7713215909090909,0.9683693181818182,0,947.0
14,5,30,1,2,2.0,0.002176278563656148,0.0,0.9675180790960451,0.7758463276836158,0.9586621468926554,0,919.0
22,6,30,1,2,5.0,0.0056625141562853904,0.06826388835906982,0.9660954545454546,0.7738732954545454,0.9695846590909092,1,883.0
6,5,30,1,2,3.0,0.004322766570605188,0.09958333522081375,0.9734926553672316,0.6269056497175142,0.955367231638418,1,694.0
14,5,30,1,2,3.0,0.003942181340341655,0.10709635447710752,0.9717162921348316,0.6548410112359551,0.9551494382022472,1,761.0
6,5,30,1,2,3.0,0.0030706243602865915,0.0,0.9558448863636364,0.7807528409090909,0.977555681818182,0,977.0
22,6,30,1,2,3.0,0.002857142857142857,0.10709635447710752,0.9592327485380115,0.7542111111111112,0.97113216374269,1,1050.0
6,5,30,1,3,5.0,0.006896551724137931,0.0,0.97625197740113,0.6071683615819209,0.9534841807909604,0,725.0
14,5,30,1,3,2.0,0.002512562814070352,0.0,0.9750948863636364,0.5983465909090909,0.9623090909090908,0,796.0
22,6,30,1,3,2.0,0.0025348542458808617,0.0,0.9761469273743016,0.5908648044692737,0.9510592178770948,0,789.0
6,5,30,1,3,5.0,0.005055611729019211,0.0,0.9577932203389832,0.7727412429378532,0.9548954802259888,0,989.0
14,5,30,1,3,5.0,0.006535947712418301,0.0,0.9601118644067796,0.7691152542372881,0.9529186440677966,0,765.0
22,6,30,1,3,6.0,0.007272727272727273,0.0,0.9582296511627908,0.8025308139534885,0.9455558139534884,0,825.0
6,5,30,1,3,5.0,0.006218905472636816,0.0,0.970548275862069,0.7340936781609195,0.969635632183908,0,804.0
14,5,30,1,3,3.0,0.004373177842565598,0.0,0.9679265536723164,0.677564406779661,0.9646892655367232,0,686.0
22,6,30,1,3,3.0,0.0035502958579881655,0.0,0.9663485875706216,0.7424570621468926,0.9622666666666668,0,845.0
6,6,30,1,0,5.0,0.0050968399592252805,0.0,0.9714869318181818,0.7811892045454545,0.9603221590909092,0,981.0
14,6,30,1,0,2.0,0.002699055330634278,0.0,0.9732103448275864,0.7720936781609196,0.9673367816091952,0,741.0
22,0,31,0,0,4.0,0.004246284501061571,0.10211805254220963,0.9726114285714286,0.7704497142857143,0.9543937142857144,1,942.0
6,6,30,1,0,4.0,0.005555555555555556,0.10709635447710752,0.9579948863636364,0.6420017045454546,0.9496204545454544,1,720.0
14,6,30,1,0,5.0,0.006693440428380187,0.10709635447710752,0.9595845714285716,0.6536731428571428,0.9767611428571428,1,747.0
6,6,30,1,0,5.0,0.006435006435006435,0.0,0.9711568965517242,0.7715344827586208,0.9542132183908044,0,777.0
14,6,30,1,0,2.0,0.0021141649048625794,0.0,0.9698011363636364,0.75509375,0.9680863636363636,0,946.0
22,0,31,0,0,3.0,0.0037267080745341614,0.022118056192994118,0.9699949438202248,0.7404140449438202,0.9610904494382022,1,805.0
6,6,30,1,1,3.0,0.0033076074972436605,0.0,0.9694767045454546,0.7222562499999999,0.9522732954545454,0,907.0
14,6,30,1,1,2.0,0.0021413276231263384,0.0,0.970316384180791,0.7160909604519774,0.958379661016949,0,934.0
22,0,31,0,1,6.0,0.00872093023255814,0.0,0.9707780898876404,0.6486887640449438,0.9695876404494382,0,688.0
6,6,30,1,1,3.0,0.004070556309362279,0.0,0.9605514124293784,0.6269536723163842,0.9538604519774012,0,737.0
22,0,31,0,1,4.0,0.006329113924050633,0.0,0.9596569832402236,0.6435245810055866,0.9638513966480448,0,632.0
6,6,30,1,1,4.0,0.0038095238095238095,0.0,0.965764,0.7633297142857142,0.9598091428571428,0,1050.0
14,6,30,1,1,3.0,0.002857142857142857,0.0,0.961093220338983,0.7580553672316385,0.9796604519774011,0,1050.0
22,0,31,0,1,5.0,0.004761904761904762,0.10709635447710752,0.95955530726257,0.7858726256983241,0.97316312849162,1,1050.0
6,6,30,1,2,4.0,0.0038095238095238095,0.058298610150814056,0.9684011363636364,0.7713215909090909,0.9683693181818182,1,1050.0
14,6,30,1,2,5.0,0.004835589941972921,0.10709635447710752,0.9675180790960451,0.7758463276836158,0.9586621468926554,1,1034.0
22,0,31,0,2,7.0,0.006666666666666667,0.0,0.9660954545454546,0.7738732954545454,0.9695846590909092,0,1050.0
6,6,30,1,2,5.0,0.005592841163310962,0.0,0.9734926553672316,0.6269056497175142,0.955367231638418,0,894.0
14,6,30,1,2,3.0,0.0039011703511053317,0.0,0.9717162921348316,0.6548410112359551,0.9551494382022472,0,769.0
22,0,31,0,2,4.0,0.0047169811320754715,0.0,0.9691514450867053,0.6074329479768786,0.9537063583815028,0,848.0
6,6,30,1,2,4.0,0.004357298474945534,0.09875000268220901,0.9558448863636364,0.7807528409090909,0.977555681818182,1,918.0
14,6,30,1,2,2.0,0.0019047619047619048,0.10709635447710752,0.959408,0.7887599999999999,0.9514285714285714,1,1050.0
22,0,31,0,2,6.0,0.006134969325153374,0.0,0.9592327485380115,0.7542111111111112,0.97113216374269,0,978.0
6,6,30,1,3,6.0,0.008053691275167786,0.0,0.97625197740113,0.6071683615819209,0.9534841807909604,0,745.0
14,6,30,1,3,3.0,0.004243281471004243,0.0,0.9750948863636364,0.5983465909090909,0.9623090909090908,0,707.0
6,6,30,1,3,6.0,0.0065005417118093175,0.0,0.9577932203389832,0.7727412429378532,0.9548954802259888,0,923.0
14,6,30,1,3,4.0,0.003861003861003861,0.0,0.9601118644067796,0.7691152542372881,0.9529186440677966,0,1036.0
22,0,31,0,3,5.0,0.004761904761904762,0.031145833432674408,0.9582296511627908,0.8025308139534885,0.9455558139534884,1,1050.0
6,6,30,1,3,3.0,0.0036275695284159614,0.0,0.970548275862069,0.7340936781609195,0.969635632183908,0,827.0
14,6,30,1,3,4.0,0.0042417815482502655,0.0,0.9679265536723164,0.677564406779661,0.9646892655367232,0,943.0
6,0,31,0,0,6.0,0.006289308176100629,0.04635416716337204,0.9714869318181818,0.7811892045454545,0.9603221590909092,1,954.0
14,0,31,0,0,4.0,0.00437636761487965,0.06413194537162781,0.9732103448275864,0.7720936781609196,0.9673367816091952,1,914.0
22,1,31,0,0,2.0,0.0019230769230769232,0.0,0.9726114285714286,0.7704497142857143,0.9543937142857144,0,1040.0
6,0,31,0,0,4.0,0.0045662100456621,0.0,0.9579948863636364,0.6420017045454546,0.9496204545454544,0,876.0
14,0,31,0,0,3.0,0.00430416068866571,0.0,0.9595845714285716,0.6536731428571428,0.9767611428571428,0,697.0
22,1,31,0,0,3.0,0.004201680672268907,0.07874999940395355,0.960858757062147,0.6334305084745763,0.9482943502824858,1,714.0
6,0,31,0,0,2.0,0.002277904328018223,0.027743056416511536,0.9711568965517242,0.7715344827586208,0.9542132183908044,1,878.0
14,0,31,0,0,5.0,0.004940711462450593,0.025902777910232544,0.9698011363636364,0.75509375,0.9680863636363636,1,1012.0
22,1,31,0,0,6.0,0.006369426751592357,0.0,0.9699949438202248,0.7404140449438202,0.9610904494382022,0,942.0
6,0,31,0,1,4.0,0.003861003861003861,0.0,0.9694767045454546,0.7222562499999999,0.9522732954545454,0,1036.0
14,0,31,0,1,5.0,0.004807692307692308,0.0,0.970316384180791,0.7160909604519774,0.958379661016949,0,1040.0
22,1,31,0,1,4.0,0.004784688995215311,0.025451388210058212,0.9707780898876404,0.6486887640449438,0.9695876404494382,1,836.0
6,0,31,0,1,6.0,0.007547169811320755,0.0,0.9605514124293784,0.6269536723163842,0.9538604519774012,0,795.0
14,0,31,0,1,2.0,0.0032258064516129032,0.0,0.961474431818182,0.6564625000000001,0.9428977272727272,0,620.0
22,1,31,0,1,3.0,0.004048582995951417,0.0,0.9596569832402236,0.6435245810055866,0.9638513966480448,0,741.0
6,0,31,0,1,2.0,0.0020554984583761563,0.0894097238779068,0.965764,0.7633297142857142,0.9598091428571428,1,973.0
14,0,31,0,1,2.0,0.0019249278152069298,0.10709635447710752,0.961093220338983,0.7580553672316385,0.9796604519774011,1,1039.0
22,1,31,0,1,1.0,0.0009852216748768472,0.0,0.95955530726257,0.7858726256983241,0.97316312849162,0,1015.0
6,0,31,0,2,3.0,0.003045685279187817,0.0,0.9684011363636364,0.7713215909090909,0.9683693181818182,0,985.0
14,0,31,0,2,2.0,0.001996007984031936,0.0,0.9675180790960451,0.7758463276836158,0.9586621468926554,0,1002.0
22,1,31,0,2,3.0,0.0029791459781529296,0.0,0.9660954545454546,0.7738732954545454,0.9695846590909092,0,1007.0
6,0,31,0,2,3.0,0.004316546762589928,0.0,0.9734926553672316,0.6269056497175142,0.955367231638418,0,695.0
14,0,31,0,2,5.0,0.006016847172081829,0.0,0.9717162921348316,0.6548410112359551,0.9551494382022472,0,831.0
22,1,31,0,2,3.0,0.004054054054054054,0.036944445222616196,0.9691514450867053,0.6074329479768786,0.9537063583815028,1,740.0
6,0,31,0,2,2.0,0.002380952380952381,0.0,0.9558448863636364,0.7807528409090909,0.977555681818182,0,840.0
14,0,31,0,2,6.0,0.006269592476489028,0.0,0.959408,0.7887599999999999,0.9514285714285714,0,957.0
22,1,31,0,2,5.0,0.004985044865403789,0.0,0.9592327485380115,0.7542111111111112,0.97113216374269,0,1003.0
6,0,31,0,3,2.0,0.0030864197530864196,0.0,0.97625197740113,0.6071683615819209,0.9534841807909604,0,648.0
14,0,31,0,3,4.0,0.006600660066006601,0.0,0.9750948863636364,0.5983465909090909,0.9623090909090908,0,606.0
22,1,31,0,3,7.0,0.011111111111111112,0.0,0.9761469273743016,0.5908648044692737,0.9510592178770948,0,630.0
6,0,31,0,3,4.0,0.004509582863585118,0.051249999552965164,0.9577932203389832,0.7727412429378532,0.9548954802259888,1,887.0
14,0,31,0,3,2.0,0.0021208907741251328,0.035729166120290756,0.9601118644067796,0.7691152542372881,0.9529186440677966,1,943.0
22,1,31,0,3,4.0,0.0038535645472061657,0.0,0.9582296511627908,0.8025308139534885,0.9455558139534884,0,1038.0
6,0,31,0,3,6.0,0.007509386733416771,0.025069445371627808,0.970548275862069,0.7340936781609195,0.969635632183908,1,799.0
14,0,31,0,3,5.0,0.0054585152838427945,0.053506944328546524,0.9679265536723164,0.677564406779661,0.9646892655367232,1,916.0
22,1,31,0,3,2.0,0.0022988505747126436,0.0,0.9663485875706216,0.7424570621468926,0.9622666666666668,0,870.0
6,1,31,0,0,4.0,0.004395604395604396,0.0,0.9714869318181818,0.7811892045454545,0.9603221590909092,0,910.0
14,1,31,0,0,5.0,0.005567928730512249,0.0,0.9732103448275864,0.7720936781609196,0.9673367816091952,0,898.0
22,2,31,0,0,7.0,0.006809338521400778,0.0,0.9726114285714286,0.7704497142857143,0.9543937142857144,0,1028.0
6,1,31,0,0,3.0,0.004189944134078212,0.1054166629910469,0.9579948863636364,0.6420017045454546,0.9496204545454544,1,716.0
14,1,31,0,0,5.0,0.006570302233902759,0.043958332389593124,0.9595845714285716,0.6536731428571428,0.9767611428571428,1,761.0
22,2,31,0,0,5.0,0.007886435331230283,0.0,0.960858757062147,0.6334305084745763,0.9482943502824858,0,634.0
6,1,31,0,0,2.0,0.0022753128555176336,0.0,0.9711568965517242,0.7715344827586208,0.9542132183908044,0,879.0
14,1,31,0,0,2.0,0.002336448598130841,0.0,0.9698011363636364,0.75509375,0.9680863636363636,0,856.0
22,2,31,0,0,5.0,0.004761904761904762,0.0,0.9699949438202248,0.7404140449438202,0.9610904494382022,0,1050.0
6,1,31,0,1,5.0,0.005065856129685917,0.013958333060145378,0.9694767045454546,0.7222562499999999,0.9522732954545454,1,987.0
14,1,31,0,1,6.0,0.008021390374331552,0.012743055820465088,0.970316384180791,0.7160909604519774,0.958379661016949,1,748.0
22,2,31,0,1,6.0,0.007802340702210663,0.0,0.9707780898876404,0.6486887640449438,0.9695876404494382,0,769.0
6,1,31,0,1,5.0,0.006954102920723227,0.0,0.9605514124293784,0.6269536723163842,0.9538604519774012,0,719.0
14,1,31,0,1,2.0,0.002861230329041488,0.0,0.961474431818182,0.6564625000000001,0.9428977272727272,0,699.0
22,2,31,0,1,8.0,0.009489916963226572,0.0,0.9596569832402236,0.6435245810055866,0.9638513966480448,0,843.0
6,1,31,0,1,2.0,0.0024067388688327317,0.0,0.965764,0.7633297142857142,0.9598091428571428,0,831.0
14,1,31,0,1,5.0,0.004935834155972359,0.0,0.961093220338983,0.7580553672316385,0.9796604519774011,0,1013.0
22,2,31,0,1,2.0,0.0019047619047619048,0.0,0.95955530726257,0.7858726256983241,0.97316312849162,0,1050.0
6,1,31,0,2,3.0,0.0031413612565445027,0.0,0.9684011363636364,0.7713215909090909,0.9683693181818182,0,955.0
14,1,31,0,2,2.0,0.0021321961620469083,0.0,0.9675180790960451,0.7758463276836158,0.9586621468926554,0,938.0
22,2,31,0,2,1.0,0.001088139281828074,0.0,0.9660954545454546,0.7738732954545454,0.9695846590909092,0,919.0
6,1,31,0,2,6.0,0.008695652173913044,0.033819444477558136,0.9734926553672316,0.6269056497175142,0.955367231638418,1,690.0
14,1,31,0,2,2.0,0.002857142857142857,0.03899305686354637,0.9717162921348316,0.6548410112359551,0.9551494382022472,1,700.0
22,2,31,0,2,2.0,0.0028735632183908046,0.08454860746860504,0.9691514450867053,0.6074329479768786,0.9537063583815028,1,696.0
6,1,31,0,2,5.0,0.004761904761904762,0.0,0.9558448863636364,0.7807528409090909,0.977555681818182,0,1050.0
14,1,31,0,2,5.0,0.005005005005005005,0.0,0.959408,0.7887599999999999,0.9514285714285714,0,999.0
22,2,31,0,2,2.0,0.0024183796856106408,0.0,0.9592327485380115,0.7542111111111112,0.97113216374269,0,827.0
6,1,31,0,3,4.0,0.0056179775280898875,0.0,0.97625197740113,0.6071683615819209,0.9534841807909604,0,712.0
14,1,31,0,3,2.0,0.0029411764705882353,0.0,0.9750948863636364,0.5983465909090909,0.9623090909090908,0,680.0
22,2,31,0,3,6.0,0.00949367088607595,0.0763888880610466,0.9761469273743016,0.5908648044692737,0.9510592178770948,1,632.0
6,1,31,0,3,4.0,0.004259850905218318,0.0,0.9577932203389832,0.7727412429378532,0.9548954802259888,0,939.0
14,1,31,0,3,6.0,0.006211180124223602,0.0,0.9601118644067796,0.7691152542372881,0.9529186440677966,0,966.0
22,2,31,0,3,4.0,0.0038910505836575876,0.0,0.9582296511627908,0.8025308139534885,0.9455558139534884,0,1028.0
6,1,31,0,3,6.0,0.006369426751592357,0.0,0.970548275862069,0.7340936781609195,0.969635632183908,0,942.0
14,1,31,0,3,4.0,0.004333694474539545,0.0,0.9679265536723164,0.677564406779661,0.9646892655367232,0,923.0
22,2,31,0,3,3.0,0.0033632286995515697,0.04027777910232544,0.9663485875706216,0.7424570621468926,0.9622666666666668,1,892.0
6,2,31,0,0,2.0,0.0019646365422396855,0.0,0.9714869318181818,0.7811892045454545,0.9603221590909092,0,1018.0
14,2,31,0,0,3.0,0.002938295788442703,0.0,0.9732103448275864,0.7720936781609196,0.9673367816091952,0,1021.0
22,3,31,0,0,4.0,0.004750593824228029,0.09211805462837219,0.9726114285714286,0.7704497142857143,0.9543937142857144,1,842.0
6,2,31,0,0,2.0,0.002574002574002574,0.0,0.9579948863636364,0.6420017045454546,0.9496204545454544,0,777.0
14,2,31,0,0,4.0,0.005263157894736842,0.0,0.9595845714285716,0.6536731428571428,0.9767611428571428,0,760.0
22,3,31,0,0,6.0,0.008928571428571428,0.079097218811512,0.960858757062147,0.6334305084745763,0.9482943502824858,1,672.0
6,2,31,0,0,6.0,0.005946481665014866,0.0,0.9711568965517242,0.7715344827586208,0.9542132183908044,0,1009.0
14,2,31,0,0,4.0,0.004618937644341801,0.0,0.9698011363636364,0.75509375,0.9680863636363636,0,866.0
22,3,31,0,0,5.0,0.005005005005005005,0.0,0.9699949438202248,0.7404140449438202,0.9610904494382022,0,999.0
6,2,31,0,1,4.0,0.004739336492890996,0.0,0.9694767045454546,0.7222562499999999,0.9522732954545454,0,844.0
14,2,31,0,1,6.0,0.008321775312066574,0.0,0.970316384180791,0.7160909604519774,0.958379661016949,0,721.0
22,3,31,0,1,5.0,0.005980861244019139,0.0,0.9707780898876404,0.6486887640449438,0.9695876404494382,0,836.0
6,2,31,0,1,4.0,0.005449591280653951,0.0,0.9605514124293784,0.6269536723163842,0.9538604519774012,0,734.0
14,2,31,0,1,3.0,0.004267425320056899,0.0,0.961474431818182,0.6564625000000001,0.9428977272727272,0,703.0
22,3,31,0,1,2.0,0.0030441400304414,0.03656249865889549,0.9596569832402236,0.6435245810055866,0.9638513966480448,1,657.0
6,2,31,0,1,4.0,0.004036326942482341,0.0,0.965764,0.7633297142857142,0.9598091428571428,0,991.0
14,2,31,0,1,2.0,0.0019047619047619048,0.0,0.961093220338983,0.7580553672316385,0.9796604519774011,0,1050.0
22,3,31,0,1,5.0,0.005599104143337066,0.10709635447710752,0.95955530726257,0.7858726256983241,0.97316312849162,1,893.0
6,2,31,0,2,4.0,0.003857280617164899,0.0,0.9684011363636364,0.7713215909090909,0.9683693181818182,0,1037.0
14,2,31,0,2,2.0,0.002004008016032064,0.0,0.9675180790960451,0.7758463276836158,0.9586621468926554,0,998.0
22,3,31,0,2,7.0,0.007322175732217573,0.0,0.9660954545454546,0.7738732954545454,0.9695846590909092,0,956.0
6,2,31,0,2,5.0,0.006402048655569782,0.10709635447710752,0.9734926553672316,0.6269056497175142,0.955367231638418,1,781.0
14,2,31,0,2,4.0,0.004439511653718091,0.10709635447710752,0.9717162921348316,0.6548410112359551,0.9551494382022472,1,901.0
22,3,31,0,2,4.0,0.005657708628005658,0.0,0.9691514450867053,0.6074329479768786,0.9537063583815028,0,707.0
6,2,31,0,2,4.0,0.0038095238095238095,0.0,0.9558448863636364,0.7807528409090909,0.977555681818182,0,1050.0
14,2,31,0,2,3.0,0.003232758620689655,0.0,0.959408,0.7887599999999999,0.9514285714285714,0,928.0
22,3,31,0,2,3.0,0.002857142857142857,0.0,0.9592327485380115,0.7542111111111112,0.97113216374269,0,1050.0
6,2,31,0,3,5.0,0.007974481658692184,0.03958333283662796,0.97625197740113,0.6071683615819209,0.9534841807909604,1,627.0
14,2,31,0,3,4.0,0.005025125628140704,0.08017361164093018,0.9750948863636364,0.5983465909090909,0.9623090909090908,1,796.0
22,3,31,0,3,4.0,0.005361930294906166,0.0,0.9761469273743016,0.5908648044692737,0.9510592178770948,0,746.0
6,2,31,0,3,1.0,0.0010741138560687433,0.0,0.9577932203389832,0.7727412429378532,0.9548954802259888,0,931.0
14,2,31,0,3,3.0,0.0028846153846153848,0.0,0.9601118644067796,0.7691152542372881,0.9529186440677966,0,1040.0
22,3,31,0,3,2.0,0.0021413276231263384,0.0,0.9582296511627908,0.8025308139534885,0.9455558139534884,0,934.0
6,2,31,0,3,4.0,0.004597701149425287,0.08354166895151138,0.970548275862069,0.7340936781609195,0.969635632183908,1,870.0
14,2,31,0,3,2.0,0.002347417840375587,0.06489583104848862,0.9679265536723164,0.677564406779661,0.9646892655367232,1,852.0
22,3,31,0,3,4.0,0.004434589800443459,0.0,0.9663485875706216,0.7424570621468926,0.9622666666666668,0,902.0
6,3,31,0,0,6.0,0.006006006006006006,0.08104166388511658,0.9714869318181818,0.7811892045454545,0.9603221590909092,1,999.0
14,3,31,0,0,3.0,0.002857142857142857,0.10222221910953522,0.9732103448275864,0.7720936781609196,0.9673367816091952,1,1050.0
22,4,31,0,0,5.0,0.004761904761904762,0.0,0.9726114285714286,0.7704497142857143,0.9543937142857144,0,1050.0
6,3,31,0,0,3.0,0.004878048780487805,0.04572916775941849,0.9579948863636364,0.6420017045454546,0.9496204545454544,1,615.0
14,3,31,0,0,3.0,0.004267425320056899,0.05774305388331413,0.9595845714285716,0.6536731428571428,0.9767611428571428,1,703.0
22,4,31,0,0,3.0,0.0036719706242350062,0.0,0.960858757062147,0.6334305084745763,0.9482943502824858,0,817.0
6,3,31,0,0,4.0,0.0038095238095238095,0.0,0.9711568965517242,0.7715344827586208,0.9542132183908044,0,1050.0
14,3,31,0,0,3.0,0.0031512605042016808,0.0,0.9698011363636364,0.75509375,0.9680863636363636,0,952.0
22,4,31,0,0,0.0,0.0,0.011944444850087166,0.9699949438202248,0.7404140449438202,0.9610904494382022,1,999.0
6,3,31,0,1,5.0,0.005945303210463734,0.0,0.9694767045454546,0.7222562499999999,0.9522732954545454,0,841.0
14,3,31,0,1,5.0,0.0060901339829476245,0.0,0.970316384180791,0.7160909604519774,0.958379661016949,0,821.0
22,4,31,0,1,2.0,0.002484472049689441,0.0,0.9707780898876404,0.6486887640449438,0.9695876404494382,0,805.0
6,3,31,0,1,4.0,0.004866180048661801,0.03253472223877907,0.9605514124293784,0.6269536723163842,0.9538604519774012,1,822.0
14,3,31,0,1,4.0,0.005494505494505495,0.03652777895331383,0.961474431818182,0.6564625000000001,0.9428977272727272,1,728.0
22,4,31,0,1,4.0,0.004889975550122249,0.0,0.9596569832402236,0.6435245810055866,0.9638513966480448,0,818.0
6,3,31,0,1,2.0,0.002320185614849188,0.10709635447710752,0.965764,0.7633297142857142,0.9598091428571428,1,862.0
14,3,31,0,1,6.0,0.0057692307692307696,0.10709635447710752,0.961093220338983,0.7580553672316385,0.9796604519774011,1,1040.0
22,4,31,0,1,2.0,0.0019047619047619048,0.10709635447710752,0.95955530726257,0.7858726256983241,0.97316312849162,1,1050.0
6,3,31,0,2,4.0,0.004550625711035267,0.0,0.9684011363636364,0.7713215909090909,0.9683693181818182,0,879.0
14,3,31,0,2,5.0,0.004775549188156638,0.0,0.9675180790960451,0.7758463276836158,0.9586621468926554,0,1047.0
22,4,31,0,2,2.0,0.0019801980198019802,0.0,0.9660954545454546,0.7738732954545454,0.9695846590909092,0,1010.0
6,3,31,0,2,5.0,0.006165228113440197,0.0,0.9734926553672316,0.6269056497175142,0.955367231638418,0,811.0
14,3,31,0,2,5.0,0.006765899864682003,0.0,0.9717162921348316,0.6548410112359551,0.9551494382022472,0,739.0
22,4,31,0,2,2.0,0.002277904328018223,0.0,0.9691514450867053,0.6074329479768786,0.9537063583815028,0,878.0
6,3,31,0,2,5.0,0.004761904761904762,0.0,0.9558448863636364,0.7807528409090909,0.977555681818182,0,1050.0
14,3,31,0,2,4.0,0.0038095238095238095,0.0,0.959408,0.7887599999999999,0.9514285714285714,0,1050.0
22,4,31,0,2,1.0,0.0009652509652509653,0.042500000447034836,0.9592327485380115,0.7542111111111112,0.97113216374269,1,1036.0
6,3,31,0,3,3.0,0.004149377593360996,0.0,0.97625197740113,0.6071683615819209,0.9534841807909604,0,723.0
14,3,31,0,3,5.0,0.008169934640522876,0.0,0.9750948863636364,0.5983465909090909,0.9623090909090908,0,612.0
22,4,31,0,3,4.0,0.00667779632721202,0.06875000149011612,0.9761469273743016,0.5908648044692737,0.9510592178770948,1,599.0
6,3,31,0,3,4.0,0.0038095238095238095,0.0,0.9577932203389832,0.7727412429378532,0.9548954802259888,0,1050.0
14,3,31,0,3,5.0,0.005393743257820928,0.0,0.9601118644067796,0.7691152542372881,0.9529186440677966,0,927.0
22,4,31,0,3,2.0,0.0020920502092050207,0.0,0.9582296511627908,0.8025308139534885,0.9455558139534884,0,956.0
6,3,31,0,3,6.0,0.005714285714285714,0.0,0.970548275862069,0.7340936781609195,0.969635632183908,0,1050.0
14,3,31,0,3,2.0,0.0030534351145038168,0.0,0.9679265536723164,0.677564406779661,0.9646892655367232,0,655.0
22,4,31,0,3,6.0,0.005714285714285714,0.0,0.9663485875706216,0.7424570621468926,0.9622666666666668,0,1050.0
6,4,31,0,0,3.0,0.003236245954692557,0.0,0.9714869318181818,0.7811892045454545,0.9603221590909092,0,927.0
14,4,31,0,0,5.0,0.0053475935828877,0.0,0.9732103448275864,0.7720936781609196,0.9673367816091952,0,935.0
22,5,31,1,0,3.0,0.003303964757709251,0.0,0.9726114285714286,0.7704497142857143,0.9543937142857144,0,908.0
6,4,31,0,0,2.0,0.0024330900243309003,0.0,0.9579948863636364,0.6420017045454546,0.9496204545454544,0,822.0
14,4,31,0,0,5.0,0.0074850299401197605,0.0,0.9595845714285716,0.6536731428571428,0.9767611428571428,0,668.0
22,5,31,1,0,3.0,0.004622496147919877,0.0,0.960858757062147,0.6334305084745763,0.9482943502824858,0,649.0
6,4,31,0,0,2.0,0.0020898641588296763,0.024687500670552254,0.9711568965517242,0.7715344827586208,0.9542132183908044,1,957.0
14,4,31,0,0,2.0,0.0019047619047619048,0.0164930559694767,0.9698011363636364,0.75509375,0.9680863636363636,1,1050.0
22,5,31,1,0,3.0,0.002857142857142857,0.0,0.9699949438202248,0.7404140449438202,0.9610904494382022,0,1050.0
6,4,31,0,1,2.0,0.002129925452609159,0.0,0.9694767045454546,0.7222562499999999,0.9522732954545454,0,939.0
14,4,31,0,1,2.0,0.002600780234070221,0.0,0.970316384180791,0.7160909604519774,0.958379661016949,0,769.0
22,5,31,1,1,4.0,0.004296455424274973,0.0,0.9707780898876404,0.6486887640449438,0.9695876404494382,0,931.0
6,4,31,0,1,5.0,0.0070921985815602835,0.0,0.9605514124293784,0.6269536723163842,0.9538604519774012,0,705.0
14,4,31,0,1,1.0,0.001201923076923077,0.0,0.961474431818182,0.6564625000000001,0.9428977272727272,0,832.0
22,5,31,1,1,3.0,0.00411522633744856,0.0,0.9596569832402236,0.6435245810055866,0.9638513966480448,0,729.0
6,4,31,0,1,3.0,0.0028790786948176585,0.10709635447710752,0.965764,0.7633297142857142,0.9598091428571428,1,1042.0
14,4,31,0,1,6.0,0.006085192697768763,0.10709635447710752,0.961093220338983,0.7580553672316385,0.9796604519774011,1,986.0
22,5,31,1,1,5.0,0.005122950819672131,0.0,0.95955530726257,0.7858726256983241,0.97316312849162,0,976.0
6,4,31,0,2,5.0,0.005170630816959669,0.0,0.9684011363636364,0.7713215909090909,0.9683693181818182,0,967.0
14,4,31,0,2,6.0,0.006382978723404255,0.0,0.9675180790960451,0.7758463276836158,0.9586621468926554,0,940.0
22,5,31,1,2,4.0,0.004319654427645789,0.0,0.9660954545454546,0.7738732954545454,0.9695846590909092,0,926.0
6,4,31,0,2,3.0,0.0035629453681710215,0.0,0.9734926553672316,0.6269056497175142,0.955367231638418,0,842.0
14,4,31,0,2,4.0,0.0053475935828877,0.0,0.9717162921348316,0.6548410112359551,0.9551494382022472,0,748.0
22,5,31,1,2,2.0,0.0027816411682892906,0.0,0.9691514450867053,0.6074329479768786,0.9537063583815028,0,719.0
6,4,31,0,2,2.0,0.0019047619047619048,0.07534722238779068,0.9558448863636364,0.7807528409090909,0.977555681818182,1,1050.0
14,4,31,0,2,5.0,0.00511770726714432,0.049687501043081284,0.959408,0.7887599999999999,0.9514285714285714,1,977.0
22,5,31,1,2,4.0,0.0038095238095238095,0.0,0.9592327485380115,0.7542111111111112,0.97113216374269,0,1050.0
6,4,31,0,3,3.0,0.004838709677419355,0.09496527910232544,0.97625197740113,0.6071683615819209,0.9534841807909604,1,620.0
14,4,31,0,3,2.0,0.002717391304347826,0.10003472119569778,0.9750948863636364,0.5983465909090909,0.9623090909090908,1,736.0
22,5,31,1,3,3.0,0.004329004329004329,0.0,0.9761469273743016,0.5908648044692737,0.9510592178770948,0,693.0
6,4,31,0,3,6.0,0.0069124423963133645,0.0,0.9577932203389832,0.7727412429378532,0.9548954802259888,0,868.0
14,4,31,0,3,6.0,0.006134969325153374,0.0,0.9601118644067796,0.7691152542372881,0.9529186440677966,0,978.0
22,5,31,1,3,3.0,0.0034285714285714284,0.0,0.9582296511627908,0.8025308139534885,0.9455558139534884,0,875.0
6,4,31,0,3,2.0,0.0022522522522522522,0.0,0.970548275862069,0.7340936781609195,0.969635632183908,0,888.0
14,4,31,0,3,4.0,0.005089058524173028,0.0,0.9679265536723164,0.677564406779661,0.9646892655367232,0,786.0
22,5,31,1,3,0.0,0.0,0.0,0.9663485875706216,0.7424570621468926,0.9622666666666668,0,721.0
