recorded_hour,day_of_week,week_of_year,is_weekend,line_encoded,total_pass,pass_rate,downtime_rate,availability,performance,quality,downtime_count,efficiency
6,6,5,1,0,4.0,0.004705882352941176,0.0,0.9714869318181818,0.7811892045454545,0.9603221590909092,0,0.6635
14,6,5,1,0,5.0,0.005592841163310962,0.0,0.9732103448275864,0.7720936781609196,0.9673367816091952,0,0.6249
22,0,6,0,0,4.0,0.0038095238095238095,0.0,0.9726114285714286,0.7704497142857143,0.9543937142857144,0,0.412
6,6,5,1,0,5.0,0.007142857142857143,0.0,0.9579948863636364,0.6420017045454546,0.9496204545454544,0,0.8529
14,6,5,1,0,2.0,0.002162162162162162,0.0,0.9595845714285716,0.6536731428571428,0.9767611428571428,0,0.4722
22,0,6,0,0,4.0,0.0058823529411764705,0.0,0.960858757062147,0.6334305084745763,0.9482943502824858,0,0.5072
6,6,5,1,0,4.0,0.004032258064516129,0.0,0.9711568965517242,0.7715344827586208,0.9542132183908044,0,0.7082
14,6,5,1,0,4.0,0.004410143329658214,0.0,0.9698011363636364,0.75509375,0.9680863636363636,0,0.6667
22,0,6,0,0,3.0,0.003278688524590164,0.06093750149011612,0.9699949438202248,0.7404140449438202,0.9610904494382022,1,0.9391
6,6,5,1,1,4.0,0.0040941658137154556,0.0,0.9694767045454546,0.7222562499999999,0.9522732954545454,0,0.9658
14,6,5,1,1,3.0,0.00390625,0.0,0.970316384180791,0.7160909604519774,0.958379661016949,0,0.5387
22,0,6,0,1,5.0,0.008532423208191127,0.0,0.9707780898876404,0.6486887640449438,0.9695876404494382,0,0.2404
6,6,5,1,1,4.0,0.006644518272425249,0.0,0.9605514124293784,0.6269536723163842,0.9538604519774012,0,0.4028
14,6,5,1,1,4.0,0.006201550387596899,0.0,0.961474431818182,0.6564625000000001,0.9428977272727272,0,0.2152
22,0,6,0,1,8.0,0.011627906976744186,0.10709635447710752,0.9596569832402236,0.6435245810055866,0.9638513966480448,2,0.3569
6,6,5,1,1,3.0,0.003218884120171674,0.0,0.965764,0.7633297142857142,0.9598091428571428,0,0.4194
14,6,5,1,1,5.0,0.004970178926441352,0.0,0.961093220338983,0.7580553672316385,0.9796604519774011,0,0.3766
22,0,6,0,1,1.0,0.0009871668311944718,0.0,0.95955530726257,0.7858726256983241,0.97316312849162,0,1.0
14,6,5,1,2,5.0,0.005319148936170213,0.10709635447710752,0.9675180790960451,0.7758463276836158,0.9586621468926554,1,0.8559
22,0,6,0,2,3.0,0.002857142857142857,0.0,0.9660954545454546,0.7738732954545454,0.9695846590909092,0,0.3332
6,6,5,1,2,6.0,0.007643312101910828,0.0,0.9734926553672316,0.6269056497175142,0.955367231638418,0,0.7414
14,6,5,1,2,5.0,0.007194244604316547,0.0,0.9717162921348316,0.6548410112359551,0.9551494382022472,0,0.6364
6,6,5,1,2,3.0,0.002857142857142857,0.10709635447710752,0.9558448863636364,0.7807528409090909,0.977555681818182,1,0.8405
14,6,5,1,2,3.0,0.003188097768331562,0.10709635447710752,0.959408,0.7887599999999999,0.9514285714285714,1,0.3676
22,0,6,0,2,4.0,0.00408997955010225,0.0,0.9592327485380115,0.7542111111111112,0.97113216374269,0,0.3148
6,6,5,1,3,6.0,0.0093603744149766,0.0,0.97625197740113,0.6071683615819209,0.9534841807909604,0,0.7
22,0,6,0,3,7.0,0.009150326797385621,0.0,0.9761469273743016,0.5908648044692737,0.9510592178770948,0,0.6858
6,6,5,1,3,4.0,0.004434589800443459,0.0,0.9577932203389832,0.7727412429378532,0.9548954802259888,0,0.4613
14,6,5,1,3,2.0,0.002190580503833516,0.0,0.9601118644067796,0.7691152542372881,0.9529186440677966,0,0.8112
22,0,6,0,3,4.0,0.0040858018386108275,0.03548610955476761,0.9582296511627908,0.8025308139534885,0.9455558139534884,1,0.8788
6,6,5,1,3,6.0,0.005714285714285714,0.0,0.970548275862069,0.7340936781609195,0.969635632183908,0,1.0
22,0,6,0,3,3.0,0.0029702970297029703,0.0,0.9663485875706216,0.7424570621468926,0.9622666666666668,0,0.9367
6,0,6,0,0,3.0,0.002890173410404624,0.0,0.9714869318181818,0.7811892045454545,0.9603221590909092,0,1.0
14,0,6,0,0,2.0,0.0019047619047619048,0.0,0.9732103448275864,0.7720936781609196,0.9673367816091952,0,1.0
22,1,6,0,0,2.0,0.0019047619047619048,0.0,0.9726114285714286,0.7704497142857143,0.9543937142857144,0,0.4686
6,0,6,0,0,5.0,0.006305170239596469,0.0,0.9579948863636364,0.6420017045454546,0.9496204545454544,0,0.7726
14,0,6,0,0,6.0,0.007317073170731708,0.0,0.9595845714285716,0.6536731428571428,0.9767611428571428,0,0.3172
22,1,6,0,0,2.0,0.00338409475465313,0.037881944328546524,0.960858757062147,0.6334305084745763,0.9482943502824858,1,0.2331
6,0,6,0,0,3.0,0.003157894736842105,0.10288194566965103,0.9711568965517242,0.7715344827586208,0.9542132183908044,1,0.6119
14,0,6,0,0,2.0,0.002574002574002574,0.08145833015441895,0.9698011363636364,0.75509375,0.9680863636363636,1,0.9073
22,1,6,0,0,3.0,0.0031512605042016808,0.0,0.9699949438202248,0.7404140449438202,0.9610904494382022,0,0.6231
6,0,6,0,1,2.0,0.0028129395218002813,0.0,0.9694767045454546,0.7222562499999999,0.9522732954545454,0,0.9221
14,0,6,0,1,2.0,0.002403846153846154,0.0,0.970316384180791,0.7160909604519774,0.958379661016949,0,0.4536
22,1,6,0,1,1.0,0.0010604453870625664,0.0,0.9707780898876404,0.6486887640449438,0.9695876404494382,0,1.0
6,0,6,0,1,2.0,0.0026455026455026454,0.10709635447710752,0.9605514124293784,0.6269536723163842,0.9538604519774012,2,0.4809
14,0,6,0,1,5.0,0.006747638326585695,0.10709635447710752,0.961474431818182,0.6564625000000001,0.9428977272727272,2,0.2108
22,1,6,0,1,2.0,0.0022471910112359553,0.0,0.9596569832402236,0.6435245810055866,0.9638513966480448,0,0.9725
6,0,6,0,1,3.0,0.002857142857142857,0.0,0.965764,0.7633297142857142,0.9598091428571428,0,0.708
14,0,6,0,1,2.0,0.0019047619047619048,0.0,0.961093220338983,0.7580553672316385,0.9796604519774011,0,0.4488
22,1,6,0,1,3.0,0.00331858407079646,0.04156250134110451,0.95955530726257,0.7858726256983241,0.97316312849162,1,0.9584
6,0,6,0,2,6.0,0.006514657980456026,0.0,0.9684011363636364,0.7713215909090909,0.9683693181818182,0,1.0
14,0,6,0,2,4.0,0.0038095238095238095,0.0,0.9675180790960451,0.7758463276836158,0.9586621468926554,0,0.8746
22,1,6,0,2,1.0,0.0010741138560687433,0.0,0.9660954545454546,0.7738732954545454,0.9695846590909092,0,0.9769
6,0,6,0,2,2.0,0.0023094688221709007,0.10709635447710752,0.9734926553672316,0.6269056497175142,0.955367231638418,1,0.8126
14,0,6,0,2,6.0,0.007556675062972292,0.10709635447710752,0.9717162921348316,0.6548410112359551,0.9551494382022472,1,0.3347
22,1,6,0,2,3.0,0.0038910505836575876,0.08215277642011642,0.9691514450867053,0.6074329479768786,0.9537063583815028,1,0.4915
6,0,6,0,2,3.0,0.0028763183125599234,0.0,0.9558448863636364,0.7807528409090909,0.977555681818182,0,0.4799
14,0,6,0,2,2.0,0.001936108422071636,0.0,0.959408,0.7887599999999999,0.9514285714285714,0,1.0
22,1,6,0,2,3.0,0.002859866539561487,0.0,0.9592327485380115,0.7542111111111112,0.97113216374269,0,1.0
6,0,6,0,3,2.0,0.0026845637583892616,0.0,0.97625197740113,0.6071683615819209,0.9534841807909604,0,0.2644
14,0,6,0,3,5.0,0.0067842605156037995,0.0,0.9750948863636364,0.5983465909090909,0.9623090909090908,0,0.7833
22,1,6,0,3,5.0,0.006289308176100629,0.0,0.9761469273743016,0.5908648044692737,0.9510592178770948,0,0.7628
6,0,6,0,3,3.0,0.0036855036855036856,0.06444444507360458,0.9577932203389832,0.7727412429378532,0.9548954802259888,1,0.8731
14,0,6,0,3,2.0,0.0021551724137931034,0.042326390743255615,0.9601118644067796,0.7691152542372881,0.9529186440677966,1,0.9577
22,1,6,0,3,4.0,0.004044489383215369,0.0,0.9582296511627908,0.8025308139534885,0.9455558139534884,0,0.3671
6,0,6,0,3,3.0,0.0033407572383073497,0.0,0.970548275862069,0.7340936781609195,0.969635632183908,0,1.0
14,0,6,0,3,4.0,0.005201560468140442,0.0,0.9679265536723164,0.677564406779661,0.9646892655367232,0,0.4095
22,1,6,0,3,5.0,0.007320644216691069,0.0,0.9663485875706216,0.7424570621468926,0.9622666666666668,0,0.6839
6,1,6,0,0,2.0,0.002304147465437788,0.0,0.9714869318181818,0.7811892045454545,0.9603221590909092,0,0.4325
14,1,6,0,0,5.0,0.005434782608695652,0.0,0.9732103448275864,0.7720936781609196,0.9673367816091952,0,0.4424
22,2,6,0,0,4.0,0.0038095238095238095,0.041111111640930176,0.9726114285714286,0.7704497142857143,0.9543937142857144,1,0.9589
6,1,6,0,0,6.0,0.008486562942008486,0.03427083417773247,0.9579948863636364,0.6420017045454546,0.9496204545454544,1,0.7581
14,1,6,0,0,3.0,0.003355704697986577,0.023402778431773186,0.9595845714285716,0.6536731428571428,0.9767611428571428,1,0.6354
22,2,6,0,0,7.0,0.009943181818181818,0.0,0.960858757062147,0.6334305084745763,0.9482943502824858,0,0.8685
6,1,6,0,0,5.0,0.00499001996007984,0.0,0.9711568965517242,0.7715344827586208,0.9542132183908044,0,0.7748
14,1,6,0,0,5.0,0.005841121495327103,0.0,0.9698011363636364,0.75509375,0.9680863636363636,0,0.7145
22,2,6,0,0,7.0,0.007164790174002047,0.0,0.9699949438202248,0.7404140449438202,0.9610904494382022,0,0.4814
6,1,6,0,1,3.0,0.0033707865168539327,0.0,0.9694767045454546,0.7222562499999999,0.9522732954545454,0,0.75
14,1,6,0,1,5.0,0.005219206680584551,0.0,0.970316384180791,0.7160909604519774,0.958379661016949,0,0.801
22,2,6,0,1,5.0,0.006053268765133172,0.0,0.9707780898876404,0.6486887640449438,0.9695876404494382,0,0.7007
6,1,6,0,1,2.0,0.0029154518950437317,0.0,0.9605514124293784,0.6269536723163842,0.9538604519774012,0,0.2341
14,1,6,0,1,6.0,0.00821917808219178,0.0,0.961474431818182,0.6564625000000001,0.9428977272727272,0,0.3653
22,2,6,0,1,3.0,0.004491017964071856,0.0,0.9596569832402236,0.6435245810055866,0.9638513966480448,0,0.8501
6,1,6,0,1,2.0,0.0019047619047619048,0.055416665971279144,0.965764,0.7633297142857142,0.9598091428571428,1,0.2939
14,1,6,0,1,3.0,0.002904162633107454,0.028576388955116272,0.961093220338983,0.7580553672316385,0.9796604519774011,1,0.8346
22,2,6,0,1,3.0,0.002857142857142857,0.0,0.95955530726257,0.7858726256983241,0.97316312849162,0,1.0
6,1,6,0,2,3.0,0.0031413612565445027,0.0,0.9684011363636364,0.7713215909090909,0.9683693181818182,0,0.5342
14,1,6,0,2,3.0,0.003061224489795918,0.0,0.9675180790960451,0.7758463276836158,0.9586621468926554,0,0.3498
22,2,6,0,2,4.0,0.004545454545454545,0.0,0.9660954545454546,0.7738732954545454,0.9695846590909092,0,1.0
6,1,6,0,2,3.0,0.004048582995951417,0.035624999552965164,0.9734926553672316,0.6269056497175142,0.955367231638418,1,0.308
14,1,6,0,2,2.0,0.002583979328165375,0.08402777463197708,0.9717162921348316,0.6548410112359551,0.9551494382022472,1,0.6786
22,2,6,0,2,4.0,0.005263157894736842,0.0,0.9691514450867053,0.6074329479768786,0.9537063583815028,0,1.0
6,1,6,0,2,5.0,0.004761904761904762,0.0,0.9558448863636364,0.7807528409090909,0.977555681818182,0,1.0
14,1,6,0,2,5.0,0.004761904761904762,0.0,0.959408,0.7887599999999999,0.9514285714285714,0,0.6344
22,2,6,0,2,2.0,0.0019047619047619048,0.0,0.9592327485380115,0.7542111111111112,0.97113216374269,0,1.0
6,1,6,0,3,6.0,0.008368200836820083,0.0,0.97625197740113,0.6071683615819209,0.9534841807909604,0,0.725
14,1,6,0,3,5.0,0.006443298969072165,0.0,0.9750948863636364,0.5983465909090909,0.9623090909090908,0,0.7674
22,2,6,0,3,3.0,0.004149377593360996,0.0,0.9761469273743016,0.5908648044692737,0.9510592178770948,0,0.4155
6,1,6,0,3,4.0,0.004210526315789474,0.0,0.9577932203389832,0.7727412429378532,0.9548954802259888,0,1.0
14,1,6,0,3,3.0,0.003232758620689655,0.0,0.9601118644067796,0.7691152542372881,0.9529186440677966,0,1.0
22,2,6,0,3,6.0,0.007989347536617843,0.03958333283662796,0.9582296511627908,0.8025308139534885,0.9455558139534884,1,0.8962
6,1,6,0,3,3.0,0.003260869565217391,0.0,0.970548275862069,0.7340936781609195,0.969635632183908,0,0.4328
14,1,6,0,3,3.0,0.003303964757709251,0.0,0.9679265536723164,0.677564406779661,0.9646892655367232,0,0.3848
22,2,6,0,3,5.0,0.004830917874396135,0.0,0.9663485875706216,0.7424570621468926,0.9622666666666668,0,0.6555
6,2,6,0,0,5.0,0.005701254275940707,0.057951390743255615,0.9714869318181818,0.7811892045454545,0.9603221590909092,1,0.942
14,2,6,0,0,5.0,0.005417118093174431,0.03760416805744171,0.9732103448275864,0.7720936781609196,0.9673367816091952,1,0.9624
22,3,6,0,0,4.0,0.0041025641025641026,0.0,0.9726114285714286,0.7704497142857143,0.9543937142857144,0,0.7208
6,2,6,0,0,6.0,0.007585335018963337,0.0,0.9579948863636364,0.6420017045454546,0.9496204545454544,0,0.4389
14,2,6,0,0,2.0,0.00258732212160414,0.0,0.9595845714285716,0.6536731428571428,0.9767611428571428,0,0.3962
22,3,6,0,0,3.0,0.004037685060565276,0.0,0.960858757062147,0.6334305084745763,0.9482943502824858,0,0.4702
6,2,6,0,0,5.0,0.004780114722753346,0.0,0.9711568965517242,0.7715344827586208,0.9542132183908044,0,1.0
14,2,6,0,0,6.0,0.0069605568445475635,0.0,0.9698011363636364,0.75509375,0.9680863636363636,0,1.0
22,3,6,0,0,2.0,0.001941747572815534,0.0,0.9699949438202248,0.7404140449438202,0.9610904494382022,0,1.0
6,2,6,0,1,2.0,0.002583979328165375,0.0,0.9694767045454546,0.7222562499999999,0.9522732954545454,0,0.803
14,2,6,0,1,6.0,0.007334963325183374,0.0,0.970316384180791,0.7160909604519774,0.958379661016949,0,0.3255
22,3,6,0,1,3.0,0.0033821871476888386,0.0,0.9707780898876404,0.6486887640449438,0.9695876404494382,0,0.3185
6,2,6,0,1,4.0,0.005449591280653951,0.0,0.9605514124293784,0.6269536723163842,0.9538604519774012,0,0.221
14,2,6,0,1,6.0,0.007326007326007326,0.0,0.961474431818182,0.6564625000000001,0.9428977272727272,0,0.6145
22,3,6,0,1,2.0,0.002621231979030144,0.016979167237877846,0.9596569832402236,0.6435245810055866,0.9638513966480448,1,0.983
6,2,6,0,1,2.0,0.0020512820512820513,0.0,0.965764,0.7633297142857142,0.9598091428571428,0,0.9418
14,2,6,0,1,4.0,0.004273504273504274,0.0,0.961093220338983,0.7580553672316385,0.9796604519774011,0,0.4462
22,3,6,0,1,3.0,0.0034403669724770644,0.0,0.95955530726257,0.7858726256983241,0.97316312849162,0,0.75
6,2,6,0,2,6.0,0.006355932203389831,0.0,0.9684011363636364,0.7713215909090909,0.9683693181818182,0,0.8784
14,2,6,0,2,3.0,0.003243243243243243,0.0,0.9675180790960451,0.7758463276836158,0.9586621468926554,0,0.6263
22,3,6,0,2,6.0,0.007936507936507936,0.10709635447710752,0.9660954545454546,0.7738732954545454,0.9695846590909092,1,0.5945
6,2,6,0,2,2.0,0.0028368794326241137,0.0,0.9734926553672316,0.6269056497175142,0.955367231638418,0,0.2206
14,2,6,0,2,5.0,0.007204610951008645,0.0,0.9717162921348316,0.6548410112359551,0.9551494382022472,0,0.9511
22,3,6,0,2,3.0,0.0049586776859504135,0.0,0.9691514450867053,0.6074329479768786,0.9537063583815028,0,0.7109
6,2,6,0,2,5.0,0.004770992366412214,0.0,0.9558448863636364,0.7807528409090909,0.977555681818182,0,0.3848
14,2,6,0,2,3.0,0.002857142857142857,0.0,0.959408,0.7887599999999999,0.9514285714285714,0,1.0
22,3,6,0,2,3.0,0.0029615004935834156,0.0,0.9592327485380115,0.7542111111111112,0.97113216374269,0,0.75
6,2,6,0,3,2.0,0.002680965147453083,0.0,0.97625197740113,0.6071683615819209,0.9534841807909604,0,0.3424
14,2,6,0,3,5.0,0.006858710562414266,0.0,0.9750948863636364,0.5983465909090909,0.9623090909090908,0,0.7082
22,3,6,0,3,5.0,0.008417508417508417,0.06795138865709305,0.9761469273743016,0.5908648044692737,0.9510592178770948,1,0.319
6,2,6,0,3,6.0,0.006389776357827476,0.036249998956918716,0.9577932203389832,0.7727412429378532,0.9548954802259888,1,0.9637
14,2,6,0,3,3.0,0.002857142857142857,0.04329860955476761,0.9601118644067796,0.7691152542372881,0.9529186440677966,1,0.7361
22,3,6,0,3,5.0,0.006045949214026602,0.062013890594244,0.9582296511627908,0.8025308139534885,0.9455558139534884,1,0.7741
6,2,6,0,3,3.0,0.0036991368680641184,0.0,0.970548275862069,0.7340936781609195,0.969635632183908,0,0.9642
14,2,6,0,3,2.0,0.0019047619047619048,0.0,0.9679265536723164,0.677564406779661,0.9646892655367232,0,0.6734
22,3,6,0,3,5.0,0.006031363088057901,0.0,0.9663485875706216,0.7424570621468926,0.9622666666666668,0,1.0
6,3,6,0,0,6.0,0.0071174377224199285,0.0,0.9714869318181818,0.7811892045454545,0.9603221590909092,0,0.4326
14,3,6,0,0,5.0,0.004761904761904762,0.0,0.9732103448275864,0.7720936781609196,0.9673367816091952,0,0.8333
22,4,6,0,0,2.0,0.001943634596695821,0.057673610746860504,0.9726114285714286,0.7704497142857143,0.9543937142857144,1,0.2068
6,3,6,0,0,3.0,0.004166666666666667,0.0,0.9579948863636364,0.6420017045454546,0.9496204545454544,0,0.4095
14,3,6,0,0,2.0,0.00258732212160414,0.0,0.9595845714285716,0.6536731428571428,0.9767611428571428,0,1.0
22,4,6,0,0,3.0,0.004178272980501393,0.053090278059244156,0.960858757062147,0.6334305084745763,0.9482943502824858,1,0.2179
6,3,6,0,0,4.0,0.005025125628140704,0.0,0.9711568965517242,0.7715344827586208,0.9542132183908044,0,0.5058
14,3,6,0,0,3.0,0.0033632286995515697,0.0,0.9698011363636364,0.75509375,0.9680863636363636,0,1.0
22,4,6,0,0,6.0,0.005714285714285714,0.0,0.9699949438202248,0.7404140449438202,0.9610904494382022,0,0.8571
6,3,6,0,1,2.0,0.002317497103128621,0.0,0.9694767045454546,0.7222562499999999,0.9522732954545454,0,1.0
14,3,6,0,1,4.0,0.004329004329004329,0.0,0.970316384180791,0.7160909604519774,0.958379661016949,0,0.6202
22,4,6,0,1,5.0,0.006587615283267457,0.0,0.9707780898876404,0.6486887640449438,0.9695876404494382,0,0.8607
6,3,6,0,1,3.0,0.004149377593360996,0.008784722536802292,0.9605514124293784,0.6269536723163842,0.9538604519774012,1,0.8676
14,3,6,0,1,5.0,0.005827505827505828,0.00850694440305233,0.961474431818182,0.6564625000000001,0.9428977272727272,1,0.8262
22,4,6,0,1,1.0,0.0011235955056179776,0.10709635447710752,0.9596569832402236,0.6435245810055866,0.9638513966480448,1,0.5785
6,3,6,0,1,3.0,0.002857142857142857,0.0,0.965764,0.7633297142857142,0.9598091428571428,0,1.0
14,3,6,0,1,4.0,0.0038095238095238095,0.0,0.961093220338983,0.7580553672316385,0.9796604519774011,0,0.3697
22,4,6,0,1,6.0,0.005808325266214908,0.08704861253499985,0.95955530726257,0.7858726256983241,0.97316312849162,1,0.913
6,3,6,0,2,5.0,0.004761904761904762,0.10709635447710752,0.9684011363636364,0.7713215909090909,0.9683693181818182,1,0.862
14,3,6,0,2,2.0,0.0020639834881320948,0.10709635447710752,0.9675180790960451,0.7758463276836158,0.9586621468926554,1,0.8631
22,4,6,0,2,2.0,0.002185792349726776,0.0,0.9660954545454546,0.7738732954545454,0.9695846590909092,0,0.433
6,3,6,0,2,3.0,0.004322766570605188,0.0,0.9734926553672316,0.6269056497175142,0.955367231638418,0,0.4621
14,3,6,0,2,5.0,0.007072135785007072,0.0,0.9717162921348316,0.6548410112359551,0.9551494382022472,0,0.4195
22,4,6,0,2,3.0,0.004335260115606936,0.0,0.9691514450867053,0.6074329479768786,0.9537063583815028,0,0.619
6,3,6,0,2,2.0,0.002285714285714286,0.0,0.9558448863636364,0.7807528409090909,0.977555681818182,0,0.423
14,3,6,0,2,2.0,0.002103049421661409,0.0,0.959408,0.7887599999999999,0.9514285714285714,0,0.8988
22,4,6,0,2,6.0,0.0062827225130890054,0.08812499791383743,0.9592327485380115,0.7542111111111112,0.97113216374269,1,0.3963
6,3,6,0,3,4.0,0.0068846815834767644,0.10709635447710752,0.97625197740113,0.6071683615819209,0.9534841807909604,1,0.2019
14,3,6,0,3,2.0,0.0025380710659898475,0.06784722208976746,0.9750948863636364,0.5983465909090909,0.9623090909090908,1,0.6215
22,4,6,0,3,4.0,0.005772005772005772,0.0,0.9761469273743016,0.5908648044692737,0.9510592178770948,0,0.4022
6,3,6,0,3,5.0,0.005820721769499418,0.10709635447710752,0.9577932203389832,0.7727412429378532,0.9548954802259888,1,0.8478
14,3,6,0,3,6.0,0.006904487917146145,0.07708333432674408,0.9601118644067796,0.7691152542372881,0.9529186440677966,1,0.9229
22,4,6,0,3,2.0,0.002577319587628866,0.0,0.9582296511627908,0.8025308139534885,0.9455558139534884,0,0.5149
6,3,6,0,3,6.0,0.007537688442211055,0.0,0.970548275862069,0.7340936781609195,0.969635632183908,0,0.7548
14,3,6,0,3,5.0,0.005235602094240838,0.0,0.9679265536723164,0.677564406779661,0.9646892655367232,0,0.327
22,4,6,0,3,3.0,0.0036900369003690036,0.0,0.9663485875706216,0.7424570621468926,0.9622666666666668,0,0.8847
6,4,6,0,0,5.0,0.004780114722753346,0.10298611223697662,0.9714869318181818,0.7811892045454545,0.9603221590909092,1,0.6271
14,4,6,0,0,4.0,0.004069175991861648,0.07999999821186066,0.9732103448275864,0.7720936781609196,0.9673367816091952,1,0.4772
22,5,6,1,0,3.0,0.0030241935483870967,0.10709635447710752,0.9726114285714286,0.7704497142857143,0.9543937142857144,1,0.5229
6,4,6,0,0,2.0,0.002677376171352075,0.10709635447710752,0.9579948863636364,0.6420017045454546,0.9496204545454544,1,0.503
14,4,6,0,0,3.0,0.004392386530014641,0.07232639193534851,0.9595845714285716,0.6536731428571428,0.9767611428571428,1,0.8931
22,5,6,1,0,6.0,0.008152173913043478,0.08489583432674408,0.960858757062147,0.6334305084745763,0.9482943502824858,1,0.2409
6,4,6,0,0,6.0,0.006472491909385114,0.0,0.9711568965517242,0.7715344827586208,0.9542132183908044,0,0.5704
14,4,6,0,0,3.0,0.0029644268774703555,0.0,0.9698011363636364,0.75509375,0.9680863636363636,0,1.0
22,5,6,1,0,3.0,0.003131524008350731,0.10709635447710752,0.9699949438202248,0.7404140449438202,0.9610904494382022,1,0.3752
6,4,6,0,1,4.0,0.004188481675392671,0.0,0.9694767045454546,0.7222562499999999,0.9522732954545454,0,0.6762
14,4,6,0,1,6.0,0.0079155672823219,0.0,0.970316384180791,0.7160909604519774,0.958379661016949,0,0.8404
22,5,6,1,1,3.0,0.003865979381443299,0.0,0.9707780898876404,0.6486887640449438,0.9695876404494382,0,1.0
6,4,6,0,1,2.0,0.0026595744680851063,0.05260416492819786,0.9605514124293784,0.6269536723163842,0.9538604519774012,1,0.5123
14,4,6,0,1,5.0,0.006031363088057901,0.04142361134290695,0.961474431818182,0.6564625000000001,0.9428977272727272,1,0.6696
22,5,6,1,1,5.0,0.005868544600938967,0.0,0.9596569832402236,0.6435245810055866,0.9638513966480448,0,0.8819
6,4,6,0,1,2.0,0.0020181634712411706,0.09798610955476761,0.965764,0.7633297142857142,0.9598091428571428,1,0.734
14,4,6,0,1,4.0,0.004419889502762431,0.03895833343267441,0.961093220338983,0.7580553672316385,0.9796604519774011,1,0.6429
22,5,6,1,1,4.0,0.00411522633744856,0.03861111029982567,0.95955530726257,0.7858726256983241,0.97316312849162,1,0.9614
6,4,6,0,2,5.0,0.0051440329218107,0.0,0.9684011363636364,0.7713215909090909,0.9683693181818182,0,0.4218
14,4,6,0,2,2.0,0.0019047619047619048,0.0,0.9675180790960451,0.7758463276836158,0.9586621468926554,0,0.5662
22,5,6,1,2,5.0,0.005592841163310962,0.0,0.9660954545454546,0.7738732954545454,0.9695846590909092,0,0.6956
6,4,6,0,2,4.0,0.0055248618784530384,0.0,0.9734926553672316,0.6269056497175142,0.955367231638418,0,0.6458
14,4,6,0,2,5.0,0.005773672055427252,0.0,0.9717162921348316,0.6548410112359551,0.9551494382022472,0,0.7181
22,5,6,1,2,4.0,0.005873715124816446,0.0,0.9691514450867053,0.6074329479768786,0.9537063583815028,0,0.2641
6,4,6,0,2,6.0,0.005970149253731343,0.06222222372889519,0.9558448863636364,0.7807528409090909,0.977555681818182,1,0.476
14,4,6,0,2,2.0,0.0022002200220022,0.08364583551883698,0.959408,0.7887599999999999,0.9514285714285714,1,0.3993
22,5,6,1,2,4.0,0.0038095238095238095,0.0,0.9592327485380115,0.7542111111111112,0.97113216374269,0,1.0
6,4,6,0,3,5.0,0.007518796992481203,0.0,0.97625197740113,0.6071683615819209,0.9534841807909604,0,0.7749
14,4,6,0,3,3.0,0.004672897196261682,0.0,0.9750948863636364,0.5983465909090909,0.9623090909090908,0,0.2494
22,5,6,1,3,7.0,0.011400651465798045,0.10709635447710752,0.9761469273743016,0.5908648044692737,0.9510592178770948,1,0.2004
6,4,6,0,3,4.0,0.004206098843322818,0.0,0.9577932203389832,0.7727412429378532,0.9548954802259888,0,0.8292
14,4,6,0,3,2.0,0.002129925452609159,0.0,0.9601118644067796,0.7691152542372881,0.9529186440677966,0,1.0
22,5,6,1,3,2.0,0.002061855670103093,0.10709635447710752,0.9582296511627908,0.8025308139534885,0.9455558139534884,1,0.7987
6,4,6,0,3,2.0,0.002207505518763797,0.0,0.970548275862069,0.7340936781609195,0.969635632183908,0,0.2759
14,4,6,0,3,4.0,0.004429678848283499,0.0,0.9679265536723164,0.677564406779661,0.9646892655367232,0,0.6572
22,5,6,1,3,3.0,0.0041265474552957355,0.0,0.9663485875706216,0.7424570621468926,0.9622666666666668,0,0.3234
6,5,6,1,0,6.0,0.005714285714285714,0.10709635447710752,0.9714869318181818,0.7811892045454545,0.9603221590909092,1,0.8501
14,5,6,1,0,6.0,0.005714285714285714,0.10709635447710752,0.9732103448275864,0.7720936781609196,0.9673367816091952,1,0.8627
22,6,6,1,0,6.0,0.006674082313681869,0.0,0.9726114285714286,0.7704497142857143,0.9543937142857144,0,0.9589
6,5,6,1,0,5.0,0.006868131868131868,0.06565972417593002,0.9579948863636364,0.6420017045454546,0.9496204545454544,1,0.6894
14,5,6,1,0,5.0,0.0077279752704791345,0.05423611029982567,0.9595845714285716,0.6536731428571428,0.9767611428571428,1,0.3117
22,6,6,1,0,4.0,0.004728132387706856,0.0,0.960858757062147,0.6334305084745763,0.9482943502824858,0,1.0
6,5,6,1,0,2.0,0.0020222446916076846,0.10709635447710752,0.9711568965517242,0.7715344827586208,0.9542132183908044,1,0.7523
22,6,6,1,0,3.0,0.002857142857142857,0.0,0.9699949438202248,0.7404140449438202,0.9610904494382022,0,1.0
6,5,6,1,1,5.0,0.005656108597285068,0.0,0.9694767045454546,0.7222562499999999,0.9522732954545454,0,0.8333
22,6,6,1,1,4.0,0.005970149253731343,0.0,0.9707780898876404,0.6486887640449438,0.9695876404494382,0,0.5888
6,5,6,1,1,6.0,0.007731958762886598,0.0,0.9605514124293784,0.6269536723163842,0.9538604519774012,0,0.4669
14,5,6,1,1,3.0,0.005110732538330494,0.0,0.961474431818182,0.6564625000000001,0.9428977272727272,0,0.2368
22,6,6,1,1,5.0,0.0073964497041420114,0.020729167386889458,0.9596569832402236,0.6435245810055866,0.9638513966480448,1,0.4695
14,5,6,1,1,3.0,0.0028680688336520078,0.054027777165174484,0.961093220338983,0.7580553672316385,0.9796604519774011,1,0.4352
22,6,6,1,1,2.0,0.0019047619047619048,0.0,0.95955530726257,0.7858726256983241,0.97316312849162,0,1.0
6,5,6,1,2,2.0,0.0022346368715083797,0.0,0.9684011363636364,0.7713215909090909,0.9683693181818182,0,0.6667
14,5,6,1,2,3.0,0.003015075376884422,0.0,0.9675180790960451,0.7758463276836158,0.9586621468926554,0,0.75
22,6,6,1,2,4.0,0.0038095238095238095,0.0,0.9660954545454546,0.7738732954545454,0.9695846590909092,0,0.9512
6,5,6,1,2,3.0,0.004137931034482759,0.0,0.9734926553672316,0.6269056497175142,0.955367231638418,0,0.684
14,5,6,1,2,3.0,0.0033076074972436605,0.0,0.9717162921348316,0.6548410112359551,0.9551494382022472,0,1.0
22,6,6,1,2,2.0,0.002472187886279357,0.0,0.9691514450867053,0.6074329479768786,0.9537063583815028,0,0.6514
14,5,6,1,2,3.0,0.0039164490861618795,0.0,0.959408,0.7887599999999999,0.9514285714285714,0,0.6038
6,5,6,1,3,5.0,0.00778816199376947,0.10709635447710752,0.97625197740113,0.6071683615819209,0.9534841807909604,1,0.4668
14,5,6,1,3,4.0,0.006837606837606838,0.07729166746139526,0.9750948863636364,0.5983465909090909,0.9623090909090908,1,0.2204
22,6,6,1,3,4.0,0.0064,0.0,0.9761469273743016,0.5908648044692737,0.9510592178770948,0,0.4271
6,5,6,1,3,2.0,0.0025348542458808617,0.10709635447710752,0.9577932203389832,0.7727412429378532,0.9548954802259888,1,0.3961
14,5,6,1,3,6.0,0.006097560975609756,0.09947916865348816,0.9601118644067796,0.7691152542372881,0.9529186440677966,1,0.5866
22,6,6,1,3,7.0,0.007462686567164179,0.0,0.9582296511627908,0.8025308139534885,0.9455558139534884,0,0.7882
6,5,6,1,3,3.0,0.003181336161187699,0.0,0.970548275862069,0.7340936781609195,0.969635632183908,0,0.479
14,5,6,1,3,5.0,0.00563063063063063,0.0,0.9679265536723164,0.677564406779661,0.9646892655367232,0,0.5007
22,6,6,1,3,3.0,0.003389830508474576,0.10097222030162811,0.9663485875706216,0.7424570621468926,0.9622666666666668,1,0.899
6,6,6,1,0,4.0,0.0038095238095238095,0.0,0.9714869318181818,0.7811892045454545,0.9603221590909092,0,0.9439
14,6,6,1,0,3.0,0.0030425963488843813,0.0,0.9732103448275864,0.7720936781609196,0.9673367816091952,0,0.321
22,0,7,0,0,4.0,0.0038095238095238095,0.0,0.9726114285714286,0.7704497142857143,0.9543937142857144,0,0.7857
6,6,6,1,0,5.0,0.00620347394540943,0.0,0.9579948863636364,0.6420017045454546,0.9496204545454544,0,0.6203
14,6,6,1,0,3.0,0.004032258064516129,0.0,0.9595845714285716,0.6536731428571428,0.9767611428571428,0,0.4932
22,0,7,0,0,3.0,0.003575685339690107,0.07246527820825577,0.960858757062147,0.6334305084745763,0.9482943502824858,1,0.9275
14,6,6,1,0,4.0,0.004158004158004158,0.0,0.9698011363636364,0.75509375,0.9680863636363636,0,0.9086
14,6,6,1,1,2.0,0.0023952095808383233,0.0,0.970316384180791,0.7160909604519774,0.958379661016949,0,0.8405
22,0,7,0,1,2.0,0.002380952380952381,0.06392361223697662,0.9707780898876404,0.6486887640449438,0.9695876404494382,1,0.9361
6,6,6,1,1,6.0,0.008333333333333333,0.01284722238779068,0.9605514124293784,0.6269536723163842,0.9538604519774012,1,0.7506
14,6,6,1,1,2.0,0.003110419906687403,0.023333333432674408,0.961474431818182,0.6564625000000001,0.9428977272727272,1,0.363
22,0,7,0,1,4.0,0.005952380952380952,0.0,0.9596569832402236,0.6435245810055866,0.9638513966480448,0,0.3537
6,6,6,1,1,2.0,0.0023014959723820483,0.0,0.965764,0.7633297142857142,0.9598091428571428,0,0.3799
14,6,6,1,1,4.0,0.0038095238095238095,0.0,0.961093220338983,0.7580553672316385,0.9796604519774011,0,0.3354
22,0,7,0,1,3.0,0.002857142857142857,0.07965277880430222,0.95955530726257,0.7858726256983241,0.97316312849162,1,0.7018
6,6,6,1,2,2.0,0.001951219512195122,0.0,0.9684011363636364,0.7713215909090909,0.9683693181818182,0,1.0
14,6,6,1,2,4.0,0.004571428571428572,0.0,0.9675180790960451,0.7758463276836158,0.9586621468926554,0,1.0
22,0,7,0,2,3.0,0.002857142857142857,0.008090278133749962,0.9660954545454546,0.7738732954545454,0.9695846590909092,1,0.9919
6,6,6,1,2,4.0,0.004975124378109453,0.0,0.9734926553672316,0.6269056497175142,0.955367231638418,0,1.0
14,6,6,1,2,4.0,0.005263157894736842,0.0,0.9717162921348316,0.6548410112359551,0.9551494382022472,0,0.4029
22,0,7,0,2,3.0,0.003663003663003663,0.0,0.9691514450867053,0.6074329479768786,0.9537063583815028,0,0.5724
6,6,6,1,2,4.0,0.0038797284190106693,0.0,0.9558448863636364,0.7807528409090909,0.977555681818182,0,0.4482
22,0,7,0,2,6.0,0.0057361376673040155,0.0,0.9592327485380115,0.7542111111111112,0.97113216374269,0,0.5993
6,6,6,1,3,2.0,0.0027472527472527475,0.0,0.97625197740113,0.6071683615819209,0.9534841807909604,0,0.4608
14,6,6,1,3,2.0,0.0030120481927710845,0.0,0.9750948863636364,0.5983465909090909,0.9623090909090908,0,0.6393
22,0,7,0,3,3.0,0.0043541364296081275,0.0,0.9761469273743016,0.5908648044692737,0.9510592178770948,0,0.9517
6,6,6,1,3,6.0,0.005714285714285714,0.0,0.9577932203389832,0.7727412429378532,0.9548954802259888,0,1.0
14,6,6,1,3,3.0,0.003947368421052632,0.0,0.9601118644067796,0.7691152542372881,0.9529186440677966,0,0.7679
22,0,7,0,3,2.0,0.0027739251040221915,0.0,0.9582296511627908,0.8025308139534885,0.9455558139534884,0,0.4844
14,6,6,1,3,2.0,0.0022650056625141564,0.10709635447710752,0.9679265536723164,0.677564406779661,0.9646892655367232,1,0.8182
22,0,7,0,3,2.0,0.002008032128514056,0.0,0.9663485875706216,0.7424570621468926,0.9622666666666668,0,1.0
6,0,7,0,0,2.0,0.002028397565922921,0.0,0.9714869318181818,0.7811892045454545,0.9603221590909092,0,0.4129
14,0,7,0,0,4.0,0.004166666666666667,0.0,0.9732103448275864,0.7720936781609196,0.9673367816091952,0,0.334
22,1,7,0,0,4.0,0.0038095238095238095,0.03809027746319771,0.9726114285714286,0.7704497142857143,0.9543937142857144,1,0.572
6,0,7,0,0,2.0,0.003048780487804878,0.09378471970558167,0.9579948863636364,0.6420017045454546,0.9496204545454544,1,0.3061
14,0,7,0,0,3.0,0.0045871559633027525,0.06899305433034897,0.9595845714285716,0.6536731428571428,0.9767611428571428,1,0.2187
22,1,7,0,0,3.0,0.004137931034482759,0.0,0.960858757062147,0.6334305084745763,0.9482943502824858,0,0.8393
6,0,7,0,0,2.0,0.001951219512195122,0.06555555760860443,0.9711568965517242,0.7715344827586208,0.9542132183908044,1,0.9344
14,0,7,0,0,2.0,0.0021008403361344537,0.06531249731779099,0.9698011363636364,0.75509375,0.9680863636363636,1,0.3996
22,1,7,0,0,0.0,0.0,0.0,0.9699949438202248,0.7404140449438202,0.9610904494382022,0,0.9175
6,0,7,0,1,3.0,0.0037174721189591076,0.0842013880610466,0.9694767045454546,0.7222562499999999,0.9522732954545454,1,0.87
14,0,7,0,1,6.0,0.006191950464396285,0.08958332985639572,0.970316384180791,0.7160909604519774,0.958379661016949,1,0.8677
22,1,7,0,1,6.0,0.007481296758104738,0.0,0.9707780898876404,0.6486887640449438,0.9695876404494382,0,0.4283
6,0,7,0,1,4.0,0.005082592121982211,0.0,0.9605514124293784,0.6269536723163842,0.9538604519774012,0,0.784
14,0,7,0,1,3.0,0.003708281829419036,0.0,0.961474431818182,0.6564625000000001,0.9428977272727272,0,0.5981
22,1,7,0,1,4.0,0.00554016620498615,0.0,0.9596569832402236,0.6435245810055866,0.9638513966480448,0,0.5611
6,0,7,0,1,3.0,0.002932551319648094,0.10709635447710752,0.965764,0.7633297142857142,0.9598091428571428,1,0.823
14,0,7,0,1,6.0,0.005714285714285714,0.10475694388151169,0.961093220338983,0.7580553672316385,0.9796604519774011,1,0.8952
22,1,7,0,1,3.0,0.0031479538300104933,0.0,0.95955530726257,0.7858726256983241,0.97316312849162,0,1.0
6,0,7,0,2,3.0,0.003424657534246575,0.014201388694345951,0.9684011363636364,0.7713215909090909,0.9683693181818182,1,0.3775
14,0,7,0,2,3.0,0.0036188178528347406,0.0073958332650363445,0.9675180790960451,0.7758463276836158,0.9586621468926554,1,0.4528
22,1,7,0,2,3.0,0.0034762456546929316,0.04312499985098839,0.9660954545454546,0.7738732954545454,0.9695846590909092,1,0.9569
6,0,7,0,2,4.0,0.006289308176100629,0.0,0.9734926553672316,0.6269056497175142,0.955367231638418,0,0.7164
14,0,7,0,2,3.0,0.003865979381443299,0.0,0.9717162921348316,0.6548410112359551,0.9551494382022472,0,0.966
22,1,7,0,2,3.0,0.004026845637583893,0.061423610895872116,0.9691514450867053,0.6074329479768786,0.9537063583815028,1,0.3384
6,0,7,0,2,3.0,0.002857142857142857,0.0,0.9558448863636364,0.7807528409090909,0.977555681818182,0,0.4091
14,0,7,0,2,2.0,0.0019047619047619048,0.0,0.959408,0.7887599999999999,0.9514285714285714,0,1.0
22,1,7,0,2,1.0,0.0009523809523809524,0.0,0.9592327485380115,0.7542111111111112,0.97113216374269,0,0.9352
6,0,7,0,3,1.0,0.0014144271570014145,0.0,0.97625197740113,0.6071683615819209,0.9534841807909604,0,0.1552
14,0,7,0,3,3.0,0.00423728813559322,0.0,0.9750948863636364,0.5983465909090909,0.9623090909090908,0,0.245
22,1,7,0,3,2.0,0.002631578947368421,0.0,0.9761469273743016,0.5908648044692737,0.9510592178770948,0,0.8761
6,0,7,0,3,2.0,0.0020942408376963353,0.0,0.9577932203389832,0.7727412429378532,0.9548954802259888,0,1.0
14,0,7,0,3,6.0,0.005905511811023622,0.0,0.9601118644067796,0.7691152542372881,0.9529186440677966,0,1.0
22,1,7,0,3,6.0,0.0064034151547491995,0.0,0.9582296511627908,0.8025308139534885,0.9455558139534884,0,0.992
6,0,7,0,3,6.0,0.007067137809187279,0.0,0.970548275862069,0.7340936781609195,0.969635632183908,0,0.4121
14,0,7,0,3,6.0,0.0058997050147492625,0.0,0.9679265536723164,0.677564406779661,0.9646892655367232,0,1.0
22,1,7,0,3,2.0,0.002171552660152009,0.08725694566965103,0.9663485875706216,0.7424570621468926,0.9622666666666668,1,0.9127
6,1,7,0,0,4.0,0.0038095238095238095,0.03239583224058151,0.9714869318181818,0.7811892045454545,0.9603221590909092,1,0.3258
14,1,7,0,0,3.0,0.002857142857142857,0.04190972074866295,0.9732103448275864,0.7720936781609196,0.9673367816091952,1,0.6012
22,2,7,0,0,4.0,0.0038095238095238095,0.0,0.9726114285714286,0.7704497142857143,0.9543937142857144,0,0.7386
6,1,7,0,0,3.0,0.003658536585365854,0.0,0.9579948863636364,0.6420017045454546,0.9496204545454544,0,0.7235
14,1,7,0,0,2.0,0.002631578947368421,0.0,0.9595845714285716,0.6536731428571428,0.9767611428571428,0,0.3861
22,2,7,0,0,7.0,0.0109717868338558,0.04659722372889519,0.960858757062147,0.6334305084745763,0.9482943502824858,1,0.1511
6,1,7,0,0,2.0,0.002635046113306983,0.0,0.9711568965517242,0.7715344827586208,0.9542132183908044,0,0.7435
14,1,7,0,0,4.0,0.004728132387706856,0.0,0.9698011363636364,0.75509375,0.9680863636363636,0,0.5276
22,2,7,0,0,7.0,0.007099391480730223,0.10709635447710752,0.9699949438202248,0.7404140449438202,0.9610904494382022,1,0.8914
6,1,7,0,1,4.0,0.00510204081632653,0.0,0.9694767045454546,0.7222562499999999,0.9522732954545454,0,0.9547
14,1,7,0,1,5.0,0.005656108597285068,0.0,0.970316384180791,0.7160909604519774,0.958379661016949,0,0.4162
22,2,7,0,1,2.0,0.002512562814070352,0.0,0.9707780898876404,0.6486887640449438,0.9695876404494382,0,1.0
6,1,7,0,1,5.0,0.007462686567164179,0.0,0.9605514124293784,0.6269536723163842,0.9538604519774012,0,0.3618
14,1,7,0,1,2.0,0.002621231979030144,0.0,0.961474431818182,0.6564625000000001,0.9428977272727272,0,0.532
22,2,7,0,1,2.0,0.002932551319648094,0.09972222149372101,0.9596569832402236,0.6435245810055866,0.9638513966480448,1,0.5905
6,1,7,0,1,4.0,0.004052684903748734,0.0,0.965764,0.7633297142857142,0.9598091428571428,0,0.3972
14,1,7,0,1,4.0,0.004705882352941176,0.0,0.961093220338983,0.7580553672316385,0.9796604519774011,0,0.646
22,2,7,0,1,5.0,0.0049261083743842365,0.04583333432674408,0.95955530726257,0.7858726256983241,0.97316312849162,1,0.5452
6,1,7,0,2,2.0,0.00202020202020202,0.07222222536802292,0.9684011363636364,0.7713215909090909,0.9683693181818182,1,0.6115
14,1,7,0,2,4.0,0.005517241379310344,0.0711805522441864,0.9675180790960451,0.7758463276836158,0.9586621468926554,1,0.2803
22,2,7,0,2,3.0,0.002857142857142857,0.0,0.9660954545454546,0.7738732954545454,0.9695846590909092,0,1.0
6,1,7,0,2,3.0,0.0036719706242350062,0.06996528059244156,0.9734926553672316,0.6269056497175142,0.955367231638418,1,0.299
14,1,7,0,2,4.0,0.00546448087431694,0.03940972313284874,0.9717162921348316,0.6548410112359551,0.9551494382022472,1,0.345
22,2,7,0,2,5.0,0.005973715651135006,0.0,0.9691514450867053,0.6074329479768786,0.9537063583815028,0,0.2328
6,1,7,0,2,4.0,0.004830917874396135,0.0,0.9558448863636364,0.7807528409090909,0.977555681818182,0,0.6164
14,1,7,0,2,3.0,0.002857142857142857,0.0,0.959408,0.7887599999999999,0.9514285714285714,0,0.9665
22,2,7,0,2,2.0,0.0019047619047619048,0.10709635447710752,0.9592327485380115,0.7542111111111112,0.97113216374269,1,0.7897
6,1,7,0,3,4.0,0.00641025641025641,0.0,0.97625197740113,0.6071683615819209,0.9534841807909604,0,0.7705
14,1,7,0,3,5.0,0.007082152974504249,0.0,0.9750948863636364,0.5983465909090909,0.9623090909090908,0,0.6034
22,2,7,0,3,5.0,0.007246376811594203,0.0,0.9761469273743016,0.5908648044692737,0.9510592178770948,0,0.3852
6,1,7,0,3,5.0,0.0055309734513274336,0.0,0.9577932203389832,0.7727412429378532,0.9548954802259888,0,0.8017
14,1,7,0,3,3.0,0.0031185031185031187,0.0,0.9601118644067796,0.7691152542372881,0.9529186440677966,0,1.0
22,2,7,0,3,2.0,0.002304147465437788,0.0,0.9582296511627908,0.8025308139534885,0.9455558139534884,0,0.8023
6,1,7,0,3,2.0,0.001968503937007874,0.10709635447710752,0.970548275862069,0.7340936781609195,0.969635632183908,1,0.533
14,1,7,0,3,4.0,0.0041279669762641896,0.10709635447710752,0.9679265536723164,0.677564406779661,0.9646892655367232,1,0.4959
22,2,7,0,3,1.0,0.001049317943336831,0.08451388776302338,0.9663485875706216,0.7424570621468926,0.9622666666666668,1,0.5698
6,2,7,0,0,5.0,0.004775549188156638,0.0,0.9714869318181818,0.7811892045454545,0.9603221590909092,0,1.0
14,2,7,0,0,4.0,0.0038095238095238095,0.0,0.9732103448275864,0.7720936781609196,0.9673367816091952,0,1.0
22,3,7,0,0,3.0,0.002857142857142857,0.0,0.9726114285714286,0.7704497142857143,0.9543937142857144,0,1.0
6,2,7,0,0,3.0,0.003472222222222222,0.0677083358168602,0.9579948863636364,0.6420017045454546,0.9496204545454544,1,0.2745
14,2,7,0,0,6.0,0.008415147265077139,0.061493054032325745,0.9595845714285716,0.6536731428571428,0.9767611428571428,1,0.2869
22,3,7,0,0,0.0,0.0,0.0,0.960858757062147,0.6334305084745763,0.9482943502824858,0,0.9824
6,2,7,0,0,3.0,0.003083247687564234,0.07326389104127884,0.9711568965517242,0.7715344827586208,0.9542132183908044,1,0.4885
14,2,7,0,0,3.0,0.0033076074972436605,0.09190972149372101,0.9698011363636364,0.75509375,0.9680863636363636,1,0.9081
22,3,7,0,0,5.0,0.0058823529411764705,0.0,0.9699949438202248,0.7404140449438202,0.9610904494382022,0,0.9226
6,2,7,0,1,3.0,0.0043541364296081275,0.0,0.9694767045454546,0.7222562499999999,0.9522732954545454,0,0.3077
14,2,7,0,1,5.0,0.005213764337851929,0.0,0.970316384180791,0.7160909604519774,0.958379661016949,0,0.4718
22,3,7,0,1,4.0,0.004366812227074236,0.10709635447710752,0.9707780898876404,0.6486887640449438,0.9695876404494382,1,0.8479
6,2,7,0,1,5.0,0.008237232289950576,0.10709635447710752,0.9605514124293784,0.6269536723163842,0.9538604519774012,1,0.5272
14,2,7,0,1,6.0,0.008746355685131196,0.10709635447710752,0.961474431818182,0.6564625000000001,0.9428977272727272,1,0.8195
22,3,7,0,1,3.0,0.0049261083743842365,0.07750000059604645,0.9596569832402236,0.6435245810055866,0.9638513966480448,2,0.172
6,2,7,0,1,5.0,0.004826254826254826,0.037638887763023376,0.965764,0.7633297142857142,0.9598091428571428,1,0.7335
14,2,7,0,1,5.0,0.004761904761904762,0.05319444462656975,0.961093220338983,0.7580553672316385,0.9796604519774011,1,0.9468
22,3,7,0,1,4.0,0.0038095238095238095,0.0,0.95955530726257,0.7858726256983241,0.97316312849162,0,1.0
6,2,7,0,2,6.0,0.005714285714285714,0.0,0.9684011363636364,0.7713215909090909,0.9683693181818182,0,0.8473
14,2,7,0,2,2.0,0.001937984496124031,0.0,0.9675180790960451,0.7758463276836158,0.9586621468926554,0,1.0
22,3,7,0,2,5.0,0.005793742757821553,0.10709635447710752,0.9660954545454546,0.7738732954545454,0.9695846590909092,1,0.8409
6,2,7,0,2,2.0,0.0028530670470756064,0.0,0.9734926553672316,0.6269056497175142,0.955367231638418,0,0.4527
14,2,7,0,2,6.0,0.007211538461538462,0.0,0.9717162921348316,0.6548410112359551,0.9551494382022472,0,0.5012
22,3,7,0,2,6.0,0.008645533141210375,0.09420138597488403,0.9691514450867053,0.6074329479768786,0.9537063583815028,1,0.9058
6,2,7,0,2,5.0,0.0053475935828877,0.10709635447710752,0.9558448863636364,0.7807528409090909,0.977555681818182,1,0.6217
14,2,7,0,2,5.0,0.0053590568060021436,0.10709635447710752,0.959408,0.7887599999999999,0.9514285714285714,1,0.5974
22,3,7,0,2,2.0,0.0020181634712411706,0.10709635447710752,0.9592327485380115,0.7542111111111112,0.97113216374269,3,0.412
6,2,7,0,3,2.0,0.0028169014084507044,0.0,0.97625197740113,0.6071683615819209,0.9534841807909604,0,0.3513
14,2,7,0,3,4.0,0.005326231691078562,0.0,0.9750948863636364,0.5983465909090909,0.9623090909090908,0,0.3283
22,3,7,0,3,4.0,0.005625879043600563,0.0,0.9761469273743016,0.5908648044692737,0.9510592178770948,0,0.32
6,2,7,0,3,5.0,0.005330490405117271,0.0,0.9577932203389832,0.7727412429378532,0.9548954802259888,0,0.7126
14,2,7,0,3,4.0,0.0045871559633027525,0.0,0.9601118644067796,0.7691152542372881,0.9529186440677966,0,0.2882
22,3,7,0,3,5.0,0.0049504950495049506,0.0,0.9582296511627908,0.8025308139534885,0.9455558139534884,0,1.0
6,2,7,0,3,3.0,0.003870967741935484,0.05770833417773247,0.970548275862069,0.7340936781609195,0.969635632183908,1,0.5203
14,2,7,0,3,2.0,0.0022701475595913734,0.04732638970017433,0.9679265536723164,0.677564406779661,0.9646892655367232,1,0.9527
22,3,7,0,3,2.0,0.0019047619047619048,0.0,0.9663485875706216,0.7424570621468926,0.9622666666666668,0,1.0
6,3,7,0,0,5.0,0.004965243296921549,0.0,0.9714869318181818,0.7811892045454545,0.9603221590909092,0,0.6601
14,3,7,0,0,5.0,0.004761904761904762,0.0,0.9732103448275864,0.7720936781609196,0.9673367816091952,0,0.8714
22,4,7,0,0,5.0,0.004761904761904762,0.0,0.9726114285714286,0.7704497142857143,0.9543937142857144,0,1.0
6,3,7,0,0,4.0,0.0044943820224719105,0.0,0.9579948863636364,0.6420017045454546,0.9496204545454544,0,0.8
14,3,7,0,0,2.0,0.002506265664160401,0.0,0.9595845714285716,0.6536731428571428,0.9767611428571428,0,0.3644
22,4,7,0,0,7.0,0.009421265141318977,0.0,0.960858757062147,0.6334305084745763,0.9482943502824858,0,1.0
6,3,7,0,0,3.0,0.002857142857142857,0.0,0.9711568965517242,0.7715344827586208,0.9542132183908044,0,0.5305
14,3,7,0,0,3.0,0.0029498525073746312,0.0,0.9698011363636364,0.75509375,0.9680863636363636,0,0.8853
22,4,7,0,0,2.0,0.002074688796680498,0.0,0.9699949438202248,0.7404140449438202,0.9610904494382022,0,0.2546
6,3,7,0,1,6.0,0.007792207792207792,0.10709635447710752,0.9694767045454546,0.7222562499999999,0.9522732954545454,1,0.7887
14,3,7,0,1,2.0,0.0024183796856106408,0.10709635447710752,0.970316384180791,0.7160909604519774,0.958379661016949,1,0.7996
22,4,7,0,1,5.0,0.006596306068601583,0.0,0.9707780898876404,0.6486887640449438,0.9695876404494382,0,0.4816
6,3,7,0,1,6.0,0.008670520231213872,0.05920138955116272,0.9605514124293784,0.6269536723163842,0.9538604519774012,2,0.4666
14,3,7,0,1,2.0,0.0027210884353741495,0.10709635447710752,0.961474431818182,0.6564625000000001,0.9428977272727272,2,0.7633
22,4,7,0,1,3.0,0.0048,0.0,0.9596569832402236,0.6435245810055866,0.9638513966480448,0,0.3978
6,3,7,0,1,4.0,0.0038095238095238095,0.0,0.965764,0.7633297142857142,0.9598091428571428,0,1.0
14,3,7,0,1,5.0,0.004761904761904762,0.0,0.961093220338983,0.7580553672316385,0.9796604519774011,0,1.0
22,4,7,0,1,2.0,0.0019047619047619048,0.0,0.95955530726257,0.7858726256983241,0.97316312849162,0,0.9869
6,3,7,0,2,2.0,0.0020833333333333333,0.10709635447710752,0.9684011363636364,0.7713215909090909,0.9683693181818182,1,0.3316
14,3,7,0,2,4.0,0.004305705059203444,0.10709635447710752,0.9675180790960451,0.7758463276836158,0.9586621468926554,1,0.8067
22,4,7,0,2,4.0,0.004008016032064128,0.10709635447710752,0.9660954545454546,0.7738732954545454,0.9695846590909092,1,0.3305
6,3,7,0,2,4.0,0.004884004884004884,0.08065972477197647,0.9734926553672316,0.6269056497175142,0.955367231638418,1,0.9193
14,3,7,0,2,1.0,0.0012804097311139564,0.10180555284023285,0.9717162921348316,0.6548410112359551,0.9551494382022472,1,0.4469
22,4,7,0,2,3.0,0.0036900369003690036,0.0,0.9691514450867053,0.6074329479768786,0.9537063583815028,0,0.52
6,3,7,0,2,5.0,0.00563063063063063,0.10709635447710752,0.9558448863636364,0.7807528409090909,0.977555681818182,3,0.4237
14,3,7,0,2,4.0,0.0038095238095238095,0.10709635447710752,0.959408,0.7887599999999999,0.9514285714285714,3,0.5834
22,4,7,0,2,1.0,0.0010504201680672268,0.0,0.9592327485380115,0.7542111111111112,0.97113216374269,0,1.0
6,3,7,0,3,2.0,0.002797202797202797,0.0,0.97625197740113,0.6071683615819209,0.9534841807909604,0,0.6971
14,3,7,0,3,2.0,0.002894356005788712,0.0,0.9750948863636364,0.5983465909090909,0.9623090909090908,0,0.2258
22,4,7,0,3,3.0,0.004310344827586207,0.10709635447710752,0.9761469273743016,0.5908648044692737,0.9510592178770948,1,0.8331
6,3,7,0,3,6.0,0.005714285714285714,0.0,0.9577932203389832,0.7727412429378532,0.9548954802259888,0,1.0
14,3,7,0,3,6.0,0.005714285714285714,0.0,0.9601118644067796,0.7691152542372881,0.9529186440677966,0,1.0
22,4,7,0,3,6.0,0.006276150627615063,0.0,0.9582296511627908,0.8025308139534885,0.9455558139534884,0,1.0
6,3,7,0,3,3.0,0.003575685339690107,0.0,0.970548275862069,0.7340936781609195,0.969635632183908,0,1.0
14,3,7,0,3,4.0,0.004608294930875576,0.0,0.9679265536723164,0.677564406779661,0.9646892655367232,0,0.8448
22,4,7,0,3,7.0,0.007368421052631579,0.0,0.9663485875706216,0.7424570621468926,0.9622666666666668,0,0.6488
6,4,7,0,0,6.0,0.006012024048096192,0.0,0.9714869318181818,0.7811892045454545,0.9603221590909092,0,0.4065
14,4,7,0,0,3.0,0.0031678986272439284,0.0,0.9732103448275864,0.7720936781609196,0.9673367816091952,0,0.75
22,5,7,1,0,4.0,0.0038095238095238095,0.0,0.9726114285714286,0.7704497142857143,0.9543937142857144,0,0.4287
6,4,7,0,0,2.0,0.0032102728731942215,0.0,0.9579948863636364,0.6420017045454546,0.9496204545454544,0,0.6431
14,4,7,0,0,6.0,0.007782101167315175,0.0,0.9595845714285716,0.6536731428571428,0.9767611428571428,0,0.3132
22,5,7,1,0,5.0,0.007032348804500703,0.03836805373430252,0.960858757062147,0.6334305084745763,0.9482943502824858,1,0.4327
6,4,7,0,0,5.0,0.005506607929515419,0.0,0.9711568965517242,0.7715344827586208,0.9542132183908044,0,0.4978
14,4,7,0,0,4.0,0.004136504653567736,0.0,0.9698011363636364,0.75509375,0.9680863636363636,0,0.3965
22,5,7,1,0,4.0,0.004016064257028112,0.013159722089767456,0.9699949438202248,0.7404140449438202,0.9610904494382022,1,0.3793
6,4,7,0,1,3.0,0.0036144578313253013,0.0,0.9694767045454546,0.7222562499999999,0.9522732954545454,0,0.4023
14,4,7,0,1,6.0,0.0070921985815602835,0.0,0.970316384180791,0.7160909604519774,0.958379661016949,0,0.4092
22,5,7,1,1,3.0,0.0035545023696682463,0.08253472298383713,0.9707780898876404,0.6486887640449438,0.9695876404494382,1,0.9175
6,4,7,0,1,5.0,0.007633587786259542,0.0,0.9605514124293784,0.6269536723163842,0.9538604519774012,0,0.369
14,4,7,0,1,3.0,0.004405286343612335,0.0,0.961474431818182,0.6564625000000001,0.9428977272727272,0,0.2699
22,5,7,1,1,4.0,0.006359300476947536,0.02204861119389534,0.9596569832402236,0.6435245810055866,0.9638513966480448,1,0.3433
6,4,7,0,1,4.0,0.0038095238095238095,0.0,0.965764,0.7633297142857142,0.9598091428571428,0,1.0
14,4,7,0,1,6.0,0.005714285714285714,0.0,0.961093220338983,0.7580553672316385,0.9796604519774011,0,0.7853
22,5,7,1,1,4.0,0.003964321110009911,0.016909722238779068,0.95955530726257,0.7858726256983241,0.97316312849162,1,0.3179
6,4,7,0,2,2.0,0.0019047619047619048,0.07506944239139557,0.9684011363636364,0.7713215909090909,0.9683693181818182,1,0.7291
14,4,7,0,2,3.0,0.002857142857142857,0.10709635447710752,0.9675180790960451,0.7758463276836158,0.9586621468926554,1,0.8644
22,5,7,1,2,3.0,0.002857142857142857,0.0,0.9660954545454546,0.7738732954545454,0.9695846590909092,0,1.0
6,4,7,0,2,5.0,0.006297229219143577,0.0,0.9734926553672316,0.6269056497175142,0.955367231638418,0,0.5677
14,4,7,0,2,4.0,0.0058309037900874635,0.0,0.9717162921348316,0.6548410112359551,0.9551494382022472,0,0.8222
22,5,7,1,2,3.0,0.00390625,0.0,0.9691514450867053,0.6074329479768786,0.9537063583815028,0,0.5051
6,4,7,0,2,6.0,0.006593406593406593,0.0,0.9558448863636364,0.7807528409090909,0.977555681818182,0,1.0
14,4,7,0,2,2.0,0.0019047619047619048,0.0,0.959408,0.7887599999999999,0.9514285714285714,0,0.8203
22,5,7,1,2,3.0,0.0029154518950437317,0.0,0.9592327485380115,0.7542111111111112,0.97113216374269,0,0.6635
6,4,7,0,3,3.0,0.004379562043795621,0.10709635447710752,0.97625197740113,0.6071683615819209,0.9534841807909604,1,0.6662
14,4,7,0,3,2.0,0.0025412960609911056,0.10709635447710752,0.9750948863636364,0.5983465909090909,0.9623090909090908,1,0.6408
22,5,7,1,3,4.0,0.00644122383252818,0.0,0.9761469273743016,0.5908648044692737,0.9510592178770948,0,0.4778
6,4,7,0,3,2.0,0.002079002079002079,0.0,0.9577932203389832,0.7727412429378532,0.9548954802259888,0,0.7876
14,4,7,0,3,2.0,0.002109704641350211,0.0,0.9601118644067796,0.7691152542372881,0.9529186440677966,0,1.0
22,5,7,1,3,6.0,0.00663716814159292,0.0,0.9582296511627908,0.8025308139534885,0.9455558139534884,0,1.0
6,4,7,0,3,5.0,0.005165289256198347,0.0,0.970548275862069,0.7340936781609195,0.969635632183908,0,1.0
14,4,7,0,3,4.0,0.0038131553860819827,0.0,0.9679265536723164,0.677564406779661,0.9646892655367232,0,1.0
22,5,7,1,3,1.0,0.0009523809523809524,0.0,0.9663485875706216,0.7424570621468926,0.9622666666666668,0,0.6249
6,5,7,1,0,3.0,0.0031746031746031746,0.0,0.9714869318181818,0.7811892045454545,0.9603221590909092,0,1.0
14,5,7,1,0,5.0,0.004761904761904762,0.0,0.9732103448275864,0.7720936781609196,0.9673367816091952,0,0.4094
22,6,7,1,0,5.0,0.004761904761904762,0.0,0.9726114285714286,0.7704497142857143,0.9543937142857144,0,0.4794
6,5,7,1,0,5.0,0.006570302233902759,0.08343750238418579,0.9579948863636364,0.6420017045454546,0.9496204545454544,1,0.9159
14,5,7,1,0,4.0,0.005031446540880503,0.038680557161569595,0.9595845714285716,0.6536731428571428,0.9767611428571428,1,0.904
22,6,7,1,0,4.0,0.005044136191677175,0.08020833134651184,0.960858757062147,0.6334305084745763,0.9482943502824858,1,0.8985
6,5,7,1,0,5.0,0.006045949214026602,0.011562500149011612,0.9711568965517242,0.7715344827586208,0.9542132183908044,1,0.397
14,5,7,1,0,6.0,0.0069124423963133645,0.013298611156642437,0.9698011363636364,0.75509375,0.9680863636363636,1,0.9867
22,6,7,1,0,1.0,0.0011160714285714285,0.04930555447936058,0.9699949438202248,0.7404140449438202,0.9610904494382022,1,0.2961
6,5,7,1,1,5.0,0.006648936170212766,0.10709635447710752,0.9694767045454546,0.7222562499999999,0.9522732954545454,1,0.8552
14,5,7,1,1,3.0,0.004225352112676056,0.10709635447710752,0.970316384180791,0.7160909604519774,0.958379661016949,1,0.625
22,6,7,1,1,5.0,0.006142506142506142,0.0,0.9707780898876404,0.6486887640449438,0.9695876404494382,0,0.8333
6,5,7,1,1,2.0,0.0028694404591104736,0.01857638917863369,0.9605514124293784,0.6269536723163842,0.9538604519774012,1,0.8
14,5,7,1,1,6.0,0.009523809523809525,0.034062501043081284,0.961474431818182,0.6564625000000001,0.9428977272727272,1,0.5882
22,6,7,1,1,2.0,0.0030534351145038168,0.0,0.9596569832402236,0.6435245810055866,0.9638513966480448,0,0.8006
6,5,7,1,1,2.0,0.0019047619047619048,0.007881944067776203,0.965764,0.7633297142857142,0.9598091428571428,1,0.9413
14,5,7,1,1,3.0,0.003386004514672686,0.016631944105029106,0.961093220338983,0.7580553672316385,0.9796604519774011,1,0.9834
22,6,7,1,1,2.0,0.0022650056625141564,0.10709635447710752,0.95955530726257,0.7858726256983241,0.97316312849162,1,0.5668
6,5,7,1,2,6.0,0.0062827225130890054,0.0,0.9684011363636364,0.7713215909090909,0.9683693181818182,0,1.0
14,5,7,1,2,2.0,0.002028397565922921,0.0,0.9675180790960451,0.7758463276836158,0.9586621468926554,0,0.6279
22,6,7,1,2,3.0,0.0030737704918032786,0.0,0.9660954545454546,0.7738732954545454,0.9695846590909092,0,1.0
6,5,7,1,2,5.0,0.0077279752704791345,0.0,0.9734926553672316,0.6269056497175142,0.955367231638418,0,0.7744
22,6,7,1,2,5.0,0.007042253521126761,0.015208333730697632,0.9691514450867053,0.6074329479768786,0.9537063583815028,1,0.5929
6,5,7,1,2,5.0,0.004761904761904762,0.0,0.9558448863636364,0.7807528409090909,0.977555681818182,0,0.5487
14,5,7,1,2,3.0,0.002890173410404624,0.0,0.959408,0.7887599999999999,0.9514285714285714,0,0.75
22,6,7,1,2,6.0,0.005714285714285714,0.0,0.9592327485380115,0.7542111111111112,0.97113216374269,0,0.834
14,5,7,1,3,1.0,0.0014903129657228018,0.0,0.9750948863636364,0.5983465909090909,0.9623090909090908,0,0.095
22,6,7,1,3,2.0,0.0027247956403269754,0.0,0.9761469273743016,0.5908648044692737,0.9510592178770948,0,0.3754
6,5,7,1,3,2.0,0.002068252326783868,0.0,0.9577932203389832,0.7727412429378532,0.9548954802259888,0,0.5282
14,5,7,1,3,3.0,0.003045685279187817,0.0,0.9601118644067796,0.7691152542372881,0.9529186440677966,0,1.0
22,6,7,1,3,2.0,0.002185792349726776,0.0,0.9582296511627908,0.8025308139534885,0.9455558139534884,0,1.0
6,5,7,1,3,5.0,0.005567928730512249,0.0,0.970548275862069,0.7340936781609195,0.969635632183908,0,0.9747
14,5,7,1,3,2.0,0.002466091245376079,0.0,0.9679265536723164,0.677564406779661,0.9646892655367232,0,0.3678
22,6,7,1,3,7.0,0.008045977011494253,0.0,0.9663485875706216,0.7424570621468926,0.9622666666666668,0,0.3628
6,6,7,1,0,5.0,0.0053533190578158455,0.0,0.9714869318181818,0.7811892045454545,0.9603221590909092,0,0.3546
14,6,7,1,0,2.0,0.00211864406779661,0.0,0.9732103448275864,0.7720936781609196,0.9673367816091952,0,1.0
22,0,8,0,0,3.0,0.002904162633107454,0.03576388955116272,0.9726114285714286,0.7704497142857143,0.9543937142857144,1,0.3554
14,6,7,1,0,6.0,0.008130081300813009,0.10709635447710752,0.9595845714285716,0.6536731428571428,0.9767611428571428,1,0.6594
22,0,8,0,0,5.0,0.00648508430609598,0.0,0.960858757062147,0.6334305084745763,0.9482943502824858,0,0.8037
6,6,7,1,0,2.0,0.0019398642095053346,0.01822916604578495,0.9711568965517242,0.7715344827586208,0.9542132183908044,1,0.9161
14,6,7,1,0,5.0,0.00651890482398957,0.049861110746860504,0.9698011363636364,0.75509375,0.9680863636363636,1,0.2466
6,6,7,1,1,4.0,0.004739336492890996,0.0,0.9694767045454546,0.7222562499999999,0.9522732954545454,0,0.815
14,6,7,1,1,2.0,0.002472187886279357,0.0,0.970316384180791,0.7160909604519774,0.958379661016949,0,1.0
22,0,8,0,1,2.0,0.0023612750885478157,0.05197916552424431,0.9707780898876404,0.6486887640449438,0.9695876404494382,1,0.5929
6,6,7,1,1,5.0,0.0070921985815602835,0.0,0.9605514124293784,0.6269536723163842,0.9538604519774012,0,0.8546
14,6,7,1,1,3.0,0.00473186119873817,0.0,0.961474431818182,0.6564625000000001,0.9428977272727272,0,0.7826
22,0,8,0,1,4.0,0.005063291139240506,0.0,0.9596569832402236,0.6435245810055866,0.9638513966480448,0,0.8849
6,6,7,1,1,2.0,0.0021482277121374865,0.08569444715976715,0.965764,0.7633297142857142,0.9598091428571428,1,0.9143
22,0,8,0,1,5.0,0.004761904761904762,0.04819444566965103,0.95955530726257,0.7858726256983241,0.97316312849162,1,0.9518
6,6,7,1,2,2.0,0.0025252525252525255,0.0,0.9684011363636364,0.7713215909090909,0.9683693181818182,0,0.8102
14,6,7,1,2,4.0,0.004362050163576881,0.0,0.9675180790960451,0.7758463276836158,0.9586621468926554,0,0.3528
22,0,8,0,2,3.0,0.0029354207436399216,0.0,0.9660954545454546,0.7738732954545454,0.9695846590909092,0,1.0
6,6,7,1,2,4.0,0.004878048780487805,0.030451389029622078,0.9734926553672316,0.6269056497175142,0.955367231638418,1,0.1526
14,6,7,1,2,6.0,0.008,0.023229166865348816,0.9717162921348316,0.6548410112359551,0.9551494382022472,1,0.9662
22,0,8,0,2,3.0,0.004054054054054054,0.0,0.9691514450867053,0.6074329479768786,0.9537063583815028,0,1.0
6,6,7,1,2,5.0,0.004761904761904762,0.0,0.9558448863636364,0.7807528409090909,0.977555681818182,0,0.4241
14,6,7,1,2,4.0,0.0038095238095238095,0.0,0.959408,0.7887599999999999,0.9514285714285714,0,0.3296
22,0,8,0,2,7.0,0.006666666666666667,0.0,0.9592327485380115,0.7542111111111112,0.97113216374269,0,0.9085
6,6,7,1,3,6.0,0.009287925696594427,0.0,0.97625197740113,0.6071683615819209,0.9534841807909604,0,0.6763
14,6,7,1,3,6.0,0.009554140127388535,0.0,0.9750948863636364,0.5983465909090909,0.9623090909090908,0,0.6055
22,0,8,0,3,5.0,0.006954102920723227,0.02638888917863369,0.9761469273743016,0.5908648044692737,0.9510592178770948,1,0.259
6,6,7,1,3,4.0,0.0041279669762641896,0.0,0.9577932203389832,0.7727412429378532,0.9548954802259888,0,0.8
14,6,7,1,3,1.0,0.0010672358591248667,0.0,0.9601118644067796,0.7691152542372881,0.9529186440677966,0,0.5
22,0,8,0,3,5.0,0.004780114722753346,0.0,0.9582296511627908,0.8025308139534885,0.9455558139534884,0,0.9163
6,6,7,1,3,3.0,0.002932551319648094,0.0,0.970548275862069,0.7340936781609195,0.969635632183908,0,1.0
14,6,7,1,3,2.0,0.002232142857142857,0.0,0.9679265536723164,0.677564406779661,0.9646892655367232,0,0.9489
22,0,8,0,3,3.0,0.0033482142857142855,0.0,0.9663485875706216,0.7424570621468926,0.9622666666666668,0,0.9084
6,0,8,0,0,5.0,0.004911591355599214,0.0373263880610466,0.9714869318181818,0.7811892045454545,0.9603221590909092,1,0.3332
14,0,8,0,0,3.0,0.003436426116838488,0.03569444268941879,0.9732103448275864,0.7720936781609196,0.9673367816091952,1,0.9643
22,1,8,0,0,2.0,0.0020920502092050207,0.0,0.9726114285714286,0.7704497142857143,0.9543937142857144,0,0.5404
6,0,8,0,0,6.0,0.007832898172323759,0.0,0.9579948863636364,0.6420017045454546,0.9496204545454544,0,0.3024
14,0,8,0,0,4.0,0.00477326968973747,0.0,0.9595845714285716,0.6536731428571428,0.9767611428571428,0,0.4737
22,1,8,0,0,5.0,0.006666666666666667,0.0,0.960858757062147,0.6334305084745763,0.9482943502824858,0,0.2299
6,0,8,0,0,3.0,0.003468208092485549,0.05371527746319771,0.9711568965517242,0.7715344827586208,0.9542132183908044,1,0.6274
14,0,8,0,0,3.0,0.002857142857142857,0.04940972104668617,0.9698011363636364,0.75509375,0.9680863636363636,1,0.9506
22,1,8,0,0,4.0,0.00437636761487965,0.0,0.9699949438202248,0.7404140449438202,0.9610904494382022,0,0.5928
6,0,8,0,1,6.0,0.00823045267489712,0.06902778148651123,0.9694767045454546,0.7222562499999999,0.9522732954545454,1,0.2032
14,0,8,0,1,4.0,0.0042780748663101605,0.06798610836267471,0.970316384180791,0.7160909604519774,0.958379661016949,1,0.932
22,1,8,0,1,3.0,0.004032258064516129,0.0,0.9707780898876404,0.6486887640449438,0.9695876404494382,0,0.6608
6,0,8,0,1,5.0,0.006045949214026602,0.0,0.9605514124293784,0.6269536723163842,0.9538604519774012,0,0.4293
14,0,8,0,1,5.0,0.00725689404934688,0.0,0.961474431818182,0.6564625000000001,0.9428977272727272,0,0.566
22,1,8,0,1,1.0,0.001488095238095238,0.0,0.9596569832402236,0.6435245810055866,0.9638513966480448,0,0.6776
6,0,8,0,1,5.0,0.004761904761904762,0.023368055000901222,0.965764,0.7633297142857142,0.9598091428571428,1,0.7765
14,0,8,0,1,2.0,0.0019047619047619048,0.03107638843357563,0.961093220338983,0.7580553672316385,0.9796604519774011,1,0.9689
22,1,8,0,1,2.0,0.001976284584980237,0.011631944216787815,0.95955530726257,0.7858726256983241,0.97316312849162,1,0.9884
6,0,8,0,2,5.0,0.004761904761904762,0.0,0.9684011363636364,0.7713215909090909,0.9683693181818182,0,1.0
14,0,8,0,2,4.0,0.004410143329658214,0.0,0.9675180790960451,0.7758463276836158,0.9586621468926554,0,0.6516
22,1,8,0,2,6.0,0.007033997655334115,0.0,0.9660954545454546,0.7738732954545454,0.9695846590909092,0,0.7413
6,0,8,0,2,6.0,0.007281553398058253,0.0,0.9734926553672316,0.6269056497175142,0.955367231638418,0,0.8017
14,0,8,0,2,4.0,0.005479452054794521,0.0,0.9717162921348316,0.6548410112359551,0.9551494382022472,0,0.4497
22,1,8,0,2,4.0,0.005657708628005658,0.0,0.9691514450867053,0.6074329479768786,0.9537063583815028,0,0.9405
6,0,8,0,2,3.0,0.002857142857142857,0.0,0.9558448863636364,0.7807528409090909,0.977555681818182,0,1.0
14,0,8,0,2,3.0,0.002857142857142857,0.0,0.959408,0.7887599999999999,0.9514285714285714,0,1.0
22,1,8,0,2,5.0,0.004761904761904762,0.07874999940395355,0.9592327485380115,0.7542111111111112,0.97113216374269,1,0.6315
6,0,8,0,3,6.0,0.007462686567164179,0.05972222238779068,0.97625197740113,0.6071683615819209,0.9534841807909604,1,0.9053
14,0,8,0,3,5.0,0.0071633237822349575,0.06190972402691841,0.9750948863636364,0.5983465909090909,0.9623090909090908,1,0.3229
22,1,8,0,3,4.0,0.0068846815834767644,0.03246527910232544,0.9761469273743016,0.5908648044692737,0.9510592178770948,1,0.5253
6,0,8,0,3,4.0,0.004464285714285714,0.0,0.9577932203389832,0.7727412429378532,0.9548954802259888,0,0.85
14,0,8,0,3,4.0,0.004291845493562232,0.0,0.9601118644067796,0.7691152542372881,0.9529186440677966,0,0.8081
22,1,8,0,3,6.0,0.005802707930367505,0.0,0.9582296511627908,0.8025308139534885,0.9455558139534884,0,1.0
6,0,8,0,3,3.0,0.002857142857142857,0.0,0.970548275862069,0.7340936781609195,0.969635632183908,0,1.0
14,0,8,0,3,6.0,0.006928406466512702,0.0,0.9679265536723164,0.677564406779661,0.9646892655367232,0,0.912
22,1,8,0,3,4.0,0.004489337822671156,0.0,0.9663485875706216,0.7424570621468926,0.9622666666666668,0,0.2531
6,1,8,0,0,3.0,0.002857142857142857,0.0,0.9714869318181818,0.7811892045454545,0.9603221590909092,0,1.0
14,1,8,0,0,4.0,0.004,0.0,0.9732103448275864,0.7720936781609196,0.9673367816091952,0,0.8517
22,2,8,0,0,7.0,0.007454739084132056,0.0,0.9726114285714286,0.7704497142857143,0.9543937142857144,0,1.0
6,1,8,0,0,3.0,0.0035252643948296123,0.0,0.9579948863636364,0.6420017045454546,0.9496204545454544,0,0.3312
14,1,8,0,0,5.0,0.007052186177715092,0.0,0.9595845714285716,0.6536731428571428,0.9767611428571428,0,0.4927
22,2,8,0,0,5.0,0.005494505494505495,0.0,0.960858757062147,0.6334305084745763,0.9482943502824858,0,0.5005
6,1,8,0,0,3.0,0.00331858407079646,0.0,0.9711568965517242,0.7715344827586208,0.9542132183908044,0,0.7496
14,1,8,0,0,5.0,0.004955401387512388,0.0,0.9698011363636364,0.75509375,0.9680863636363636,0,0.5074
22,2,8,0,0,3.0,0.0031678986272439284,0.10709635447710752,0.9699949438202248,0.7404140449438202,0.9610904494382022,1,0.3978
6,1,8,0,1,2.0,0.0026109660574412533,0.0,0.9694767045454546,0.7222562499999999,0.9522732954545454,0,0.3678
14,1,8,0,1,4.0,0.005383580080753701,0.0,0.970316384180791,0.7160909604519774,0.958379661016949,0,0.3587
22,2,8,0,1,5.0,0.007183908045977011,0.0,0.9707780898876404,0.6486887640449438,0.9695876404494382,0,0.8589
6,1,8,0,1,2.0,0.0026109660574412533,0.0,0.9605514124293784,0.6269536723163842,0.9538604519774012,0,0.7466
14,1,8,0,1,6.0,0.007352941176470588,0.0,0.961474431818182,0.6564625000000001,0.9428977272727272,0,0.3567
22,2,8,0,1,2.0,0.0029282576866764276,0.03496527671813965,0.9596569832402236,0.6435245810055866,0.9638513966480448,1,0.2157
6,1,8,0,1,5.0,0.005208333333333333,0.007256944663822651,0.965764,0.7633297142857142,0.9598091428571428,1,0.9927
14,1,8,0,1,4.0,0.004464285714285714,0.017395833507180214,0.961093220338983,0.7580553672316385,0.9796604519774011,1,0.5528
22,2,8,0,1,2.0,0.001932367149758454,0.0,0.95955530726257,0.7858726256983241,0.97316312849162,0,1.0
6,1,8,0,2,2.0,0.0019047619047619048,0.0,0.9684011363636364,0.7713215909090909,0.9683693181818182,0,1.0
14,1,8,0,2,2.0,0.0022172949002217295,0.0,0.9675180790960451,0.7758463276836158,0.9586621468926554,0,0.2618
22,2,8,0,2,2.0,0.0019047619047619048,0.0,0.9660954545454546,0.7738732954545454,0.9695846590909092,0,1.0
6,1,8,0,2,6.0,0.008053691275167786,0.0,0.9734926553672316,0.6269056497175142,0.955367231638418,0,0.6847
14,1,8,0,2,2.0,0.0029498525073746312,0.0,0.9717162921348316,0.6548410112359551,0.9551494382022472,0,0.5866
22,2,8,0,2,4.0,0.004920049200492005,0.0,0.9691514450867053,0.6074329479768786,0.9537063583815028,0,0.3173
6,1,8,0,2,4.0,0.004259850905218318,0.07309027761220932,0.9558448863636364,0.7807528409090909,0.977555681818182,1,0.8072
14,1,8,0,2,3.0,0.002857142857142857,0.08916666358709335,0.959408,0.7887599999999999,0.9514285714285714,1,0.4987
22,2,8,0,2,3.0,0.0029498525073746312,0.0,0.9592327485380115,0.7542111111111112,0.97113216374269,0,1.0
6,1,8,0,3,2.0,0.0023752969121140144,0.07489583641290665,0.97625197740113,0.6071683615819209,0.9534841807909604,1,0.9251
14,1,8,0,3,4.0,0.0064,0.04211805388331413,0.9750948863636364,0.5983465909090909,0.9623090909090908,1,0.3435
22,2,8,0,3,4.0,0.005532503457814661,0.0,0.9761469273743016,0.5908648044692737,0.9510592178770948,0,0.1834
6,1,8,0,3,4.0,0.004219409282700422,0.0,0.9577932203389832,0.7727412429378532,0.9548954802259888,0,0.9865
14,1,8,0,3,3.0,0.003036437246963563,0.0,0.9601118644067796,0.7691152542372881,0.9529186440677966,0,1.0
22,2,8,0,3,3.0,0.0035502958579881655,0.10709635447710752,0.9582296511627908,0.8025308139534885,0.9455558139534884,1,0.6292
6,1,8,0,3,2.0,0.002068252326783868,0.0,0.970548275862069,0.7340936781609195,0.969635632183908,0,0.5
14,1,8,0,3,5.0,0.0057670126874279125,0.0,0.9679265536723164,0.677564406779661,0.9646892655367232,0,0.7541
22,2,8,0,3,3.0,0.004149377593360996,0.0,0.9663485875706216,0.7424570621468926,0.9622666666666668,0,0.5405
6,2,8,0,0,3.0,0.003009027081243731,0.0,0.9714869318181818,0.7811892045454545,0.9603221590909092,0,0.8024
14,2,8,0,0,4.0,0.0038095238095238095,0.0,0.9732103448275864,0.7720936781609196,0.9673367816091952,0,1.0
22,3,8,0,0,4.0,0.0038095238095238095,0.0,0.9726114285714286,0.7704497142857143,0.9543937142857144,0,0.6132
6,2,8,0,0,2.0,0.0024630541871921183,0.0,0.9579948863636364,0.6420017045454546,0.9496204545454544,0,0.6885
14,2,8,0,0,5.0,0.00628140703517588,0.0,0.9595845714285716,0.6536731428571428,0.9767611428571428,0,0.9856
22,3,8,0,0,5.0,0.00684931506849315,0.0,0.960858757062147,0.6334305084745763,0.9482943502824858,0,0.4455
6,2,8,0,0,6.0,0.006458557588805167,0.10709635447710752,0.9711568965517242,0.7715344827586208,0.9542132183908044,1,0.721
14,2,8,0,0,3.0,0.0034924330616996507,0.10709635447710752,0.9698011363636364,0.75509375,0.9680863636363636,1,0.873
22,3,8,0,0,8.0,0.008879023307436182,0.0,0.9699949438202248,0.7404140449438202,0.9610904494382022,0,0.4023
6,2,8,0,1,2.0,0.0025974025974025974,0.0,0.9694767045454546,0.7222562499999999,0.9522732954545454,0,0.4155
14,2,8,0,1,2.0,0.0019065776930409914,0.0,0.970316384180791,0.7160909604519774,0.958379661016949,0,0.927
22,3,8,0,1,3.0,0.004092769440654843,0.0,0.9707780898876404,0.6486887640449438,0.9695876404494382,0,0.2522
6,2,8,0,1,5.0,0.006578947368421052,0.016805555671453476,0.9605514124293784,0.6269536723163842,0.9538604519774012,1,0.2559
14,2,8,0,1,4.0,0.0048367593712212815,0.018680555745959282,0.961474431818182,0.6564625000000001,0.9428977272727272,1,0.9813
22,3,8,0,1,1.0,0.0016260162601626016,0.0,0.9596569832402236,0.6435245810055866,0.9638513966480448,0,0.6154
6,2,8,0,1,6.0,0.006012024048096192,0.0,0.965764,0.7633297142857142,0.9598091428571428,0,1.0
14,2,8,0,1,6.0,0.005970149253731343,0.0,0.961093220338983,0.7580553672316385,0.9796604519774011,0,1.0
22,3,8,0,1,3.0,0.0029940119760479044,0.03687499836087227,0.95955530726257,0.7858726256983241,0.97316312849162,1,0.9631
6,2,8,0,2,3.0,0.00303951367781155,0.0,0.9684011363636364,0.7713215909090909,0.9683693181818182,0,0.9219
14,2,8,0,2,2.0,0.002068252326783868,0.0,0.9675180790960451,0.7758463276836158,0.9586621468926554,0,0.9536
22,3,8,0,2,3.0,0.002857142857142857,0.0,0.9660954545454546,0.7738732954545454,0.9695846590909092,0,0.5695
6,2,8,0,2,3.0,0.003826530612244898,0.0,0.9734926553672316,0.6269056497175142,0.955367231638418,0,0.2714
14,2,8,0,2,3.0,0.004103967168262654,0.0,0.9717162921348316,0.6548410112359551,0.9551494382022472,0,0.9252
22,3,8,0,2,1.0,0.0012376237623762376,0.0,0.9691514450867053,0.6074329479768786,0.9537063583815028,0,1.0
6,2,8,0,2,5.0,0.004955401387512388,0.0,0.9558448863636364,0.7807528409090909,0.977555681818182,0,0.8237
14,2,8,0,2,3.0,0.0028625954198473282,0.0,0.959408,0.7887599999999999,0.9514285714285714,0,1.0
22,3,8,0,2,4.0,0.003972194637537239,0.10709635447710752,0.9592327485380115,0.7542111111111112,0.97113216374269,2,0.8633
6,2,8,0,3,2.0,0.0028653295128939827,0.0,0.97625197740113,0.6071683615819209,0.9534841807909604,0,0.2471
14,2,8,0,3,2.0,0.0027247956403269754,0.0,0.9750948863636364,0.5983465909090909,0.9623090909090908,0,0.8635
22,3,8,0,3,4.0,0.0051813471502590676,0.0,0.9761469273743016,0.5908648044692737,0.9510592178770948,0,0.8404
6,2,8,0,3,2.0,0.0021436227224008574,0.10709635447710752,0.9577932203389832,0.7727412429378532,0.9548954802259888,1,0.552
14,2,8,0,3,3.0,0.002859866539561487,0.10709635447710752,0.9601118644067796,0.7691152542372881,0.9529186440677966,1,0.8704
22,3,8,0,3,5.0,0.00511770726714432,0.0,0.9582296511627908,0.8025308139534885,0.9455558139534884,0,1.0
6,2,8,0,3,6.0,0.005994005994005994,0.0,0.970548275862069,0.7340936781609195,0.969635632183908,0,0.3066
14,2,8,0,3,4.0,0.004119464469618949,0.0,0.9679265536723164,0.677564406779661,0.9646892655367232,0,0.2731
22,3,8,0,3,5.0,0.005543237250554324,0.10709635447710752,0.9663485875706216,0.7424570621468926,0.9622666666666668,1,0.3154
6,3,8,0,0,5.0,0.004995004995004995,0.0,0.9714869318181818,0.7811892045454545,0.9603221590909092,0,1.0
14,3,8,0,0,3.0,0.0032502708559046588,0.0,0.9732103448275864,0.7720936781609196,0.9673367816091952,0,0.3862
22,4,8,0,0,1.0,0.001006036217303823,0.0,0.9726114285714286,0.7704497142857143,0.9543937142857144,0,0.5
6,3,8,0,0,3.0,0.0036144578313253013,0.0,0.9579948863636364,0.6420017045454546,0.9496204545454544,0,1.0
14,3,8,0,0,2.0,0.0022988505747126436,0.0,0.9595845714285716,0.6536731428571428,0.9767611428571428,0,0.4912
22,4,8,0,0,4.0,0.004489337822671156,0.10709635447710752,0.960858757062147,0.6334305084745763,0.9482943502824858,2,0.8664
6,3,8,0,0,4.0,0.004201680672268907,0.0,0.9711568965517242,0.7715344827586208,0.9542132183908044,0,0.8056
14,3,8,0,0,6.0,0.006430868167202572,0.0,0.9698011363636364,0.75509375,0.9680863636363636,0,0.4454
22,4,8,0,0,4.0,0.004153686396677051,0.0,0.9699949438202248,0.7404140449438202,0.9610904494382022,0,0.2949
6,3,8,0,1,3.0,0.004137931034482759,0.0,0.9694767045454546,0.7222562499999999,0.9522732954545454,0,0.9664
14,3,8,0,1,5.0,0.0070028011204481795,0.0,0.970316384180791,0.7160909604519774,0.958379661016949,0,0.2273
22,4,8,0,1,6.0,0.007731958762886598,0.10709635447710752,0.9707780898876404,0.6486887640449438,0.9695876404494382,1,0.8155
6,3,8,0,1,4.0,0.0056657223796034,0.0,0.9605514124293784,0.6269536723163842,0.9538604519774012,0,0.9737
14,3,8,0,1,2.0,0.002688172043010753,0.0,0.961474431818182,0.6564625000000001,0.9428977272727272,0,0.2694
22,4,8,0,1,8.0,0.0111731843575419,0.0,0.9596569832402236,0.6435245810055866,0.9638513966480448,0,0.27
6,3,8,0,1,5.0,0.005820721769499418,0.07798611372709274,0.965764,0.7633297142857142,0.9598091428571428,1,0.8292
14,3,8,0,1,2.0,0.002008032128514056,0.06885416805744171,0.961093220338983,0.7580553672316385,0.9796604519774011,1,0.5474
22,4,8,0,1,3.0,0.0028846153846153848,0.0,0.95955530726257,0.7858726256983241,0.97316312849162,0,0.7648
6,3,8,0,2,4.0,0.004530011325028313,0.0,0.9684011363636364,0.7713215909090909,0.9683693181818182,0,0.7128
14,3,8,0,2,6.0,0.0064516129032258064,0.0,0.9675180790960451,0.7758463276836158,0.9586621468926554,0,0.753
22,4,8,0,2,6.0,0.007380073800738007,0.0,0.9660954545454546,0.7738732954545454,0.9695846590909092,0,0.5189
6,3,8,0,2,5.0,0.005649717514124294,0.0,0.9734926553672316,0.6269056497175142,0.955367231638418,0,0.3896
14,3,8,0,2,2.0,0.0026595744680851063,0.0,0.9717162921348316,0.6548410112359551,0.9551494382022472,0,0.5747
22,4,8,0,2,4.0,0.0061068702290076335,0.0,0.9691514450867053,0.6074329479768786,0.9537063583815028,0,0.408
6,3,8,0,2,4.0,0.004259850905218318,0.10709635447710752,0.9558448863636364,0.7807528409090909,0.977555681818182,2,0.8575
14,3,8,0,2,3.0,0.002944062806673209,0.10709635447710752,0.959408,0.7887599999999999,0.9514285714285714,2,0.5386
22,4,8,0,2,5.0,0.004761904761904762,0.0,0.9592327485380115,0.7542111111111112,0.97113216374269,0,0.5819
6,3,8,0,3,5.0,0.006954102920723227,0.0,0.97625197740113,0.6071683615819209,0.9534841807909604,0,0.3488
14,3,8,0,3,6.0,0.007802340702210663,0.0,0.9750948863636364,0.5983465909090909,0.9623090909090908,0,0.2878
22,4,8,0,3,3.0,0.0038022813688212928,0.0,0.9761469273743016,0.5908648044692737,0.9510592178770948,0,0.3626
6,3,8,0,3,6.0,0.0057251908396946565,0.0,0.9577932203389832,0.7727412429378532,0.9548954802259888,0,0.7376
14,3,8,0,3,2.0,0.0019083969465648854,0.0,0.9601118644067796,0.7691152542372881,0.9529186440677966,0,0.6667
22,4,8,0,3,3.0,0.0029154518950437317,0.0,0.9582296511627908,0.8025308139534885,0.9455558139534884,0,0.3123
6,3,8,0,3,4.0,0.004250797024442083,0.10709635447710752,0.970548275862069,0.7340936781609195,0.969635632183908,1,0.5654
14,3,8,0,3,3.0,0.003424657534246575,0.07597222179174423,0.9679265536723164,0.677564406779661,0.9646892655367232,1,0.2033
22,4,8,0,3,2.0,0.002296211251435132,0.0,0.9663485875706216,0.7424570621468926,0.9622666666666668,0,0.6502
6,4,8,0,0,2.0,0.002136752136752137,0.0,0.9714869318181818,0.7811892045454545,0.9603221590909092,0,0.5558
14,4,8,0,0,2.0,0.0019047619047619048,0.0,0.9732103448275864,0.7720936781609196,0.9673367816091952,0,1.0
22,5,8,1,0,7.0,0.006666666666666667,0.0,0.9726114285714286,0.7704497142857143,0.9543937142857144,0,0.3959
6,4,8,0,0,2.0,0.0023014959723820483,0.10709635447710752,0.9579948863636364,0.6420017045454546,0.9496204545454544,2,0.811
14,4,8,0,0,3.0,0.004285714285714286,0.10709635447710752,0.9595845714285716,0.6536731428571428,0.9767611428571428,2,0.7831
22,5,8,1,0,3.0,0.004524886877828055,0.0,0.960858757062147,0.6334305084745763,0.9482943502824858,0,0.6798
6,4,8,0,0,4.0,0.004333694474539545,0.0,0.9711568965517242,0.7715344827586208,0.9542132183908044,0,1.0
14,4,8,0,0,5.0,0.00496031746031746,0.0,0.9698011363636364,0.75509375,0.9680863636363636,0,0.8333
22,5,8,1,0,2.0,0.0019723865877712033,0.09899305552244186,0.9699949438202248,0.7404140449438202,0.9610904494382022,2,0.6007
6,4,8,0,1,3.0,0.00390625,0.10709635447710752,0.9694767045454546,0.7222562499999999,0.9522732954545454,1,0.3002
14,4,8,0,1,5.0,0.005841121495327103,0.10709635447710752,0.970316384180791,0.7160909604519774,0.958379661016949,1,0.3281
22,5,8,1,1,5.0,0.006082725060827251,0.0,0.9707780898876404,0.6486887640449438,0.9695876404494382,0,1.0
6,4,8,0,1,4.0,0.006144393241167435,0.0,0.9605514124293784,0.6269536723163842,0.9538604519774012,0,0.6345
14,4,8,0,1,5.0,0.0066050198150594455,0.0,0.961474431818182,0.6564625000000001,0.9428977272727272,0,0.8616
22,5,8,1,1,5.0,0.006305170239596469,0.10709635447710752,0.9596569832402236,0.6435245810055866,0.9638513966480448,1,0.8263
6,4,8,0,1,6.0,0.005982053838484547,0.0,0.965764,0.7633297142857142,0.9598091428571428,0,0.5384
14,4,8,0,1,3.0,0.0033407572383073497,0.0,0.961093220338983,0.7580553672316385,0.9796604519774011,0,0.75
22,5,8,1,1,4.0,0.004352557127312296,0.09996527433395386,0.95955530726257,0.7858726256983241,0.97316312849162,1,0.9
6,4,8,0,2,5.0,0.005050505050505051,0.0,0.9684011363636364,0.7713215909090909,0.9683693181818182,0,0.7829
14,4,8,0,2,4.0,0.004694835680751174,0.0,0.9675180790960451,0.7758463276836158,0.9586621468926554,0,0.4186
22,5,8,1,2,3.0,0.002857142857142857,0.025798611342906952,0.9660954545454546,0.7738732954545454,0.9695846590909092,1,0.9042
6,4,8,0,2,6.0,0.00851063829787234,0.0,0.9734926553672316,0.6269056497175142,0.955367231638418,0,0.7997
14,4,8,0,2,5.0,0.007530120481927711,0.0,0.9717162921348316,0.6548410112359551,0.9551494382022472,0,0.4486
22,5,8,1,2,2.0,0.002751031636863824,0.015416666865348816,0.9691514450867053,0.6074329479768786,0.9537063583815028,1,0.8857
6,4,8,0,2,2.0,0.0019047619047619048,0.0,0.9558448863636364,0.7807528409090909,0.977555681818182,0,0.5141
14,4,8,0,2,5.0,0.00484027105517909,0.0,0.959408,0.7887599999999999,0.9514285714285714,0,0.353
22,5,8,1,2,4.0,0.0038095238095238095,0.0,0.9592327485380115,0.7542111111111112,0.97113216374269,0,0.3981
6,4,8,0,3,2.0,0.00267379679144385,0.0,0.97625197740113,0.6071683615819209,0.9534841807909604,0,0.4187
14,4,8,0,3,3.0,0.005319148936170213,0.0,0.9750948863636364,0.5983465909090909,0.9623090909090908,0,0.4342
22,5,8,1,3,4.0,0.005095541401273885,0.0,0.9761469273743016,0.5908648044692737,0.9510592178770948,0,0.5097
6,4,8,0,3,3.0,0.0029154518950437317,0.0,0.9577932203389832,0.7727412429378532,0.9548954802259888,0,0.7046
14,4,8,0,3,1.0,0.0011655011655011655,0.0,0.9601118644067796,0.7691152542372881,0.9529186440677966,0,0.4553
22,5,8,1,3,5.0,0.005060728744939271,0.0,0.9582296511627908,0.8025308139534885,0.9455558139534884,0,0.4329
6,4,8,0,3,2.0,0.002061855670103093,0.0,0.970548275862069,0.7340936781609195,0.969635632183908,0,0.9784
14,4,8,0,3,1.0,0.0011961722488038277,0.0,0.9679265536723164,0.677564406779661,0.9646892655367232,0,0.2312
22,5,8,1,3,4.0,0.0038095238095238095,0.0,0.9663485875706216,0.7424570621468926,0.9622666666666668,0,0.9322
6,5,8,1,0,4.0,0.004214963119072708,0.0,0.9714869318181818,0.7811892045454545,0.9603221590909092,0,0.3908
14,5,8,1,0,5.0,0.004784688995215311,0.0,0.9732103448275864,0.7720936781609196,0.9673367816091952,0,0.586
22,6,8,1,0,3.0,0.002857142857142857,0.062013890594244,0.9726114285714286,0.7704497142857143,0.9543937142857144,1,0.312
6,5,8,1,0,3.0,0.00423728813559322,0.0,0.9579948863636364,0.6420017045454546,0.9496204545454544,0,0.5467
14,5,8,1,0,5.0,0.0074962518740629685,0.0,0.9595845714285716,0.6536731428571428,0.9767611428571428,0,0.7925
22,6,8,1,0,5.0,0.006535947712418301,0.0,0.960858757062147,0.6334305084745763,0.9482943502824858,0,0.7669
6,5,8,1,0,5.0,0.005952380952380952,0.08663194626569748,0.9711568965517242,0.7715344827586208,0.9542132183908044,2,0.1959
14,5,8,1,0,5.0,0.00563063063063063,0.1046527773141861,0.9698011363636364,0.75509375,0.9680863636363636,2,0.3052
22,6,8,1,0,4.0,0.004608294930875576,0.0,0.9699949438202248,0.7404140449438202,0.9610904494382022,0,0.2611
6,5,8,1,1,4.0,0.003925417075564278,0.0,0.9694767045454546,0.7222562499999999,0.9522732954545454,0,0.6355
14,5,8,1,1,5.0,0.0059382422802850355,0.0,0.970316384180791,0.7160909604519774,0.958379661016949,0,1.0
22,6,8,1,1,4.0,0.0044943820224719105,0.06041666492819786,0.9707780898876404,0.6486887640449438,0.9695876404494382,1,0.2889
6,5,8,1,1,5.0,0.00646830530401035,0.10709635447710752,0.9605514124293784,0.6269536723163842,0.9538604519774012,1,0.7056
14,5,8,1,1,4.0,0.005242463958060288,0.10709635447710752,0.961474431818182,0.6564625000000001,0.9428977272727272,1,0.3227
22,6,8,1,1,4.0,0.005412719891745603,0.10709635447710752,0.9596569832402236,0.6435245810055866,0.9638513966480448,1,0.3636
6,5,8,1,1,2.0,0.0020898641588296763,0.10709635447710752,0.965764,0.7633297142857142,0.9598091428571428,1,0.8911
14,5,8,1,1,4.0,0.003968253968253968,0.10709635447710752,0.961093220338983,0.7580553672316385,0.9796604519774011,1,0.8436
22,6,8,1,1,2.0,0.0022624434389140274,0.0,0.95955530726257,0.7858726256983241,0.97316312849162,0,1.0
6,5,8,1,2,5.0,0.004878048780487805,0.013749999925494194,0.9684011363636364,0.7713215909090909,0.9683693181818182,1,0.4836
14,5,8,1,2,3.0,0.0033975084937712344,0.01857638917863369,0.9675180790960451,0.7758463276836158,0.9586621468926554,1,0.7484
22,6,8,1,2,4.0,0.003996003996003996,0.031736109405756,0.9660954545454546,0.7738732954545454,0.9695846590909092,1,0.9354
6,5,8,1,2,5.0,0.006435006435006435,0.013854166492819786,0.9734926553672316,0.6269056497175142,0.955367231638418,1,0.502
14,5,8,1,2,5.0,0.007633587786259542,0.03281249850988388,0.9717162921348316,0.6548410112359551,0.9551494382022472,1,0.6241
22,6,8,1,2,4.0,0.005249343832020997,0.0,0.9691514450867053,0.6074329479768786,0.9537063583815028,0,0.2418
6,5,8,1,2,4.0,0.0038095238095238095,0.0,0.9558448863636364,0.7807528409090909,0.977555681818182,0,1.0
14,5,8,1,2,5.0,0.004761904761904762,0.0,0.959408,0.7887599999999999,0.9514285714285714,0,0.5702
22,6,8,1,2,3.0,0.0031914893617021275,0.10709635447710752,0.9592327485380115,0.7542111111111112,0.97113216374269,2,0.5092
6,5,8,1,3,2.0,0.0035971223021582736,0.0,0.97625197740113,0.6071683615819209,0.9534841807909604,0,0.5462
14,5,8,1,3,2.0,0.003067484662576687,0.0,0.9750948863636364,0.5983465909090909,0.9623090909090908,0,0.4503
22,6,8,1,3,5.0,0.008077544426494346,0.0,0.9761469273743016,0.5908648044692737,0.9510592178770948,0,0.3202
6,5,8,1,3,3.0,0.0031545741324921135,0.0,0.9577932203389832,0.7727412429378532,0.9548954802259888,0,1.0
22,6,8,1,3,3.0,0.003260869565217391,0.10709635447710752,0.9582296511627908,0.8025308139534885,0.9455558139534884,2,0.4443
6,5,8,1,3,5.0,0.005035246727089627,0.0,0.970548275862069,0.7340936781609195,0.969635632183908,0,0.6727
14,5,8,1,3,2.0,0.0024783147459727386,0.0,0.9679265536723164,0.677564406779661,0.9646892655367232,0,0.4991
22,6,8,1,3,5.0,0.005506607929515419,0.10709635447710752,0.9663485875706216,0.7424570621468926,0.9622666666666668,2,0.4565
6,6,8,1,0,3.0,0.0029791459781529296,0.026493055745959282,0.9714869318181818,0.7811892045454545,0.9603221590909092,1,0.9301
14,6,8,1,0,2.0,0.0019047619047619048,0.06270833313465118,0.9732103448275864,0.7720936781609196,0.9673367816091952,1,0.9373
22,0,9,0,0,3.0,0.003089598352214212,0.0,0.9726114285714286,0.7704497142857143,0.9543937142857144,0,0.2911
6,6,8,1,0,3.0,0.0056179775280898875,0.0,0.9579948863636364,0.6420017045454546,0.9496204545454544,0,0.2073
14,6,8,1,0,2.0,0.003236245954692557,0.0,0.9595845714285716,0.6536731428571428,0.9767611428571428,0,0.6435
22,0,9,0,0,5.0,0.006369426751592357,0.01996527798473835,0.960858757062147,0.6334305084745763,0.9482943502824858,1,0.3644
6,6,8,1,0,4.0,0.005037783375314861,0.0,0.9711568965517242,0.7715344827586208,0.9542132183908044,0,0.4144
14,6,8,1,0,6.0,0.005802707930367505,0.0,0.9698011363636364,0.75509375,0.9680863636363636,0,0.7626
22,0,9,0,0,4.0,0.004509582863585118,0.0,0.9699949438202248,0.7404140449438202,0.9610904494382022,0,0.7884
6,6,8,1,1,2.0,0.0023391812865497076,0.0329861119389534,0.9694767045454546,0.7222562499999999,0.9522732954545454,1,0.967
22,0,9,0,1,4.0,0.005412719891745603,0.0,0.9707780898876404,0.6486887640449438,0.9695876404494382,0,0.2694
6,6,8,1,1,3.0,0.003865979381443299,0.10709635447710752,0.9605514124293784,0.6269536723163842,0.9538604519774012,1,0.3468
14,6,8,1,1,2.0,0.0035026269702276708,0.10709635447710752,0.961474431818182,0.6564625000000001,0.9428977272727272,1,0.7861
22,0,9,0,1,4.0,0.0061162079510703364,0.0,0.9596569832402236,0.6435245810055866,0.9638513966480448,0,0.8293
6,6,8,1,1,2.0,0.0022650056625141564,0.0,0.965764,0.7633297142857142,0.9598091428571428,0,0.5638
14,6,8,1,1,6.0,0.006060606060606061,0.0,0.961093220338983,0.7580553672316385,0.9796604519774011,0,0.7477
22,0,9,0,1,4.0,0.004223864836325237,0.0,0.95955530726257,0.7858726256983241,0.97316312849162,0,0.6672
6,6,8,1,2,6.0,0.005714285714285714,0.05718750134110451,0.9684011363636364,0.7713215909090909,0.9683693181818182,1,0.6074
22,0,9,0,2,3.0,0.002857142857142857,0.0,0.9660954545454546,0.7738732954545454,0.9695846590909092,0,1.0
6,6,8,1,2,5.0,0.006729475100942127,0.0,0.9734926553672316,0.6269056497175142,0.955367231638418,0,0.9066
14,6,8,1,2,6.0,0.008595988538681949,0.0,0.9717162921348316,0.6548410112359551,0.9551494382022472,0,0.509
22,0,9,0,2,5.0,0.006720430107526882,0.0,0.9691514450867053,0.6074329479768786,0.9537063583815028,0,0.3787
6,6,8,1,2,3.0,0.002857142857142857,0.10709635447710752,0.9558448863636364,0.7807528409090909,0.977555681818182,2,0.7361
14,6,8,1,2,4.0,0.0038684719535783366,0.10618055611848831,0.959408,0.7887599999999999,0.9514285714285714,2,0.8938
22,0,9,0,2,5.0,0.005567928730512249,0.0,0.9592327485380115,0.7542111111111112,0.97113216374269,0,0.3053
6,6,8,1,3,3.0,0.004178272980501393,0.0,0.97625197740113,0.6071683615819209,0.9534841807909604,0,0.8576
14,6,8,1,3,3.0,0.0041265474552957355,0.0,0.9750948863636364,0.5983465909090909,0.9623090909090908,0,0.9411
22,0,9,0,3,6.0,0.011131725417439703,0.0,0.9761469273743016,0.5908648044692737,0.9510592178770948,0,0.7363
14,6,8,1,3,5.0,0.004945598417408506,0.10709635447710752,0.9601118644067796,0.7691152542372881,0.9529186440677966,2,0.6257
22,0,9,0,3,5.0,0.0053475935828877,0.10709635447710752,0.9582296511627908,0.8025308139534885,0.9455558139534884,2,0.6873
22,0,9,0,3,5.0,0.005945303210463734,0.0,0.9663485875706216,0.7424570621468926,0.9622666666666668,0,1.0
6,0,9,0,0,4.0,0.0038095238095238095,0.0,0.9714869318181818,0.7811892045454545,0.9603221590909092,0,1.0
14,0,9,0,0,2.0,0.00196078431372549,0.0,0.9732103448275864,0.7720936781609196,0.9673367816091952,0,1.0
22,1,9,0,0,3.0,0.002857142857142857,0.08954861015081406,0.9726114285714286,0.7704497142857143,0.9543937142857144,2,0.9105
6,0,9,0,0,5.0,0.005875440658049354,0.0355902761220932,0.9579948863636364,0.6420017045454546,0.9496204545454544,1,0.308
14,0,9,0,0,5.0,0.005707762557077625,0.02458333410322666,0.9595845714285716,0.6536731428571428,0.9767611428571428,1,0.2546
22,1,9,0,0,3.0,0.004457652303120356,0.0,0.960858757062147,0.6334305084745763,0.9482943502824858,0,0.2033
6,0,9,0,0,2.0,0.0019474196689386564,0.0,0.9711568965517242,0.7715344827586208,0.9542132183908044,0,1.0
14,0,9,0,0,5.0,0.0049261083743842365,0.0,0.9698011363636364,0.75509375,0.9680863636363636,0,0.4546
22,1,9,0,0,2.0,0.0027397260273972603,0.0,0.9699949438202248,0.7404140449438202,0.9610904494382022,0,0.5739
6,0,9,0,1,6.0,0.006600660066006601,0.0,0.9694767045454546,0.7222562499999999,0.9522732954545454,0,1.0
14,0,9,0,1,2.0,0.002188183807439825,0.0,0.970316384180791,0.7160909604519774,0.958379661016949,0,0.7674
22,1,9,0,1,3.0,0.00390625,0.07270833104848862,0.9707780898876404,0.6486887640449438,0.9695876404494382,1,0.2306
6,0,9,0,1,3.0,0.005226480836236934,0.0,0.9605514124293784,0.6269536723163842,0.9538604519774012,0,0.2922
14,0,9,0,1,2.0,0.0029411764705882353,0.0,0.961474431818182,0.6564625000000001,0.9428977272727272,0,0.1434
22,1,9,0,1,2.0,0.0034542314335060447,0.10709635447710752,0.9596569832402236,0.6435245810055866,0.9638513966480448,2,0.2469
6,0,9,0,1,2.0,0.0022172949002217295,0.0,0.965764,0.7633297142857142,0.9598091428571428,0,0.2825
14,0,9,0,1,5.0,0.004761904761904762,0.0,0.961093220338983,0.7580553672316385,0.9796604519774011,0,1.0
22,1,9,0,1,3.0,0.002973240832507433,0.0,0.95955530726257,0.7858726256983241,0.97316312849162,0,0.7939
6,0,9,0,2,3.0,0.0031088082901554403,0.0,0.9684011363636364,0.7713215909090909,0.9683693181818182,0,0.75
14,0,9,0,2,5.0,0.005149330587023687,0.0,0.9675180790960451,0.7758463276836158,0.9586621468926554,0,0.776
22,1,9,0,2,1.0,0.000968054211035818,0.0,0.9660954545454546,0.7738732954545454,0.9695846590909092,0,0.6051
6,0,9,0,2,5.0,0.006657789613848202,0.0,0.9734926553672316,0.6269056497175142,0.955367231638418,0,1.0
14,0,9,0,2,4.0,0.004956629491945477,0.0,0.9717162921348316,0.6548410112359551,0.9551494382022472,0,1.0
22,1,9,0,2,2.0,0.0033112582781456954,0.0,0.9691514450867053,0.6074329479768786,0.9537063583815028,0,0.6411
6,0,9,0,2,6.0,0.007894736842105263,0.0,0.9558448863636364,0.7807528409090909,0.977555681818182,0,0.3892
14,0,9,0,2,2.0,0.0019230769230769232,0.0,0.959408,0.7887599999999999,0.9514285714285714,0,0.8002
22,1,9,0,2,2.0,0.0023014959723820483,0.0,0.9592327485380115,0.7542111111111112,0.97113216374269,0,0.5112
6,0,9,0,3,2.0,0.0029542097488921715,0.0,0.97625197740113,0.6071683615819209,0.9534841807909604,0,0.5223
14,0,9,0,3,3.0,0.004347826086956522,0.0,0.9750948863636364,0.5983465909090909,0.9623090909090908,0,0.8309
22,1,9,0,3,4.0,0.0061162079510703364,0.0,0.9761469273743016,0.5908648044692737,0.9510592178770948,0,0.7687
6,0,9,0,3,6.0,0.006756756756756757,0.10709635447710752,0.9577932203389832,0.7727412429378532,0.9548954802259888,2,0.8476
14,0,9,0,3,5.0,0.006297229219143577,0.10709635447710752,0.9601118644067796,0.7691152542372881,0.9529186440677966,2,0.6814
22,1,9,0,3,5.0,0.0048828125,0.07781250029802322,0.9582296511627908,0.8025308139534885,0.9455558139534884,1,0.6691
6,0,9,0,3,3.0,0.0028735632183908046,0.0,0.970548275862069,0.7340936781609195,0.969635632183908,0,1.0
14,0,9,0,3,4.0,0.00423728813559322,0.0,0.9679265536723164,0.677564406779661,0.9646892655367232,0,0.7818
22,1,9,0,3,5.0,0.005506607929515419,0.10709635447710752,0.9663485875706216,0.7424570621468926,0.9622666666666668,2,0.6753
6,1,9,0,0,3.0,0.002982107355864811,0.10709635447710752,0.9714869318181818,0.7811892045454545,0.9603221590909092,2,0.7359
14,1,9,0,0,2.0,0.0022701475595913734,0.10709635447710752,0.9732103448275864,0.7720936781609196,0.9673367816091952,2,0.5265
22,2,9,0,0,0.0,0.0,0.0,0.9726114285714286,0.7704497142857143,0.9543937142857144,0,0.9903
6,1,9,0,0,5.0,0.006775067750677507,0.0,0.9579948863636364,0.6420017045454546,0.9496204545454544,0,0.4439
14,1,9,0,0,3.0,0.0037128712871287127,0.0,0.9595845714285716,0.6536731428571428,0.9767611428571428,0,0.2289
22,2,9,0,0,4.0,0.0053404539385847796,0.08937499672174454,0.960858757062147,0.6334305084745763,0.9482943502824858,1,0.4736
6,1,9,0,0,4.0,0.004036326942482341,0.0,0.9711568965517242,0.7715344827586208,0.9542132183908044,0,0.6056
14,1,9,0,0,2.0,0.001932367149758454,0.0,0.9698011363636364,0.75509375,0.9680863636363636,0,0.5056
22,2,9,0,0,4.0,0.004449388209121246,0.0,0.9699949438202248,0.7404140449438202,0.9610904494382022,0,0.6309
6,1,9,0,1,6.0,0.006880733944954129,0.0785069465637207,0.9694767045454546,0.7222562499999999,0.9522732954545454,1,0.4042
14,1,9,0,1,2.0,0.0022002200220022,0.05062500014901161,0.970316384180791,0.7160909604519774,0.958379661016949,1,0.2876
22,2,9,0,1,5.0,0.00641025641025641,0.0,0.9707780898876404,0.6486887640449438,0.9695876404494382,0,0.4926
6,1,9,0,1,5.0,0.007342143906020558,0.10709635447710752,0.9605514124293784,0.6269536723163842,0.9538604519774012,2,0.7742
14,1,9,0,1,5.0,0.005875440658049354,0.10709635447710752,0.961474431818182,0.6564625000000001,0.9428977272727272,2,0.6776
22,2,9,0,1,2.0,0.002621231979030144,0.0,0.9596569832402236,0.6435245810055866,0.9638513966480448,0,0.5442
6,1,9,0,1,6.0,0.005714285714285714,0.0,0.965764,0.7633297142857142,0.9598091428571428,0,1.0
14,1,9,0,1,5.0,0.004761904761904762,0.0,0.961093220338983,0.7580553672316385,0.9796604519774011,0,0.5057
22,2,9,0,1,2.0,0.001998001998001998,0.10709635447710752,0.95955530726257,0.7858726256983241,0.97316312849162,1,0.431
6,1,9,0,2,6.0,0.005714285714285714,0.0,0.9684011363636364,0.7713215909090909,0.9683693181818182,0,1.0
14,1,9,0,2,2.0,0.002066115702479339,0.0,0.9675180790960451,0.7758463276836158,0.9586621468926554,0,0.8964
22,2,9,0,2,4.0,0.004314994606256742,0.0,0.9660954545454546,0.7738732954545454,0.9695846590909092,0,0.8826
6,1,9,0,2,5.0,0.006666666666666667,0.0,0.9734926553672316,0.6269056497175142,0.955367231638418,0,0.5015
14,1,9,0,2,5.0,0.006402048655569782,0.0,0.9717162921348316,0.6548410112359551,0.9551494382022472,0,0.3787
22,2,9,0,2,4.0,0.005502063273727648,0.0,0.9691514450867053,0.6074329479768786,0.9537063583815028,0,0.3605
6,1,9,0,2,5.0,0.005065856129685917,0.0,0.9558448863636364,0.7807528409090909,0.977555681818182,0,1.0
14,1,9,0,2,4.0,0.004250797024442083,0.0,0.959408,0.7887599999999999,0.9514285714285714,0,0.844
22,2,9,0,2,0.0,0.0,0.06503472477197647,0.9592327485380115,0.7542111111111112,0.97113216374269,1,0.749
6,1,9,0,3,2.0,0.002728512960436562,0.0,0.97625197740113,0.6071683615819209,0.9534841807909604,0,0.2744
14,1,9,0,3,3.0,0.004132231404958678,0.0,0.9750948863636364,0.5983465909090909,0.9623090909090908,0,0.5838
22,2,9,0,3,3.0,0.006036217303822937,0.0,0.9761469273743016,0.5908648044692737,0.9510592178770948,0,0.3232
6,1,9,0,3,3.0,0.003260869565217391,0.09527777880430222,0.9577932203389832,0.7727412429378532,0.9548954802259888,1,0.6785
14,1,9,0,3,2.0,0.0019047619047619048,0.05378472059965134,0.9601118644067796,0.7691152542372881,0.9529186440677966,1,0.7875
22,2,9,0,3,1.0,0.0009523809523809524,0.0,0.9582296511627908,0.8025308139534885,0.9455558139534884,0,0.5
6,1,9,0,3,4.0,0.004640371229698376,0.10709635447710752,0.970548275862069,0.7340936781609195,0.969635632183908,2,0.7482
14,1,9,0,3,3.0,0.0029644268774703555,0.10709635447710752,0.9679265536723164,0.677564406779661,0.9646892655367232,2,0.808
22,2,9,0,3,5.0,0.00576036866359447,0.0,0.9663485875706216,0.7424570621468926,0.9622666666666668,0,0.9569
6,2,9,0,0,4.0,0.0038095238095238095,0.0,0.9714869318181818,0.7811892045454545,0.9603221590909092,0,1.0
14,2,9,0,0,2.0,0.002026342451874367,0.0,0.9732103448275864,0.7720936781609196,0.9673367816091952,0,0.5706
22,3,9,0,0,3.0,0.002857142857142857,0.0,0.9726114285714286,0.7704497142857143,0.9543937142857144,0,1.0
6,2,9,0,0,4.0,0.005277044854881266,0.10709635447710752,0.9579948863636364,0.6420017045454546,0.9496204545454544,1,0.8148
14,2,9,0,0,5.0,0.006944444444444444,0.08107639104127884,0.9595845714285716,0.6536731428571428,0.9767611428571428,1,0.5044
22,3,9,0,0,4.0,0.005121638924455826,0.10709635447710752,0.960858757062147,0.6334305084745763,0.9482943502824858,1,0.7705
6,2,9,0,0,5.0,0.005387931034482759,0.0,0.9711568965517242,0.7715344827586208,0.9542132183908044,0,1.0
14,2,9,0,0,3.0,0.002857142857142857,0.0,0.9698011363636364,0.75509375,0.9680863636363636,0,0.7674
22,3,9,0,0,8.0,0.007782101167315175,0.0,0.9699949438202248,0.7404140449438202,0.9610904494382022,0,1.0
6,2,9,0,1,6.0,0.007272727272727273,0.0,0.9694767045454546,0.7222562499999999,0.9522732954545454,0,0.9081
14,2,9,0,1,3.0,0.0031847133757961785,0.0,0.970316384180791,0.7160909604519774,0.958379661016949,0,0.4975
22,3,9,0,1,4.0,0.004291845493562232,0.0,0.9707780898876404,0.6486887640449438,0.9695876404494382,0,0.3725
6,2,9,0,1,1.0,0.001692047377326565,0.0,0.9605514124293784,0.6269536723163842,0.9538604519774012,0,0.1771
14,2,9,0,1,4.0,0.005263157894736842,0.0,0.961474431818182,0.6564625000000001,0.9428977272727272,0,0.9885
22,3,9,0,1,4.0,0.005361930294906166,0.0,0.9596569832402236,0.6435245810055866,0.9638513966480448,0,0.2401
6,2,9,0,1,5.0,0.00580046403712297,0.10709635447710752,0.965764,0.7633297142857142,0.9598091428571428,1,0.6405
14,2,9,0,1,4.0,0.003872216844143272,0.10709635447710752,0.961093220338983,0.7580553672316385,0.9796604519774011,1,0.8328
22,3,9,0,1,4.0,0.004728132387706856,0.10709635447710752,0.95955530726257,0.7858726256983241,0.97316312849162,1,0.2899
6,2,9,0,2,4.0,0.004739336492890996,0.0,0.9684011363636364,0.7713215909090909,0.9683693181818182,0,0.4621
14,2,9,0,2,3.0,0.0029910269192422734,0.0,0.9675180790960451,0.7758463276836158,0.9586621468926554,0,0.5879
22,3,9,0,2,2.0,0.0019047619047619048,0.0,0.9660954545454546,0.7738732954545454,0.9695846590909092,0,1.0
6,2,9,0,2,5.0,0.0067842605156037995,0.0,0.9734926553672316,0.6269056497175142,0.955367231638418,0,0.7219
14,2,9,0,2,3.0,0.003931847968545216,0.0,0.9717162921348316,0.6548410112359551,0.9551494382022472,0,0.9296
22,3,9,0,2,5.0,0.006195786864931847,0.0928819477558136,0.9691514450867053,0.6074329479768786,0.9537063583815028,1,0.6083
6,2,9,0,2,4.0,0.004305705059203444,0.05093749985098839,0.9558448863636364,0.7807528409090909,0.977555681818182,1,0.8184
14,2,9,0,2,3.0,0.002976190476190476,0.10506944358348846,0.959408,0.7887599999999999,0.9514285714285714,1,0.578
22,3,9,0,2,3.0,0.003293084522502744,0.0751388892531395,0.9592327485380115,0.7542111111111112,0.97113216374269,1,0.6947
6,2,9,0,3,2.0,0.002898550724637681,0.0,0.97625197740113,0.6071683615819209,0.9534841807909604,0,0.2489
14,2,9,0,3,4.0,0.0048367593712212815,0.0,0.9750948863636364,0.5983465909090909,0.9623090909090908,0,0.4126
22,3,9,0,3,6.0,0.008,0.0,0.9761469273743016,0.5908648044692737,0.9510592178770948,0,0.294
6,2,9,0,3,6.0,0.005714285714285714,0.0,0.9577932203389832,0.7727412429378532,0.9548954802259888,0,0.4302
14,2,9,0,3,4.0,0.003992015968063872,0.0,0.9601118644067796,0.7691152542372881,0.9529186440677966,0,1.0
22,3,9,0,3,8.0,0.008528784648187633,0.07482638955116272,0.9582296511627908,0.8025308139534885,0.9455558139534884,1,0.9252
6,2,9,0,3,4.0,0.0047789725209080045,0.0,0.970548275862069,0.7340936781609195,0.969635632183908,0,0.6039
14,2,9,0,3,2.0,0.002028397565922921,0.0,0.9679265536723164,0.677564406779661,0.9646892655367232,0,1.0
22,3,9,0,3,3.0,0.0034602076124567475,0.0,0.9663485875706216,0.7424570621468926,0.9622666666666668,0,0.5172
6,3,9,0,0,3.0,0.0028873917228103944,0.0,0.9714869318181818,0.7811892045454545,0.9603221590909092,0,0.6227
14,3,9,0,0,3.0,0.002898550724637681,0.0,0.9732103448275864,0.7720936781609196,0.9673367816091952,0,0.559
22,4,9,0,0,7.0,0.00760043431053203,0.0,0.9726114285714286,0.7704497142857143,0.9543937142857144,0,1.0
6,3,9,0,0,2.0,0.002635046113306983,0.10709635447710752,0.9579948863636364,0.6420017045454546,0.9496204545454544,1,0.2725
14,3,9,0,0,2.0,0.0024271844660194173,0.10709635447710752,0.9595845714285716,0.6536731428571428,0.9767611428571428,1,0.7484
22,4,9,0,0,7.0,0.008760951188986232,0.0,0.960858757062147,0.6334305084745763,0.9482943502824858,0,0.6531
6,3,9,0,0,5.0,0.004887585532746823,0.0,0.9711568965517242,0.7715344827586208,0.9542132183908044,0,0.4108
14,3,9,0,0,5.0,0.004761904761904762,0.0,0.9698011363636364,0.75509375,0.9680863636363636,0,0.634
22,4,9,0,0,3.0,0.0035252643948296123,0.0,0.9699949438202248,0.7404140449438202,0.9610904494382022,0,0.5638
6,3,9,0,1,5.0,0.005025125628140704,0.0,0.9694767045454546,0.7222562499999999,0.9522732954545454,0,0.6846
14,3,9,0,1,2.0,0.00243605359317905,0.0,0.970316384180791,0.7160909604519774,0.958379661016949,0,0.9002
22,4,9,0,1,4.0,0.004056795131845842,0.0,0.9707780898876404,0.6486887640449438,0.9695876404494382,0,1.0
6,3,9,0,1,2.0,0.002628120893561104,0.0,0.9605514124293784,0.6269536723163842,0.9538604519774012,0,0.6997
14,3,9,0,1,2.0,0.0026845637583892616,0.0,0.961474431818182,0.6564625000000001,0.9428977272727272,0,0.2644
22,4,9,0,1,5.0,0.00639386189258312,0.0,0.9596569832402236,0.6435245810055866,0.9638513966480448,0,0.4041
6,3,9,0,1,2.0,0.0019940179461615153,0.10709635447710752,0.965764,0.7633297142857142,0.9598091428571428,1,0.8145
14,3,9,0,1,3.0,0.003386004514672686,0.10709635447710752,0.961093220338983,0.7580553672316385,0.9796604519774011,1,0.6876
22,4,9,0,1,4.0,0.0038095238095238095,0.013298611156642437,0.95955530726257,0.7858726256983241,0.97316312849162,1,0.9867
6,3,9,0,2,6.0,0.006659267480577136,0.0,0.9684011363636364,0.7713215909090909,0.9683693181818182,0,0.325
14,3,9,0,2,4.0,0.005076142131979695,0.0,0.9675180790960451,0.7758463276836158,0.9586621468926554,0,0.776
22,4,9,0,2,3.0,0.0031413612565445027,0.0,0.9660954545454546,0.7738732954545454,0.9695846590909092,0,0.9732
6,3,9,0,2,5.0,0.007692307692307693,0.06444444507360458,0.9734926553672316,0.6269056497175142,0.955367231638418,1,0.1907
14,3,9,0,2,2.0,0.0032733224222585926,0.09090277552604675,0.9717162921348316,0.6548410112359551,0.9551494382022472,1,0.3144
22,4,9,0,2,3.0,0.0043859649122807015,0.05697916820645332,0.9691514450867053,0.6074329479768786,0.9537063583815028,1,0.7742
6,3,9,0,2,2.0,0.00211864406779661,0.10709635447710752,0.9558448863636364,0.7807528409090909,0.977555681818182,1,0.8823
14,3,9,0,2,2.0,0.0020942408376963353,0.055763889104127884,0.959408,0.7887599999999999,0.9514285714285714,1,0.8008
22,4,9,0,2,6.0,0.005714285714285714,0.0,0.9592327485380115,0.7542111111111112,0.97113216374269,0,1.0
6,3,9,0,3,2.0,0.0028530670470756064,0.0,0.97625197740113,0.6071683615819209,0.9534841807909604,0,0.2049
14,3,9,0,3,5.0,0.00639386189258312,0.0,0.9750948863636364,0.5983465909090909,0.9623090909090908,0,0.5846
22,4,9,0,3,3.0,0.004491017964071856,0.10709635447710752,0.9761469273743016,0.5908648044692737,0.9510592178770948,1,0.218
6,3,9,0,3,5.0,0.006060606060606061,0.0890277773141861,0.9577932203389832,0.7727412429378532,0.9548954802259888,1,0.206
14,3,9,0,3,2.0,0.0021231422505307855,0.10709635447710752,0.9601118644067796,0.7691152542372881,0.9529186440677966,1,0.5735
22,4,9,0,3,1.0,0.0009861932938856016,0.0,0.9582296511627908,0.8025308139534885,0.9455558139534884,0,0.1434
6,3,9,0,3,6.0,0.007009345794392523,0.0,0.970548275862069,0.7340936781609195,0.969635632183908,0,0.6753
14,3,9,0,3,4.0,0.005063291139240506,0.0,0.9679265536723164,0.677564406779661,0.9646892655367232,0,0.2664
22,4,9,0,3,5.0,0.005065856129685917,0.03635416552424431,0.9663485875706216,0.7424570621468926,0.9622666666666668,1,0.9636
6,4,9,0,0,3.0,0.00331858407079646,0.0,0.9714869318181818,0.7811892045454545,0.9603221590909092,0,1.0
14,4,9,0,0,4.0,0.004347826086956522,0.0,0.9732103448275864,0.7720936781609196,0.9673367816091952,0,0.9028
22,5,9,1,0,2.0,0.0021231422505307855,0.07979166507720947,0.9726114285714286,0.7704497142857143,0.9543937142857144,1,0.8429
6,4,9,0,0,5.0,0.00625,0.0,0.9579948863636364,0.6420017045454546,0.9496204545454544,0,1.0
14,4,9,0,0,3.0,0.0038860103626943004,0.0,0.9595845714285716,0.6536731428571428,0.9767611428571428,0,0.7146
22,5,9,1,0,4.0,0.005405405405405406,0.0,0.960858757062147,0.6334305084745763,0.9482943502824858,0,0.8091
6,4,9,0,0,3.0,0.0032858707557502738,0.0,0.9711568965517242,0.7715344827586208,0.9542132183908044,0,0.75
14,4,9,0,0,2.0,0.0020181634712411706,0.0,0.9698011363636364,0.75509375,0.9680863636363636,0,0.5784
22,5,9,1,0,2.0,0.0019047619047619048,0.10709635447710752,0.9699949438202248,0.7404140449438202,0.9610904494382022,2,0.7155
6,4,9,0,1,6.0,0.007075471698113208,0.0,0.9694767045454546,0.7222562499999999,0.9522732954545454,0,0.2989
14,4,9,0,1,6.0,0.007168458781362007,0.0,0.970316384180791,0.7160909604519774,0.958379661016949,0,0.8408
22,5,9,1,1,7.0,0.0071794871794871795,0.0,0.9707780898876404,0.6486887640449438,0.9695876404494382,0,0.3328
6,4,9,0,1,5.0,0.006361323155216285,0.0,0.9605514124293784,0.6269536723163842,0.9538604519774012,0,0.5513
14,4,9,0,1,2.0,0.002793296089385475,0.0,0.961474431818182,0.6564625000000001,0.9428977272727272,0,0.3995
22,5,9,1,1,1.0,0.001287001287001287,0.10709635447710752,0.9596569832402236,0.6435245810055866,0.9638513966480448,4,0.2989
6,4,9,0,1,3.0,0.003215434083601286,0.010868055745959282,0.965764,0.7633297142857142,0.9598091428571428,1,0.9891
14,4,9,0,1,3.0,0.0034802784222737818,0.008541666902601719,0.961093220338983,0.7580553672316385,0.9796604519774011,1,0.7436
22,5,9,1,1,6.0,0.006423982869379015,0.10709635447710752,0.95955530726257,0.7858726256983241,0.97316312849162,1,0.7193
6,4,9,0,2,2.0,0.002136752136752137,0.0,0.9684011363636364,0.7713215909090909,0.9683693181818182,0,0.7758
14,4,9,0,2,4.0,0.004036326942482341,0.0,0.9675180790960451,0.7758463276836158,0.9586621468926554,0,0.7288
22,5,9,1,2,5.0,0.005405405405405406,0.0,0.9660954545454546,0.7738732954545454,0.9695846590909092,0,0.6125
6,4,9,0,2,4.0,0.005856515373352855,0.04850694537162781,0.9734926553672316,0.6269056497175142,0.955367231638418,1,0.5656
14,4,9,0,2,5.0,0.006377551020408163,0.03031250089406967,0.9717162921348316,0.6548410112359551,0.9551494382022472,1,0.2194
22,5,9,1,2,2.0,0.002881844380403458,0.0,0.9691514450867053,0.6074329479768786,0.9537063583815028,0,0.2793
6,4,9,0,2,3.0,0.002857142857142857,0.0,0.9558448863636364,0.7807528409090909,0.977555681818182,0,0.2628
14,4,9,0,2,6.0,0.006423982869379015,0.0,0.959408,0.7887599999999999,0.9514285714285714,0,0.622
22,5,9,1,2,3.0,0.002857142857142857,0.0,0.9592327485380115,0.7542111111111112,0.97113216374269,0,0.4842
6,4,9,0,3,5.0,0.006561679790026247,0.10260416567325592,0.97625197740113,0.6071683615819209,0.9534841807909604,1,0.7064
14,4,9,0,3,3.0,0.005263157894736842,0.09604166448116302,0.9750948863636364,0.5983465909090909,0.9623090909090908,1,0.6102
22,5,9,1,3,2.0,0.0030911901081916537,0.021076388657093048,0.9761469273743016,0.5908648044692737,0.9510592178770948,1,0.2979
6,4,9,0,3,5.0,0.004921259842519685,0.0,0.9577932203389832,0.7727412429378532,0.9548954802259888,0,1.0
14,4,9,0,3,5.0,0.004906771344455349,0.0,0.9601118644067796,0.7691152542372881,0.9529186440677966,0,0.8333
22,5,9,1,3,8.0,0.008938547486033519,0.02916666679084301,0.9582296511627908,0.8025308139534885,0.9455558139534884,1,0.2647
6,4,9,0,3,3.0,0.0034965034965034965,0.029583333060145378,0.970548275862069,0.7340936781609195,0.969635632183908,1,0.9229
14,4,9,0,3,2.0,0.0026954177897574125,0.022847222164273262,0.9679265536723164,0.677564406779661,0.9646892655367232,1,0.9562
22,5,9,1,3,3.0,0.003816793893129771,0.0,0.9663485875706216,0.7424570621468926,0.9622666666666668,0,0.4427
6,5,9,1,0,2.0,0.0019588638589618022,0.10709635447710752,0.9714869318181818,0.7811892045454545,0.9603221590909092,1,0.4223
14,5,9,1,0,3.0,0.002857142857142857,0.08218750357627869,0.9732103448275864,0.7720936781609196,0.9673367816091952,1,0.9178
22,6,9,1,0,4.0,0.004158004158004158,0.0,0.9726114285714286,0.7704497142857143,0.9543937142857144,0,1.0
14,5,9,1,0,6.0,0.008379888268156424,0.0,0.9595845714285716,0.6536731428571428,0.9767611428571428,0,0.2558
22,6,9,1,0,3.0,0.0036496350364963502,0.10709635447710752,0.960858757062147,0.6334305084745763,0.9482943502824858,1,0.2911
14,5,9,1,0,4.0,0.003861003861003861,0.10709635447710752,0.9698011363636364,0.75509375,0.9680863636363636,2,0.7979
22,6,9,1,0,7.0,0.007575757575757576,0.0,0.9699949438202248,0.7404140449438202,0.9610904494382022,0,0.5643
6,5,9,1,1,6.0,0.007389162561576354,0.0,0.9694767045454546,0.7222562499999999,0.9522732954545454,0,0.8219
14,5,9,1,1,3.0,0.0037546933667083854,0.0,0.970316384180791,0.7160909604519774,0.958379661016949,0,1.0
22,6,9,1,1,1.0,0.000992063492063492,0.06875000149011612,0.9707780898876404,0.6486887640449438,0.9695876404494382,1,0.4657
14,5,9,1,1,2.0,0.002369668246445498,0.10709635447710752,0.961474431818182,0.6564625000000001,0.9428977272727272,4,0.745
22,6,9,1,1,6.0,0.009022556390977444,0.0,0.9596569832402236,0.6435245810055866,0.9638513966480448,0,0.5188
6,5,9,1,1,6.0,0.006128702757916241,0.10709635447710752,0.965764,0.7633297142857142,0.9598091428571428,1,0.8532
14,5,9,1,1,3.0,0.0035587188612099642,0.10709635447710752,0.961093220338983,0.7580553672316385,0.9796604519774011,1,0.5067
22,6,9,1,1,6.0,0.005970149253731343,0.0,0.95955530726257,0.7858726256983241,0.97316312849162,0,0.3493
6,5,9,1,2,4.0,0.00425531914893617,0.0,0.9684011363636364,0.7713215909090909,0.9683693181818182,0,0.3189
14,5,9,1,2,4.0,0.004449388209121246,0.0,0.9675180790960451,0.7758463276836158,0.9586621468926554,0,0.5185
6,5,9,1,2,2.0,0.003129890453834116,0.0,0.9734926553672316,0.6269056497175142,0.955367231638418,0,0.2813
14,5,9,1,2,3.0,0.004092769440654843,0.0,0.9717162921348316,0.6548410112359551,0.9551494382022472,0,0.2578
6,5,9,1,2,6.0,0.006042296072507553,0.0,0.9558448863636364,0.7807528409090909,0.977555681818182,0,0.492
14,5,9,1,2,4.0,0.0038095238095238095,0.0,0.959408,0.7887599999999999,0.9514285714285714,0,0.5243
22,6,9,1,2,5.0,0.005252100840336135,0.10709635447710752,0.9592327485380115,0.7542111111111112,0.97113216374269,2,0.7553
6,5,9,1,3,6.0,0.007894736842105263,0.04913194477558136,0.97625197740113,0.6071683615819209,0.9534841807909604,1,0.2839
14,5,9,1,3,5.0,0.00778816199376947,0.046736110001802444,0.9750948863636364,0.5983465909090909,0.9623090909090908,1,0.8101
22,6,9,1,3,5.0,0.007763975155279503,0.0,0.9761469273743016,0.5908648044692737,0.9510592178770948,0,0.2943
6,5,9,1,3,6.0,0.005714285714285714,0.03621527925133705,0.9577932203389832,0.7727412429378532,0.9548954802259888,1,0.9638
14,5,9,1,3,4.0,0.0045045045045045045,0.023229166865348816,0.9601118644067796,0.7691152542372881,0.9529186440677966,1,0.297
22,6,9,1,3,2.0,0.0022522522522522522,0.0724305585026741,0.9582296511627908,0.8025308139534885,0.9455558139534884,1,0.7258
6,5,9,1,3,4.0,0.0045045045045045045,0.0,0.970548275862069,0.7340936781609195,0.969635632183908,0,0.6651
14,5,9,1,3,6.0,0.007614213197969543,0.0,0.9679265536723164,0.677564406779661,0.9646892655367232,0,0.7587
22,6,9,1,3,4.0,0.004962779156327543,0.0,0.9663485875706216,0.7424570621468926,0.9622666666666668,0,0.7618
6,6,9,1,0,5.0,0.004780114722753346,0.0,0.9714869318181818,0.7811892045454545,0.9603221590909092,0,0.7518
14,6,9,1,0,2.0,0.0019120458891013384,0.0,0.9732103448275864,0.7720936781609196,0.9673367816091952,0,0.9276
22,0,10,0,0,3.0,0.0035502958579881655,0.0,0.9726114285714286,0.7704497142857143,0.9543937142857144,0,0.9002
6,6,9,1,0,6.0,0.006486486486486486,0.10709635447710752,0.9579948863636364,0.6420017045454546,0.9496204545454544,1,0.833
14,6,9,1,0,5.0,0.008223684210526315,0.10709635447710752,0.9595845714285716,0.6536731428571428,0.9767611428571428,1,0.8195
22,0,10,0,0,6.0,0.007518796992481203,0.10709635447710752,0.960858757062147,0.6334305084745763,0.9482943502824858,2,0.8685
6,6,9,1,0,2.0,0.0021413276231263384,0.0,0.9711568965517242,0.7715344827586208,0.9542132183908044,0,0.6305
14,6,9,1,0,5.0,0.00591016548463357,0.0,0.9698011363636364,0.75509375,0.9680863636363636,0,0.67
22,0,10,0,0,1.0,0.000980392156862745,0.0,0.9699949438202248,0.7404140449438202,0.9610904494382022,0,0.9173
6,6,9,1,1,3.0,0.0035294117647058825,0.10709635447710752,0.9694767045454546,0.7222562499999999,0.9522732954545454,1,0.6175
14,6,9,1,1,3.0,0.00395778364116095,0.10709635447710752,0.970316384180791,0.7160909604519774,0.958379661016949,1,0.2127
22,0,10,0,1,6.0,0.008995502248875561,0.017430555075407028,0.9707780898876404,0.6486887640449438,0.9695876404494382,1,0.3314
6,6,9,1,1,6.0,0.008053691275167786,0.0,0.9605514124293784,0.6269536723163842,0.9538604519774012,0,0.8601
14,6,9,1,1,2.0,0.0025906735751295338,0.0,0.961474431818182,0.6564625000000001,0.9428977272727272,0,1.0
22,0,10,0,1,1.0,0.0011737089201877935,0.10709635447710752,0.9596569832402236,0.6435245810055866,0.9638513966480448,1,0.6931
6,6,9,1,1,3.0,0.002857142857142857,0.0,0.965764,0.7633297142857142,0.9598091428571428,0,0.75
22,0,10,0,1,4.0,0.0038910505836575876,0.04749999940395355,0.95955530726257,0.7858726256983241,0.97316312849162,1,0.6907
6,6,9,1,2,2.0,0.0022650056625141564,0.034340277314186096,0.9684011363636364,0.7713215909090909,0.9683693181818182,1,0.2842
14,6,9,1,2,5.0,0.005302226935312832,0.015243055298924446,0.9675180790960451,0.7758463276836158,0.9586621468926554,1,0.9848
22,0,10,0,2,5.0,0.005834305717619603,0.0,0.9660954545454546,0.7738732954545454,0.9695846590909092,0,0.71
6,6,9,1,2,2.0,0.002717391304347826,0.0,0.9734926553672316,0.6269056497175142,0.955367231638418,0,0.9619
14,6,9,1,2,6.0,0.008075370121130552,0.0,0.9717162921348316,0.6548410112359551,0.9551494382022472,0,0.9272
6,6,9,1,2,4.0,0.004750593824228029,0.10709635447710752,0.9558448863636364,0.7807528409090909,0.977555681818182,2,0.3243
14,6,9,1,2,1.0,0.0011299435028248588,0.10709635447710752,0.959408,0.7887599999999999,0.9514285714285714,2,0.4261
22,0,10,0,2,2.0,0.002317497103128621,0.0,0.9592327485380115,0.7542111111111112,0.97113216374269,0,0.2535
22,0,10,0,3,4.0,0.005571030640668524,0.0,0.9761469273743016,0.5908648044692737,0.9510592178770948,0,0.8519
6,6,9,1,3,4.0,0.0038095238095238095,0.09538194537162781,0.9577932203389832,0.7727412429378532,0.9548954802259888,1,0.8776
14,6,9,1,3,6.0,0.005714285714285714,0.0720486119389534,0.9601118644067796,0.7691152542372881,0.9529186440677966,1,0.928
22,0,10,0,3,5.0,0.004761904761904762,0.0,0.9582296511627908,0.8025308139534885,0.9455558139534884,0,0.8333
14,6,9,1,3,5.0,0.006067961165048544,0.0,0.9679265536723164,0.677564406779661,0.9646892655367232,0,0.5127
22,0,10,0,3,4.0,0.004106776180698152,0.10709635447710752,0.9663485875706216,0.7424570621468926,0.9622666666666668,1,0.8222
6,0,10,0,0,2.0,0.0019047619047619048,0.0,0.9714869318181818,0.7811892045454545,0.9603221590909092,0,0.4056
14,0,10,0,0,2.0,0.0019047619047619048,0.0,0.9732103448275864,0.7720936781609196,0.9673367816091952,0,1.0
22,1,10,0,0,5.0,0.0056947608200455585,0.0,0.9726114285714286,0.7704497142857143,0.9543937142857144,0,0.8612
6,0,10,0,0,4.0,0.004920049200492005,0.08843749761581421,0.9579948863636364,0.6420017045454546,0.9496204545454544,2,0.5598
14,0,10,0,0,3.0,0.0038560411311053984,0.10709635447710752,0.9595845714285716,0.6536731428571428,0.9767611428571428,2,0.7874
22,1,10,0,0,2.0,0.002457002457002457,0.10709635447710752,0.960858757062147,0.6334305084745763,0.9482943502824858,1,0.472
6,0,10,0,0,4.0,0.004073319755600814,0.0,0.9711568965517242,0.7715344827586208,0.9542132183908044,0,1.0
14,0,10,0,0,3.0,0.003105590062111801,0.0,0.9698011363636364,0.75509375,0.9680863636363636,0,1.0
22,1,10,0,0,3.0,0.0036275695284159614,0.06409722566604614,0.9699949438202248,0.7404140449438202,0.9610904494382022,1,0.6691
6,0,10,0,1,2.0,0.0019455252918287938,0.027847222983837128,0.9694767045454546,0.7222562499999999,0.9522732954545454,1,0.7671
14,0,10,0,1,2.0,0.002828854314002829,0.017638888210058212,0.970316384180791,0.7160909604519774,0.958379661016949,1,0.8875
22,1,10,0,1,0.0,0.0,0.0,0.9707780898876404,0.6486887640449438,0.9695876404494382,0,0.6877
6,0,10,0,1,2.0,0.0025673940949935813,0.10709635447710752,0.9605514124293784,0.6269536723163842,0.9538604519774012,1,0.8409
14,0,10,0,1,4.0,0.005025125628140704,0.08277777582406998,0.961474431818182,0.6564625000000001,0.9428977272727272,1,0.6419
22,1,10,0,1,8.0,0.01078167115902965,0.0,0.9596569832402236,0.6435245810055866,0.9638513966480448,0,0.6954
6,0,10,0,1,3.0,0.0029498525073746312,0.05354166775941849,0.965764,0.7633297142857142,0.9598091428571428,1,0.7885
14,0,10,0,1,5.0,0.0051813471502590676,0.03569444268941879,0.961093220338983,0.7580553672316385,0.9796604519774011,1,0.9643
22,1,10,0,1,3.0,0.002857142857142857,0.10709635447710752,0.95955530726257,0.7858726256983241,0.97316312849162,1,0.875
6,0,10,0,2,5.0,0.005405405405405406,0.0,0.9684011363636364,0.7713215909090909,0.9683693181818182,0,0.7461
14,0,10,0,2,4.0,0.004968944099378882,0.0,0.9675180790960451,0.7758463276836158,0.9586621468926554,0,0.8352
22,1,10,0,2,6.0,0.005714285714285714,0.0,0.9660954545454546,0.7738732954545454,0.9695846590909092,0,1.0
6,0,10,0,2,5.0,0.006561679790026247,0.0,0.9734926553672316,0.6269056497175142,0.955367231638418,0,0.9708
14,0,10,0,2,4.0,0.005714285714285714,0.0,0.9717162921348316,0.6548410112359551,0.9551494382022472,0,0.9572
22,1,10,0,2,3.0,0.0037174721189591076,0.0,0.9691514450867053,0.6074329479768786,0.9537063583815028,0,0.5823
6,0,10,0,2,5.0,0.0048216007714561235,0.0,0.9558448863636364,0.7807528409090909,0.977555681818182,0,0.5984
14,0,10,0,2,2.0,0.0020964360587002098,0.0,0.959408,0.7887599999999999,0.9514285714285714,0,0.8059
22,1,10,0,2,4.0,0.004056795131845842,0.07000000029802322,0.9592327485380115,0.7542111111111112,0.97113216374269,1,0.93
6,0,10,0,3,3.0,0.0038363171355498722,0.0,0.97625197740113,0.6071683615819209,0.9534841807909604,0,0.4301
14,0,10,0,3,4.0,0.00583941605839416,0.0,0.9750948863636364,0.5983465909090909,0.9623090909090908,0,0.2667
22,1,10,0,3,6.0,0.007547169811320755,0.0,0.9761469273743016,0.5908648044692737,0.9510592178770948,0,0.9788
6,0,10,0,3,4.0,0.003875968992248062,0.0,0.9577932203389832,0.7727412429378532,0.9548954802259888,0,1.0
14,0,10,0,3,5.0,0.005807200929152149,0.0,0.9601118644067796,0.7691152542372881,0.9529186440677966,0,0.2768
22,1,10,0,3,2.0,0.0021413276231263384,0.08649305254220963,0.9582296511627908,0.8025308139534885,0.9455558139534884,1,0.8273
6,0,10,0,3,3.0,0.0036407766990291263,0.09395833313465118,0.970548275862069,0.7340936781609195,0.969635632183908,1,0.906
14,0,10,0,3,2.0,0.002081165452653486,0.10709635447710752,0.9679265536723164,0.677564406779661,0.9646892655367232,1,0.7665
22,1,10,0,3,5.0,0.005656108597285068,0.0,0.9663485875706216,0.7424570621468926,0.9622666666666668,0,0.7143
6,1,10,0,0,5.0,0.006345177664974619,0.0,0.9714869318181818,0.7811892045454545,0.9603221590909092,0,0.7688
14,1,10,0,0,3.0,0.003468208092485549,0.0,0.9732103448275864,0.7720936781609196,0.9673367816091952,0,0.6469
22,2,10,0,0,4.0,0.004761904761904762,0.0,0.9726114285714286,0.7704497142857143,0.9543937142857144,0,1.0
6,1,10,0,0,2.0,0.0025575447570332483,0.10709635447710752,0.9579948863636364,0.6420017045454546,0.9496204545454544,1,0.2311
14,1,10,0,0,5.0,0.0063371356147021544,0.10709635447710752,0.9595845714285716,0.6536731428571428,0.9767611428571428,1,0.7523
22,2,10,0,0,2.0,0.0024154589371980675,0.0,0.960858757062147,0.6334305084745763,0.9482943502824858,0,0.3427
6,1,10,0,0,2.0,0.0019047619047619048,0.05937499925494194,0.9711568965517242,0.7715344827586208,0.9542132183908044,1,0.4918
14,1,10,0,0,2.0,0.002026342451874367,0.10709635447710752,0.9698011363636364,0.75509375,0.9680863636363636,1,0.8376
22,2,10,0,0,4.0,0.0038461538461538464,0.0,0.9699949438202248,0.7404140449438202,0.9610904494382022,0,1.0
6,1,10,0,1,2.0,0.002828854314002829,0.0,0.9694767045454546,0.7222562499999999,0.9522732954545454,0,0.3866
14,1,10,0,1,2.0,0.0023781212841854932,0.0,0.970316384180791,0.7160909604519774,0.958379661016949,0,0.3676
22,2,10,0,1,2.0,0.0024875621890547263,0.025555554777383804,0.9707780898876404,0.6486887640449438,0.9695876404494382,1,0.8006
6,1,10,0,1,4.0,0.00583941605839416,0.0,0.9605514124293784,0.6269536723163842,0.9538604519774012,0,0.521
14,1,10,0,1,5.0,0.006906077348066298,0.0,0.961474431818182,0.6564625000000001,0.9428977272727272,0,0.8031
22,2,10,0,1,3.0,0.004497751124437781,0.0,0.9596569832402236,0.6435245810055866,0.9638513966480448,0,0.5746
6,1,10,0,1,5.0,0.005995203836930456,0.04972222074866295,0.965764,0.7633297142857142,0.9598091428571428,1,0.2319
14,1,10,0,1,3.0,0.003257328990228013,0.10631944239139557,0.961093220338983,0.7580553672316385,0.9796604519774011,1,0.8149
22,2,10,0,1,4.0,0.004434589800443459,0.0,0.95955530726257,0.7858726256983241,0.97316312849162,0,0.4933
6,1,10,0,2,3.0,0.0029702970297029703,0.0,0.9684011363636364,0.7713215909090909,0.9683693181818182,0,0.9181
14,1,10,0,2,6.0,0.007471980074719801,0.0,0.9675180790960451,0.7758463276836158,0.9586621468926554,0,0.9555
22,2,10,0,2,2.0,0.0021929824561403508,0.0,0.9660954545454546,0.7738732954545454,0.9695846590909092,0,0.8468
6,1,10,0,2,4.0,0.005997001499250375,0.0,0.9734926553672316,0.6269056497175142,0.955367231638418,0,0.7962
14,1,10,0,2,3.0,0.0036363636363636364,0.0,0.9717162921348316,0.6548410112359551,0.9551494382022472,0,0.3263
22,2,10,0,2,4.0,0.007751937984496124,0.0,0.9691514450867053,0.6074329479768786,0.9537063583815028,0,0.4504
6,1,10,0,2,5.0,0.004761904761904762,0.0455208346247673,0.9558448863636364,0.7807528409090909,0.977555681818182,1,0.3912
14,1,10,0,2,5.0,0.005246589716684155,0.10709635447710752,0.959408,0.7887599999999999,0.9514285714285714,1,0.3719
22,2,10,0,2,3.0,0.003006012024048096,0.10709635447710752,0.9592327485380115,0.7542111111111112,0.97113216374269,1,0.8642
6,1,10,0,3,3.0,0.003978779840848806,0.0,0.97625197740113,0.6071683615819209,0.9534841807909604,0,0.5959
14,1,10,0,3,3.0,0.004846526655896607,0.0,0.9750948863636364,0.5983465909090909,0.9623090909090908,0,0.6431
22,2,10,0,3,3.0,0.004497751124437781,0.0,0.9761469273743016,0.5908648044692737,0.9510592178770948,0,0.3138
6,1,10,0,3,1.0,0.0009523809523809524,0.0347222238779068,0.9577932203389832,0.7727412429378532,0.9548954802259888,1,0.4271
14,1,10,0,3,3.0,0.002857142857142857,0.08281250298023224,0.9601118644067796,0.7691152542372881,0.9529186440677966,1,0.4988
22,2,10,0,3,3.0,0.002898550724637681,0.0755208358168602,0.9582296511627908,0.8025308139534885,0.9455558139534884,1,0.524
6,1,10,0,3,2.0,0.002190580503833516,0.0,0.970548275862069,0.7340936781609195,0.969635632183908,0,0.6803
14,1,10,0,3,5.0,0.005574136008918618,0.0,0.9679265536723164,0.677564406779661,0.9646892655367232,0,0.9783
22,2,10,0,3,4.0,0.004424778761061947,0.09687499701976776,0.9663485875706216,0.7424570621468926,0.9622666666666668,1,0.9031
6,2,10,0,0,5.0,0.004761904761904762,0.0,0.9714869318181818,0.7811892045454545,0.9603221590909092,0,1.0
14,2,10,0,0,2.0,0.0019047619047619048,0.0,0.9732103448275864,0.7720936781609196,0.9673367816091952,0,0.4178
22,3,10,0,0,5.0,0.0054466230936819175,0.0,0.9726114285714286,0.7704497142857143,0.9543937142857144,0,0.4644
6,2,10,0,0,2.0,0.0024096385542168677,0.0,0.9579948863636364,0.6420017045454546,0.9496204545454544,0,0.3677
14,2,10,0,0,2.0,0.0025157232704402514,0.0,0.9595845714285716,0.6536731428571428,0.9767611428571428,0,0.3301
22,3,10,0,0,5.0,0.00563063063063063,0.06569444388151169,0.960858757062147,0.6334305084745763,0.9482943502824858,1,0.5496
6,2,10,0,0,3.0,0.002890173410404624,0.0,0.9711568965517242,0.7715344827586208,0.9542132183908044,0,0.8938
14,2,10,0,0,6.0,0.006936416184971098,0.0,0.9698011363636364,0.75509375,0.9680863636363636,0,0.6842
22,3,10,0,0,5.0,0.005154639175257732,0.0,0.9699949438202248,0.7404140449438202,0.9610904494382022,0,0.6211
6,2,10,0,1,2.0,0.0021119324181626186,0.039374999701976776,0.9694767045454546,0.7222562499999999,0.9522732954545454,1,0.3291
14,2,10,0,1,4.0,0.004801920768307323,0.019236112013459206,0.970316384180791,0.7160909604519774,0.958379661016949,1,0.5805
22,3,10,0,1,6.0,0.00823045267489712,0.0,0.9707780898876404,0.6486887640449438,0.9695876404494382,0,0.5361
6,2,10,0,1,2.0,0.0024813895781637717,0.0,0.9605514124293784,0.6269536723163842,0.9538604519774012,0,0.2536
14,2,10,0,1,6.0,0.0070921985815602835,0.0,0.961474431818182,0.6564625000000001,0.9428977272727272,0,0.289
22,3,10,0,1,5.0,0.006729475100942127,0.04500000178813934,0.9596569832402236,0.6435245810055866,0.9638513966480448,1,0.6006
6,2,10,0,1,2.0,0.001998001998001998,0.0,0.965764,0.7633297142857142,0.9598091428571428,0,1.0
14,2,10,0,1,5.0,0.005235602094240838,0.0,0.961093220338983,0.7580553672316385,0.9796604519774011,0,1.0
22,3,10,0,1,6.0,0.006048387096774193,0.0,0.95955530726257,0.7858726256983241,0.97316312849162,0,0.5022
6,2,10,0,2,4.0,0.004371584699453552,0.0,0.9684011363636364,0.7713215909090909,0.9683693181818182,0,1.0
14,2,10,0,2,3.0,0.002857142857142857,0.0,0.9675180790960451,0.7758463276836158,0.9586621468926554,0,0.482
22,3,10,0,2,6.0,0.005911330049261084,0.01684027723968029,0.9660954545454546,0.7738732954545454,0.9695846590909092,1,0.6267
6,2,10,0,2,3.0,0.0037313432835820895,0.0,0.9734926553672316,0.6269056497175142,0.955367231638418,0,0.3894
14,2,10,0,2,3.0,0.004709576138147566,0.0,0.9717162921348316,0.6548410112359551,0.9551494382022472,0,0.1838
22,3,10,0,2,5.0,0.006031363088057901,0.0,0.9691514450867053,0.6074329479768786,0.9537063583815028,0,1.0
6,2,10,0,2,6.0,0.005714285714285714,0.10709635447710752,0.9558448863636364,0.7807528409090909,0.977555681818182,1,0.7854
14,2,10,0,2,1.0,0.0010121457489878543,0.10709635447710752,0.959408,0.7887599999999999,0.9514285714285714,1,0.3958
22,3,10,0,2,3.0,0.003271537622682661,0.09902777522802353,0.9592327485380115,0.7542111111111112,0.97113216374269,1,0.5407
6,2,10,0,3,2.0,0.002717391304347826,0.0,0.97625197740113,0.6071683615819209,0.9534841807909604,0,0.3217
14,2,10,0,3,5.0,0.007320644216691069,0.0,0.9750948863636364,0.5983465909090909,0.9623090909090908,0,0.2718
22,3,10,0,3,4.0,0.004705882352941176,0.0,0.9761469273743016,0.5908648044692737,0.9510592178770948,0,0.9353
6,2,10,0,3,5.0,0.005107252298263534,0.10709635447710752,0.9577932203389832,0.7727412429378532,0.9548954802259888,1,0.5144
14,2,10,0,3,4.0,0.004020100502512563,0.10709635447710752,0.9601118644067796,0.7691152542372881,0.9529186440677966,1,0.7169
22,3,10,0,3,5.0,0.005112474437627812,0.10187499970197678,0.9582296511627908,0.8025308139534885,0.9455558139534884,1,0.8981
6,2,10,0,3,2.0,0.002136752136752137,0.09486111253499985,0.970548275862069,0.7340936781609195,0.969635632183908,1,0.9051
14,2,10,0,3,3.0,0.002976190476190476,0.06156250089406967,0.9679265536723164,0.677564406779661,0.9646892655367232,1,0.6653
22,3,10,0,3,4.0,0.0043907793633369925,0.034236110746860504,0.9663485875706216,0.7424570621468926,0.9622666666666668,1,0.3622
6,3,10,0,0,2.0,0.002,0.0,0.9714869318181818,0.7811892045454545,0.9603221590909092,0,0.8382
14,3,10,0,0,2.0,0.0023014959723820483,0.0,0.9732103448275864,0.7720936781609196,0.9673367816091952,0,0.2147
22,4,10,0,0,6.0,0.005853658536585366,0.10709635447710752,0.9726114285714286,0.7704497142857143,0.9543937142857144,1,0.8695
6,3,10,0,0,4.0,0.005108556832694764,0.04781249910593033,0.9579948863636364,0.6420017045454546,0.9496204545454544,1,0.6745
14,3,10,0,0,3.0,0.003243243243243243,0.03760416805744171,0.9595845714285716,0.6536731428571428,0.9767611428571428,1,0.609
22,4,10,0,0,4.0,0.005772005772005772,0.0,0.960858757062147,0.6334305084745763,0.9482943502824858,0,0.7945
6,3,10,0,0,2.0,0.0019102196752626551,0.0,0.9711568965517242,0.7715344827586208,0.9542132183908044,0,1.0
14,3,10,0,0,4.0,0.0041109969167523125,0.0,0.9698011363636364,0.75509375,0.9680863636363636,0,0.6382
22,4,10,0,0,1.0,0.0009523809523809524,0.0,0.9699949438202248,0.7404140449438202,0.9610904494382022,0,1.0
6,3,10,0,1,4.0,0.004656577415599534,0.0,0.9694767045454546,0.7222562499999999,0.9522732954545454,0,0.4216
14,3,10,0,1,6.0,0.0069605568445475635,0.0,0.970316384180791,0.7160909604519774,0.958379661016949,0,1.0
22,4,10,0,1,5.0,0.0054525627044711015,0.014826389029622078,0.9707780898876404,0.6486887640449438,0.9695876404494382,1,0.9852
6,3,10,0,1,5.0,0.00998003992015968,0.037013888359069824,0.9605514124293784,0.6269536723163842,0.9538604519774012,1,0.365
14,3,10,0,1,4.0,0.0044943820224719105,0.07256944477558136,0.961474431818182,0.6564625000000001,0.9428977272727272,1,0.6798
22,4,10,0,1,6.0,0.00784313725490196,0.0,0.9596569832402236,0.6435245810055866,0.9638513966480448,0,0.502
6,3,10,0,1,1.0,0.001141552511415525,0.0,0.965764,0.7633297142857142,0.9598091428571428,0,0.2798
14,3,10,0,1,5.0,0.004761904761904762,0.0,0.961093220338983,0.7580553672316385,0.9796604519774011,0,0.6504
22,4,10,0,1,4.0,0.003835091083413231,0.0,0.95955530726257,0.7858726256983241,0.97316312849162,0,0.6598
6,3,10,0,2,4.0,0.0041025641025641026,0.016180556267499924,0.9684011363636364,0.7713215909090909,0.9683693181818182,1,0.4902
14,3,10,0,2,6.0,0.005964214711729622,0.027326388284564018,0.9675180790960451,0.7758463276836158,0.9586621468926554,1,0.9727
22,4,10,0,2,3.0,0.0029940119760479044,0.0,0.9660954545454546,0.7738732954545454,0.9695846590909092,0,1.0
6,3,10,0,2,4.0,0.004662004662004662,0.0,0.9734926553672316,0.6269056497175142,0.955367231638418,0,0.378
14,3,10,0,2,5.0,0.006345177664974619,0.0,0.9717162921348316,0.6548410112359551,0.9551494382022472,0,0.4985
22,4,10,0,2,5.0,0.0070126227208976155,0.0,0.9691514450867053,0.6074329479768786,0.9537063583815028,0,0.6377
6,3,10,0,2,4.0,0.004301075268817204,0.10709635447710752,0.9558448863636364,0.7807528409090909,0.977555681818182,1,0.8159
14,3,10,0,2,5.0,0.005159958720330237,0.10709635447710752,0.959408,0.7887599999999999,0.9514285714285714,1,0.5091
22,4,10,0,2,4.0,0.0038948393378773127,0.0,0.9592327485380115,0.7542111111111112,0.97113216374269,0,1.0
6,3,10,0,3,6.0,0.008915304606240713,0.0,0.97625197740113,0.6071683615819209,0.9534841807909604,0,0.8969
14,3,10,0,3,5.0,0.007763975155279503,0.0,0.9750948863636364,0.5983465909090909,0.9623090909090908,0,0.5127
22,4,10,0,3,5.0,0.007974481658692184,0.10709635447710752,0.9761469273743016,0.5908648044692737,0.9510592178770948,2,0.5002
6,3,10,0,3,2.0,0.00243605359317905,0.07871527969837189,0.9577932203389832,0.7727412429378532,0.9548954802259888,1,0.18
14,3,10,0,3,2.0,0.002014098690835851,0.10709635447710752,0.9601118644067796,0.7691152542372881,0.9529186440677966,1,0.3878
22,4,10,0,3,4.0,0.004571428571428572,0.0,0.9582296511627908,0.8025308139534885,0.9455558139534884,0,0.2564
6,3,10,0,3,4.0,0.0041928721174004195,0.06309027969837189,0.970548275862069,0.7340936781609195,0.969635632183908,1,0.6519
14,3,10,0,3,4.0,0.004733727810650888,0.0659722238779068,0.9679265536723164,0.677564406779661,0.9646892655367232,1,0.7472
22,4,10,0,3,4.0,0.00404040404040404,0.0,0.9663485875706216,0.7424570621468926,0.9622666666666668,0,0.4596
6,4,10,0,0,4.0,0.00425531914893617,0.10645833611488342,0.9714869318181818,0.7811892045454545,0.9603221590909092,1,0.7148
14,4,10,0,0,2.0,0.0021810250817884407,0.07315972447395325,0.9732103448275864,0.7720936781609196,0.9673367816091952,1,0.7316
22,5,10,1,0,2.0,0.002028397565922921,0.0864236131310463,0.9726114285714286,0.7704497142857143,0.9543937142857144,1,0.821
6,4,10,0,0,4.0,0.005509641873278237,0.0,0.9579948863636364,0.6420017045454546,0.9496204545454544,0,0.6804
14,4,10,0,0,5.0,0.006493506493506494,0.0,0.9595845714285716,0.6536731428571428,0.9767611428571428,0,0.4401
22,5,10,1,0,5.0,0.006527415143603133,0.10709635447710752,0.960858757062147,0.6334305084745763,0.9482943502824858,1,0.5415
6,4,10,0,0,5.0,0.005889281507656066,0.0,0.9711568965517242,0.7715344827586208,0.9542132183908044,0,1.0
14,4,10,0,0,4.0,0.004519774011299435,0.0,0.9698011363636364,0.75509375,0.9680863636363636,0,1.0
22,5,10,1,0,7.0,0.006666666666666667,0.0,0.9699949438202248,0.7404140449438202,0.9610904494382022,0,0.7434
6,4,10,0,1,5.0,0.005246589716684155,0.027499999850988388,0.9694767045454546,0.7222562499999999,0.9522732954545454,1,0.6674
14,4,10,0,1,4.0,0.004645760743321719,0.02829861082136631,0.970316384180791,0.7160909604519774,0.958379661016949,1,0.4146
22,5,10,1,1,6.0,0.008064516129032258,0.0,0.9707780898876404,0.6486887640449438,0.9695876404494382,0,0.5244
6,4,10,0,1,6.0,0.007822685788787484,0.0,0.9605514124293784,0.6269536723163842,0.9538604519774012,0,0.3143
14,4,10,0,1,5.0,0.0072254335260115606,0.0,0.961474431818182,0.6564625000000001,0.9428977272727272,0,0.674
22,5,10,1,1,2.0,0.0028694404591104736,0.0,0.9596569832402236,0.6435245810055866,0.9638513966480448,0,0.3357
6,4,10,0,1,6.0,0.0066518847006651885,0.0,0.965764,0.7633297142857142,0.9598091428571428,0,0.9195
14,4,10,0,1,2.0,0.0019047619047619048,0.0,0.961093220338983,0.7580553672316385,0.9796604519774011,0,1.0
22,5,10,1,1,2.0,0.001998001998001998,0.0,0.95955530726257,0.7858726256983241,0.97316312849162,0,1.0
6,4,10,0,2,2.0,0.0019047619047619048,0.0,0.9684011363636364,0.7713215909090909,0.9683693181818182,0,0.5429
14,4,10,0,2,5.0,0.006031363088057901,0.0,0.9675180790960451,0.7758463276836158,0.9586621468926554,0,0.5964
22,5,10,1,2,3.0,0.003161222339304531,0.0,0.9660954545454546,0.7738732954545454,0.9695846590909092,0,0.5671
6,4,10,0,2,6.0,0.010714285714285714,0.0,0.9734926553672316,0.6269056497175142,0.955367231638418,0,0.6286
14,4,10,0,2,5.0,0.006802721088435374,0.0,0.9717162921348316,0.6548410112359551,0.9551494382022472,0,0.9961
22,5,10,1,2,5.0,0.006544502617801047,0.0,0.9691514450867053,0.6074329479768786,0.9537063583815028,0,1.0
6,4,10,0,2,3.0,0.002857142857142857,0.0,0.9558448863636364,0.7807528409090909,0.977555681818182,0,0.3299
14,4,10,0,2,3.0,0.002857142857142857,0.0,0.959408,0.7887599999999999,0.9514285714285714,0,1.0
22,5,10,1,2,6.0,0.005825242718446602,0.0694444477558136,0.9592327485380115,0.7542111111111112,0.97113216374269,1,0.392
6,4,10,0,3,2.0,0.0027137042062415195,0.10709635447710752,0.97625197740113,0.6071683615819209,0.9534841807909604,2,0.2552
14,4,10,0,3,5.0,0.0068775790921595595,0.10709635447710752,0.9750948863636364,0.5983465909090909,0.9623090909090908,2,0.2494
22,5,10,1,3,3.0,0.0040650406504065045,0.0,0.9761469273743016,0.5908648044692737,0.9510592178770948,0,0.3759
6,4,10,0,3,2.0,0.0023612750885478157,0.0,0.9577932203389832,0.7727412429378532,0.9548954802259888,0,0.5631
14,4,10,0,3,4.0,0.004722550177095631,0.0,0.9601118644067796,0.7691152542372881,0.9529186440677966,0,0.9643
22,5,10,1,3,2.0,0.0021231422505307855,0.10709635447710752,0.9582296511627908,0.8025308139534885,0.9455558139534884,1,0.3621
6,4,10,0,3,2.0,0.0020898641588296763,0.0,0.970548275862069,0.7340936781609195,0.969635632183908,0,0.52
14,4,10,0,3,5.0,0.005931198102016607,0.0,0.9679265536723164,0.677564406779661,0.9646892655367232,0,0.4979
22,5,10,1,3,3.0,0.003171247357293869,0.0,0.9663485875706216,0.7424570621468926,0.9622666666666668,0,0.7085
6,5,10,1,0,4.0,0.004366812227074236,0.10709635447710752,0.9714869318181818,0.7811892045454545,0.9603221590909092,1,0.6926
14,5,10,1,0,4.0,0.0040609137055837565,0.06899305433034897,0.9732103448275864,0.7720936781609196,0.9673367816091952,1,0.8499
22,6,10,1,0,8.0,0.007804878048780488,0.0,0.9726114285714286,0.7704497142857143,0.9543937142857144,0,0.6865
6,5,10,1,0,5.0,0.00641025641025641,0.10709635447710752,0.9579948863636364,0.6420017045454546,0.9496204545454544,1,0.823
14,5,10,1,0,5.0,0.006016847172081829,0.10709635447710752,0.9595845714285716,0.6536731428571428,0.9767611428571428,1,0.4617
22,6,10,1,0,3.0,0.0037174721189591076,0.0,0.960858757062147,0.6334305084745763,0.9482943502824858,0,0.9765
6,5,10,1,0,6.0,0.006749156355455568,0.0,0.9711568965517242,0.7715344827586208,0.9542132183908044,0,0.2988
14,5,10,1,0,2.0,0.0021141649048625794,0.0,0.9698011363636364,0.75509375,0.9680863636363636,0,0.8974
22,6,10,1,0,7.0,0.008760951188986232,0.0,0.9699949438202248,0.7404140449438202,0.9610904494382022,0,0.9297
6,5,10,1,1,2.0,0.0022753128555176336,0.0,0.9694767045454546,0.7222562499999999,0.9522732954545454,0,1.0
14,5,10,1,1,4.0,0.005148005148005148,0.0,0.970316384180791,0.7160909604519774,0.958379661016949,0,0.6041
6,5,10,1,1,4.0,0.004790419161676647,0.0,0.9605514124293784,0.6269536723163842,0.9538604519774012,0,0.7158
14,5,10,1,1,4.0,0.004975124378109453,0.0,0.961474431818182,0.6564625000000001,0.9428977272727272,0,0.8018
22,6,10,1,1,6.0,0.008130081300813009,0.0,0.9596569832402236,0.6435245810055866,0.9638513966480448,0,0.6311
6,5,10,1,1,3.0,0.0029791459781529296,0.0,0.965764,0.7633297142857142,0.9598091428571428,0,1.0
14,5,10,1,1,6.0,0.006696428571428571,0.0,0.961093220338983,0.7580553672316385,0.9796604519774011,0,0.3478
22,6,10,1,1,6.0,0.005741626794258373,0.0,0.95955530726257,0.7858726256983241,0.97316312849162,0,0.5221
6,5,10,1,2,4.0,0.0038095238095238095,0.0,0.9684011363636364,0.7713215909090909,0.9683693181818182,0,0.8
14,5,10,1,2,2.0,0.002004008016032064,0.0,0.9675180790960451,0.7758463276836158,0.9586621468926554,0,0.9942
22,6,10,1,2,5.0,0.005411255411255411,0.027118055149912834,0.9660954545454546,0.7738732954545454,0.9695846590909092,1,0.5537
6,5,10,1,2,3.0,0.003963011889035667,0.0,0.9734926553672316,0.6269056497175142,0.955367231638418,0,0.245
14,5,10,1,2,2.0,0.0029154518950437317,0.0,0.9717162921348316,0.6548410112359551,0.9551494382022472,0,0.5162
22,6,10,1,2,4.0,0.005961251862891207,0.09913194179534912,0.9691514450867053,0.6074329479768786,0.9537063583815028,2,0.6757
6,5,10,1,2,5.0,0.00536480686695279,0.07177083194255829,0.9558448863636364,0.7807528409090909,0.977555681818182,1,0.9282
14,5,10,1,2,5.0,0.004761904761904762,0.04072916507720947,0.959408,0.7887599999999999,0.9514285714285714,1,0.9593
22,6,10,1,2,4.0,0.0038204393505253103,0.06031249836087227,0.9592327485380115,0.7542111111111112,0.97113216374269,1,0.9397
6,5,10,1,3,4.0,0.006042296072507553,0.0,0.97625197740113,0.6071683615819209,0.9534841807909604,0,0.323
14,5,10,1,3,6.0,0.008620689655172414,0.0,0.9750948863636364,0.5983465909090909,0.9623090909090908,0,0.8226
22,6,10,1,3,6.0,0.008583690987124463,0.0,0.9761469273743016,0.5908648044692737,0.9510592178770948,0,0.2925
6,5,10,1,3,4.0,0.003948667324777887,0.0902777761220932,0.9577932203389832,0.7727412429378532,0.9548954802259888,1,0.7278
14,5,10,1,3,6.0,0.006243496357960458,0.10709635447710752,0.9601118644067796,0.7691152542372881,0.9529186440677966,1,0.3577
22,6,10,1,3,3.0,0.0033444816053511705,0.0,0.9582296511627908,0.8025308139534885,0.9455558139534884,0,1.0
6,5,10,1,3,4.0,0.004140786749482402,0.0,0.970548275862069,0.7340936781609195,0.969635632183908,0,1.0
14,5,10,1,3,4.0,0.004540295119182747,0.0,0.9679265536723164,0.677564406779661,0.9646892655367232,0,0.6198
22,6,10,1,3,6.0,0.006198347107438017,0.08829861134290695,0.9663485875706216,0.7424570621468926,0.9622666666666668,1,0.773
6,6,10,1,0,5.0,0.004784688995215311,0.0,0.9714869318181818,0.7811892045454545,0.9603221590909092,0,1.0
14,6,10,1,0,4.0,0.0038095238095238095,0.0,0.9732103448275864,0.7720936781609196,0.9673367816091952,0,1.0
22,0,11,0,0,2.0,0.0019047619047619048,0.0,0.9726114285714286,0.7704497142857143,0.9543937142857144,0,1.0
6,6,10,1,0,6.0,0.007272727272727273,0.0,0.9579948863636364,0.6420017045454546,0.9496204545454544,0,0.6995
22,0,11,0,0,5.0,0.005405405405405406,0.029652778059244156,0.960858757062147,0.6334305084745763,0.9482943502824858,1,0.7573
14,6,10,1,0,6.0,0.005714285714285714,0.0,0.9698011363636364,0.75509375,0.9680863636363636,0,1.0
22,0,11,0,0,4.0,0.0038684719535783366,0.10709635447710752,0.9699949438202248,0.7404140449438202,0.9610904494382022,1,0.8014
6,6,10,1,1,5.0,0.005931198102016607,0.0,0.9694767045454546,0.7222562499999999,0.9522732954545454,0,0.3404
14,6,10,1,1,3.0,0.0031645569620253164,0.0,0.970316384180791,0.7160909604519774,0.958379661016949,0,0.6432
22,0,11,0,1,4.0,0.004944375772558714,0.0,0.9707780898876404,0.6486887640449438,0.9695876404494382,0,1.0
6,6,10,1,1,6.0,0.007361963190184049,0.0,0.9605514124293784,0.6269536723163842,0.9538604519774012,0,0.903
14,6,10,1,1,2.0,0.0024390243902439024,0.0,0.961474431818182,0.6564625000000001,0.9428977272727272,0,0.935
22,0,11,0,1,2.0,0.002849002849002849,0.10709635447710752,0.9596569832402236,0.6435245810055866,0.9638513966480448,1,0.731
6,6,10,1,1,6.0,0.005982053838484547,0.0,0.965764,0.7633297142857142,0.9598091428571428,0,1.0
14,6,10,1,1,2.0,0.0019047619047619048,0.0,0.961093220338983,0.7580553672316385,0.9796604519774011,0,0.6183
22,0,11,0,1,3.0,0.003,0.09663194417953491,0.95955530726257,0.7858726256983241,0.97316312849162,1,0.9034
6,6,10,1,2,2.0,0.0020161290322580645,0.047013889998197556,0.9684011363636364,0.7713215909090909,0.9683693181818182,1,0.4512
22,0,11,0,2,5.0,0.004761904761904762,0.0,0.9660954545454546,0.7738732954545454,0.9695846590909092,0,1.0
6,6,10,1,2,5.0,0.00741839762611276,0.08916666358709335,0.9734926553672316,0.6269056497175142,0.955367231638418,2,0.5655
14,6,10,1,2,2.0,0.002688172043010753,0.04850694537162781,0.9717162921348316,0.6548410112359551,0.9551494382022472,2,0.6045
22,0,11,0,2,5.0,0.006613756613756613,0.03361111134290695,0.9691514450867053,0.6074329479768786,0.9537063583815028,1,0.4336
6,6,10,1,2,6.0,0.006437768240343348,0.08114583045244217,0.9558448863636364,0.7807528409090909,0.977555681818182,1,0.9189
14,6,10,1,2,5.0,0.004761904761904762,0.07409722357988358,0.959408,0.7887599999999999,0.9514285714285714,1,0.9259
22,0,11,0,2,3.0,0.0028957528957528956,0.0,0.9592327485380115,0.7542111111111112,0.97113216374269,0,0.2957
6,6,10,1,3,3.0,0.004398826979472141,0.0,0.97625197740113,0.6071683615819209,0.9534841807909604,0,0.4111
14,6,10,1,3,6.0,0.007926023778071334,0.0,0.9750948863636364,0.5983465909090909,0.9623090909090908,0,0.9463
22,0,11,0,3,3.0,0.00425531914893617,0.0,0.9761469273743016,0.5908648044692737,0.9510592178770948,0,0.3562
6,6,10,1,3,6.0,0.007453416149068323,0.0,0.9577932203389832,0.7727412429378532,0.9548954802259888,0,1.0
14,6,10,1,3,4.0,0.005121638924455826,0.0,0.9601118644067796,0.7691152542372881,0.9529186440677966,0,0.3938
22,0,11,0,3,4.0,0.004028197381671702,0.03854166716337204,0.9582296511627908,0.8025308139534885,0.9455558139534884,1,0.9615
6,6,10,1,3,5.0,0.00591016548463357,0.09340278059244156,0.970548275862069,0.7340936781609195,0.969635632183908,1,0.594
14,6,10,1,3,6.0,0.006355932203389831,0.10709635447710752,0.9679265536723164,0.677564406779661,0.9646892655367232,1,0.6248
22,0,11,0,3,3.0,0.0028680688336520078,0.10709635447710752,0.9663485875706216,0.7424570621468926,0.9622666666666668,3,0.57
6,0,11,0,0,2.0,0.0019047619047619048,0.0,0.9714869318181818,0.7811892045454545,0.9603221590909092,0,1.0
14,0,11,0,0,2.0,0.0019047619047619048,0.0,0.9732103448275864,0.7720936781609196,0.9673367816091952,0,1.0
22,1,11,0,0,5.0,0.005055611729019211,0.0,0.9726114285714286,0.7704497142857143,0.9543937142857144,0,0.8372
6,0,11,0,0,6.0,0.008333333333333333,0.03802083432674408,0.9579948863636364,0.6420017045454546,0.9496204545454544,1,0.37
14,0,11,0,0,5.0,0.0068775790921595595,0.042152777314186096,0.9595845714285716,0.6536731428571428,0.9767611428571428,1,0.3096
22,1,11,0,0,3.0,0.004026845637583893,0.10709635447710752,0.960858757062147,0.6334305084745763,0.9482943502824858,1,0.8353
6,0,11,0,0,5.0,0.005045408678102927,0.10709635447710752,0.9711568965517242,0.7715344827586208,0.9542132183908044,1,0.7048
14,0,11,0,0,4.0,0.003996003996003996,0.10709635447710752,0.9698011363636364,0.75509375,0.9680863636363636,1,0.3994
22,1,11,0,0,2.0,0.0021119324181626186,0.0,0.9699949438202248,0.7404140449438202,0.9610904494382022,0,0.6182
6,0,11,0,1,2.0,0.0024906600249066002,0.0,0.9694767045454546,0.7222562499999999,0.9522732954545454,0,0.5335
14,0,11,0,1,2.0,0.0019157088122605363,0.0,0.970316384180791,0.7160909604519774,0.958379661016949,0,0.999
22,1,11,0,1,5.0,0.005580357142857143,0.10709635447710752,0.9707780898876404,0.6486887640449438,0.9695876404494382,1,0.7115
6,0,11,0,1,2.0,0.0028776978417266188,0.10709635447710752,0.9605514124293784,0.6269536723163842,0.9538604519774012,1,0.8731
14,0,11,0,1,5.0,0.008680555555555556,0.09902777522802353,0.961474431818182,0.6564625000000001,0.9428977272727272,1,0.2704
22,1,11,0,1,3.0,0.003963011889035667,0.0,0.9596569832402236,0.6435245810055866,0.9638513966480448,0,0.9604
6,0,11,0,1,6.0,0.005752636625119847,0.10461805760860443,0.965764,0.7633297142857142,0.9598091428571428,1,0.8954
14,0,11,0,1,6.0,0.005893909626719057,0.06138888746500015,0.961093220338983,0.7580553672316385,0.9796604519774011,1,0.7628
22,1,11,0,1,2.0,0.002257336343115124,0.10709635447710752,0.95955530726257,0.7858726256983241,0.97316312849162,1,0.7594
6,0,11,0,2,3.0,0.0035211267605633804,0.0,0.9684011363636364,0.7713215909090909,0.9683693181818182,0,1.0
14,0,11,0,2,2.0,0.0021208907741251328,0.0,0.9675180790960451,0.7758463276836158,0.9586621468926554,0,0.5008
22,1,11,0,2,4.0,0.0038095238095238095,0.0,0.9660954545454546,0.7738732954545454,0.9695846590909092,0,0.622
6,0,11,0,2,6.0,0.007434944237918215,0.03263888880610466,0.9734926553672316,0.6269056497175142,0.955367231638418,1,0.8541
14,0,11,0,2,2.0,0.0030816640986132513,0.056909721344709396,0.9717162921348316,0.6548410112359551,0.9551494382022472,1,0.3581
22,1,11,0,2,4.0,0.004761904761904762,0.029756944626569748,0.9691514450867053,0.6074329479768786,0.9537063583815028,1,0.9702
6,0,11,0,2,4.0,0.004545454545454545,0.0,0.9558448863636364,0.7807528409090909,0.977555681818182,0,0.7721
14,0,11,0,2,2.0,0.0019047619047619048,0.0,0.959408,0.7887599999999999,0.9514285714285714,0,1.0
22,1,11,0,2,4.0,0.003980099502487562,0.10709635447710752,0.9592327485380115,0.7542111111111112,0.97113216374269,2,0.8361
6,0,11,0,3,2.0,0.0034071550255536627,0.0,0.97625197740113,0.6071683615819209,0.9534841807909604,0,0.6689
14,0,11,0,3,3.0,0.00430416068866571,0.0,0.9750948863636364,0.5983465909090909,0.9623090909090908,0,0.416
22,1,11,0,3,5.0,0.006570302233902759,0.0,0.9761469273743016,0.5908648044692737,0.9510592178770948,0,0.3787
6,0,11,0,3,2.0,0.0019047619047619048,0.04184027761220932,0.9577932203389832,0.7727412429378532,0.9548954802259888,1,0.9582
14,0,11,0,3,3.0,0.0036809815950920245,0.037118054926395416,0.9601118644067796,0.7691152542372881,0.9529186440677966,1,0.7222
22,1,11,0,3,5.0,0.004761904761904762,0.10709635447710752,0.9582296511627908,0.8025308139534885,0.9455558139534884,2,0.7889
6,0,11,0,3,5.0,0.005045408678102927,0.10709635447710752,0.970548275862069,0.7340936781609195,0.969635632183908,3,0.7266
14,0,11,0,3,5.0,0.005787037037037037,0.10709635447710752,0.9679265536723164,0.677564406779661,0.9646892655367232,3,0.387
22,1,11,0,3,5.0,0.005827505827505828,0.0,0.9663485875706216,0.7424570621468926,0.9622666666666668,0,0.7934
6,1,11,0,0,3.0,0.003374578177727784,0.0,0.9714869318181818,0.7811892045454545,0.9603221590909092,0,0.5606
14,1,11,0,0,2.0,0.0019047619047619048,0.0,0.9732103448275864,0.7720936781609196,0.9673367816091952,0,0.7667
22,2,11,0,0,5.0,0.004761904761904762,0.0,0.9726114285714286,0.7704497142857143,0.9543937142857144,0,0.9053
6,1,11,0,0,4.0,0.005063291139240506,0.10709635447710752,0.9579948863636364,0.6420017045454546,0.9496204545454544,1,0.806
14,1,11,0,0,3.0,0.0036540803897685747,0.08423610776662827,0.9595845714285716,0.6536731428571428,0.9767611428571428,1,0.9158
22,2,11,0,0,0.0,0.0,0.08243055641651154,0.960858757062147,0.6334305084745763,0.9482943502824858,1,0.0
6,1,11,0,0,6.0,0.005714285714285714,0.0,0.9711568965517242,0.7715344827586208,0.9542132183908044,0,0.4699
14,1,11,0,0,5.0,0.00511770726714432,0.0,0.9698011363636364,0.75509375,0.9680863636363636,0,0.6351
22,2,11,0,0,4.0,0.004424778761061947,0.0,0.9699949438202248,0.7404140449438202,0.9610904494382022,0,0.7646
6,1,11,0,1,5.0,0.007132667617689016,0.10709635447710752,0.9694767045454546,0.7222562499999999,0.9522732954545454,1,0.5148
14,1,11,0,1,6.0,0.0075282308657465494,0.07569444179534912,0.970316384180791,0.7160909604519774,0.958379661016949,1,0.2291
22,2,11,0,1,3.0,0.003926701570680628,0.0881597250699997,0.9707780898876404,0.6486887640449438,0.9695876404494382,1,0.4719
6,1,11,0,1,3.0,0.003896103896103896,0.0,0.9605514124293784,0.6269536723163842,0.9538604519774012,0,0.6836
14,1,11,0,1,5.0,0.006180469715698393,0.0,0.961474431818182,0.6564625000000001,0.9428977272727272,0,0.7399
22,2,11,0,1,2.0,0.002797202797202797,0.10709635447710752,0.9596569832402236,0.6435245810055866,0.9638513966480448,1,0.8272
6,1,11,0,1,5.0,0.004921259842519685,0.10709635447710752,0.965764,0.7633297142857142,0.9598091428571428,1,0.7297
14,1,11,0,1,3.0,0.002890173410404624,0.10709635447710752,0.961093220338983,0.7580553672316385,0.9796604519774011,1,0.8663
22,2,11,0,1,2.0,0.0020161290322580645,0.07916666567325592,0.95955530726257,0.7858726256983241,0.97316312849162,1,0.3817
6,1,11,0,2,5.0,0.004975124378109453,0.0,0.9684011363636364,0.7713215909090909,0.9683693181818182,0,0.9272
14,1,11,0,2,3.0,0.003658536585365854,0.0,0.9675180790960451,0.7758463276836158,0.9586621468926554,0,0.3221
22,2,11,0,2,5.0,0.0048216007714561235,0.10709635447710752,0.9660954545454546,0.7738732954545454,0.9695846590909092,2,0.4014
6,1,11,0,2,3.0,0.003816793893129771,0.017986111342906952,0.9734926553672316,0.6269056497175142,0.955367231638418,1,0.3355
14,1,11,0,2,2.0,0.002554278416347382,0.018263889476656914,0.9717162921348316,0.6548410112359551,0.9551494382022472,1,0.9056
22,2,11,0,2,6.0,0.007692307692307693,0.0,0.9691514450867053,0.6074329479768786,0.9537063583815028,0,0.2576
6,1,11,0,2,3.0,0.002952755905511811,0.10709635447710752,0.9558448863636364,0.7807528409090909,0.977555681818182,2,0.8721
14,1,11,0,2,3.0,0.002973240832507433,0.10709635447710752,0.959408,0.7887599999999999,0.9514285714285714,2,0.3493
22,2,11,0,2,4.0,0.004052684903748734,0.0,0.9592327485380115,0.7542111111111112,0.97113216374269,0,0.2443
6,1,11,0,3,6.0,0.00916030534351145,0.0,0.97625197740113,0.6071683615819209,0.9534841807909604,0,0.685
14,1,11,0,3,2.0,0.0030441400304414,0.0,0.9750948863636364,0.5983465909090909,0.9623090909090908,0,0.5297
22,2,11,0,3,3.0,0.003911342894393742,0.0,0.9761469273743016,0.5908648044692737,0.9510592178770948,0,0.6935
6,1,11,0,3,6.0,0.006749156355455568,0.10709635447710752,0.9577932203389832,0.7727412429378532,0.9548954802259888,2,0.8158
14,1,11,0,3,5.0,0.005841121495327103,0.10709635447710752,0.9601118644067796,0.7691152542372881,0.9529186440677966,2,0.3088
22,2,11,0,3,3.0,0.0029182879377431907,0.10000000149011612,0.9582296511627908,0.8025308139534885,0.9455558139534884,2,0.5861
6,1,11,0,3,6.0,0.006160164271047228,0.0,0.970548275862069,0.7340936781609195,0.969635632183908,0,0.5279
14,1,11,0,3,5.0,0.004761904761904762,0.0,0.9679265536723164,0.677564406779661,0.9646892655367232,0,0.9012
22,2,11,0,3,2.0,0.002304147465437788,0.10709635447710752,0.9663485875706216,0.7424570621468926,0.9622666666666668,1,0.6571
6,2,11,0,0,6.0,0.006423982869379015,0.0,0.9714869318181818,0.7811892045454545,0.9603221590909092,0,0.8623
14,2,11,0,0,3.0,0.002857142857142857,0.0,0.9732103448275864,0.7720936781609196,0.9673367816091952,0,0.8017
22,3,11,0,0,1.0,0.0009523809523809524,0.0,0.9726114285714286,0.7704497142857143,0.9543937142857144,0,0.4346
6,2,11,0,0,3.0,0.004335260115606936,0.047951389104127884,0.9579948863636364,0.6420017045454546,0.9496204545454544,1,0.2631
14,2,11,0,0,2.0,0.002531645569620253,0.08461805433034897,0.9595845714285716,0.6536731428571428,0.9767611428571428,1,0.4476
22,3,11,0,0,6.0,0.007389162561576354,0.0,0.960858757062147,0.6334305084745763,0.9482943502824858,0,0.8571
6,2,11,0,0,4.0,0.004153686396677051,0.0,0.9711568965517242,0.7715344827586208,0.9542132183908044,0,1.0
14,2,11,0,0,2.0,0.002331002331002331,0.0,0.9698011363636364,0.75509375,0.9680863636363636,0,0.7963
22,3,11,0,0,5.0,0.004761904761904762,0.0,0.9699949438202248,0.7404140449438202,0.9610904494382022,0,0.4794
6,2,11,0,1,4.0,0.005148005148005148,0.07010416686534882,0.9694767045454546,0.7222562499999999,0.9522732954545454,1,0.6062
14,2,11,0,1,4.0,0.004975124378109453,0.1045486107468605,0.970316384180791,0.7160909604519774,0.958379661016949,1,0.4249
22,3,11,0,1,5.0,0.006127450980392157,0.0,0.9707780898876404,0.6486887640449438,0.9695876404494382,0,0.5193
6,2,11,0,1,5.0,0.0068212824010914054,0.10709635447710752,0.9605514124293784,0.6269536723163842,0.9538604519774012,1,0.689
14,2,11,0,1,6.0,0.009009009009009009,0.10709635447710752,0.961474431818182,0.6564625000000001,0.9428977272727272,1,0.7983
22,3,11,0,1,4.0,0.005471956224350205,0.0,0.9596569832402236,0.6435245810055866,0.9638513966480448,0,0.3554
6,2,11,0,1,2.0,0.0019743336623889436,0.10709635447710752,0.965764,0.7633297142857142,0.9598091428571428,1,0.5666
14,2,11,0,1,2.0,0.0021119324181626186,0.10472222417593002,0.961093220338983,0.7580553672316385,0.9796604519774011,1,0.8953
22,3,11,0,1,4.0,0.0048543689320388345,0.0,0.95955530726257,0.7858726256983241,0.97316312849162,0,0.586
6,2,11,0,2,5.0,0.0054585152838427945,0.10709635447710752,0.9684011363636364,0.7713215909090909,0.9683693181818182,2,0.8135
14,2,11,0,2,3.0,0.003575685339690107,0.10709635447710752,0.9675180790960451,0.7758463276836158,0.9586621468926554,2,0.759
22,3,11,0,2,2.0,0.0019047619047619048,0.10709635447710752,0.9660954545454546,0.7738732954545454,0.9695846590909092,2,0.5304
6,2,11,0,2,2.0,0.003179650238473768,0.0,0.9734926553672316,0.6269056497175142,0.955367231638418,0,0.1767
14,2,11,0,2,6.0,0.008547008547008548,0.0,0.9717162921348316,0.6548410112359551,0.9551494382022472,0,0.4643
22,3,11,0,2,3.0,0.004267425320056899,0.018333332613110542,0.9691514450867053,0.6074329479768786,0.9537063583815028,1,0.3061
6,2,11,0,2,3.0,0.0031023784901758012,0.0,0.9558448863636364,0.7807528409090909,0.977555681818182,0,0.9005
14,2,11,0,2,4.0,0.0038095238095238095,0.0,0.959408,0.7887599999999999,0.9514285714285714,0,0.3544
22,3,11,0,2,3.0,0.002857142857142857,0.03166666626930237,0.9592327485380115,0.7542111111111112,0.97113216374269,1,0.7262
6,2,11,0,3,6.0,0.00964630225080386,0.0,0.97625197740113,0.6071683615819209,0.9534841807909604,0,0.8129
14,2,11,0,3,5.0,0.006443298969072165,0.0,0.9750948863636364,0.5983465909090909,0.9623090909090908,0,0.7542
22,3,11,0,3,3.0,0.004043126684636119,0.0,0.9761469273743016,0.5908648044692737,0.9510592178770948,0,0.4323
6,2,11,0,3,4.0,0.004571428571428572,0.0711805522441864,0.9577932203389832,0.7727412429378532,0.9548954802259888,2,0.669
14,2,11,0,3,2.0,0.0021436227224008574,0.08788194507360458,0.9601118644067796,0.7691152542372881,0.9529186440677966,2,0.8407
22,3,11,0,3,3.0,0.0032822757111597373,0.0,0.9582296511627908,0.8025308139534885,0.9455558139534884,0,0.4354
6,2,11,0,3,2.0,0.002136752136752137,0.10510416328907013,0.970548275862069,0.7340936781609195,0.969635632183908,1,0.4329
14,2,11,0,3,2.0,0.002232142857142857,0.08124999701976776,0.9679265536723164,0.677564406779661,0.9646892655367232,1,0.3463
22,3,11,0,3,7.0,0.007700770077007701,0.0,0.9663485875706216,0.7424570621468926,0.9622666666666668,0,0.3677
6,3,11,0,0,2.0,0.002103049421661409,0.0,0.9714869318181818,0.7811892045454545,0.9603221590909092,0,0.384
14,3,11,0,0,2.0,0.0019047619047619048,0.0,0.9732103448275864,0.7720936781609196,0.9673367816091952,0,0.303
22,4,11,0,0,5.0,0.004761904761904762,0.0,0.9726114285714286,0.7704497142857143,0.9543937142857144,0,0.5086
6,3,11,0,0,2.0,0.0024509803921568627,0.0,0.9579948863636364,0.6420017045454546,0.9496204545454544,0,0.4981
14,3,11,0,0,3.0,0.003821656050955414,0.0,0.9595845714285716,0.6536731428571428,0.9767611428571428,0,0.8897
22,4,11,0,0,2.0,0.0024937655860349127,0.06503472477197647,0.960858757062147,0.6334305084745763,0.9482943502824858,2,0.5619
6,3,11,0,0,4.0,0.004012036108324975,0.0,0.9711568965517242,0.7715344827586208,0.9542132183908044,0,0.7982
14,3,11,0,0,3.0,0.003278688524590164,0.0,0.9698011363636364,0.75509375,0.9680863636363636,0,0.4432
22,4,11,0,0,4.0,0.004210526315789474,0.09642361104488373,0.9699949438202248,0.7404140449438202,0.9610904494382022,1,0.7229
6,3,11,0,1,4.0,0.004711425206124852,0.0,0.9694767045454546,0.7222562499999999,0.9522732954545454,0,1.0
14,3,11,0,1,3.0,0.0037220843672456576,0.0,0.970316384180791,0.7160909604519774,0.958379661016949,0,0.4286
22,4,11,0,1,4.0,0.005188067444876783,0.0,0.9707780898876404,0.6486887640449438,0.9695876404494382,0,0.3132
6,3,11,0,1,5.0,0.01098901098901099,0.0,0.9605514124293784,0.6269536723163842,0.9538604519774012,0,0.1477
14,3,11,0,1,5.0,0.006313131313131313,0.0,0.961474431818182,0.6564625000000001,0.9428977272727272,0,0.5497
22,4,11,0,1,5.0,0.006570302233902759,0.0,0.9596569832402236,0.6435245810055866,0.9638513966480448,0,0.901
6,3,11,0,1,6.0,0.006103763987792472,0.0,0.965764,0.7633297142857142,0.9598091428571428,0,0.6028
14,3,11,0,1,2.0,0.002183406113537118,0.0,0.961093220338983,0.7580553672316385,0.9796604519774011,0,1.0
22,4,11,0,1,1.0,0.0010362694300518134,0.0,0.95955530726257,0.7858726256983241,0.97316312849162,0,0.4875
6,3,11,0,2,6.0,0.006896551724137931,0.10709635447710752,0.9684011363636364,0.7713215909090909,0.9683693181818182,2,0.6915
14,3,11,0,2,5.0,0.004761904761904762,0.10709635447710752,0.9675180790960451,0.7758463276836158,0.9586621468926554,2,0.8462
22,4,11,0,2,2.0,0.0020491803278688526,0.0,0.9660954545454546,0.7738732954545454,0.9695846590909092,0,1.0
6,3,11,0,2,2.0,0.002617801047120419,0.01631944440305233,0.9734926553672316,0.6269056497175142,0.955367231638418,1,0.8261
14,3,11,0,2,2.0,0.0025477707006369425,0.01045138854533434,0.9717162921348316,0.6548410112359551,0.9551494382022472,1,0.9895
22,4,11,0,2,8.0,0.010139416983523447,0.0,0.9691514450867053,0.6074329479768786,0.9537063583815028,0,0.7624
6,3,11,0,2,2.0,0.0021929824561403508,0.030763888731598854,0.9558448863636364,0.7807528409090909,0.977555681818182,1,0.6087
14,3,11,0,2,3.0,0.002857142857142857,0.028229165822267532,0.959408,0.7887599999999999,0.9514285714285714,1,0.6337
22,4,11,0,2,5.0,0.004761904761904762,0.0,0.9592327485380115,0.7542111111111112,0.97113216374269,0,0.9629
6,3,11,0,3,2.0,0.0028653295128939827,0.0,0.97625197740113,0.6071683615819209,0.9534841807909604,0,0.681
14,3,11,0,3,3.0,0.0055762081784386614,0.0,0.9750948863636364,0.5983465909090909,0.9623090909090908,0,0.4113
22,4,11,0,3,5.0,0.007246376811594203,0.0,0.9761469273743016,0.5908648044692737,0.9510592178770948,0,0.713
6,3,11,0,3,2.0,0.0019047619047619048,0.0,0.9577932203389832,0.7727412429378532,0.9548954802259888,0,1.0
14,3,11,0,3,5.0,0.0050916496945010185,0.0,0.9601118644067796,0.7691152542372881,0.9529186440677966,0,0.4869
22,4,11,0,3,3.0,0.003188097768331562,0.10709635447710752,0.9582296511627908,0.8025308139534885,0.9455558139534884,1,0.8649
6,3,11,0,3,5.0,0.005847953216374269,0.0,0.970548275862069,0.7340936781609195,0.969635632183908,0,0.6908
14,3,11,0,3,4.0,0.004694835680751174,0.0,0.9679265536723164,0.677564406779661,0.9646892655367232,0,0.6396
22,4,11,0,3,2.0,0.002207505518763797,0.10709635447710752,0.9663485875706216,0.7424570621468926,0.9622666666666668,1,0.2683
6,4,11,0,0,2.0,0.0020222446916076846,0.0,0.9714869318181818,0.7811892045454545,0.9603221590909092,0,0.8623
14,4,11,0,0,5.0,0.004761904761904762,0.0,0.9732103448275864,0.7720936781609196,0.9673367816091952,0,0.8856
22,5,11,1,0,3.0,0.002857142857142857,0.0,0.9726114285714286,0.7704497142857143,0.9543937142857144,0,0.6865
6,4,11,0,0,6.0,0.008021390374331552,0.09079860895872116,0.9579948863636364,0.6420017045454546,0.9496204545454544,2,0.8226
14,4,11,0,0,2.0,0.0022002200220022,0.0754166692495346,0.9595845714285716,0.6536731428571428,0.9767611428571428,2,0.9246
22,5,11,1,0,5.0,0.006729475100942127,0.0,0.960858757062147,0.6334305084745763,0.9482943502824858,0,0.2229
6,4,11,0,0,4.0,0.0050568900126422255,0.08170139044523239,0.9711568965517242,0.7715344827586208,0.9542132183908044,1,0.6255
14,4,11,0,0,4.0,0.0038095238095238095,0.10709635447710752,0.9698011363636364,0.75509375,0.9680863636363636,1,0.797
22,5,11,1,0,4.0,0.004395604395604396,0.0,0.9699949438202248,0.7404140449438202,0.9610904494382022,0,0.6389
6,4,11,0,1,4.0,0.004728132387706856,0.0,0.9694767045454546,0.7222562499999999,0.9522732954545454,0,1.0
14,4,11,0,1,5.0,0.006435006435006435,0.0,0.970316384180791,0.7160909604519774,0.958379661016949,0,0.8195
22,5,11,1,1,4.0,0.004744958481613286,0.0,0.9707780898876404,0.6486887640449438,0.9695876404494382,0,0.8974
6,4,11,0,1,6.0,0.009077155824508321,0.0,0.9605514124293784,0.6269536723163842,0.9538604519774012,0,0.3776
14,4,11,0,1,3.0,0.004,0.0,0.961474431818182,0.6564625000000001,0.9428977272727272,0,0.8172
22,5,11,1,1,1.0,0.0011376564277588168,0.041631944477558136,0.9596569832402236,0.6435245810055866,0.9638513966480448,1,0.3388
6,4,11,0,1,6.0,0.005714285714285714,0.0,0.965764,0.7633297142857142,0.9598091428571428,0,1.0
14,4,11,0,1,3.0,0.002857142857142857,0.0,0.961093220338983,0.7580553672316385,0.9796604519774011,0,0.7186
22,5,11,1,1,6.0,0.005714285714285714,0.0,0.95955530726257,0.7858726256983241,0.97316312849162,0,1.0
6,4,11,0,2,4.0,0.004119464469618949,0.0,0.9684011363636364,0.7713215909090909,0.9683693181818182,0,1.0
14,4,11,0,2,4.0,0.0038461538461538464,0.0,0.9675180790960451,0.7758463276836158,0.9586621468926554,0,0.9876
22,5,11,1,2,5.0,0.005868544600938967,0.0,0.9660954545454546,0.7738732954545454,0.9695846590909092,0,0.7804
6,4,11,0,2,3.0,0.0034285714285714284,0.0,0.9734926553672316,0.6269056497175142,0.955367231638418,0,0.7474
14,4,11,0,2,2.0,0.003284072249589491,0.0,0.9717162921348316,0.6548410112359551,0.9551494382022472,0,0.4737
22,5,11,1,2,4.0,0.005031446540880503,0.0,0.9691514450867053,0.6074329479768786,0.9537063583815028,0,0.8958
6,4,11,0,2,2.0,0.0019047619047619048,0.0,0.9558448863636364,0.7807528409090909,0.977555681818182,0,1.0
14,4,11,0,2,4.0,0.0038095238095238095,0.0,0.959408,0.7887599999999999,0.9514285714285714,0,1.0
22,5,11,1,2,3.0,0.003076923076923077,0.0,0.9592327485380115,0.7542111111111112,0.97113216374269,0,0.5652
6,4,11,0,3,6.0,0.00872093023255814,0.0,0.97625197740113,0.6071683615819209,0.9534841807909604,0,0.4895
14,4,11,0,3,5.0,0.006587615283267457,0.0,0.9750948863636364,0.5983465909090909,0.9623090909090908,0,0.2904
22,5,11,1,3,1.0,0.0013698630136986301,0.10709635447710752,0.9761469273743016,0.5908648044692737,0.9510592178770948,1,0.7313
6,4,11,0,3,4.0,0.003976143141153081,0.10709635447710752,0.9577932203389832,0.7727412429378532,0.9548954802259888,1,0.6239
14,4,11,0,3,4.0,0.003816793893129771,0.10709635447710752,0.9601118644067796,0.7691152542372881,0.9529186440677966,1,0.7019
22,5,11,1,3,1.0,0.0009671179883945841,0.05722222104668617,0.9582296511627908,0.8025308139534885,0.9455558139534884,1,0.9428
6,4,11,0,3,3.0,0.003236245954692557,0.08590278029441833,0.970548275862069,0.7340936781609195,0.969635632183908,1,0.3963
14,4,11,0,3,4.0,0.005571030640668524,0.08465278148651123,0.9679265536723164,0.677564406779661,0.9646892655367232,1,0.5519
22,5,11,1,3,6.0,0.0069767441860465115,0.0,0.9663485875706216,0.7424570621468926,0.9622666666666668,0,0.8254
6,5,11,1,0,6.0,0.0061162079510703364,0.0,0.9714869318181818,0.7811892045454545,0.9603221590909092,0,1.0
22,6,11,1,0,4.0,0.0038095238095238095,0.05996527895331383,0.9726114285714286,0.7704497142857143,0.9543937142857144,1,0.94
6,5,11,1,0,6.0,0.008571428571428572,0.0,0.9579948863636364,0.6420017045454546,0.9496204545454544,0,0.4343
14,5,11,1,0,2.0,0.002849002849002849,0.0,0.9595845714285716,0.6536731428571428,0.9767611428571428,0,0.2801
6,5,11,1,0,6.0,0.005940594059405941,0.0,0.9711568965517242,0.7715344827586208,0.9542132183908044,0,0.8631
14,5,11,1,0,2.0,0.001998001998001998,0.0,0.9698011363636364,0.75509375,0.9680863636363636,0,0.6632
22,6,11,1,0,2.0,0.0024752475247524753,0.0,0.9699949438202248,0.7404140449438202,0.9610904494382022,0,1.0
6,5,11,1,1,4.0,0.004324324324324324,0.0,0.9694767045454546,0.7222562499999999,0.9522732954545454,0,0.6003
14,5,11,1,1,3.0,0.004070556309362279,0.0,0.970316384180791,0.7160909604519774,0.958379661016949,0,0.7738
22,6,11,1,1,5.0,0.004935834155972359,0.0,0.9707780898876404,0.6486887640449438,0.9695876404494382,0,0.7404
6,5,11,1,1,1.0,0.001218026796589525,0.021770833060145378,0.9605514124293784,0.6269536723163842,0.9538604519774012,1,0.3093
14,5,11,1,1,6.0,0.012048192771084338,0.028611110523343086,0.961474431818182,0.6564625000000001,0.9428977272727272,1,0.5103
22,6,11,1,1,2.0,0.0024125452352231603,0.0,0.9596569832402236,0.6435245810055866,0.9638513966480448,0,0.7642
6,5,11,1,1,3.0,0.0032119914346895075,0.0,0.965764,0.7633297142857142,0.9598091428571428,0,0.4184
14,5,11,1,1,6.0,0.005714285714285714,0.0,0.961093220338983,0.7580553672316385,0.9796604519774011,0,1.0
22,6,11,1,1,6.0,0.006147540983606557,0.0,0.95955530726257,0.7858726256983241,0.97316312849162,0,0.3399
6,5,11,1,2,5.0,0.004803073967339097,0.0,0.9684011363636364,0.7713215909090909,0.9683693181818182,0,0.9918
14,5,11,1,2,2.0,0.0025188916876574307,0.0,0.9675180790960451,0.7758463276836158,0.9586621468926554,0,1.0
22,6,11,1,2,6.0,0.006006006006006006,0.0,0.9660954545454546,0.7738732954545454,0.9695846590909092,0,1.0
6,5,11,1,2,6.0,0.008053691275167786,0.0,0.9734926553672316,0.6269056497175142,0.955367231638418,0,0.4886
14,5,11,1,2,6.0,0.008053691275167786,0.0,0.9717162921348316,0.6548410112359551,0.9551494382022472,0,0.9106
22,6,11,1,2,5.0,0.0070028011204481795,0.007256944663822651,0.9691514450867053,0.6074329479768786,0.9537063583815028,1,0.8216
6,5,11,1,2,3.0,0.003045685279187817,0.0,0.9558448863636364,0.7807528409090909,0.977555681818182,0,1.0
14,5,11,1,2,5.0,0.00522466039707419,0.0,0.959408,0.7887599999999999,0.9514285714285714,0,1.0
22,6,11,1,2,2.0,0.0021413276231263384,0.0,0.9592327485380115,0.7542111111111112,0.97113216374269,0,0.6522
6,5,11,1,3,3.0,0.004491017964071856,0.10709635447710752,0.97625197740113,0.6071683615819209,0.9534841807909604,1,0.5293
14,5,11,1,3,2.0,0.0027548209366391185,0.10709635447710752,0.9750948863636364,0.5983465909090909,0.9623090909090908,1,0.8859
22,6,11,1,3,1.0,0.001221001221001221,0.08069444447755814,0.9761469273743016,0.5908648044692737,0.9510592178770948,2,0.4597
6,5,11,1,3,2.0,0.0023014959723820483,0.049965277314186096,0.9577932203389832,0.7727412429378532,0.9548954802259888,1,0.6263
14,5,11,1,3,2.0,0.0022099447513812156,0.04319444298744202,0.9601118644067796,0.7691152542372881,0.9529186440677966,1,0.257
6,5,11,1,3,3.0,0.0038119440914866584,0.0,0.970548275862069,0.7340936781609195,0.969635632183908,0,0.4834
14,5,11,1,3,6.0,0.00663716814159292,0.0,0.9679265536723164,0.677564406779661,0.9646892655367232,0,0.7627
22,6,11,1,3,4.0,0.004206098843322818,0.0,0.9663485875706216,0.7424570621468926,0.9622666666666668,0,1.0
6,6,11,1,0,5.0,0.0048216007714561235,0.06847222149372101,0.9714869318181818,0.7811892045454545,0.9603221590909092,1,0.9315
14,6,11,1,0,3.0,0.002857142857142857,0.039444442838430405,0.9732103448275864,0.7720936781609196,0.9673367816091952,1,0.9606
22,0,12,0,0,7.0,0.008717310087173101,0.0477430559694767,0.9726114285714286,0.7704497142857143,0.9543937142857144,1,0.7774
6,6,11,1,0,4.0,0.004914004914004914,0.0,0.9579948863636364,0.6420017045454546,0.9496204545454544,0,0.6345
14,6,11,1,0,3.0,0.004026845637583893,0.0,0.9595845714285716,0.6536731428571428,0.9767611428571428,0,0.715
22,0,12,0,0,5.0,0.005889281507656066,0.0,0.960858757062147,0.6334305084745763,0.9482943502824858,0,0.4616
6,6,11,1,0,3.0,0.002912621359223301,0.0,0.9711568965517242,0.7715344827586208,0.9542132183908044,0,1.0
14,6,11,1,0,6.0,0.005714285714285714,0.0,0.9698011363636364,0.75509375,0.9680863636363636,0,0.7758
22,0,12,0,0,4.0,0.005891016200294551,0.08222222328186035,0.9699949438202248,0.7404140449438202,0.9610904494382022,1,0.1626
6,6,11,1,1,3.0,0.0031779661016949155,0.0,0.9694767045454546,0.7222562499999999,0.9522732954545454,0,0.3216
14,6,11,1,1,5.0,0.006570302233902759,0.0,0.970316384180791,0.7160909604519774,0.958379661016949,0,0.9526
6,6,11,1,1,3.0,0.0035169988276670576,0.0,0.9605514124293784,0.6269536723163842,0.9538604519774012,0,0.425
14,6,11,1,1,1.0,0.0014903129657228018,0.0,0.961474431818182,0.6564625000000001,0.9428977272727272,0,0.3387
22,0,12,0,1,3.0,0.003865979381443299,0.0,0.9596569832402236,0.6435245810055866,0.9638513966480448,0,0.873
14,6,11,1,1,4.0,0.004149377593360996,0.0,0.961093220338983,0.7580553672316385,0.9796604519774011,0,0.9493
22,0,12,0,1,1.0,0.0011160714285714285,0.0,0.95955530726257,0.7858726256983241,0.97316312849162,0,1.0
6,6,11,1,2,2.0,0.0019047619047619048,0.0,0.9684011363636364,0.7713215909090909,0.9683693181818182,0,0.8272
14,6,11,1,2,1.0,0.0009523809523809524,0.0,0.9675180790960451,0.7758463276836158,0.9586621468926554,0,0.5
22,0,12,0,2,5.0,0.005257623554153523,0.0,0.9660954545454546,0.7738732954545454,0.9695846590909092,0,1.0
6,6,11,1,2,4.0,0.005961251862891207,0.012256944552063942,0.9734926553672316,0.6269056497175142,0.955367231638418,1,0.9016
14,6,11,1,2,5.0,0.006329113924050633,0.008159722201526165,0.9717162921348316,0.6548410112359551,0.9551494382022472,1,0.3895
22,0,12,0,2,5.0,0.005952380952380952,0.0,0.9691514450867053,0.6074329479768786,0.9537063583815028,0,0.7272
6,6,11,1,2,5.0,0.005341880341880342,0.0,0.9558448863636364,0.7807528409090909,0.977555681818182,0,0.5115
14,6,11,1,2,2.0,0.0019193857965451055,0.0,0.959408,0.7887599999999999,0.9514285714285714,0,0.9932
22,0,12,0,2,4.0,0.004343105320304018,0.10709635447710752,0.9592327485380115,0.7542111111111112,0.97113216374269,2,0.7823
14,6,11,1,3,2.0,0.0028530670470756064,0.10517361015081406,0.9750948863636364,0.5983465909090909,0.9623090909090908,2,0.2974
22,0,12,0,3,3.0,0.004862236628849271,0.0,0.9761469273743016,0.5908648044692737,0.9510592178770948,0,0.2395
6,6,11,1,3,2.0,0.0021141649048625794,0.031006945297122,0.9577932203389832,0.7727412429378532,0.9548954802259888,1,0.7926
14,6,11,1,3,1.0,0.0010706638115631692,0.019930556416511536,0.9601118644067796,0.7691152542372881,0.9529186440677966,1,0.1969
6,6,11,1,3,5.0,0.0059594755661501785,0.0,0.970548275862069,0.7340936781609195,0.969635632183908,0,0.3292
14,6,11,1,3,3.0,0.0031088082901554403,0.0,0.9679265536723164,0.677564406779661,0.9646892655367232,0,0.6688
22,0,12,0,3,2.0,0.002081165452653486,0.0,0.9663485875706216,0.7424570621468926,0.9622666666666668,0,0.6393
6,0,12,0,0,2.0,0.0021321961620469083,0.07878471910953522,0.9714869318181818,0.7811892045454545,0.9603221590909092,1,0.6722
14,0,12,0,0,4.0,0.0038095238095238095,0.07972222566604614,0.9732103448275864,0.7720936781609196,0.9673367816091952,1,0.5371
22,1,12,0,0,3.0,0.0033783783783783786,0.06968750059604645,0.9726114285714286,0.7704497142857143,0.9543937142857144,1,0.7122
6,0,12,0,0,5.0,0.007656967840735069,0.0,0.9579948863636364,0.6420017045454546,0.9496204545454544,0,0.3777
14,0,12,0,0,5.0,0.009328358208955223,0.0,0.9595845714285716,0.6536731428571428,0.9767611428571428,0,0.397
22,1,12,0,0,5.0,0.006993006993006993,0.10709635447710752,0.960858757062147,0.6334305084745763,0.9482943502824858,1,0.7215
6,0,12,0,0,4.0,0.0038095238095238095,0.07215277850627899,0.9711568965517242,0.7715344827586208,0.9542132183908044,1,0.9278
14,0,12,0,0,4.0,0.004098360655737705,0.031388889998197556,0.9698011363636364,0.75509375,0.9680863636363636,1,0.8902
22,1,12,0,0,2.0,0.002728512960436562,0.0,0.9699949438202248,0.7404140449438202,0.9610904494382022,0,0.6516
6,0,12,0,1,4.0,0.004032258064516129,0.0,0.9694767045454546,0.7222562499999999,0.9522732954545454,0,1.0
14,0,12,0,1,3.0,0.003401360544217687,0.0,0.970316384180791,0.7160909604519774,0.958379661016949,0,0.2074
22,1,12,0,1,4.0,0.004878048780487805,0.0,0.9707780898876404,0.6486887640449438,0.9695876404494382,0,0.6588
6,0,12,0,1,2.0,0.0027247956403269754,0.0,0.9605514124293784,0.6269536723163842,0.9538604519774012,0,0.7656
14,0,12,0,1,5.0,0.006510416666666667,0.0,0.961474431818182,0.6564625000000001,0.9428977272727272,0,0.3544
22,1,12,0,1,6.0,0.008784773060029283,0.0,0.9596569832402236,0.6435245810055866,0.9638513966480448,0,0.5241
6,0,12,0,1,2.0,0.001951219512195122,0.0,0.965764,0.7633297142857142,0.9598091428571428,0,0.8033
14,0,12,0,1,3.0,0.002857142857142857,0.0,0.961093220338983,0.7580553672316385,0.9796604519774011,0,0.7751
22,1,12,0,1,5.0,0.004761904761904762,0.10709635447710752,0.95955530726257,0.7858726256983241,0.97316312849162,1,0.3642
6,0,12,0,2,5.0,0.005149330587023687,0.0,0.9684011363636364,0.7713215909090909,0.9683693181818182,0,0.6504
14,0,12,0,2,4.0,0.0041928721174004195,0.0,0.9675180790960451,0.7758463276836158,0.9586621468926554,0,1.0
22,1,12,0,2,2.0,0.002607561929595828,0.0,0.9660954545454546,0.7738732954545454,0.9695846590909092,0,0.808
6,0,12,0,2,6.0,0.007751937984496124,0.0,0.9734926553672316,0.6269056497175142,0.955367231638418,0,0.2408
14,0,12,0,2,2.0,0.002366863905325444,0.0,0.9717162921348316,0.6548410112359551,0.9551494382022472,0,0.9095
22,1,12,0,2,6.0,0.008534850640113799,0.0,0.9691514450867053,0.6074329479768786,0.9537063583815028,0,0.5736
6,0,12,0,2,4.0,0.0038095238095238095,0.10709635447710752,0.9558448863636364,0.7807528409090909,0.977555681818182,2,0.7742
14,0,12,0,2,3.0,0.0032967032967032967,0.08777777850627899,0.959408,0.7887599999999999,0.9514285714285714,2,0.6538
22,1,12,0,2,5.0,0.004761904761904762,0.021666666492819786,0.9592327485380115,0.7542111111111112,0.97113216374269,1,0.9783
6,0,12,0,3,2.0,0.0035211267605633804,0.0,0.97625197740113,0.6071683615819209,0.9534841807909604,0,0.2341
14,0,12,0,3,4.0,0.006379585326953748,0.0,0.9750948863636364,0.5983465909090909,0.9623090909090908,0,0.2051
22,1,12,0,3,2.0,0.0027624309392265192,0.0,0.9761469273743016,0.5908648044692737,0.9510592178770948,0,0.456
6,0,12,0,3,4.0,0.004357298474945534,0.05979166552424431,0.9577932203389832,0.7727412429378532,0.9548954802259888,1,0.7097
14,0,12,0,3,3.0,0.003271537622682661,0.10083333402872086,0.9601118644067796,0.7691152542372881,0.9529186440677966,1,0.3095
22,1,12,0,3,4.0,0.005063291139240506,0.0,0.9582296511627908,0.8025308139534885,0.9455558139534884,0,0.7977
6,0,12,0,3,4.0,0.004371584699453552,0.0,0.970548275862069,0.7340936781609195,0.969635632183908,0,0.5099
14,0,12,0,3,4.0,0.004282655246252677,0.0,0.9679265536723164,0.677564406779661,0.9646892655367232,0,1.0
22,1,12,0,3,5.0,0.005302226935312832,0.028368055820465088,0.9663485875706216,0.7424570621468926,0.9622666666666668,1,0.7612
6,1,12,0,0,2.0,0.0019047619047619048,0.07284722477197647,0.9714869318181818,0.7811892045454545,0.9603221590909092,1,0.9239
14,1,12,0,0,3.0,0.003246753246753247,0.07270833104848862,0.9732103448275864,0.7720936781609196,0.9673367816091952,1,0.6134
22,2,12,0,0,4.0,0.004333694474539545,0.0,0.9726114285714286,0.7704497142857143,0.9543937142857144,0,0.9156
6,1,12,0,0,6.0,0.009917355371900827,0.10709635447710752,0.9579948863636364,0.6420017045454546,0.9496204545454544,1,0.598
14,1,12,0,0,2.0,0.0026246719160104987,0.10709635447710752,0.9595845714285716,0.6536731428571428,0.9767611428571428,1,0.5918
22,2,12,0,0,8.0,0.010243277848911651,0.0,0.960858757062147,0.6334305084745763,0.9482943502824858,0,0.7124
6,1,12,0,0,2.0,0.00196078431372549,0.0,0.9711568965517242,0.7715344827586208,0.9542132183908044,0,0.3921
14,1,12,0,0,6.0,0.006349206349206349,0.0,0.9698011363636364,0.75509375,0.9680863636363636,0,1.0
22,2,12,0,0,6.0,0.006944444444444444,0.0,0.9699949438202248,0.7404140449438202,0.9610904494382022,0,0.8655
6,1,12,0,1,3.0,0.0033594624860022394,0.0,0.9694767045454546,0.7222562499999999,0.9522732954545454,0,0.9392
14,1,12,0,1,2.0,0.002325581395348837,0.0,0.970316384180791,0.7160909604519774,0.958379661016949,0,0.6667
22,2,12,0,1,5.0,0.008291873963515755,0.10709635447710752,0.9707780898876404,0.6486887640449438,0.9695876404494382,1,0.4252
6,1,12,0,1,4.0,0.0057306590257879654,0.0,0.9605514124293784,0.6269536723163842,0.9538604519774012,0,0.3484
14,1,12,0,1,2.0,0.002398081534772182,0.0,0.961474431818182,0.6564625000000001,0.9428977272727272,0,1.0
22,2,12,0,1,6.0,0.008264462809917356,0.0,0.9596569832402236,0.6435245810055866,0.9638513966480448,0,0.907
6,1,12,0,1,6.0,0.006795016987542469,0.10709635447710752,0.965764,0.7633297142857142,0.9598091428571428,1,0.5865
14,1,12,0,1,2.0,0.0024937655860349127,0.10709635447710752,0.961093220338983,0.7580553672316385,0.9796604519774011,1,0.7825
22,2,12,0,1,4.0,0.004166666666666667,0.00711805559694767,0.95955530726257,0.7858726256983241,0.97316312849162,1,0.4034
6,1,12,0,2,3.0,0.002898550724637681,0.0,0.9684011363636364,0.7713215909090909,0.9683693181818182,0,0.7317
14,1,12,0,2,5.0,0.004761904761904762,0.0,0.9675180790960451,0.7758463276836158,0.9586621468926554,0,0.6475
22,2,12,0,2,2.0,0.0024600246002460025,0.0,0.9660954545454546,0.7738732954545454,0.9695846590909092,0,0.2493
6,1,12,0,2,4.0,0.006259780907668232,0.0,0.9734926553672316,0.6269056497175142,0.955367231638418,0,0.8698
14,1,12,0,2,5.0,0.006693440428380187,0.0,0.9717162921348316,0.6548410112359551,0.9551494382022472,0,0.9963
22,2,12,0,2,2.0,0.0024906600249066002,0.10709635447710752,0.9691514450867053,0.6074329479768786,0.9537063583815028,1,0.2549
6,1,12,0,2,4.0,0.003827751196172249,0.017430555075407028,0.9558448863636364,0.7807528409090909,0.977555681818182,1,0.9826
14,1,12,0,2,6.0,0.006550218340611353,0.04871527850627899,0.959408,0.7887599999999999,0.9514285714285714,1,0.9446
22,2,12,0,2,6.0,0.005714285714285714,0.0,0.9592327485380115,0.7542111111111112,0.97113216374269,0,1.0
6,1,12,0,3,6.0,0.00906344410876133,0.0,0.97625197740113,0.6071683615819209,0.9534841807909604,0,0.5501
14,1,12,0,3,3.0,0.004398826979472141,0.0,0.9750948863636364,0.5983465909090909,0.9623090909090908,0,0.9008
22,2,12,0,3,2.0,0.0026845637583892616,0.10709635447710752,0.9761469273743016,0.5908648044692737,0.9510592178770948,1,0.7619
6,1,12,0,3,6.0,0.005836575875486381,0.0,0.9577932203389832,0.7727412429378532,0.9548954802259888,0,0.953
14,1,12,0,3,5.0,0.0050916496945010185,0.0,0.9601118644067796,0.7691152542372881,0.9529186440677966,0,1.0
22,2,12,0,3,5.0,0.006075334143377886,0.0,0.9582296511627908,0.8025308139534885,0.9455558139534884,0,0.2826
6,1,12,0,3,3.0,0.0033149171270718232,0.03548610955476761,0.970548275862069,0.7340936781609195,0.969635632183908,1,0.4051
14,1,12,0,3,2.0,0.0023501762632197414,0.04888888821005821,0.9679265536723164,0.677564406779661,0.9646892655367232,1,0.4884
22,2,12,0,3,1.0,0.001177856301531213,0.0,0.9663485875706216,0.7424570621468926,0.9622666666666668,0,0.9304
6,2,12,0,0,6.0,0.007947019867549669,0.0,0.9714869318181818,0.7811892045454545,0.9603221590909092,0,0.5025
14,2,12,0,0,3.0,0.0033259423503325942,0.0,0.9732103448275864,0.7720936781609196,0.9673367816091952,0,0.9665
22,3,12,0,0,6.0,0.005714285714285714,0.056805554777383804,0.9726114285714286,0.7704497142857143,0.9543937142857144,1,0.9297
6,2,12,0,0,3.0,0.003821656050955414,0.0,0.9579948863636364,0.6420017045454546,0.9496204545454544,0,0.75
14,2,12,0,0,3.0,0.003947368421052632,0.0,0.9595845714285716,0.6536731428571428,0.9767611428571428,0,0.612
22,3,12,0,0,2.0,0.0028530670470756064,0.0,0.960858757062147,0.6334305084745763,0.9482943502824858,0,0.9658
6,2,12,0,0,3.0,0.0033632286995515697,0.0,0.9711568965517242,0.7715344827586208,0.9542132183908044,0,0.3953
14,2,12,0,0,4.0,0.0038095238095238095,0.0,0.9698011363636364,0.75509375,0.9680863636363636,0,1.0
22,3,12,0,0,8.0,0.009557945041816009,0.0,0.9699949438202248,0.7404140449438202,0.9610904494382022,0,1.0
6,2,12,0,1,3.0,0.0031746031746031746,0.05895833298563957,0.9694767045454546,0.7222562499999999,0.9522732954545454,1,0.3098
14,2,12,0,1,5.0,0.006544502617801047,0.10709635447710752,0.970316384180791,0.7160909604519774,0.958379661016949,1,0.7175
22,3,12,0,1,6.0,0.00784313725490196,0.0,0.9707780898876404,0.6486887640449438,0.9695876404494382,0,0.6675
6,2,12,0,1,4.0,0.006060606060606061,0.0,0.9605514124293784,0.6269536723163842,0.9538604519774012,0,0.4052
14,2,12,0,1,5.0,0.006418485237483954,0.0,0.961474431818182,0.6564625000000001,0.9428977272727272,0,0.795
22,3,12,0,1,2.0,0.002364066193853428,0.015763888135552406,0.9596569832402236,0.6435245810055866,0.9638513966480448,1,0.2793
6,2,12,0,1,2.0,0.0024271844660194173,0.009027778171002865,0.965764,0.7633297142857142,0.9598091428571428,1,0.6921
14,2,12,0,1,6.0,0.00804289544235925,0.007847222499549389,0.961093220338983,0.7580553672316385,0.9796604519774011,1,0.8468
22,3,12,0,1,6.0,0.006734006734006734,0.024513889104127884,0.95955530726257,0.7858726256983241,0.97316312849162,1,0.9755
6,2,12,0,2,5.0,0.004761904761904762,0.0,0.9684011363636364,0.7713215909090909,0.9683693181818182,0,0.7412
14,2,12,0,2,5.0,0.004761904761904762,0.0,0.9675180790960451,0.7758463276836158,0.9586621468926554,0,1.0
22,3,12,0,2,8.0,0.007619047619047619,0.012916666455566883,0.9660954545454546,0.7738732954545454,0.9695846590909092,1,0.9871
6,2,12,0,2,5.0,0.007861635220125786,0.09440971910953522,0.9734926553672316,0.6269056497175142,0.955367231638418,1,0.2902
14,2,12,0,2,5.0,0.006218905472636816,0.10709635447710752,0.9717162921348316,0.6548410112359551,0.9551494382022472,1,0.783
22,3,12,0,2,6.0,0.007653061224489796,0.0,0.9691514450867053,0.6074329479768786,0.9537063583815028,0,0.3923
6,2,12,0,2,5.0,0.005159958720330237,0.0,0.9558448863636364,0.7807528409090909,0.977555681818182,0,0.859
14,2,12,0,2,5.0,0.004761904761904762,0.0,0.959408,0.7887599999999999,0.9514285714285714,0,0.5053
22,3,12,0,2,6.0,0.006514657980456026,0.0,0.9592327485380115,0.7542111111111112,0.97113216374269,0,0.8609
6,2,12,0,3,6.0,0.008207934336525308,0.10709635447710752,0.97625197740113,0.6071683615819209,0.9534841807909604,1,0.7658
14,2,12,0,3,3.0,0.004103967168262654,0.10709635447710752,0.9750948863636364,0.5983465909090909,0.9623090909090908,1,0.7642
22,3,12,0,3,3.0,0.004629629629629629,0.0,0.9761469273743016,0.5908648044692737,0.9510592178770948,0,0.6804
6,2,12,0,3,4.0,0.00423728813559322,0.0,0.9577932203389832,0.7727412429378532,0.9548954802259888,0,0.337
14,2,12,0,3,5.0,0.004761904761904762,0.0,0.9601118644067796,0.7691152542372881,0.9529186440677966,0,1.0
22,3,12,0,3,2.0,0.0020639834881320948,0.0,0.9582296511627908,0.8025308139534885,0.9455558139534884,0,0.8438
6,2,12,0,3,4.0,0.005305039787798408,0.0,0.970548275862069,0.7340936781609195,0.969635632183908,0,0.2995
14,2,12,0,3,6.0,0.007211538461538462,0.0,0.9679265536723164,0.677564406779661,0.9646892655367232,0,0.5047
22,3,12,0,3,5.0,0.004906771344455349,0.0,0.9663485875706216,0.7424570621468926,0.9622666666666668,0,0.7257
6,3,12,0,0,4.0,0.004366812227074236,0.0628819465637207,0.9714869318181818,0.7811892045454545,0.9603221590909092,1,0.2821
14,3,12,0,0,5.0,0.004761904761904762,0.03187499940395355,0.9732103448275864,0.7720936781609196,0.9673367816091952,1,0.8779
22,4,12,0,0,5.0,0.004761904761904762,0.0,0.9726114285714286,0.7704497142857143,0.9543937142857144,0,0.2783
6,3,12,0,0,2.0,0.002285714285714286,0.0,0.9579948863636364,0.6420017045454546,0.9496204545454544,0,0.9084
14,3,12,0,0,4.0,0.00510204081632653,0.0,0.9595845714285716,0.6536731428571428,0.9767611428571428,0,0.4293
22,4,12,0,0,3.0,0.004273504273504274,0.0,0.960858757062147,0.6334305084745763,0.9482943502824858,0,0.2185
6,3,12,0,0,2.0,0.0020942408376963353,0.0,0.9711568965517242,0.7715344827586208,0.9542132183908044,0,0.8933
14,3,12,0,0,4.0,0.0039100684261974585,0.0,0.9698011363636364,0.75509375,0.9680863636363636,0,0.7243
22,4,12,0,0,2.0,0.0022026431718061676,0.0,0.9699949438202248,0.7404140449438202,0.9610904494382022,0,1.0
6,3,12,0,1,5.0,0.005827505827505828,0.0,0.9694767045454546,0.7222562499999999,0.9522732954545454,0,0.3387
14,3,12,0,1,6.0,0.00631578947368421,0.0,0.970316384180791,0.7160909604519774,0.958379661016949,0,1.0
22,4,12,0,1,5.0,0.0058823529411764705,0.0,0.9707780898876404,0.6486887640449438,0.9695876404494382,0,0.4135
6,3,12,0,1,4.0,0.006042296072507553,0.02065972238779068,0.9605514124293784,0.6269536723163842,0.9538604519774012,1,0.5838
14,3,12,0,1,3.0,0.00390625,0.01229166705161333,0.961474431818182,0.6564625000000001,0.9428977272727272,1,0.6904
22,4,12,0,1,6.0,0.008185538881309686,0.0,0.9596569832402236,0.6435245810055866,0.9638513966480448,0,0.7152
6,3,12,0,1,5.0,0.005263157894736842,0.015208333730697632,0.965764,0.7633297142857142,0.9598091428571428,1,0.7755
14,3,12,0,1,6.0,0.005714285714285714,0.015416666865348816,0.961093220338983,0.7580553672316385,0.9796604519774011,1,0.9846
22,4,12,0,1,5.0,0.005434782608695652,0.0,0.95955530726257,0.7858726256983241,0.97316312849162,0,1.0
6,3,12,0,2,2.0,0.002081165452653486,0.016284722834825516,0.9684011363636364,0.7713215909090909,0.9683693181818182,1,0.3724
14,3,12,0,2,5.0,0.005649717514124294,0.015486110933125019,0.9675180790960451,0.7758463276836158,0.9586621468926554,1,0.6926
22,4,12,0,2,4.0,0.004319654427645789,0.0,0.9660954545454546,0.7738732954545454,0.9695846590909092,0,1.0
6,3,12,0,2,4.0,0.004550625711035267,0.0,0.9734926553672316,0.6269056497175142,0.955367231638418,0,0.3028
14,3,12,0,2,4.0,0.00516795865633075,0.0,0.9717162921348316,0.6548410112359551,0.9551494382022472,0,0.5034
22,4,12,0,2,2.0,0.00291970802919708,0.03218749910593033,0.9691514450867053,0.6074329479768786,0.9537063583815028,1,0.499
6,3,12,0,2,2.0,0.002002002002002002,0.0,0.9558448863636364,0.7807528409090909,0.977555681818182,0,0.6885
14,3,12,0,2,2.0,0.0020181634712411706,0.0,0.959408,0.7887599999999999,0.9514285714285714,0,0.4644
22,4,12,0,2,2.0,0.0019083969465648854,0.0,0.9592327485380115,0.7542111111111112,0.97113216374269,0,0.7929
6,3,12,0,3,6.0,0.010771992818671455,0.0,0.97625197740113,0.6071683615819209,0.9534841807909604,0,0.6707
14,3,12,0,3,5.0,0.007633587786259542,0.0,0.9750948863636364,0.5983465909090909,0.9623090909090908,0,0.6063
22,4,12,0,3,3.0,0.0035169988276670576,0.0,0.9761469273743016,0.5908648044692737,0.9510592178770948,0,0.2547
6,3,12,0,3,5.0,0.0054288816503800215,0.0,0.9577932203389832,0.7727412429378532,0.9548954802259888,0,0.5261
14,3,12,0,3,6.0,0.006018054162487462,0.0,0.9601118644067796,0.7691152542372881,0.9529186440677966,0,1.0
22,4,12,0,3,5.0,0.004761904761904762,0.03760416805744171,0.9582296511627908,0.8025308139534885,0.9455558139534884,1,0.9624
6,3,12,0,3,6.0,0.006396588486140725,0.0,0.970548275862069,0.7340936781609195,0.969635632183908,0,0.5963
14,3,12,0,3,3.0,0.0032679738562091504,0.0,0.9679265536723164,0.677564406779661,0.9646892655367232,0,0.3108
22,4,12,0,3,5.0,0.006418485237483954,0.0,0.9663485875706216,0.7424570621468926,0.9622666666666668,0,0.6578
6,4,12,0,0,6.0,0.006362672322375398,0.0,0.9714869318181818,0.7811892045454545,0.9603221590909092,0,1.0
14,4,12,0,0,6.0,0.006666666666666667,0.0,0.9732103448275864,0.7720936781609196,0.9673367816091952,0,1.0
22,5,12,1,0,4.0,0.0038095238095238095,0.0,0.9726114285714286,0.7704497142857143,0.9543937142857144,0,1.0
6,4,12,0,0,3.0,0.004137931034482759,0.0,0.9579948863636364,0.6420017045454546,0.9496204545454544,0,0.4292
14,4,12,0,0,5.0,0.006839945280437756,0.0,0.9595845714285716,0.6536731428571428,0.9767611428571428,0,0.6173
22,5,12,1,0,1.0,0.0012048192771084338,0.027187500149011612,0.960858757062147,0.6334305084745763,0.9482943502824858,1,0.4104
6,4,12,0,0,3.0,0.003092783505154639,0.0,0.9711568965517242,0.7715344827586208,0.9542132183908044,0,1.0
14,4,12,0,0,3.0,0.0033519553072625698,0.0,0.9698011363636364,0.75509375,0.9680863636363636,0,0.3549
22,5,12,1,0,5.0,0.006596306068601583,0.010625000111758709,0.9699949438202248,0.7404140449438202,0.9610904494382022,1,0.3366
6,4,12,0,1,4.0,0.004405286343612335,0.0,0.9694767045454546,0.7222562499999999,0.9522732954545454,0,0.6778
14,4,12,0,1,6.0,0.0072992700729927005,0.0,0.970316384180791,0.7160909604519774,0.958379661016949,0,0.256
22,5,12,1,1,4.0,0.004694835680751174,0.0,0.9707780898876404,0.6486887640449438,0.9695876404494382,0,0.7174
6,4,12,0,1,3.0,0.004213483146067416,0.0,0.9605514124293784,0.6269536723163842,0.9538604519774012,0,0.8539
14,4,12,0,1,2.0,0.002531645569620253,0.0,0.961474431818182,0.6564625000000001,0.9428977272727272,0,1.0
22,5,12,1,1,2.0,0.002828854314002829,0.0,0.9596569832402236,0.6435245810055866,0.9638513966480448,0,0.5398
6,4,12,0,1,6.0,0.006153846153846154,0.0,0.965764,0.7633297142857142,0.9598091428571428,0,0.9682
14,4,12,0,1,4.0,0.004519774011299435,0.0,0.961093220338983,0.7580553672316385,0.9796604519774011,0,0.44
22,5,12,1,1,2.0,0.001951219512195122,0.0,0.95955530726257,0.7858726256983241,0.97316312849162,0,0.7317
6,4,12,0,2,3.0,0.002857142857142857,0.0,0.9684011363636364,0.7713215909090909,0.9683693181818182,0,0.63
14,4,12,0,2,5.0,0.004761904761904762,0.0,0.9675180790960451,0.7758463276836158,0.9586621468926554,0,0.9012
22,5,12,1,2,5.0,0.0049800796812749,0.0,0.9660954545454546,0.7738732954545454,0.9695846590909092,0,0.3981
6,4,12,0,2,2.0,0.002333722287047841,0.02569444477558136,0.9734926553672316,0.6269056497175142,0.955367231638418,1,0.6085
14,4,12,0,2,6.0,0.007623888182973317,0.029652778059244156,0.9717162921348316,0.6548410112359551,0.9551494382022472,1,0.9703
22,5,12,1,2,3.0,0.003468208092485549,0.025381945073604584,0.9691514450867053,0.6074329479768786,0.9537063583815028,1,0.216
6,4,12,0,2,6.0,0.005714285714285714,0.0,0.9558448863636364,0.7807528409090909,0.977555681818182,0,0.7492
14,4,12,0,2,4.0,0.004540295119182747,0.0,0.959408,0.7887599999999999,0.9514285714285714,0,1.0
22,5,12,1,2,4.0,0.0038095238095238095,0.0,0.9592327485380115,0.7542111111111112,0.97113216374269,0,0.5472
6,4,12,0,3,3.0,0.0042796005706134095,0.0,0.97625197740113,0.6071683615819209,0.9534841807909604,0,0.7884
14,4,12,0,3,3.0,0.004470938897168405,0.0,0.9750948863636364,0.5983465909090909,0.9623090909090908,0,0.9068
22,5,12,1,3,6.0,0.01195219123505976,0.10709635447710752,0.9761469273743016,0.5908648044692737,0.9510592178770948,1,0.5286
6,4,12,0,3,5.0,0.005753739930955121,0.0225694440305233,0.9577932203389832,0.7727412429378532,0.9548954802259888,1,0.7427
14,4,12,0,3,5.0,0.0059031877213695395,0.04555555433034897,0.9601118644067796,0.7691152542372881,0.9529186440677966,1,0.4058
22,5,12,1,3,5.0,0.0051440329218107,0.0,0.9582296511627908,0.8025308139534885,0.9455558139534884,0,0.6615
6,4,12,0,3,4.0,0.00411522633744856,0.0,0.970548275862069,0.7340936781609195,0.969635632183908,0,0.6391
14,4,12,0,3,5.0,0.004868549172346641,0.0,0.9679265536723164,0.677564406779661,0.9646892655367232,0,0.3188
22,5,12,1,3,5.0,0.005841121495327103,0.0,0.9663485875706216,0.7424570621468926,0.9622666666666668,0,0.6991
6,5,12,1,0,6.0,0.005958291956305859,0.0,0.9714869318181818,0.7811892045454545,0.9603221590909092,0,1.0
14,5,12,1,0,6.0,0.005714285714285714,0.0,0.9732103448275864,0.7720936781609196,0.9673367816091952,0,0.5276
22,6,12,1,0,6.0,0.006256517205422315,0.0,0.9726114285714286,0.7704497142857143,0.9543937142857144,0,1.0
14,5,12,1,0,4.0,0.005134788189987163,0.027013888582587242,0.9595845714285716,0.6536731428571428,0.9767611428571428,1,0.2943
22,6,12,1,0,2.0,0.0028011204481792717,0.0,0.960858757062147,0.6334305084745763,0.9482943502824858,0,0.2881
6,5,12,1,0,3.0,0.002973240832507433,0.007430555764585733,0.9711568965517242,0.7715344827586208,0.9542132183908044,1,0.8146
22,6,12,1,0,3.0,0.00303951367781155,0.0,0.9699949438202248,0.7404140449438202,0.9610904494382022,0,1.0
6,5,12,1,1,4.0,0.004333694474539545,0.0,0.9694767045454546,0.7222562499999999,0.9522732954545454,0,1.0
14,5,12,1,1,6.0,0.008108108108108109,0.0,0.970316384180791,0.7160909604519774,0.958379661016949,0,0.7439
22,6,12,1,1,4.0,0.0047789725209080045,0.0,0.9707780898876404,0.6486887640449438,0.9695876404494382,0,0.5342
6,5,12,1,1,2.0,0.002642007926023778,0.0,0.9605514124293784,0.6269536723163842,0.9538604519774012,0,0.4045
14,5,12,1,1,2.0,0.0028694404591104736,0.0,0.961474431818182,0.6564625000000001,0.9428977272727272,0,0.8045
22,6,12,1,1,3.0,0.003989361702127659,0.0,0.9596569832402236,0.6435245810055866,0.9638513966480448,0,0.4609
6,5,12,1,1,4.0,0.004,0.0,0.965764,0.7633297142857142,0.9598091428571428,0,0.4733
14,5,12,1,1,5.0,0.004761904761904762,0.0,0.961093220338983,0.7580553672316385,0.9796604519774011,0,0.7394
22,6,12,1,1,5.0,0.004940711462450593,0.0,0.95955530726257,0.7858726256983241,0.97316312849162,0,1.0
6,5,12,1,2,3.0,0.002857142857142857,0.0,0.9684011363636364,0.7713215909090909,0.9683693181818182,0,0.6369
14,5,12,1,2,2.0,0.0020512820512820513,0.0,0.9675180790960451,0.7758463276836158,0.9586621468926554,0,0.9005
22,6,12,1,2,6.0,0.005714285714285714,0.0,0.9660954545454546,0.7738732954545454,0.9695846590909092,0,0.3868
6,5,12,1,2,3.0,0.003500583430571762,0.02118055522441864,0.9734926553672316,0.6269056497175142,0.955367231638418,1,0.9141
14,5,12,1,2,2.0,0.0025252525252525255,0.02743055485188961,0.9717162921348316,0.6548410112359551,0.9551494382022472,1,0.3003
22,6,12,1,2,1.0,0.0012738853503184713,0.0,0.9691514450867053,0.6074329479768786,0.9537063583815028,0,1.0
6,5,12,1,2,5.0,0.005030181086519115,0.0,0.9558448863636364,0.7807528409090909,0.977555681818182,0,1.0
14,5,12,1,2,4.0,0.003933136676499509,0.0,0.959408,0.7887599999999999,0.9514285714285714,0,0.6988
22,6,12,1,2,1.0,0.0009523809523809524,0.0,0.9592327485380115,0.7542111111111112,0.97113216374269,0,1.0
6,5,12,1,3,3.0,0.004297994269340974,0.10709635447710752,0.97625197740113,0.6071683615819209,0.9534841807909604,1,0.879
14,5,12,1,3,4.0,0.006462035541195477,0.10709635447710752,0.9750948863636364,0.5983465909090909,0.9623090909090908,1,0.807
22,6,12,1,3,2.0,0.0026666666666666666,0.0,0.9761469273743016,0.5908648044692737,0.9510592178770948,0,1.0
6,5,12,1,3,5.0,0.004761904761904762,0.0,0.9577932203389832,0.7727412429378532,0.9548954802259888,0,1.0
14,5,12,1,3,3.0,0.0036275695284159614,0.0,0.9601118644067796,0.7691152542372881,0.9529186440677966,0,0.7506
22,6,12,1,3,4.0,0.004576659038901602,0.0,0.9582296511627908,0.8025308139534885,0.9455558139534884,0,1.0
6,5,12,1,3,5.0,0.005636978579481398,0.0,0.970548275862069,0.7340936781609195,0.969635632183908,0,0.8119
14,5,12,1,3,3.0,0.0029615004935834156,0.0,0.9679265536723164,0.677564406779661,0.9646892655367232,0,0.9539
22,6,12,1,3,4.0,0.004597701149425287,0.032430555671453476,0.9663485875706216,0.7424570621468926,0.9622666666666668,1,0.7541
6,6,12,1,0,6.0,0.0057859209257473485,0.0,0.9714869318181818,0.7811892045454545,0.9603221590909092,0,0.4256
14,6,12,1,0,4.0,0.004106776180698152,0.0,0.9732103448275864,0.7720936781609196,0.9673367816091952,0,0.695
22,0,13,0,0,3.0,0.0032858707557502738,0.0,0.9726114285714286,0.7704497142857143,0.9543937142857144,0,0.3636
6,6,12,1,0,4.0,0.0047789725209080045,0.0,0.9579948863636364,0.6420017045454546,0.9496204545454544,0,0.7266
14,6,12,1,0,6.0,0.008534850640113799,0.0,0.9595845714285716,0.6536731428571428,0.9767611428571428,0,0.6412
22,0,13,0,0,5.0,0.00741839762611276,0.10709635447710752,0.960858757062147,0.6334305084745763,0.9482943502824858,1,0.359
6,6,12,1,0,4.0,0.0040609137055837565,0.0,0.9711568965517242,0.7715344827586208,0.9542132183908044,0,0.8
14,6,12,1,0,6.0,0.005714285714285714,0.0,0.9698011363636364,0.75509375,0.9680863636363636,0,0.4415
22,0,13,0,0,4.0,0.004052684903748734,0.0,0.9699949438202248,0.7404140449438202,0.9610904494382022,0,0.5494
6,6,12,1,1,6.0,0.006437768240343348,0.0,0.9694767045454546,0.7222562499999999,0.9522732954545454,0,0.3621
14,6,12,1,1,2.0,0.002386634844868735,0.0,0.970316384180791,0.7160909604519774,0.958379661016949,0,0.9294
22,0,13,0,1,2.0,0.002242152466367713,0.058888889849185944,0.9707780898876404,0.6486887640449438,0.9695876404494382,1,0.6492
14,6,12,1,1,2.0,0.0024906600249066002,0.0,0.961474431818182,0.6564625000000001,0.9428977272727272,0,0.4815
22,0,13,0,1,3.0,0.004392386530014641,0.0,0.9596569832402236,0.6435245810055866,0.9638513966480448,0,0.2846
14,6,12,1,1,2.0,0.0019047619047619048,0.0,0.961093220338983,0.7580553672316385,0.9796604519774011,0,0.5086
22,0,13,0,1,4.0,0.0038095238095238095,0.0,0.95955530726257,0.7858726256983241,0.97316312849162,0,0.642
6,6,12,1,2,2.0,0.0019047619047619048,0.0,0.9684011363636364,0.7713215909090909,0.9683693181818182,0,0.5553
14,6,12,1,2,6.0,0.006389776357827476,0.0,0.9675180790960451,0.7758463276836158,0.9586621468926554,0,1.0
22,0,13,0,2,2.0,0.0020833333333333333,0.0,0.9660954545454546,0.7738732954545454,0.9695846590909092,0,0.833
6,6,12,1,2,3.0,0.004392386530014641,0.0,0.9734926553672316,0.6269056497175142,0.955367231638418,0,0.7518
14,6,12,1,2,3.0,0.004103967168262654,0.0,0.9717162921348316,0.6548410112359551,0.9551494382022472,0,0.9896
22,0,13,0,2,5.0,0.0070126227208976155,0.0,0.9691514450867053,0.6074329479768786,0.9537063583815028,0,0.3815
6,6,12,1,2,3.0,0.0031779661016949155,0.0,0.9558448863636364,0.7807528409090909,0.977555681818182,0,1.0
14,6,12,1,2,3.0,0.0035169988276670576,0.0,0.959408,0.7887599999999999,0.9514285714285714,0,0.9383
6,6,12,1,3,6.0,0.008955223880597015,0.0,0.97625197740113,0.6071683615819209,0.9534841807909604,0,0.5641
14,6,12,1,3,2.0,0.002680965147453083,0.0,0.9750948863636364,0.5983465909090909,0.9623090909090908,0,0.9162
22,0,13,0,3,4.0,0.005434782608695652,0.0,0.9761469273743016,0.5908648044692737,0.9510592178770948,0,0.9657
6,6,12,1,3,6.0,0.006528835690968444,0.0,0.9577932203389832,0.7727412429378532,0.9548954802259888,0,0.6175
14,6,12,1,3,3.0,0.0031847133757961785,0.0,0.9601118644067796,0.7691152542372881,0.9529186440677966,0,0.8776
22,0,13,0,3,5.0,0.00501002004008016,0.0,0.9582296511627908,0.8025308139534885,0.9455558139534884,0,0.9765
6,6,12,1,3,4.0,0.004419889502762431,0.01788194477558136,0.970548275862069,0.7340936781609195,0.969635632183908,1,0.3101
14,6,12,1,3,4.0,0.003964321110009911,0.020347222685813904,0.9679265536723164,0.677564406779661,0.9646892655367232,1,0.6313
22,0,13,0,3,5.0,0.006218905472636816,0.0,0.9663485875706216,0.7424570621468926,0.9622666666666668,0,0.3538
6,0,13,0,0,2.0,0.0020325203252032522,0.0,0.9714869318181818,0.7811892045454545,0.9603221590909092,0,0.3977
14,0,13,0,0,2.0,0.001943634596695821,0.0,0.9732103448275864,0.7720936781609196,0.9673367816091952,0,0.766
22,1,13,0,0,8.0,0.008121827411167513,0.0,0.9726114285714286,0.7704497142857143,0.9543937142857144,0,0.8803
6,0,13,0,0,5.0,0.006868131868131868,0.10709635447710752,0.9579948863636364,0.6420017045454546,0.9496204545454544,1,0.366
14,0,13,0,0,4.0,0.005242463958060288,0.10709635447710752,0.9595845714285716,0.6536731428571428,0.9767611428571428,1,0.8556
22,1,13,0,0,2.0,0.002355712603062426,0.0,0.960858757062147,0.6334305084745763,0.9482943502824858,0,1.0
6,0,13,0,0,5.0,0.0056753688989784334,0.0,0.9711568965517242,0.7715344827586208,0.9542132183908044,0,0.7079
14,0,13,0,0,2.0,0.0022172949002217295,0.0,0.9698011363636364,0.75509375,0.9680863636363636,0,0.2672
22,1,13,0,0,3.0,0.0034482758620689655,0.0,0.9699949438202248,0.7404140449438202,0.9610904494382022,0,0.309
6,0,13,0,1,2.0,0.002911208151382824,0.05354166775941849,0.9694767045454546,0.7222562499999999,0.9522732954545454,1,0.9465
14,0,13,0,1,4.0,0.004790419161676647,0.03888889029622078,0.970316384180791,0.7160909604519774,0.958379661016949,1,0.5436
22,1,13,0,1,7.0,0.007909604519774011,0.0,0.9707780898876404,0.6486887640449438,0.9695876404494382,0,0.61
6,0,13,0,1,6.0,0.00927357032457496,0.0,0.9605514124293784,0.6269536723163842,0.9538604519774012,0,0.4558
14,0,13,0,1,2.0,0.0031397174254317113,0.0,0.961474431818182,0.6564625000000001,0.9428977272727272,0,0.7505
22,1,13,0,1,2.0,0.0035026269702276708,0.04114583507180214,0.9596569832402236,0.6435245810055866,0.9638513966480448,1,0.7901
6,0,13,0,1,2.0,0.0020304568527918783,0.0,0.965764,0.7633297142857142,0.9598091428571428,0,0.8814
14,0,13,0,1,6.0,0.005714285714285714,0.0,0.961093220338983,0.7580553672316385,0.9796604519774011,0,0.4339
22,1,13,0,1,3.0,0.0031678986272439284,0.0,0.95955530726257,0.7858726256983241,0.97316312849162,0,0.3607
6,0,13,0,2,2.0,0.0020161290322580645,0.0,0.9684011363636364,0.7713215909090909,0.9683693181818182,0,0.8315
14,0,13,0,2,2.0,0.0019047619047619048,0.0,0.9675180790960451,0.7758463276836158,0.9586621468926554,0,0.4524
22,1,13,0,2,0.0,0.0,0.0,0.9660954545454546,0.7738732954545454,0.9695846590909092,0,0.9565
6,0,13,0,2,6.0,0.0071174377224199285,0.0,0.9734926553672316,0.6269056497175142,0.955367231638418,0,0.5752
14,0,13,0,2,5.0,0.006157635467980296,0.0,0.9717162921348316,0.6548410112359551,0.9551494382022472,0,0.7291
22,1,13,0,2,4.0,0.005108556832694764,0.06652777642011642,0.9691514450867053,0.6074329479768786,0.9537063583815028,1,0.494
6,0,13,0,2,4.0,0.004081632653061225,0.0,0.9558448863636364,0.7807528409090909,0.977555681818182,0,1.0
14,0,13,0,2,2.0,0.0022271714922048997,0.0,0.959408,0.7887599999999999,0.9514285714285714,0,0.3891
22,1,13,0,2,3.0,0.003278688524590164,0.09913194179534912,0.9592327485380115,0.7542111111111112,0.97113216374269,1,0.4141
6,0,13,0,3,3.0,0.005747126436781609,0.0,0.97625197740113,0.6071683615819209,0.9534841807909604,0,0.6668
14,0,13,0,3,5.0,0.006402048655569782,0.0,0.9750948863636364,0.5983465909090909,0.9623090909090908,0,0.7902
22,1,13,0,3,4.0,0.0049504950495049506,0.0,0.9761469273743016,0.5908648044692737,0.9510592178770948,0,0.5369
6,0,13,0,3,2.0,0.0019047619047619048,0.0,0.9577932203389832,0.7727412429378532,0.9548954802259888,0,0.6667
14,0,13,0,3,5.0,0.005045408678102927,0.0,0.9601118644067796,0.7691152542372881,0.9529186440677966,0,1.0
22,1,13,0,3,3.0,0.002857142857142857,0.0,0.9582296511627908,0.8025308139534885,0.9455558139534884,0,0.6109
6,0,13,0,3,6.0,0.008522727272727272,0.0,0.970548275862069,0.7340936781609195,0.969635632183908,0,0.9634
14,0,13,0,3,5.0,0.005714285714285714,0.0,0.9679265536723164,0.677564406779661,0.9646892655367232,0,0.3971
22,1,13,0,3,3.0,0.0031282586027111575,0.10709635447710752,0.9663485875706216,0.7424570621468926,0.9622666666666668,1,0.8315
6,1,13,0,0,3.0,0.0029615004935834156,0.0,0.9714869318181818,0.7811892045454545,0.9603221590909092,0,1.0
14,1,13,0,0,4.0,0.004343105320304018,0.0,0.9732103448275864,0.7720936781609196,0.9673367816091952,0,1.0
22,2,13,0,0,3.0,0.0032537960954446853,0.0,0.9726114285714286,0.7704497142857143,0.9543937142857144,0,0.4168
6,1,13,0,0,6.0,0.007822685788787484,0.0,0.9579948863636364,0.6420017045454546,0.9496204545454544,0,0.6394
14,1,13,0,0,4.0,0.005063291139240506,0.0,0.9595845714285716,0.6536731428571428,0.9767611428571428,0,1.0
22,2,13,0,0,7.0,0.00819672131147541,0.0,0.960858757062147,0.6334305084745763,0.9482943502824858,0,1.0
6,1,13,0,0,6.0,0.006896551724137931,0.0,0.9711568965517242,0.7715344827586208,0.9542132183908044,0,1.0
14,1,13,0,0,5.0,0.005302226935312832,0.0,0.9698011363636364,0.75509375,0.9680863636363636,0,0.5249
22,2,13,0,0,3.0,0.003080082135523614,0.10709635447710752,0.9699949438202248,0.7404140449438202,0.9610904494382022,1,0.5077
6,1,13,0,1,6.0,0.007832898172323759,0.0,0.9694767045454546,0.7222562499999999,0.9522732954545454,0,0.553
14,1,13,0,1,1.0,0.001002004008016032,0.0,0.970316384180791,0.7160909604519774,0.958379661016949,0,0.2346
22,2,13,0,1,4.0,0.0042643923240938165,0.0,0.9707780898876404,0.6486887640449438,0.9695876404494382,0,0.9256
6,1,13,0,1,3.0,0.0036900369003690036,0.06930555403232574,0.9605514124293784,0.6269536723163842,0.9538604519774012,1,0.3082
14,1,13,0,1,4.0,0.005188067444876783,0.08868055790662766,0.961474431818182,0.6564625000000001,0.9428977272727272,1,0.9032
22,2,13,0,1,4.0,0.004576659038901602,0.0,0.9596569832402236,0.6435245810055866,0.9638513966480448,0,1.0
6,1,13,0,1,2.0,0.0019880715705765406,0.0,0.965764,0.7633297142857142,0.9598091428571428,0,0.7465
14,1,13,0,1,3.0,0.00340522133938706,0.0,0.961093220338983,0.7580553672316385,0.9796604519774011,0,0.8308
22,2,13,0,1,3.0,0.0032858707557502738,0.0,0.95955530726257,0.7858726256983241,0.97316312849162,0,0.75
6,1,13,0,2,4.0,0.004048582995951417,0.0,0.9684011363636364,0.7713215909090909,0.9683693181818182,0,0.4367
14,1,13,0,2,4.0,0.004044489383215369,0.0,0.9675180790960451,0.7758463276836158,0.9586621468926554,0,0.4327
22,2,13,0,2,4.0,0.005069708491761723,0.0,0.9660954545454546,0.7738732954545454,0.9695846590909092,0,0.5011
6,1,13,0,2,3.0,0.004155124653739612,0.06350694596767426,0.9734926553672316,0.6269056497175142,0.955367231638418,1,0.4407
14,1,13,0,2,4.0,0.0053404539385847796,0.0668402761220932,0.9717162921348316,0.6548410112359551,0.9551494382022472,1,0.8018
22,2,13,0,2,3.0,0.00425531914893617,0.0,0.9691514450867053,0.6074329479768786,0.9537063583815028,0,0.8761
6,1,13,0,2,2.0,0.002403846153846154,0.10709635447710752,0.9558448863636364,0.7807528409090909,0.977555681818182,1,0.5888
14,1,13,0,2,5.0,0.004761904761904762,0.10709635447710752,0.959408,0.7887599999999999,0.9514285714285714,1,0.7895
22,2,13,0,2,2.0,0.001953125,0.10709635447710752,0.9592327485380115,0.7542111111111112,0.97113216374269,1,0.2534
6,1,13,0,3,4.0,0.005319148936170213,0.0,0.97625197740113,0.6071683615819209,0.9534841807909604,0,0.2206
14,1,13,0,3,4.0,0.006633499170812604,0.0,0.9750948863636364,0.5983465909090909,0.9623090909090908,0,0.8245
22,2,13,0,3,2.0,0.004228329809725159,0.0,0.9761469273743016,0.5908648044692737,0.9510592178770948,0,0.4322
6,1,13,0,3,2.0,0.0020304568527918783,0.0,0.9577932203389832,0.7727412429378532,0.9548954802259888,0,0.3786
14,1,13,0,3,4.0,0.004119464469618949,0.0,0.9601118644067796,0.7691152542372881,0.9529186440677966,0,0.6001
22,2,13,0,3,3.0,0.003051881993896236,0.04319444298744202,0.9582296511627908,0.8025308139534885,0.9455558139534884,1,0.7649
6,1,13,0,3,4.0,0.004232804232804233,0.10709635447710752,0.970548275862069,0.7340936781609195,0.969635632183908,1,0.8554
14,1,13,0,3,4.0,0.004761904761904762,0.10709635447710752,0.9679265536723164,0.677564406779661,0.9646892655367232,1,0.5883
22,2,13,0,3,7.0,0.006666666666666667,0.0,0.9663485875706216,0.7424570621468926,0.9622666666666668,0,0.8695
6,2,13,0,0,4.0,0.0038095238095238095,0.0,0.9714869318181818,0.7811892045454545,0.9603221590909092,0,0.8
14,2,13,0,0,6.0,0.005714285714285714,0.0,0.9732103448275864,0.7720936781609196,0.9673367816091952,0,1.0
22,3,13,0,0,2.0,0.0019047619047619048,0.10709635447710752,0.9726114285714286,0.7704497142857143,0.9543937142857144,1,0.3347
6,2,13,0,0,2.0,0.0026490066225165563,0.0,0.9579948863636364,0.6420017045454546,0.9496204545454544,0,0.3211
14,2,13,0,0,4.0,0.004362050163576881,0.0,0.9595845714285716,0.6536731428571428,0.9767611428571428,0,1.0
22,3,13,0,0,3.0,0.0035587188612099642,0.0,0.960858757062147,0.6334305084745763,0.9482943502824858,0,0.9776
6,2,13,0,0,6.0,0.00646551724137931,0.07326389104127884,0.9711568965517242,0.7715344827586208,0.9542132183908044,1,0.8229
14,2,13,0,0,3.0,0.0033632286995515697,0.10709635447710752,0.9698011363636364,0.75509375,0.9680863636363636,1,0.8089
22,3,13,0,0,4.0,0.003980099502487562,0.0,0.9699949438202248,0.7404140449438202,0.9610904494382022,0,0.5088
6,2,13,0,1,1.0,0.0011947431302270011,0.0,0.9694767045454546,0.7222562499999999,0.9522732954545454,0,0.3579
14,2,13,0,1,4.0,0.0041279669762641896,0.0,0.970316384180791,0.7160909604519774,0.958379661016949,0,0.7005
22,3,13,0,1,6.0,0.007518796992481203,0.0,0.9707780898876404,0.6486887640449438,0.9695876404494382,0,0.8355
6,2,13,0,1,3.0,0.003500583430571762,0.0,0.9605514124293784,0.6269536723163842,0.9538604519774012,0,0.9638
14,2,13,0,1,4.0,0.005822416302765648,0.0,0.961474431818182,0.6564625000000001,0.9428977272727272,0,0.5568
22,3,13,0,1,4.0,0.005148005148005148,0.0,0.9596569832402236,0.6435245810055866,0.9638513966480448,0,0.9686
6,2,13,0,1,5.0,0.0053533190578158455,0.0,0.965764,0.7633297142857142,0.9598091428571428,0,0.4916
14,2,13,0,1,3.0,0.0035885167464114833,0.0,0.961093220338983,0.7580553672316385,0.9796604519774011,0,0.2729
22,3,13,0,1,2.0,0.0022650056625141564,0.0,0.95955530726257,0.7858726256983241,0.97316312849162,0,0.2539
6,2,13,0,2,4.0,0.0038095238095238095,0.0,0.9684011363636364,0.7713215909090909,0.9683693181818182,0,1.0
14,2,13,0,2,3.0,0.002857142857142857,0.0,0.9675180790960451,0.7758463276836158,0.9586621468926554,0,1.0
22,3,13,0,2,3.0,0.002944062806673209,0.0,0.9660954545454546,0.7738732954545454,0.9695846590909092,0,1.0
6,2,13,0,2,2.0,0.0023612750885478157,0.0,0.9734926553672316,0.6269056497175142,0.955367231638418,0,0.6441
14,2,13,0,2,2.0,0.002457002457002457,0.0,0.9717162921348316,0.6548410112359551,0.9551494382022472,0,1.0
22,3,13,0,2,2.0,0.0033003300330033004,0.0,0.9691514450867053,0.6074329479768786,0.9537063583815028,0,0.3075
6,2,13,0,2,4.0,0.0038095238095238095,0.09680555760860443,0.9558448863636364,0.7807528409090909,0.977555681818182,1,0.8032
14,2,13,0,2,6.0,0.005714285714285714,0.10709635447710752,0.959408,0.7887599999999999,0.9514285714285714,1,0.6891
22,3,13,0,2,4.0,0.0041841004184100415,0.05111110955476761,0.9592327485380115,0.7542111111111112,0.97113216374269,1,0.388
6,2,13,0,3,5.0,0.006963788300835654,0.0,0.97625197740113,0.6071683615819209,0.9534841807909604,0,0.2054
14,2,13,0,3,2.0,0.00291970802919708,0.0,0.9750948863636364,0.5983465909090909,0.9623090909090908,0,0.3262
22,3,13,0,3,5.0,0.00641025641025641,0.0,0.9761469273743016,0.5908648044692737,0.9510592178770948,0,0.41
6,2,13,0,3,5.0,0.0051813471502590676,0.0546875,0.9577932203389832,0.7727412429378532,0.9548954802259888,1,0.3702
14,2,13,0,3,6.0,0.006756756756756757,0.03322916850447655,0.9601118644067796,0.7691152542372881,0.9529186440677966,1,0.7132
22,3,13,0,3,2.0,0.001951219512195122,0.08968749642372131,0.9582296511627908,0.8025308139534885,0.9455558139534884,2,0.7755
6,2,13,0,3,5.0,0.0053475935828877,0.0,0.970548275862069,0.7340936781609195,0.969635632183908,0,1.0
14,2,13,0,3,6.0,0.007832898172323759,0.0,0.9679265536723164,0.677564406779661,0.9646892655367232,0,0.8008
22,3,13,0,3,3.0,0.0037926675094816687,0.032430555671453476,0.9663485875706216,0.7424570621468926,0.9622666666666668,1,0.5724
6,3,13,0,0,5.0,0.005208333333333333,0.10709635447710752,0.9714869318181818,0.7811892045454545,0.9603221590909092,1,0.568
14,3,13,0,0,3.0,0.0033259423503325942,0.10709635447710752,0.9732103448275864,0.7720936781609196,0.9673367816091952,1,0.6868
22,4,13,0,0,4.0,0.0038095238095238095,0.1015625,0.9726114285714286,0.7704497142857143,0.9543937142857144,1,0.6002
6,3,13,0,0,6.0,0.006825938566552901,0.0,0.9579948863636364,0.6420017045454546,0.9496204545454544,0,0.5665
14,3,13,0,0,4.0,0.004694835680751174,0.0,0.9595845714285716,0.6536731428571428,0.9767611428571428,0,0.4018
22,4,13,0,0,3.0,0.0036231884057971015,0.09298611432313919,0.960858757062147,0.6334305084745763,0.9482943502824858,2,0.4387
6,3,13,0,0,5.0,0.004955401387512388,0.0,0.9711568965517242,0.7715344827586208,0.9542132183908044,0,0.5476
14,3,13,0,0,2.0,0.0020242914979757085,0.0,0.9698011363636364,0.75509375,0.9680863636363636,0,0.7856
22,4,13,0,0,5.0,0.004849660523763337,0.0,0.9699949438202248,0.7404140449438202,0.9610904494382022,0,1.0
6,3,13,0,1,5.0,0.005931198102016607,0.0,0.9694767045454546,0.7222562499999999,0.9522732954545454,0,0.4493
14,3,13,0,1,3.0,0.003861003861003861,0.0,0.970316384180791,0.7160909604519774,0.958379661016949,0,0.6581
22,4,13,0,1,5.0,0.00620347394540943,0.0,0.9707780898876404,0.6486887640449438,0.9695876404494382,0,0.3084
6,3,13,0,1,1.0,0.0015408320493066256,0.0,0.9605514124293784,0.6269536723163842,0.9538604519774012,0,0.3798
14,3,13,0,1,2.0,0.0026845637583892616,0.0,0.961474431818182,0.6564625000000001,0.9428977272727272,0,0.9807
22,4,13,0,1,4.0,0.006191950464396285,0.0,0.9596569832402236,0.6435245810055866,0.9638513966480448,0,0.6808
6,3,13,0,1,4.0,0.004052684903748734,0.0,0.965764,0.7633297142857142,0.9598091428571428,0,1.0
14,3,13,0,1,6.0,0.005714285714285714,0.0,0.961093220338983,0.7580553672316385,0.9796604519774011,0,0.4663
22,4,13,0,1,7.0,0.00865265760197775,0.0,0.95955530726257,0.7858726256983241,0.97316312849162,0,0.9261
6,3,13,0,2,3.0,0.0030706243602865915,0.0,0.9684011363636364,0.7713215909090909,0.9683693181818182,0,1.0
14,3,13,0,2,3.0,0.0031413612565445027,0.0,0.9675180790960451,0.7758463276836158,0.9586621468926554,0,1.0
22,4,13,0,2,4.0,0.004296455424274973,0.0,0.9660954545454546,0.7738732954545454,0.9695846590909092,0,0.9048
6,3,13,0,2,3.0,0.004273504273504274,0.0,0.9734926553672316,0.6269056497175142,0.955367231638418,0,0.3503
14,3,13,0,2,2.0,0.0025806451612903226,0.0,0.9717162921348316,0.6548410112359551,0.9551494382022472,0,0.8078
22,4,13,0,2,5.0,0.007062146892655367,0.0,0.9691514450867053,0.6074329479768786,0.9537063583815028,0,0.4233
6,3,13,0,2,6.0,0.005842259006815969,0.041701387614011765,0.9558448863636364,0.7807528409090909,0.977555681818182,1,0.9583
14,3,13,0,2,3.0,0.0033482142857142855,0.024027777835726738,0.959408,0.7887599999999999,0.9514285714285714,1,0.976
22,4,13,0,2,6.0,0.007802340702210663,0.07319444417953491,0.9592327485380115,0.7542111111111112,0.97113216374269,1,0.8098
6,3,13,0,3,3.0,0.0038510911424903724,0.0,0.97625197740113,0.6071683615819209,0.9534841807909604,0,0.9873
14,3,13,0,3,5.0,0.006666666666666667,0.0,0.9750948863636364,0.5983465909090909,0.9623090909090908,0,0.3354
22,4,13,0,3,5.0,0.007974481658692184,0.06753472238779068,0.9761469273743016,0.5908648044692737,0.9510592178770948,1,0.3375
6,3,13,0,3,4.0,0.0038095238095238095,0.09579861164093018,0.9577932203389832,0.7727412429378532,0.9548954802259888,2,0.4812
14,3,13,0,3,5.0,0.004761904761904762,0.09486111253499985,0.9601118644067796,0.7691152542372881,0.9529186440677966,2,0.2858
22,4,13,0,3,2.0,0.0022371364653243847,0.10709635447710752,0.9582296511627908,0.8025308139534885,0.9455558139534884,1,0.8545
6,3,13,0,3,5.0,0.006218905472636816,0.05322916805744171,0.970548275862069,0.7340936781609195,0.969635632183908,1,0.546
14,3,13,0,3,5.0,0.006180469715698393,0.08565972000360489,0.9679265536723164,0.677564406779661,0.9646892655367232,1,0.9143
22,4,13,0,3,5.0,0.0068212824010914054,0.10709635447710752,0.9663485875706216,0.7424570621468926,0.9622666666666668,2,0.4485
6,4,13,0,0,4.0,0.003988035892323031,0.07934027910232544,0.9714869318181818,0.7811892045454545,0.9603221590909092,1,0.7366
14,4,13,0,0,3.0,0.003264417845484222,0.10709635447710752,0.9732103448275864,0.7720936781609196,0.9673367816091952,1,0.8535
22,5,13,1,0,5.0,0.004761904761904762,0.10709635447710752,0.9726114285714286,0.7704497142857143,0.9543937142857144,1,0.8237
6,4,13,0,0,4.0,0.005305039787798408,0.05763888731598854,0.9579948863636364,0.6420017045454546,0.9496204545454544,2,0.6464
14,4,13,0,0,2.0,0.002207505518763797,0.07857638597488403,0.9595845714285716,0.6536731428571428,0.9767611428571428,2,0.4389
22,5,13,1,0,2.0,0.002824858757062147,0.0,0.960858757062147,0.6334305084745763,0.9482943502824858,0,0.5371
6,4,13,0,0,4.0,0.0045662100456621,0.0,0.9711568965517242,0.7715344827586208,0.9542132183908044,0,0.8337
14,4,13,0,0,3.0,0.0036407766990291263,0.0,0.9698011363636364,0.75509375,0.9680863636363636,0,0.4134
22,5,13,1,0,2.0,0.0024242424242424242,0.0,0.9699949438202248,0.7404140449438202,0.9610904494382022,0,0.9576
6,4,13,0,1,5.0,0.005841121495327103,0.0,0.9694767045454546,0.7222562499999999,0.9522732954545454,0,1.0
14,4,13,0,1,3.0,0.003464203233256351,0.0,0.970316384180791,0.7160909604519774,0.958379661016949,0,0.7325
22,5,13,1,1,4.0,0.004301075268817204,0.0,0.9707780898876404,0.6486887640449438,0.9695876404494382,0,0.2722
6,4,13,0,1,5.0,0.006675567423230975,0.0,0.9605514124293784,0.6269536723163842,0.9538604519774012,0,0.3344
14,4,13,0,1,3.0,0.0033821871476888386,0.0,0.961474431818182,0.6564625000000001,0.9428977272727272,0,0.749
22,5,13,1,1,5.0,0.008025682182985553,0.0,0.9596569832402236,0.6435245810055866,0.9638513966480448,0,0.7069
6,4,13,0,1,2.0,0.0021436227224008574,0.0,0.965764,0.7633297142857142,0.9598091428571428,0,1.0
14,4,13,0,1,5.0,0.0057405281285878304,0.0,0.961093220338983,0.7580553672316385,0.9796604519774011,0,0.5837
22,5,13,1,1,6.0,0.006153846153846154,0.05687500163912773,0.95955530726257,0.7858726256983241,0.97316312849162,1,0.518
6,4,13,0,2,6.0,0.006756756756756757,0.0,0.9684011363636364,0.7713215909090909,0.9683693181818182,0,0.5877
14,4,13,0,2,4.0,0.0044004400440044,0.0,0.9675180790960451,0.7758463276836158,0.9586621468926554,0,0.5653
22,5,13,1,2,4.0,0.004020100502512563,0.0,0.9660954545454546,0.7738732954545454,0.9695846590909092,0,1.0
6,4,13,0,2,4.0,0.005390835579514825,0.0,0.9734926553672316,0.6269056497175142,0.955367231638418,0,0.2373
14,4,13,0,2,3.0,0.004418262150220913,0.0,0.9717162921348316,0.6548410112359551,0.9551494382022472,0,0.4927
22,5,13,1,2,6.0,0.007712082262210797,0.0,0.9691514450867053,0.6074329479768786,0.9537063583815028,0,0.7977
6,4,13,0,2,6.0,0.005714285714285714,0.039444442838430405,0.9558448863636364,0.7807528409090909,0.977555681818182,1,0.517
14,4,13,0,2,6.0,0.005876591576885406,0.033020831644535065,0.959408,0.7887599999999999,0.9514285714285714,1,0.7622
22,5,13,1,2,7.0,0.007,0.10709635447710752,0.9592327485380115,0.7542111111111112,0.97113216374269,1,0.295
6,4,13,0,3,3.0,0.00410958904109589,0.06302083283662796,0.97625197740113,0.6071683615819209,0.9534841807909604,1,0.3297
14,4,13,0,3,2.0,0.0026702269692923898,0.025381945073604584,0.9750948863636364,0.5983465909090909,0.9623090909090908,1,0.8447
22,5,13,1,3,4.0,0.005457025920873124,0.0,0.9761469273743016,0.5908648044692737,0.9510592178770948,0,0.3128
6,4,13,0,3,4.0,0.0038095238095238095,0.10709635447710752,0.9577932203389832,0.7727412429378532,0.9548954802259888,1,0.8291
14,4,13,0,3,3.0,0.002857142857142857,0.10709635447710752,0.9601118644067796,0.7691152542372881,0.9529186440677966,1,0.5272
22,5,13,1,3,2.0,0.0025380710659898475,0.0,0.9582296511627908,0.8025308139534885,0.9455558139534884,0,1.0
6,4,13,0,3,4.0,0.0038095238095238095,0.10180555284023285,0.970548275862069,0.7340936781609195,0.969635632183908,2,0.7277
14,4,13,0,3,2.0,0.002894356005788712,0.07333333045244217,0.9679265536723164,0.677564406779661,0.9646892655367232,2,0.2503
22,5,13,1,3,5.0,0.00536480686695279,0.0,0.9663485875706216,0.7424570621468926,0.9622666666666668,0,0.9239
6,5,13,1,0,3.0,0.0029239766081871343,0.10709635447710752,0.9714869318181818,0.7811892045454545,0.9603221590909092,1,0.4792
14,5,13,1,0,5.0,0.004789272030651341,0.10709635447710752,0.9732103448275864,0.7720936781609196,0.9673367816091952,1,0.8186
22,6,13,1,0,1.0,0.0009523809523809524,0.10709635447710752,0.9726114285714286,0.7704497142857143,0.9543937142857144,3,0.7501
6,5,13,1,0,5.0,0.0074962518740629685,0.0,0.9579948863636364,0.6420017045454546,0.9496204545454544,0,0.3111
14,5,13,1,0,3.0,0.0037831021437578815,0.0,0.9595845714285716,0.6536731428571428,0.9767611428571428,0,0.6539
22,6,13,1,0,8.0,0.011267605633802818,0.022534722462296486,0.960858757062147,0.6334305084745763,0.9482943502824858,1,0.3454
6,5,13,1,0,6.0,0.006128702757916241,0.0,0.9711568965517242,0.7715344827586208,0.9542132183908044,0,0.686
14,5,13,1,0,4.0,0.004415011037527594,0.0,0.9698011363636364,0.75509375,0.9680863636363636,0,0.3083
22,6,13,1,0,2.0,0.002890173410404624,0.0,0.9699949438202248,0.7404140449438202,0.9610904494382022,0,0.6442
6,5,13,1,1,5.0,0.006793478260869565,0.0,0.9694767045454546,0.7222562499999999,0.9522732954545454,0,0.2223
14,5,13,1,1,6.0,0.0060790273556231,0.0,0.970316384180791,0.7160909604519774,0.958379661016949,0,0.8941
22,6,13,1,1,2.0,0.0024009603841536613,0.0,0.9707780898876404,0.6486887640449438,0.9695876404494382,0,0.5961
6,5,13,1,1,4.0,0.0053404539385847796,0.0,0.9605514124293784,0.6269536723163842,0.9538604519774012,0,0.8637
22,6,13,1,1,4.0,0.005578800557880056,0.0,0.9596569832402236,0.6435245810055866,0.9638513966480448,0,0.7317
6,5,13,1,1,4.0,0.003857280617164899,0.07281249761581421,0.965764,0.7633297142857142,0.9598091428571428,1,0.66
14,5,13,1,1,3.0,0.003374578177727784,0.0607638880610466,0.961093220338983,0.7580553672316385,0.9796604519774011,1,0.8257
22,6,13,1,1,5.0,0.004761904761904762,0.0,0.95955530726257,0.7858726256983241,0.97316312849162,0,0.8141
6,5,13,1,2,2.0,0.001996007984031936,0.0,0.9684011363636364,0.7713215909090909,0.9683693181818182,0,1.0
14,5,13,1,2,5.0,0.004761904761904762,0.0,0.9675180790960451,0.7758463276836158,0.9586621468926554,0,1.0
6,5,13,1,2,2.0,0.0030120481927710845,0.0,0.9734926553672316,0.6269056497175142,0.955367231638418,0,0.9222
14,5,13,1,2,4.0,0.005018820577164366,0.0,0.9717162921348316,0.6548410112359551,0.9551494382022472,0,0.6564
22,6,13,1,2,4.0,0.006051437216338881,0.0,0.9691514450867053,0.6074329479768786,0.9537063583815028,0,0.4161
6,5,13,1,2,4.0,0.0040650406504065045,0.0829513892531395,0.9558448863636364,0.7807528409090909,0.977555681818182,1,0.9101
14,5,13,1,2,6.0,0.005714285714285714,0.05583333224058151,0.959408,0.7887599999999999,0.9514285714285714,1,0.9442
22,6,13,1,2,2.0,0.0026109660574412533,0.01666666753590107,0.9592327485380115,0.7542111111111112,0.97113216374269,1,0.3683
6,5,13,1,3,2.0,0.0032948929159802307,0.0,0.97625197740113,0.6071683615819209,0.9534841807909604,0,0.3191
14,5,13,1,3,3.0,0.004195804195804196,0.0,0.9750948863636364,0.5983465909090909,0.9623090909090908,0,0.2937
22,6,13,1,3,4.0,0.0061068702290076335,0.0,0.9761469273743016,0.5908648044692737,0.9510592178770948,0,0.2353
6,5,13,1,3,5.0,0.0053533190578158455,0.0,0.9577932203389832,0.7727412429378532,0.9548954802259888,0,0.9797
14,5,13,1,3,4.0,0.004424778761061947,0.0,0.9601118644067796,0.7691152542372881,0.9529186440677966,0,1.0
22,6,13,1,3,5.0,0.005555555555555556,0.0,0.9582296511627908,0.8025308139534885,0.9455558139534884,0,0.8333
22,6,13,1,3,6.0,0.00804289544235925,0.10709635447710752,0.9663485875706216,0.7424570621468926,0.9622666666666668,1,0.7483
6,6,13,1,0,3.0,0.0038809831824062097,0.10709635447710752,0.9714869318181818,0.7811892045454545,0.9603221590909092,3,0.3124
14,6,13,1,0,2.0,0.00196078431372549,0.0871874988079071,0.9732103448275864,0.7720936781609196,0.9673367816091952,3,0.9128
22,0,14,0,0,3.0,0.0031678986272439284,0.10709635447710752,0.9726114285714286,0.7704497142857143,0.9543937142857144,1,0.2933
6,6,13,1,0,4.0,0.006309148264984227,0.04989583417773247,0.9579948863636364,0.6420017045454546,0.9496204545454544,1,0.2536
22,0,14,0,0,1.0,0.0016286644951140066,0.04781249910593033,0.960858757062147,0.6334305084745763,0.9482943502824858,1,0.5857
6,6,13,1,0,3.0,0.0029910269192422734,0.0,0.9711568965517242,0.7715344827586208,0.9542132183908044,0,0.6422
14,6,13,1,0,6.0,0.006329113924050633,0.0,0.9698011363636364,0.75509375,0.9680863636363636,0,0.7525
22,0,14,0,0,8.0,0.007619047619047619,0.08541666716337204,0.9699949438202248,0.7404140449438202,0.9610904494382022,1,0.813
6,6,13,1,1,2.0,0.002861230329041488,0.0,0.9694767045454546,0.7222562499999999,0.9522732954545454,0,0.6177
14,6,13,1,1,6.0,0.006060606060606061,0.0,0.970316384180791,0.7160909604519774,0.958379661016949,0,0.6284
22,0,14,0,1,3.0,0.002859866539561487,0.0,0.9707780898876404,0.6486887640449438,0.9695876404494382,0,0.7948
6,6,13,1,1,4.0,0.0044943820224719105,0.0,0.9605514124293784,0.6269536723163842,0.9538604519774012,0,0.7757
14,6,13,1,1,4.0,0.005383580080753701,0.0,0.961474431818182,0.6564625000000001,0.9428977272727272,0,0.2704
22,0,14,0,1,3.0,0.004470938897168405,0.0,0.9596569832402236,0.6435245810055866,0.9638513966480448,0,0.6922
6,6,13,1,1,3.0,0.002857142857142857,0.0,0.965764,0.7633297142857142,0.9598091428571428,0,0.9764
14,6,13,1,1,4.0,0.004020100502512563,0.0,0.961093220338983,0.7580553672316385,0.9796604519774011,0,0.9449
22,0,14,0,1,0.0,0.0,0.0,0.95955530726257,0.7858726256983241,0.97316312849162,0,0.4554
6,6,13,1,2,3.0,0.003472222222222222,0.04125000163912773,0.9684011363636364,0.7713215909090909,0.9683693181818182,1,0.8856
14,6,13,1,2,3.0,0.0031982942430703624,0.023125000298023224,0.9675180790960451,0.7758463276836158,0.9586621468926554,1,0.6175
22,0,14,0,2,2.0,0.0019801980198019802,0.0,0.9660954545454546,0.7738732954545454,0.9695846590909092,0,0.5829
6,6,13,1,2,4.0,0.004878048780487805,0.0,0.9734926553672316,0.6269056497175142,0.955367231638418,0,0.4778
14,6,13,1,2,5.0,0.00723589001447178,0.0,0.9717162921348316,0.6548410112359551,0.9551494382022472,0,0.523
22,0,14,0,2,4.0,0.004618937644341801,0.0,0.9691514450867053,0.6074329479768786,0.9537063583815028,0,0.7911
6,6,13,1,2,5.0,0.005592841163310962,0.02135416679084301,0.9558448863636364,0.7807528409090909,0.977555681818182,1,0.5977
22,0,14,0,2,3.0,0.002857142857142857,0.0,0.9592327485380115,0.7542111111111112,0.97113216374269,0,0.8021
6,6,13,1,3,4.0,0.005788712011577424,0.0,0.97625197740113,0.6071683615819209,0.9534841807909604,0,0.4336
14,6,13,1,3,2.0,0.0028169014084507044,0.0,0.9750948863636364,0.5983465909090909,0.9623090909090908,0,0.7213
22,0,14,0,3,4.0,0.006060606060606061,0.10709635447710752,0.9761469273743016,0.5908648044692737,0.9510592178770948,1,0.5441
6,6,13,1,3,3.0,0.0030581039755351682,0.0,0.9577932203389832,0.7727412429378532,0.9548954802259888,0,0.4173
14,6,13,1,3,4.0,0.0038095238095238095,0.0,0.9601118644067796,0.7691152542372881,0.9529186440677966,0,0.8316
22,0,14,0,3,6.0,0.006030150753768844,0.0,0.9582296511627908,0.8025308139534885,0.9455558139534884,0,0.882
6,6,13,1,3,4.0,0.0040858018386108275,0.10208333283662796,0.970548275862069,0.7340936781609195,0.969635632183908,1,0.861
14,6,13,1,3,2.0,0.0019782393669634025,0.10709635447710752,0.9679265536723164,0.677564406779661,0.9646892655367232,1,0.304
22,0,14,0,3,1.0,0.0011655011655011655,0.0,0.9663485875706216,0.7424570621468926,0.9622666666666668,0,0.3036
6,0,14,0,0,6.0,0.006211180124223602,0.10709635447710752,0.9714869318181818,0.7811892045454545,0.9603221590909092,1,0.3908
14,0,14,0,0,2.0,0.0019047619047619048,0.09923610836267471,0.9732103448275864,0.7720936781609196,0.9673367816091952,1,0.9008
22,1,14,0,0,4.0,0.003864734299516908,0.026770833879709244,0.9726114285714286,0.7704497142857143,0.9543937142857144,1,0.9732
6,0,14,0,0,2.0,0.0025188916876574307,0.06215277686715126,0.9579948863636364,0.6420017045454546,0.9496204545454544,1,0.889
14,0,14,0,0,2.0,0.0026455026455026454,0.07447917014360428,0.9595845714285716,0.6536731428571428,0.9767611428571428,1,0.829
22,1,14,0,0,4.0,0.004860267314702308,0.03368055447936058,0.960858757062147,0.6334305084745763,0.9482943502824858,1,0.1952
6,0,14,0,0,4.0,0.0039177277179236044,0.057604167610406876,0.9711568965517242,0.7715344827586208,0.9542132183908044,1,0.9424
14,0,14,0,0,6.0,0.007471980074719801,0.06576389074325562,0.9698011363636364,0.75509375,0.9680863636363636,1,0.8462
22,1,14,0,0,3.0,0.003468208092485549,0.0,0.9699949438202248,0.7404140449438202,0.9610904494382022,0,0.8719
6,0,14,0,1,5.0,0.006045949214026602,0.0,0.9694767045454546,0.7222562499999999,0.9522732954545454,0,1.0
14,0,14,0,1,2.0,0.002386634844868735,0.0,0.970316384180791,0.7160909604519774,0.958379661016949,0,0.8432
22,1,14,0,1,1.0,0.0012376237623762376,0.0,0.9707780898876404,0.6486887640449438,0.9695876404494382,0,0.9957
6,0,14,0,1,6.0,0.007352941176470588,0.0,0.9605514124293784,0.6269536723163842,0.9538604519774012,0,0.7562
14,0,14,0,1,5.0,0.007680491551459293,0.0,0.961474431818182,0.6564625000000001,0.9428977272727272,0,0.6856
22,1,14,0,1,6.0,0.008823529411764706,0.0,0.9596569832402236,0.6435245810055866,0.9638513966480448,0,0.8495
6,0,14,0,1,6.0,0.005714285714285714,0.0,0.965764,0.7633297142857142,0.9598091428571428,0,0.7798
14,0,14,0,1,2.0,0.0019704433497536944,0.0,0.961093220338983,0.7580553672316385,0.9796604519774011,0,1.0
22,1,14,0,1,7.0,0.006666666666666667,0.10709635447710752,0.95955530726257,0.7858726256983241,0.97316312849162,2,0.8245
6,0,14,0,2,5.0,0.004761904761904762,0.0,0.9684011363636364,0.7713215909090909,0.9683693181818182,0,0.7544
14,0,14,0,2,2.0,0.0019047619047619048,0.0,0.9675180790960451,0.7758463276836158,0.9586621468926554,0,1.0
22,1,14,0,2,6.0,0.006048387096774193,0.0,0.9660954545454546,0.7738732954545454,0.9695846590909092,0,0.6228
6,0,14,0,2,4.0,0.005494505494505495,0.0,0.9734926553672316,0.6269056497175142,0.955367231638418,0,0.3864
14,0,14,0,2,4.0,0.0050568900126422255,0.0,0.9717162921348316,0.6548410112359551,0.9551494382022472,0,0.2453
22,1,14,0,2,8.0,0.011396011396011397,0.0,0.9691514450867053,0.6074329479768786,0.9537063583815028,0,0.5392
6,0,14,0,2,5.0,0.005175983436853002,0.0,0.9558448863636364,0.7807528409090909,0.977555681818182,0,1.0
14,0,14,0,2,4.0,0.004106776180698152,0.0,0.959408,0.7887599999999999,0.9514285714285714,0,0.675
22,1,14,0,2,4.0,0.0038095238095238095,0.0,0.9592327485380115,0.7542111111111112,0.97113216374269,0,0.8327
6,0,14,0,3,5.0,0.0075075075075075074,0.10709635447710752,0.97625197740113,0.6071683615819209,0.9534841807909604,1,0.6238
14,0,14,0,3,6.0,0.009259259259259259,0.10709635447710752,0.9750948863636364,0.5983465909090909,0.9623090909090908,1,0.7617
22,1,14,0,3,1.0,0.0012987012987012987,0.10709635447710752,0.9761469273743016,0.5908648044692737,0.9510592178770948,1,0.6396
6,0,14,0,3,4.0,0.004119464469618949,0.0,0.9577932203389832,0.7727412429378532,0.9548954802259888,0,0.4127
14,0,14,0,3,4.0,0.0038095238095238095,0.0,0.9601118644067796,0.7691152542372881,0.9529186440677966,0,0.3799
22,1,14,0,3,3.0,0.0029239766081871343,0.0,0.9582296511627908,0.8025308139534885,0.9455558139534884,0,0.5921
6,0,14,0,3,6.0,0.0063025210084033615,0.0,0.970548275862069,0.7340936781609195,0.969635632183908,0,0.8542
14,0,14,0,3,4.0,0.004081632653061225,0.0,0.9679265536723164,0.677564406779661,0.9646892655367232,0,0.2382
22,1,14,0,3,5.0,0.005656108597285068,0.0,0.9663485875706216,0.7424570621468926,0.9622666666666668,0,1.0
6,1,14,0,0,2.0,0.002098635886673662,0.023923611268401146,0.9714869318181818,0.7811892045454545,0.9603221590909092,1,0.9761
14,1,14,0,0,4.0,0.0038095238095238095,0.02326388843357563,0.9732103448275864,0.7720936781609196,0.9673367816091952,1,0.9767
22,2,14,0,0,5.0,0.004975124378109453,0.07170139253139496,0.9726114285714286,0.7704497142857143,0.9543937142857144,1,0.9283
6,1,14,0,0,3.0,0.0034522439585730723,0.04784722253680229,0.9579948863636364,0.6420017045454546,0.9496204545454544,1,0.2921
14,1,14,0,0,2.0,0.0024968789013732834,0.04305555671453476,0.9595845714285716,0.6536731428571428,0.9767611428571428,1,0.3301
22,2,14,0,0,5.0,0.007204610951008645,0.0,0.960858757062147,0.6334305084745763,0.9482943502824858,0,0.5352
6,1,14,0,0,5.0,0.005917159763313609,0.0,0.9711568965517242,0.7715344827586208,0.9542132183908044,0,0.4718
14,1,14,0,0,4.0,0.00404040404040404,0.0,0.9698011363636364,0.75509375,0.9680863636363636,0,0.991
22,2,14,0,0,4.0,0.0038095238095238095,0.10709635447710752,0.9699949438202248,0.7404140449438202,0.9610904494382022,1,0.3861
6,1,14,0,1,2.0,0.0023121387283236996,0.0,0.9694767045454546,0.7222562499999999,0.9522732954545454,0,0.5971
14,1,14,0,1,3.0,0.003778337531486146,0.0,0.970316384180791,0.7160909604519774,0.958379661016949,0,0.7469
22,2,14,0,1,4.0,0.005747126436781609,0.0,0.9707780898876404,0.6486887640449438,0.9695876404494382,0,0.4403
6,1,14,0,1,3.0,0.004137931034482759,0.0,0.9605514124293784,0.6269536723163842,0.9538604519774012,0,0.7101
14,1,14,0,1,2.0,0.003169572107765452,0.0,0.961474431818182,0.6564625000000001,0.9428977272727272,0,0.8707
22,2,14,0,1,3.0,0.0037128712871287127,0.0,0.9596569832402236,0.6435245810055866,0.9638513966480448,0,0.7752
6,1,14,0,1,2.0,0.001998001998001998,0.10709635447710752,0.965764,0.7633297142857142,0.9598091428571428,2,0.8104
14,1,14,0,1,6.0,0.006066734074823054,0.10709635447710752,0.961093220338983,0.7580553672316385,0.9796604519774011,2,0.7302
22,2,14,0,1,3.0,0.0033003300330033004,0.0,0.95955530726257,0.7858726256983241,0.97316312849162,0,0.4207
6,1,14,0,2,3.0,0.003468208092485549,0.0,0.9684011363636364,0.7713215909090909,0.9683693181818182,0,1.0
14,1,14,0,2,6.0,0.006787330316742082,0.0,0.9675180790960451,0.7758463276836158,0.9586621468926554,0,0.6455
22,2,14,0,2,3.0,0.0033632286995515697,0.10709635447710752,0.9660954545454546,0.7738732954545454,0.9695846590909092,2,0.8134
6,1,14,0,2,3.0,0.0034802784222737818,0.0,0.9734926553672316,0.6269056497175142,0.955367231638418,0,0.5229
14,1,14,0,2,2.0,0.0025412960609911056,0.0,0.9717162921348316,0.6548410112359551,0.9551494382022472,0,0.1643
22,2,14,0,2,2.0,0.0031645569620253164,0.0,0.9691514450867053,0.6074329479768786,0.9537063583815028,0,0.2338
6,1,14,0,2,4.0,0.0038095238095238095,0.0,0.9558448863636364,0.7807528409090909,0.977555681818182,0,0.5005
14,1,14,0,2,3.0,0.002857142857142857,0.0,0.959408,0.7887599999999999,0.9514285714285714,0,0.4404
22,2,14,0,2,1.0,0.0009569377990430622,0.0,0.9592327485380115,0.7542111111111112,0.97113216374269,0,0.6651
6,1,14,0,3,6.0,0.008130081300813009,0.10709635447710752,0.97625197740113,0.6071683615819209,0.9534841807909604,1,0.7649
14,1,14,0,3,5.0,0.006720430107526882,0.10709635447710752,0.9750948863636364,0.5983465909090909,0.9623090909090908,1,0.6503
22,2,14,0,3,3.0,0.004815409309791332,0.10709635447710752,0.9761469273743016,0.5908648044692737,0.9510592178770948,2,0.1501
6,1,14,0,3,3.0,0.0028625954198473282,0.0,0.9577932203389832,0.7727412429378532,0.9548954802259888,0,0.3224
14,1,14,0,3,4.0,0.0041109969167523125,0.0,0.9601118644067796,0.7691152542372881,0.9529186440677966,0,0.6419
22,2,14,0,3,4.0,0.0038095238095238095,0.0,0.9582296511627908,0.8025308139534885,0.9455558139534884,0,1.0
6,1,14,0,3,2.0,0.002034587995930824,0.0,0.970548275862069,0.7340936781609195,0.969635632183908,0,0.4854
14,1,14,0,3,2.0,0.0019821605550049554,0.0,0.9679265536723164,0.677564406779661,0.9646892655367232,0,0.6667
22,2,14,0,3,5.0,0.007704160246533128,0.10709635447710752,0.9663485875706216,0.7424570621468926,0.9622666666666668,1,0.587
6,2,14,0,0,6.0,0.0062959076600209865,0.06947916746139526,0.9714869318181818,0.7811892045454545,0.9603221590909092,1,0.9305
14,2,14,0,0,4.0,0.004153686396677051,0.04201388731598854,0.9732103448275864,0.7720936781609196,0.9673367816091952,1,0.958
22,3,14,0,0,4.0,0.00477326968973747,0.0,0.9726114285714286,0.7704497142857143,0.9543937142857144,0,0.4374
6,2,14,0,0,2.0,0.0029498525073746312,0.0,0.9579948863636364,0.6420017045454546,0.9496204545454544,0,0.2253
14,2,14,0,0,2.0,0.0027739251040221915,0.0,0.9595845714285716,0.6536731428571428,0.9767611428571428,0,0.369
22,3,14,0,0,2.0,0.0025575447570332483,0.0,0.960858757062147,0.6334305084745763,0.9482943502824858,0,0.6063
6,2,14,0,0,4.0,0.004056795131845842,0.10305555909872055,0.9711568965517242,0.7715344827586208,0.9542132183908044,1,0.7175
14,2,14,0,0,5.0,0.0051387461459403904,0.10709635447710752,0.9698011363636364,0.75509375,0.9680863636363636,1,0.8677
22,3,14,0,0,3.0,0.00298804780876494,0.0,0.9699949438202248,0.7404140449438202,0.9610904494382022,0,1.0
6,2,14,0,1,3.0,0.003484320557491289,0.0,0.9694767045454546,0.7222562499999999,0.9522732954545454,0,0.3384
14,2,14,0,1,5.0,0.005889281507656066,0.0,0.970316384180791,0.7160909604519774,0.958379661016949,0,0.8794
22,3,14,0,1,1.0,0.001288659793814433,0.10709635447710752,0.9707780898876404,0.6486887640449438,0.9695876404494382,1,0.3668
6,2,14,0,1,2.0,0.0024906600249066002,0.0,0.9605514124293784,0.6269536723163842,0.9538604519774012,0,0.1918
14,2,14,0,1,2.0,0.0029455081001472753,0.0,0.961474431818182,0.6564625000000001,0.9428977272727272,0,0.3763
22,3,14,0,1,2.0,0.00243605359317905,0.041527777910232544,0.9596569832402236,0.6435245810055866,0.9638513966480448,1,0.9519
6,2,14,0,1,5.0,0.005567928730512249,0.0,0.965764,0.7633297142857142,0.9598091428571428,0,0.6847
14,2,14,0,1,5.0,0.004761904761904762,0.0,0.961093220338983,0.7580553672316385,0.9796604519774011,0,0.8333
22,3,14,0,1,2.0,0.0022371364653243847,0.0,0.95955530726257,0.7858726256983241,0.97316312849162,0,0.8785
6,2,14,0,2,4.0,0.0038095238095238095,0.10709635447710752,0.9684011363636364,0.7713215909090909,0.9683693181818182,2,0.6347
14,2,14,0,2,4.0,0.004223864836325237,0.10709635447710752,0.9675180790960451,0.7758463276836158,0.9586621468926554,2,0.3601
22,3,14,0,2,4.0,0.0041797283176593526,0.06975694745779037,0.9660954545454546,0.7738732954545454,0.9695846590909092,1,0.4373
6,2,14,0,2,2.0,0.003003003003003003,0.0,0.9734926553672316,0.6269056497175142,0.955367231638418,0,0.3642
14,2,14,0,2,3.0,0.004405286343612335,0.0,0.9717162921348316,0.6548410112359551,0.9551494382022472,0,0.4474
22,3,14,0,2,0.0,0.0,0.03552083298563957,0.9691514450867053,0.6074329479768786,0.9537063583815028,1,0.2242
6,2,14,0,2,4.0,0.0038095238095238095,0.0,0.9558448863636364,0.7807528409090909,0.977555681818182,0,0.7117
14,2,14,0,2,5.0,0.004761904761904762,0.0,0.959408,0.7887599999999999,0.9514285714285714,0,0.5265
22,3,14,0,2,6.0,0.005758157389635317,0.019166667014360428,0.9592327485380115,0.7542111111111112,0.97113216374269,1,0.9808
6,2,14,0,3,4.0,0.005571030640668524,0.10709635447710752,0.97625197740113,0.6071683615819209,0.9534841807909604,2,0.2336
14,2,14,0,3,5.0,0.006640106241699867,0.10709635447710752,0.9750948863636364,0.5983465909090909,0.9623090909090908,2,0.6267
22,3,14,0,3,3.0,0.004322766570605188,0.0,0.9761469273743016,0.5908648044692737,0.9510592178770948,0,0.5234
6,2,14,0,3,3.0,0.0034522439585730723,0.0,0.9577932203389832,0.7727412429378532,0.9548954802259888,0,0.4043
14,2,14,0,3,3.0,0.003293084522502744,0.0,0.9601118644067796,0.7691152542372881,0.9529186440677966,0,0.4645
22,3,14,0,3,4.0,0.0038314176245210726,0.10709635447710752,0.9582296511627908,0.8025308139534885,0.9455558139534884,3,0.5854
6,2,14,0,3,4.0,0.004651162790697674,0.10709635447710752,0.970548275862069,0.7340936781609195,0.969635632183908,1,0.6868
14,2,14,0,3,4.0,0.0042643923240938165,0.10709635447710752,0.9679265536723164,0.677564406779661,0.9646892655367232,1,0.3681
22,3,14,0,3,3.0,0.0031982942430703624,0.0,0.9663485875706216,0.7424570621468926,0.9622666666666668,0,0.75
6,3,14,0,0,3.0,0.003409090909090909,0.0,0.9714869318181818,0.7811892045454545,0.9603221590909092,0,0.3468
14,3,14,0,0,3.0,0.002857142857142857,0.0,0.9732103448275864,0.7720936781609196,0.9673367816091952,0,0.5472
22,4,14,0,0,3.0,0.002857142857142857,0.010729166679084301,0.9726114285714286,0.7704497142857143,0.9543937142857144,1,0.9893
6,3,14,0,0,2.0,0.0034129692832764505,0.0,0.9579948863636364,0.6420017045454546,0.9496204545454544,0,0.2501
14,3,14,0,0,2.0,0.0029239766081871343,0.0,0.9595845714285716,0.6536731428571428,0.9767611428571428,0,0.2647
22,4,14,0,0,4.0,0.004479283314669653,0.0,0.960858757062147,0.6334305084745763,0.9482943502824858,0,0.9659
6,3,14,0,0,2.0,0.0020060180541624875,0.0,0.9711568965517242,0.7715344827586208,0.9542132183908044,0,0.2537
14,3,14,0,0,3.0,0.0030241935483870967,0.0,0.9698011363636364,0.75509375,0.9680863636363636,0,0.7574
22,4,14,0,0,1.0,0.0011198208286674132,0.10709635447710752,0.9699949438202248,0.7404140449438202,0.9610904494382022,1,0.875
6,3,14,0,1,5.0,0.005780346820809248,0.10709635447710752,0.9694767045454546,0.7222562499999999,0.9522732954545454,1,0.8659
14,3,14,0,1,6.0,0.007075471698113208,0.10709635447710752,0.970316384180791,0.7160909604519774,0.958379661016949,1,0.7985
22,4,14,0,1,4.0,0.0053404539385847796,0.10709635447710752,0.9707780898876404,0.6486887640449438,0.9695876404494382,2,0.453
6,3,14,0,1,3.0,0.004160887656033287,0.039270833134651184,0.9605514124293784,0.6269536723163842,0.9538604519774012,1,0.9148
14,3,14,0,1,3.0,0.00463678516228748,0.05527777597308159,0.961474431818182,0.6564625000000001,0.9428977272727272,1,0.5401
22,4,14,0,1,4.0,0.0058997050147492625,0.10709635447710752,0.9596569832402236,0.6435245810055866,0.9638513966480448,2,0.5704
6,3,14,0,1,4.0,0.0044742729306487695,0.0,0.965764,0.7633297142857142,0.9598091428571428,0,0.6159
14,3,14,0,1,3.0,0.0029498525073746312,0.0,0.961093220338983,0.7580553672316385,0.9796604519774011,0,1.0
22,4,14,0,1,3.0,0.00331858407079646,0.024965276941657066,0.95955530726257,0.7858726256983241,0.97316312849162,1,0.8833
6,3,14,0,2,3.0,0.002857142857142857,0.058888889849185944,0.9684011363636364,0.7713215909090909,0.9683693181818182,1,0.9411
14,3,14,0,2,5.0,0.006195786864931847,0.08076389133930206,0.9675180790960451,0.7758463276836158,0.9586621468926554,1,0.2656
22,4,14,0,2,5.0,0.005405405405405406,0.0,0.9660954545454546,0.7738732954545454,0.9695846590909092,0,1.0
6,3,14,0,2,6.0,0.007722007722007722,0.01614583283662796,0.9734926553672316,0.6269056497175142,0.955367231638418,1,0.5628
14,3,14,0,2,2.0,0.002894356005788712,0.01666666753590107,0.9717162921348316,0.6548410112359551,0.9551494382022472,1,0.3052
22,4,14,0,2,3.0,0.0036855036855036856,0.0,0.9691514450867053,0.6074329479768786,0.9537063583815028,0,1.0
6,3,14,0,2,5.0,0.005197505197505198,0.03270833194255829,0.9558448863636364,0.7807528409090909,0.977555681818182,1,0.8061
14,3,14,0,2,4.0,0.0038095238095238095,0.031736109405756,0.959408,0.7887599999999999,0.9514285714285714,1,0.9683
22,4,14,0,2,2.0,0.0019047619047619048,0.02760416641831398,0.9592327485380115,0.7542111111111112,0.97113216374269,1,0.6632
6,3,14,0,3,3.0,0.004160887656033287,0.0,0.97625197740113,0.6071683615819209,0.9534841807909604,0,0.927
14,3,14,0,3,2.0,0.0025031289111389237,0.0,0.9750948863636364,0.5983465909090909,0.9623090909090908,0,0.8001
22,4,14,0,3,4.0,0.005555555555555556,0.0,0.9761469273743016,0.5908648044692737,0.9510592178770948,0,0.2125
6,3,14,0,3,6.0,0.007692307692307693,0.10709635447710752,0.9577932203389832,0.7727412429378532,0.9548954802259888,3,0.7755
14,3,14,0,3,6.0,0.00646551724137931,0.10709635447710752,0.9601118644067796,0.7691152542372881,0.9529186440677966,3,0.6693
22,4,14,0,3,4.0,0.003872216844143272,0.0,0.9582296511627908,0.8025308139534885,0.9455558139534884,0,0.6485
6,3,14,0,3,6.0,0.007662835249042145,0.0,0.970548275862069,0.7340936781609195,0.969635632183908,0,0.3559
14,3,14,0,3,5.0,0.005470459518599562,0.0,0.9679265536723164,0.677564406779661,0.9646892655367232,0,0.3764
22,4,14,0,3,2.0,0.0022675736961451248,0.10709635447710752,0.9663485875706216,0.7424570621468926,0.9622666666666668,2,0.6587
6,4,14,0,0,4.0,0.004149377593360996,0.01996527798473835,0.9714869318181818,0.7811892045454545,0.9603221590909092,1,0.98
14,4,14,0,0,5.0,0.004761904761904762,0.015937499701976776,0.9732103448275864,0.7720936781609196,0.9673367816091952,1,0.8659
22,5,14,1,0,5.0,0.005252100840336135,0.07517360895872116,0.9726114285714286,0.7704497142857143,0.9543937142857144,1,0.3253
6,4,14,0,0,6.0,0.008915304606240713,0.0,0.9579948863636364,0.6420017045454546,0.9496204545454544,0,0.6237
14,4,14,0,0,5.0,0.005714285714285714,0.0,0.9595845714285716,0.6536731428571428,0.9767611428571428,0,0.3868
22,5,14,1,0,4.0,0.005148005148005148,0.0,0.960858757062147,0.6334305084745763,0.9482943502824858,0,0.5126
6,4,14,0,0,4.0,0.0038095238095238095,0.07690972089767456,0.9711568965517242,0.7715344827586208,0.9542132183908044,1,0.9231
14,4,14,0,0,3.0,0.0031779661016949155,0.10709635447710752,0.9698011363636364,0.75509375,0.9680863636363636,1,0.6831
22,5,14,1,0,6.0,0.0069605568445475635,0.0,0.9699949438202248,0.7404140449438202,0.9610904494382022,0,0.921
6,4,14,0,1,4.0,0.004689331770222743,0.0777430534362793,0.9694767045454546,0.7222562499999999,0.9522732954545454,2,0.6975
14,4,14,0,1,3.0,0.003658536585365854,0.10709635447710752,0.970316384180791,0.7160909604519774,0.958379661016949,2,0.2472
22,5,14,1,1,7.0,0.007633587786259542,0.0676041692495346,0.9707780898876404,0.6486887640449438,0.9695876404494382,1,0.6173
6,4,14,0,1,5.0,0.00715307582260372,0.10709635447710752,0.9605514124293784,0.6269536723163842,0.9538604519774012,2,0.6545
14,4,14,0,1,3.0,0.003896103896103896,0.10709635447710752,0.961474431818182,0.6564625000000001,0.9428977272727272,2,0.3479
22,5,14,1,1,4.0,0.005427408412483039,0.0,0.9596569832402236,0.6435245810055866,0.9638513966480448,0,0.8296
6,4,14,0,1,5.0,0.005714285714285714,0.02847222238779068,0.965764,0.7633297142857142,0.9598091428571428,1,0.9715
14,4,14,0,1,4.0,0.004028197381671702,0.027465278282761574,0.961093220338983,0.7580553672316385,0.9796604519774011,1,0.4858
22,5,14,1,1,3.0,0.0031746031746031746,0.1029166653752327,0.95955530726257,0.7858726256983241,0.97316312849162,1,0.8971
6,4,14,0,2,4.0,0.0045662100456621,0.0,0.9684011363636364,0.7713215909090909,0.9683693181818182,0,0.7416
14,4,14,0,2,6.0,0.005714285714285714,0.0,0.9675180790960451,0.7758463276836158,0.9586621468926554,0,1.0
22,5,14,1,2,4.0,0.004223864836325237,0.0,0.9660954545454546,0.7738732954545454,0.9695846590909092,0,0.6915
6,4,14,0,2,6.0,0.008902077151335312,0.0,0.9734926553672316,0.6269056497175142,0.955367231638418,0,0.8767
14,4,14,0,2,4.0,0.005390835579514825,0.0,0.9717162921348316,0.6548410112359551,0.9551494382022472,0,0.3615
22,5,14,1,2,1.0,0.0015060240963855422,0.019340278580784798,0.9691514450867053,0.6074329479768786,0.9537063583815028,1,0.4862
6,4,14,0,2,3.0,0.003015075376884422,0.02239583246409893,0.9558448863636364,0.7807528409090909,0.977555681818182,1,0.6972
14,4,14,0,2,3.0,0.002857142857142857,0.02361111156642437,0.959408,0.7887599999999999,0.9514285714285714,1,0.6043
22,5,14,1,2,4.0,0.0049382716049382715,0.0,0.9592327485380115,0.7542111111111112,0.97113216374269,0,0.4871
6,4,14,0,3,3.0,0.0044444444444444444,0.0,0.97625197740113,0.6071683615819209,0.9534841807909604,0,0.4842
14,4,14,0,3,5.0,0.0071633237822349575,0.0,0.9750948863636364,0.5983465909090909,0.9623090909090908,0,0.6566
22,5,14,1,3,4.0,0.0048543689320388345,0.02666666731238365,0.9761469273743016,0.5908648044692737,0.9510592178770948,1,0.6912
6,4,14,0,3,6.0,0.006147540983606557,0.0,0.9577932203389832,0.7727412429378532,0.9548954802259888,0,0.3145
14,4,14,0,3,4.0,0.00425531914893617,0.0,0.9601118644067796,0.7691152542372881,0.9529186440677966,0,0.8
22,5,14,1,3,0.0,0.0,0.0,0.9582296511627908,0.8025308139534885,0.9455558139534884,0,0.0
6,4,14,0,3,4.0,0.004395604395604396,0.10709635447710752,0.970548275862069,0.7340936781609195,0.969635632183908,2,0.5947
14,4,14,0,3,4.0,0.004449388209121246,0.10709635447710752,0.9679265536723164,0.677564406779661,0.9646892655367232,2,0.4932
22,5,14,1,3,3.0,0.003289473684210526,0.0,0.9663485875706216,0.7424570621468926,0.9622666666666668,0,0.5253
6,5,14,1,0,4.0,0.0038095238095238095,0.0694444477558136,0.9714869318181818,0.7811892045454545,0.9603221590909092,1,0.9306
14,5,14,1,0,4.0,0.004314994606256742,0.10709635447710752,0.9732103448275864,0.7720936781609196,0.9673367816091952,1,0.7054
22,6,14,1,0,6.0,0.006507592190889371,0.0,0.9726114285714286,0.7704497142857143,0.9543937142857144,0,0.8445
6,5,14,1,0,5.0,0.006305170239596469,0.0,0.9579948863636364,0.6420017045454546,0.9496204545454544,0,1.0
6,5,14,1,0,6.0,0.00646551724137931,0.0,0.9711568965517242,0.7715344827586208,0.9542132183908044,0,1.0
14,5,14,1,0,2.0,0.002072538860103627,0.0,0.9698011363636364,0.75509375,0.9680863636363636,0,1.0
22,6,14,1,0,7.0,0.008027522935779817,0.0,0.9699949438202248,0.7404140449438202,0.9610904494382022,0,0.4271
14,5,14,1,1,4.0,0.005044136191677175,0.10218749940395355,0.970316384180791,0.7160909604519774,0.958379661016949,1,0.2172
22,6,14,1,1,1.0,0.00125,0.0,0.9707780898876404,0.6486887640449438,0.9695876404494382,0,0.4589
6,5,14,1,1,4.0,0.005427408412483039,0.0,0.9605514124293784,0.6269536723163842,0.9538604519774012,0,0.824
14,5,14,1,1,2.0,0.002466091245376079,0.0,0.961474431818182,0.6564625000000001,0.9428977272727272,0,1.0
22,6,14,1,1,4.0,0.005917159763313609,0.07107638567686081,0.9596569832402236,0.6435245810055866,0.9638513966480448,1,0.8248
6,5,14,1,1,2.0,0.0019286403085824494,0.07170139253139496,0.965764,0.7633297142857142,0.9598091428571428,1,0.3662
14,5,14,1,1,2.0,0.001996007984031936,0.10709635447710752,0.961093220338983,0.7580553672316385,0.9796604519774011,1,0.4464
22,6,14,1,1,6.0,0.005714285714285714,0.0,0.95955530726257,0.7858726256983241,0.97316312849162,0,0.8571
6,5,14,1,2,3.0,0.003329633740288568,0.0,0.9684011363636364,0.7713215909090909,0.9683693181818182,0,0.3132
14,5,14,1,2,5.0,0.004761904761904762,0.0,0.9675180790960451,0.7758463276836158,0.9586621468926554,0,0.8333
22,6,14,1,2,7.0,0.008225616921269096,0.0,0.9660954545454546,0.7738732954545454,0.9695846590909092,0,0.7588
6,5,14,1,2,4.0,0.0062402496099844,0.03343750163912773,0.9734926553672316,0.6269056497175142,0.955367231638418,1,0.3913
14,5,14,1,2,2.0,0.0026490066225165563,0.035624999552965164,0.9717162921348316,0.6548410112359551,0.9551494382022472,1,0.3022
22,6,14,1,2,5.0,0.0067842605156037995,0.039444442838430405,0.9691514450867053,0.6074329479768786,0.9537063583815028,1,0.5812
14,5,14,1,2,6.0,0.00702576112412178,0.0,0.959408,0.7887599999999999,0.9514285714285714,0,1.0
6,5,14,1,3,2.0,0.0035149384885764497,0.04295139014720917,0.97625197740113,0.6071683615819209,0.9534841807909604,1,0.7083
22,6,14,1,3,3.0,0.004316546762589928,0.0,0.9761469273743016,0.5908648044692737,0.9510592178770948,0,0.4094
6,5,14,1,3,4.0,0.0040858018386108275,0.0,0.9577932203389832,0.7727412429378532,0.9548954802259888,0,1.0
14,5,14,1,3,6.0,0.005714285714285714,0.0,0.9601118644067796,0.7691152542372881,0.9529186440677966,0,0.5753
6,5,14,1,3,4.0,0.005563282336578581,0.0,0.970548275862069,0.7340936781609195,0.969635632183908,0,0.4038
14,5,14,1,3,2.0,0.002544529262086514,0.0,0.9679265536723164,0.677564406779661,0.9646892655367232,0,0.6154
22,6,14,1,3,4.0,0.0045351473922902496,0.0,0.9663485875706216,0.7424570621468926,0.9622666666666668,0,0.7688
6,6,14,1,0,5.0,0.0051440329218107,0.0,0.9714869318181818,0.7811892045454545,0.9603221590909092,0,0.6625
22,0,15,0,0,4.0,0.0041928721174004195,0.04802083224058151,0.9726114285714286,0.7704497142857143,0.9543937142857144,2,0.3487
6,6,14,1,0,2.0,0.002770083102493075,0.10709635447710752,0.9579948863636364,0.6420017045454546,0.9496204545454544,1,0.4442
14,6,14,1,0,5.0,0.006165228113440197,0.10709635447710752,0.9595845714285716,0.6536731428571428,0.9767611428571428,1,0.3266
22,0,15,0,0,2.0,0.0026560424966799467,0.10709635447710752,0.960858757062147,0.6334305084745763,0.9482943502824858,1,0.783
6,6,14,1,0,5.0,0.0053475935828877,0.0,0.9711568965517242,0.7715344827586208,0.9542132183908044,0,0.784
14,6,14,1,0,6.0,0.00625,0.0,0.9698011363636364,0.75509375,0.9680863636363636,0,1.0
22,0,15,0,0,4.0,0.003827751196172249,0.0,0.9699949438202248,0.7404140449438202,0.9610904494382022,0,1.0
6,6,14,1,1,4.0,0.004352557127312296,0.0,0.9694767045454546,0.7222562499999999,0.9522732954545454,0,0.6667
14,6,14,1,1,4.0,0.005383580080753701,0.0,0.970316384180791,0.7160909604519774,0.958379661016949,0,0.7113
6,6,14,1,1,2.0,0.002570694087403599,0.10709635447710752,0.9605514124293784,0.6269536723163842,0.9538604519774012,1,0.7105
14,6,14,1,1,2.0,0.0033277870216306157,0.08434027433395386,0.961474431818182,0.6564625000000001,0.9428977272727272,1,0.4635
6,6,14,1,1,6.0,0.006521739130434782,0.0,0.965764,0.7633297142857142,0.9598091428571428,0,0.8635
14,6,14,1,1,3.0,0.003115264797507788,0.0,0.961093220338983,0.7580553672316385,0.9796604519774011,0,1.0
22,0,15,0,1,1.0,0.0010471204188481676,0.0,0.95955530726257,0.7858726256983241,0.97316312849162,0,1.0
6,6,14,1,2,4.0,0.0038095238095238095,0.0,0.9684011363636364,0.7713215909090909,0.9683693181818182,0,1.0
14,6,14,1,2,3.0,0.002857142857142857,0.0,0.9675180790960451,0.7758463276836158,0.9586621468926554,0,0.4506
22,0,15,0,2,4.0,0.0038095238095238095,0.05475694313645363,0.9660954545454546,0.7738732954545454,0.9695846590909092,1,0.7254
14,6,14,1,2,2.0,0.0023781212841854932,0.05427083373069763,0.9717162921348316,0.6548410112359551,0.9551494382022472,1,0.4153
6,6,14,1,2,3.0,0.002857142857142857,0.0,0.9558448863636364,0.7807528409090909,0.977555681818182,0,0.6417
14,6,14,1,2,4.0,0.004032258064516129,0.0,0.959408,0.7887599999999999,0.9514285714285714,0,0.7333
22,0,15,0,2,2.0,0.0019047619047619048,0.0,0.9592327485380115,0.7542111111111112,0.97113216374269,0,1.0
6,6,14,1,3,2.0,0.0028735632183908046,0.0,0.97625197740113,0.6071683615819209,0.9534841807909604,0,0.5504
14,6,14,1,3,2.0,0.002828854314002829,0.0,0.9750948863636364,0.5983465909090909,0.9623090909090908,0,0.5924
22,0,15,0,3,4.0,0.005249343832020997,0.0,0.9761469273743016,0.5908648044692737,0.9510592178770948,0,0.4397
6,6,14,1,3,5.0,0.004761904761904762,0.0,0.9577932203389832,0.7727412429378532,0.9548954802259888,0,0.3602
14,6,14,1,3,3.0,0.002997002997002997,0.0,0.9601118644067796,0.7691152542372881,0.9529186440677966,0,0.3452
6,6,14,1,3,3.0,0.003271537622682661,0.0,0.970548275862069,0.7340936781609195,0.969635632183908,0,0.8711
14,6,14,1,3,2.0,0.0023501762632197414,0.0,0.9679265536723164,0.677564406779661,0.9646892655367232,0,0.9624
6,0,15,0,0,6.0,0.006674082313681869,0.10709635447710752,0.9714869318181818,0.7811892045454545,0.9603221590909092,2,0.6531
14,0,15,0,0,2.0,0.0022197558268590455,0.08829861134290695,0.9732103448275864,0.7720936781609196,0.9673367816091952,2,0.6782
22,1,15,0,0,7.0,0.006666666666666667,0.01336805522441864,0.9726114285714286,0.7704497142857143,0.9543937142857144,1,0.3555
6,0,15,0,0,2.0,0.002777777777777778,0.10709635447710752,0.9579948863636364,0.6420017045454546,0.9496204545454544,1,0.3473
14,0,15,0,0,6.0,0.0066518847006651885,0.10709635447710752,0.9595845714285716,0.6536731428571428,0.9767611428571428,1,0.7357
22,1,15,0,0,3.0,0.004081632653061225,0.0,0.960858757062147,0.6334305084745763,0.9482943502824858,0,0.2715
6,0,15,0,0,3.0,0.003134796238244514,0.0,0.9711568965517242,0.7715344827586208,0.9542132183908044,0,0.9364
14,0,15,0,0,5.0,0.005246589716684155,0.0,0.9698011363636364,0.75509375,0.9680863636363636,0,0.272
22,1,15,0,0,3.0,0.002890173410404624,0.08093749731779099,0.9699949438202248,0.7404140449438202,0.9610904494382022,1,0.577
6,0,15,0,1,4.0,0.005242463958060288,0.05756944417953491,0.9694767045454546,0.7222562499999999,0.9522732954545454,1,0.5007
14,0,15,0,1,3.0,0.0031545741324921135,0.038576390594244,0.970316384180791,0.7160909604519774,0.958379661016949,1,0.6652
22,1,15,0,1,3.0,0.0037546933667083854,0.0942361131310463,0.9707780898876404,0.6486887640449438,0.9695876404494382,1,0.5408
6,0,15,0,1,3.0,0.0035714285714285713,0.0,0.9605514124293784,0.6269536723163842,0.9538604519774012,0,0.6361
14,0,15,0,1,4.0,0.0058823529411764705,0.0,0.961474431818182,0.6564625000000001,0.9428977272727272,0,0.2333
22,1,15,0,1,1.0,0.0015015015015015015,0.0,0.9596569832402236,0.6435245810055866,0.9638513966480448,0,0.1928
6,0,15,0,1,4.0,0.0038095238095238095,0.0,0.965764,0.7633297142857142,0.9598091428571428,0,0.7805
14,0,15,0,1,4.0,0.004842615012106538,0.0,0.961093220338983,0.7580553672316385,0.9796604519774011,0,0.9315
22,1,15,0,1,4.0,0.0038095238095238095,0.0,0.95955530726257,0.7858726256983241,0.97316312849162,0,0.5633
6,0,15,0,2,3.0,0.0032292787944025836,0.041180554777383804,0.9684011363636364,0.7713215909090909,0.9683693181818182,1,0.3116
14,0,15,0,2,4.0,0.003827751196172249,0.03010416589677334,0.9675180790960451,0.7758463276836158,0.9586621468926554,1,0.9699
22,1,15,0,2,1.0,0.001053740779768177,0.0,0.9660954545454546,0.7738732954545454,0.9695846590909092,0,0.7351
6,0,15,0,2,2.0,0.0027359781121751026,0.0,0.9734926553672316,0.6269056497175142,0.955367231638418,0,0.9155
14,0,15,0,2,3.0,0.004694835680751174,0.0,0.9717162921348316,0.6548410112359551,0.9551494382022472,0,0.1835
22,1,15,0,2,6.0,0.0075282308657465494,0.0,0.9691514450867053,0.6074329479768786,0.9537063583815028,0,0.8197
6,0,15,0,2,5.0,0.004930966469428008,0.0,0.9558448863636364,0.7807528409090909,0.977555681818182,0,0.7003
14,0,15,0,2,6.0,0.006528835690968444,0.0,0.959408,0.7887599999999999,0.9514285714285714,0,0.9589
22,1,15,0,2,6.0,0.006622516556291391,0.10709635447710752,0.9592327485380115,0.7542111111111112,0.97113216374269,2,0.5751
6,0,15,0,3,3.0,0.004261363636363636,0.0,0.97625197740113,0.6071683615819209,0.9534841807909604,0,0.9675
14,0,15,0,3,2.0,0.002472187886279357,0.0,0.9750948863636364,0.5983465909090909,0.9623090909090908,0,0.8961
22,1,15,0,3,3.0,0.0041265474552957355,0.0,0.9761469273743016,0.5908648044692737,0.9510592178770948,0,0.3983
6,0,15,0,3,2.0,0.002074688796680498,0.0,0.9577932203389832,0.7727412429378532,0.9548954802259888,0,0.5566
14,0,15,0,3,5.0,0.004761904761904762,0.0,0.9601118644067796,0.7691152542372881,0.9529186440677966,0,0.2883
22,1,15,0,3,5.0,0.004985044865403789,0.10709635447710752,0.9582296511627908,0.8025308139534885,0.9455558139534884,1,0.8869
6,0,15,0,3,3.0,0.0036231884057971015,0.050138890743255615,0.970548275862069,0.7340936781609195,0.969635632183908,1,0.368
14,0,15,0,3,4.0,0.0049079754601227,0.024340277537703514,0.9679265536723164,0.677564406779661,0.9646892655367232,1,0.727
22,1,15,0,3,3.0,0.0035714285714285713,0.0,0.9663485875706216,0.7424570621468926,0.9622666666666668,0,0.5017
6,1,15,0,0,5.0,0.0056433408577878106,0.018368056043982506,0.9714869318181818,0.7811892045454545,0.9603221590909092,1,0.8079
14,1,15,0,0,4.0,0.003887269193391642,0.00937500037252903,0.9732103448275864,0.7720936781609196,0.9673367816091952,1,0.531
22,2,15,0,0,4.0,0.004077471967380225,0.02940972149372101,0.9726114285714286,0.7704497142857143,0.9543937142857144,1,0.7923
6,1,15,0,0,5.0,0.006195786864931847,0.0,0.9579948863636364,0.6420017045454546,0.9496204545454544,0,1.0
14,1,15,0,0,5.0,0.007173601147776184,0.0,0.9595845714285716,0.6536731428571428,0.9767611428571428,0,0.5905
22,2,15,0,0,4.0,0.006211180124223602,0.0,0.960858757062147,0.6334305084745763,0.9482943502824858,0,0.8148
6,1,15,0,0,5.0,0.005988023952095809,0.10709635447710752,0.9711568965517242,0.7715344827586208,0.9542132183908044,1,0.6504
14,1,15,0,0,3.0,0.0033632286995515697,0.10709635447710752,0.9698011363636364,0.75509375,0.9680863636363636,1,0.6541
22,2,15,0,0,2.0,0.002570694087403599,0.10709635447710752,0.9699949438202248,0.7404140449438202,0.9610904494382022,1,0.446
6,1,15,0,1,2.0,0.002072538860103627,0.10709635447710752,0.9694767045454546,0.7222562499999999,0.9522732954545454,1,0.5886
14,1,15,0,1,3.0,0.0035971223021582736,0.1024305522441864,0.970316384180791,0.7160909604519774,0.958379661016949,1,0.8976
22,2,15,0,1,5.0,0.006443298969072165,0.0,0.9707780898876404,0.6486887640449438,0.9695876404494382,0,0.308
6,1,15,0,1,4.0,0.005390835579514825,0.0,0.9605514124293784,0.6269536723163842,0.9538604519774012,0,0.6176
14,1,15,0,1,5.0,0.0070126227208976155,0.0,0.961474431818182,0.6564625000000001,0.9428977272727272,0,0.8601
22,2,15,0,1,2.0,0.0027359781121751026,0.10709635447710752,0.9596569832402236,0.6435245810055866,0.9638513966480448,1,0.6411
6,1,15,0,1,6.0,0.005714285714285714,0.0,0.965764,0.7633297142857142,0.9598091428571428,0,0.5079
14,1,15,0,1,4.0,0.0038095238095238095,0.0,0.961093220338983,0.7580553672316385,0.9796604519774011,0,0.6366
22,2,15,0,1,7.0,0.008092485549132947,0.0,0.95955530726257,0.7858726256983241,0.97316312849162,0,0.875
6,1,15,0,2,6.0,0.006,0.0,0.9684011363636364,0.7713215909090909,0.9683693181818182,0,0.3097
14,1,15,0,2,6.0,0.005982053838484547,0.0,0.9675180790960451,0.7758463276836158,0.9586621468926554,0,0.4785
22,2,15,0,2,4.0,0.004123711340206186,0.0,0.9660954545454546,0.7738732954545454,0.9695846590909092,0,0.2674
6,1,15,0,2,2.0,0.002828854314002829,0.0,0.9734926553672316,0.6269056497175142,0.955367231638418,0,0.489
14,1,15,0,2,3.0,0.004048582995951417,0.0,0.9717162921348316,0.6548410112359551,0.9551494382022472,0,0.8002
22,2,15,0,2,6.0,0.0071090047393364926,0.0,0.9691514450867053,0.6074329479768786,0.9537063583815028,0,0.5058
6,1,15,0,2,5.0,0.00510204081632653,0.10709635447710752,0.9558448863636364,0.7807528409090909,0.977555681818182,2,0.8808
14,1,15,0,2,4.0,0.004073319755600814,0.10709635447710752,0.959408,0.7887599999999999,0.9514285714285714,2,0.707
22,2,15,0,2,1.0,0.0009765625,0.0,0.9592327485380115,0.7542111111111112,0.97113216374269,0,0.5426
6,1,15,0,3,2.0,0.0027397260273972603,0.0,0.97625197740113,0.6071683615819209,0.9534841807909604,0,0.55
14,1,15,0,3,5.0,0.0071633237822349575,0.0,0.9750948863636364,0.5983465909090909,0.9623090909090908,0,0.6981
22,2,15,0,3,6.0,0.00816326530612245,0.0,0.9761469273743016,0.5908648044692737,0.9510592178770948,0,0.3759
6,1,15,0,3,5.0,0.00641025641025641,0.10709635447710752,0.9577932203389832,0.7727412429378532,0.9548954802259888,1,0.8478
14,1,15,0,3,3.0,0.0034602076124567475,0.10709635447710752,0.9601118644067796,0.7691152542372881,0.9529186440677966,1,0.8758
22,2,15,0,3,5.0,0.004935834155972359,0.0,0.9582296511627908,0.8025308139534885,0.9455558139534884,0,0.8822
6,1,15,0,3,6.0,0.008141112618724558,0.0,0.970548275862069,0.7340936781609195,0.969635632183908,0,0.456
14,1,15,0,3,2.0,0.0020325203252032522,0.0,0.9679265536723164,0.677564406779661,0.9646892655367232,0,1.0
22,2,15,0,3,5.0,0.007407407407407408,0.0,0.9663485875706216,0.7424570621468926,0.9622666666666668,0,0.739
6,2,15,0,0,4.0,0.0038095238095238095,0.018541665747761726,0.9714869318181818,0.7811892045454545,0.9603221590909092,1,0.9815
14,2,15,0,0,2.0,0.0019047619047619048,0.04715277627110481,0.9732103448275864,0.7720936781609196,0.9673367816091952,1,0.9528
22,3,15,0,0,3.0,0.0034285714285714284,0.0,0.9726114285714286,0.7704497142857143,0.9543937142857144,0,0.9342
6,2,15,0,0,4.0,0.004920049200492005,0.0,0.9579948863636364,0.6420017045454546,0.9496204545454544,0,0.3554
14,2,15,0,0,2.0,0.0022675736961451248,0.0,0.9595845714285716,0.6536731428571428,0.9767611428571428,0,0.2481
22,3,15,0,0,5.0,0.005649717514124294,0.0,0.960858757062147,0.6334305084745763,0.9482943502824858,0,0.8318
6,2,15,0,0,3.0,0.003188097768331562,0.10709635447710752,0.9711568965517242,0.7715344827586208,0.9542132183908044,1,0.8536
14,2,15,0,0,3.0,0.0040650406504065045,0.10709635447710752,0.9698011363636364,0.75509375,0.9680863636363636,1,0.8155
22,3,15,0,0,3.0,0.0031847133757961785,0.10709635447710752,0.9699949438202248,0.7404140449438202,0.9610904494382022,1,0.5809
6,2,15,0,1,4.0,0.005509641873278237,0.0,0.9694767045454546,0.7222562499999999,0.9522732954545454,0,0.2607
14,2,15,0,1,3.0,0.0037313432835820895,0.0,0.970316384180791,0.7160909604519774,0.958379661016949,0,0.3434
22,3,15,0,1,2.0,0.0024271844660194173,0.0,0.9707780898876404,0.6486887640449438,0.9695876404494382,0,0.3638
6,2,15,0,1,6.0,0.007033997655334115,0.10709635447710752,0.9605514124293784,0.6269536723163842,0.9538604519774012,1,0.2423
14,2,15,0,1,6.0,0.008849557522123894,0.10709635447710752,0.961474431818182,0.6564625000000001,0.9428977272727272,1,0.4935
22,3,15,0,1,3.0,0.004437869822485207,0.06052083149552345,0.9596569832402236,0.6435245810055866,0.9638513966480448,1,0.8483
6,2,15,0,1,2.0,0.0020222446916076846,0.0,0.965764,0.7633297142857142,0.9598091428571428,0,1.0
14,2,15,0,1,5.0,0.0051813471502590676,0.0,0.961093220338983,0.7580553672316385,0.9796604519774011,0,1.0
22,3,15,0,1,1.0,0.0009523809523809524,0.0,0.95955530726257,0.7858726256983241,0.97316312849162,0,1.0
6,2,15,0,2,2.0,0.002014098690835851,0.0,0.9684011363636364,0.7713215909090909,0.9683693181818182,0,0.9282
14,2,15,0,2,4.0,0.0038910505836575876,0.0,0.9675180790960451,0.7758463276836158,0.9586621468926554,0,1.0
22,3,15,0,2,3.0,0.002857142857142857,0.0842013880610466,0.9660954545454546,0.7738732954545454,0.9695846590909092,1,0.9158
6,2,15,0,2,2.0,0.0031397174254317113,0.0,0.9734926553672316,0.6269056497175142,0.955367231638418,0,0.5932
14,2,15,0,2,3.0,0.003926701570680628,0.0,0.9717162921348316,0.6548410112359551,0.9551494382022472,0,0.8123
22,3,15,0,2,2.0,0.002551020408163265,0.019548611715435982,0.9691514450867053,0.6074329479768786,0.9537063583815028,1,0.4176
6,2,15,0,2,2.0,0.001941747572815534,0.0,0.9558448863636364,0.7807528409090909,0.977555681818182,0,0.4324
14,2,15,0,2,5.0,0.004761904761904762,0.0,0.959408,0.7887599999999999,0.9514285714285714,0,0.9508
22,3,15,0,2,2.0,0.002325581395348837,0.0,0.9592327485380115,0.7542111111111112,0.97113216374269,0,0.8155
6,2,15,0,3,6.0,0.009104704097116844,0.0,0.97625197740113,0.6071683615819209,0.9534841807909604,0,0.416
14,2,15,0,3,4.0,0.005797101449275362,0.0,0.9750948863636364,0.5983465909090909,0.9623090909090908,0,0.8433
22,3,15,0,3,2.0,0.0030303030303030303,0.025069445371627808,0.9761469273743016,0.5908648044692737,0.9510592178770948,1,0.622
6,2,15,0,3,3.0,0.003355704697986577,0.0,0.9577932203389832,0.7727412429378532,0.9548954802259888,0,0.2512
14,2,15,0,3,3.0,0.003374578177727784,0.0,0.9601118644067796,0.7691152542372881,0.9529186440677966,0,0.3016
22,3,15,0,3,6.0,0.0058823529411764705,0.0,0.9582296511627908,0.8025308139534885,0.9455558139534884,0,0.3375
6,2,15,0,3,2.0,0.002229654403567447,0.0,0.970548275862069,0.7340936781609195,0.969635632183908,0,0.8958
14,2,15,0,3,2.0,0.0026917900403768506,0.0,0.9679265536723164,0.677564406779661,0.9646892655367232,0,0.7858
22,3,15,0,3,4.0,0.005333333333333333,0.0,0.9663485875706216,0.7424570621468926,0.9622666666666668,0,0.3859
6,3,15,0,0,2.0,0.002072538860103627,0.0,0.9714869318181818,0.7811892045454545,0.9603221590909092,0,0.4081
14,3,15,0,0,4.0,0.0038095238095238095,0.0,0.9732103448275864,0.7720936781609196,0.9673367816091952,0,1.0
22,4,15,0,0,1.0,0.0009950248756218905,0.10709635447710752,0.9726114285714286,0.7704497142857143,0.9543937142857144,1,0.8784
6,3,15,0,0,4.0,0.0058997050147492625,0.0,0.9579948863636364,0.6420017045454546,0.9496204545454544,0,0.5958
14,3,15,0,0,3.0,0.00410958904109589,0.0,0.9595845714285716,0.6536731428571428,0.9767611428571428,0,0.6925
22,4,15,0,0,4.0,0.004962779156327543,0.0,0.960858757062147,0.6334305084745763,0.9482943502824858,0,0.7545
6,3,15,0,0,2.0,0.0019047619047619048,0.10709635447710752,0.9711568965517242,0.7715344827586208,0.9542132183908044,1,0.8066
14,3,15,0,0,3.0,0.0031413612565445027,0.10709635447710752,0.9698011363636364,0.75509375,0.9680863636363636,1,0.7232
22,4,15,0,0,2.0,0.002188183807439825,0.0,0.9699949438202248,0.7404140449438202,0.9610904494382022,0,0.8889
6,3,15,0,1,2.0,0.0031645569620253164,0.0,0.9694767045454546,0.7222562499999999,0.9522732954545454,0,0.4104
14,3,15,0,1,5.0,0.006747638326585695,0.0,0.970316384180791,0.7160909604519774,0.958379661016949,0,0.5433
22,4,15,0,1,2.0,0.0022002200220022,0.0,0.9707780898876404,0.6486887640449438,0.9695876404494382,0,0.8664
6,3,15,0,1,5.0,0.006570302233902759,0.061423610895872116,0.9605514124293784,0.6269536723163842,0.9538604519774012,1,0.6657
14,3,15,0,1,3.0,0.004629629629629629,0.05354166775941849,0.961474431818182,0.6564625000000001,0.9428977272727272,1,0.2589
22,4,15,0,1,8.0,0.011251758087201125,0.0,0.9596569832402236,0.6435245810055866,0.9638513966480448,0,0.576
6,3,15,0,1,5.0,0.004761904761904762,0.0,0.965764,0.7633297142857142,0.9598091428571428,0,0.7015
14,3,15,0,1,5.0,0.005733944954128441,0.0,0.961093220338983,0.7580553672316385,0.9796604519774011,0,0.3373
22,4,15,0,1,4.0,0.0038095238095238095,0.0,0.95955530726257,0.7858726256983241,0.97316312849162,0,1.0
6,3,15,0,2,5.0,0.005580357142857143,0.07270833104848862,0.9684011363636364,0.7713215909090909,0.9683693181818182,1,0.6098
14,3,15,0,2,4.0,0.004651162790697674,0.07520833611488342,0.9675180790960451,0.7758463276836158,0.9586621468926554,1,0.5288
22,4,15,0,2,2.0,0.0019723865877712033,0.10709635447710752,0.9660954545454546,0.7738732954545454,0.9695846590909092,1,0.8596
6,3,15,0,2,5.0,0.0066844919786096255,0.03777777776122093,0.9734926553672316,0.6269056497175142,0.955367231638418,1,0.3272
14,3,15,0,2,3.0,0.0036363636363636364,0.03343750163912773,0.9717162921348316,0.6548410112359551,0.9551494382022472,1,0.5926
22,4,15,0,2,4.0,0.0053475935828877,0.042326390743255615,0.9691514450867053,0.6074329479768786,0.9537063583815028,1,0.3553
6,3,15,0,2,5.0,0.004835589941972921,0.0,0.9558448863636364,0.7807528409090909,0.977555681818182,0,0.9862
14,3,15,0,2,6.0,0.005714285714285714,0.0,0.959408,0.7887599999999999,0.9514285714285714,0,1.0
22,4,15,0,2,6.0,0.006276150627615063,0.10048611462116241,0.9592327485380115,0.7542111111111112,0.97113216374269,1,0.3996
6,3,15,0,3,2.0,0.003367003367003367,0.04333333298563957,0.97625197740113,0.6071683615819209,0.9534841807909604,1,0.2708
14,3,15,0,3,3.0,0.004524886877828055,0.055694445967674255,0.9750948863636364,0.5983465909090909,0.9623090909090908,1,0.7975
22,4,15,0,3,5.0,0.008077544426494346,0.10709635447710752,0.9761469273743016,0.5908648044692737,0.9510592178770948,1,0.7379
6,3,15,0,3,4.0,0.0038095238095238095,0.0,0.9577932203389832,0.7727412429378532,0.9548954802259888,0,0.9293
14,3,15,0,3,3.0,0.002857142857142857,0.0,0.9601118644067796,0.7691152542372881,0.9529186440677966,0,0.3409
22,4,15,0,3,1.0,0.0009970089730807576,0.014722222462296486,0.9582296511627908,0.8025308139534885,0.9455558139534884,1,0.2854
6,3,15,0,3,4.0,0.004166666666666667,0.0,0.970548275862069,0.7340936781609195,0.969635632183908,0,0.3303
14,3,15,0,3,6.0,0.006472491909385114,0.0,0.9679265536723164,0.677564406779661,0.9646892655367232,0,0.9379
22,4,15,0,3,2.0,0.0022675736961451248,0.06913194805383682,0.9663485875706216,0.7424570621468926,0.9622666666666668,1,0.7647
6,4,15,0,0,5.0,0.004761904761904762,0.06222222372889519,0.9714869318181818,0.7811892045454545,0.9603221590909092,1,0.9378
14,4,15,0,0,2.0,0.0019047619047619048,0.05979166552424431,0.9732103448275864,0.7720936781609196,0.9673367816091952,1,0.9402
22,5,15,1,0,4.0,0.003980099502487562,0.0,0.9726114285714286,0.7704497142857143,0.9543937142857144,0,1.0
6,4,15,0,0,5.0,0.006954102920723227,0.0,0.9579948863636364,0.6420017045454546,0.9496204545454544,0,0.8121
14,4,15,0,0,2.0,0.0027662517289073307,0.0,0.9595845714285716,0.6536731428571428,0.9767611428571428,0,0.9065
22,5,15,1,0,4.0,0.0055248618784530384,0.0434027761220932,0.960858757062147,0.6334305084745763,0.9482943502824858,1,0.4206
6,4,15,0,0,5.0,0.005197505197505198,0.0,0.9711568965517242,0.7715344827586208,0.9542132183908044,0,1.0
14,4,15,0,0,4.0,0.003992015968063872,0.0,0.9698011363636364,0.75509375,0.9680863636363636,0,0.8
22,5,15,1,0,3.0,0.003579952267303103,0.10709635447710752,0.9699949438202248,0.7404140449438202,0.9610904494382022,1,0.5939
6,4,15,0,1,6.0,0.006993006993006993,0.0,0.9694767045454546,0.7222562499999999,0.9522732954545454,0,0.6089
14,4,15,0,1,5.0,0.006321112515802781,0.0,0.970316384180791,0.7160909604519774,0.958379661016949,0,1.0
22,5,15,1,1,3.0,0.004665629860031105,0.0,0.9707780898876404,0.6486887640449438,0.9695876404494382,0,0.4476
6,4,15,0,1,5.0,0.00715307582260372,0.0,0.9605514124293784,0.6269536723163842,0.9538604519774012,0,0.7349
14,4,15,0,1,4.0,0.00546448087431694,0.0,0.961474431818182,0.6564625000000001,0.9428977272727272,0,0.2216
22,5,15,1,1,1.0,0.0016155088852988692,0.10709635447710752,0.9596569832402236,0.6435245810055866,0.9638513966480448,1,0.2934
6,4,15,0,1,5.0,0.0050968399592252805,0.0,0.965764,0.7633297142857142,0.9598091428571428,0,0.8448
14,4,15,0,1,6.0,0.006600660066006601,0.0,0.961093220338983,0.7580553672316385,0.9796604519774011,0,1.0
22,5,15,1,1,5.0,0.004761904761904762,0.0,0.95955530726257,0.7858726256983241,0.97316312849162,0,0.7988
6,4,15,0,2,5.0,0.004887585532746823,0.10709635447710752,0.9684011363636364,0.7713215909090909,0.9683693181818182,1,0.5818
14,4,15,0,2,6.0,0.005994005994005994,0.10709635447710752,0.9675180790960451,0.7758463276836158,0.9586621468926554,1,0.8676
22,5,15,1,2,2.0,0.0024691358024691358,0.0,0.9660954545454546,0.7738732954545454,0.9695846590909092,0,1.0
6,4,15,0,2,3.0,0.0038510911424903724,0.04010416567325592,0.9734926553672316,0.6269056497175142,0.955367231638418,1,0.9362
14,4,15,0,2,3.0,0.004815409309791332,0.04357638955116272,0.9717162921348316,0.6548410112359551,0.9551494382022472,1,0.4341
22,5,15,1,2,3.0,0.004054054054054054,0.0,0.9691514450867053,0.6074329479768786,0.9537063583815028,0,0.6696
6,4,15,0,2,5.0,0.004793863854266539,0.10709635447710752,0.9558448863636364,0.7807528409090909,0.977555681818182,1,0.8001
14,4,15,0,2,6.0,0.006674082313681869,0.10709635447710752,0.959408,0.7887599999999999,0.9514285714285714,1,0.8631
22,5,15,1,2,5.0,0.004761904761904762,0.10709635447710752,0.9592327485380115,0.7542111111111112,0.97113216374269,2,0.8453
6,4,15,0,3,2.0,0.0032102728731942215,0.10709635447710752,0.97625197740113,0.6071683615819209,0.9534841807909604,1,0.0921
14,4,15,0,3,5.0,0.007598784194528876,0.10709635447710752,0.9750948863636364,0.5983465909090909,0.9623090909090908,1,0.6914
22,5,15,1,3,3.0,0.0046439628482972135,0.0,0.9761469273743016,0.5908648044692737,0.9510592178770948,0,0.2575
6,4,15,0,3,6.0,0.006018054162487462,0.032326389104127884,0.9577932203389832,0.7727412429378532,0.9548954802259888,1,0.9677
14,4,15,0,3,6.0,0.006772009029345372,0.036666665226221085,0.9601118644067796,0.7691152542372881,0.9529186440677966,1,0.8398
22,5,15,1,3,6.0,0.00644468313641246,0.10709635447710752,0.9582296511627908,0.8025308139534885,0.9455558139534884,1,0.5188
6,4,15,0,3,6.0,0.005982053838484547,0.05236111208796501,0.970548275862069,0.7340936781609195,0.969635632183908,1,0.9476
14,4,15,0,3,4.0,0.004250797024442083,0.08236110955476761,0.9679265536723164,0.677564406779661,0.9646892655367232,1,0.4725
22,5,15,1,3,3.0,0.003003003003003003,0.03305555507540703,0.9663485875706216,0.7424570621468926,0.9622666666666668,1,0.9669
6,5,15,1,0,3.0,0.003537735849056604,0.0,0.9714869318181818,0.7811892045454545,0.9603221590909092,0,0.9472
14,5,15,1,0,4.0,0.004,0.0,0.9732103448275864,0.7720936781609196,0.9673367816091952,0,0.2689
22,6,15,1,0,3.0,0.002952755905511811,0.03312499821186066,0.9726114285714286,0.7704497142857143,0.9543937142857144,1,0.5553
6,5,15,1,0,5.0,0.006934812760055479,0.023402778431773186,0.9579948863636364,0.6420017045454546,0.9496204545454544,1,0.857
14,5,15,1,0,4.0,0.004920049200492005,0.04131944477558136,0.9595845714285716,0.6536731428571428,0.9767611428571428,1,0.3918
22,6,15,1,0,1.0,0.001422475106685633,0.0,0.960858757062147,0.6334305084745763,0.9482943502824858,0,0.4531
6,5,15,1,0,2.0,0.002509410288582183,0.10709635447710752,0.9711568965517242,0.7715344827586208,0.9542132183908044,1,0.6601
14,5,15,1,0,6.0,0.007058823529411765,0.10709635447710752,0.9698011363636364,0.75509375,0.9680863636363636,1,0.8189
22,6,15,1,0,2.0,0.002053388090349076,0.0,0.9699949438202248,0.7404140449438202,0.9610904494382022,0,0.2787
6,5,15,1,1,3.0,0.0030211480362537764,0.0,0.9694767045454546,0.7222562499999999,0.9522732954545454,0,1.0
14,5,15,1,1,6.0,0.006928406466512702,0.0,0.970316384180791,0.7160909604519774,0.958379661016949,0,0.7193
22,6,15,1,1,3.0,0.0037831021437578815,0.0,0.9707780898876404,0.6486887640449438,0.9695876404494382,0,0.6019
6,5,15,1,1,3.0,0.003875968992248062,0.07506944239139557,0.9605514124293784,0.6269536723163842,0.9538604519774012,1,0.2553
14,5,15,1,1,3.0,0.003778337531486146,0.10709635447710752,0.961474431818182,0.6564625000000001,0.9428977272727272,1,0.6793
22,6,15,1,1,5.0,0.0063532401524777635,0.0,0.9596569832402236,0.6435245810055866,0.9638513966480448,0,0.5094
6,5,15,1,1,3.0,0.003246753246753247,0.0,0.965764,0.7633297142857142,0.9598091428571428,0,0.2143
14,5,15,1,1,6.0,0.005714285714285714,0.0,0.961093220338983,0.7580553672316385,0.9796604519774011,0,1.0
22,6,15,1,1,0.0,0.0,0.10709635447710752,0.95955530726257,0.7858726256983241,0.97316312849162,2,0.621
6,5,15,1,2,5.0,0.004761904761904762,0.0,0.9684011363636364,0.7713215909090909,0.9683693181818182,0,0.4353
14,5,15,1,2,5.0,0.0057670126874279125,0.0,0.9675180790960451,0.7758463276836158,0.9586621468926554,0,1.0
22,6,15,1,2,7.0,0.006829268292682927,0.0,0.9660954545454546,0.7738732954545454,0.9695846590909092,0,0.8132
6,5,15,1,2,4.0,0.005018820577164366,0.0,0.9734926553672316,0.6269056497175142,0.955367231638418,0,0.9232
14,5,15,1,2,6.0,0.0078125,0.0,0.9717162921348316,0.6548410112359551,0.9551494382022472,0,0.3984
22,6,15,1,2,6.0,0.007462686567164179,0.0,0.9691514450867053,0.6074329479768786,0.9537063583815028,0,0.8562
6,5,15,1,2,6.0,0.005714285714285714,0.10709635447710752,0.9558448863636364,0.7807528409090909,0.977555681818182,2,0.6692
14,5,15,1,2,2.0,0.0019047619047619048,0.10709635447710752,0.959408,0.7887599999999999,0.9514285714285714,2,0.6882
22,6,15,1,2,5.0,0.004911591355599214,0.0,0.9592327485380115,0.7542111111111112,0.97113216374269,0,0.3563
6,5,15,1,3,6.0,0.00933125972006221,0.0,0.97625197740113,0.6071683615819209,0.9534841807909604,0,0.6868
14,5,15,1,3,6.0,0.007444168734491315,0.0,0.9750948863636364,0.5983465909090909,0.9623090909090908,0,0.813
22,6,15,1,3,6.0,0.008368200836820083,0.0,0.9761469273743016,0.5908648044692737,0.9510592178770948,0,0.4636
6,5,15,1,3,4.0,0.004016064257028112,0.10709635447710752,0.9577932203389832,0.7727412429378532,0.9548954802259888,1,0.278
14,5,15,1,3,5.0,0.005025125628140704,0.10709635447710752,0.9601118644067796,0.7691152542372881,0.9529186440677966,1,0.8355
22,6,15,1,3,4.0,0.005369127516778523,0.0,0.9582296511627908,0.8025308139534885,0.9455558139534884,0,0.9701
6,5,15,1,3,5.0,0.006009615384615385,0.027881944552063942,0.970548275862069,0.7340936781609195,0.969635632183908,1,0.3611
14,5,15,1,3,5.0,0.0063371356147021544,0.017847221344709396,0.9679265536723164,0.677564406779661,0.9646892655367232,1,0.395
22,6,15,1,3,5.0,0.0059594755661501785,0.0,0.9663485875706216,0.7424570621468926,0.9622666666666668,0,0.4145
6,6,15,1,0,2.0,0.002574002574002574,0.029756944626569748,0.9714869318181818,0.7811892045454545,0.9603221590909092,1,0.8115
22,0,16,0,0,5.0,0.004911591355599214,0.0,0.9726114285714286,0.7704497142857143,0.9543937142857144,0,0.9204
6,6,15,1,0,5.0,0.007936507936507936,0.0,0.9579948863636364,0.6420017045454546,0.9496204545454544,0,0.555
14,6,15,1,0,6.0,0.006586169045005488,0.0,0.9595845714285716,0.6536731428571428,0.9767611428571428,0,0.5621
6,6,15,1,0,5.0,0.005512679162072767,0.0,0.9711568965517242,0.7715344827586208,0.9542132183908044,0,1.0
14,6,15,1,0,5.0,0.005065856129685917,0.0,0.9698011363636364,0.75509375,0.9680863636363636,0,0.62
22,0,16,0,0,7.0,0.007760532150776054,0.0,0.9699949438202248,0.7404140449438202,0.9610904494382022,0,0.9158
6,6,15,1,1,5.0,0.005302226935312832,0.0,0.9694767045454546,0.7222562499999999,0.9522732954545454,0,0.4695
14,6,15,1,1,2.0,0.002512562814070352,0.0,0.970316384180791,0.7160909604519774,0.958379661016949,0,1.0
22,0,16,0,1,6.0,0.0069605568445475635,0.0,0.9707780898876404,0.6486887640449438,0.9695876404494382,0,0.5073
14,6,15,1,1,4.0,0.005305039787798408,0.0,0.961474431818182,0.6564625000000001,0.9428977272727272,0,0.5427
22,0,16,0,1,2.0,0.00267379679144385,0.0,0.9596569832402236,0.6435245810055866,0.9638513966480448,0,0.8451
14,6,15,1,1,2.0,0.0021208907741251328,0.10709635447710752,0.961093220338983,0.7580553672316385,0.9796604519774011,2,0.6513
22,0,16,0,1,6.0,0.005714285714285714,0.0,0.95955530726257,0.7858726256983241,0.97316312849162,0,1.0
6,6,15,1,2,4.0,0.003980099502487562,0.0,0.9684011363636364,0.7713215909090909,0.9683693181818182,0,1.0
14,6,15,1,2,4.0,0.004069175991861648,0.0,0.9675180790960451,0.7758463276836158,0.9586621468926554,0,0.7512
22,0,16,0,2,3.0,0.003218884120171674,0.0,0.9660954545454546,0.7738732954545454,0.9695846590909092,0,1.0
6,6,15,1,2,2.0,0.0024875621890547263,0.0,0.9734926553672316,0.6269056497175142,0.955367231638418,0,0.34
14,6,15,1,2,3.0,0.0039946737683089215,0.0,0.9717162921348316,0.6548410112359551,0.9551494382022472,0,0.2287
22,0,16,0,2,1.0,0.001379310344827586,0.10709635447710752,0.9691514450867053,0.6074329479768786,0.9537063583815028,1,0.8929
6,6,15,1,2,2.0,0.002285714285714286,0.0,0.9558448863636364,0.7807528409090909,0.977555681818182,0,0.8704
14,6,15,1,2,6.0,0.006437768240343348,0.0,0.959408,0.7887599999999999,0.9514285714285714,0,0.3226
22,0,16,0,2,6.0,0.005865102639296188,0.0,0.9592327485380115,0.7542111111111112,0.97113216374269,0,0.5463
6,6,15,1,3,5.0,0.00794912559618442,0.0,0.97625197740113,0.6071683615819209,0.9534841807909604,0,0.6797
14,6,15,1,3,1.0,0.001697792869269949,0.0,0.9750948863636364,0.5983465909090909,0.9623090909090908,0,0.2818
22,0,16,0,3,1.0,0.0017035775127768314,0.10027778148651123,0.9761469273743016,0.5908648044692737,0.9510592178770948,1,0.1889
6,6,15,1,3,3.0,0.0035211267605633804,0.0,0.9577932203389832,0.7727412429378532,0.9548954802259888,0,0.7526
14,6,15,1,3,2.0,0.002061855670103093,0.0,0.9601118644067796,0.7691152542372881,0.9529186440677966,0,0.7194
6,6,15,1,3,4.0,0.0041753653444676405,0.0,0.970548275862069,0.7340936781609195,0.969635632183908,0,0.8
14,6,15,1,3,6.0,0.005970149253731343,0.0,0.9679265536723164,0.677564406779661,0.9646892655367232,0,1.0
22,0,16,0,3,3.0,0.0033707865168539327,0.036076389253139496,0.9663485875706216,0.7424570621468926,0.9622666666666668,1,0.6563
6,0,16,0,0,3.0,0.0038560411311053984,0.0,0.9714869318181818,0.7811892045454545,0.9603221590909092,0,0.2615
14,0,16,0,0,4.0,0.004310344827586207,0.0,0.9732103448275864,0.7720936781609196,0.9673367816091952,0,0.5942
22,1,16,0,0,3.0,0.002857142857142857,0.0,0.9726114285714286,0.7704497142857143,0.9543937142857144,0,0.4495
6,0,16,0,0,3.0,0.004076086956521739,0.0,0.9579948863636364,0.6420017045454546,0.9496204545454544,0,0.3562
14,0,16,0,0,3.0,0.003575685339690107,0.0,0.9595845714285716,0.6536731428571428,0.9767611428571428,0,0.4408
22,1,16,0,0,4.0,0.005050505050505051,0.10709635447710752,0.960858757062147,0.6334305084745763,0.9482943502824858,1,0.5359
6,0,16,0,0,2.0,0.002296211251435132,0.0,0.9711568965517242,0.7715344827586208,0.9542132183908044,0,0.4425
14,0,16,0,0,3.0,0.0032397408207343412,0.0,0.9698011363636364,0.75509375,0.9680863636363636,0,1.0
22,1,16,0,0,3.0,0.002857142857142857,0.0,0.9699949438202248,0.7404140449438202,0.9610904494382022,0,0.4102
6,0,16,0,1,4.0,0.004540295119182747,0.0,0.9694767045454546,0.7222562499999999,0.9522732954545454,0,0.6467
14,0,16,0,1,5.0,0.006305170239596469,0.0,0.970316384180791,0.7160909604519774,0.958379661016949,0,0.5188
22,1,16,0,1,6.0,0.006185567010309278,0.0,0.9707780898876404,0.6486887640449438,0.9695876404494382,0,1.0
6,0,16,0,1,5.0,0.007072135785007072,0.0,0.9605514124293784,0.6269536723163842,0.9538604519774012,0,0.773
14,0,16,0,1,5.0,0.007763975155279503,0.0,0.961474431818182,0.6564625000000001,0.9428977272727272,0,0.3748
22,1,16,0,1,8.0,0.01199400299850075,0.0,0.9596569832402236,0.6435245810055866,0.9638513966480448,0,0.7631
6,0,16,0,1,5.0,0.005500550055005501,0.0,0.965764,0.7633297142857142,0.9598091428571428,0,0.9649
14,0,16,0,1,4.0,0.00404040404040404,0.0,0.961093220338983,0.7580553672316385,0.9796604519774011,0,0.7318
22,1,16,0,1,5.0,0.004761904761904762,0.0,0.95955530726257,0.7858726256983241,0.97316312849162,0,0.8983
6,0,16,0,2,3.0,0.002857142857142857,0.0,0.9684011363636364,0.7713215909090909,0.9683693181818182,0,0.412
14,0,16,0,2,3.0,0.0033076074972436605,0.0,0.9675180790960451,0.7758463276836158,0.9586621468926554,0,0.7013
22,1,16,0,2,8.0,0.00866738894907909,0.10709635447710752,0.9660954545454546,0.7738732954545454,0.9695846590909092,1,0.7964
6,0,16,0,2,4.0,0.005641748942172073,0.0633680522441864,0.9734926553672316,0.6269056497175142,0.955367231638418,1,0.7808
14,0,16,0,2,2.0,0.0024752475247524753,0.04520833492279053,0.9717162921348316,0.6548410112359551,0.9551494382022472,1,0.9098
22,1,16,0,2,6.0,0.007246376811594203,0.10709635447710752,0.9691514450867053,0.6074329479768786,0.9537063583815028,2,0.8602
6,0,16,0,2,2.0,0.0022675736961451248,0.0,0.9558448863636364,0.7807528409090909,0.977555681818182,0,0.6263
14,0,16,0,2,3.0,0.0028790786948176585,0.0,0.959408,0.7887599999999999,0.9514285714285714,0,0.6437
22,1,16,0,2,2.0,0.0019047619047619048,0.08145833015441895,0.9592327485380115,0.7542111111111112,0.97113216374269,1,0.3792
6,0,16,0,3,5.0,0.0075528700906344415,0.09048610925674438,0.97625197740113,0.6071683615819209,0.9534841807909604,1,0.5613
14,0,16,0,3,3.0,0.0045871559633027525,0.10709635447710752,0.9750948863636364,0.5983465909090909,0.9623090909090908,1,0.218
22,1,16,0,3,3.0,0.004777070063694267,0.0,0.9761469273743016,0.5908648044692737,0.9510592178770948,0,0.6369
6,0,16,0,3,3.0,0.003131524008350731,0.0,0.9577932203389832,0.7727412429378532,0.9548954802259888,0,0.6995
14,0,16,0,3,6.0,0.0060790273556231,0.0,0.9601118644067796,0.7691152542372881,0.9529186440677966,0,1.0
22,1,16,0,3,3.0,0.0028873917228103944,0.0,0.9582296511627908,0.8025308139534885,0.9455558139534884,0,0.3976
6,0,16,0,3,6.0,0.007425742574257425,0.03399305418133736,0.970548275862069,0.7340936781609195,0.969635632183908,1,0.966
14,0,16,0,3,3.0,0.004,0.08222222328186035,0.9679265536723164,0.677564406779661,0.9646892655367232,1,0.4583
22,1,16,0,3,4.0,0.004678362573099415,0.0,0.9663485875706216,0.7424570621468926,0.9622666666666668,0,1.0
6,1,16,0,0,6.0,0.006185567010309278,0.0,0.9714869318181818,0.7811892045454545,0.9603221590909092,0,1.0
14,1,16,0,0,2.0,0.0019047619047619048,0.0,0.9732103448275864,0.7720936781609196,0.9673367816091952,0,0.7551
22,2,16,0,0,4.0,0.003875968992248062,0.054652776569128036,0.9726114285714286,0.7704497142857143,0.9543937142857144,1,0.7562
6,1,16,0,0,3.0,0.004739336492890996,0.10709635447710752,0.9579948863636364,0.6420017045454546,0.9496204545454544,1,0.7568
14,1,16,0,0,6.0,0.007317073170731708,0.10709635447710752,0.9595845714285716,0.6536731428571428,0.9767611428571428,1,0.3086
22,2,16,0,0,5.0,0.005813953488372093,0.0,0.960858757062147,0.6334305084745763,0.9482943502824858,0,0.8794
6,1,16,0,0,4.0,0.004968944099378882,0.0,0.9711568965517242,0.7715344827586208,0.9542132183908044,0,0.6868
14,1,16,0,0,5.0,0.0047984644913627635,0.0,0.9698011363636364,0.75509375,0.9680863636363636,0,0.7377
22,2,16,0,0,6.0,0.006615214994487321,0.0,0.9699949438202248,0.7404140449438202,0.9610904494382022,0,0.3112
6,1,16,0,1,3.0,0.003051881993896236,0.0,0.9694767045454546,0.7222562499999999,0.9522732954545454,0,1.0
14,1,16,0,1,6.0,0.006224066390041493,0.0,0.970316384180791,0.7160909604519774,0.958379661016949,0,0.3759
22,2,16,0,1,1.0,0.0010649627263045794,0.05236111208796501,0.9707780898876404,0.6486887640449438,0.9695876404494382,1,0.9476
6,1,16,0,1,4.0,0.0055248618784530384,0.0,0.9605514124293784,0.6269536723163842,0.9538604519774012,0,0.3811
14,1,16,0,1,3.0,0.004702194357366771,0.0,0.961474431818182,0.6564625000000001,0.9428977272727272,0,0.3409
22,2,16,0,1,7.0,0.009198423127463863,0.0,0.9596569832402236,0.6435245810055866,0.9638513966480448,0,0.474
6,1,16,0,1,3.0,0.0028873917228103944,0.0,0.965764,0.7633297142857142,0.9598091428571428,0,0.785
14,1,16,0,1,4.0,0.0038095238095238095,0.0,0.961093220338983,0.7580553672316385,0.9796604519774011,0,0.5002
22,2,16,0,1,4.0,0.0041797283176593526,0.0,0.95955530726257,0.7858726256983241,0.97316312849162,0,0.75
6,1,16,0,2,5.0,0.005917159763313609,0.10709635447710752,0.9684011363636364,0.7713215909090909,0.9683693181818182,1,0.7495
14,1,16,0,2,3.0,0.002857142857142857,0.10709635447710752,0.9675180790960451,0.7758463276836158,0.9586621468926554,1,0.8741
22,2,16,0,2,0.0,0.0,0.0,0.9660954545454546,0.7738732954545454,0.9695846590909092,0,0.0
6,1,16,0,2,4.0,0.0058309037900874635,0.10709635447710752,0.9734926553672316,0.6269056497175142,0.955367231638418,2,0.6248
14,1,16,0,2,3.0,0.004143646408839779,0.09559027850627899,0.9717162921348316,0.6548410112359551,0.9551494382022472,2,0.7255
22,2,16,0,2,2.0,0.002777777777777778,0.0,0.9691514450867053,0.6074329479768786,0.9537063583815028,0,0.9183
6,1,16,0,2,4.0,0.0038095238095238095,0.06232639029622078,0.9558448863636364,0.7807528409090909,0.977555681818182,1,0.9377
14,1,16,0,2,3.0,0.002857142857142857,0.062187500298023224,0.959408,0.7887599999999999,0.9514285714285714,1,0.9378
22,2,16,0,2,4.0,0.0038684719535783366,0.0,0.9592327485380115,0.7542111111111112,0.97113216374269,0,1.0
6,1,16,0,3,4.0,0.0053404539385847796,0.0,0.97625197740113,0.6071683615819209,0.9534841807909604,0,0.7204
14,1,16,0,3,3.0,0.004594180704441042,0.0,0.9750948863636364,0.5983465909090909,0.9623090909090908,0,0.4687
22,2,16,0,3,1.0,0.0011862396204033216,0.0,0.9761469273743016,0.5908648044692737,0.9510592178770948,0,0.5
6,1,16,0,3,4.0,0.004106776180698152,0.0,0.9577932203389832,0.7727412429378532,0.9548954802259888,0,0.481
14,1,16,0,3,4.0,0.0038095238095238095,0.0,0.9601118644067796,0.7691152542372881,0.9529186440677966,0,0.8356
22,2,16,0,3,3.0,0.0032292787944025836,0.0,0.9582296511627908,0.8025308139534885,0.9455558139534884,0,0.3461
6,1,16,0,3,3.0,0.003658536585365854,0.0,0.970548275862069,0.7340936781609195,0.969635632183908,0,0.7653
14,1,16,0,3,4.0,0.005031446540880503,0.0,0.9679265536723164,0.677564406779661,0.9646892655367232,0,0.6375
22,2,16,0,3,1.0,0.001145475372279496,0.0,0.9663485875706216,0.7424570621468926,0.9622666666666668,0,0.9085
6,2,16,0,0,4.0,0.004073319755600814,0.10027778148651123,0.9714869318181818,0.7811892045454545,0.9603221590909092,1,0.8997
14,2,16,0,0,4.0,0.004761904761904762,0.10709635447710752,0.9732103448275864,0.7720936781609196,0.9673367816091952,1,0.4157
22,3,16,0,0,4.0,0.0040609137055837565,0.0,0.9726114285714286,0.7704497142857143,0.9543937142857144,0,0.6235
6,2,16,0,0,3.0,0.0036452004860267314,0.0,0.9579948863636364,0.6420017045454546,0.9496204545454544,0,0.3166
14,2,16,0,0,5.0,0.007173601147776184,0.0,0.9595845714285716,0.6536731428571428,0.9767611428571428,0,0.7333
22,3,16,0,0,3.0,0.0038809831824062097,0.0,0.960858757062147,0.6334305084745763,0.9482943502824858,0,0.8484
6,2,16,0,0,4.0,0.004069175991861648,0.0,0.9711568965517242,0.7715344827586208,0.9542132183908044,0,0.7102
14,2,16,0,0,2.0,0.0019157088122605363,0.0,0.9698011363636364,0.75509375,0.9680863636363636,0,0.7507
22,3,16,0,0,2.0,0.002320185614849188,0.0,0.9699949438202248,0.7404140449438202,0.9610904494382022,0,0.3702
6,2,16,0,1,4.0,0.0047169811320754715,0.045451387763023376,0.9694767045454546,0.7222562499999999,0.9522732954545454,1,0.4352
14,2,16,0,1,5.0,0.004803073967339097,0.08378472179174423,0.970316384180791,0.7160909604519774,0.958379661016949,1,0.6257
22,3,16,0,1,2.0,0.0021953896816684962,0.0,0.9707780898876404,0.6486887640449438,0.9695876404494382,0,0.5886
6,2,16,0,1,3.0,0.004658385093167702,0.0,0.9605514124293784,0.6269536723163842,0.9538604519774012,0,0.17
14,2,16,0,1,6.0,0.0079155672823219,0.0,0.961474431818182,0.6564625000000001,0.9428977272727272,0,0.892
22,3,16,0,1,5.0,0.006657789613848202,0.10709635447710752,0.9596569832402236,0.6435245810055866,0.9638513966480448,1,0.7178
6,2,16,0,1,3.0,0.0030211480362537764,0.0,0.965764,0.7633297142857142,0.9598091428571428,0,0.4979
14,2,16,0,1,4.0,0.004048582995951417,0.0,0.961093220338983,0.7580553672316385,0.9796604519774011,0,1.0
22,3,16,0,1,2.0,0.0019047619047619048,0.10709635447710752,0.95955530726257,0.7858726256983241,0.97316312849162,2,0.8416
6,2,16,0,2,5.0,0.004761904761904762,0.0,0.9684011363636364,0.7713215909090909,0.9683693181818182,0,0.5301
14,2,16,0,2,5.0,0.004803073967339097,0.0,0.9675180790960451,0.7758463276836158,0.9586621468926554,0,0.4804
22,3,16,0,2,3.0,0.003003003003003003,0.0,0.9660954545454546,0.7738732954545454,0.9695846590909092,0,1.0
6,2,16,0,2,6.0,0.007782101167315175,0.0,0.9734926553672316,0.6269056497175142,0.955367231638418,0,0.264
14,2,16,0,2,2.0,0.002554278416347382,0.0,0.9717162921348316,0.6548410112359551,0.9551494382022472,0,0.2716
22,3,16,0,2,3.0,0.0036319612590799033,0.0,0.9691514450867053,0.6074329479768786,0.9537063583815028,0,0.5429
6,2,16,0,2,2.0,0.0021344717182497333,0.0,0.9558448863636364,0.7807528409090909,0.977555681818182,0,1.0
14,2,16,0,2,5.0,0.004761904761904762,0.0,0.959408,0.7887599999999999,0.9514285714285714,0,1.0
22,3,16,0,2,3.0,0.0031088082901554403,0.0,0.9592327485380115,0.7542111111111112,0.97113216374269,0,0.8068
6,2,16,0,3,5.0,0.00620347394540943,0.0,0.97625197740113,0.6071683615819209,0.9534841807909604,0,0.3797
14,2,16,0,3,3.0,0.003926701570680628,0.0,0.9750948863636364,0.5983465909090909,0.9623090909090908,0,0.3189
22,3,16,0,3,2.0,0.0030864197530864196,0.0,0.9761469273743016,0.5908648044692737,0.9510592178770948,0,0.5508
6,2,16,0,3,4.0,0.0040941658137154556,0.0,0.9577932203389832,0.7727412429378532,0.9548954802259888,0,1.0
14,2,16,0,3,4.0,0.003980099502487562,0.0,0.9601118644067796,0.7691152542372881,0.9529186440677966,0,0.3005
22,3,16,0,3,6.0,0.00702576112412178,0.0,0.9582296511627908,0.8025308139534885,0.9455558139534884,0,1.0
6,2,16,0,3,3.0,0.003472222222222222,0.0,0.970548275862069,0.7340936781609195,0.969635632183908,0,0.6213
14,2,16,0,3,6.0,0.006514657980456026,0.0,0.9679265536723164,0.677564406779661,0.9646892655367232,0,0.5695
22,3,16,0,3,4.0,0.0047562425683709865,0.0,0.9663485875706216,0.7424570621468926,0.9622666666666668,0,1.0
6,3,16,0,0,5.0,0.004901960784313725,0.0,0.9714869318181818,0.7811892045454545,0.9603221590909092,0,0.6364
14,3,16,0,0,1.0,0.0009523809523809524,0.0,0.9732103448275864,0.7720936781609196,0.9673367816091952,0,0.5
22,4,16,0,0,3.0,0.002857142857142857,0.0,0.9726114285714286,0.7704497142857143,0.9543937142857144,0,0.8127
6,3,16,0,0,5.0,0.007451564828614009,0.0,0.9579948863636364,0.6420017045454546,0.9496204545454544,0,0.2213
14,3,16,0,0,2.0,0.0029069767441860465,0.0,0.9595845714285716,0.6536731428571428,0.9767611428571428,0,0.6053
22,4,16,0,0,0.0,0.0,0.10656250268220901,0.960858757062147,0.6334305084745763,0.9482943502824858,1,0.0
6,3,16,0,0,2.0,0.002105263157894737,0.0,0.9711568965517242,0.7715344827586208,0.9542132183908044,0,0.7636
14,3,16,0,0,4.0,0.003898635477582846,0.0,0.9698011363636364,0.75509375,0.9680863636363636,0,0.5736
22,4,16,0,0,6.0,0.005714285714285714,0.0,0.9699949438202248,0.7404140449438202,0.9610904494382022,0,0.3748
6,3,16,0,1,4.0,0.005479452054794521,0.0,0.9694767045454546,0.7222562499999999,0.9522732954545454,0,0.5356
14,3,16,0,1,2.0,0.002127659574468085,0.0,0.970316384180791,0.7160909604519774,0.958379661016949,0,1.0
22,4,16,0,1,1.0,0.0011890606420927466,0.049861110746860504,0.9707780898876404,0.6486887640449438,0.9695876404494382,1,0.7785
6,3,16,0,1,4.0,0.005291005291005291,0.10709635447710752,0.9605514124293784,0.6269536723163842,0.9538604519774012,1,0.849
14,3,16,0,1,6.0,0.007702182284980745,0.09138888865709305,0.961474431818182,0.6564625000000001,0.9428977272727272,1,0.8009
22,4,16,0,1,1.0,0.0015015015015015015,0.0,0.9596569832402236,0.6435245810055866,0.9638513966480448,0,0.3381
6,3,16,0,1,2.0,0.002157497303128371,0.10709635447710752,0.965764,0.7633297142857142,0.9598091428571428,2,0.5255
14,3,16,0,1,6.0,0.0063025210084033615,0.10709635447710752,0.961093220338983,0.7580553672316385,0.9796604519774011,2,0.751
22,4,16,0,1,3.0,0.0033783783783783786,0.06604166328907013,0.95955530726257,0.7858726256983241,0.97316312849162,1,0.934
6,3,16,0,2,5.0,0.0048449612403100775,0.0,0.9684011363636364,0.7713215909090909,0.9683693181818182,0,0.32
14,3,16,0,2,3.0,0.002857142857142857,0.0,0.9675180790960451,0.7758463276836158,0.9586621468926554,0,1.0
22,4,16,0,2,1.0,0.0009523809523809524,0.10392361134290695,0.9660954545454546,0.7738732954545454,0.9695846590909092,1,0.8961
6,3,16,0,2,1.0,0.0012804097311139564,0.0,0.9734926553672316,0.6269056497175142,0.955367231638418,0,0.3909
14,3,16,0,2,2.0,0.003179650238473768,0.0,0.9717162921348316,0.6548410112359551,0.9551494382022472,0,0.3031
22,4,16,0,2,2.0,0.002777777777777778,0.10709635447710752,0.9691514450867053,0.6074329479768786,0.9537063583815028,1,0.806
6,3,16,0,2,4.0,0.004381161007667032,0.0,0.9558448863636364,0.7807528409090909,0.977555681818182,0,1.0
14,3,16,0,2,4.0,0.004098360655737705,0.0,0.959408,0.7887599999999999,0.9514285714285714,0,0.2887
22,4,16,0,2,7.0,0.006666666666666667,0.0,0.9592327485380115,0.7542111111111112,0.97113216374269,0,1.0
6,3,16,0,3,5.0,0.0077279752704791345,0.0,0.97625197740113,0.6071683615819209,0.9534841807909604,0,0.8822
14,3,16,0,3,5.0,0.006666666666666667,0.0,0.9750948863636364,0.5983465909090909,0.9623090909090908,0,0.7417
22,4,16,0,3,3.0,0.004178272980501393,0.0,0.9761469273743016,0.5908648044692737,0.9510592178770948,0,0.5819
6,3,16,0,3,4.0,0.004,0.0,0.9577932203389832,0.7727412429378532,0.9548954802259888,0,0.9743
14,3,16,0,3,6.0,0.006256517205422315,0.0,0.9601118644067796,0.7691152542372881,0.9529186440677966,0,0.4975
22,4,16,0,3,3.0,0.0036144578313253013,0.0,0.9582296511627908,0.8025308139534885,0.9455558139534884,0,0.9623
6,3,16,0,3,5.0,0.006313131313131313,0.0,0.970548275862069,0.7340936781609195,0.969635632183908,0,0.5973
14,3,16,0,3,2.0,0.002079002079002079,0.0,0.9679265536723164,0.677564406779661,0.9646892655367232,0,0.3831
22,4,16,0,3,5.0,0.006075334143377886,0.0,0.9663485875706216,0.7424570621468926,0.9622666666666668,0,0.7458
6,4,16,0,0,3.0,0.00351288056206089,0.0,0.9714869318181818,0.7811892045454545,0.9603221590909092,0,0.7274
14,4,16,0,0,6.0,0.005714285714285714,0.0,0.9732103448275864,0.7720936781609196,0.9673367816091952,0,1.0
22,5,16,1,0,5.0,0.005599104143337066,0.0,0.9726114285714286,0.7704497142857143,0.9543937142857144,0,0.7854
6,4,16,0,0,3.0,0.003740648379052369,0.10709635447710752,0.9579948863636364,0.6420017045454546,0.9496204545454544,1,0.7956
14,4,16,0,0,4.0,0.004722550177095631,0.10709635447710752,0.9595845714285716,0.6536731428571428,0.9767611428571428,1,0.49
22,5,16,1,0,3.0,0.004975124378109453,0.056111112236976624,0.960858757062147,0.6334305084745763,0.9482943502824858,1,0.5211
6,4,16,0,0,3.0,0.0036496350364963502,0.0,0.9711568965517242,0.7715344827586208,0.9542132183908044,0,0.8797
14,4,16,0,0,4.0,0.004132231404958678,0.0,0.9698011363636364,0.75509375,0.9680863636363636,0,1.0
22,5,16,1,0,2.0,0.00202020202020202,0.0,0.9699949438202248,0.7404140449438202,0.9610904494382022,0,1.0
6,4,16,0,1,3.0,0.0037174721189591076,0.05572916567325592,0.9694767045454546,0.7222562499999999,0.9522732954545454,1,0.5229
14,4,16,0,1,3.0,0.0036540803897685747,0.06607639044523239,0.970316384180791,0.7160909604519774,0.958379661016949,1,0.8161
22,5,16,1,1,5.0,0.00585480093676815,0.0,0.9707780898876404,0.6486887640449438,0.9695876404494382,0,0.5504
6,4,16,0,1,3.0,0.0035460992907801418,0.0,0.9605514124293784,0.6269536723163842,0.9538604519774012,0,0.6016
14,4,16,0,1,3.0,0.0035587188612099642,0.0,0.961474431818182,0.6564625000000001,0.9428977272727272,0,0.4391
22,5,16,1,1,6.0,0.00904977375565611,0.0,0.9596569832402236,0.6435245810055866,0.9638513966480448,0,0.7537
6,4,16,0,1,2.0,0.0022701475595913734,0.10709635447710752,0.965764,0.7633297142857142,0.9598091428571428,1,0.3099
14,4,16,0,1,5.0,0.004906771344455349,0.10489583015441895,0.961093220338983,0.7580553672316385,0.9796604519774011,1,0.8951
22,5,16,1,1,3.0,0.002857142857142857,0.0,0.95955530726257,0.7858726256983241,0.97316312849162,0,1.0
6,4,16,0,2,3.0,0.003367003367003367,0.0859375,0.9684011363636364,0.7713215909090909,0.9683693181818182,1,0.8558
14,4,16,0,2,5.0,0.004789272030651341,0.07236111164093018,0.9675180790960451,0.7758463276836158,0.9586621468926554,1,0.2891
22,5,16,1,2,3.0,0.0034482758620689655,0.0,0.9660954545454546,0.7738732954545454,0.9695846590909092,0,0.6743
6,4,16,0,2,2.0,0.0027434842249657062,0.10709635447710752,0.9734926553672316,0.6269056497175142,0.955367231638418,1,0.816
14,4,16,0,2,4.0,0.005215123859191656,0.09121527522802353,0.9717162921348316,0.6548410112359551,0.9551494382022472,1,0.3194
22,5,16,1,2,3.0,0.0034762456546929316,0.10709635447710752,0.9691514450867053,0.6074329479768786,0.9537063583815028,1,0.3878
6,4,16,0,2,6.0,0.006091370558375634,0.0,0.9558448863636364,0.7807528409090909,0.977555681818182,0,0.4535
14,4,16,0,2,3.0,0.002857142857142857,0.0,0.959408,0.7887599999999999,0.9514285714285714,0,1.0
22,5,16,1,2,5.0,0.004761904761904762,0.0,0.9592327485380115,0.7542111111111112,0.97113216374269,0,1.0
6,4,16,0,3,4.0,0.005780346820809248,0.0,0.97625197740113,0.6071683615819209,0.9534841807909604,0,0.5582
14,4,16,0,3,6.0,0.008391608391608392,0.0,0.9750948863636364,0.5983465909090909,0.9623090909090908,0,0.5161
22,5,16,1,3,1.0,0.0014641288433382138,0.0,0.9761469273743016,0.5908648044692737,0.9510592178770948,0,0.1241
6,4,16,0,3,5.0,0.006345177664974619,0.0,0.9577932203389832,0.7727412429378532,0.9548954802259888,0,0.2878
14,4,16,0,3,4.0,0.0048484848484848485,0.0,0.9601118644067796,0.7691152542372881,0.9529186440677966,0,0.4526
22,5,16,1,3,3.0,0.0031185031185031187,0.10709635447710752,0.9582296511627908,0.8025308139534885,0.9455558139534884,2,0.6518
6,4,16,0,3,5.0,0.005257623554153523,0.0,0.970548275862069,0.7340936781609195,0.969635632183908,0,0.5316
14,4,16,0,3,4.0,0.00404040404040404,0.0,0.9679265536723164,0.677564406779661,0.9646892655367232,0,0.6284
22,5,16,1,3,5.0,0.006105006105006105,0.0,0.9663485875706216,0.7424570621468926,0.9622666666666668,0,0.848
6,5,16,1,0,4.0,0.0038095238095238095,0.0,0.9714869318181818,0.7811892045454545,0.9603221590909092,0,0.4557
14,5,16,1,0,4.0,0.0038095238095238095,0.0,0.9732103448275864,0.7720936781609196,0.9673367816091952,0,0.7102
22,6,16,1,0,6.0,0.007585335018963337,0.0,0.9726114285714286,0.7704497142857143,0.9543937142857144,0,0.5842
6,5,16,1,0,2.0,0.002347417840375587,0.09947916865348816,0.9579948863636364,0.6420017045454546,0.9496204545454544,1,0.4298
14,5,16,1,0,4.0,0.005256241787122208,0.07104166597127914,0.9595845714285716,0.6536731428571428,0.9767611428571428,1,0.2473
22,6,16,1,0,6.0,0.007702182284980745,0.0,0.960858757062147,0.6334305084745763,0.9482943502824858,0,0.6386
6,5,16,1,0,3.0,0.003436426116838488,0.0,0.9711568965517242,0.7715344827586208,0.9542132183908044,0,1.0
14,5,16,1,0,4.0,0.004081632653061225,0.0,0.9698011363636364,0.75509375,0.9680863636363636,0,0.8126
22,6,16,1,0,7.0,0.007945516458569807,0.033368054777383804,0.9699949438202248,0.7404140449438202,0.9610904494382022,1,0.2579
6,5,16,1,1,3.0,0.0029354207436399216,0.0,0.9694767045454546,0.7222562499999999,0.9522732954545454,0,1.0
14,5,16,1,1,4.0,0.005594405594405594,0.0,0.970316384180791,0.7160909604519774,0.958379661016949,0,0.5533
22,6,16,1,1,4.0,0.004571428571428572,0.07732638716697693,0.9707780898876404,0.6486887640449438,0.9695876404494382,1,0.3087
6,5,16,1,1,1.0,0.0015822784810126582,0.0,0.9605514124293784,0.6269536723163842,0.9538604519774012,0,0.1868
14,5,16,1,1,4.0,0.005934718100890208,0.0,0.961474431818182,0.6564625000000001,0.9428977272727272,0,0.1563
22,6,16,1,1,5.0,0.006887052341597796,0.0,0.9596569832402236,0.6435245810055866,0.9638513966480448,0,0.3537
6,5,16,1,1,4.0,0.0038095238095238095,0.0,0.965764,0.7633297142857142,0.9598091428571428,0,0.5746
14,5,16,1,1,4.0,0.004640371229698376,0.0,0.961093220338983,0.7580553672316385,0.9796604519774011,0,0.3595
22,6,16,1,1,3.0,0.002944062806673209,0.0,0.95955530726257,0.7858726256983241,0.97316312849162,0,0.391
6,5,16,1,2,3.0,0.002857142857142857,0.0,0.9684011363636364,0.7713215909090909,0.9683693181818182,0,1.0
14,5,16,1,2,2.0,0.0020876826722338203,0.0,0.9675180790960451,0.7758463276836158,0.9586621468926554,0,0.3912
6,5,16,1,2,6.0,0.008403361344537815,0.10709635447710752,0.9734926553672316,0.6269056497175142,0.955367231638418,1,0.8325
14,5,16,1,2,3.0,0.004,0.10709635447710752,0.9717162921348316,0.6548410112359551,0.9551494382022472,1,0.6061
22,6,16,1,2,5.0,0.006830601092896175,0.0,0.9691514450867053,0.6074329479768786,0.9537063583815028,0,0.5986
6,5,16,1,2,5.0,0.004887585532746823,0.0,0.9558448863636364,0.7807528409090909,0.977555681818182,0,0.8333
14,5,16,1,2,4.0,0.0038095238095238095,0.0,0.959408,0.7887599999999999,0.9514285714285714,0,0.5636
22,6,16,1,2,3.0,0.002857142857142857,0.0,0.9592327485380115,0.7542111111111112,0.97113216374269,0,1.0
6,5,16,1,3,3.0,0.004709576138147566,0.0,0.97625197740113,0.6071683615819209,0.9534841807909604,0,0.5549
14,5,16,1,3,5.0,0.006944444444444444,0.0,0.9750948863636364,0.5983465909090909,0.9623090909090908,0,0.5532
22,6,16,1,3,4.0,0.005305039787798408,0.07239583134651184,0.9761469273743016,0.5908648044692737,0.9510592178770948,1,0.9276
6,5,16,1,3,5.0,0.005070993914807302,0.10709635447710752,0.9577932203389832,0.7727412429378532,0.9548954802259888,2,0.8683
14,5,16,1,3,2.0,0.002364066193853428,0.10709635447710752,0.9601118644067796,0.7691152542372881,0.9529186440677966,2,0.7356
22,6,16,1,3,4.0,0.004166666666666667,0.0,0.9582296511627908,0.8025308139534885,0.9455558139534884,0,1.0
6,5,16,1,3,4.0,0.006042296072507553,0.0,0.970548275862069,0.7340936781609195,0.969635632183908,0,0.2577
14,5,16,1,3,6.0,0.006342494714587738,0.0,0.9679265536723164,0.677564406779661,0.9646892655367232,0,0.3662
22,6,16,1,3,3.0,0.002938295788442703,0.0,0.9663485875706216,0.7424570621468926,0.9622666666666668,0,0.5676
6,6,16,1,0,2.0,0.0021119324181626186,0.0,0.9714869318181818,0.7811892045454545,0.9603221590909092,0,0.8891
14,6,16,1,0,4.0,0.003933136676499509,0.0,0.9732103448275864,0.7720936781609196,0.9673367816091952,0,0.6018
22,0,17,0,0,3.0,0.0029239766081871343,0.020798610523343086,0.9726114285714286,0.7704497142857143,0.9543937142857144,1,0.5162
6,6,16,1,0,2.0,0.0025412960609911056,0.0,0.9579948863636364,0.6420017045454546,0.9496204545454544,0,0.6821
14,6,16,1,0,2.0,0.0027210884353741495,0.0,0.9595845714285716,0.6536731428571428,0.9767611428571428,0,0.917
22,0,17,0,0,3.0,0.00392156862745098,0.0,0.960858757062147,0.6334305084745763,0.9482943502824858,0,0.6628
6,6,16,1,0,3.0,0.0029940119760479044,0.01753472164273262,0.9711568965517242,0.7715344827586208,0.9542132183908044,1,0.9825
14,6,16,1,0,5.0,0.00536480686695279,0.03489583358168602,0.9698011363636364,0.75509375,0.9680863636363636,1,0.576
22,0,17,0,0,2.0,0.002224694104560623,0.0,0.9699949438202248,0.7404140449438202,0.9610904494382022,0,0.6864
14,6,16,1,1,2.0,0.0024009603841536613,0.051249999552965164,0.970316384180791,0.7160909604519774,0.958379661016949,1,0.9487
22,0,17,0,1,3.0,0.0037641154328732747,0.06402777880430222,0.9707780898876404,0.6486887640449438,0.9695876404494382,1,0.6601
6,6,16,1,1,5.0,0.007363770250368188,0.0,0.9605514124293784,0.6269536723163842,0.9538604519774012,0,0.8388
14,6,16,1,1,3.0,0.00430416068866571,0.0,0.961474431818182,0.6564625000000001,0.9428977272727272,0,0.7074
22,0,17,0,1,4.0,0.004807692307692308,0.0,0.9596569832402236,0.6435245810055866,0.9638513966480448,0,0.8
6,6,16,1,1,4.0,0.004158004158004158,0.0,0.965764,0.7633297142857142,0.9598091428571428,0,0.9249
14,6,16,1,1,3.0,0.002857142857142857,0.0,0.961093220338983,0.7580553672316385,0.9796604519774011,0,1.0
22,0,17,0,1,6.0,0.006349206349206349,0.0,0.95955530726257,0.7858726256983241,0.97316312849162,0,0.9542
6,6,16,1,2,5.0,0.005494505494505495,0.052048612385988235,0.9684011363636364,0.7713215909090909,0.9683693181818182,1,0.8099
14,6,16,1,2,6.0,0.005940594059405941,0.055520832538604736,0.9675180790960451,0.7758463276836158,0.9586621468926554,1,0.3171
22,0,17,0,2,5.0,0.004911591355599214,0.0,0.9660954545454546,0.7738732954545454,0.9695846590909092,0,0.9031
6,6,16,1,2,4.0,0.004395604395604396,0.0,0.9734926553672316,0.6269056497175142,0.955367231638418,0,0.6496
14,6,16,1,2,1.0,0.0013623978201634877,0.0,0.9717162921348316,0.6548410112359551,0.9551494382022472,0,0.3459
22,0,17,0,2,4.0,0.005571030640668524,0.0,0.9691514450867053,0.6074329479768786,0.9537063583815028,0,0.5213
6,6,16,1,2,2.0,0.002028397565922921,0.0,0.9558448863636364,0.7807528409090909,0.977555681818182,0,0.9158
22,0,17,0,2,5.0,0.004761904761904762,0.0,0.9592327485380115,0.7542111111111112,0.97113216374269,0,0.3186
6,6,16,1,3,4.0,0.007285974499089253,0.06736110895872116,0.97625197740113,0.6071683615819209,0.9534841807909604,1,0.1716
14,6,16,1,3,6.0,0.00816326530612245,0.06204861029982567,0.9750948863636364,0.5983465909090909,0.9623090909090908,1,0.4773
22,0,17,0,3,4.0,0.00558659217877095,0.0,0.9761469273743016,0.5908648044692737,0.9510592178770948,0,0.5368
6,6,16,1,3,2.0,0.002770083102493075,0.0,0.9577932203389832,0.7727412429378532,0.9548954802259888,0,0.8135
22,0,17,0,3,6.0,0.006185567010309278,0.0,0.9582296511627908,0.8025308139534885,0.9455558139534884,0,0.6638
6,6,16,1,3,5.0,0.005649717514124294,0.0,0.970548275862069,0.7340936781609195,0.969635632183908,0,0.5324
14,6,16,1,3,3.0,0.0033333333333333335,0.0,0.9679265536723164,0.677564406779661,0.9646892655367232,0,1.0
22,0,17,0,3,7.0,0.0077777777777777776,0.0,0.9663485875706216,0.7424570621468926,0.9622666666666668,0,0.5797
6,0,17,0,0,2.0,0.0020325203252032522,0.016736110672354698,0.9714869318181818,0.7811892045454545,0.9603221590909092,1,0.9833
14,0,17,0,0,2.0,0.0019047619047619048,0.014375000260770321,0.9732103448275864,0.7720936781609196,0.9673367816091952,1,0.7532
22,1,17,0,0,4.0,0.0038095238095238095,0.08434027433395386,0.9726114285714286,0.7704497142857143,0.9543937142857144,1,0.9157
6,0,17,0,0,5.0,0.006009615384615385,0.0,0.9579948863636364,0.6420017045454546,0.9496204545454544,0,0.4547
14,0,17,0,0,2.0,0.0024330900243309003,0.0,0.9595845714285716,0.6536731428571428,0.9767611428571428,0,0.8408
22,1,17,0,0,3.0,0.0036991368680641184,0.0,0.960858757062147,0.6334305084745763,0.9482943502824858,0,0.2484
6,0,17,0,0,2.0,0.0019047619047619048,0.0,0.9711568965517242,0.7715344827586208,0.9542132183908044,0,0.5305
14,0,17,0,0,5.0,0.00547645125958379,0.0,0.9698011363636364,0.75509375,0.9680863636363636,0,0.77
22,1,17,0,0,7.0,0.006802721088435374,0.0,0.9699949438202248,0.7404140449438202,0.9610904494382022,0,0.4455
6,0,17,0,1,5.0,0.005592841163310962,0.08312500268220901,0.9694767045454546,0.7222562499999999,0.9522732954545454,1,0.9169
14,0,17,0,1,3.0,0.0035545023696682463,0.06350694596767426,0.970316384180791,0.7160909604519774,0.958379661016949,1,0.9365
22,1,17,0,1,6.0,0.009404388714733543,0.032256945967674255,0.9707780898876404,0.6486887640449438,0.9695876404494382,1,0.4956
6,0,17,0,1,6.0,0.007926023778071334,0.0,0.9605514124293784,0.6269536723163842,0.9538604519774012,0,0.4492
14,0,17,0,1,2.0,0.002288329519450801,0.0,0.961474431818182,0.6564625000000001,0.9428977272727272,0,0.8773
22,1,17,0,1,3.0,0.0037831021437578815,0.0,0.9596569832402236,0.6435245810055866,0.9638513966480448,0,0.15
6,0,17,0,1,4.0,0.0038095238095238095,0.0,0.965764,0.7633297142857142,0.9598091428571428,0,0.7263
14,0,17,0,1,4.0,0.004469273743016759,0.0,0.961093220338983,0.7580553672316385,0.9796604519774011,0,1.0
22,1,17,0,1,5.0,0.004761904761904762,0.09468749910593033,0.95955530726257,0.7858726256983241,0.97316312849162,1,0.6311
6,0,17,0,2,3.0,0.003293084522502744,0.0,0.9684011363636364,0.7713215909090909,0.9683693181818182,0,0.471
14,0,17,0,2,3.0,0.0034965034965034965,0.0,0.9675180790960451,0.7758463276836158,0.9586621468926554,0,0.5488
22,1,17,0,2,3.0,0.0036188178528347406,0.06274305284023285,0.9660954545454546,0.7738732954545454,0.9695846590909092,1,0.2919
6,0,17,0,2,4.0,0.0051813471502590676,0.0,0.9734926553672316,0.6269056497175142,0.955367231638418,0,0.895
14,0,17,0,2,5.0,0.006418485237483954,0.0,0.9717162921348316,0.6548410112359551,0.9551494382022472,0,0.8333
22,1,17,0,2,5.0,0.008361204013377926,0.10709635447710752,0.9691514450867053,0.6074329479768786,0.9537063583815028,1,0.2928
6,0,17,0,2,3.0,0.0029702970297029703,0.0,0.9558448863636364,0.7807528409090909,0.977555681818182,0,1.0
14,0,17,0,2,6.0,0.0057859209257473485,0.0,0.959408,0.7887599999999999,0.9514285714285714,0,1.0
22,1,17,0,2,4.0,0.004106776180698152,0.0,0.9592327485380115,0.7542111111111112,0.97113216374269,0,1.0
6,0,17,0,3,6.0,0.007772020725388601,0.0,0.97625197740113,0.6071683615819209,0.9534841807909604,0,0.3745
14,0,17,0,3,4.0,0.005578800557880056,0.0,0.9750948863636364,0.5983465909090909,0.9623090909090908,0,0.8621
22,1,17,0,3,2.0,0.0025188916876574307,0.0,0.9761469273743016,0.5908648044692737,0.9510592178770948,0,1.0
6,0,17,0,3,4.0,0.003952569169960474,0.0,0.9577932203389832,0.7727412429378532,0.9548954802259888,0,0.8
14,0,17,0,3,3.0,0.002955665024630542,0.0,0.9601118644067796,0.7691152542372881,0.9529186440677966,0,1.0
22,1,17,0,3,2.0,0.0020964360587002098,0.0,0.9582296511627908,0.8025308139534885,0.9455558139534884,0,0.2672
6,0,17,0,3,2.0,0.0021208907741251328,0.0,0.970548275862069,0.7340936781609195,0.969635632183908,0,0.6935
14,0,17,0,3,5.0,0.004761904761904762,0.0,0.9679265536723164,0.677564406779661,0.9646892655367232,0,0.8655
22,1,17,0,3,4.0,0.004514672686230248,0.0,0.9663485875706216,0.7424570621468926,0.9622666666666668,0,0.4993
6,1,17,0,0,6.0,0.005842259006815969,0.04281250014901161,0.9714869318181818,0.7811892045454545,0.9603221590909092,1,0.8844
14,1,17,0,0,6.0,0.005714285714285714,0.08236110955476761,0.9732103448275864,0.7720936781609196,0.9673367816091952,1,0.5505
22,2,17,0,0,5.0,0.004906771344455349,0.0,0.9726114285714286,0.7704497142857143,0.9543937142857144,0,1.0
6,1,17,0,0,4.0,0.004656577415599534,0.0,0.9579948863636364,0.6420017045454546,0.9496204545454544,0,0.8
14,1,17,0,0,2.0,0.003430531732418525,0.0,0.9595845714285716,0.6536731428571428,0.9767611428571428,0,0.7041
22,2,17,0,0,4.0,0.005970149253731343,0.0,0.960858757062147,0.6334305084745763,0.9482943502824858,0,0.2661
6,1,17,0,0,3.0,0.002857142857142857,0.0,0.9711568965517242,0.7715344827586208,0.9542132183908044,0,1.0
14,1,17,0,0,2.0,0.0021208907741251328,0.0,0.9698011363636364,0.75509375,0.9680863636363636,0,0.52
22,2,17,0,0,5.0,0.004935834155972359,0.10548610985279083,0.9699949438202248,0.7404140449438202,0.9610904494382022,1,0.2997
6,1,17,0,1,3.0,0.003003003003003003,0.03934027627110481,0.9694767045454546,0.7222562499999999,0.9522732954545454,1,0.5026
14,1,17,0,1,5.0,0.0051813471502590676,0.024513889104127884,0.970316384180791,0.7160909604519774,0.958379661016949,1,0.4322
22,2,17,0,1,6.0,0.006458557588805167,0.0,0.9707780898876404,0.6486887640449438,0.9695876404494382,0,0.381
6,1,17,0,1,4.0,0.005263157894736842,0.0,0.9605514124293784,0.6269536723163842,0.9538604519774012,0,0.765
14,1,17,0,1,5.0,0.006321112515802781,0.0,0.961474431818182,0.6564625000000001,0.9428977272727272,0,0.9577
22,2,17,0,1,4.0,0.005908419497784343,0.0,0.9596569832402236,0.6435245810055866,0.9638513966480448,0,0.2924
6,1,17,0,1,5.0,0.0050916496945010185,0.06496527791023254,0.965764,0.7633297142857142,0.9598091428571428,1,0.7454
14,1,17,0,1,4.0,0.0040650406504065045,0.08874999731779099,0.961093220338983,0.7580553672316385,0.9796604519774011,1,0.5621
22,2,17,0,1,5.0,0.004761904761904762,0.10709635447710752,0.95955530726257,0.7858726256983241,0.97316312849162,2,0.8288
6,1,17,0,2,2.0,0.0019047619047619048,0.045104168355464935,0.9684011363636364,0.7713215909090909,0.9683693181818182,1,0.7259
14,1,17,0,2,3.0,0.0034207525655644243,0.055520832538604736,0.9675180790960451,0.7758463276836158,0.9586621468926554,1,0.9445
22,2,17,0,2,4.0,0.004479283314669653,0.0,0.9660954545454546,0.7738732954545454,0.9695846590909092,0,1.0
6,1,17,0,2,3.0,0.004054054054054054,0.10709635447710752,0.9734926553672316,0.6269056497175142,0.955367231638418,1,0.4363
14,1,17,0,2,5.0,0.006188118811881188,0.09208333492279053,0.9717162921348316,0.6548410112359551,0.9551494382022472,1,0.6024
22,2,17,0,2,2.0,0.002663115845539281,0.06840277463197708,0.9691514450867053,0.6074329479768786,0.9537063583815028,1,0.7982
6,1,17,0,2,5.0,0.004995004995004995,0.0,0.9558448863636364,0.7807528409090909,0.977555681818182,0,1.0
14,1,17,0,2,2.0,0.002325581395348837,0.0,0.959408,0.7887599999999999,0.9514285714285714,0,0.7268
22,2,17,0,2,4.0,0.003902439024390244,0.0,0.9592327485380115,0.7542111111111112,0.97113216374269,0,1.0
6,1,17,0,3,2.0,0.003552397868561279,0.0,0.97625197740113,0.6071683615819209,0.9534841807909604,0,0.1687
14,1,17,0,3,5.0,0.007518796992481203,0.0,0.9750948863636364,0.5983465909090909,0.9623090909090908,0,0.5239
22,2,17,0,3,4.0,0.005412719891745603,0.0,0.9761469273743016,0.5908648044692737,0.9510592178770948,0,0.2689
6,1,17,0,3,5.0,0.004970178926441352,0.0,0.9577932203389832,0.7727412429378532,0.9548954802259888,0,0.2472
14,1,17,0,3,4.0,0.004106776180698152,0.0,0.9601118644067796,0.7691152542372881,0.9529186440677966,0,1.0
22,2,17,0,3,5.0,0.0055309734513274336,0.0,0.9582296511627908,0.8025308139534885,0.9455558139534884,0,0.2706
6,1,17,0,3,3.0,0.003003003003003003,0.0,0.970548275862069,0.7340936781609195,0.969635632183908,0,1.0
14,1,17,0,3,4.0,0.0050062578222778474,0.0,0.9679265536723164,0.677564406779661,0.9646892655367232,0,0.208
22,2,17,0,3,3.0,0.003870967741935484,0.0,0.9663485875706216,0.7424570621468926,0.9622666666666668,0,0.3003
6,2,17,0,0,6.0,0.005714285714285714,0.0,0.9714869318181818,0.7811892045454545,0.9603221590909092,0,1.0
14,2,17,0,0,4.0,0.004069175991861648,0.0,0.9732103448275864,0.7720936781609196,0.9673367816091952,0,0.8898
22,3,17,0,0,6.0,0.0062047569803516025,0.0,0.9726114285714286,0.7704497142857143,0.9543937142857144,0,0.8571
6,2,17,0,0,4.0,0.005277044854881266,0.0,0.9579948863636364,0.6420017045454546,0.9496204545454544,0,0.9888
14,2,17,0,0,3.0,0.003745318352059925,0.0,0.9595845714285716,0.6536731428571428,0.9767611428571428,0,0.5707
22,3,17,0,0,2.0,0.00258732212160414,0.0,0.960858757062147,0.6334305084745763,0.9482943502824858,0,0.3026
6,2,17,0,0,2.0,0.0021645021645021645,0.10709635447710752,0.9711568965517242,0.7715344827586208,0.9542132183908044,1,0.8836
14,2,17,0,0,6.0,0.0066298342541436465,0.10709635447710752,0.9698011363636364,0.75509375,0.9680863636363636,1,0.3755
22,3,17,0,0,2.0,0.002849002849002849,0.10709635447710752,0.9699949438202248,0.7404140449438202,0.9610904494382022,1,0.5277
6,2,17,0,1,4.0,0.004651162790697674,0.0,0.9694767045454546,0.7222562499999999,0.9522732954545454,0,0.667
14,2,17,0,1,3.0,0.0034482758620689655,0.0,0.970316384180791,0.7160909604519774,0.958379661016949,0,0.2882
22,3,17,0,1,4.0,0.004592422502870264,0.10709635447710752,0.9707780898876404,0.6486887640449438,0.9695876404494382,1,0.6999
6,2,17,0,1,3.0,0.004243281471004243,0.0,0.9605514124293784,0.6269536723163842,0.9538604519774012,0,0.2152
14,2,17,0,1,3.0,0.0038510911424903724,0.0,0.961474431818182,0.6564625000000001,0.9428977272727272,0,0.3617
22,3,17,0,1,2.0,0.0032679738562091504,0.10709635447710752,0.9596569832402236,0.6435245810055866,0.9638513966480448,1,0.5157
6,2,17,0,1,6.0,0.005813953488372093,0.10709635447710752,0.965764,0.7633297142857142,0.9598091428571428,2,0.3401
14,2,17,0,1,3.0,0.002926829268292683,0.10709635447710752,0.961093220338983,0.7580553672316385,0.9796604519774011,2,0.5637
22,3,17,0,1,3.0,0.0039164490861618795,0.10709635447710752,0.95955530726257,0.7858726256983241,0.97316312849162,2,0.4226
6,2,17,0,2,4.0,0.0038095238095238095,0.0,0.9684011363636364,0.7713215909090909,0.9683693181818182,0,0.8852
14,2,17,0,2,2.0,0.0019047619047619048,0.0,0.9675180790960451,0.7758463276836158,0.9586621468926554,0,0.5265
22,3,17,0,2,3.0,0.00322234156820623,0.0,0.9660954545454546,0.7738732954545454,0.9695846590909092,0,0.771
6,2,17,0,2,3.0,0.004431314623338257,0.04125000163912773,0.9734926553672316,0.6269056497175142,0.955367231638418,1,0.465
14,2,17,0,2,3.0,0.0036275695284159614,0.10295139253139496,0.9717162921348316,0.6548410112359551,0.9551494382022472,1,0.7902
22,3,17,0,2,4.0,0.005563282336578581,0.0,0.9691514450867053,0.6074329479768786,0.9537063583815028,0,0.2202
6,2,17,0,2,2.0,0.0020470829068577278,0.0,0.9558448863636364,0.7807528409090909,0.977555681818182,0,0.6981
14,2,17,0,2,5.0,0.005213764337851929,0.0,0.959408,0.7887599999999999,0.9514285714285714,0,0.9577
22,3,17,0,2,8.0,0.008146639511201629,0.10709635447710752,0.9592327485380115,0.7542111111111112,0.97113216374269,1,0.3386
6,2,17,0,3,5.0,0.00697350069735007,0.0,0.97625197740113,0.6071683615819209,0.9534841807909604,0,0.5696
14,2,17,0,3,4.0,0.006622516556291391,0.0,0.9750948863636364,0.5983465909090909,0.9623090909090908,0,0.6938
22,3,17,0,3,4.0,0.006060606060606061,0.008194444701075554,0.9761469273743016,0.5908648044692737,0.9510592178770948,1,0.4205
6,2,17,0,3,6.0,0.0064516129032258064,0.0,0.9577932203389832,0.7727412429378532,0.9548954802259888,0,0.9516
14,2,17,0,3,5.0,0.006009615384615385,0.0,0.9601118644067796,0.7691152542372881,0.9529186440677966,0,1.0
22,3,17,0,3,6.0,0.006493506493506494,0.10709635447710752,0.9582296511627908,0.8025308139534885,0.9455558139534884,1,0.5114
6,2,17,0,3,3.0,0.003484320557491289,0.0,0.970548275862069,0.7340936781609195,0.969635632183908,0,0.5145
14,2,17,0,3,2.0,0.0021929824561403508,0.0,0.9679265536723164,0.677564406779661,0.9646892655367232,0,0.8569
22,3,17,0,3,4.0,0.0045871559633027525,0.0520833320915699,0.9663485875706216,0.7424570621468926,0.9622666666666668,1,0.9479
6,3,17,0,0,3.0,0.003033367037411527,0.0,0.9714869318181818,0.7811892045454545,0.9603221590909092,0,0.58
14,3,17,0,0,1.0,0.00125,0.0,0.9732103448275864,0.7720936781609196,0.9673367816091952,0,0.2442
22,4,17,0,0,6.0,0.008053691275167786,0.10709635447710752,0.9726114285714286,0.7704497142857143,0.9543937142857144,1,0.5489
6,3,17,0,0,3.0,0.0039164490861618795,0.0,0.9579948863636364,0.6420017045454546,0.9496204545454544,0,0.9386
14,3,17,0,0,4.0,0.005208333333333333,0.0,0.9595845714285716,0.6536731428571428,0.9767611428571428,0,1.0
22,4,17,0,0,6.0,0.007575757575757576,0.0,0.960858757062147,0.6334305084745763,0.9482943502824858,0,1.0
6,3,17,0,0,6.0,0.0065005417118093175,0.10709635447710752,0.9711568965517242,0.7715344827586208,0.9542132183908044,1,0.7981
14,3,17,0,0,2.0,0.0019157088122605363,0.10709635447710752,0.9698011363636364,0.75509375,0.9680863636363636,1,0.6586
22,4,17,0,0,2.0,0.0019286403085824494,0.0,0.9699949438202248,0.7404140449438202,0.9610904494382022,0,1.0
6,3,17,0,1,3.0,0.0034562211981566822,0.10709635447710752,0.9694767045454546,0.7222562499999999,0.9522732954545454,1,0.8343
14,3,17,0,1,2.0,0.0022026431718061676,0.10709635447710752,0.970316384180791,0.7160909604519774,0.958379661016949,1,0.8143
22,4,17,0,1,5.0,0.005636978579481398,0.0,0.9707780898876404,0.6486887640449438,0.9695876404494382,0,0.835
6,3,17,0,1,4.0,0.0049504950495049506,0.06968750059604645,0.9605514124293784,0.6269536723163842,0.9538604519774012,1,0.2699
14,3,17,0,1,3.0,0.003468208092485549,0.10709635447710752,0.961474431818182,0.6564625000000001,0.9428977272727272,1,0.8632
22,4,17,0,1,4.0,0.005988023952095809,0.0,0.9596569832402236,0.6435245810055866,0.9638513966480448,0,0.3321
6,3,17,0,1,2.0,0.0019047619047619048,0.1024305522441864,0.965764,0.7633297142857142,0.9598091428571428,2,0.4546
14,3,17,0,1,2.0,0.0022172949002217295,0.10709635447710752,0.961093220338983,0.7580553672316385,0.9796604519774011,2,0.8503
22,4,17,0,1,1.0,0.0010683760683760685,0.0,0.95955530726257,0.7858726256983241,0.97316312849162,0,0.3246
6,3,17,0,2,6.0,0.006224066390041493,0.0,0.9684011363636364,0.7713215909090909,0.9683693181818182,0,0.4904
14,3,17,0,2,6.0,0.005714285714285714,0.0,0.9675180790960451,0.7758463276836158,0.9586621468926554,0,0.7813
22,4,17,0,2,3.0,0.0029154518950437317,0.0,0.9660954545454546,0.7738732954545454,0.9695846590909092,0,0.6985
6,3,17,0,2,1.0,0.0014641288433382138,0.0,0.9734926553672316,0.6269056497175142,0.955367231638418,0,0.318
14,3,17,0,2,4.0,0.004830917874396135,0.0,0.9717162921348316,0.6548410112359551,0.9551494382022472,0,0.8
22,4,17,0,2,7.0,0.008383233532934131,0.10709635447710752,0.9691514450867053,0.6074329479768786,0.9537063583815028,1,0.8162
6,3,17,0,2,3.0,0.002857142857142857,0.06204861029982567,0.9558448863636364,0.7807528409090909,0.977555681818182,1,0.4784
14,3,17,0,2,5.0,0.004816955684007707,0.07170139253139496,0.959408,0.7887599999999999,0.9514285714285714,1,0.5774
22,4,17,0,2,2.0,0.0019047619047619048,0.0,0.9592327485380115,0.7542111111111112,0.97113216374269,0,1.0
6,3,17,0,3,4.0,0.006259780907668232,0.011006944812834263,0.97625197740113,0.6071683615819209,0.9534841807909604,1,0.4258
14,3,17,0,3,2.0,0.002699055330634278,0.012222222052514553,0.9750948863636364,0.5983465909090909,0.9623090909090908,1,0.7953
22,4,17,0,3,3.0,0.00398406374501992,0.0,0.9761469273743016,0.5908648044692737,0.9510592178770948,0,0.8544
6,3,17,0,3,4.0,0.004352557127312296,0.10709635447710752,0.9577932203389832,0.7727412429378532,0.9548954802259888,1,0.5564
14,3,17,0,3,5.0,0.006934812760055479,0.10709635447710752,0.9601118644067796,0.7691152542372881,0.9529186440677966,1,0.4956
22,4,17,0,3,3.0,0.0029013539651837525,0.10709635447710752,0.9582296511627908,0.8025308139534885,0.9455558139534884,1,0.3655
6,3,17,0,3,2.0,0.002328288707799767,0.08263888955116272,0.970548275862069,0.7340936781609195,0.969635632183908,1,0.7087
14,3,17,0,3,4.0,0.004347826086956522,0.07927083224058151,0.9679265536723164,0.677564406779661,0.9646892655367232,1,0.8475
22,4,17,0,3,6.0,0.006968641114982578,0.0,0.9663485875706216,0.7424570621468926,0.9622666666666668,0,1.0
6,4,17,0,0,3.0,0.0037735849056603774,0.10709635447710752,0.9714869318181818,0.7811892045454545,0.9603221590909092,1,0.8202
14,4,17,0,0,3.0,0.002904162633107454,0.10709635447710752,0.9732103448275864,0.7720936781609196,0.9673367816091952,1,0.8814
22,5,17,1,0,3.0,0.0033632286995515697,0.10709635447710752,0.9726114285714286,0.7704497142857143,0.9543937142857144,1,0.8688
6,4,17,0,0,4.0,0.006060606060606061,0.0,0.9579948863636364,0.6420017045454546,0.9496204545454544,0,0.253
14,4,17,0,0,4.0,0.005780346820809248,0.0,0.9595845714285716,0.6536731428571428,0.9767611428571428,0,0.3513
22,5,17,1,0,5.0,0.007052186177715092,0.0425347238779068,0.960858757062147,0.6334305084745763,0.9482943502824858,1,0.2964
6,4,17,0,0,3.0,0.004081632653061225,0.0,0.9711568965517242,0.7715344827586208,0.9542132183908044,0,0.2971
14,4,17,0,0,5.0,0.006038647342995169,0.0,0.9698011363636364,0.75509375,0.9680863636363636,0,0.6311
22,5,17,1,0,3.0,0.003289473684210526,0.0,0.9699949438202248,0.7404140449438202,0.9610904494382022,0,0.4798
6,4,17,0,1,4.0,0.0039447731755424065,0.0,0.9694767045454546,0.7222562499999999,0.9522732954545454,0,0.9443
14,4,17,0,1,4.0,0.004106776180698152,0.0,0.970316384180791,0.7160909604519774,0.958379661016949,0,0.7975
22,5,17,1,1,2.0,0.002583979328165375,0.0,0.9707780898876404,0.6486887640449438,0.9695876404494382,0,0.5767
6,4,17,0,1,5.0,0.007518796992481203,0.0,0.9605514124293784,0.6269536723163842,0.9538604519774012,0,0.2967
14,4,17,0,1,5.0,0.006896551724137931,0.0,0.961474431818182,0.6564625000000001,0.9428977272727272,0,0.6497
22,5,17,1,1,1.0,0.0013679890560875513,0.0,0.9596569832402236,0.6435245810055866,0.9638513966480448,0,0.7843
6,4,17,0,1,3.0,0.002857142857142857,0.0,0.965764,0.7633297142857142,0.9598091428571428,0,0.6501
14,4,17,0,1,5.0,0.00496031746031746,0.0,0.961093220338983,0.7580553672316385,0.9796604519774011,0,0.4697
22,5,17,1,1,3.0,0.0030991735537190084,0.06753472238779068,0.95955530726257,0.7858726256983241,0.97316312849162,1,0.3428
6,4,17,0,2,5.0,0.004761904761904762,0.0,0.9684011363636364,0.7713215909090909,0.9683693181818182,0,0.8333
14,4,17,0,2,6.0,0.006042296072507553,0.0,0.9675180790960451,0.7758463276836158,0.9586621468926554,0,1.0
22,5,17,1,2,5.0,0.00513347022587269,0.0,0.9660954545454546,0.7738732954545454,0.9695846590909092,0,0.6551
6,4,17,0,2,2.0,0.0029069767441860465,0.10709635447710752,0.9734926553672316,0.6269056497175142,0.955367231638418,1,0.714
14,4,17,0,2,3.0,0.0038119440914866584,0.06527777761220932,0.9717162921348316,0.6548410112359551,0.9551494382022472,1,0.5888
22,5,17,1,2,3.0,0.00430416068866571,0.0628819465637207,0.9691514450867053,0.6074329479768786,0.9537063583815028,1,0.3502
6,4,17,0,2,4.0,0.004223864836325237,0.0,0.9558448863636364,0.7807528409090909,0.977555681818182,0,0.721
14,4,17,0,2,4.0,0.0038095238095238095,0.0,0.959408,0.7887599999999999,0.9514285714285714,0,1.0
22,5,17,1,2,7.0,0.007238883143743537,0.0,0.9592327485380115,0.7542111111111112,0.97113216374269,0,1.0
6,4,17,0,3,1.0,0.0014534883720930232,0.0,0.97625197740113,0.6071683615819209,0.9534841807909604,0,0.2208
14,4,17,0,3,6.0,0.009404388714733543,0.0,0.9750948863636364,0.5983465909090909,0.9623090909090908,0,0.597
22,5,17,1,3,3.0,0.00395778364116095,0.0,0.9761469273743016,0.5908648044692737,0.9510592178770948,0,0.2595
6,4,17,0,3,3.0,0.0034762456546929316,0.10709635447710752,0.9577932203389832,0.7727412429378532,0.9548954802259888,1,0.6961
14,4,17,0,3,6.0,0.006085192697768763,0.10709635447710752,0.9601118644067796,0.7691152542372881,0.9529186440677966,1,0.4917
22,5,17,1,3,3.0,0.0031512605042016808,0.0,0.9582296511627908,0.8025308139534885,0.9455558139534884,0,0.878
6,4,17,0,3,5.0,0.005793742757821553,0.0,0.970548275862069,0.7340936781609195,0.969635632183908,0,0.9466
14,4,17,0,3,3.0,0.0036452004860267314,0.0,0.9679265536723164,0.677564406779661,0.9646892655367232,0,0.7261
22,5,17,1,3,1.0,0.0010214504596527069,0.0,0.9663485875706216,0.7424570621468926,0.9622666666666668,0,0.433
6,5,17,1,0,3.0,0.0031914893617021275,0.10709635447710752,0.9714869318181818,0.7811892045454545,0.9603221590909092,1,0.4919
14,5,17,1,0,4.0,0.004667444574095682,0.059583332389593124,0.9732103448275864,0.7720936781609196,0.9673367816091952,1,0.4966
22,6,17,1,0,4.0,0.0038095238095238095,0.025208333507180214,0.9726114285714286,0.7704497142857143,0.9543937142857144,1,0.4383
6,5,17,1,0,1.0,0.0014265335235378032,0.038680557161569595,0.9579948863636364,0.6420017045454546,0.9496204545454544,1,0.1757
14,5,17,1,0,4.0,0.006153846153846154,0.047881945967674255,0.9595845714285716,0.6536731428571428,0.9767611428571428,1,0.7563
22,6,17,1,0,5.0,0.006622516556291391,0.0,0.960858757062147,0.6334305084745763,0.9482943502824858,0,0.4873
6,5,17,1,0,4.0,0.004004004004004004,0.0,0.9711568965517242,0.7715344827586208,0.9542132183908044,0,0.8
14,5,17,1,0,2.0,0.0023014959723820483,0.0,0.9698011363636364,0.75509375,0.9680863636363636,0,0.5504
22,6,17,1,0,3.0,0.0028653295128939827,0.0,0.9699949438202248,0.7404140449438202,0.9610904494382022,0,0.3872
6,5,17,1,1,2.0,0.0019860973187686196,0.0,0.9694767045454546,0.7222562499999999,0.9522732954545454,0,0.9608
14,5,17,1,1,2.0,0.0020491803278688526,0.0,0.970316384180791,0.7160909604519774,0.958379661016949,0,1.0
22,6,17,1,1,6.0,0.006952491309385863,0.0,0.9707780898876404,0.6486887640449438,0.9695876404494382,0,0.641
6,5,17,1,1,2.0,0.002628120893561104,0.0,0.9605514124293784,0.6269536723163842,0.9538604519774012,0,0.3673
14,5,17,1,1,6.0,0.008333333333333333,0.0,0.961474431818182,0.6564625000000001,0.9428977272727272,0,0.2492
22,6,17,1,1,4.0,0.006006006006006006,0.0,0.9596569832402236,0.6435245810055866,0.9638513966480448,0,0.5363
14,5,17,1,1,2.0,0.002145922746781116,0.03281249850988388,0.961093220338983,0.7580553672316385,0.9796604519774011,1,0.7394
22,6,17,1,1,4.0,0.0038095238095238095,0.10709635447710752,0.95955530726257,0.7858726256983241,0.97316312849162,1,0.7482
6,5,17,1,2,5.0,0.006459948320413436,0.0,0.9684011363636364,0.7713215909090909,0.9683693181818182,0,0.9293
14,5,17,1,2,2.0,0.001941747572815534,0.0,0.9675180790960451,0.7758463276836158,0.9586621468926554,0,0.4403
22,6,17,1,2,1.0,0.0009523809523809524,0.0,0.9660954545454546,0.7738732954545454,0.9695846590909092,0,0.5097
14,5,17,1,2,5.0,0.007173601147776184,0.0729166641831398,0.9717162921348316,0.6548410112359551,0.9551494382022472,1,0.3446
22,6,17,1,2,0.0,0.0,0.0,0.9691514450867053,0.6074329479768786,0.9537063583815028,0,0.0
6,5,17,1,2,6.0,0.006521739130434782,0.0,0.9558448863636364,0.7807528409090909,0.977555681818182,0,0.2865
14,5,17,1,2,5.0,0.005040322580645161,0.0,0.959408,0.7887599999999999,0.9514285714285714,0,0.3324
22,6,17,1,2,2.0,0.0019047619047619048,0.0,0.9592327485380115,0.7542111111111112,0.97113216374269,0,1.0
6,5,17,1,3,5.0,0.006747638326585695,0.0,0.97625197740113,0.6071683615819209,0.9534841807909604,0,0.7788
14,5,17,1,3,6.0,0.009022556390977444,0.0,0.9750948863636364,0.5983465909090909,0.9623090909090908,0,0.5124
22,6,17,1,3,2.0,0.002457002457002457,0.0,0.9761469273743016,0.5908648044692737,0.9510592178770948,0,0.6667
6,5,17,1,3,3.0,0.003937007874015748,0.0,0.9577932203389832,0.7727412429378532,0.9548954802259888,0,0.2572
14,5,17,1,3,2.0,0.002777777777777778,0.0,0.9601118644067796,0.7691152542372881,0.9529186440677966,0,0.4338
22,6,17,1,3,3.0,0.002898550724637681,0.08673611283302307,0.9582296511627908,0.8025308139534885,0.9455558139534884,1,0.9133
6,5,17,1,3,4.0,0.004439511653718091,0.0,0.970548275862069,0.7340936781609195,0.969635632183908,0,0.5529
14,5,17,1,3,2.0,0.0023501762632197414,0.0,0.9679265536723164,0.677564406779661,0.9646892655367232,0,0.911
22,6,17,1,3,3.0,0.0038560411311053984,0.0,0.9663485875706216,0.7424570621468926,0.9622666666666668,0,0.8477
6,6,17,1,0,2.0,0.0022346368715083797,0.02604166604578495,0.9714869318181818,0.7811892045454545,0.9603221590909092,1,0.5989
14,6,17,1,0,3.0,0.0034762456546929316,0.03482639044523239,0.9732103448275864,0.7720936781609196,0.9673367816091952,1,0.2871
6,6,17,1,0,4.0,0.006837606837606838,0.0,0.9579948863636364,0.6420017045454546,0.9496204545454544,0,0.3394
14,6,17,1,0,5.0,0.0058823529411764705,0.0,0.9595845714285716,0.6536731428571428,0.9767611428571428,0,0.8618
22,0,18,0,0,4.0,0.005952380952380952,0.0,0.960858757062147,0.6334305084745763,0.9482943502824858,0,0.8687
6,6,17,1,0,1.0,0.0010193679918450561,0.0,0.9711568965517242,0.7715344827586208,0.9542132183908044,0,0.3333
14,6,17,1,0,3.0,0.003436426116838488,0.0,0.9698011363636364,0.75509375,0.9680863636363636,0,0.8627
22,0,18,0,0,3.0,0.003278688524590164,0.0,0.9699949438202248,0.7404140449438202,0.9610904494382022,0,0.3155
6,6,17,1,1,3.0,0.0036900369003690036,0.0,0.9694767045454546,0.7222562499999999,0.9522732954545454,0,1.0
14,6,17,1,1,3.0,0.002859866539561487,0.0,0.970316384180791,0.7160909604519774,0.958379661016949,0,1.0
22,0,18,0,1,2.0,0.002352941176470588,0.0,0.9707780898876404,0.6486887640449438,0.9695876404494382,0,0.4947
6,6,17,1,1,3.0,0.003947368421052632,0.0,0.9605514124293784,0.6269536723163842,0.9538604519774012,0,0.5309
14,6,17,1,1,2.0,0.002560819462227913,0.0,0.961474431818182,0.6564625000000001,0.9428977272727272,0,0.5668
22,0,18,0,1,3.0,0.003875968992248062,0.0,0.9596569832402236,0.6435245810055866,0.9638513966480448,0,0.4924
6,6,17,1,1,2.0,0.0024752475247524753,0.10709635447710752,0.965764,0.7633297142857142,0.9598091428571428,1,0.8159
14,6,17,1,1,6.0,0.006322444678609062,0.09225694090127945,0.961093220338983,0.7580553672316385,0.9796604519774011,1,0.4659
22,0,18,0,1,4.0,0.0038095238095238095,0.0,0.95955530726257,0.7858726256983241,0.97316312849162,0,0.5702
6,6,17,1,2,6.0,0.0076045627376425855,0.0,0.9684011363636364,0.7713215909090909,0.9683693181818182,0,0.5594
14,6,17,1,2,3.0,0.0033333333333333335,0.0,0.9675180790960451,0.7758463276836158,0.9586621468926554,0,0.5134
6,6,17,1,2,2.0,0.0026041666666666665,0.0,0.9734926553672316,0.6269056497175142,0.955367231638418,0,0.3861
14,6,17,1,2,4.0,0.005706134094151213,0.0,0.9717162921348316,0.6548410112359551,0.9551494382022472,0,0.3472
22,0,18,0,2,5.0,0.007473841554559043,0.0,0.9691514450867053,0.6074329479768786,0.9537063583815028,0,0.4774
22,0,18,0,2,6.0,0.005808325266214908,0.0,0.9592327485380115,0.7542111111111112,0.97113216374269,0,0.821
6,6,17,1,3,5.0,0.006858710562414266,0.0,0.97625197740113,0.6071683615819209,0.9534841807909604,0,0.7723
14,6,17,1,3,3.0,0.004026845637583893,0.0,0.9750948863636364,0.5983465909090909,0.9623090909090908,0,0.8242
22,0,18,0,3,4.0,0.005208333333333333,0.0,0.9761469273743016,0.5908648044692737,0.9510592178770948,0,0.4107
14,6,17,1,3,5.0,0.005159958720330237,0.10652777552604675,0.9601118644067796,0.7691152542372881,0.9529186440677966,1,0.8935
6,6,17,1,3,4.0,0.004246284501061571,0.0,0.970548275862069,0.7340936781609195,0.969635632183908,0,0.6865
14,6,17,1,3,2.0,0.0021810250817884407,0.0,0.9679265536723164,0.677564406779661,0.9646892655367232,0,1.0
6,0,18,0,0,4.0,0.003964321110009911,0.0,0.9714869318181818,0.7811892045454545,0.9603221590909092,0,0.8447
14,0,18,0,0,3.0,0.002997002997002997,0.0,0.9732103448275864,0.7720936781609196,0.9673367816091952,0,1.0
22,1,18,0,0,2.0,0.0020491803278688526,0.04874999821186066,0.9726114285714286,0.7704497142857143,0.9543937142857144,1,0.5312
6,0,18,0,0,6.0,0.008108108108108109,0.0,0.9579948863636364,0.6420017045454546,0.9496204545454544,0,0.2775
14,0,18,0,0,2.0,0.002911208151382824,0.0,0.9595845714285716,0.6536731428571428,0.9767611428571428,0,0.6877
22,1,18,0,0,6.0,0.007792207792207792,0.0,0.960858757062147,0.6334305084745763,0.9482943502824858,0,0.3019
6,0,18,0,0,2.0,0.0022988505747126436,0.0,0.9711568965517242,0.7715344827586208,0.9542132183908044,0,0.9993
14,0,18,0,0,6.0,0.007237635705669481,0.0,0.9698011363636364,0.75509375,0.9680863636363636,0,0.7262
22,1,18,0,0,3.0,0.0029069767441860465,0.0,0.9699949438202248,0.7404140449438202,0.9610904494382022,0,1.0
6,0,18,0,1,5.0,0.006075334143377886,0.0,0.9694767045454546,0.7222562499999999,0.9522732954545454,0,0.8727
14,0,18,0,1,3.0,0.00298804780876494,0.0,0.970316384180791,0.7160909604519774,0.958379661016949,0,0.6369
22,1,18,0,1,6.0,0.00702576112412178,0.0,0.9707780898876404,0.6486887640449438,0.9695876404494382,0,1.0
6,0,18,0,1,4.0,0.005988023952095809,0.0,0.9605514124293784,0.6269536723163842,0.9538604519774012,0,0.6586
14,0,18,0,1,3.0,0.004310344827586207,0.0,0.961474431818182,0.6564625000000001,0.9428977272727272,0,0.499
22,1,18,0,1,2.0,0.003115264797507788,0.0,0.9596569832402236,0.6435245810055866,0.9638513966480448,0,0.2425
6,0,18,0,1,6.0,0.0061162079510703364,0.0,0.965764,0.7633297142857142,0.9598091428571428,0,0.8005
14,0,18,0,1,6.0,0.006012024048096192,0.0,0.961093220338983,0.7580553672316385,0.9796604519774011,0,0.3552
22,1,18,0,1,2.0,0.0019047619047619048,0.0,0.95955530726257,0.7858726256983241,0.97316312849162,0,1.0
6,0,18,0,2,6.0,0.0062959076600209865,0.0,0.9684011363636364,0.7713215909090909,0.9683693181818182,0,0.4973
14,0,18,0,2,3.0,0.002881844380403458,0.0,0.9675180790960451,0.7758463276836158,0.9586621468926554,0,0.578
22,1,18,0,2,5.0,0.005065856129685917,0.0,0.9660954545454546,0.7738732954545454,0.9695846590909092,0,0.3345
6,0,18,0,2,3.0,0.003963011889035667,0.0,0.9734926553672316,0.6269056497175142,0.955367231638418,0,0.399
14,0,18,0,2,3.0,0.0038022813688212928,0.0,0.9717162921348316,0.6548410112359551,0.9551494382022472,0,0.6589
22,1,18,0,2,4.0,0.005256241787122208,0.10709635447710752,0.9691514450867053,0.6074329479768786,0.9537063583815028,1,0.3387
6,0,18,0,2,6.0,0.005946481665014866,0.0,0.9558448863636364,0.7807528409090909,0.977555681818182,0,0.7214
14,0,18,0,2,4.0,0.004287245444801715,0.0,0.959408,0.7887599999999999,0.9514285714285714,0,0.9771
22,1,18,0,2,4.0,0.0038948393378773127,0.0,0.9592327485380115,0.7542111111111112,0.97113216374269,0,0.7292
6,0,18,0,3,3.0,0.00410958904109589,0.0,0.97625197740113,0.6071683615819209,0.9534841807909604,0,0.9135
14,0,18,0,3,5.0,0.006868131868131868,0.0,0.9750948863636364,0.5983465909090909,0.9623090909090908,0,0.4598
22,1,18,0,3,4.0,0.006153846153846154,0.0,0.9761469273743016,0.5908648044692737,0.9510592178770948,0,0.381
6,0,18,0,3,2.0,0.0019305019305019305,0.017743054777383804,0.9577932203389832,0.7727412429378532,0.9548954802259888,1,0.7742
14,0,18,0,3,4.0,0.0038095238095238095,0.019027777016162872,0.9601118644067796,0.7691152542372881,0.9529186440677966,1,0.669
22,1,18,0,3,4.0,0.004153686396677051,0.0,0.9582296511627908,0.8025308139534885,0.9455558139534884,0,0.3658
6,0,18,0,3,3.0,0.0031746031746031746,0.0,0.970548275862069,0.7340936781609195,0.969635632183908,0,1.0
14,0,18,0,3,5.0,0.006693440428380187,0.0,0.9679265536723164,0.677564406779661,0.9646892655367232,0,0.4111
22,1,18,0,3,7.0,0.0074309978768577496,0.07006944715976715,0.9663485875706216,0.7424570621468926,0.9622666666666668,2,0.4742
6,1,18,0,0,5.0,0.0049800796812749,0.0672222226858139,0.9714869318181818,0.7811892045454545,0.9603221590909092,1,0.9328
14,1,18,0,0,6.0,0.005714285714285714,0.058715276420116425,0.9732103448275864,0.7720936781609196,0.9673367816091952,1,0.9359
22,2,18,0,0,2.0,0.002074688796680498,0.0,0.9726114285714286,0.7704497142857143,0.9543937142857144,0,1.0
6,1,18,0,0,4.0,0.005284015852047556,0.0,0.9579948863636364,0.6420017045454546,0.9496204545454544,0,0.4058
14,1,18,0,0,3.0,0.00340522133938706,0.0,0.9595845714285716,0.6536731428571428,0.9767611428571428,0,0.7014
22,2,18,0,0,3.0,0.00410958904109589,0.10709635447710752,0.960858757062147,0.6334305084745763,0.9482943502824858,1,0.7726
6,1,18,0,0,5.0,0.004761904761904762,0.0,0.9711568965517242,0.7715344827586208,0.9542132183908044,0,0.5386
14,1,18,0,0,5.0,0.004868549172346641,0.0,0.9698011363636364,0.75509375,0.9680863636363636,0,0.5581
22,2,18,0,0,3.0,0.0034403669724770644,0.10709635447710752,0.9699949438202248,0.7404140449438202,0.9610904494382022,1,0.585
6,1,18,0,1,2.0,0.0022197558268590455,0.0,0.9694767045454546,0.7222562499999999,0.9522732954545454,0,0.9767
14,1,18,0,1,5.0,0.0054525627044711015,0.0,0.970316384180791,0.7160909604519774,0.958379661016949,0,0.7794
22,2,18,0,1,3.0,0.003125,0.10709635447710752,0.9707780898876404,0.6486887640449438,0.9695876404494382,1,0.6537
6,1,18,0,1,6.0,0.007633587786259542,0.0,0.9605514124293784,0.6269536723163842,0.9538604519774012,0,1.0
14,1,18,0,1,3.0,0.00530035335689046,0.0,0.961474431818182,0.6564625000000001,0.9428977272727272,0,0.3013
22,2,18,0,1,4.0,0.005369127516778523,0.0,0.9596569832402236,0.6435245810055866,0.9638513966480448,0,0.9675
6,1,18,0,1,2.0,0.0020100502512562816,0.0,0.965764,0.7633297142857142,0.9598091428571428,0,1.0
14,1,18,0,1,5.0,0.005149330587023687,0.0,0.961093220338983,0.7580553672316385,0.9796604519774011,0,0.2773
22,2,18,0,1,5.0,0.004761904761904762,0.0,0.95955530726257,0.7858726256983241,0.97316312849162,0,0.5389
6,1,18,0,2,6.0,0.0057692307692307696,0.0,0.9684011363636364,0.7713215909090909,0.9683693181818182,0,1.0
14,1,18,0,2,3.0,0.002938295788442703,0.0,0.9675180790960451,0.7758463276836158,0.9586621468926554,0,0.552
22,2,18,0,2,3.0,0.0033370411568409346,0.0,0.9660954545454546,0.7738732954545454,0.9695846590909092,0,0.5578
6,1,18,0,2,4.0,0.005625879043600563,0.10709635447710752,0.9734926553672316,0.6269056497175142,0.955367231638418,1,0.6971
14,1,18,0,2,4.0,0.0057553956834532375,0.10709635447710752,0.9717162921348316,0.6548410112359551,0.9551494382022472,1,0.2003
22,2,18,0,2,4.0,0.005291005291005291,0.0,0.9691514450867053,0.6074329479768786,0.9537063583815028,0,0.8
6,1,18,0,2,4.0,0.0038095238095238095,0.0,0.9558448863636364,0.7807528409090909,0.977555681818182,0,0.852
14,1,18,0,2,4.0,0.004136504653567736,0.0,0.959408,0.7887599999999999,0.9514285714285714,0,0.8186
22,2,18,0,2,1.0,0.0009523809523809524,0.0,0.9592327485380115,0.7542111111111112,0.97113216374269,0,0.1482
6,1,18,0,3,4.0,0.0061162079510703364,0.0,0.97625197740113,0.6071683615819209,0.9534841807909604,0,0.5079
14,1,18,0,3,2.0,0.002881844380403458,0.0,0.9750948863636364,0.5983465909090909,0.9623090909090908,0,0.2509
22,2,18,0,3,2.0,0.0030864197530864196,0.0,0.9761469273743016,0.5908648044692737,0.9510592178770948,0,0.7592
6,1,18,0,3,2.0,0.0020855057351407717,0.0,0.9577932203389832,0.7727412429378532,0.9548954802259888,0,0.8208
14,1,18,0,3,6.0,0.006376195536663124,0.0,0.9601118644067796,0.7691152542372881,0.9529186440677966,0,0.283
22,2,18,0,3,7.0,0.00667302192564347,0.03218749910593033,0.9582296511627908,0.8025308139534885,0.9455558139534884,1,0.9055
6,1,18,0,3,4.0,0.0041279669762641896,0.07684028148651123,0.970548275862069,0.7340936781609195,0.969635632183908,2,0.7386
14,1,18,0,3,3.0,0.003355704697986577,0.08868055790662766,0.9679265536723164,0.677564406779661,0.9646892655367232,2,0.9113
22,2,18,0,3,2.0,0.002190580503833516,0.10709635447710752,0.9663485875706216,0.7424570621468926,0.9622666666666668,1,0.5646
6,2,18,0,0,2.0,0.0019047619047619048,0.0,0.9714869318181818,0.7811892045454545,0.9603221590909092,0,0.762
14,2,18,0,0,4.0,0.004219409282700422,0.0,0.9732103448275864,0.7720936781609196,0.9673367816091952,0,1.0
22,3,18,0,0,4.0,0.0041109969167523125,0.0,0.9726114285714286,0.7704497142857143,0.9543937142857144,0,0.7176
6,2,18,0,0,2.0,0.002890173410404624,0.10709635447710752,0.9579948863636364,0.6420017045454546,0.9496204545454544,1,0.414
14,2,18,0,0,6.0,0.008862629246676515,0.10709635447710752,0.9595845714285716,0.6536731428571428,0.9767611428571428,1,0.6225
22,3,18,0,0,5.0,0.00819672131147541,0.051076389849185944,0.960858757062147,0.6334305084745763,0.9482943502824858,1,0.6712
6,2,18,0,0,6.0,0.005714285714285714,0.10709635447710752,0.9711568965517242,0.7715344827586208,0.9542132183908044,1,0.8303
14,2,18,0,0,6.0,0.0069767441860465115,0.10709635447710752,0.9698011363636364,0.75509375,0.9680863636363636,1,0.7185
22,3,18,0,0,4.0,0.00408997955010225,0.0,0.9699949438202248,0.7404140449438202,0.9610904494382022,0,1.0
6,2,18,0,1,5.0,0.006711409395973154,0.08909722417593002,0.9694767045454546,0.7222562499999999,0.9522732954545454,1,0.3598
14,2,18,0,1,5.0,0.005274261603375527,0.08822916448116302,0.970316384180791,0.7160909604519774,0.958379661016949,1,0.3371
22,3,18,0,1,5.0,0.005656108597285068,0.0,0.9707780898876404,0.6486887640449438,0.9695876404494382,0,0.2597
6,2,18,0,1,3.0,0.0041265474552957355,0.0,0.9605514124293784,0.6269536723163842,0.9538604519774012,0,0.5157
14,2,18,0,1,4.0,0.00554016620498615,0.0,0.961474431818182,0.6564625000000001,0.9428977272727272,0,0.9827
22,3,18,0,1,5.0,0.007194244604316547,0.07982639223337173,0.9596569832402236,0.6435245810055866,0.9638513966480448,1,0.8702
6,2,18,0,1,2.0,0.0019743336623889436,0.0,0.965764,0.7633297142857142,0.9598091428571428,0,0.828
14,2,18,0,1,3.0,0.002857142857142857,0.0,0.961093220338983,0.7580553672316385,0.9796604519774011,0,0.8794
22,3,18,0,1,6.0,0.005714285714285714,0.0,0.95955530726257,0.7858726256983241,0.97316312849162,0,0.5866
6,2,18,0,2,2.0,0.0019940179461615153,0.0,0.9684011363636364,0.7713215909090909,0.9683693181818182,0,0.8727
14,2,18,0,2,5.0,0.005324813631522897,0.0,0.9675180790960451,0.7758463276836158,0.9586621468926554,0,0.8771
22,3,18,0,2,6.0,0.006,0.0,0.9660954545454546,0.7738732954545454,0.9695846590909092,0,0.6108
6,2,18,0,2,4.0,0.005797101449275362,0.0,0.9734926553672316,0.6269056497175142,0.955367231638418,0,0.3764
14,2,18,0,2,6.0,0.00847457627118644,0.0,0.9717162921348316,0.6548410112359551,0.9551494382022472,0,0.1991
22,3,18,0,2,4.0,0.004314994606256742,0.0,0.9691514450867053,0.6074329479768786,0.9537063583815028,0,0.8565
6,2,18,0,2,3.0,0.002857142857142857,0.0,0.9558448863636364,0.7807528409090909,0.977555681818182,0,1.0
14,2,18,0,2,3.0,0.003092783505154639,0.0,0.959408,0.7887599999999999,0.9514285714285714,0,0.3516
22,3,18,0,2,3.0,0.00340522133938706,0.0,0.9592327485380115,0.7542111111111112,0.97113216374269,0,0.5326
6,2,18,0,3,2.0,0.00338409475465313,0.0,0.97625197740113,0.6071683615819209,0.9534841807909604,0,0.8161
14,2,18,0,3,5.0,0.007042253521126761,0.0,0.9750948863636364,0.5983465909090909,0.9623090909090908,0,0.5896
22,3,18,0,3,2.0,0.002861230329041488,0.0,0.9761469273743016,0.5908648044692737,0.9510592178770948,0,0.6888
6,2,18,0,3,3.0,0.003926701570680628,0.03576388955116272,0.9577932203389832,0.7727412429378532,0.9548954802259888,1,0.655
14,2,18,0,3,2.0,0.002232142857142857,0.03871527686715126,0.9601118644067796,0.7691152542372881,0.9529186440677966,1,0.9613
22,3,18,0,3,3.0,0.003171247357293869,0.0555555559694767,0.9582296511627908,0.8025308139534885,0.9455558139534884,1,0.9444
6,2,18,0,3,4.0,0.0047562425683709865,0.10709635447710752,0.970548275862069,0.7340936781609195,0.969635632183908,1,0.5318
14,2,18,0,3,2.0,0.0019175455417066154,0.10709635447710752,0.9679265536723164,0.677564406779661,0.9646892655367232,1,0.4259
22,3,18,0,3,6.0,0.00718562874251497,0.10709635447710752,0.9663485875706216,0.7424570621468926,0.9622666666666668,1,0.7372
6,3,18,0,0,6.0,0.005714285714285714,0.0,0.9714869318181818,0.7811892045454545,0.9603221590909092,0,0.7879
14,3,18,0,0,5.0,0.00510204081632653,0.0,0.9732103448275864,0.7720936781609196,0.9673367816091952,0,0.5965
22,4,18,0,0,3.0,0.002857142857142857,0.0,0.9726114285714286,0.7704497142857143,0.9543937142857144,0,0.4915
6,3,18,0,0,6.0,0.007211538461538462,0.0442708320915699,0.9579948863636364,0.6420017045454546,0.9496204545454544,1,0.4636
14,3,18,0,0,1.0,0.001557632398753894,0.042222220450639725,0.9595845714285716,0.6536731428571428,0.9767611428571428,1,0.4414
22,4,18,0,0,5.0,0.007183908045977011,0.0,0.960858757062147,0.6334305084745763,0.9482943502824858,0,0.3884
6,3,18,0,0,6.0,0.007237635705669481,0.0,0.9711568965517242,0.7715344827586208,0.9542132183908044,0,0.8756
14,3,18,0,0,5.0,0.005154639175257732,0.0,0.9698011363636364,0.75509375,0.9680863636363636,0,0.7817
22,4,18,0,0,5.0,0.005649717514124294,0.10709635447710752,0.9699949438202248,0.7404140449438202,0.9610904494382022,2,0.2692
6,3,18,0,1,5.0,0.006729475100942127,0.0,0.9694767045454546,0.7222562499999999,0.9522732954545454,0,0.9917
14,3,18,0,1,4.0,0.0038498556304138597,0.0,0.970316384180791,0.7160909604519774,0.958379661016949,0,0.8485
22,4,18,0,1,3.0,0.0037174721189591076,0.0,0.9707780898876404,0.6486887640449438,0.9695876404494382,0,0.9664
6,3,18,0,1,4.0,0.006211180124223602,0.10709635447710752,0.9605514124293784,0.6269536723163842,0.9538604519774012,1,0.3126
14,3,18,0,1,4.0,0.005161290322580645,0.09819444268941879,0.961474431818182,0.6564625000000001,0.9428977272727272,1,0.5664
22,4,18,0,1,4.0,0.005788712011577424,0.0,0.9596569832402236,0.6435245810055866,0.9638513966480448,0,0.7745
6,3,18,0,1,2.0,0.0019305019305019305,0.0,0.965764,0.7633297142857142,0.9598091428571428,0,0.9702
14,3,18,0,1,3.0,0.003787878787878788,0.0,0.961093220338983,0.7580553672316385,0.9796604519774011,0,0.4447
22,4,18,0,1,4.0,0.004819277108433735,0.0,0.95955530726257,0.7858726256983241,0.97316312849162,0,0.3686
6,3,18,0,2,5.0,0.005149330587023687,0.0,0.9684011363636364,0.7713215909090909,0.9683693181818182,0,1.0
14,3,18,0,2,6.0,0.006185567010309278,0.0,0.9675180790960451,0.7758463276836158,0.9586621468926554,0,1.0
22,4,18,0,2,1.0,0.000970873786407767,0.10709635447710752,0.9660954545454546,0.7738732954545454,0.9695846590909092,3,0.8761
6,3,18,0,2,6.0,0.007926023778071334,0.0,0.9734926553672316,0.6269056497175142,0.955367231638418,0,0.5538
14,3,18,0,2,6.0,0.008298755186721992,0.0,0.9717162921348316,0.6548410112359551,0.9551494382022472,0,0.3663
22,4,18,0,2,5.0,0.006648936170212766,0.10709635447710752,0.9691514450867053,0.6074329479768786,0.9537063583815028,1,0.6582
6,3,18,0,2,5.0,0.005263157894736842,0.0,0.9558448863636364,0.7807528409090909,0.977555681818182,0,0.7946
14,3,18,0,2,4.0,0.0038095238095238095,0.0,0.959408,0.7887599999999999,0.9514285714285714,0,1.0
22,4,18,0,2,7.0,0.006666666666666667,0.09246528148651123,0.9592327485380115,0.7542111111111112,0.97113216374269,1,0.7941
6,3,18,0,3,3.0,0.004405286343612335,0.0,0.97625197740113,0.6071683615819209,0.9534841807909604,0,0.6299
14,3,18,0,3,6.0,0.008645533141210375,0.0,0.9750948863636364,0.5983465909090909,0.9623090909090908,0,0.2822
22,4,18,0,3,3.0,0.0037220843672456576,0.04541666805744171,0.9761469273743016,0.5908648044692737,0.9510592178770948,1,0.244
6,3,18,0,3,4.0,0.003992015968063872,0.0655902773141861,0.9577932203389832,0.7727412429378532,0.9548954802259888,1,0.367
14,3,18,0,3,5.0,0.004761904761904762,0.04458333179354668,0.9601118644067796,0.7691152542372881,0.9529186440677966,1,0.8119
22,4,18,0,3,5.0,0.004761904761904762,0.0,0.9582296511627908,0.8025308139534885,0.9455558139534884,0,0.3059
6,3,18,0,3,5.0,0.005382131324004306,0.10709635447710752,0.970548275862069,0.7340936781609195,0.969635632183908,1,0.3235
14,3,18,0,3,6.0,0.007326007326007326,0.10709635447710752,0.9679265536723164,0.677564406779661,0.9646892655367232,1,0.4854
22,4,18,0,3,4.0,0.004439511653718091,0.0,0.9663485875706216,0.7424570621468926,0.9622666666666668,0,1.0
6,4,18,0,0,5.0,0.004761904761904762,0.0,0.9714869318181818,0.7811892045454545,0.9603221590909092,0,0.3927
14,4,18,0,0,6.0,0.006,0.0,0.9732103448275864,0.7720936781609196,0.9673367816091952,0,1.0
22,5,18,1,0,4.0,0.0038095238095238095,0.0,0.9726114285714286,0.7704497142857143,0.9543937142857144,0,0.8
6,4,18,0,0,3.0,0.0041265474552957355,0.0,0.9579948863636364,0.6420017045454546,0.9496204545454544,0,0.3855
14,4,18,0,0,6.0,0.007371007371007371,0.0,0.9595845714285716,0.6536731428571428,0.9767611428571428,0,0.5022
22,5,18,1,0,2.0,0.002728512960436562,0.0,0.960858757062147,0.6334305084745763,0.9482943502824858,0,0.7564
6,4,18,0,0,4.0,0.004136504653567736,0.09781250357627869,0.9711568965517242,0.7715344827586208,0.9542132183908044,2,0.5907
14,4,18,0,0,4.0,0.004,0.10709635447710752,0.9698011363636364,0.75509375,0.9680863636363636,2,0.8587
22,5,18,1,0,4.0,0.004024144869215292,0.028437500819563866,0.9699949438202248,0.7404140449438202,0.9610904494382022,1,0.4498
6,4,18,0,1,5.0,0.006024096385542169,0.0,0.9694767045454546,0.7222562499999999,0.9522732954545454,0,0.629
14,4,18,0,1,6.0,0.006818181818181818,0.0,0.970316384180791,0.7160909604519774,0.958379661016949,0,1.0
22,5,18,1,1,4.0,0.004750593824228029,0.057083334773778915,0.9707780898876404,0.6486887640449438,0.9695876404494382,1,0.8031
6,4,18,0,1,5.0,0.007183908045977011,0.0,0.9605514124293784,0.6269536723163842,0.9538604519774012,0,0.5957
14,4,18,0,1,5.0,0.005889281507656066,0.0,0.961474431818182,0.6564625000000001,0.9428977272727272,0,0.6597
22,5,18,1,1,4.0,0.0045662100456621,0.0,0.9596569832402236,0.6435245810055866,0.9638513966480448,0,0.4185
6,4,18,0,1,5.0,0.004761904761904762,0.0,0.965764,0.7633297142857142,0.9598091428571428,0,0.7882
14,4,18,0,1,3.0,0.0034522439585730723,0.0,0.961093220338983,0.7580553672316385,0.9796604519774011,0,0.3313
22,5,18,1,1,2.0,0.001953125,0.0,0.95955530726257,0.7858726256983241,0.97316312849162,0,0.7865
6,4,18,0,2,6.0,0.005714285714285714,0.10709635447710752,0.9684011363636364,0.7713215909090909,0.9683693181818182,3,0.4091
14,4,18,0,2,5.0,0.005931198102016607,0.07111111283302307,0.9675180790960451,0.7758463276836158,0.9586621468926554,3,0.7944
22,5,18,1,2,6.0,0.005714285714285714,0.0,0.9660954545454546,0.7738732954545454,0.9695846590909092,0,1.0
6,4,18,0,2,3.0,0.003605769230769231,0.10413194447755814,0.9734926553672316,0.6269056497175142,0.955367231638418,1,0.8638
14,4,18,0,2,5.0,0.006666666666666667,0.10709635447710752,0.9717162921348316,0.6548410112359551,0.9551494382022472,1,0.8076
22,5,18,1,2,6.0,0.007444168734491315,0.0,0.9691514450867053,0.6074329479768786,0.9537063583815028,0,0.5413
6,4,18,0,2,6.0,0.006211180124223602,0.10709635447710752,0.9558448863636364,0.7807528409090909,0.977555681818182,1,0.3012
14,4,18,0,2,3.0,0.0033482142857142855,0.059236109256744385,0.959408,0.7887599999999999,0.9514285714285714,1,0.3519
22,5,18,1,2,5.0,0.004761904761904762,0.10709635447710752,0.9592327485380115,0.7542111111111112,0.97113216374269,1,0.7252
6,4,18,0,3,3.0,0.004285714285714286,0.04458333179354668,0.97625197740113,0.6071683615819209,0.9534841807909604,1,0.2492
14,4,18,0,3,3.0,0.00395778364116095,0.029270833358168602,0.9750948863636364,0.5983465909090909,0.9623090909090908,1,0.6113
22,5,18,1,3,7.0,0.009009009009009009,0.10709635447710752,0.9761469273743016,0.5908648044692737,0.9510592178770948,1,0.5213
6,4,18,0,3,3.0,0.0029296875,0.0,0.9577932203389832,0.7727412429378532,0.9548954802259888,0,0.757
14,4,18,0,3,5.0,0.00510204081632653,0.0,0.9601118644067796,0.7691152542372881,0.9529186440677966,0,0.7078
22,5,18,1,3,3.0,0.003264417845484222,0.0,0.9582296511627908,0.8025308139534885,0.9455558139534884,0,0.7563
6,4,18,0,3,3.0,0.004132231404958678,0.0,0.970548275862069,0.7340936781609195,0.969635632183908,0,0.269
14,4,18,0,3,3.0,0.0030959752321981426,0.0,0.9679265536723164,0.677564406779661,0.9646892655367232,0,1.0
22,5,18,1,3,5.0,0.005656108597285068,0.0,0.9663485875706216,0.7424570621468926,0.9622666666666668,0,0.4003
14,5,18,1,0,2.0,0.0021551724137931034,0.0,0.9732103448275864,0.7720936781609196,0.9673367816091952,0,0.4588
22,6,18,1,0,3.0,0.002857142857142857,0.0,0.9726114285714286,0.7704497142857143,0.9543937142857144,0,0.3755
6,5,18,1,0,2.0,0.0027739251040221915,0.0,0.9579948863636364,0.6420017045454546,0.9496204545454544,0,0.5556
14,5,18,1,0,4.0,0.005479452054794521,0.0,0.9595845714285716,0.6536731428571428,0.9767611428571428,0,0.2114
22,6,18,1,0,5.0,0.0060901339829476245,0.0,0.960858757062147,0.6334305084745763,0.9482943502824858,0,0.5528
6,5,18,1,0,5.0,0.005688282138794084,0.06180555373430252,0.9711568965517242,0.7715344827586208,0.9542132183908044,1,0.9382
14,5,18,1,0,5.0,0.0053705692803437165,0.0425347238779068,0.9698011363636364,0.75509375,0.9680863636363636,1,0.6783
22,6,18,1,0,0.0,0.0,0.0,0.9699949438202248,0.7404140449438202,0.9610904494382022,0,0.0
6,5,18,1,1,3.0,0.0041841004184100415,0.0407986119389534,0.9694767045454546,0.7222562499999999,0.9522732954545454,1,0.9548
22,6,18,1,1,1.0,0.0010775862068965517,0.0,0.9707780898876404,0.6486887640449438,0.9695876404494382,0,0.1973
6,5,18,1,1,1.0,0.0016129032258064516,0.0,0.9605514124293784,0.6269536723163842,0.9538604519774012,0,0.2092
14,5,18,1,1,3.0,0.004893964110929853,0.0,0.961474431818182,0.6564625000000001,0.9428977272727272,0,0.802
22,6,18,1,1,5.0,0.007122507122507123,0.0,0.9596569832402236,0.6435245810055866,0.9638513966480448,0,0.5236
6,5,18,1,1,3.0,0.002857142857142857,0.0,0.965764,0.7633297142857142,0.9598091428571428,0,0.6187
14,5,18,1,1,5.0,0.005793742757821553,0.0,0.961093220338983,0.7580553672316385,0.9796604519774011,0,0.5636
22,6,18,1,1,5.0,0.005065856129685917,0.0,0.95955530726257,0.7858726256983241,0.97316312849162,0,1.0
6,5,18,1,2,4.0,0.005095541401273885,0.0,0.9684011363636364,0.7713215909090909,0.9683693181818182,0,1.0
14,5,18,1,2,6.0,0.006564551422319475,0.0,0.9675180790960451,0.7758463276836158,0.9586621468926554,0,0.709
22,6,18,1,2,2.0,0.001937984496124031,0.0,0.9660954545454546,0.7738732954545454,0.9695846590909092,0,0.659
6,5,18,1,2,4.0,0.005141388174807198,0.0,0.9734926553672316,0.6269056497175142,0.955367231638418,0,0.2803
14,5,18,1,2,5.0,0.006793478260869565,0.0,0.9717162921348316,0.6548410112359551,0.9551494382022472,0,0.3133
22,6,18,1,2,2.0,0.002190580503833516,0.10709635447710752,0.9691514450867053,0.6074329479768786,0.9537063583815028,1,0.3484
6,5,18,1,2,6.0,0.005714285714285714,0.10709635447710752,0.9558448863636364,0.7807528409090909,0.977555681818182,1,0.8726
14,5,18,1,2,6.0,0.005714285714285714,0.10709635447710752,0.959408,0.7887599999999999,0.9514285714285714,1,0.3613
22,6,18,1,2,1.0,0.0009910802775024777,0.0,0.9592327485380115,0.7542111111111112,0.97113216374269,0,1.0
6,5,18,1,3,6.0,0.009174311926605505,0.10709635447710752,0.97625197740113,0.6071683615819209,0.9534841807909604,1,0.3497
14,5,18,1,3,2.0,0.002717391304347826,0.10709635447710752,0.9750948863636364,0.5983465909090909,0.9623090909090908,1,0.2251
22,6,18,1,3,1.0,0.0014204545454545455,0.0,0.9761469273743016,0.5908648044692737,0.9510592178770948,0,0.835
6,5,18,1,3,3.0,0.003329633740288568,0.0,0.9577932203389832,0.7727412429378532,0.9548954802259888,0,0.9511
14,5,18,1,3,2.0,0.0021436227224008574,0.0,0.9601118644067796,0.7691152542372881,0.9529186440677966,0,0.3372
22,6,18,1,3,1.0,0.0012578616352201257,0.03767361119389534,0.9582296511627908,0.8025308139534885,0.9455558139534884,1,0.5173
14,5,18,1,3,2.0,0.00228310502283105,0.0,0.9679265536723164,0.677564406779661,0.9646892655367232,0,0.8146
22,6,18,1,3,6.0,0.005808325266214908,0.0,0.9663485875706216,0.7424570621468926,0.9622666666666668,0,0.962
6,6,18,1,0,6.0,0.006085192697768763,0.0,0.9714869318181818,0.7811892045454545,0.9603221590909092,0,1.0
22,0,19,0,0,2.0,0.0022497187851518562,0.0,0.9726114285714286,0.7704497142857143,0.9543937142857144,0,0.3578
6,6,18,1,0,5.0,0.00715307582260372,0.0,0.9579948863636364,0.6420017045454546,0.9496204545454544,0,0.7146
14,6,18,1,0,2.0,0.0024449877750611247,0.0,0.9595845714285716,0.6536731428571428,0.9767611428571428,0,0.9007
22,0,19,0,0,3.0,0.004524886877828055,0.08493055403232574,0.960858757062147,0.6334305084745763,0.9482943502824858,1,0.5459
6,6,18,1,0,4.0,0.004004004004004004,0.0,0.9711568965517242,0.7715344827586208,0.9542132183908044,0,0.5713
14,6,18,1,0,3.0,0.002857142857142857,0.0,0.9698011363636364,0.75509375,0.9680863636363636,0,0.6708
22,0,19,0,0,3.0,0.003329633740288568,0.0,0.9699949438202248,0.7404140449438202,0.9610904494382022,0,1.0
6,6,18,1,1,3.0,0.003036437246963563,0.0,0.9694767045454546,0.7222562499999999,0.9522732954545454,0,0.6868
14,6,18,1,1,6.0,0.007001166861143524,0.0,0.970316384180791,0.7160909604519774,0.958379661016949,0,0.3967
22,0,19,0,1,6.0,0.007263922518159807,0.039027776569128036,0.9707780898876404,0.6486887640449438,0.9695876404494382,1,0.8237
6,6,18,1,1,5.0,0.007246376811594203,0.0,0.9605514124293784,0.6269536723163842,0.9538604519774012,0,0.4952
14,6,18,1,1,3.0,0.0041841004184100415,0.0,0.961474431818182,0.6564625000000001,0.9428977272727272,0,0.4155
6,6,18,1,1,2.0,0.0019646365422396855,0.0,0.965764,0.7633297142857142,0.9598091428571428,0,0.5
14,6,18,1,1,3.0,0.0031185031185031187,0.0,0.961093220338983,0.7580553672316385,0.9796604519774011,0,0.5638
22,0,19,0,1,5.0,0.0049800796812749,0.0,0.95955530726257,0.7858726256983241,0.97316312849162,0,1.0
6,6,18,1,2,2.0,0.0020554984583761563,0.0,0.9684011363636364,0.7713215909090909,0.9683693181818182,0,0.4199
14,6,18,1,2,6.0,0.006756756756756757,0.0,0.9675180790960451,0.7758463276836158,0.9586621468926554,0,0.8307
14,6,18,1,2,5.0,0.0066844919786096255,0.10709635447710752,0.9717162921348316,0.6548410112359551,0.9551494382022472,1,0.7491
22,0,19,0,2,6.0,0.007537688442211055,0.0,0.9691514450867053,0.6074329479768786,0.9537063583815028,0,0.3773
6,6,18,1,2,5.0,0.004784688995215311,0.0,0.9558448863636364,0.7807528409090909,0.977555681818182,0,1.0
14,6,18,1,2,4.0,0.0038095238095238095,0.0,0.959408,0.7887599999999999,0.9514285714285714,0,0.2949
6,6,18,1,3,5.0,0.005924170616113744,0.0,0.97625197740113,0.6071683615819209,0.9534841807909604,0,0.9167
14,6,18,1,3,3.0,0.004172461752433936,0.0,0.9750948863636364,0.5983465909090909,0.9623090909090908,0,0.7789
22,0,19,0,3,1.0,0.001669449081803005,0.08093749731779099,0.9761469273743016,0.5908648044692737,0.9510592178770948,1,0.6434
6,6,18,1,3,6.0,0.006185567010309278,0.04045138880610466,0.9577932203389832,0.7727412429378532,0.9548954802259888,1,0.9595
14,6,18,1,3,4.0,0.00411522633744856,0.03677083179354668,0.9601118644067796,0.7691152542372881,0.9529186440677966,1,0.7706
22,0,19,0,3,1.0,0.0009523809523809524,0.0,0.9582296511627908,0.8025308139534885,0.9455558139534884,0,0.3782
6,6,18,1,3,5.0,0.005055611729019211,0.0,0.970548275862069,0.7340936781609195,0.969635632183908,0,0.253
14,6,18,1,3,3.0,0.003009027081243731,0.0,0.9679265536723164,0.677564406779661,0.9646892655367232,0,1.0
22,0,19,0,3,4.0,0.005108556832694764,0.09361111372709274,0.9663485875706216,0.7424570621468926,0.9622666666666668,1,0.9064
6,0,19,0,0,6.0,0.005752636625119847,0.0,0.9714869318181818,0.7811892045454545,0.9603221590909092,0,1.0
14,0,19,0,0,4.0,0.004678362573099415,0.0,0.9732103448275864,0.7720936781609196,0.9673367816091952,0,0.2957
22,1,19,0,0,7.0,0.006666666666666667,0.0,0.9726114285714286,0.7704497142857143,0.9543937142857144,0,1.0
6,0,19,0,0,3.0,0.004132231404958678,0.10709635447710752,0.9579948863636364,0.6420017045454546,0.9496204545454544,1,0.6751
14,0,19,0,0,3.0,0.0045385779122541605,0.10709635447710752,0.9595845714285716,0.6536731428571428,0.9767611428571428,1,0.3498
22,1,19,0,0,3.0,0.0037831021437578815,0.0,0.960858757062147,0.6334305084745763,0.9482943502824858,0,0.1688
6,0,19,0,0,6.0,0.0062176165803108805,0.0,0.9711568965517242,0.7715344827586208,0.9542132183908044,0,0.9945
14,0,19,0,0,3.0,0.0033112582781456954,0.0,0.9698011363636364,0.75509375,0.9680863636363636,0,1.0
22,1,19,0,0,5.0,0.005488474204171241,0.0,0.9699949438202248,0.7404140449438202,0.9610904494382022,0,1.0
6,0,19,0,1,1.0,0.0010416666666666667,0.03576388955116272,0.9694767045454546,0.7222562499999999,0.9522732954545454,1,0.4821
14,0,19,0,1,6.0,0.007380073800738007,0.04906250163912773,0.970316384180791,0.7160909604519774,0.958379661016949,1,0.3099
22,1,19,0,1,2.0,0.002531645569620253,0.0,0.9707780898876404,0.6486887640449438,0.9695876404494382,0,0.6498
6,0,19,0,1,2.0,0.002844950213371266,0.0,0.9605514124293784,0.6269536723163842,0.9538604519774012,0,0.8214
14,0,19,0,1,5.0,0.006858710562414266,0.0,0.961474431818182,0.6564625000000001,0.9428977272727272,0,0.2967
22,1,19,0,1,2.0,0.003189792663476874,0.0,0.9596569832402236,0.6435245810055866,0.9638513966480448,0,0.8502
6,0,19,0,1,2.0,0.0021691973969631237,0.0,0.965764,0.7633297142857142,0.9598091428571428,0,1.0
14,0,19,0,1,2.0,0.0021390374331550803,0.0,0.961093220338983,0.7580553672316385,0.9796604519774011,0,1.0
22,1,19,0,1,1.0,0.0011806375442739079,0.10006944090127945,0.95955530726257,0.7858726256983241,0.97316312849162,1,0.3611
6,0,19,0,2,5.0,0.006157635467980296,0.0,0.9684011363636364,0.7713215909090909,0.9683693181818182,0,1.0
14,0,19,0,2,2.0,0.002152852529601722,0.0,0.9675180790960451,0.7758463276836158,0.9586621468926554,0,0.8603
22,1,19,0,2,3.0,0.0029013539651837525,0.0,0.9660954545454546,0.7738732954545454,0.9695846590909092,0,1.0
6,0,19,0,2,2.0,0.0025940337224383916,0.0,0.9734926553672316,0.6269056497175142,0.955367231638418,0,0.553
14,0,19,0,2,2.0,0.002600780234070221,0.0,0.9717162921348316,0.6548410112359551,0.9551494382022472,0,0.9682
22,1,19,0,2,3.0,0.004329004329004329,0.0,0.9691514450867053,0.6074329479768786,0.9537063583815028,0,0.2065
6,0,19,0,2,2.0,0.0019646365422396855,0.10709635447710752,0.9558448863636364,0.7807528409090909,0.977555681818182,2,0.8731
14,0,19,0,2,3.0,0.003161222339304531,0.10572917014360428,0.959408,0.7887599999999999,0.9514285714285714,2,0.4614
22,1,19,0,2,5.0,0.00522466039707419,0.0,0.9592327485380115,0.7542111111111112,0.97113216374269,0,0.6726
6,0,19,0,3,5.0,0.006657789613848202,0.10709635447710752,0.97625197740113,0.6071683615819209,0.9534841807909604,1,0.6806
14,0,19,0,3,5.0,0.007575757575757576,0.08236110955476761,0.9750948863636364,0.5983465909090909,0.9623090909090908,1,0.4193
22,1,19,0,3,6.0,0.00823045267489712,0.0,0.9761469273743016,0.5908648044692737,0.9510592178770948,0,0.7622
6,0,19,0,3,3.0,0.002857142857142857,0.0,0.9577932203389832,0.7727412429378532,0.9548954802259888,0,0.5921
14,0,19,0,3,2.0,0.0019083969465648854,0.0,0.9601118644067796,0.7691152542372881,0.9529186440677966,0,0.3577
22,1,19,0,3,5.0,0.005128205128205128,0.0,0.9582296511627908,0.8025308139534885,0.9455558139534884,0,1.0
6,0,19,0,3,2.0,0.002699055330634278,0.06357638537883759,0.970548275862069,0.7340936781609195,0.969635632183908,1,0.7261
14,0,19,0,3,2.0,0.002336448598130841,0.08829861134290695,0.9679265536723164,0.677564406779661,0.9646892655367232,1,0.5635
22,1,19,0,3,1.0,0.0012578616352201257,0.06666667014360428,0.9663485875706216,0.7424570621468926,0.9622666666666668,1,0.3881
6,1,19,0,0,6.0,0.006329113924050633,0.0,0.9714869318181818,0.7811892045454545,0.9603221590909092,0,0.892
14,1,19,0,0,4.0,0.003988035892323031,0.0,0.9732103448275864,0.7720936781609196,0.9673367816091952,0,0.722
22,2,19,0,0,3.0,0.002857142857142857,0.0,0.9726114285714286,0.7704497142857143,0.9543937142857144,0,0.6358
6,1,19,0,0,2.0,0.003169572107765452,0.0,0.9579948863636364,0.6420017045454546,0.9496204545454544,0,0.8194
14,1,19,0,0,3.0,0.003973509933774834,0.0,0.9595845714285716,0.6536731428571428,0.9767611428571428,0,0.75
22,2,19,0,0,2.0,0.0027624309392265192,0.0,0.960858757062147,0.6334305084745763,0.9482943502824858,0,0.4241
6,1,19,0,0,4.0,0.004530011325028313,0.0,0.9711568965517242,0.7715344827586208,0.9542132183908044,0,1.0
14,1,19,0,0,6.0,0.005714285714285714,0.0,0.9698011363636364,0.75509375,0.9680863636363636,0,1.0
22,2,19,0,0,4.0,0.005,0.08309027552604675,0.9699949438202248,0.7404140449438202,0.9610904494382022,2,0.9169
6,1,19,0,1,5.0,0.006257822277847309,0.0,0.9694767045454546,0.7222562499999999,0.9522732954545454,0,0.5887
14,1,19,0,1,4.0,0.004352557127312296,0.0,0.970316384180791,0.7160909604519774,0.958379661016949,0,0.6698
22,2,19,0,1,5.0,0.0053475935828877,0.10709635447710752,0.9707780898876404,0.6486887640449438,0.9695876404494382,1,0.4594
6,1,19,0,1,3.0,0.0037593984962406013,0.0,0.9605514124293784,0.6269536723163842,0.9538604519774012,0,0.8573
14,1,19,0,1,4.0,0.0061633281972265025,0.0,0.961474431818182,0.6564625000000001,0.9428977272727272,0,0.7675
22,2,19,0,1,6.0,0.007471980074719801,0.08315972238779068,0.9596569832402236,0.6435245810055866,0.9638513966480448,1,0.7858
6,1,19,0,1,1.0,0.001310615989515072,0.08312500268220901,0.965764,0.7633297142857142,0.9598091428571428,1,0.1166
14,1,19,0,1,4.0,0.00398406374501992,0.08347222208976746,0.961093220338983,0.7580553672316385,0.9796604519774011,1,0.3479
22,2,19,0,1,5.0,0.004761904761904762,0.0,0.95955530726257,0.7858726256983241,0.97316312849162,0,0.9516
6,1,19,0,2,4.0,0.004223864836325237,0.0,0.9684011363636364,0.7713215909090909,0.9683693181818182,0,0.753
14,1,19,0,2,6.0,0.005714285714285714,0.0,0.9675180790960451,0.7758463276836158,0.9586621468926554,0,1.0
22,2,19,0,2,6.0,0.005911330049261084,0.10709635447710752,0.9660954545454546,0.7738732954545454,0.9695846590909092,1,0.4966
6,1,19,0,2,5.0,0.006858710562414266,0.0,0.9734926553672316,0.6269056497175142,0.955367231638418,0,0.7528
14,1,19,0,2,5.0,0.006613756613756613,0.0,0.9717162921348316,0.6548410112359551,0.9551494382022472,0,0.9915
22,2,19,0,2,7.0,0.008264462809917356,0.0,0.9691514450867053,0.6074329479768786,0.9537063583815028,0,0.3167
6,1,19,0,2,6.0,0.005982053838484547,0.0,0.9558448863636364,0.7807528409090909,0.977555681818182,0,1.0
14,1,19,0,2,4.0,0.0038095238095238095,0.0,0.959408,0.7887599999999999,0.9514285714285714,0,0.5804
22,2,19,0,2,5.0,0.004761904761904762,0.0,0.9592327485380115,0.7542111111111112,0.97113216374269,0,0.5214
6,1,19,0,3,5.0,0.006944444444444444,0.0,0.97625197740113,0.6071683615819209,0.9534841807909604,0,0.6707
14,1,19,0,3,2.0,0.0029717682020802376,0.0,0.9750948863636364,0.5983465909090909,0.9623090909090908,0,0.92
22,2,19,0,3,6.0,0.008174386920980926,0.0,0.9761469273743016,0.5908648044692737,0.9510592178770948,0,0.485
6,1,19,0,3,4.0,0.004634994206257242,0.0,0.9577932203389832,0.7727412429378532,0.9548954802259888,0,0.2958
14,1,19,0,3,5.0,0.004995004995004995,0.0,0.9601118644067796,0.7691152542372881,0.9529186440677966,0,0.6343
22,2,19,0,3,3.0,0.002857142857142857,0.10709635447710752,0.9582296511627908,0.8025308139534885,0.9455558139534884,2,0.8061
6,1,19,0,3,5.0,0.005780346820809248,0.06861110776662827,0.970548275862069,0.7340936781609195,0.969635632183908,1,0.9314
14,1,19,0,3,3.0,0.0035629453681710215,0.04177083447575569,0.9679265536723164,0.677564406779661,0.9646892655367232,1,0.5596
22,2,19,0,3,5.0,0.007022471910112359,0.0,0.9663485875706216,0.7424570621468926,0.9622666666666668,0,0.689
6,2,19,0,0,4.0,0.003992015968063872,0.0,0.9714869318181818,0.7811892045454545,0.9603221590909092,0,1.0
14,2,19,0,0,3.0,0.002973240832507433,0.0,0.9732103448275864,0.7720936781609196,0.9673367816091952,0,0.8601
22,3,19,0,0,5.0,0.005319148936170213,0.0,0.9726114285714286,0.7704497142857143,0.9543937142857144,0,0.5705
6,2,19,0,0,2.0,0.0028328611898017,0.0,0.9579948863636364,0.6420017045454546,0.9496204545454544,0,0.267
14,2,19,0,0,2.0,0.0027210884353741495,0.0,0.9595845714285716,0.6536731428571428,0.9767611428571428,0,0.6901
22,3,19,0,0,3.0,0.00425531914893617,0.10709635447710752,0.960858757062147,0.6334305084745763,0.9482943502824858,2,0.1961
6,2,19,0,0,3.0,0.003157894736842105,0.10709635447710752,0.9711568965517242,0.7715344827586208,0.9542132183908044,2,0.785
14,2,19,0,0,2.0,0.0020408163265306124,0.10709635447710752,0.9698011363636364,0.75509375,0.9680863636363636,2,0.7762
22,3,19,0,0,3.0,0.0028735632183908046,0.007499999832361937,0.9699949438202248,0.7404140449438202,0.9610904494382022,1,0.6757
6,2,19,0,1,6.0,0.007202881152460984,0.10709635447710752,0.9694767045454546,0.7222562499999999,0.9522732954545454,1,0.8113
14,2,19,0,1,5.0,0.005045408678102927,0.10709635447710752,0.970316384180791,0.7160909604519774,0.958379661016949,1,0.6662
22,3,19,0,1,5.0,0.0054288816503800215,0.10709635447710752,0.9707780898876404,0.6486887640449438,0.9695876404494382,1,0.2511
6,2,19,0,1,4.0,0.006589785831960461,0.10709635447710752,0.9605514124293784,0.6269536723163842,0.9538604519774012,1,0.6028
14,2,19,0,1,2.0,0.002967359050445104,0.08722221851348877,0.961474431818182,0.6564625000000001,0.9428977272727272,1,0.7126
22,3,19,0,1,1.0,0.0014619883040935672,0.0,0.9596569832402236,0.6435245810055866,0.9638513966480448,0,0.6032
6,2,19,0,1,3.0,0.0035842293906810036,0.0,0.965764,0.7633297142857142,0.9598091428571428,0,0.3261
14,2,19,0,1,6.0,0.005714285714285714,0.0,0.961093220338983,0.7580553672316385,0.9796604519774011,0,0.6096
22,3,19,0,1,2.0,0.0019305019305019305,0.0,0.95955530726257,0.7858726256983241,0.97316312849162,0,0.4317
6,2,19,0,2,3.0,0.002857142857142857,0.10709635447710752,0.9684011363636364,0.7713215909090909,0.9683693181818182,1,0.6596
14,2,19,0,2,4.0,0.0045351473922902496,0.10709635447710752,0.9675180790960451,0.7758463276836158,0.9586621468926554,1,0.8305
22,3,19,0,2,5.0,0.005599104143337066,0.0,0.9660954545454546,0.7738732954545454,0.9695846590909092,0,1.0
6,2,19,0,2,2.0,0.0025157232704402514,0.0,0.9734926553672316,0.6269056497175142,0.955367231638418,0,0.2015
14,2,19,0,2,2.0,0.003169572107765452,0.0,0.9717162921348316,0.6548410112359551,0.9551494382022472,0,0.7579
22,3,19,0,2,3.0,0.003952569169960474,0.037812501192092896,0.9691514450867053,0.6074329479768786,0.9537063583815028,1,0.414
6,2,19,0,2,4.0,0.004008016032064128,0.0,0.9558448863636364,0.7807528409090909,0.977555681818182,0,0.6352
14,2,19,0,2,4.0,0.004004004004004004,0.0,0.959408,0.7887599999999999,0.9514285714285714,0,0.4288
22,3,19,0,2,4.0,0.003976143141153081,0.0,0.9592327485380115,0.7542111111111112,0.97113216374269,0,0.5299
6,2,19,0,3,4.0,0.00676818950930626,0.0,0.97625197740113,0.6071683615819209,0.9534841807909604,0,0.4707
14,2,19,0,3,6.0,0.00881057268722467,0.0,0.9750948863636364,0.5983465909090909,0.9623090909090908,0,0.6907
22,3,19,0,3,4.0,0.005578800557880056,0.0,0.9761469273743016,0.5908648044692737,0.9510592178770948,0,0.7962
6,2,19,0,3,4.0,0.0043859649122807015,0.10709635447710752,0.9577932203389832,0.7727412429378532,0.9548954802259888,2,0.7732
14,2,19,0,3,6.0,0.005714285714285714,0.10709635447710752,0.9601118644067796,0.7691152542372881,0.9529186440677966,2,0.4303
22,3,19,0,3,6.0,0.005911330049261084,0.10709635447710752,0.9582296511627908,0.8025308139534885,0.9455558139534884,1,0.6062
6,2,19,0,3,3.0,0.0030737704918032786,0.0,0.970548275862069,0.7340936781609195,0.969635632183908,0,0.75
14,2,19,0,3,5.0,0.006868131868131868,0.0,0.9679265536723164,0.677564406779661,0.9646892655367232,0,0.2829
22,3,19,0,3,6.0,0.006256517205422315,0.06052083149552345,0.9663485875706216,0.7424570621468926,0.9622666666666668,1,0.9395
6,3,19,0,0,2.0,0.002107481559536354,0.0,0.9714869318181818,0.7811892045454545,0.9603221590909092,0,1.0
14,3,19,0,0,6.0,0.005714285714285714,0.0,0.9732103448275864,0.7720936781609196,0.9673367816091952,0,0.5108
22,4,19,0,0,4.0,0.003827751196172249,0.0,0.9726114285714286,0.7704497142857143,0.9543937142857144,0,1.0
6,3,19,0,0,2.0,0.002320185614849188,0.10709635447710752,0.9579948863636364,0.6420017045454546,0.9496204545454544,2,0.6836
14,3,19,0,0,4.0,0.004761904761904762,0.10709635447710752,0.9595845714285716,0.6536731428571428,0.9767611428571428,2,0.8598
22,4,19,0,0,4.0,0.005427408412483039,0.0,0.960858757062147,0.6334305084745763,0.9482943502824858,0,0.6369
6,3,19,0,0,4.0,0.0048484848484848485,0.012187499552965164,0.9711568965517242,0.7715344827586208,0.9542132183908044,1,0.7902
14,3,19,0,0,5.0,0.006402048655569782,0.016354165971279144,0.9698011363636364,0.75509375,0.9680863636363636,1,0.5811
22,4,19,0,0,7.0,0.006666666666666667,0.0,0.9699949438202248,0.7404140449438202,0.9610904494382022,0,0.9505
6,3,19,0,1,2.0,0.0024968789013732834,0.09038194268941879,0.9694767045454546,0.7222562499999999,0.9522732954545454,1,0.3468
14,3,19,0,1,4.0,0.005095541401273885,0.10709635447710752,0.970316384180791,0.7160909604519774,0.958379661016949,1,0.631
22,4,19,0,1,5.0,0.005707762557077625,0.0,0.9707780898876404,0.6486887640449438,0.9695876404494382,0,0.9642
6,3,19,0,1,1.0,0.0012285012285012285,0.0,0.9605514124293784,0.6269536723163842,0.9538604519774012,0,0.5
14,3,19,0,1,6.0,0.008021390374331552,0.0,0.961474431818182,0.6564625000000001,0.9428977272727272,0,0.5631
22,4,19,0,1,2.0,0.002607561929595828,0.10709635447710752,0.9596569832402236,0.6435245810055866,0.9638513966480448,1,0.4751
6,3,19,0,1,4.0,0.003887269193391642,0.0,0.965764,0.7633297142857142,0.9598091428571428,0,0.8186
14,3,19,0,1,2.0,0.0019102196752626551,0.0,0.961093220338983,0.7580553672316385,0.9796604519774011,0,1.0
22,4,19,0,1,3.0,0.0031914893617021275,0.0,0.95955530726257,0.7858726256983241,0.97316312849162,0,0.4377
6,3,19,0,2,6.0,0.006091370558375634,0.0,0.9684011363636364,0.7713215909090909,0.9683693181818182,0,1.0
14,3,19,0,2,4.0,0.003956478733926805,0.0,0.9675180790960451,0.7758463276836158,0.9586621468926554,0,1.0
22,4,19,0,2,6.0,0.005888125613346418,0.0,0.9660954545454546,0.7738732954545454,0.9695846590909092,0,0.668
6,3,19,0,2,3.0,0.003952569169960474,0.0785069465637207,0.9734926553672316,0.6269056497175142,0.955367231638418,1,0.2865
14,3,19,0,2,3.0,0.0035629453681710215,0.07843749970197678,0.9717162921348316,0.6548410112359551,0.9551494382022472,1,0.9216
22,4,19,0,2,1.0,0.0013123359580052493,0.0,0.9691514450867053,0.6074329479768786,0.9537063583815028,0,0.3495
6,3,19,0,2,3.0,0.003821656050955414,0.0,0.9558448863636364,0.7807528409090909,0.977555681818182,0,1.0
14,3,19,0,2,4.0,0.004153686396677051,0.0,0.959408,0.7887599999999999,0.9514285714285714,0,1.0
22,4,19,0,2,8.0,0.009174311926605505,0.0,0.9592327485380115,0.7542111111111112,0.97113216374269,0,1.0
6,3,19,0,3,5.0,0.006839945280437756,0.0,0.97625197740113,0.6071683615819209,0.9534841807909604,0,0.6745
14,3,19,0,3,2.0,0.002828854314002829,0.0,0.9750948863636364,0.5983465909090909,0.9623090909090908,0,0.6635
22,4,19,0,3,2.0,0.0030627871362940277,0.0,0.9761469273743016,0.5908648044692737,0.9510592178770948,0,0.3408
6,3,19,0,3,2.0,0.0019047619047619048,0.10709635447710752,0.9577932203389832,0.7727412429378532,0.9548954802259888,1,0.8222
14,3,19,0,3,4.0,0.0044444444444444444,0.10709635447710752,0.9601118644067796,0.7691152542372881,0.9529186440677966,1,0.8641
22,4,19,0,3,5.0,0.004911591355599214,0.0,0.9582296511627908,0.8025308139534885,0.9455558139534884,0,0.6041
6,3,19,0,3,4.0,0.004056795131845842,0.10709635447710752,0.970548275862069,0.7340936781609195,0.969635632183908,1,0.3013
14,3,19,0,3,4.0,0.004197271773347324,0.10709635447710752,0.9679265536723164,0.677564406779661,0.9646892655367232,1,0.765
22,4,19,0,3,2.0,0.002081165452653486,0.0,0.9663485875706216,0.7424570621468926,0.9622666666666668,0,0.6307
6,4,19,0,0,3.0,0.002857142857142857,0.0,0.9714869318181818,0.7811892045454545,0.9603221590909092,0,0.75
14,4,19,0,0,4.0,0.004509582863585118,0.0,0.9732103448275864,0.7720936781609196,0.9673367816091952,0,0.3865
22,5,19,1,0,5.0,0.004965243296921549,0.0477430559694767,0.9726114285714286,0.7704497142857143,0.9543937142857144,1,0.9523
6,4,19,0,0,2.0,0.0028776978417266188,0.0,0.9579948863636364,0.6420017045454546,0.9496204545454544,0,0.2317
14,4,19,0,0,2.0,0.00267379679144385,0.0,0.9595845714285716,0.6536731428571428,0.9767611428571428,0,0.2631
22,5,19,1,0,6.0,0.0078125,0.0,0.960858757062147,0.6334305084745763,0.9482943502824858,0,0.7507
6,4,19,0,0,4.0,0.004166666666666667,0.0,0.9711568965517242,0.7715344827586208,0.9542132183908044,0,0.5403
14,4,19,0,0,2.0,0.002232142857142857,0.0,0.9698011363636364,0.75509375,0.9680863636363636,0,0.3068
22,5,19,1,0,2.0,0.0020639834881320948,0.0,0.9699949438202248,0.7404140449438202,0.9610904494382022,0,0.45
6,4,19,0,1,2.0,0.0021321961620469083,0.0,0.9694767045454546,0.7222562499999999,0.9522732954545454,0,0.7953
14,4,19,0,1,4.0,0.004592422502870264,0.0,0.970316384180791,0.7160909604519774,0.958379661016949,0,0.9533
22,5,19,1,1,5.0,0.006211180124223602,0.028680555522441864,0.9707780898876404,0.6486887640449438,0.9695876404494382,1,0.2382
6,4,19,0,1,5.0,0.006105006105006105,0.10709635447710752,0.9605514124293784,0.6269536723163842,0.9538604519774012,1,0.8778
14,4,19,0,1,5.0,0.007680491551459293,0.09298611432313919,0.961474431818182,0.6564625000000001,0.9428977272727272,1,0.5296
22,5,19,1,1,5.0,0.006934812760055479,0.0,0.9596569832402236,0.6435245810055866,0.9638513966480448,0,0.4997
6,4,19,0,1,2.0,0.0021119324181626186,0.0,0.965764,0.7633297142857142,0.9598091428571428,0,0.657
14,4,19,0,1,5.0,0.005035246727089627,0.0,0.961093220338983,0.7580553672316385,0.9796604519774011,0,0.8333
22,5,19,1,1,4.0,0.0038095238095238095,0.0,0.95955530726257,0.7858726256983241,0.97316312849162,0,0.7467
6,4,19,0,2,2.0,0.002257336343115124,0.0,0.9684011363636364,0.7713215909090909,0.9683693181818182,0,0.3388
14,4,19,0,2,6.0,0.006355932203389831,0.0,0.9675180790960451,0.7758463276836158,0.9586621468926554,0,1.0
22,5,19,1,2,4.0,0.0038095238095238095,0.10709635447710752,0.9660954545454546,0.7738732954545454,0.9695846590909092,2,0.6843
6,4,19,0,2,4.0,0.0050062578222778474,0.0,0.9734926553672316,0.6269056497175142,0.955367231638418,0,0.8
14,4,19,0,2,2.0,0.0024783147459727386,0.0,0.9717162921348316,0.6548410112359551,0.9551494382022472,0,0.2494
22,5,19,1,2,2.0,0.0030816640986132513,0.0,0.9691514450867053,0.6074329479768786,0.9537063583815028,0,0.3702
6,4,19,0,2,6.0,0.005847953216374269,0.0,0.9558448863636364,0.7807528409090909,0.977555681818182,0,0.9555
14,4,19,0,2,4.0,0.004149377593360996,0.0,0.959408,0.7887599999999999,0.9514285714285714,0,0.2151
22,5,19,1,2,2.0,0.0019860973187686196,0.10177083313465118,0.9592327485380115,0.7542111111111112,0.97113216374269,1,0.2797
6,4,19,0,3,6.0,0.007334963325183374,0.0,0.97625197740113,0.6071683615819209,0.9534841807909604,0,0.9629
14,4,19,0,3,4.0,0.006153846153846154,0.0,0.9750948863636364,0.5983465909090909,0.9623090909090908,0,0.4713
22,5,19,1,3,2.0,0.0028328611898017,0.0,0.9761469273743016,0.5908648044692737,0.9510592178770948,0,0.5163
6,4,19,0,3,6.0,0.005752636625119847,0.0,0.9577932203389832,0.7727412429378532,0.9548954802259888,0,0.4487
14,4,19,0,3,5.0,0.0048828125,0.0,0.9601118644067796,0.7691152542372881,0.9529186440677966,0,0.7957
22,5,19,1,3,1.0,0.001075268817204301,0.0,0.9582296511627908,0.8025308139534885,0.9455558139534884,0,0.6652
6,4,19,0,3,3.0,0.0031088082901554403,0.0,0.970548275862069,0.7340936781609195,0.969635632183908,0,1.0
14,4,19,0,3,4.0,0.005242463958060288,0.0,0.9679265536723164,0.677564406779661,0.9646892655367232,0,0.4194
22,5,19,1,3,5.0,0.005076142131979695,0.009999999776482582,0.9663485875706216,0.7424570621468926,0.9622666666666668,1,0.8776
6,5,19,1,0,4.0,0.003875968992248062,0.02986111119389534,0.9714869318181818,0.7811892045454545,0.9603221590909092,1,0.3472
14,5,19,1,0,5.0,0.004761904761904762,0.031458333134651184,0.9732103448275864,0.7720936781609196,0.9673367816091952,1,0.9685
6,5,19,1,0,5.0,0.006053268765133172,0.0,0.9579948863636364,0.6420017045454546,0.9496204545454544,0,0.7669
14,5,19,1,0,3.0,0.003484320557491289,0.0,0.9595845714285716,0.6536731428571428,0.9767611428571428,0,0.6224
22,6,19,1,0,2.0,0.002758620689655172,0.0,0.960858757062147,0.6334305084745763,0.9482943502824858,0,0.8332
14,5,19,1,0,3.0,0.002857142857142857,0.0,0.9698011363636364,0.75509375,0.9680863636363636,0,0.583
22,6,19,1,0,1.0,0.001081081081081081,0.0,0.9699949438202248,0.7404140449438202,0.9610904494382022,0,0.5149
6,5,19,1,1,2.0,0.0019230769230769232,0.050312500447034836,0.9694767045454546,0.7222562499999999,0.9522732954545454,1,0.9284
14,5,19,1,1,2.0,0.0021810250817884407,0.019479166716337204,0.970316384180791,0.7160909604519774,0.958379661016949,1,0.9805
22,6,19,1,1,7.0,0.009562841530054645,0.0,0.9707780898876404,0.6486887640449438,0.9695876404494382,0,0.795
6,5,19,1,1,6.0,0.007398273736128237,0.0,0.9605514124293784,0.6269536723163842,0.9538604519774012,0,1.0
14,5,19,1,1,3.0,0.0039164490861618795,0.0,0.961474431818182,0.6564625000000001,0.9428977272727272,0,1.0
22,6,19,1,1,3.0,0.003703703703703704,0.0,0.9596569832402236,0.6435245810055866,0.9638513966480448,0,0.3161
6,5,19,1,1,3.0,0.002944062806673209,0.0,0.965764,0.7633297142857142,0.9598091428571428,0,0.5438
14,5,19,1,1,1.0,0.0011876484560570072,0.0,0.961093220338983,0.7580553672316385,0.9796604519774011,0,0.1749
22,6,19,1,1,2.0,0.002012072434607646,0.10709635447710752,0.95955530726257,0.7858726256983241,0.97316312849162,1,0.578
6,5,19,1,2,2.0,0.0019860973187686196,0.08493055403232574,0.9684011363636364,0.7713215909090909,0.9683693181818182,2,0.9151
22,6,19,1,2,5.0,0.005952380952380952,0.0,0.9660954545454546,0.7738732954545454,0.9695846590909092,0,0.4715
6,5,19,1,2,3.0,0.0033333333333333335,0.0,0.9734926553672316,0.6269056497175142,0.955367231638418,0,0.6227
22,6,19,1,2,3.0,0.005008347245409015,0.0,0.9691514450867053,0.6074329479768786,0.9537063583815028,0,0.4672
14,5,19,1,2,1.0,0.0009523809523809524,0.10709635447710752,0.959408,0.7887599999999999,0.9514285714285714,1,0.4453
22,6,19,1,2,1.0,0.0011904761904761906,0.0,0.9592327485380115,0.7542111111111112,0.97113216374269,0,0.7347
6,5,19,1,3,0.0,0.0,0.0,0.97625197740113,0.6071683615819209,0.9534841807909604,0,0.0
14,5,19,1,3,3.0,0.004076086956521739,0.0,0.9750948863636364,0.5983465909090909,0.9623090909090908,0,0.3744
22,6,19,1,3,2.0,0.003194888178913738,0.0,0.9761469273743016,0.5908648044692737,0.9510592178770948,0,0.8255
6,5,19,1,3,4.0,0.004895960832313341,0.0,0.9577932203389832,0.7727412429378532,0.9548954802259888,0,0.4931
14,5,19,1,3,3.0,0.0032967032967032967,0.0,0.9601118644067796,0.7691152542372881,0.9529186440677966,0,0.644
22,6,19,1,3,4.0,0.004,0.0,0.9582296511627908,0.8025308139534885,0.9455558139534884,0,0.8
6,5,19,1,3,6.0,0.007712082262210797,0.013402777723968029,0.970548275862069,0.7340936781609195,0.969635632183908,1,0.5292
22,6,19,1,3,5.0,0.0050968399592252805,0.10709635447710752,0.9663485875706216,0.7424570621468926,0.9622666666666668,1,0.3117
6,6,19,1,0,5.0,0.004906771344455349,0.0,0.9714869318181818,0.7811892045454545,0.9603221590909092,0,0.8028
14,6,19,1,0,4.0,0.005076142131979695,0.0,0.9732103448275864,0.7720936781609196,0.9673367816091952,0,0.7735
6,6,19,1,0,2.0,0.0024449877750611247,0.0,0.9579948863636364,0.6420017045454546,0.9496204545454544,0,0.2352
14,6,19,1,0,3.0,0.0035294117647058825,0.0,0.9595845714285716,0.6536731428571428,0.9767611428571428,0,1.0
22,0,20,0,0,3.0,0.004335260115606936,0.0,0.960858757062147,0.6334305084745763,0.9482943502824858,0,0.6504
6,6,19,1,0,4.0,0.004645760743321719,0.0,0.9711568965517242,0.7715344827586208,0.9542132183908044,0,0.284
14,6,19,1,0,5.0,0.006009615384615385,0.0,0.9698011363636364,0.75509375,0.9680863636363636,0,1.0
22,0,20,0,0,3.0,0.003171247357293869,0.0,0.9699949438202248,0.7404140449438202,0.9610904494382022,0,1.0
6,6,19,1,1,6.0,0.007614213197969543,0.0,0.9694767045454546,0.7222562499999999,0.9522732954545454,0,0.2649
14,6,19,1,1,4.0,0.005471956224350205,0.0,0.970316384180791,0.7160909604519774,0.958379661016949,0,0.7942
22,0,20,0,1,1.0,0.001215066828675577,0.0,0.9707780898876404,0.6486887640449438,0.9695876404494382,0,0.5607
6,6,19,1,1,3.0,0.004322766570605188,0.0,0.9605514124293784,0.6269536723163842,0.9538604519774012,0,0.7812
14,6,19,1,1,5.0,0.006631299734748011,0.0,0.961474431818182,0.6564625000000001,0.9428977272727272,0,0.7498
22,0,20,0,1,3.0,0.004048582995951417,0.0,0.9596569832402236,0.6435245810055866,0.9638513966480448,0,0.9268
6,6,19,1,1,6.0,0.005714285714285714,0.10687500238418579,0.965764,0.7633297142857142,0.9598091428571428,1,0.7776
14,6,19,1,1,3.0,0.002857142857142857,0.10709635447710752,0.961093220338983,0.7580553672316385,0.9796604519774011,1,0.5289
22,0,20,0,1,6.0,0.006362672322375398,0.0,0.95955530726257,0.7858726256983241,0.97316312849162,0,0.6761
14,6,19,1,2,2.0,0.0019267822736030828,0.0,0.9675180790960451,0.7758463276836158,0.9586621468926554,0,0.4408
22,0,20,0,2,5.0,0.00510204081632653,0.0902777761220932,0.9660954545454546,0.7738732954545454,0.9695846590909092,1,0.5773
6,6,19,1,2,5.0,0.0076103500761035,0.0,0.9734926553672316,0.6269056497175142,0.955367231638418,0,0.706
14,6,19,1,2,4.0,0.00510204081632653,0.0,0.9717162921348316,0.6548410112359551,0.9551494382022472,0,0.37
22,0,20,0,2,4.0,0.005333333333333333,0.0,0.9691514450867053,0.6074329479768786,0.9537063583815028,0,0.9458
14,6,19,1,2,5.0,0.0048638132295719845,0.0,0.959408,0.7887599999999999,0.9514285714285714,0,0.3362
22,0,20,0,2,4.0,0.0038095238095238095,0.0,0.9592327485380115,0.7542111111111112,0.97113216374269,0,1.0
6,6,19,1,3,5.0,0.008064516129032258,0.0,0.97625197740113,0.6071683615819209,0.9534841807909604,0,0.181
14,6,19,1,3,4.0,0.00554016620498615,0.0,0.9750948863636364,0.5983465909090909,0.9623090909090908,0,0.5866
22,0,20,0,3,3.0,0.005008347245409015,0.0,0.9761469273743016,0.5908648044692737,0.9510592178770948,0,0.7662
6,6,19,1,3,6.0,0.007662835249042145,0.0,0.9577932203389832,0.7727412429378532,0.9548954802259888,0,0.7243
14,6,19,1,3,4.0,0.004206098843322818,0.0,0.9601118644067796,0.7691152542372881,0.9529186440677966,0,1.0
22,0,20,0,3,2.0,0.0022123893805309734,0.0642361119389534,0.9582296511627908,0.8025308139534885,0.9455558139534884,1,0.6239
14,6,19,1,3,6.0,0.0060790273556231,0.10709635447710752,0.9679265536723164,0.677564406779661,0.9646892655367232,1,0.4582
22,0,20,0,3,3.0,0.003409090909090909,0.0,0.9663485875706216,0.7424570621468926,0.9622666666666668,0,1.0
6,0,20,0,0,2.0,0.0019267822736030828,0.0,0.9714869318181818,0.7811892045454545,0.9603221590909092,0,0.6401
14,0,20,0,0,5.0,0.005411255411255411,0.0,0.9732103448275864,0.7720936781609196,0.9673367816091952,0,0.4261
22,1,20,0,0,6.0,0.005714285714285714,0.0,0.9726114285714286,0.7704497142857143,0.9543937142857144,0,1.0
6,0,20,0,0,2.0,0.002162162162162162,0.0,0.9579948863636364,0.6420017045454546,0.9496204545454544,0,0.5486
14,0,20,0,0,4.0,0.004343105320304018,0.0,0.9595845714285716,0.6536731428571428,0.9767611428571428,0,0.9635
22,1,20,0,0,2.0,0.0026490066225165563,0.0,0.960858757062147,0.6334305084745763,0.9482943502824858,0,0.3418
6,0,20,0,0,4.0,0.004149377593360996,0.0,0.9711568965517242,0.7715344827586208,0.9542132183908044,0,1.0
14,0,20,0,0,5.0,0.005411255411255411,0.0,0.9698011363636364,0.75509375,0.9680863636363636,0,0.7864
22,1,20,0,0,3.0,0.0033149171270718232,0.0,0.9699949438202248,0.7404140449438202,0.9610904494382022,0,1.0
6,0,20,0,1,5.0,0.0056433408577878106,0.0,0.9694767045454546,0.7222562499999999,0.9522732954545454,0,0.7079
14,0,20,0,1,3.0,0.003605769230769231,0.0,0.970316384180791,0.7160909604519774,0.958379661016949,0,0.4556
22,1,20,0,1,3.0,0.0036144578313253013,0.05763888731598854,0.9707780898876404,0.6486887640449438,0.9695876404494382,1,0.2871
6,0,20,0,1,4.0,0.0049382716049382715,0.0,0.9605514124293784,0.6269536723163842,0.9538604519774012,0,0.666
14,0,20,0,1,4.0,0.005012531328320802,0.0,0.961474431818182,0.6564625000000001,0.9428977272727272,0,0.5747
22,1,20,0,1,6.0,0.007863695937090432,0.0,0.9596569832402236,0.6435245810055866,0.9638513966480448,0,0.8722
6,0,20,0,1,2.0,0.0021141649048625794,0.0,0.965764,0.7633297142857142,0.9598091428571428,0,0.8458
14,0,20,0,1,6.0,0.005819592628516004,0.0,0.961093220338983,0.7580553672316385,0.9796604519774011,0,0.4382
22,1,20,0,1,5.0,0.005330490405117271,0.0,0.95955530726257,0.7858726256983241,0.97316312849162,0,0.3153
6,0,20,0,2,4.0,0.0038240917782026767,0.10709635447710752,0.9684011363636364,0.7713215909090909,0.9683693181818182,1,0.3283
14,0,20,0,2,2.0,0.002129925452609159,0.0760069414973259,0.9675180790960451,0.7758463276836158,0.9586621468926554,1,0.4066
22,1,20,0,2,4.0,0.004545454545454545,0.08395833522081375,0.9660954545454546,0.7738732954545454,0.9695846590909092,1,0.916
6,0,20,0,2,2.0,0.0023923444976076554,0.0,0.9734926553672316,0.6269056497175142,0.955367231638418,0,0.7396
14,0,20,0,2,4.0,0.004987531172069825,0.0,0.9717162921348316,0.6548410112359551,0.9551494382022472,0,0.3489
22,1,20,0,2,2.0,0.0024271844660194173,0.10709635447710752,0.9691514450867053,0.6074329479768786,0.9537063583815028,1,0.2758
6,0,20,0,2,4.0,0.0038095238095238095,0.0,0.9558448863636364,0.7807528409090909,0.977555681818182,0,0.8156
14,0,20,0,2,4.0,0.004206098843322818,0.0,0.959408,0.7887599999999999,0.9514285714285714,0,0.4381
22,1,20,0,2,6.0,0.006557377049180328,0.0,0.9592327485380115,0.7542111111111112,0.97113216374269,0,1.0
6,0,20,0,3,2.0,0.002844950213371266,0.0,0.97625197740113,0.6071683615819209,0.9534841807909604,0,0.2849
14,0,20,0,3,5.0,0.007763975155279503,0.0,0.9750948863636364,0.5983465909090909,0.9623090909090908,0,0.2026
22,1,20,0,3,1.0,0.001589825119236884,0.10709635447710752,0.9761469273743016,0.5908648044692737,0.9510592178770948,1,0.1931
6,0,20,0,3,6.0,0.006437768240343348,0.07097221910953522,0.9577932203389832,0.7727412429378532,0.9548954802259888,1,0.929
14,0,20,0,3,4.0,0.004140786749482402,0.0434027761220932,0.9601118644067796,0.7691152542372881,0.9529186440677966,1,0.9566
22,1,20,0,3,4.0,0.003887269193391642,0.0,0.9582296511627908,0.8025308139534885,0.9455558139534884,0,0.6151
6,0,20,0,3,3.0,0.003051881993896236,0.0,0.970548275862069,0.7340936781609195,0.969635632183908,0,0.4874
14,0,20,0,3,4.0,0.004149377593360996,0.0,0.9679265536723164,0.677564406779661,0.9646892655367232,0,1.0
22,1,20,0,3,5.0,0.006765899864682003,0.0,0.9663485875706216,0.7424570621468926,0.9622666666666668,0,0.8029
6,1,20,0,0,2.0,0.002070393374741201,0.0,0.9714869318181818,0.7811892045454545,0.9603221590909092,0,0.8821
14,1,20,0,0,3.0,0.002898550724637681,0.0,0.9732103448275864,0.7720936781609196,0.9673367816091952,0,0.4787
22,2,20,0,0,4.0,0.004206098843322818,0.0,0.9726114285714286,0.7704497142857143,0.9543937142857144,0,0.8
6,1,20,0,0,2.0,0.0024271844660194173,0.0,0.9579948863636364,0.6420017045454546,0.9496204545454544,0,0.4583
14,1,20,0,0,5.0,0.006702412868632708,0.0,0.9595845714285716,0.6536731428571428,0.9767611428571428,0,0.7465
22,2,20,0,0,2.0,0.0025157232704402514,0.0,0.960858757062147,0.6334305084745763,0.9482943502824858,0,1.0
6,1,20,0,0,4.0,0.004347826086956522,0.0,0.9711568965517242,0.7715344827586208,0.9542132183908044,0,1.0
14,1,20,0,0,6.0,0.007792207792207792,0.0,0.9698011363636364,0.75509375,0.9680863636363636,0,1.0
22,2,20,0,0,3.0,0.003157894736842105,0.07364583015441895,0.9699949438202248,0.7404140449438202,0.9610904494382022,1,0.3352
6,1,20,0,1,3.0,0.003329633740288568,0.05354166775941849,0.9694767045454546,0.7222562499999999,0.9522732954545454,1,0.5754
14,1,20,0,1,5.0,0.005279831045406547,0.06711805611848831,0.970316384180791,0.7160909604519774,0.958379661016949,1,0.3459
22,2,20,0,1,5.0,0.0070126227208976155,0.0,0.9707780898876404,0.6486887640449438,0.9695876404494382,0,0.8403
6,1,20,0,1,2.0,0.002386634844868735,0.0,0.9605514124293784,0.6269536723163842,0.9538604519774012,0,0.3963
14,1,20,0,1,3.0,0.003989361702127659,0.0,0.961474431818182,0.6564625000000001,0.9428977272727272,0,0.7925
22,2,20,0,1,2.0,0.002785515320334262,0.10709635447710752,0.9596569832402236,0.6435245810055866,0.9638513966480448,3,0.3401
6,1,20,0,1,4.0,0.003925417075564278,0.0,0.965764,0.7633297142857142,0.9598091428571428,0,0.368
14,1,20,0,1,2.0,0.002280501710376283,0.0,0.961093220338983,0.7580553672316385,0.9796604519774011,0,0.4087
22,2,20,0,1,5.0,0.005030181086519115,0.058020833879709244,0.95955530726257,0.7858726256983241,0.97316312849162,2,0.942
6,1,20,0,2,2.0,0.001984126984126984,0.05781250074505806,0.9684011363636364,0.7713215909090909,0.9683693181818182,1,0.9422
14,1,20,0,2,5.0,0.005252100840336135,0.06197916716337204,0.9675180790960451,0.7758463276836158,0.9586621468926554,1,0.5663
22,2,20,0,2,5.0,0.005330490405117271,0.0,0.9660954545454546,0.7738732954545454,0.9695846590909092,0,1.0
6,1,20,0,2,6.0,0.007050528789659225,0.10709635447710752,0.9734926553672316,0.6269056497175142,0.955367231638418,1,0.8405
14,1,20,0,2,3.0,0.003821656050955414,0.10709635447710752,0.9717162921348316,0.6548410112359551,0.9551494382022472,1,0.3156
22,2,20,0,2,2.0,0.002642007926023778,0.0,0.9691514450867053,0.6074329479768786,0.9537063583815028,0,0.7817
6,1,20,0,2,6.0,0.005819592628516004,0.0,0.9558448863636364,0.7807528409090909,0.977555681818182,0,1.0
14,1,20,0,2,2.0,0.0019047619047619048,0.0,0.959408,0.7887599999999999,0.9514285714285714,0,1.0
22,2,20,0,2,5.0,0.005307855626326964,0.0,0.9592327485380115,0.7542111111111112,0.97113216374269,0,0.6156
6,1,20,0,3,3.0,0.0038510911424903724,0.10709635447710752,0.97625197740113,0.6071683615819209,0.9534841807909604,1,0.7512
14,1,20,0,3,5.0,0.006693440428380187,0.10709635447710752,0.9750948863636364,0.5983465909090909,0.9623090909090908,1,0.831
22,2,20,0,3,2.0,0.003194888178913738,0.0,0.9761469273743016,0.5908648044692737,0.9510592178770948,0,0.8112
6,1,20,0,3,4.0,0.0038095238095238095,0.0,0.9577932203389832,0.7727412429378532,0.9548954802259888,0,1.0
14,1,20,0,3,3.0,0.0029498525073746312,0.0,0.9601118644067796,0.7691152542372881,0.9529186440677966,0,0.6298
22,2,20,0,3,3.0,0.003076923076923077,0.0,0.9582296511627908,0.8025308139534885,0.9455558139534884,0,0.3872
6,1,20,0,3,3.0,0.0034802784222737818,0.0,0.970548275862069,0.7340936781609195,0.969635632183908,0,0.8294
14,1,20,0,3,6.0,0.007159904534606206,0.0,0.9679265536723164,0.677564406779661,0.9646892655367232,0,0.8607
22,2,20,0,3,5.0,0.0050200803212851405,0.0,0.9663485875706216,0.7424570621468926,0.9622666666666668,0,0.9241
6,2,20,0,0,2.0,0.0021253985122210413,0.0,0.9714869318181818,0.7811892045454545,0.9603221590909092,0,1.0
14,2,20,0,0,4.0,0.0040941658137154556,0.0,0.9732103448275864,0.7720936781609196,0.9673367816091952,0,1.0
22,3,20,0,0,5.0,0.004761904761904762,0.0,0.9726114285714286,0.7704497142857143,0.9543937142857144,0,1.0
6,2,20,0,0,4.0,0.004884004884004884,0.0,0.9579948863636364,0.6420017045454546,0.9496204545454544,0,0.4084
14,2,20,0,0,2.0,0.002728512960436562,0.0,0.9595845714285716,0.6536731428571428,0.9767611428571428,0,0.4953
22,3,20,0,0,4.0,0.004672897196261682,0.09361111372709274,0.960858757062147,0.6334305084745763,0.9482943502824858,1,0.9064
6,2,20,0,0,3.0,0.002857142857142857,0.0455208346247673,0.9711568965517242,0.7715344827586208,0.9542132183908044,1,0.9545
14,2,20,0,0,4.0,0.004250797024442083,0.060451388359069824,0.9698011363636364,0.75509375,0.9680863636363636,1,0.9395
22,3,20,0,0,5.0,0.005219206680584551,0.0,0.9699949438202248,0.7404140449438202,0.9610904494382022,0,0.7963
6,2,20,0,1,2.0,0.002583979328165375,0.0,0.9694767045454546,0.7222562499999999,0.9522732954545454,0,0.4846
14,2,20,0,1,2.0,0.0026595744680851063,0.0,0.970316384180791,0.7160909604519774,0.958379661016949,0,0.2713
22,3,20,0,1,5.0,0.005149330587023687,0.0,0.9707780898876404,0.6486887640449438,0.9695876404494382,0,0.821
6,2,20,0,1,2.0,0.0032102728731942215,0.10709635447710752,0.9605514124293784,0.6269536723163842,0.9538604519774012,3,0.4891
14,2,20,0,1,5.0,0.006802721088435374,0.10709635447710752,0.961474431818182,0.6564625000000001,0.9428977272727272,3,0.2368
22,3,20,0,1,3.0,0.0037831021437578815,0.0,0.9596569832402236,0.6435245810055866,0.9638513966480448,0,0.3896
6,2,20,0,1,2.0,0.0019047619047619048,0.037361111491918564,0.965764,0.7633297142857142,0.9598091428571428,2,0.3729
14,2,20,0,1,6.0,0.005714285714285714,0.046666666865348816,0.961093220338983,0.7580553672316385,0.9796604519774011,2,0.3893
22,3,20,0,1,4.0,0.003980099502487562,0.0,0.95955530726257,0.7858726256983241,0.97316312849162,0,1.0
6,2,20,0,2,5.0,0.004761904761904762,0.0,0.9684011363636364,0.7713215909090909,0.9683693181818182,0,0.8333
14,2,20,0,2,2.0,0.0019047619047619048,0.0,0.9675180790960451,0.7758463276836158,0.9586621468926554,0,1.0
22,3,20,0,2,5.0,0.005165289256198347,0.10709635447710752,0.9660954545454546,0.7738732954545454,0.9695846590909092,2,0.7179
6,2,20,0,2,5.0,0.006105006105006105,0.0,0.9734926553672316,0.6269056497175142,0.955367231638418,0,0.2176
14,2,20,0,2,3.0,0.004032258064516129,0.0,0.9717162921348316,0.6548410112359551,0.9551494382022472,0,0.9104
22,3,20,0,2,3.0,0.0037546933667083854,0.10709635447710752,0.9691514450867053,0.6074329479768786,0.9537063583815028,1,0.7858
6,2,20,0,2,4.0,0.004424778761061947,0.0,0.9558448863636364,0.7807528409090909,0.977555681818182,0,1.0
14,2,20,0,2,3.0,0.0032258064516129032,0.0,0.959408,0.7887599999999999,0.9514285714285714,0,0.9894
22,3,20,0,2,1.0,0.001017293997965412,0.0,0.9592327485380115,0.7542111111111112,0.97113216374269,0,0.3522
6,2,20,0,3,2.0,0.00243605359317905,0.0,0.97625197740113,0.6071683615819209,0.9534841807909604,0,1.0
14,2,20,0,3,4.0,0.005263157894736842,0.0,0.9750948863636364,0.5983465909090909,0.9623090909090908,0,0.722
22,3,20,0,3,4.0,0.006482982171799027,0.0,0.9761469273743016,0.5908648044692737,0.9510592178770948,0,0.2275
6,2,20,0,3,2.0,0.002105263157894737,0.0,0.9577932203389832,0.7727412429378532,0.9548954802259888,0,0.8009
14,2,20,0,3,4.0,0.004268943436499467,0.0,0.9601118644067796,0.7691152542372881,0.9529186440677966,0,1.0
22,3,20,0,3,4.0,0.004571428571428572,0.10709635447710752,0.9582296511627908,0.8025308139534885,0.9455558139534884,1,0.4102
6,2,20,0,3,4.0,0.0049504950495049506,0.0,0.970548275862069,0.7340936781609195,0.969635632183908,0,0.8933
14,2,20,0,3,4.0,0.004489337822671156,0.0,0.9679265536723164,0.677564406779661,0.9646892655367232,0,0.3641
22,3,20,0,3,3.0,0.003134796238244514,0.0,0.9663485875706216,0.7424570621468926,0.9622666666666668,0,0.75
6,3,20,0,0,6.0,0.005928853754940711,0.0,0.9714869318181818,0.7811892045454545,0.9603221590909092,0,0.7003
14,3,20,0,0,6.0,0.006674082313681869,0.0,0.9732103448275864,0.7720936781609196,0.9673367816091952,0,1.0
22,4,20,0,0,4.0,0.004044489383215369,0.10709635447710752,0.9726114285714286,0.7704497142857143,0.9543937142857144,1,0.8883
6,3,20,0,0,5.0,0.005834305717619603,0.10709635447710752,0.9579948863636364,0.6420017045454546,0.9496204545454544,1,0.7978
14,3,20,0,0,4.0,0.005547850208044383,0.06822916865348816,0.9595845714285716,0.6536731428571428,0.9767611428571428,1,0.9318
22,4,20,0,0,3.0,0.003694581280788177,0.0,0.960858757062147,0.6334305084745763,0.9482943502824858,0,0.6834
6,3,20,0,0,0.0,0.0,0.0,0.9711568965517242,0.7715344827586208,0.9542132183908044,0,0.0
14,3,20,0,0,2.0,0.0022727272727272726,0.0,0.9698011363636364,0.75509375,0.9680863636363636,0,0.6817
22,4,20,0,0,7.0,0.00902061855670103,0.08027777820825577,0.9699949438202248,0.7404140449438202,0.9610904494382022,1,0.4408
6,3,20,0,1,4.0,0.005089058524173028,0.0,0.9694767045454546,0.7222562499999999,0.9522732954545454,0,0.9822
14,3,20,0,1,3.0,0.003386004514672686,0.0,0.970316384180791,0.7160909604519774,0.958379661016949,0,0.6888
22,4,20,0,1,4.0,0.004530011325028313,0.10709635447710752,0.9707780898876404,0.6486887640449438,0.9695876404494382,1,0.2688
6,3,20,0,1,4.0,0.006482982171799027,0.0,0.9605514124293784,0.6269536723163842,0.9538604519774012,0,0.7475
14,3,20,0,1,6.0,0.008064516129032258,0.0,0.961474431818182,0.6564625000000001,0.9428977272727272,0,0.4583
22,4,20,0,1,2.0,0.0026109660574412533,0.07309027761220932,0.9596569832402236,0.6435245810055866,0.9638513966480448,2,0.6388
6,3,20,0,1,1.0,0.0009861932938856016,0.0,0.965764,0.7633297142857142,0.9598091428571428,0,0.2547
14,3,20,0,1,3.0,0.002857142857142857,0.0,0.961093220338983,0.7580553672316385,0.9796604519774011,0,1.0
22,4,20,0,1,7.0,0.006737247353224254,0.03368055447936058,0.95955530726257,0.7858726256983241,0.97316312849162,1,0.9663
6,3,20,0,2,3.0,0.003264417845484222,0.10709635447710752,0.9684011363636364,0.7713215909090909,0.9683693181818182,2,0.3067
14,3,20,0,2,6.0,0.006802721088435374,0.10709635447710752,0.9675180790960451,0.7758463276836158,0.9586621468926554,2,0.8332
22,4,20,0,2,6.0,0.006085192697768763,0.0,0.9660954545454546,0.7738732954545454,0.9695846590909092,0,1.0
6,3,20,0,2,3.0,0.004451038575667656,0.10709635447710752,0.9734926553672316,0.6269056497175142,0.955367231638418,1,0.2539
14,3,20,0,2,2.0,0.0025974025974025974,0.10709635447710752,0.9717162921348316,0.6548410112359551,0.9551494382022472,1,0.7414
22,4,20,0,2,6.0,0.006711409395973154,0.10709635447710752,0.9691514450867053,0.6074329479768786,0.9537063583815028,1,0.8344
6,3,20,0,2,4.0,0.004333694474539545,0.0,0.9558448863636364,0.7807528409090909,0.977555681818182,0,1.0
14,3,20,0,2,4.0,0.0040609137055837565,0.0,0.959408,0.7887599999999999,0.9514285714285714,0,0.8
22,4,20,0,2,4.0,0.0038095238095238095,0.0,0.9592327485380115,0.7542111111111112,0.97113216374269,0,0.5129
6,3,20,0,3,6.0,0.008968609865470852,0.0,0.97625197740113,0.6071683615819209,0.9534841807909604,0,0.338
14,3,20,0,3,4.0,0.005249343832020997,0.0,0.9750948863636364,0.5983465909090909,0.9623090909090908,0,0.8676
22,4,20,0,3,3.0,0.004166666666666667,0.0,0.9761469273743016,0.5908648044692737,0.9510592178770948,0,0.4787
6,3,20,0,3,2.0,0.0021691973969631237,0.1020486131310463,0.9577932203389832,0.7727412429378532,0.9548954802259888,1,0.898
14,3,20,0,3,4.0,0.004550625711035267,0.10709635447710752,0.9601118644067796,0.7691152542372881,0.9529186440677966,1,0.8404
22,4,20,0,3,5.0,0.004975124378109453,0.10709635447710752,0.9582296511627908,0.8025308139534885,0.9455558139534884,1,0.6002
6,3,20,0,3,6.0,0.006122448979591836,0.0,0.970548275862069,0.7340936781609195,0.969635632183908,0,0.8078
14,3,20,0,3,3.0,0.003003003003003003,0.0,0.9679265536723164,0.677564406779661,0.9646892655367232,0,0.3906
22,4,20,0,3,6.0,0.007211538461538462,0.0,0.9663485875706216,0.7424570621468926,0.9622666666666668,0,0.7182
6,4,20,0,0,3.0,0.0030581039755351682,0.05885416641831398,0.9714869318181818,0.7811892045454545,0.9603221590909092,1,0.9411
14,4,20,0,0,4.0,0.00411522633744856,0.09524305909872055,0.9732103448275864,0.7720936781609196,0.9673367816091952,1,0.6359
22,5,20,1,0,7.0,0.006666666666666667,0.07586805522441864,0.9726114285714286,0.7704497142857143,0.9543937142857144,1,0.9241
6,4,20,0,0,3.0,0.00390625,0.0,0.9579948863636364,0.6420017045454546,0.9496204545454544,0,0.6627
14,4,20,0,0,2.0,0.0028368794326241137,0.0,0.9595845714285716,0.6536731428571428,0.9767611428571428,0,0.424
22,5,20,1,0,3.0,0.004424778761061947,0.0,0.960858757062147,0.6334305084745763,0.9482943502824858,0,0.3748
6,4,20,0,0,2.0,0.001953125,0.10709635447710752,0.9711568965517242,0.7715344827586208,0.9542132183908044,1,0.887
14,4,20,0,0,2.0,0.002205071664829107,0.10709635447710752,0.9698011363636364,0.75509375,0.9680863636363636,1,0.8599
22,5,20,1,0,6.0,0.00644468313641246,0.02656250074505806,0.9699949438202248,0.7404140449438202,0.9610904494382022,1,0.7474
6,4,20,0,1,3.0,0.003409090909090909,0.10709635447710752,0.9694767045454546,0.7222562499999999,0.9522732954545454,1,0.8057
14,4,20,0,1,2.0,0.0021119324181626186,0.10709635447710752,0.970316384180791,0.7160909604519774,0.958379661016949,1,0.8019
22,5,20,1,1,2.0,0.0022123893805309734,0.0,0.9707780898876404,0.6486887640449438,0.9695876404494382,0,0.5848
6,4,20,0,1,4.0,0.006024096385542169,0.10709635447710752,0.9605514124293784,0.6269536723163842,0.9538604519774012,2,0.6078
14,4,20,0,1,6.0,0.008571428571428572,0.10709635447710752,0.961474431818182,0.6564625000000001,0.9428977272727272,2,0.8125
22,5,20,1,1,5.0,0.006112469437652812,0.0,0.9596569832402236,0.6435245810055866,0.9638513966480448,0,1.0
6,4,20,0,1,3.0,0.003367003367003367,0.05017361044883728,0.965764,0.7633297142857142,0.9598091428571428,1,0.6054
14,4,20,0,1,3.0,0.002857142857142857,0.06753472238779068,0.961093220338983,0.7580553672316385,0.9796604519774011,1,0.832
22,5,20,1,1,3.0,0.003009027081243731,0.0,0.95955530726257,0.7858726256983241,0.97316312849162,0,0.2176
6,4,20,0,2,2.0,0.002145922746781116,0.0,0.9684011363636364,0.7713215909090909,0.9683693181818182,0,0.6667
14,4,20,0,2,4.0,0.003933136676499509,0.0,0.9675180790960451,0.7758463276836158,0.9586621468926554,0,1.0
22,5,20,1,2,4.0,0.00425531914893617,0.0,0.9660954545454546,0.7738732954545454,0.9695846590909092,0,0.2947
6,4,20,0,2,3.0,0.0034403669724770644,0.10709635447710752,0.9734926553672316,0.6269056497175142,0.955367231638418,1,0.8738
14,4,20,0,2,4.0,0.0048721071863581,0.10709635447710752,0.9717162921348316,0.6548410112359551,0.9551494382022472,1,0.5303
22,5,20,1,2,3.0,0.003911342894393742,0.0,0.9691514450867053,0.6074329479768786,0.9537063583815028,0,0.3073
6,4,20,0,2,3.0,0.003218884120171674,0.0,0.9558448863636364,0.7807528409090909,0.977555681818182,0,0.5058
14,4,20,0,2,3.0,0.0029154518950437317,0.0,0.959408,0.7887599999999999,0.9514285714285714,0,1.0
22,5,20,1,2,1.0,0.0009523809523809524,0.0,0.9592327485380115,0.7542111111111112,0.97113216374269,0,1.0
6,4,20,0,3,6.0,0.009345794392523364,0.0,0.97625197740113,0.6071683615819209,0.9534841807909604,0,0.8622
14,4,20,0,3,4.0,0.005641748942172073,0.0,0.9750948863636364,0.5983465909090909,0.9623090909090908,0,0.4074
22,5,20,1,3,5.0,0.005917159763313609,0.0,0.9761469273743016,0.5908648044692737,0.9510592178770948,0,0.997
6,4,20,0,3,3.0,0.0030303030303030303,0.10709635447710752,0.9577932203389832,0.7727412429378532,0.9548954802259888,1,0.7177
14,4,20,0,3,5.0,0.004761904761904762,0.10709635447710752,0.9601118644067796,0.7691152542372881,0.9529186440677966,1,0.7139
22,5,20,1,3,7.0,0.0072992700729927005,0.0,0.9582296511627908,0.8025308139534885,0.9455558139534884,0,1.0
6,4,20,0,3,3.0,0.003089598352214212,0.0,0.970548275862069,0.7340936781609195,0.969635632183908,0,1.0
14,4,20,0,3,4.0,0.004842615012106538,0.0,0.9679265536723164,0.677564406779661,0.9646892655367232,0,0.3088
22,5,20,1,3,1.0,0.001326259946949602,0.10709635447710752,0.9663485875706216,0.7424570621468926,0.9622666666666668,1,0.3074
6,5,20,1,0,3.0,0.002857142857142857,0.10545139014720917,0.9714869318181818,0.7811892045454545,0.9603221590909092,1,0.5297
14,5,20,1,0,2.0,0.0019047619047619048,0.10709635447710752,0.9732103448275864,0.7720936781609196,0.9673367816091952,1,0.8927
22,6,20,1,0,2.0,0.0019047619047619048,0.0,0.9726114285714286,0.7704497142857143,0.9543937142857144,0,0.4145
6,5,20,1,0,4.0,0.005532503457814661,0.0,0.9579948863636364,0.6420017045454546,0.9496204545454544,0,0.2111
14,5,20,1,0,5.0,0.006613756613756613,0.0,0.9595845714285716,0.6536731428571428,0.9767611428571428,0,0.7056
22,6,20,1,0,5.0,0.006596306068601583,0.10709635447710752,0.960858757062147,0.6334305084745763,0.9482943502824858,1,0.5609
6,5,20,1,0,2.0,0.0019047619047619048,0.03715277835726738,0.9711568965517242,0.7715344827586208,0.9542132183908044,1,0.9628
14,5,20,1,0,3.0,0.003432494279176201,0.03756944462656975,0.9698011363636364,0.75509375,0.9680863636363636,1,0.4861
22,6,20,1,0,2.0,0.0019569471624266144,0.0,0.9699949438202248,0.7404140449438202,0.9610904494382022,0,0.5503
6,5,20,1,1,6.0,0.0066815144766146995,0.0,0.9694767045454546,0.7222562499999999,0.9522732954545454,0,0.8144
14,5,20,1,1,2.0,0.002034587995930824,0.0,0.970316384180791,0.7160909604519774,0.958379661016949,0,0.9417
22,6,20,1,1,3.0,0.003740648379052369,0.0,0.9707780898876404,0.6486887640449438,0.9695876404494382,0,0.3255
6,5,20,1,1,3.0,0.003500583430571762,0.0,0.9605514124293784,0.6269536723163842,0.9538604519774012,0,0.6061
14,5,20,1,1,2.0,0.0025906735751295338,0.0,0.961474431818182,0.6564625000000001,0.9428977272727272,0,0.2737
22,6,20,1,1,3.0,0.004347826086956522,0.10709635447710752,0.9596569832402236,0.6435245810055866,0.9638513966480448,1,0.2362
6,5,20,1,1,6.0,0.005714285714285714,0.0,0.965764,0.7633297142857142,0.9598091428571428,0,0.338
14,5,20,1,1,5.0,0.004995004995004995,0.0,0.961093220338983,0.7580553672316385,0.9796604519774011,0,0.9812
22,6,20,1,1,1.0,0.0009523809523809524,0.0,0.95955530726257,0.7858726256983241,0.97316312849162,0,0.9902
6,5,20,1,2,5.0,0.005170630816959669,0.0,0.9684011363636364,0.7713215909090909,0.9683693181818182,0,0.322
14,5,20,1,2,5.0,0.00508130081300813,0.0,0.9675180790960451,0.7758463276836158,0.9586621468926554,0,0.6755
22,6,20,1,2,5.0,0.004945598417408506,0.0,0.9660954545454546,0.7738732954545454,0.9695846590909092,0,0.6498
6,5,20,1,2,2.0,0.002583979328165375,0.0,0.9734926553672316,0.6269056497175142,0.955367231638418,0,0.3303
14,5,20,1,2,4.0,0.00516795865633075,0.0,0.9717162921348316,0.6548410112359551,0.9551494382022472,0,0.398
22,6,20,1,2,6.0,0.007712082262210797,0.0,0.9691514450867053,0.6074329479768786,0.9537063583815028,0,0.9379
6,5,20,1,2,6.0,0.005758157389635317,0.0,0.9558448863636364,0.7807528409090909,0.977555681818182,0,1.0
14,5,20,1,2,2.0,0.0020470829068577278,0.0,0.959408,0.7887599999999999,0.9514285714285714,0,0.5
22,6,20,1,2,4.0,0.003933136676499509,0.0,0.9592327485380115,0.7542111111111112,0.97113216374269,0,0.5456
6,5,20,1,3,2.0,0.0025974025974025974,0.0,0.97625197740113,0.6071683615819209,0.9534841807909604,0,0.2922
14,5,20,1,3,6.0,0.007662835249042145,0.0,0.9750948863636364,0.5983465909090909,0.9623090909090908,0,0.2626
22,6,20,1,3,6.0,0.008862629246676515,0.040243055671453476,0.9761469273743016,0.5908648044692737,0.9510592178770948,1,0.6998
6,5,20,1,3,6.0,0.005842259006815969,0.0,0.9577932203389832,0.7727412429378532,0.9548954802259888,0,0.4604
14,5,20,1,3,4.0,0.004077471967380225,0.0,0.9601118644067796,0.7691152542372881,0.9529186440677966,0,0.8192
22,6,20,1,3,5.0,0.004761904761904762,0.0,0.9582296511627908,0.8025308139534885,0.9455558139534884,0,1.0
6,5,20,1,3,3.0,0.0034129692832764505,0.10709635447710752,0.970548275862069,0.7340936781609195,0.969635632183908,1,0.8498
14,5,20,1,3,2.0,0.0023752969121140144,0.10709635447710752,0.9679265536723164,0.677564406779661,0.9646892655367232,1,0.2682
22,6,20,1,3,4.0,0.00411522633744856,0.10709635447710752,0.9663485875706216,0.7424570621468926,0.9622666666666668,2,0.3689
6,6,20,1,0,2.0,0.001953125,0.0,0.9714869318181818,0.7811892045454545,0.9603221590909092,0,0.4864
14,6,20,1,0,2.0,0.00202020202020202,0.0,0.9732103448275864,0.7720936781609196,0.9673367816091952,0,1.0
22,0,21,0,0,5.0,0.004859086491739553,0.0,0.9726114285714286,0.7704497142857143,0.9543937142857144,0,0.766
6,6,20,1,0,6.0,0.009188361408882083,0.10709635447710752,0.9579948863636364,0.6420017045454546,0.9496204545454544,1,0.7782
14,6,20,1,0,5.0,0.007072135785007072,0.10709635447710752,0.9595845714285716,0.6536731428571428,0.9767611428571428,1,0.8169
22,0,21,0,0,8.0,0.011461318051575931,0.04538194462656975,0.960858757062147,0.6334305084745763,0.9482943502824858,1,0.5147
6,6,20,1,0,4.0,0.004246284501061571,0.0,0.9711568965517242,0.7715344827586208,0.9542132183908044,0,0.3657
14,6,20,1,0,3.0,0.002967359050445104,0.0,0.9698011363636364,0.75509375,0.9680863636363636,0,1.0
22,0,21,0,0,7.0,0.007709251101321586,0.0,0.9699949438202248,0.7404140449438202,0.9610904494382022,0,0.9834
6,6,20,1,1,6.0,0.006944444444444444,0.0,0.9694767045454546,0.7222562499999999,0.9522732954545454,0,0.8316
14,6,20,1,1,2.0,0.002254791431792559,0.0,0.970316384180791,0.7160909604519774,0.958379661016949,0,0.3166
22,0,21,0,1,6.0,0.0072992700729927005,0.0,0.9707780898876404,0.6486887640449438,0.9695876404494382,0,1.0
6,6,20,1,1,5.0,0.008403361344537815,0.10709635447710752,0.9605514124293784,0.6269536723163842,0.9538604519774012,1,0.5359
14,6,20,1,1,6.0,0.0076726342710997444,0.10709635447710752,0.961474431818182,0.6564625000000001,0.9428977272727272,1,0.7247
22,0,21,0,1,2.0,0.0030721966205837174,0.0,0.9596569832402236,0.6435245810055866,0.9638513966480448,0,0.2954
6,6,20,1,1,5.0,0.004775549188156638,0.0,0.965764,0.7633297142857142,0.9598091428571428,0,1.0
14,6,20,1,1,4.0,0.0038095238095238095,0.0,0.961093220338983,0.7580553672316385,0.9796604519774011,0,0.4113
22,0,21,0,1,2.0,0.0019047619047619048,0.0,0.95955530726257,0.7858726256983241,0.97316312849162,0,1.0
6,6,20,1,2,3.0,0.0029469548133595285,0.0,0.9684011363636364,0.7713215909090909,0.9683693181818182,0,1.0
14,6,20,1,2,3.0,0.0030737704918032786,0.0,0.9675180790960451,0.7758463276836158,0.9586621468926554,0,0.75
22,0,21,0,2,3.0,0.002857142857142857,0.061423610895872116,0.9660954545454546,0.7738732954545454,0.9695846590909092,2,0.9386
6,6,20,1,2,3.0,0.0034762456546929316,0.0,0.9734926553672316,0.6269056497175142,0.955367231638418,0,0.5584
14,6,20,1,2,2.0,0.0025188916876574307,0.0,0.9717162921348316,0.6548410112359551,0.9551494382022472,0,0.2467
22,0,21,0,2,3.0,0.004291845493562232,0.0,0.9691514450867053,0.6074329479768786,0.9537063583815028,0,0.4959
6,6,20,1,2,2.0,0.0019665683382497543,0.0,0.9558448863636364,0.7807528409090909,0.977555681818182,0,1.0
14,6,20,1,2,2.0,0.0021141649048625794,0.0,0.959408,0.7887599999999999,0.9514285714285714,0,0.8337
22,0,21,0,2,4.0,0.0038095238095238095,0.04635416716337204,0.9592327485380115,0.7542111111111112,0.97113216374269,1,0.9536
6,6,20,1,3,6.0,0.008097165991902834,0.08305555582046509,0.97625197740113,0.6071683615819209,0.9534841807909604,1,0.2403
14,6,20,1,3,4.0,0.005305039787798408,0.1059027761220932,0.9750948863636364,0.5983465909090909,0.9623090909090908,1,0.8941
22,0,21,0,3,3.0,0.0046875,0.0,0.9761469273743016,0.5908648044692737,0.9510592178770948,0,0.1633
14,6,20,1,3,2.0,0.0024691358024691358,0.0,0.9601118644067796,0.7691152542372881,0.9529186440677966,0,0.7692
22,0,21,0,3,4.0,0.0038095238095238095,0.0,0.9582296511627908,0.8025308139534885,0.9455558139534884,0,1.0
6,6,20,1,3,5.0,0.0050916496945010185,0.10709635447710752,0.970548275862069,0.7340936781609195,0.969635632183908,2,0.8838
14,6,20,1,3,2.0,0.002257336343115124,0.10709635447710752,0.9679265536723164,0.677564406779661,0.9646892655367232,2,0.5224
22,0,21,0,3,1.0,0.0011614401858304297,0.04694444313645363,0.9663485875706216,0.7424570621468926,0.9622666666666668,1,0.5869
6,0,21,0,0,6.0,0.006091370558375634,0.0,0.9714869318181818,0.7811892045454545,0.9603221590909092,0,0.4306
14,0,21,0,0,2.0,0.0019047619047619048,0.0,0.9732103448275864,0.7720936781609196,0.9673367816091952,0,0.9829
22,1,21,0,0,3.0,0.002857142857142857,0.04854166507720947,0.9726114285714286,0.7704497142857143,0.9543937142857144,1,0.8226
6,0,21,0,0,3.0,0.004,0.10709635447710752,0.9579948863636364,0.6420017045454546,0.9496204545454544,1,0.475
14,0,21,0,0,5.0,0.006765899864682003,0.09583333134651184,0.9595845714285716,0.6536731428571428,0.9767611428571428,1,0.4762
22,1,21,0,0,0.0,0.0,0.10709635447710752,0.960858757062147,0.6334305084745763,0.9482943502824858,2,0.0
6,0,21,0,0,5.0,0.0055309734513274336,0.0,0.9711568965517242,0.7715344827586208,0.9542132183908044,0,0.8266
14,0,21,0,0,2.0,0.001953125,0.0,0.9698011363636364,0.75509375,0.9680863636363636,0,0.3964
22,1,21,0,0,7.0,0.007478632478632479,0.0,0.9699949438202248,0.7404140449438202,0.9610904494382022,0,0.7439
6,0,21,0,1,4.0,0.004944375772558714,0.0,0.9694767045454546,0.7222562499999999,0.9522732954545454,0,0.7683
14,0,21,0,1,3.0,0.0035885167464114833,0.0,0.970316384180791,0.7160909604519774,0.958379661016949,0,0.6
22,1,21,0,1,4.0,0.005154639175257732,0.10409722477197647,0.9707780898876404,0.6486887640449438,0.9695876404494382,1,0.8959
6,0,21,0,1,6.0,0.006818181818181818,0.0,0.9605514124293784,0.6269536723163842,0.9538604519774012,0,1.0
14,0,21,0,1,4.0,0.005208333333333333,0.0,0.961474431818182,0.6564625000000001,0.9428977272727272,0,0.6931
22,1,21,0,1,3.0,0.004070556309362279,0.0,0.9596569832402236,0.6435245810055866,0.9638513966480448,0,0.299
6,0,21,0,1,4.0,0.003929273084479371,0.0,0.965764,0.7633297142857142,0.9598091428571428,0,1.0
14,0,21,0,1,2.0,0.0021668472372697724,0.0,0.961093220338983,0.7580553672316385,0.9796604519774011,0,0.4727
22,1,21,0,1,2.0,0.0021164021164021165,0.0,0.95955530726257,0.7858726256983241,0.97316312849162,0,0.6162
6,0,21,0,2,4.0,0.0038095238095238095,0.06937500089406967,0.9684011363636364,0.7713215909090909,0.9683693181818182,2,0.9306
14,0,21,0,2,4.0,0.0038095238095238095,0.06013888865709305,0.9675180790960451,0.7758463276836158,0.9586621468926554,2,0.9399
22,1,21,0,2,5.0,0.0048216007714561235,0.0,0.9660954545454546,0.7738732954545454,0.9695846590909092,0,0.6355
6,0,21,0,2,3.0,0.004470938897168405,0.0,0.9734926553672316,0.6269056497175142,0.955367231638418,0,0.4508
14,0,21,0,2,2.0,0.002457002457002457,0.0,0.9717162921348316,0.6548410112359551,0.9551494382022472,0,0.2792
22,1,21,0,2,2.0,0.0022371364653243847,0.0,0.9691514450867053,0.6074329479768786,0.9537063583815028,0,0.6876
6,0,21,0,2,4.0,0.0038095238095238095,0.0607638880610466,0.9558448863636364,0.7807528409090909,0.977555681818182,1,0.9392
14,0,21,0,2,4.0,0.00468384074941452,0.08180555701255798,0.959408,0.7887599999999999,0.9514285714285714,1,0.3763
22,1,21,0,2,1.0,0.0010787486515641855,0.023680554702878,0.9592327485380115,0.7542111111111112,0.97113216374269,1,0.9763
6,0,21,0,3,5.0,0.007267441860465116,0.0,0.97625197740113,0.6071683615819209,0.9534841807909604,0,0.8366
14,0,21,0,3,4.0,0.006339144215530904,0.0,0.9750948863636364,0.5983465909090909,0.9623090909090908,0,0.4533
22,1,21,0,3,3.0,0.004702194357366771,0.0,0.9761469273743016,0.5908648044692737,0.9510592178770948,0,0.6907
6,0,21,0,3,3.0,0.0031779661016949155,0.0,0.9577932203389832,0.7727412429378532,0.9548954802259888,0,0.2743
14,0,21,0,3,3.0,0.0034129692832764505,0.0,0.9601118644067796,0.7691152542372881,0.9529186440677966,0,0.89
22,1,21,0,3,5.0,0.004945598417408506,0.0,0.9582296511627908,0.8025308139534885,0.9455558139534884,0,0.8333
6,0,21,0,3,2.0,0.0019550342130987292,0.051874998956918716,0.970548275862069,0.7340936781609195,0.969635632183908,1,0.9481
14,0,21,0,3,2.0,0.0021810250817884407,0.043958332389593124,0.9679265536723164,0.677564406779661,0.9646892655367232,1,0.7301
22,1,21,0,3,4.0,0.0045871559633027525,0.0,0.9663485875706216,0.7424570621468926,0.9622666666666668,0,1.0
6,1,21,0,0,3.0,0.002881844380403458,0.06333333253860474,0.9714869318181818,0.7811892045454545,0.9603221590909092,1,0.617
14,1,21,0,0,4.0,0.0041841004184100415,0.05666666850447655,0.9732103448275864,0.7720936781609196,0.9673367816091952,1,0.2785
22,2,21,0,0,2.0,0.0019047619047619048,0.023645833134651184,0.9726114285714286,0.7704497142857143,0.9543937142857144,1,0.6756
6,1,21,0,0,6.0,0.00823045267489712,0.10709635447710752,0.9579948863636364,0.6420017045454546,0.9496204545454544,2,0.6947
14,1,21,0,0,3.0,0.004178272980501393,0.10709635447710752,0.9595845714285716,0.6536731428571428,0.9767611428571428,2,0.4952
22,2,21,0,0,5.0,0.0063532401524777635,0.0,0.960858757062147,0.6334305084745763,0.9482943502824858,0,0.3569
6,1,21,0,0,6.0,0.007272727272727273,0.0,0.9711568965517242,0.7715344827586208,0.9542132183908044,0,1.0
14,1,21,0,0,4.0,0.003887269193391642,0.0,0.9698011363636364,0.75509375,0.9680863636363636,0,0.373
22,2,21,0,0,0.0,0.0,0.0,0.9699949438202248,0.7404140449438202,0.9610904494382022,0,0.4016
6,1,21,0,1,5.0,0.005482456140350877,0.10709635447710752,0.9694767045454546,0.7222562499999999,0.9522732954545454,1,0.8022
14,1,21,0,1,2.0,0.0021390374331550803,0.10709635447710752,0.970316384180791,0.7160909604519774,0.958379661016949,1,0.5739
22,2,21,0,1,6.0,0.009077155824508321,0.0,0.9707780898876404,0.6486887640449438,0.9695876404494382,0,0.6227
6,1,21,0,1,3.0,0.004120879120879121,0.0,0.9605514124293784,0.6269536723163842,0.9538604519774012,0,0.797
14,1,21,0,1,6.0,0.008130081300813009,0.0,0.961474431818182,0.6564625000000001,0.9428977272727272,0,0.4843
22,2,21,0,1,1.0,0.0012610340479192938,0.0,0.9596569832402236,0.6435245810055866,0.9638513966480448,0,0.9472
6,1,21,0,1,4.0,0.0041753653444676405,0.0,0.965764,0.7633297142857142,0.9598091428571428,0,0.3719
14,1,21,0,1,3.0,0.00322234156820623,0.0,0.961093220338983,0.7580553672316385,0.9796604519774011,0,0.2764
22,2,21,0,1,5.0,0.005070993914807302,0.0,0.95955530726257,0.7858726256983241,0.97316312849162,0,0.8018
6,1,21,0,2,6.0,0.005714285714285714,0.0,0.9684011363636364,0.7713215909090909,0.9683693181818182,0,0.5888
14,1,21,0,2,4.0,0.004366812227074236,0.0,0.9675180790960451,0.7758463276836158,0.9586621468926554,0,0.4577
22,2,21,0,2,3.0,0.003246753246753247,0.10709635447710752,0.9660954545454546,0.7738732954545454,0.9695846590909092,1,0.2125
6,1,21,0,2,5.0,0.006747638326585695,0.0,0.9734926553672316,0.6269056497175142,0.955367231638418,0,0.7366
14,1,21,0,2,4.0,0.004314994606256742,0.0,0.9717162921348316,0.6548410112359551,0.9551494382022472,0,0.8
22,2,21,0,2,2.0,0.00267379679144385,0.0,0.9691514450867053,0.6074329479768786,0.9537063583815028,0,0.5155
6,1,21,0,2,2.0,0.0020429009193054137,0.010625000111758709,0.9558448863636364,0.7807528409090909,0.977555681818182,1,0.6571
14,1,21,0,2,2.0,0.0019193857965451055,0.020034722983837128,0.959408,0.7887599999999999,0.9514285714285714,1,0.98
22,2,21,0,2,5.0,0.004761904761904762,0.0,0.9592327485380115,0.7542111111111112,0.97113216374269,0,1.0
6,1,21,0,3,2.0,0.0031397174254317113,0.0,0.97625197740113,0.6071683615819209,0.9534841807909604,0,0.7708
14,1,21,0,3,6.0,0.009009009009009009,0.0,0.9750948863636364,0.5983465909090909,0.9623090909090908,0,0.7583
22,2,21,0,3,3.0,0.004411764705882353,0.0,0.9761469273743016,0.5908648044692737,0.9510592178770948,0,0.6991
6,1,21,0,3,3.0,0.003125,0.0,0.9577932203389832,0.7727412429378532,0.9548954802259888,0,0.777
14,1,21,0,3,2.0,0.0022753128555176336,0.0,0.9601118644067796,0.7691152542372881,0.9529186440677966,0,0.7697
22,2,21,0,3,3.0,0.002857142857142857,0.10709635447710752,0.9582296511627908,0.8025308139534885,0.9455558139534884,1,0.7825
6,1,21,0,3,4.0,0.0049079754601227,0.0,0.970548275862069,0.7340936781609195,0.969635632183908,0,0.6447
14,1,21,0,3,2.0,0.002152852529601722,0.0,0.9679265536723164,0.677564406779661,0.9646892655367232,0,0.6667
22,2,21,0,3,3.0,0.0033707865168539327,0.10709635447710752,0.9663485875706216,0.7424570621468926,0.9622666666666668,1,0.4669
6,2,21,0,0,2.0,0.0019047619047619048,0.04826388880610466,0.9714869318181818,0.7811892045454545,0.9603221590909092,1,0.2549
14,2,21,0,0,2.0,0.002254791431792559,0.02361111156642437,0.9732103448275864,0.7720936781609196,0.9673367816091952,1,0.469
22,3,21,0,0,4.0,0.0038095238095238095,0.0,0.9726114285714286,0.7704497142857143,0.9543937142857144,0,0.3219
6,2,21,0,0,5.0,0.0063371356147021544,0.0,0.9579948863636364,0.6420017045454546,0.9496204545454544,0,0.6507
14,2,21,0,0,6.0,0.0076045627376425855,0.0,0.9595845714285716,0.6536731428571428,0.9767611428571428,0,1.0
22,3,21,0,0,5.0,0.005405405405405406,0.0,0.960858757062147,0.6334305084745763,0.9482943502824858,0,0.4519
6,2,21,0,0,2.0,0.0020964360587002098,0.0,0.9711568965517242,0.7715344827586208,0.9542132183908044,0,0.5018
14,2,21,0,0,4.0,0.00398406374501992,0.0,0.9698011363636364,0.75509375,0.9680863636363636,0,0.3992
22,3,21,0,0,4.0,0.004479283314669653,0.0,0.9699949438202248,0.7404140449438202,0.9610904494382022,0,0.3569
6,2,21,0,1,4.0,0.0041797283176593526,0.0,0.9694767045454546,0.7222562499999999,0.9522732954545454,0,0.2755
14,2,21,0,1,6.0,0.006968641114982578,0.0,0.970316384180791,0.7160909604519774,0.958379661016949,0,0.3202
22,3,21,0,1,2.0,0.0024067388688327317,0.0,0.9707780898876404,0.6486887640449438,0.9695876404494382,0,0.4735
6,2,21,0,1,2.0,0.002849002849002849,0.0,0.9605514124293784,0.6269536723163842,0.9538604519774012,0,0.6971
14,2,21,0,1,6.0,0.006741573033707865,0.0,0.961474431818182,0.6564625000000001,0.9428977272727272,0,1.0
22,3,21,0,1,6.0,0.009375,0.04590277746319771,0.9596569832402236,0.6435245810055866,0.9638513966480448,1,0.7858
6,2,21,0,1,2.0,0.002034587995930824,0.0,0.965764,0.7633297142857142,0.9598091428571428,0,0.8888
14,2,21,0,1,2.0,0.002207505518763797,0.0,0.961093220338983,0.7580553672316385,0.9796604519774011,0,0.52
22,3,21,0,1,4.0,0.0038095238095238095,0.0,0.95955530726257,0.7858726256983241,0.97316312849162,0,0.7721
6,2,21,0,2,2.0,0.0019047619047619048,0.10709635447710752,0.9684011363636364,0.7713215909090909,0.9683693181818182,1,0.5604
14,2,21,0,2,3.0,0.0030643513789581204,0.09631944447755814,0.9675180790960451,0.7758463276836158,0.9586621468926554,1,0.9037
22,3,21,0,2,3.0,0.002857142857142857,0.0,0.9660954545454546,0.7738732954545454,0.9695846590909092,0,0.6829
6,2,21,0,2,3.0,0.004,0.0,0.9734926553672316,0.6269056497175142,0.955367231638418,0,1.0
14,2,21,0,2,3.0,0.004464285714285714,0.0,0.9717162921348316,0.6548410112359551,0.9551494382022472,0,0.5392
22,3,21,0,2,3.0,0.003575685339690107,0.0,0.9691514450867053,0.6074329479768786,0.9537063583815028,0,0.75
6,2,21,0,2,4.0,0.0038095238095238095,0.0,0.9558448863636364,0.7807528409090909,0.977555681818182,0,0.673
14,2,21,0,2,6.0,0.006369426751592357,0.0,0.959408,0.7887599999999999,0.9514285714285714,0,0.9364
22,3,21,0,2,2.0,0.0019047619047619048,0.0,0.9592327485380115,0.7542111111111112,0.97113216374269,0,0.8097
6,2,21,0,3,2.0,0.0028653295128939827,0.0,0.97625197740113,0.6071683615819209,0.9534841807909604,0,0.6987
14,2,21,0,3,5.0,0.00697350069735007,0.0,0.9750948863636364,0.5983465909090909,0.9623090909090908,0,0.3739
22,3,21,0,3,4.0,0.005249343832020997,0.0,0.9761469273743016,0.5908648044692737,0.9510592178770948,0,0.4151
6,2,21,0,3,2.0,0.0019342359767891683,0.10709635447710752,0.9577932203389832,0.7727412429378532,0.9548954802259888,1,0.825
14,2,21,0,3,4.0,0.004944375772558714,0.10709635447710752,0.9601118644067796,0.7691152542372881,0.9529186440677966,1,0.5727
22,3,21,0,3,2.0,0.0020833333333333333,0.0,0.9582296511627908,0.8025308139534885,0.9455558139534884,0,0.6667
6,2,21,0,3,3.0,0.0033632286995515697,0.10709635447710752,0.970548275862069,0.7340936781609195,0.969635632183908,1,0.7614
14,2,21,0,3,2.0,0.002306805074971165,0.10709635447710752,0.9679265536723164,0.677564406779661,0.9646892655367232,1,0.7286
22,3,21,0,3,4.0,0.004419889502762431,0.0,0.9663485875706216,0.7424570621468926,0.9622666666666668,0,0.2971
6,3,21,0,0,3.0,0.00331858407079646,0.0,0.9714869318181818,0.7811892045454545,0.9603221590909092,0,0.6497
14,3,21,0,0,3.0,0.002857142857142857,0.0,0.9732103448275864,0.7720936781609196,0.9673367816091952,0,0.7853
22,4,21,0,0,3.0,0.002857142857142857,0.0,0.9726114285714286,0.7704497142857143,0.9543937142857144,0,0.653
6,3,21,0,0,4.0,0.005148005148005148,0.0,0.9579948863636364,0.6420017045454546,0.9496204545454544,0,0.2342
14,3,21,0,0,3.0,0.0035419126328217238,0.0,0.9595845714285716,0.6536731428571428,0.9767611428571428,0,0.3006
22,4,21,0,0,4.0,0.005797101449275362,0.0,0.960858757062147,0.6334305084745763,0.9482943502824858,0,0.3208
6,3,21,0,0,6.0,0.006615214994487321,0.0,0.9711568965517242,0.7715344827586208,0.9542132183908044,0,1.0
14,3,21,0,0,4.0,0.004750593824228029,0.0,0.9698011363636364,0.75509375,0.9680863636363636,0,0.8607
22,4,21,0,0,5.0,0.006345177664974619,0.0,0.9699949438202248,0.7404140449438202,0.9610904494382022,0,0.255
6,3,21,0,1,6.0,0.007416563658838072,0.0,0.9694767045454546,0.7222562499999999,0.9522732954545454,0,0.7318
14,3,21,0,1,2.0,0.00228310502283105,0.0,0.970316384180791,0.7160909604519774,0.958379661016949,0,1.0
22,4,21,0,1,4.0,0.004333694474539545,0.10709635447710752,0.9707780898876404,0.6486887640449438,0.9695876404494382,2,0.7124
6,3,21,0,1,5.0,0.006915629322268326,0.020243056118488312,0.9605514124293784,0.6269536723163842,0.9538604519774012,1,0.9382
14,3,21,0,1,4.0,0.0056179775280898875,0.04138888791203499,0.961474431818182,0.6564625000000001,0.9428977272727272,1,0.9586
22,4,21,0,1,6.0,0.006741573033707865,0.059340279549360275,0.9596569832402236,0.6435245810055866,0.9638513966480448,1,0.4852
6,3,21,0,1,6.0,0.006349206349206349,0.0,0.965764,0.7633297142857142,0.9598091428571428,0,0.3058
14,3,21,0,1,2.0,0.002008032128514056,0.0,0.961093220338983,0.7580553672316385,0.9796604519774011,0,0.3676
22,4,21,0,1,1.0,0.0009523809523809524,0.0642361119389534,0.95955530726257,0.7858726256983241,0.97316312849162,1,0.9358
6,3,21,0,2,4.0,0.004333694474539545,0.0,0.9684011363636364,0.7713215909090909,0.9683693181818182,0,1.0
14,3,21,0,2,5.0,0.006053268765133172,0.0,0.9675180790960451,0.7758463276836158,0.9586621468926554,0,0.3146
22,4,21,0,2,6.0,0.007125890736342043,0.0,0.9660954545454546,0.7738732954545454,0.9695846590909092,0,0.5815
6,3,21,0,2,3.0,0.004893964110929853,0.0,0.9734926553672316,0.6269056497175142,0.955367231638418,0,0.1913
14,3,21,0,2,3.0,0.004792332268370607,0.0,0.9717162921348316,0.6548410112359551,0.9551494382022472,0,0.7716
22,4,21,0,2,2.0,0.0028776978417266188,0.004548611119389534,0.9691514450867053,0.6074329479768786,0.9537063583815028,1,0.347
6,3,21,0,2,4.0,0.003898635477582846,0.0,0.9558448863636364,0.7807528409090909,0.977555681818182,0,1.0
14,3,21,0,2,4.0,0.0038095238095238095,0.0,0.959408,0.7887599999999999,0.9514285714285714,0,0.8415
22,4,21,0,2,8.0,0.008483563096500531,0.0,0.9592327485380115,0.7542111111111112,0.97113216374269,0,0.4054
6,3,21,0,3,2.0,0.003246753246753247,0.0,0.97625197740113,0.6071683615819209,0.9534841807909604,0,0.6752
14,3,21,0,3,2.0,0.0035026269702276708,0.0,0.9750948863636364,0.5983465909090909,0.9623090909090908,0,0.183
22,4,21,0,3,4.0,0.004860267314702308,0.04229166731238365,0.9761469273743016,0.5908648044692737,0.9510592178770948,1,0.4144
6,3,21,0,3,4.0,0.004343105320304018,0.0,0.9577932203389832,0.7727412429378532,0.9548954802259888,0,0.5595
14,3,21,0,3,6.0,0.006521739130434782,0.0,0.9601118644067796,0.7691152542372881,0.9529186440677966,0,0.6657
22,4,21,0,3,2.0,0.0019047619047619048,0.0,0.9582296511627908,0.8025308139534885,0.9455558139534884,0,0.6655
6,3,21,0,3,4.0,0.0047789725209080045,0.0,0.970548275862069,0.7340936781609195,0.969635632183908,0,0.2099
14,3,21,0,3,5.0,0.006097560975609756,0.0,0.9679265536723164,0.677564406779661,0.9646892655367232,0,0.9769
22,4,21,0,3,4.0,0.004784688995215311,0.0,0.9663485875706216,0.7424570621468926,0.9622666666666668,0,0.4064
6,4,21,0,0,4.0,0.003861003861003861,0.0,0.9714869318181818,0.7811892045454545,0.9603221590909092,0,0.7589
14,4,21,0,0,5.0,0.004761904761904762,0.0,0.9732103448275864,0.7720936781609196,0.9673367816091952,0,1.0
22,5,21,1,0,2.0,0.0019047619047619048,0.10709635447710752,0.9726114285714286,0.7704497142857143,0.9543937142857144,1,0.4575
6,4,21,0,0,4.0,0.00546448087431694,0.0,0.9579948863636364,0.6420017045454546,0.9496204545454544,0,0.3209
14,4,21,0,0,6.0,0.00816326530612245,0.0,0.9595845714285716,0.6536731428571428,0.9767611428571428,0,0.6194
22,5,21,1,0,3.0,0.005084745762711864,0.0,0.960858757062147,0.6334305084745763,0.9482943502824858,0,0.515
6,4,21,0,0,3.0,0.003592814371257485,0.0,0.9711568965517242,0.7715344827586208,0.9542132183908044,0,0.9162
14,4,21,0,0,2.0,0.0019047619047619048,0.0,0.9698011363636364,0.75509375,0.9680863636363636,0,0.8892
22,5,21,1,0,4.0,0.004188481675392671,0.06833333522081375,0.9699949438202248,0.7404140449438202,0.9610904494382022,1,0.4679
6,4,21,0,1,6.0,0.008321775312066574,0.10709635447710752,0.9694767045454546,0.7222562499999999,0.9522732954545454,2,0.4483
14,4,21,0,1,3.0,0.003658536585365854,0.10709635447710752,0.970316384180791,0.7160909604519774,0.958379661016949,2,0.7685
22,5,21,1,1,4.0,0.0041279669762641896,0.0,0.9707780898876404,0.6486887640449438,0.9695876404494382,0,1.0
6,4,21,0,1,2.0,0.0024390243902439024,0.10506944358348846,0.9605514124293784,0.6269536723163842,0.9538604519774012,1,0.379
14,4,21,0,1,5.0,0.007102272727272727,0.0651041641831398,0.961474431818182,0.6564625000000001,0.9428977272727272,1,0.7116
22,5,21,1,1,6.0,0.007863695937090432,0.0,0.9596569832402236,0.6435245810055866,0.9638513966480448,0,0.6295
6,4,21,0,1,6.0,0.005714285714285714,0.06392361223697662,0.965764,0.7633297142857142,0.9598091428571428,1,0.4718
14,4,21,0,1,2.0,0.0021008403361344537,0.08465278148651123,0.961093220338983,0.7580553672316385,0.9796604519774011,1,0.9153
22,5,21,1,1,3.0,0.002926829268292683,0.0,0.95955530726257,0.7858726256983241,0.97316312849162,0,1.0
6,4,21,0,2,6.0,0.0062176165803108805,0.0,0.9684011363636364,0.7713215909090909,0.9683693181818182,0,0.9677
14,4,21,0,2,2.0,0.0019047619047619048,0.0,0.9675180790960451,0.7758463276836158,0.9586621468926554,0,1.0
22,5,21,1,2,3.0,0.002857142857142857,0.0,0.9660954545454546,0.7738732954545454,0.9695846590909092,0,0.6603
6,4,21,0,2,5.0,0.00655307994757536,0.005381944589316845,0.9734926553672316,0.6269056497175142,0.955367231638418,1,0.9946
14,4,21,0,2,6.0,0.007142857142857143,0.010486111044883728,0.9717162921348316,0.6548410112359551,0.9551494382022472,1,0.651
22,5,21,1,2,1.0,0.001148105625717566,0.10709635447710752,0.9691514450867053,0.6074329479768786,0.9537063583815028,2,0.3744
6,4,21,0,2,2.0,0.0022197558268590455,0.0,0.9558448863636364,0.7807528409090909,0.977555681818182,0,0.4421
14,4,21,0,2,4.0,0.003980099502487562,0.0,0.959408,0.7887599999999999,0.9514285714285714,0,0.5786
22,5,21,1,2,2.0,0.0019047619047619048,0.0,0.9592327485380115,0.7542111111111112,0.97113216374269,0,0.692
6,4,21,0,3,6.0,0.008547008547008548,0.10709635447710752,0.97625197740113,0.6071683615819209,0.9534841807909604,1,0.8907
14,4,21,0,3,4.0,0.006329113924050633,0.07694444805383682,0.9750948863636364,0.5983465909090909,0.9623090909090908,1,0.58
22,5,21,1,3,3.0,0.004081632653061225,0.0,0.9761469273743016,0.5908648044692737,0.9510592178770948,0,0.7947
6,4,21,0,3,3.0,0.003667481662591687,0.0,0.9577932203389832,0.7727412429378532,0.9548954802259888,0,0.5516
14,4,21,0,3,6.0,0.006389776357827476,0.0,0.9601118644067796,0.7691152542372881,0.9529186440677966,0,0.6902
22,5,21,1,3,5.0,0.004859086491739553,0.0,0.9582296511627908,0.8025308139534885,0.9455558139534884,0,1.0
6,4,21,0,3,5.0,0.006793478260869565,0.0,0.970548275862069,0.7340936781609195,0.969635632183908,0,0.4208
14,4,21,0,3,3.0,0.002857142857142857,0.0,0.9679265536723164,0.677564406779661,0.9646892655367232,0,1.0
22,5,21,1,3,4.0,0.004944375772558714,0.0,0.9663485875706216,0.7424570621468926,0.9622666666666668,0,0.223
14,5,21,1,0,6.0,0.0058823529411764705,0.09718749672174454,0.9732103448275864,0.7720936781609196,0.9673367816091952,1,0.8995
22,6,21,1,0,4.0,0.005376344086021506,0.06444444507360458,0.9726114285714286,0.7704497142857143,0.9543937142857144,1,0.6216
6,5,21,1,0,5.0,0.006925207756232687,0.0,0.9579948863636364,0.6420017045454546,0.9496204545454544,0,0.7355
14,5,21,1,0,2.0,0.002162162162162162,0.0,0.9595845714285716,0.6536731428571428,0.9767611428571428,0,1.0
22,6,21,1,0,2.0,0.003067484662576687,0.0,0.960858757062147,0.6334305084745763,0.9482943502824858,0,0.6269
6,5,21,1,0,2.0,0.0022522522522522522,0.06947916746139526,0.9711568965517242,0.7715344827586208,0.9542132183908044,1,0.9305
22,6,21,1,0,2.0,0.0019047619047619048,0.0,0.9699949438202248,0.7404140449438202,0.9610904494382022,0,1.0
6,5,21,1,1,4.0,0.0042643923240938165,0.0,0.9694767045454546,0.7222562499999999,0.9522732954545454,0,1.0
14,5,21,1,1,5.0,0.006009615384615385,0.0,0.970316384180791,0.7160909604519774,0.958379661016949,0,0.9273
22,6,21,1,1,5.0,0.00639386189258312,0.0,0.9707780898876404,0.6486887640449438,0.9695876404494382,0,0.2607
6,5,21,1,1,2.0,0.002600780234070221,0.0,0.9605514124293784,0.6269536723163842,0.9538604519774012,0,0.8916
14,5,21,1,1,1.0,0.0013831258644536654,0.0,0.961474431818182,0.6564625000000001,0.9428977272727272,0,0.1679
22,6,21,1,1,3.0,0.0038363171355498722,0.10709635447710752,0.9596569832402236,0.6435245810055866,0.9638513966480448,2,0.2672
6,5,21,1,1,5.0,0.004761904761904762,0.0,0.965764,0.7633297142857142,0.9598091428571428,0,1.0
14,5,21,1,1,5.0,0.004761904761904762,0.0,0.961093220338983,0.7580553672316385,0.9796604519774011,0,0.999
22,6,21,1,1,4.0,0.004246284501061571,0.0,0.95955530726257,0.7858726256983241,0.97316312849162,0,1.0
14,5,21,1,2,6.0,0.005994005994005994,0.0,0.9675180790960451,0.7758463276836158,0.9586621468926554,0,1.0
22,6,21,1,2,3.0,0.002857142857142857,0.0,0.9660954545454546,0.7738732954545454,0.9695846590909092,0,0.4743
6,5,21,1,2,6.0,0.006472491909385114,0.10709635447710752,0.9734926553672316,0.6269056497175142,0.955367231638418,2,0.2987
14,5,21,1,2,3.0,0.0035671819262782403,0.10709635447710752,0.9717162921348316,0.6548410112359551,0.9551494382022472,2,0.8104
22,6,21,1,2,5.0,0.006631299734748011,0.024513889104127884,0.9691514450867053,0.6074329479768786,0.9537063583815028,1,0.5245
6,5,21,1,2,4.0,0.0038095238095238095,0.0,0.9558448863636364,0.7807528409090909,0.977555681818182,0,0.669
14,5,21,1,2,5.0,0.004761904761904762,0.0,0.959408,0.7887599999999999,0.9514285714285714,0,1.0
6,5,21,1,3,3.0,0.004291845493562232,0.0,0.97625197740113,0.6071683615819209,0.9534841807909604,0,0.8609
14,5,21,1,3,6.0,0.007033997655334115,0.0,0.9750948863636364,0.5983465909090909,0.9623090909090908,0,0.5026
22,6,21,1,3,6.0,0.008928571428571428,0.0,0.9761469273743016,0.5908648044692737,0.9510592178770948,0,0.7252
6,5,21,1,3,3.0,0.002955665024630542,0.0,0.9577932203389832,0.7727412429378532,0.9548954802259888,0,0.2437
22,6,21,1,3,1.0,0.001017293997965412,0.0,0.9582296511627908,0.8025308139534885,0.9455558139534884,0,1.0
6,5,21,1,3,5.0,0.0057670126874279125,0.0,0.970548275862069,0.7340936781609195,0.969635632183908,0,0.6945
14,5,21,1,3,5.0,0.0056433408577878106,0.0,0.9679265536723164,0.677564406779661,0.9646892655367232,0,0.5116
22,6,21,1,3,4.0,0.004158004158004158,0.0,0.9663485875706216,0.7424570621468926,0.9622666666666668,0,0.8
6,6,21,1,0,5.0,0.004761904761904762,0.10709635447710752,0.9714869318181818,0.7811892045454545,0.9603221590909092,1,0.6989
22,0,22,0,0,3.0,0.003236245954692557,0.0,0.9726114285714286,0.7704497142857143,0.9543937142857144,0,1.0
6,6,21,1,0,4.0,0.005050505050505051,0.0,0.9579948863636364,0.6420017045454546,0.9496204545454544,0,1.0
14,6,21,1,0,3.0,0.004016064257028112,0.0,0.9595845714285716,0.6536731428571428,0.9767611428571428,0,0.8251
22,0,22,0,0,2.0,0.002162162162162162,0.0,0.960858757062147,0.6334305084745763,0.9482943502824858,0,0.5935
6,6,21,1,0,6.0,0.006622516556291391,0.0,0.9711568965517242,0.7715344827586208,0.9542132183908044,0,0.3725
14,6,21,1,0,2.0,0.0024009603841536613,0.0,0.9698011363636364,0.75509375,0.9680863636363636,0,0.9099
22,0,22,0,0,2.0,0.002257336343115124,0.0,0.9699949438202248,0.7404140449438202,0.9610904494382022,0,0.8328
14,6,21,1,1,2.0,0.0025,0.0,0.970316384180791,0.7160909604519774,0.958379661016949,0,0.3336
22,0,22,0,1,3.0,0.0029182879377431907,0.0,0.9707780898876404,0.6486887640449438,0.9695876404494382,0,0.4833
6,6,21,1,1,2.0,0.0028169014084507044,0.10709635447710752,0.9605514124293784,0.6269536723163842,0.9538604519774012,2,0.542
22,0,22,0,1,6.0,0.008968609865470852,0.10709635447710752,0.9596569832402236,0.6435245810055866,0.9638513966480448,1,0.7758
6,6,21,1,1,5.0,0.005753739930955121,0.0,0.965764,0.7633297142857142,0.9598091428571428,0,0.856
14,6,21,1,1,2.0,0.0024509803921568627,0.0,0.961093220338983,0.7580553672316385,0.9796604519774011,0,0.2816
22,0,22,0,1,7.0,0.006666666666666667,0.0,0.95955530726257,0.7858726256983241,0.97316312849162,0,0.7778
6,6,21,1,2,5.0,0.004761904761904762,0.0,0.9684011363636364,0.7713215909090909,0.9683693181818182,0,0.8333
14,6,21,1,2,3.0,0.004043126684636119,0.0,0.9675180790960451,0.7758463276836158,0.9586621468926554,0,0.9388
22,0,22,0,2,5.0,0.005494505494505495,0.0,0.9660954545454546,0.7738732954545454,0.9695846590909092,0,0.3428
6,6,21,1,2,5.0,0.006561679790026247,0.019826387986540794,0.9734926553672316,0.6269056497175142,0.955367231638418,1,0.8837
14,6,21,1,2,2.0,0.0029806259314456036,0.024027777835726738,0.9717162921348316,0.6548410112359551,0.9551494382022472,1,0.2036
22,0,22,0,2,1.0,0.001310615989515072,0.0,0.9691514450867053,0.6074329479768786,0.9537063583815028,0,0.5087
6,6,21,1,2,6.0,0.005946481665014866,0.10709635447710752,0.9558448863636364,0.7807528409090909,0.977555681818182,1,0.5508
14,6,21,1,2,6.0,0.005928853754940711,0.04961805418133736,0.959408,0.7887599999999999,0.9514285714285714,1,0.9504
22,0,22,0,2,3.0,0.003374578177727784,0.0,0.9592327485380115,0.7542111111111112,0.97113216374269,0,1.0
6,6,21,1,3,2.0,0.002881844380403458,0.0,0.97625197740113,0.6071683615819209,0.9534841807909604,0,0.8292
14,6,21,1,3,2.0,0.002967359050445104,0.0,0.9750948863636364,0.5983465909090909,0.9623090909090908,0,0.7592
22,0,22,0,3,4.0,0.004901960784313725,0.07996527850627899,0.9761469273743016,0.5908648044692737,0.9510592178770948,1,0.92
6,6,21,1,3,2.0,0.0021141649048625794,0.0,0.9577932203389832,0.7727412429378532,0.9548954802259888,0,0.5995
14,6,21,1,3,3.0,0.003218884120171674,0.0,0.9601118644067796,0.7691152542372881,0.9529186440677966,0,0.5951
22,0,22,0,3,6.0,0.006,0.0,0.9582296511627908,0.8025308139534885,0.9455558139534884,0,0.8115
6,6,21,1,3,3.0,0.004310344827586207,0.0,0.970548275862069,0.7340936781609195,0.969635632183908,0,0.4154
14,6,21,1,3,2.0,0.002254791431792559,0.0,0.9679265536723164,0.677564406779661,0.9646892655367232,0,0.3819
22,0,22,0,3,3.0,0.0033444816053511705,0.0,0.9663485875706216,0.7424570621468926,0.9622666666666668,0,1.0
6,0,22,0,0,3.0,0.002967359050445104,0.0,0.9714869318181818,0.7811892045454545,0.9603221590909092,0,1.0
14,0,22,0,0,3.0,0.0028763183125599234,0.0,0.9732103448275864,0.7720936781609196,0.9673367816091952,0,1.0
22,1,22,0,0,5.0,0.004761904761904762,0.0,0.9726114285714286,0.7704497142857143,0.9543937142857144,0,0.5002
6,0,22,0,0,2.0,0.0024600246002460025,0.0,0.9579948863636364,0.6420017045454546,0.9496204545454544,0,0.4235
14,0,22,0,0,5.0,0.007112375533428165,0.0,0.9595845714285716,0.6536731428571428,0.9767611428571428,0,0.5377
22,1,22,0,0,4.0,0.005390835579514825,0.0,0.960858757062147,0.6334305084745763,0.9482943502824858,0,0.4054
6,0,22,0,0,3.0,0.0031847133757961785,0.0,0.9711568965517242,0.7715344827586208,0.9542132183908044,0,0.54
14,0,22,0,0,3.0,0.003367003367003367,0.0,0.9698011363636364,0.75509375,0.9680863636363636,0,0.9142
22,1,22,0,0,3.0,0.002857142857142857,0.0,0.9699949438202248,0.7404140449438202,0.9610904494382022,0,1.0
6,0,22,0,1,2.0,0.002257336343115124,0.0,0.9694767045454546,0.7222562499999999,0.9522732954545454,0,0.7814
14,0,22,0,1,2.0,0.002257336343115124,0.0,0.970316384180791,0.7160909604519774,0.958379661016949,0,0.9306
22,1,22,0,1,4.0,0.004932182490752158,0.08006944507360458,0.9707780898876404,0.6486887640449438,0.9695876404494382,1,0.9199
6,0,22,0,1,3.0,0.0035087719298245615,0.10361111164093018,0.9605514124293784,0.6269536723163842,0.9538604519774012,1,0.4199
14,0,22,0,1,5.0,0.0070028011204481795,0.10709635447710752,0.961474431818182,0.6564625000000001,0.9428977272727272,1,0.3057
22,1,22,0,1,3.0,0.0037688442211055275,0.0,0.9596569832402236,0.6435245810055866,0.9638513966480448,0,0.7678
6,0,22,0,1,3.0,0.003121748178980229,0.0,0.965764,0.7633297142857142,0.9598091428571428,0,1.0
14,0,22,0,1,3.0,0.0032258064516129032,0.0,0.961093220338983,0.7580553672316385,0.9796604519774011,0,0.3647
22,1,22,0,1,2.0,0.0019860973187686196,0.0,0.95955530726257,0.7858726256983241,0.97316312849162,0,1.0
6,0,22,0,2,2.0,0.0019047619047619048,0.0,0.9684011363636364,0.7713215909090909,0.9683693181818182,0,0.7346
14,0,22,0,2,6.0,0.006779661016949152,0.0,0.9675180790960451,0.7758463276836158,0.9586621468926554,0,1.0
22,1,22,0,2,3.0,0.0035885167464114833,0.0,0.9660954545454546,0.7738732954545454,0.9695846590909092,0,0.5614
6,0,22,0,2,3.0,0.003952569169960474,0.0,0.9734926553672316,0.6269056497175142,0.955367231638418,0,0.4159
14,0,22,0,2,4.0,0.005154639175257732,0.0,0.9717162921348316,0.6548410112359551,0.9551494382022472,0,0.7596
22,1,22,0,2,5.0,0.005780346820809248,0.0,0.9691514450867053,0.6074329479768786,0.9537063583815028,0,0.5818
6,0,22,0,2,3.0,0.003089598352214212,0.0,0.9558448863636364,0.7807528409090909,0.977555681818182,0,0.9966
14,0,22,0,2,3.0,0.002857142857142857,0.0,0.959408,0.7887599999999999,0.9514285714285714,0,1.0
22,1,22,0,2,4.0,0.004357298474945534,0.04357638955116272,0.9592327485380115,0.7542111111111112,0.97113216374269,1,0.7605
6,0,22,0,3,5.0,0.007022471910112359,0.08298610895872116,0.97625197740113,0.6071683615819209,0.9534841807909604,1,0.7695
14,0,22,0,3,3.0,0.00510204081632653,0.10709635447710752,0.9750948863636364,0.5983465909090909,0.9623090909090908,1,0.2307
22,1,22,0,3,3.0,0.00436046511627907,0.0,0.9761469273743016,0.5908648044692737,0.9510592178770948,0,0.2023
6,0,22,0,3,5.0,0.004761904761904762,0.0,0.9577932203389832,0.7727412429378532,0.9548954802259888,0,1.0
14,0,22,0,3,6.0,0.006423982869379015,0.0,0.9601118644067796,0.7691152542372881,0.9529186440677966,0,0.6152
22,1,22,0,3,1.0,0.0010672358591248667,0.10270833224058151,0.9582296511627908,0.8025308139534885,0.9455558139534884,1,0.8973
6,0,22,0,3,6.0,0.007075471698113208,0.0,0.970548275862069,0.7340936781609195,0.969635632183908,0,1.0
14,0,22,0,3,3.0,0.003745318352059925,0.0,0.9679265536723164,0.677564406779661,0.9646892655367232,0,0.6689
22,1,22,0,3,5.0,0.006142506142506142,0.07934027910232544,0.9663485875706216,0.7424570621468926,0.9622666666666668,1,0.6416
6,1,22,0,0,4.0,0.003887269193391642,0.0,0.9714869318181818,0.7811892045454545,0.9603221590909092,0,0.8
14,1,22,0,0,3.0,0.002857142857142857,0.0,0.9732103448275864,0.7720936781609196,0.9673367816091952,0,1.0
22,2,22,0,0,4.0,0.00398406374501992,0.0,0.9726114285714286,0.7704497142857143,0.9543937142857144,0,1.0
6,1,22,0,0,6.0,0.007989347536617843,0.0,0.9579948863636364,0.6420017045454546,0.9496204545454544,0,0.8065
14,1,22,0,0,5.0,0.00646830530401035,0.0,0.9595845714285716,0.6536731428571428,0.9767611428571428,0,0.2582
22,2,22,0,0,4.0,0.005383580080753701,0.10709635447710752,0.960858757062147,0.6334305084745763,0.9482943502824858,1,0.7817
6,1,22,0,0,2.0,0.0019646365422396855,0.0,0.9711568965517242,0.7715344827586208,0.9542132183908044,0,1.0
14,1,22,0,0,6.0,0.006030150753768844,0.0,0.9698011363636364,0.75509375,0.9680863636363636,0,0.5248
22,2,22,0,0,4.0,0.005121638924455826,0.0,0.9699949438202248,0.7404140449438202,0.9610904494382022,0,0.7238
6,1,22,0,1,2.0,0.002797202797202797,0.06659722328186035,0.9694767045454546,0.7222562499999999,0.9522732954545454,1,0.2522
14,1,22,0,1,2.0,0.0021413276231263384,0.06364583224058151,0.970316384180791,0.7160909604519774,0.958379661016949,1,0.433
22,2,22,0,1,6.0,0.006458557588805167,0.0,0.9707780898876404,0.6486887640449438,0.9695876404494382,0,1.0
6,1,22,0,1,3.0,0.004070556309362279,0.0,0.9605514124293784,0.6269536723163842,0.9538604519774012,0,0.7976
14,1,22,0,1,5.0,0.006313131313131313,0.0,0.961474431818182,0.6564625000000001,0.9428977272727272,0,0.4606
22,2,22,0,1,3.0,0.004511278195488722,0.0,0.9596569832402236,0.6435245810055866,0.9638513966480448,0,0.7059
6,1,22,0,1,5.0,0.005302226935312832,0.0,0.965764,0.7633297142857142,0.9598091428571428,0,0.9096
14,1,22,0,1,3.0,0.0031413612565445027,0.0,0.961093220338983,0.7580553672316385,0.9796604519774011,0,1.0
22,2,22,0,1,3.0,0.002952755905511811,0.0,0.95955530726257,0.7858726256983241,0.97316312849162,0,0.5549
6,1,22,0,2,3.0,0.002857142857142857,0.0,0.9684011363636364,0.7713215909090909,0.9683693181818182,0,0.2934
14,1,22,0,2,5.0,0.004761904761904762,0.0,0.9675180790960451,0.7758463276836158,0.9586621468926554,0,0.8141
22,2,22,0,2,3.0,0.003246753246753247,0.07538194209337234,0.9660954545454546,0.7738732954545454,0.9695846590909092,1,0.9246
6,1,22,0,2,3.0,0.004010695187165776,0.0,0.9734926553672316,0.6269056497175142,0.955367231638418,0,0.195
14,1,22,0,2,6.0,0.007978723404255319,0.0,0.9717162921348316,0.6548410112359551,0.9551494382022472,0,0.4603
22,2,22,0,2,4.0,0.004784688995215311,0.0,0.9691514450867053,0.6074329479768786,0.9537063583815028,0,0.6912
6,1,22,0,2,5.0,0.004761904761904762,0.04836805537343025,0.9558448863636364,0.7807528409090909,0.977555681818182,1,0.6252
14,1,22,0,2,3.0,0.002857142857142857,0.050659723579883575,0.959408,0.7887599999999999,0.9514285714285714,1,0.3536
22,2,22,0,2,4.0,0.0038910505836575876,0.10709635447710752,0.9592327485380115,0.7542111111111112,0.97113216374269,1,0.783
6,1,22,0,3,4.0,0.005249343832020997,0.0,0.97625197740113,0.6071683615819209,0.9534841807909604,0,1.0
14,1,22,0,3,5.0,0.007102272727272727,0.0,0.9750948863636364,0.5983465909090909,0.9623090909090908,0,0.3063
22,2,22,0,3,3.0,0.004310344827586207,0.0,0.9761469273743016,0.5908648044692737,0.9510592178770948,0,0.6131
6,1,22,0,3,2.0,0.002277904328018223,0.10709635447710752,0.9577932203389832,0.7727412429378532,0.9548954802259888,1,0.249
14,1,22,0,3,6.0,0.005714285714285714,0.07159721851348877,0.9601118644067796,0.7691152542372881,0.9529186440677966,1,0.3544
22,2,22,0,3,5.0,0.005252100840336135,0.0,0.9582296511627908,0.8025308139534885,0.9455558139534884,0,0.8713
6,1,22,0,3,3.0,0.003278688524590164,0.10709635447710752,0.970548275862069,0.7340936781609195,0.969635632183908,1,0.297
14,1,22,0,3,5.0,0.004911591355599214,0.10709635447710752,0.9679265536723164,0.677564406779661,0.9646892655367232,1,0.8859
22,2,22,0,3,5.0,0.004761904761904762,0.0,0.9663485875706216,0.7424570621468926,0.9622666666666668,0,1.0
6,2,22,0,0,5.0,0.004761904761904762,0.0,0.9714869318181818,0.7811892045454545,0.9603221590909092,0,1.0
14,2,22,0,0,2.0,0.0022371364653243847,0.0,0.9732103448275864,0.7720936781609196,0.9673367816091952,0,1.0
22,3,22,0,0,2.0,0.0019821605550049554,0.0,0.9726114285714286,0.7704497142857143,0.9543937142857144,0,1.0
6,2,22,0,0,5.0,0.007656967840735069,0.10709635447710752,0.9579948863636364,0.6420017045454546,0.9496204545454544,1,0.6101
14,2,22,0,0,4.0,0.005633802816901409,0.10709635447710752,0.9595845714285716,0.6536731428571428,0.9767611428571428,1,0.5382
22,3,22,0,0,3.0,0.003663003663003663,0.0,0.960858757062147,0.6334305084745763,0.9482943502824858,0,0.4598
6,2,22,0,0,5.0,0.005543237250554324,0.0,0.9711568965517242,0.7715344827586208,0.9542132183908044,0,1.0
14,2,22,0,0,6.0,0.006289308176100629,0.0,0.9698011363636364,0.75509375,0.9680863636363636,0,1.0
22,3,22,0,0,5.0,0.004816955684007707,0.0628819465637207,0.9699949438202248,0.7404140449438202,0.9610904494382022,1,0.8016
6,2,22,0,1,5.0,0.00651890482398957,0.0,0.9694767045454546,0.7222562499999999,0.9522732954545454,0,0.236
14,2,22,0,1,6.0,0.006857142857142857,0.0,0.970316384180791,0.7160909604519774,0.958379661016949,0,0.6985
22,3,22,0,1,3.0,0.0033003300330033004,0.0,0.9707780898876404,0.6486887640449438,0.9695876404494382,0,1.0
6,2,22,0,1,2.0,0.002554278416347382,0.0,0.9605514124293784,0.6269536723163842,0.9538604519774012,0,0.6623
14,2,22,0,1,3.0,0.004225352112676056,0.0,0.961474431818182,0.6564625000000001,0.9428977272727272,0,0.4689
22,3,22,0,1,4.0,0.00546448087431694,0.10709635447710752,0.9596569832402236,0.6435245810055866,0.9638513966480448,2,0.5483
6,2,22,0,1,2.0,0.0019083969465648854,0.0,0.965764,0.7633297142857142,0.9598091428571428,0,1.0
14,2,22,0,1,5.0,0.004793863854266539,0.0,0.961093220338983,0.7580553672316385,0.9796604519774011,0,1.0
22,3,22,0,1,5.0,0.00544069640914037,0.0,0.95955530726257,0.7858726256983241,0.97316312849162,0,0.697
6,2,22,0,2,3.0,0.002857142857142857,0.06454861164093018,0.9684011363636364,0.7713215909090909,0.9683693181818182,1,0.9355
14,2,22,0,2,3.0,0.0034965034965034965,0.052569445222616196,0.9675180790960451,0.7758463276836158,0.9586621468926554,1,0.9474
22,3,22,0,2,6.0,0.0078125,0.0,0.9660954545454546,0.7738732954545454,0.9695846590909092,0,0.6931
6,2,22,0,2,4.0,0.00522875816993464,0.0,0.9734926553672316,0.6269056497175142,0.955367231638418,0,0.9942
14,2,22,0,2,5.0,0.005875440658049354,0.0,0.9717162921348316,0.6548410112359551,0.9551494382022472,0,0.3597
22,3,22,0,2,4.0,0.004895960832313341,0.0,0.9691514450867053,0.6074329479768786,0.9537063583815028,0,0.5835
6,2,22,0,2,3.0,0.002857142857142857,0.10709635447710752,0.9558448863636364,0.7807528409090909,0.977555681818182,1,0.6945
14,2,22,0,2,3.0,0.003105590062111801,0.10709635447710752,0.959408,0.7887599999999999,0.9514285714285714,1,0.7374
22,3,22,0,2,3.0,0.002857142857142857,0.10709635447710752,0.9592327485380115,0.7542111111111112,0.97113216374269,1,0.8729
6,2,22,0,3,3.0,0.005016722408026756,0.0,0.97625197740113,0.6071683615819209,0.9534841807909604,0,0.4285
14,2,22,0,3,5.0,0.006934812760055479,0.0,0.9750948863636364,0.5983465909090909,0.9623090909090908,0,0.3973
22,3,22,0,3,2.0,0.0029239766081871343,0.0,0.9761469273743016,0.5908648044692737,0.9510592178770948,0,0.946
6,2,22,0,3,2.0,0.0023952095808383233,0.0,0.9577932203389832,0.7727412429378532,0.9548954802259888,0,0.4398
14,2,22,0,3,5.0,0.005213764337851929,0.0,0.9601118644067796,0.7691152542372881,0.9529186440677966,0,0.3716
22,3,22,0,3,4.0,0.003929273084479371,0.038576390594244,0.9582296511627908,0.8025308139534885,0.9455558139534884,1,0.5815
6,2,22,0,3,5.0,0.005470459518599562,0.0,0.970548275862069,0.7340936781609195,0.969635632183908,0,0.5436
14,2,22,0,3,5.0,0.005235602094240838,0.0,0.9679265536723164,0.677564406779661,0.9646892655367232,0,0.4046
22,3,22,0,3,5.0,0.006038647342995169,0.0,0.9663485875706216,0.7424570621468926,0.9622666666666668,0,1.0
6,3,22,0,0,5.0,0.004761904761904762,0.0,0.9714869318181818,0.7811892045454545,0.9603221590909092,0,0.6171
14,3,22,0,0,3.0,0.0033333333333333335,0.0,0.9732103448275864,0.7720936781609196,0.9673367816091952,0,0.6787
22,4,22,0,0,5.0,0.005076142131979695,0.0,0.9726114285714286,0.7704497142857143,0.9543937142857144,0,0.5154
6,3,22,0,0,6.0,0.008426966292134831,0.0,0.9579948863636364,0.6420017045454546,0.9496204545454544,0,0.4116
14,3,22,0,0,3.0,0.003243243243243243,0.0,0.9595845714285716,0.6536731428571428,0.9767611428571428,0,0.9607
22,4,22,0,0,2.0,0.0028368794326241137,0.0,0.960858757062147,0.6334305084745763,0.9482943502824858,0,0.2091
6,3,22,0,0,2.0,0.00234192037470726,0.05145833268761635,0.9711568965517242,0.7715344827586208,0.9542132183908044,1,0.2639
14,3,22,0,0,4.0,0.0041279669762641896,0.054548610001802444,0.9698011363636364,0.75509375,0.9680863636363636,1,0.5475
22,4,22,0,0,3.0,0.002857142857142857,0.0,0.9699949438202248,0.7404140449438202,0.9610904494382022,0,1.0
6,3,22,0,1,6.0,0.0072992700729927005,0.0,0.9694767045454546,0.7222562499999999,0.9522732954545454,0,0.9345
14,3,22,0,1,2.0,0.002244668911335578,0.0,0.970316384180791,0.7160909604519774,0.958379661016949,0,0.6073
22,4,22,0,1,4.0,0.004662004662004662,0.0,0.9707780898876404,0.6486887640449438,0.9695876404494382,0,0.2917
6,3,22,0,1,3.0,0.004335260115606936,0.10709635447710752,0.9605514124293784,0.6269536723163842,0.9538604519774012,2,0.47
14,3,22,0,1,3.0,0.004219409282700422,0.10709635447710752,0.961474431818182,0.6564625000000001,0.9428977272727272,2,0.5693
22,4,22,0,1,2.0,0.0028129395218002813,0.10709635447710752,0.9596569832402236,0.6435245810055866,0.9638513966480448,2,0.5219
6,3,22,0,1,4.0,0.004415011037527594,0.0,0.965764,0.7633297142857142,0.9598091428571428,0,0.2844
14,3,22,0,1,4.0,0.004008016032064128,0.0,0.961093220338983,0.7580553672316385,0.9796604519774011,0,1.0
22,4,22,0,1,5.0,0.0054585152838427945,0.08781249821186066,0.95955530726257,0.7858726256983241,0.97316312849162,1,0.3216
6,3,22,0,2,5.0,0.004830917874396135,0.0,0.9684011363636364,0.7713215909090909,0.9683693181818182,0,0.6328
14,3,22,0,2,5.0,0.004761904761904762,0.0,0.9675180790960451,0.7758463276836158,0.9586621468926554,0,0.7288
22,4,22,0,2,3.0,0.002857142857142857,0.10709635447710752,0.9660954545454546,0.7738732954545454,0.9695846590909092,1,0.3981
6,3,22,0,2,2.0,0.002688172043010753,0.0,0.9734926553672316,0.6269056497175142,0.955367231638418,0,0.4606
14,3,22,0,2,4.0,0.005012531328320802,0.0,0.9717162921348316,0.6548410112359551,0.9551494382022472,0,0.8623
22,4,22,0,2,0.0,0.0,0.047013889998197556,0.9691514450867053,0.6074329479768786,0.9537063583815028,1,0.7947
6,3,22,0,2,3.0,0.003232758620689655,0.10709635447710752,0.9558448863636364,0.7807528409090909,0.977555681818182,1,0.755
14,3,22,0,2,6.0,0.005714285714285714,0.10709635447710752,0.959408,0.7887599999999999,0.9514285714285714,1,0.8289
22,4,22,0,2,4.0,0.0038095238095238095,0.10709635447710752,0.9592327485380115,0.7542111111111112,0.97113216374269,1,0.7295
6,3,22,0,3,3.0,0.004207573632538569,0.0,0.97625197740113,0.6071683615819209,0.9534841807909604,0,0.41
14,3,22,0,3,3.0,0.004451038575667656,0.0,0.9750948863636364,0.5983465909090909,0.9623090909090908,0,0.4636
22,4,22,0,3,6.0,0.009787928221859706,0.10709635447710752,0.9761469273743016,0.5908648044692737,0.9510592178770948,1,0.2516
6,3,22,0,3,5.0,0.005656108597285068,0.04260416701436043,0.9577932203389832,0.7727412429378532,0.9548954802259888,1,0.9574
14,3,22,0,3,2.0,0.0019723865877712033,0.042395833879709244,0.9601118644067796,0.7691152542372881,0.9529186440677966,1,0.745
22,4,22,0,3,8.0,0.007889546351084813,0.0,0.9582296511627908,0.8025308139534885,0.9455558139534884,0,0.714
6,3,22,0,3,3.0,0.003289473684210526,0.0,0.970548275862069,0.7340936781609195,0.969635632183908,0,0.976
14,3,22,0,3,4.0,0.004464285714285714,0.0,0.9679265536723164,0.677564406779661,0.9646892655367232,0,0.7286
22,4,22,0,3,3.0,0.0030706243602865915,0.0,0.9663485875706216,0.7424570621468926,0.9622666666666668,0,0.75
6,4,22,0,0,3.0,0.0035971223021582736,0.0,0.9714869318181818,0.7811892045454545,0.9603221590909092,0,0.2519
14,4,22,0,0,5.0,0.005055611729019211,0.0,0.9732103448275864,0.7720936781609196,0.9673367816091952,0,0.3497
22,5,22,1,0,3.0,0.002857142857142857,0.0,0.9726114285714286,0.7704497142857143,0.9543937142857144,0,0.8334
6,4,22,0,0,3.0,0.003931847968545216,0.0,0.9579948863636364,0.6420017045454546,0.9496204545454544,0,0.4517
14,4,22,0,0,6.0,0.00894187779433681,0.0,0.9595845714285716,0.6536731428571428,0.9767611428571428,0,0.3872
22,5,22,1,0,5.0,0.006195786864931847,0.0,0.960858757062147,0.6334305084745763,0.9482943502824858,0,0.7255
6,4,22,0,0,1.0,0.0009852216748768472,0.0,0.9711568965517242,0.7715344827586208,0.9542132183908044,0,0.2274
14,4,22,0,0,2.0,0.0025220680958385876,0.0,0.9698011363636364,0.75509375,0.9680863636363636,0,0.6636
22,5,22,1,0,4.0,0.004250797024442083,0.0,0.9699949438202248,0.7404140449438202,0.9610904494382022,0,0.785
6,4,22,0,1,3.0,0.0036719706242350062,0.0,0.9694767045454546,0.7222562499999999,0.9522732954545454,0,0.5946
14,4,22,0,1,2.0,0.0021141649048625794,0.0,0.970316384180791,0.7160909604519774,0.958379661016949,0,1.0
22,5,22,1,1,4.0,0.00516795865633075,0.0,0.9707780898876404,0.6486887640449438,0.9695876404494382,0,0.3983
6,4,22,0,1,6.0,0.00851063829787234,0.09520833194255829,0.9605514124293784,0.6269536723163842,0.9538604519774012,2,0.6762
14,4,22,0,1,6.0,0.007556675062972292,0.10709635447710752,0.961474431818182,0.6564625000000001,0.9428977272727272,2,0.8689
22,5,22,1,1,3.0,0.004195804195804196,0.10709635447710752,0.9596569832402236,0.6435245810055866,0.9638513966480448,1,0.6321
6,4,22,0,1,2.0,0.0019047619047619048,0.06395833194255829,0.965764,0.7633297142857142,0.9598091428571428,1,0.936
14,4,22,0,1,5.0,0.005279831045406547,0.10709635447710752,0.961093220338983,0.7580553672316385,0.9796604519774011,1,0.5745
22,5,22,1,1,2.0,0.001962708537782139,0.0,0.95955530726257,0.7858726256983241,0.97316312849162,0,0.2951
6,4,22,0,2,3.0,0.0031678986272439284,0.09621527791023254,0.9684011363636364,0.7713215909090909,0.9683693181818182,1,0.9038
14,4,22,0,2,5.0,0.004930966469428008,0.10709635447710752,0.9675180790960451,0.7758463276836158,0.9586621468926554,1,0.8272
22,5,22,1,2,3.0,0.003703703703703704,0.05614583194255829,0.9660954545454546,0.7738732954545454,0.9695846590909092,1,0.5842
6,4,22,0,2,2.0,0.002531645569620253,0.05572916567325592,0.9734926553672316,0.6269056497175142,0.955367231638418,1,0.4383
14,4,22,0,2,6.0,0.00819672131147541,0.031180555000901222,0.9717162921348316,0.6548410112359551,0.9551494382022472,1,0.7892
22,5,22,1,2,3.0,0.004341534008683068,0.0,0.9691514450867053,0.6074329479768786,0.9537063583815028,0,0.2625
6,4,22,0,2,5.0,0.0056179775280898875,0.10709635447710752,0.9558448863636364,0.7807528409090909,0.977555681818182,1,0.8279
14,4,22,0,2,4.0,0.0038095238095238095,0.10709635447710752,0.959408,0.7887599999999999,0.9514285714285714,1,0.7236
22,5,22,1,2,2.0,0.0019047619047619048,0.10709635447710752,0.9592327485380115,0.7542111111111112,0.97113216374269,1,0.3325
6,4,22,0,3,2.0,0.0027359781121751026,0.10709635447710752,0.97625197740113,0.6071683615819209,0.9534841807909604,1,0.828
14,4,22,0,3,3.0,0.004552352048558422,0.10709635447710752,0.9750948863636364,0.5983465909090909,0.9623090909090908,1,0.5164
22,5,22,1,3,6.0,0.00860832137733142,0.0,0.9761469273743016,0.5908648044692737,0.9510592178770948,0,0.5685
6,4,22,0,3,5.0,0.004906771344455349,0.0,0.9577932203389832,0.7727412429378532,0.9548954802259888,0,0.5987
14,4,22,0,3,2.0,0.0025974025974025974,0.0,0.9601118644067796,0.7691152542372881,0.9529186440677966,0,0.7002
22,5,22,1,3,4.0,0.004149377593360996,0.0,0.9582296511627908,0.8025308139534885,0.9455558139534884,0,0.569
6,4,22,0,3,6.0,0.006993006993006993,0.0,0.970548275862069,0.7340936781609195,0.969635632183908,0,0.6089
14,4,22,0,3,5.0,0.005611672278338945,0.0,0.9679265536723164,0.677564406779661,0.9646892655367232,0,0.387
22,5,22,1,3,4.0,0.004132231404958678,0.0,0.9663485875706216,0.7424570621468926,0.9622666666666668,0,1.0
6,5,22,1,0,1.0,0.0009900990099009901,0.0,0.9714869318181818,0.7811892045454545,0.9603221590909092,0,0.5
14,5,22,1,0,3.0,0.002955665024630542,0.0,0.9732103448275864,0.7720936781609196,0.9673367816091952,0,0.3296
22,6,22,1,0,3.0,0.0032502708559046588,0.0,0.9726114285714286,0.7704497142857143,0.9543937142857144,0,0.5496
6,5,22,1,0,3.0,0.003926701570680628,0.0,0.9579948863636364,0.6420017045454546,0.9496204545454544,0,0.5239
14,5,22,1,0,6.0,0.007772020725388601,0.0,0.9595845714285716,0.6536731428571428,0.9767611428571428,0,1.0
22,6,22,1,0,2.0,0.002600780234070221,0.10709635447710752,0.960858757062147,0.6334305084745763,0.9482943502824858,1,0.3033
14,5,22,1,0,6.0,0.006066734074823054,0.0,0.9698011363636364,0.75509375,0.9680863636363636,0,0.7737
22,6,22,1,0,4.0,0.0038684719535783366,0.0,0.9699949438202248,0.7404140449438202,0.9610904494382022,0,0.3912
6,5,22,1,1,5.0,0.006172839506172839,0.0,0.9694767045454546,0.7222562499999999,0.9522732954545454,0,1.0
14,5,22,1,1,3.0,0.0033707865168539327,0.0,0.970316384180791,0.7160909604519774,0.958379661016949,0,0.648
22,6,22,1,1,3.0,0.003121748178980229,0.0,0.9707780898876404,0.6486887640449438,0.9695876404494382,0,0.8616
6,5,22,1,1,4.0,0.005594405594405594,0.10709635447710752,0.9605514124293784,0.6269536723163842,0.9538604519774012,1,0.539
14,5,22,1,1,6.0,0.008053691275167786,0.10709635447710752,0.961474431818182,0.6564625000000001,0.9428977272727272,1,0.2804
22,6,22,1,1,1.0,0.001314060446780552,0.0,0.9596569832402236,0.6435245810055866,0.9638513966480448,0,0.2568
6,5,22,1,1,5.0,0.004995004995004995,0.0,0.965764,0.7633297142857142,0.9598091428571428,0,0.8422
6,5,22,1,2,2.0,0.0019047619047619048,0.05979166552424431,0.9684011363636364,0.7713215909090909,0.9683693181818182,1,0.4701
14,5,22,1,2,4.0,0.0038095238095238095,0.10208333283662796,0.9675180790960451,0.7758463276836158,0.9586621468926554,1,0.3974
22,6,22,1,2,4.0,0.004347826086956522,0.0,0.9660954545454546,0.7738732954545454,0.9695846590909092,0,0.873
14,5,22,1,2,6.0,0.007863695937090432,0.0,0.9717162921348316,0.6548410112359551,0.9551494382022472,0,0.3815
6,5,22,1,2,6.0,0.005970149253731343,0.10709635447710752,0.9558448863636364,0.7807528409090909,0.977555681818182,1,0.8712
14,5,22,1,2,4.0,0.004629629629629629,0.07975694537162781,0.959408,0.7887599999999999,0.9514285714285714,1,0.2895
6,5,22,1,3,6.0,0.010810810810810811,0.0,0.97625197740113,0.6071683615819209,0.9534841807909604,0,0.6558
22,6,22,1,3,6.0,0.007033997655334115,0.05756944417953491,0.9761469273743016,0.5908648044692737,0.9510592178770948,1,0.9424
6,5,22,1,3,5.0,0.005636978579481398,0.0,0.9577932203389832,0.7727412429378532,0.9548954802259888,0,1.0
14,5,22,1,3,2.0,0.0019286403085824494,0.0,0.9601118644067796,0.7691152542372881,0.9529186440677966,0,0.6667
6,5,22,1,3,2.0,0.0021008403361344537,0.0,0.970548275862069,0.7340936781609195,0.969635632183908,0,1.0
14,5,22,1,3,5.0,0.005733944954128441,0.0,0.9679265536723164,0.677564406779661,0.9646892655367232,0,0.4959
22,6,22,1,3,2.0,0.0024125452352231603,0.010659722611308098,0.9663485875706216,0.7424570621468926,0.9622666666666668,1,0.4376
6,6,22,1,0,5.0,0.004784688995215311,0.0,0.9714869318181818,0.7811892045454545,0.9603221590909092,0,0.9779
22,0,23,0,0,4.0,0.005633802816901409,0.10709635447710752,0.960858757062147,0.6334305084745763,0.9482943502824858,1,0.4751
14,6,22,1,0,4.0,0.0040941658137154556,0.0,0.9698011363636364,0.75509375,0.9680863636363636,0,0.4407
22,0,23,0,0,5.0,0.005330490405117271,0.0,0.9699949438202248,0.7404140449438202,0.9610904494382022,0,0.6358
6,6,22,1,1,6.0,0.006779661016949152,0.0,0.9694767045454546,0.7222562499999999,0.9522732954545454,0,0.6868
14,6,22,1,1,6.0,0.006688963210702341,0.0,0.970316384180791,0.7160909604519774,0.958379661016949,0,0.4033
22,0,23,0,1,3.0,0.004243281471004243,0.0,0.9707780898876404,0.6486887640449438,0.9695876404494382,0,0.4004
6,6,22,1,1,2.0,0.002509410288582183,0.0,0.9605514124293784,0.6269536723163842,0.9538604519774012,0,0.6409
14,6,22,1,1,4.0,0.005434782608695652,0.0,0.961474431818182,0.6564625000000001,0.9428977272727272,0,0.7033
22,0,23,0,1,5.0,0.006596306068601583,0.0,0.9596569832402236,0.6435245810055866,0.9638513966480448,0,0.4709
6,6,22,1,1,4.0,0.0038095238095238095,0.0,0.965764,0.7633297142857142,0.9598091428571428,0,1.0
14,6,22,1,1,6.0,0.006329113924050633,0.0,0.961093220338983,0.7580553672316385,0.9796604519774011,0,1.0
22,0,23,0,1,5.0,0.0050916496945010185,0.0,0.95955530726257,0.7858726256983241,0.97316312849162,0,0.5295
6,6,22,1,2,3.0,0.002857142857142857,0.0,0.9684011363636364,0.7713215909090909,0.9683693181818182,0,1.0
14,6,22,1,2,4.0,0.0038095238095238095,0.0,0.9675180790960451,0.7758463276836158,0.9586621468926554,0,0.709
22,0,23,0,2,2.0,0.0020242914979757085,0.0,0.9660954545454546,0.7738732954545454,0.9695846590909092,0,1.0
6,6,22,1,2,4.0,0.005412719891745603,0.0,0.9734926553672316,0.6269056497175142,0.955367231638418,0,0.8021
14,6,22,1,2,3.0,0.0035294117647058825,0.0,0.9717162921348316,0.6548410112359551,0.9551494382022472,0,1.0
22,0,23,0,2,2.0,0.002288329519450801,0.0,0.9691514450867053,0.6074329479768786,0.9537063583815028,0,1.0
6,6,22,1,2,6.0,0.005714285714285714,0.0,0.9558448863636364,0.7807528409090909,0.977555681818182,0,0.3208
14,6,22,1,2,5.0,0.005040322580645161,0.0,0.959408,0.7887599999999999,0.9514285714285714,0,0.8711
22,0,23,0,2,3.0,0.0031479538300104933,0.0,0.9592327485380115,0.7542111111111112,0.97113216374269,0,1.0
6,6,22,1,3,4.0,0.006201550387596899,0.03656249865889549,0.97625197740113,0.6071683615819209,0.9534841807909604,1,0.3619
14,6,22,1,3,2.0,0.00315955766192733,0.0672222226858139,0.9750948863636364,0.5983465909090909,0.9623090909090908,1,0.5376
22,0,23,0,3,5.0,0.008210180623973728,0.0,0.9761469273743016,0.5908648044692737,0.9510592178770948,0,0.4409
6,6,22,1,3,2.0,0.0019249278152069298,0.07409722357988358,0.9577932203389832,0.7727412429378532,0.9548954802259888,1,0.4921
14,6,22,1,3,1.0,0.0010857763300760044,0.05253472179174423,0.9601118644067796,0.7691152542372881,0.9529186440677966,1,0.4218
22,0,23,0,3,6.0,0.006688963210702341,0.0,0.9582296511627908,0.8025308139534885,0.9455558139534884,0,1.0
6,6,22,1,3,4.0,0.004767580452920143,0.020972222089767456,0.970548275862069,0.7340936781609195,0.969635632183908,1,0.979
14,6,22,1,3,2.0,0.002152852529601722,0.025624999776482582,0.9679265536723164,0.677564406779661,0.9646892655367232,1,0.6496
22,0,23,0,3,4.0,0.004273504273504274,0.0,0.9663485875706216,0.7424570621468926,0.9622666666666668,0,1.0
6,0,23,0,0,2.0,0.002061855670103093,0.10709635447710752,0.9714869318181818,0.7811892045454545,0.9603221590909092,1,0.4591
14,0,23,0,0,2.0,0.0019047619047619048,0.10709635447710752,0.9732103448275864,0.7720936781609196,0.9673367816091952,1,0.3413
22,1,23,0,0,2.0,0.0019047619047619048,0.0,0.9726114285714286,0.7704497142857143,0.9543937142857144,0,1.0
6,0,23,0,0,3.0,0.0034482758620689655,0.06847222149372101,0.9579948863636364,0.6420017045454546,0.9496204545454544,1,0.9315
14,0,23,0,0,5.0,0.007072135785007072,0.08059027791023254,0.9595845714285716,0.6536731428571428,0.9767611428571428,1,0.2234
22,1,23,0,0,5.0,0.006811989100817439,0.0,0.960858757062147,0.6334305084745763,0.9482943502824858,0,0.5067
6,0,23,0,0,2.0,0.002183406113537118,0.0,0.9711568965517242,0.7715344827586208,0.9542132183908044,0,1.0
14,0,23,0,0,5.0,0.005555555555555556,0.0,0.9698011363636364,0.75509375,0.9680863636363636,0,0.8772
22,1,23,0,0,4.0,0.004,0.0,0.9699949438202248,0.7404140449438202,0.9610904494382022,0,0.8007
6,0,23,0,1,2.0,0.002229654403567447,0.0,0.9694767045454546,0.7222562499999999,0.9522732954545454,0,0.385
14,0,23,0,1,2.0,0.0020554984583761563,0.0,0.970316384180791,0.7160909604519774,0.958379661016949,0,0.7068
22,1,23,0,1,3.0,0.004213483146067416,0.0,0.9707780898876404,0.6486887640449438,0.9695876404494382,0,0.6883
6,0,23,0,1,4.0,0.005610098176718092,0.0,0.9605514124293784,0.6269536723163842,0.9538604519774012,0,0.611
14,0,23,0,1,4.0,0.004651162790697674,0.0,0.961474431818182,0.6564625000000001,0.9428977272727272,0,0.9983
22,1,23,0,1,3.0,0.0035169988276670576,0.0,0.9596569832402236,0.6435245810055866,0.9638513966480448,0,1.0
6,0,23,0,1,1.0,0.0009523809523809524,0.0,0.965764,0.7633297142857142,0.9598091428571428,0,0.1572
14,0,23,0,1,3.0,0.003076923076923077,0.0,0.961093220338983,0.7580553672316385,0.9796604519774011,0,0.6456
22,1,23,0,1,4.0,0.004561003420752566,0.0,0.95955530726257,0.7858726256983241,0.97316312849162,0,1.0
6,0,23,0,2,3.0,0.003243243243243243,0.0,0.9684011363636364,0.7713215909090909,0.9683693181818182,0,0.6752
14,0,23,0,2,2.0,0.0021141649048625794,0.0,0.9675180790960451,0.7758463276836158,0.9586621468926554,0,0.7036
22,1,23,0,2,3.0,0.002857142857142857,0.09861110895872116,0.9660954545454546,0.7738732954545454,0.9695846590909092,1,0.9014
6,0,23,0,2,4.0,0.005578800557880056,0.0,0.9734926553672316,0.6269056497175142,0.955367231638418,0,0.2828
14,0,23,0,2,3.0,0.003973509933774834,0.0,0.9717162921348316,0.6548410112359551,0.9551494382022472,0,0.3497
22,1,23,0,2,2.0,0.0024154589371980675,0.0,0.9691514450867053,0.6074329479768786,0.9537063583815028,0,0.6687
6,0,23,0,2,3.0,0.0037174721189591076,0.0,0.9558448863636364,0.7807528409090909,0.977555681818182,0,0.9168
14,0,23,0,2,4.0,0.004296455424274973,0.0,0.959408,0.7887599999999999,0.9514285714285714,0,1.0
22,1,23,0,2,1.0,0.0009523809523809524,0.0,0.9592327485380115,0.7542111111111112,0.97113216374269,0,0.8043
6,0,23,0,3,3.0,0.005253940455341506,0.0,0.97625197740113,0.6071683615819209,0.9534841807909604,0,0.5945
14,0,23,0,3,4.0,0.0050062578222778474,0.0,0.9750948863636364,0.5983465909090909,0.9623090909090908,0,1.0
22,1,23,0,3,3.0,0.0038314176245210726,0.0,0.9761469273743016,0.5908648044692737,0.9510592178770948,0,0.6688
6,0,23,0,3,4.0,0.0045662100456621,0.0,0.9577932203389832,0.7727412429378532,0.9548954802259888,0,0.7772
14,0,23,0,3,6.0,0.005714285714285714,0.0,0.9601118644067796,0.7691152542372881,0.9529186440677966,0,0.5265
22,1,23,0,3,3.0,0.0035714285714285713,0.025729166343808174,0.9582296511627908,0.8025308139534885,0.9455558139534884,1,0.4781
6,0,23,0,3,3.0,0.0036231884057971015,0.0,0.970548275862069,0.7340936781609195,0.969635632183908,0,0.6541
14,0,23,0,3,2.0,0.0020512820512820513,0.0,0.9679265536723164,0.677564406779661,0.9646892655367232,0,0.4587
22,1,23,0,3,1.0,0.0010741138560687433,0.10709635447710752,0.9663485875706216,0.7424570621468926,0.9622666666666668,1,0.385
6,1,23,0,0,6.0,0.005714285714285714,0.0,0.9714869318181818,0.7811892045454545,0.9603221590909092,0,1.0
14,1,23,0,0,2.0,0.0022271714922048997,0.0,0.9732103448275864,0.7720936781609196,0.9673367816091952,0,0.4241
22,2,23,0,0,5.0,0.004868549172346641,0.0951041653752327,0.9726114285714286,0.7704497142857143,0.9543937142857144,1,0.7267
6,1,23,0,0,2.0,0.0025380710659898475,0.0,0.9579948863636364,0.6420017045454546,0.9496204545454544,0,1.0
14,1,23,0,0,4.0,0.00522875816993464,0.0,0.9595845714285716,0.6536731428571428,0.9767611428571428,0,0.7562
22,2,23,0,0,4.0,0.005,0.0,0.960858757062147,0.6334305084745763,0.9482943502824858,0,0.9869
6,1,23,0,0,2.0,0.0021231422505307855,0.0,0.9711568965517242,0.7715344827586208,0.9542132183908044,0,0.7408
14,1,23,0,0,2.0,0.0019665683382497543,0.0,0.9698011363636364,0.75509375,0.9680863636363636,0,1.0
22,2,23,0,0,7.0,0.00823529411764706,0.0,0.9699949438202248,0.7404140449438202,0.9610904494382022,0,0.6929
6,1,23,0,1,3.0,0.0034602076124567475,0.0,0.9694767045454546,0.7222562499999999,0.9522732954545454,0,0.3504
14,1,23,0,1,3.0,0.0029615004935834156,0.0,0.970316384180791,0.7160909604519774,0.958379661016949,0,0.7112
22,2,23,0,1,6.0,0.006042296072507553,0.0,0.9707780898876404,0.6486887640449438,0.9695876404494382,0,0.4396
6,1,23,0,1,3.0,0.0053475935828877,0.0,0.9605514124293784,0.6269536723163842,0.9538604519774012,0,0.2384
14,1,23,0,1,2.0,0.0026041666666666665,0.0,0.961474431818182,0.6564625000000001,0.9428977272727272,0,0.5501
22,2,23,0,1,3.0,0.0036363636363636364,0.0,0.9596569832402236,0.6435245810055866,0.9638513966480448,0,0.6851
6,1,23,0,1,5.0,0.005122950819672131,0.0,0.965764,0.7633297142857142,0.9598091428571428,0,1.0
14,1,23,0,1,5.0,0.004761904761904762,0.0,0.961093220338983,0.7580553672316385,0.9796604519774011,0,0.7095
22,2,23,0,1,3.0,0.0031479538300104933,0.0,0.95955530726257,0.7858726256983241,0.97316312849162,0,1.0
6,1,23,0,2,4.0,0.004214963119072708,0.10709635447710752,0.9684011363636364,0.7713215909090909,0.9683693181818182,1,0.5496
14,1,23,0,2,4.0,0.0038095238095238095,0.043958332389593124,0.9675180790960451,0.7758463276836158,0.9586621468926554,1,0.7105
22,2,23,0,2,1.0,0.001287001287001287,0.10709635447710752,0.9660954545454546,0.7738732954545454,0.9695846590909092,1,0.3525
6,1,23,0,2,6.0,0.007989347536617843,0.0,0.9734926553672316,0.6269056497175142,0.955367231638418,0,0.3447
14,1,23,0,2,4.0,0.004866180048661801,0.0,0.9717162921348316,0.6548410112359551,0.9551494382022472,0,0.7261
22,2,23,0,2,2.0,0.0027359781121751026,0.10709635447710752,0.9691514450867053,0.6074329479768786,0.9537063583815028,1,0.5635
6,1,23,0,2,3.0,0.0031746031746031746,0.0,0.9558448863636364,0.7807528409090909,0.977555681818182,0,1.0
14,1,23,0,2,4.0,0.004081632653061225,0.0,0.959408,0.7887599999999999,0.9514285714285714,0,0.947
22,2,23,0,2,3.0,0.0030864197530864196,0.0,0.9592327485380115,0.7542111111111112,0.97113216374269,0,0.4026
6,1,23,0,3,4.0,0.005509641873278237,0.0,0.97625197740113,0.6071683615819209,0.9534841807909604,0,1.0
14,1,23,0,3,4.0,0.004689331770222743,0.0,0.9750948863636364,0.5983465909090909,0.9623090909090908,0,0.2553
22,2,23,0,3,4.0,0.00558659217877095,0.0,0.9761469273743016,0.5908648044692737,0.9510592178770948,0,0.2773
6,1,23,0,3,4.0,0.0038095238095238095,0.023749999701976776,0.9577932203389832,0.7727412429378532,0.9548954802259888,1,0.9762
14,1,23,0,3,6.0,0.006362672322375398,0.025104166939854622,0.9601118644067796,0.7691152542372881,0.9529186440677966,1,0.9064
22,2,23,0,3,1.0,0.0010193679918450561,0.0,0.9582296511627908,0.8025308139534885,0.9455558139534884,0,0.9657
6,1,23,0,3,4.0,0.0047562425683709865,0.10709635447710752,0.970548275862069,0.7340936781609195,0.969635632183908,1,0.7183
14,1,23,0,3,5.0,0.005387931034482759,0.10709635447710752,0.9679265536723164,0.677564406779661,0.9646892655367232,1,0.5017
22,2,23,0,3,4.0,0.004362050163576881,0.0,0.9663485875706216,0.7424570621468926,0.9622666666666668,0,0.3445
6,2,23,0,0,2.0,0.002053388090349076,0.04437499865889549,0.9714869318181818,0.7811892045454545,0.9603221590909092,1,0.3239
14,2,23,0,0,6.0,0.0057859209257473485,0.05180555582046509,0.9732103448275864,0.7720936781609196,0.9673367816091952,1,0.9482
22,3,23,0,0,4.0,0.0041109969167523125,0.07795138657093048,0.9726114285714286,0.7704497142857143,0.9543937142857144,1,0.267
6,2,23,0,0,3.0,0.00392156862745098,0.0,0.9579948863636364,0.6420017045454546,0.9496204545454544,0,0.7145
14,2,23,0,0,2.0,0.002962962962962963,0.0,0.9595845714285716,0.6536731428571428,0.9767611428571428,0,0.8386
22,3,23,0,0,1.0,0.001488095238095238,0.0,0.960858757062147,0.6334305084745763,0.9482943502824858,0,0.8976
6,2,23,0,0,5.0,0.005122950819672131,0.0,0.9711568965517242,0.7715344827586208,0.9542132183908044,0,0.3545
14,2,23,0,0,6.0,0.006920415224913495,0.0,0.9698011363636364,0.75509375,0.9680863636363636,0,0.6093
22,3,23,0,0,3.0,0.002857142857142857,0.07277777791023254,0.9699949438202248,0.7404140449438202,0.9610904494382022,1,0.9272
6,2,23,0,1,4.0,0.004469273743016759,0.0,0.9694767045454546,0.7222562499999999,0.9522732954545454,0,0.8748
14,2,23,0,1,5.0,0.007331378299120235,0.0,0.970316384180791,0.7160909604519774,0.958379661016949,0,0.6687
22,3,23,0,1,3.0,0.0033975084937712344,0.0,0.9707780898876404,0.6486887640449438,0.9695876404494382,0,1.0
6,2,23,0,1,2.0,0.00234192037470726,0.0,0.9605514124293784,0.6269536723163842,0.9538604519774012,0,0.2509
14,2,23,0,1,2.0,0.0030303030303030303,0.0,0.961474431818182,0.6564625000000001,0.9428977272727272,0,0.6932
22,3,23,0,1,3.0,0.004518072289156626,0.0,0.9596569832402236,0.6435245810055866,0.9638513966480448,0,0.5208
6,2,23,0,1,5.0,0.004761904761904762,0.0,0.965764,0.7633297142857142,0.9598091428571428,0,1.0
14,2,23,0,1,3.0,0.0031088082901554403,0.0,0.961093220338983,0.7580553672316385,0.9796604519774011,0,0.6293
22,3,23,0,1,6.0,0.007058823529411765,0.07493055611848831,0.95955530726257,0.7858726256983241,0.97316312849162,1,0.3926
6,2,23,0,2,4.0,0.003988035892323031,0.10709635447710752,0.9684011363636364,0.7713215909090909,0.9683693181818182,1,0.722
14,2,23,0,2,3.0,0.0029182879377431907,0.10709635447710752,0.9675180790960451,0.7758463276836158,0.9586621468926554,1,0.5676
22,3,23,0,2,4.0,0.004197271773347324,0.0,0.9660954545454546,0.7738732954545454,0.9695846590909092,0,1.0
6,2,23,0,2,4.0,0.0055248618784530384,0.07229166477918625,0.9734926553672316,0.6269056497175142,0.955367231638418,1,0.8884
14,2,23,0,2,3.0,0.004225352112676056,0.10709635447710752,0.9717162921348316,0.6548410112359551,0.9551494382022472,1,0.6131
22,3,23,0,2,5.0,0.006377551020408163,0.0,0.9691514450867053,0.6074329479768786,0.9537063583815028,0,0.7027
6,2,23,0,2,6.0,0.0057306590257879654,0.0,0.9558448863636364,0.7807528409090909,0.977555681818182,0,1.0
14,2,23,0,2,5.0,0.004761904761904762,0.0,0.959408,0.7887599999999999,0.9514285714285714,0,1.0
22,3,23,0,2,2.0,0.001951219512195122,0.0,0.9592327485380115,0.7542111111111112,0.97113216374269,0,0.2257
6,2,23,0,3,3.0,0.004291845493562232,0.0,0.97625197740113,0.6071683615819209,0.9534841807909604,0,0.9512
14,2,23,0,3,5.0,0.007462686567164179,0.0,0.9750948863636364,0.5983465909090909,0.9623090909090908,0,0.4154
22,3,23,0,3,6.0,0.010638297872340425,0.10402777791023254,0.9761469273743016,0.5908648044692737,0.9510592178770948,1,0.5393
6,2,23,0,3,5.0,0.004761904761904762,0.0,0.9577932203389832,0.7727412429378532,0.9548954802259888,0,0.9403
14,2,23,0,3,3.0,0.002857142857142857,0.0,0.9601118644067796,0.7691152542372881,0.9529186440677966,0,0.6554
22,3,23,0,3,2.0,0.0023612750885478157,0.01406249962747097,0.9582296511627908,0.8025308139534885,0.9455558139534884,1,0.9859
6,2,23,0,3,5.0,0.004784688995215311,0.0,0.970548275862069,0.7340936781609195,0.969635632183908,0,0.3338
14,2,23,0,3,5.0,0.006195786864931847,0.0,0.9679265536723164,0.677564406779661,0.9646892655367232,0,0.3974
22,3,23,0,3,2.0,0.0021482277121374865,0.0,0.9663485875706216,0.7424570621468926,0.9622666666666668,0,0.364
6,3,23,0,0,6.0,0.0063025210084033615,0.10709635447710752,0.9714869318181818,0.7811892045454545,0.9603221590909092,1,0.7487
14,3,23,0,0,5.0,0.005296610169491525,0.10709635447710752,0.9732103448275864,0.7720936781609196,0.9673367816091952,1,0.4586
22,4,23,0,0,4.0,0.0038095238095238095,0.10709635447710752,0.9726114285714286,0.7704497142857143,0.9543937142857144,2,0.388
6,3,23,0,0,4.0,0.005076142131979695,0.0,0.9579948863636364,0.6420017045454546,0.9496204545454544,0,0.7385
14,3,23,0,0,4.0,0.005571030640668524,0.0,0.9595845714285716,0.6536731428571428,0.9767611428571428,0,0.8132
22,4,23,0,0,3.0,0.004005340453938585,0.0,0.960858757062147,0.6334305084745763,0.9482943502824858,0,0.6759
6,3,23,0,0,4.0,0.0038131553860819827,0.03975694626569748,0.9711568965517242,0.7715344827586208,0.9542132183908044,1,0.9602
14,3,23,0,0,4.0,0.003980099502487562,0.05763888731598854,0.9698011363636364,0.75509375,0.9680863636363636,1,0.9424
22,4,23,0,0,5.0,0.006313131313131313,0.0,0.9699949438202248,0.7404140449438202,0.9610904494382022,0,0.4604
6,3,23,0,1,2.0,0.0024691358024691358,0.0,0.9694767045454546,0.7222562499999999,0.9522732954545454,0,0.8145
14,3,23,0,1,6.0,0.006507592190889371,0.0,0.970316384180791,0.7160909604519774,0.958379661016949,0,0.8471
22,4,23,0,1,4.0,0.004219409282700422,0.10709635447710752,0.9707780898876404,0.6486887640449438,0.9695876404494382,1,0.7677
6,3,23,0,1,5.0,0.008319467554076539,0.0,0.9605514124293784,0.6269536723163842,0.9538604519774012,0,0.6377
14,3,23,0,1,2.0,0.002936857562408223,0.0,0.961474431818182,0.6564625000000001,0.9428977272727272,0,0.768
22,4,23,0,1,5.0,0.0075528700906344415,0.10709635447710752,0.9596569832402236,0.6435245810055866,0.9638513966480448,1,0.7917
6,3,23,0,1,2.0,0.0019047619047619048,0.09878472238779068,0.965764,0.7633297142857142,0.9598091428571428,1,0.9012
14,3,23,0,1,6.0,0.005714285714285714,0.09229166805744171,0.961093220338983,0.7580553672316385,0.9796604519774011,1,0.9077
22,4,23,0,1,2.0,0.002053388090349076,0.0,0.95955530726257,0.7858726256983241,0.97316312849162,0,0.7061
6,3,23,0,2,5.0,0.005605381165919282,0.0,0.9684011363636364,0.7713215909090909,0.9683693181818182,0,0.8333
14,3,23,0,2,2.0,0.0022002200220022,0.0,0.9675180790960451,0.7758463276836158,0.9586621468926554,0,0.6732
22,4,23,0,2,4.0,0.003952569169960474,0.0,0.9660954545454546,0.7738732954545454,0.9695846590909092,0,0.3925
6,3,23,0,2,3.0,0.003484320557491289,0.0,0.9734926553672316,0.6269056497175142,0.955367231638418,0,0.7552
14,3,23,0,2,3.0,0.004622496147919877,0.0,0.9717162921348316,0.6548410112359551,0.9551494382022472,0,0.2729
22,4,23,0,2,3.0,0.004491017964071856,0.0,0.9691514450867053,0.6074329479768786,0.9537063583815028,0,0.4119
6,3,23,0,2,6.0,0.005714285714285714,0.0,0.9558448863636364,0.7807528409090909,0.977555681818182,0,1.0
14,3,23,0,2,4.0,0.004048582995951417,0.0,0.959408,0.7887599999999999,0.9514285714285714,0,0.8573
22,4,23,0,2,5.0,0.005149330587023687,0.0,0.9592327485380115,0.7542111111111112,0.97113216374269,0,0.5415
6,3,23,0,3,4.0,0.005571030640668524,0.10709635447710752,0.97625197740113,0.6071683615819209,0.9534841807909604,1,0.3268
14,3,23,0,3,6.0,0.0076726342710997444,0.10709635447710752,0.9750948863636364,0.5983465909090909,0.9623090909090908,1,0.8715
22,4,23,0,3,4.0,0.005148005148005148,0.0,0.9761469273743016,0.5908648044692737,0.9510592178770948,0,0.3033
6,3,23,0,3,4.0,0.004489337822671156,0.016909722238779068,0.9577932203389832,0.7727412429378532,0.9548954802259888,1,0.9826
14,3,23,0,3,2.0,0.002152852529601722,0.030173610895872116,0.9601118644067796,0.7691152542372881,0.9529186440677966,1,0.3578
22,4,23,0,3,6.0,0.005714285714285714,0.04739583283662796,0.9582296511627908,0.8025308139534885,0.9455558139534884,1,0.9526
6,3,23,0,3,3.0,0.0035252643948296123,0.0,0.970548275862069,0.7340936781609195,0.969635632183908,0,1.0
14,3,23,0,3,4.0,0.004232804232804233,0.0,0.9679265536723164,0.677564406779661,0.9646892655367232,0,0.5334
22,4,23,0,3,3.0,0.0037128712871287127,0.0,0.9663485875706216,0.7424570621468926,0.9622666666666668,0,0.9385
6,4,23,0,0,4.0,0.0038095238095238095,0.10709635447710752,0.9714869318181818,0.7811892045454545,0.9603221590909092,2,0.7801
14,4,23,0,0,5.0,0.00562429696287964,0.10709635447710752,0.9732103448275864,0.7720936781609196,0.9673367816091952,2,0.4615
22,5,23,1,0,2.0,0.0022497187851518562,0.03631944581866264,0.9726114285714286,0.7704497142857143,0.9543937142857144,1,0.9637
6,4,23,0,0,3.0,0.0038560411311053984,0.0,0.9579948863636364,0.6420017045454546,0.9496204545454544,0,0.4394
14,4,23,0,0,4.0,0.005128205128205128,0.0,0.9595845714285716,0.6536731428571428,0.9767611428571428,0,0.3009
22,5,23,1,0,6.0,0.008583690987124463,0.10709635447710752,0.960858757062147,0.6334305084745763,0.9482943502824858,1,0.5619
6,4,23,0,0,4.0,0.004944375772558714,0.0,0.9711568965517242,0.7715344827586208,0.9542132183908044,0,0.6713
14,4,23,0,0,6.0,0.0065717415115005475,0.0,0.9698011363636364,0.75509375,0.9680863636363636,0,0.6778
22,5,23,1,0,5.0,0.005128205128205128,0.0,0.9699949438202248,0.7404140449438202,0.9610904494382022,0,0.5698
6,4,23,0,1,2.0,0.002457002457002457,0.10709635447710752,0.9694767045454546,0.7222562499999999,0.9522732954545454,1,0.6758
14,4,23,0,1,5.0,0.005005005005005005,0.10709635447710752,0.970316384180791,0.7160909604519774,0.958379661016949,1,0.2848
22,5,23,1,1,5.0,0.005945303210463734,0.0,0.9707780898876404,0.6486887640449438,0.9695876404494382,0,0.8333
6,4,23,0,1,2.0,0.002631578947368421,0.10709635447710752,0.9605514124293784,0.6269536723163842,0.9538604519774012,1,0.7875
14,4,23,0,1,2.0,0.0025157232704402514,0.10709635447710752,0.961474431818182,0.6564625000000001,0.9428977272727272,1,0.4485
22,5,23,1,1,2.0,0.0025673940949935813,0.0,0.9596569832402236,0.6435245810055866,0.9638513966480448,0,0.4225
6,4,23,0,1,5.0,0.004911591355599214,0.0,0.965764,0.7633297142857142,0.9598091428571428,0,0.4737
14,4,23,0,1,6.0,0.007281553398058253,0.0,0.961093220338983,0.7580553672316385,0.9796604519774011,0,0.8818
22,5,23,1,1,5.0,0.005159958720330237,0.0,0.95955530726257,0.7858726256983241,0.97316312849162,0,0.316
6,4,23,0,2,5.0,0.004770992366412214,0.0,0.9684011363636364,0.7713215909090909,0.9683693181818182,0,1.0
14,4,23,0,2,2.0,0.002026342451874367,0.0,0.9675180790960451,0.7758463276836158,0.9586621468926554,0,0.5775
22,5,23,1,2,6.0,0.006289308176100629,0.0,0.9660954545454546,0.7738732954545454,0.9695846590909092,0,0.8571
6,4,23,0,2,4.0,0.00461361014994233,0.0,0.9734926553672316,0.6269056497175142,0.955367231638418,0,0.5337
14,4,23,0,2,4.0,0.005361930294906166,0.0,0.9717162921348316,0.6548410112359551,0.9551494382022472,0,0.8872
22,5,23,1,2,4.0,0.0048134777376654635,0.022187499329447746,0.9691514450867053,0.6074329479768786,0.9537063583815028,1,0.7822
6,4,23,0,2,3.0,0.002857142857142857,0.0,0.9558448863636364,0.7807528409090909,0.977555681818182,0,0.397
14,4,23,0,2,3.0,0.002857142857142857,0.0,0.959408,0.7887599999999999,0.9514285714285714,0,0.75
22,5,23,1,2,6.0,0.005714285714285714,0.0,0.9592327485380115,0.7542111111111112,0.97113216374269,0,0.6406
6,4,23,0,3,5.0,0.006631299734748011,0.0,0.97625197740113,0.6071683615819209,0.9534841807909604,0,0.8624
14,4,23,0,3,5.0,0.00715307582260372,0.0,0.9750948863636364,0.5983465909090909,0.9623090909090908,0,0.7832
22,5,23,1,3,6.0,0.00860832137733142,0.0,0.9761469273743016,0.5908648044692737,0.9510592178770948,0,0.4669
6,4,23,0,3,6.0,0.006309148264984227,0.03322916850447655,0.9577932203389832,0.7727412429378532,0.9548954802259888,1,0.6879
14,4,23,0,3,2.0,0.002074688796680498,0.06951388716697693,0.9601118644067796,0.7691152542372881,0.9529186440677966,1,0.408
22,5,23,1,3,4.0,0.0042643923240938165,0.0,0.9582296511627908,0.8025308139534885,0.9455558139534884,0,0.3192
6,4,23,0,3,2.0,0.002012072434607646,0.0,0.970548275862069,0.7340936781609195,0.969635632183908,0,1.0
14,4,23,0,3,2.0,0.002380952380952381,0.0,0.9679265536723164,0.677564406779661,0.9646892655367232,0,0.3681
22,5,23,1,3,5.0,0.005681818181818182,0.0,0.9663485875706216,0.7424570621468926,0.9622666666666668,0,0.3942
6,5,23,1,0,2.0,0.0019047619047619048,0.028923610225319862,0.9714869318181818,0.7811892045454545,0.9603221590909092,1,0.6474
14,5,23,1,0,5.0,0.005,0.023645833134651184,0.9732103448275864,0.7720936781609196,0.9673367816091952,1,0.9764
22,6,23,1,0,5.0,0.005219206680584551,0.0,0.9726114285714286,0.7704497142857143,0.9543937142857144,0,0.8842
6,5,23,1,0,6.0,0.007936507936507936,0.10709635447710752,0.9579948863636364,0.6420017045454546,0.9496204545454544,1,0.4825
14,5,23,1,0,4.0,0.005277044854881266,0.10709635447710752,0.9595845714285716,0.6536731428571428,0.9767611428571428,1,0.7981
22,6,23,1,0,3.0,0.004273504273504274,0.10709635447710752,0.960858757062147,0.6334305084745763,0.9482943502824858,1,0.7215
14,5,23,1,0,2.0,0.002544529262086514,0.0,0.9698011363636364,0.75509375,0.9680863636363636,0,0.6303
22,6,23,1,0,5.0,0.0053533190578158455,0.10709635447710752,0.9699949438202248,0.7404140449438202,0.9610904494382022,1,0.8602
6,5,23,1,1,2.0,0.0023837902264600714,0.0,0.9694767045454546,0.7222562499999999,0.9522732954545454,0,0.5766
14,5,23,1,1,5.0,0.006596306068601583,0.0,0.970316384180791,0.7160909604519774,0.958379661016949,0,0.2547
22,6,23,1,1,2.0,0.0024630541871921183,0.0,0.9707780898876404,0.6486887640449438,0.9695876404494382,0,0.5766
6,5,23,1,1,6.0,0.00881057268722467,0.0,0.9605514124293784,0.6269536723163842,0.9538604519774012,0,0.6876
14,5,23,1,1,5.0,0.006165228113440197,0.0,0.961474431818182,0.6564625000000001,0.9428977272727272,0,0.6389
22,6,23,1,1,5.0,0.006934812760055479,0.054131943732500076,0.9596569832402236,0.6435245810055866,0.9638513966480448,1,0.2939
6,5,23,1,1,4.0,0.0038095238095238095,0.0,0.965764,0.7633297142857142,0.9598091428571428,0,1.0
14,5,23,1,1,6.0,0.005714285714285714,0.0,0.961093220338983,0.7580553672316385,0.9796604519774011,0,1.0
22,6,23,1,1,8.0,0.008714596949891068,0.0,0.95955530726257,0.7858726256983241,0.97316312849162,0,0.5323
6,5,23,1,2,3.0,0.002857142857142857,0.0,0.9684011363636364,0.7713215909090909,0.9683693181818182,0,0.3365
14,5,23,1,2,3.0,0.003243243243243243,0.0,0.9675180790960451,0.7758463276836158,0.9586621468926554,0,1.0
22,6,23,1,2,1.0,0.0009523809523809524,0.0,0.9660954545454546,0.7738732954545454,0.9695846590909092,0,1.0
6,5,23,1,2,3.0,0.004651162790697674,0.014375000260770321,0.9734926553672316,0.6269056497175142,0.955367231638418,1,0.8421
14,5,23,1,2,3.0,0.0038119440914866584,0.012083332985639572,0.9717162921348316,0.6548410112359551,0.9551494382022472,1,0.7681
22,6,23,1,2,1.0,0.0011587485515643105,0.06920138746500015,0.9691514450867053,0.6074329479768786,0.9537063583815028,1,0.9308
6,5,23,1,2,3.0,0.0031446540880503146,0.0,0.9558448863636364,0.7807528409090909,0.977555681818182,0,0.6774
14,5,23,1,2,3.0,0.002857142857142857,0.0,0.959408,0.7887599999999999,0.9514285714285714,0,0.75
22,6,23,1,2,2.0,0.002061855670103093,0.0,0.9592327485380115,0.7542111111111112,0.97113216374269,0,0.4476
6,5,23,1,3,4.0,0.005649717514124294,0.0,0.97625197740113,0.6071683615819209,0.9534841807909604,0,0.2081
14,5,23,1,3,6.0,0.007853403141361256,0.0,0.9750948863636364,0.5983465909090909,0.9623090909090908,0,0.374
22,6,23,1,3,2.0,0.0030911901081916537,0.0,0.9761469273743016,0.5908648044692737,0.9510592178770948,0,0.753
6,5,23,1,3,2.0,0.0019047619047619048,0.0,0.9577932203389832,0.7727412429378532,0.9548954802259888,0,0.8349
14,5,23,1,3,6.0,0.005865102639296188,0.0,0.9601118644067796,0.7691152542372881,0.9529186440677966,0,1.0
22,6,23,1,3,4.0,0.0038498556304138597,0.0,0.9582296511627908,0.8025308139534885,0.9455558139534884,0,0.531
6,5,23,1,3,6.0,0.006928406466512702,0.0,0.970548275862069,0.7340936781609195,0.969635632183908,0,0.5915
14,5,23,1,3,3.0,0.0035335689045936395,0.0,0.9679265536723164,0.677564406779661,0.9646892655367232,0,0.4277
22,6,23,1,3,4.0,0.0038204393505253103,0.0,0.9663485875706216,0.7424570621468926,0.9622666666666668,0,1.0
6,6,23,1,0,4.0,0.004602991944764097,0.0,0.9714869318181818,0.7811892045454545,0.9603221590909092,0,0.5226
14,6,23,1,0,3.0,0.0029354207436399216,0.0,0.9732103448275864,0.7720936781609196,0.9673367816091952,0,0.75
22,0,24,0,0,3.0,0.003033367037411527,0.0,0.9726114285714286,0.7704497142857143,0.9543937142857144,0,0.4313
6,6,23,1,0,2.0,0.002635046113306983,0.0968402773141861,0.9579948863636364,0.6420017045454546,0.9496204545454544,1,0.7013
22,0,24,0,0,4.0,0.004624277456647399,0.10709635447710752,0.960858757062147,0.6334305084745763,0.9482943502824858,3,0.6887
6,6,23,1,0,6.0,0.006072874493927126,0.10709635447710752,0.9711568965517242,0.7715344827586208,0.9542132183908044,1,0.6683
14,6,23,1,0,5.0,0.00499001996007984,0.10709635447710752,0.9698011363636364,0.75509375,0.9680863636363636,1,0.7845
22,0,24,0,0,2.0,0.0021413276231263384,0.0,0.9699949438202248,0.7404140449438202,0.9610904494382022,0,0.9801
14,6,23,1,1,6.0,0.006772009029345372,0.0,0.970316384180791,0.7160909604519774,0.958379661016949,0,0.3658
22,0,24,0,1,6.0,0.006389776357827476,0.0,0.9707780898876404,0.6486887640449438,0.9695876404494382,0,0.5513
6,6,23,1,1,5.0,0.006954102920723227,0.050833333283662796,0.9605514124293784,0.6269536723163842,0.9538604519774012,1,0.8244
14,6,23,1,1,6.0,0.009345794392523364,0.029270833358168602,0.961474431818182,0.6564625000000001,0.9428977272727272,1,0.4149
22,0,24,0,1,4.0,0.005571030640668524,0.027638887986540794,0.9596569832402236,0.6435245810055866,0.9638513966480448,1,0.52
6,6,23,1,1,5.0,0.004826254826254826,0.0,0.965764,0.7633297142857142,0.9598091428571428,0,0.5048
14,6,23,1,1,6.0,0.006779661016949152,0.0,0.961093220338983,0.7580553672316385,0.9796604519774011,0,0.7701
22,0,24,0,1,3.0,0.002857142857142857,0.0,0.95955530726257,0.7858726256983241,0.97316312849162,0,0.4499
6,6,23,1,2,5.0,0.004761904761904762,0.0,0.9684011363636364,0.7713215909090909,0.9683693181818182,0,0.6854
14,6,23,1,2,3.0,0.002857142857142857,0.0,0.9675180790960451,0.7758463276836158,0.9586621468926554,0,0.4776
22,0,24,0,2,6.0,0.005952380952380952,0.0,0.9660954545454546,0.7738732954545454,0.9695846590909092,0,1.0
6,6,23,1,2,3.0,0.0047169811320754715,0.08354166895151138,0.9734926553672316,0.6269056497175142,0.955367231638418,1,0.5535
14,6,23,1,2,2.0,0.0025412960609911056,0.04444444552063942,0.9717162921348316,0.6548410112359551,0.9551494382022472,1,0.6545
6,6,23,1,2,5.0,0.004761904761904762,0.0,0.9558448863636364,0.7807528409090909,0.977555681818182,0,0.5731
14,6,23,1,2,4.0,0.003838771593090211,0.0,0.959408,0.7887599999999999,0.9514285714285714,0,1.0
22,0,24,0,2,5.0,0.004807692307692308,0.021562499925494194,0.9592327485380115,0.7542111111111112,0.97113216374269,1,0.308
6,6,23,1,3,6.0,0.008658008658008658,0.0,0.97625197740113,0.6071683615819209,0.9534841807909604,0,0.5087
14,6,23,1,3,2.0,0.0035026269702276708,0.0,0.9750948863636364,0.5983465909090909,0.9623090909090908,0,0.2655
6,6,23,1,3,3.0,0.002857142857142857,0.0,0.9577932203389832,0.7727412429378532,0.9548954802259888,0,1.0
14,6,23,1,3,6.0,0.007481296758104738,0.0,0.9601118644067796,0.7691152542372881,0.9529186440677966,0,0.6126
22,0,24,0,3,2.0,0.002028397565922921,0.10709635447710752,0.9582296511627908,0.8025308139534885,0.9455558139534884,2,0.5784
6,6,23,1,3,4.0,0.00423728813559322,0.0,0.970548275862069,0.7340936781609195,0.969635632183908,0,1.0
14,6,23,1,3,5.0,0.005707762557077625,0.0,0.9679265536723164,0.677564406779661,0.9646892655367232,0,0.4222
22,0,24,0,3,3.0,0.0033370411568409346,0.015104166232049465,0.9663485875706216,0.7424570621468926,0.9622666666666668,1,0.884
6,0,24,0,0,6.0,0.005714285714285714,0.0,0.9714869318181818,0.7811892045454545,0.9603221590909092,0,0.9446
14,0,24,0,0,3.0,0.0035211267605633804,0.0,0.9732103448275864,0.7720936781609196,0.9673367816091952,0,0.4591
22,1,24,0,0,5.0,0.005422993492407809,0.0,0.9726114285714286,0.7704497142857143,0.9543937142857144,0,0.4197
6,0,24,0,0,4.0,0.006289308176100629,0.10709635447710752,0.9579948863636364,0.6420017045454546,0.9496204545454544,3,0.793
14,0,24,0,0,4.0,0.004968944099378882,0.10709635447710752,0.9595845714285716,0.6536731428571428,0.9767611428571428,3,0.405
22,1,24,0,0,7.0,0.008526187576126675,0.0,0.960858757062147,0.6334305084745763,0.9482943502824858,0,0.9909
6,0,24,0,0,4.0,0.004149377593360996,0.0,0.9711568965517242,0.7715344827586208,0.9542132183908044,0,0.3799
14,0,24,0,0,4.0,0.004395604395604396,0.0,0.9698011363636364,0.75509375,0.9680863636363636,0,1.0
22,1,24,0,0,3.0,0.0030706243602865915,0.0,0.9699949438202248,0.7404140449438202,0.9610904494382022,0,1.0
6,0,24,0,1,2.0,0.002171552660152009,0.0,0.9694767045454546,0.7222562499999999,0.9522732954545454,0,0.3176
14,0,24,0,1,2.0,0.0025940337224383916,0.0,0.970316384180791,0.7160909604519774,0.958379661016949,0,0.7343
22,1,24,0,1,6.0,0.006185567010309278,0.0,0.9707780898876404,0.6486887640449438,0.9695876404494382,0,0.3513
6,0,24,0,1,6.0,0.00823045267489712,0.04715277627110481,0.9605514124293784,0.6269536723163842,0.9538604519774012,1,0.7984
14,0,24,0,1,3.0,0.004629629629629629,0.0460069440305233,0.961474431818182,0.6564625000000001,0.9428977272727272,1,0.2412
22,1,24,0,1,3.0,0.004207573632538569,0.0,0.9596569832402236,0.6435245810055866,0.9638513966480448,0,0.7078
6,0,24,0,1,2.0,0.002026342451874367,0.0,0.965764,0.7633297142857142,0.9598091428571428,0,0.5857
14,0,24,0,1,2.0,0.0021390374331550803,0.0,0.961093220338983,0.7580553672316385,0.9796604519774011,0,0.9132
22,1,24,0,1,5.0,0.004761904761904762,0.0,0.95955530726257,0.7858726256983241,0.97316312849162,0,0.3467
6,0,24,0,2,4.0,0.0038095238095238095,0.0,0.9684011363636364,0.7713215909090909,0.9683693181818182,0,0.5425
14,0,24,0,2,2.0,0.0020512820512820513,0.0,0.9675180790960451,0.7758463276836158,0.9586621468926554,0,0.6971
22,1,24,0,2,4.0,0.004790419161676647,0.10709635447710752,0.9660954545454546,0.7738732954545454,0.9695846590909092,1,0.8512
6,0,24,0,2,5.0,0.005980861244019139,0.0,0.9734926553672316,0.6269056497175142,0.955367231638418,0,1.0
14,0,24,0,2,5.0,0.0075075075075075074,0.0,0.9717162921348316,0.6548410112359551,0.9551494382022472,0,0.4997
22,1,24,0,2,4.0,0.005333333333333333,0.0,0.9691514450867053,0.6074329479768786,0.9537063583815028,0,0.3924
6,0,24,0,2,3.0,0.0029069767441860465,0.025138888508081436,0.9558448863636364,0.7807528409090909,0.977555681818182,1,0.8797
14,0,24,0,2,3.0,0.003121748178980229,0.009687500074505806,0.959408,0.7887599999999999,0.9514285714285714,1,0.5362
22,1,24,0,2,6.0,0.005714285714285714,0.10709635447710752,0.9592327485380115,0.7542111111111112,0.97113216374269,2,0.8824
6,0,24,0,3,2.0,0.0027548209366391185,0.0,0.97625197740113,0.6071683615819209,0.9534841807909604,0,0.3199
14,0,24,0,3,3.0,0.004545454545454545,0.0,0.9750948863636364,0.5983465909090909,0.9623090909090908,0,0.6359
22,1,24,0,3,3.0,0.003875968992248062,0.10709635447710752,0.9761469273743016,0.5908648044692737,0.9510592178770948,2,0.4668
6,0,24,0,3,3.0,0.002857142857142857,0.10709635447710752,0.9577932203389832,0.7727412429378532,0.9548954802259888,2,0.8428
14,0,24,0,3,5.0,0.004761904761904762,0.10709635447710752,0.9601118644067796,0.7691152542372881,0.9529186440677966,2,0.7401
22,1,24,0,3,5.0,0.005611672278338945,0.0,0.9582296511627908,0.8025308139534885,0.9455558139534884,0,0.4938
6,0,24,0,3,2.0,0.0022271714922048997,0.016736110672354698,0.970548275862069,0.7340936781609195,0.969635632183908,1,0.4508
14,0,24,0,3,4.0,0.003996003996003996,0.008368055336177349,0.9679265536723164,0.677564406779661,0.9646892655367232,1,0.9916
22,1,24,0,3,1.0,0.0010799136069114472,0.10709635447710752,0.9663485875706216,0.7424570621468926,0.9622666666666668,1,0.7954
6,1,24,0,0,3.0,0.0036363636363636364,0.0,0.9714869318181818,0.7811892045454545,0.9603221590909092,0,0.9407
14,1,24,0,0,3.0,0.002857142857142857,0.0,0.9732103448275864,0.7720936781609196,0.9673367816091952,0,1.0
22,2,24,0,0,0.0,0.0,0.0,0.9726114285714286,0.7704497142857143,0.9543937142857144,0,0.9666
6,1,24,0,0,6.0,0.007792207792207792,0.0,0.9579948863636364,0.6420017045454546,0.9496204545454544,0,0.451
14,1,24,0,0,3.0,0.004098360655737705,0.0,0.9595845714285716,0.6536731428571428,0.9767611428571428,0,0.1861
22,2,24,0,0,4.0,0.004914004914004914,0.10709635447710752,0.960858757062147,0.6334305084745763,0.9482943502824858,1,0.8314
6,1,24,0,0,5.0,0.005701254275940707,0.0,0.9711568965517242,0.7715344827586208,0.9542132183908044,0,0.7225
14,1,24,0,0,4.0,0.004153686396677051,0.0,0.9698011363636364,0.75509375,0.9680863636363636,0,0.4497
22,2,24,0,0,5.0,0.005506607929515419,0.0,0.9699949438202248,0.7404140449438202,0.9610904494382022,0,0.8686
6,1,24,0,1,3.0,0.003329633740288568,0.0,0.9694767045454546,0.7222562499999999,0.9522732954545454,0,0.712
14,1,24,0,1,2.0,0.002372479240806643,0.0,0.970316384180791,0.7160909604519774,0.958379661016949,0,0.5852
22,2,24,0,1,5.0,0.006747638326585695,0.09590277820825577,0.9707780898876404,0.6486887640449438,0.9695876404494382,2,0.4773
6,1,24,0,1,4.0,0.006872852233676976,0.0,0.9605514124293784,0.6269536723163842,0.9538604519774012,0,0.6404
14,1,24,0,1,3.0,0.004457652303120356,0.0,0.961474431818182,0.6564625000000001,0.9428977272727272,0,0.9181
22,2,24,0,1,7.0,0.009259259259259259,0.06100694462656975,0.9596569832402236,0.6435245810055866,0.9638513966480448,1,0.5455
6,1,24,0,1,6.0,0.006243496357960458,0.0,0.965764,0.7633297142857142,0.9598091428571428,0,1.0
14,1,24,0,1,4.0,0.0038095238095238095,0.0,0.961093220338983,0.7580553672316385,0.9796604519774011,0,0.4094
22,2,24,0,1,4.0,0.0048134777376654635,0.09017360955476761,0.95955530726257,0.7858726256983241,0.97316312849162,1,0.8116
6,1,24,0,2,5.0,0.00536480686695279,0.10709635447710752,0.9684011363636364,0.7713215909090909,0.9683693181818182,1,0.7423
14,1,24,0,2,3.0,0.002857142857142857,0.10709635447710752,0.9675180790960451,0.7758463276836158,0.9586621468926554,1,0.6008
22,2,24,0,2,4.0,0.0038910505836575876,0.10709635447710752,0.9660954545454546,0.7738732954545454,0.9695846590909092,1,0.7071
6,1,24,0,2,3.0,0.004901960784313725,0.0,0.9734926553672316,0.6269056497175142,0.955367231638418,0,0.4711
14,1,24,0,2,2.0,0.002157497303128371,0.0,0.9717162921348316,0.6548410112359551,0.9551494382022472,0,0.8375
22,2,24,0,2,4.0,0.005594405594405594,0.05805555731058121,0.9691514450867053,0.6074329479768786,0.9537063583815028,1,0.7748
6,1,24,0,2,5.0,0.005291005291005291,0.10709635447710752,0.9558448863636364,0.7807528409090909,0.977555681818182,2,0.8224
14,1,24,0,2,2.0,0.0022271714922048997,0.10709635447710752,0.959408,0.7887599999999999,0.9514285714285714,2,0.7418
22,2,24,0,2,4.0,0.0038095238095238095,0.10709635447710752,0.9592327485380115,0.7542111111111112,0.97113216374269,1,0.7914
6,1,24,0,3,6.0,0.009375,0.10709635447710752,0.97625197740113,0.6071683615819209,0.9534841807909604,2,0.8495
14,1,24,0,3,6.0,0.009375,0.10709635447710752,0.9750948863636364,0.5983465909090909,0.9623090909090908,2,0.7882
22,2,24,0,3,2.0,0.0032,0.03524305671453476,0.9761469273743016,0.5908648044692737,0.9510592178770948,1,0.5457
6,1,24,0,3,4.0,0.004700352526439483,0.0,0.9577932203389832,0.7727412429378532,0.9548954802259888,0,0.7845
14,1,24,0,3,2.0,0.0021164021164021165,0.0,0.9601118644067796,0.7691152542372881,0.9529186440677966,0,0.737
22,2,24,0,3,5.0,0.0051440329218107,0.0,0.9582296511627908,0.8025308139534885,0.9455558139534884,0,0.8333
6,1,24,0,3,4.0,0.004711425206124852,0.10708333551883698,0.970548275862069,0.7340936781609195,0.969635632183908,1,0.7143
14,1,24,0,3,4.0,0.004343105320304018,0.10709635447710752,0.9679265536723164,0.677564406779661,0.9646892655367232,1,0.7237
22,2,24,0,3,4.0,0.004424778761061947,0.0,0.9663485875706216,0.7424570621468926,0.9622666666666668,0,1.0
6,2,24,0,0,4.0,0.0038095238095238095,0.0,0.9714869318181818,0.7811892045454545,0.9603221590909092,0,1.0
14,2,24,0,0,2.0,0.0019047619047619048,0.0,0.9732103448275864,0.7720936781609196,0.9673367816091952,0,1.0
22,3,24,0,0,3.0,0.0028846153846153848,0.0,0.9726114285714286,0.7704497142857143,0.9543937142857144,0,0.75
6,2,24,0,0,5.0,0.006711409395973154,0.10709635447710752,0.9579948863636364,0.6420017045454546,0.9496204545454544,1,0.6998
14,2,24,0,0,6.0,0.009022556390977444,0.10709635447710752,0.9595845714285716,0.6536731428571428,0.9767611428571428,1,0.3417
22,3,24,0,0,4.0,0.004555808656036446,0.0,0.960858757062147,0.6334305084745763,0.9482943502824858,0,0.4049
6,2,24,0,0,4.0,0.004338394793926247,0.0,0.9711568965517242,0.7715344827586208,0.9542132183908044,0,0.274
14,2,24,0,0,4.0,0.0042643923240938165,0.0,0.9698011363636364,0.75509375,0.9680863636363636,0,0.7921
22,3,24,0,0,2.0,0.002098635886673662,0.0,0.9699949438202248,0.7404140449438202,0.9610904494382022,0,0.9252
6,2,24,0,1,3.0,0.0029585798816568047,0.05590277910232544,0.9694767045454546,0.7222562499999999,0.9522732954545454,2,0.9441
14,2,24,0,1,6.0,0.0071090047393364926,0.09725694358348846,0.970316384180791,0.7160909604519774,0.958379661016949,2,0.7045
22,3,24,0,1,5.0,0.006105006105006105,0.0,0.9707780898876404,0.6486887640449438,0.9695876404494382,0,0.8238
6,2,24,0,1,3.0,0.0037128712871287127,0.04958333447575569,0.9605514124293784,0.6269536723163842,0.9538604519774012,1,0.5723
14,2,24,0,1,4.0,0.0062402496099844,0.0676041692495346,0.961474431818182,0.6564625000000001,0.9428977272727272,1,0.6632
22,3,24,0,1,4.0,0.004830917874396135,0.0,0.9596569832402236,0.6435245810055866,0.9638513966480448,0,0.8976
6,2,24,0,1,2.0,0.001951219512195122,0.10709635447710752,0.965764,0.7633297142857142,0.9598091428571428,1,0.879
14,2,24,0,1,3.0,0.002857142857142857,0.0864236131310463,0.961093220338983,0.7580553672316385,0.9796604519774011,1,0.8379
22,3,24,0,1,6.0,0.006666666666666667,0.027465278282761574,0.95955530726257,0.7858726256983241,0.97316312849162,1,0.9725
6,2,24,0,2,5.0,0.0053705692803437165,0.0777430534362793,0.9684011363636364,0.7713215909090909,0.9683693181818182,1,0.6543
14,2,24,0,2,3.0,0.0029585798816568047,0.0706944465637207,0.9675180790960451,0.7758463276836158,0.9586621468926554,1,0.263
22,3,24,0,2,2.0,0.0020964360587002098,0.0,0.9660954545454546,0.7738732954545454,0.9695846590909092,0,0.9245
6,2,24,0,2,2.0,0.0024752475247524753,0.10709635447710752,0.9734926553672316,0.6269056497175142,0.955367231638418,1,0.2761
14,2,24,0,2,4.0,0.005095541401273885,0.10319444537162781,0.9717162921348316,0.6548410112359551,0.9551494382022472,1,0.8434
22,3,24,0,2,3.0,0.0034403669724770644,0.0,0.9691514450867053,0.6074329479768786,0.9537063583815028,0,0.75
6,2,24,0,2,4.0,0.004036326942482341,0.10709635447710752,0.9558448863636364,0.7807528409090909,0.977555681818182,1,0.8283
14,2,24,0,2,4.0,0.003992015968063872,0.09312500059604645,0.959408,0.7887599999999999,0.9514285714285714,1,0.7255
22,3,24,0,2,4.0,0.00398406374501992,0.055694445967674255,0.9592327485380115,0.7542111111111112,0.97113216374269,1,0.4657
6,2,24,0,3,3.0,0.004497751124437781,0.03413194417953491,0.97625197740113,0.6071683615819209,0.9534841807909604,1,0.4973
14,2,24,0,3,5.0,0.008025682182985553,0.026006944477558136,0.9750948863636364,0.5983465909090909,0.9623090909090908,1,0.6161
22,3,24,0,3,3.0,0.0048543689320388345,0.0,0.9761469273743016,0.5908648044692737,0.9510592178770948,0,0.4184
6,2,24,0,3,4.0,0.004219409282700422,0.0,0.9577932203389832,0.7727412429378532,0.9548954802259888,0,0.843
14,2,24,0,3,3.0,0.002967359050445104,0.0,0.9601118644067796,0.7691152542372881,0.9529186440677966,0,0.754
22,3,24,0,3,4.0,0.003968253968253968,0.10709635447710752,0.9582296511627908,0.8025308139534885,0.9455558139534884,1,0.6762
6,2,24,0,3,6.0,0.007177033492822967,0.0,0.970548275862069,0.7340936781609195,0.969635632183908,0,0.8589
14,2,24,0,3,4.0,0.0041025641025641026,0.0,0.9679265536723164,0.677564406779661,0.9646892655367232,0,0.6036
22,3,24,0,3,3.0,0.003121748178980229,0.0,0.9663485875706216,0.7424570621468926,0.9622666666666668,0,1.0
6,3,24,0,0,5.0,0.005488474204171241,0.0,0.9714869318181818,0.7811892045454545,0.9603221590909092,0,0.3502
14,3,24,0,0,4.0,0.004056795131845842,0.0,0.9732103448275864,0.7720936781609196,0.9673367816091952,0,1.0
22,4,24,0,0,3.0,0.002857142857142857,0.026180556043982506,0.9726114285714286,0.7704497142857143,0.9543937142857144,1,0.9107
6,3,24,0,0,4.0,0.0049382716049382715,0.0,0.9579948863636364,0.6420017045454546,0.9496204545454544,0,0.4084
14,3,24,0,0,3.0,0.003579952267303103,0.0,0.9595845714285716,0.6536731428571428,0.9767611428571428,0,1.0
22,4,24,0,0,3.0,0.0038314176245210726,0.013611110858619213,0.960858757062147,0.6334305084745763,0.9482943502824858,1,0.407
6,3,24,0,0,6.0,0.006674082313681869,0.0,0.9711568965517242,0.7715344827586208,0.9542132183908044,0,1.0
14,3,24,0,0,5.0,0.005506607929515419,0.0,0.9698011363636364,0.75509375,0.9680863636363636,0,0.3378
22,4,24,0,0,3.0,0.002944062806673209,0.0,0.9699949438202248,0.7404140449438202,0.9610904494382022,0,0.7653
6,3,24,0,1,2.0,0.0022624434389140274,0.0,0.9694767045454546,0.7222562499999999,0.9522732954545454,0,0.8846
14,3,24,0,1,2.0,0.0024968789013732834,0.0,0.970316384180791,0.7160909604519774,0.958379661016949,0,0.3368
22,4,24,0,1,3.0,0.0034883720930232558,0.0,0.9707780898876404,0.6486887640449438,0.9695876404494382,0,0.2768
6,3,24,0,1,2.0,0.003395585738539898,0.0,0.9605514124293784,0.6269536723163842,0.9538604519774012,0,0.718
14,3,24,0,1,1.0,0.0015503875968992248,0.0,0.961474431818182,0.6564625000000001,0.9428977272727272,0,0.2298
22,4,24,0,1,3.0,0.00487012987012987,0.0,0.9596569832402236,0.6435245810055866,0.9638513966480448,0,0.7424
6,3,24,0,1,2.0,0.0020408163265306124,0.021909723058342934,0.965764,0.7633297142857142,0.9598091428571428,1,0.311
14,3,24,0,1,3.0,0.003926701570680628,0.056388888508081436,0.961093220338983,0.7580553672316385,0.9796604519774011,1,0.5643
22,4,24,0,1,5.0,0.0051813471502590676,0.07093749940395355,0.95955530726257,0.7858726256983241,0.97316312849162,1,0.9188
6,3,24,0,2,6.0,0.0064794816414686825,0.0,0.9684011363636364,0.7713215909090909,0.9683693181818182,0,0.4395
14,3,24,0,2,2.0,0.0019047619047619048,0.0,0.9675180790960451,0.7758463276836158,0.9586621468926554,0,0.4313
22,4,24,0,2,4.0,0.005037783375314861,0.0,0.9660954545454546,0.7738732954545454,0.9695846590909092,0,0.1928
6,3,24,0,2,5.0,0.006793478260869565,0.0,0.9734926553672316,0.6269056497175142,0.955367231638418,0,0.2632
14,3,24,0,2,3.0,0.0036719706242350062,0.0,0.9717162921348316,0.6548410112359551,0.9551494382022472,0,1.0
22,4,24,0,2,2.0,0.0029542097488921715,0.0,0.9691514450867053,0.6074329479768786,0.9537063583815028,0,0.6434
6,3,24,0,2,5.0,0.005341880341880342,0.07055555284023285,0.9558448863636364,0.7807528409090909,0.977555681818182,1,0.9294
14,3,24,0,2,6.0,0.006521739130434782,0.04270833358168602,0.959408,0.7887599999999999,0.9514285714285714,1,0.5533
22,4,24,0,2,5.0,0.004761904761904762,0.0,0.9592327485380115,0.7542111111111112,0.97113216374269,0,1.0
6,3,24,0,3,5.0,0.0068775790921595595,0.0,0.97625197740113,0.6071683615819209,0.9534841807909604,0,0.5985
14,3,24,0,3,5.0,0.0066844919786096255,0.0,0.9750948863636364,0.5983465909090909,0.9623090909090908,0,0.9441
22,4,24,0,3,1.0,0.001303780964797914,0.0,0.9761469273743016,0.5908648044692737,0.9510592178770948,0,0.4077
6,3,24,0,3,2.0,0.0022935779816513763,0.10709635447710752,0.9577932203389832,0.7727412429378532,0.9548954802259888,1,0.4987
14,3,24,0,3,3.0,0.0031545741324921135,0.10709635447710752,0.9601118644067796,0.7691152542372881,0.9529186440677966,1,0.7404
22,4,24,0,3,6.0,0.005714285714285714,0.0,0.9582296511627908,0.8025308139534885,0.9455558139534884,0,0.7387
6,3,24,0,3,3.0,0.0032679738562091504,0.0,0.970548275862069,0.7340936781609195,0.969635632183908,0,1.0
14,3,24,0,3,3.0,0.003468208092485549,0.0,0.9679265536723164,0.677564406779661,0.9646892655367232,0,1.0
22,4,24,0,3,2.0,0.002317497103128621,0.0,0.9663485875706216,0.7424570621468926,0.9622666666666668,0,0.641
6,4,24,0,0,3.0,0.003436426116838488,0.026284722611308098,0.9714869318181818,0.7811892045454545,0.9603221590909092,1,0.2628
14,4,24,0,0,2.0,0.002107481559536354,0.025833332911133766,0.9732103448275864,0.7720936781609196,0.9673367816091952,1,0.4936
22,5,24,1,0,4.0,0.0038095238095238095,0.0,0.9726114285714286,0.7704497142857143,0.9543937142857144,0,0.9483
6,4,24,0,0,2.0,0.0024125452352231603,0.018020832911133766,0.9579948863636364,0.6420017045454546,0.9496204545454544,1,0.5302
14,4,24,0,0,2.0,0.0024968789013732834,0.019722221419215202,0.9595845714285716,0.6536731428571428,0.9767611428571428,1,0.2907
22,5,24,1,0,3.0,0.003911342894393742,0.10709635447710752,0.960858757062147,0.6334305084745763,0.9482943502824858,1,0.6021
6,4,24,0,0,3.0,0.00322234156820623,0.0,0.9711568965517242,0.7715344827586208,0.9542132183908044,0,0.8654
14,4,24,0,0,6.0,0.007416563658838072,0.0,0.9698011363636364,0.75509375,0.9680863636363636,0,0.9781
22,5,24,1,0,1.0,0.0010787486515641855,0.0,0.9699949438202248,0.7404140449438202,0.9610904494382022,0,0.3843
6,4,24,0,1,5.0,0.005165289256198347,0.0,0.9694767045454546,0.7222562499999999,0.9522732954545454,0,1.0
14,4,24,0,1,3.0,0.003205128205128205,0.0,0.970316384180791,0.7160909604519774,0.958379661016949,0,1.0
22,5,24,1,1,4.0,0.005502063273727648,0.0,0.9707780898876404,0.6486887640449438,0.9695876404494382,0,0.3797
6,4,24,0,1,3.0,0.004243281471004243,0.0,0.9605514124293784,0.6269536723163842,0.9538604519774012,0,0.722
14,4,24,0,1,2.0,0.0028735632183908046,0.0,0.961474431818182,0.6564625000000001,0.9428977272727272,0,0.6039
22,5,24,1,1,3.0,0.004285714285714286,0.053090278059244156,0.9596569832402236,0.6435245810055866,0.9638513966480448,1,0.2763
6,4,24,0,1,4.0,0.0040650406504065045,0.0381944440305233,0.965764,0.7633297142857142,0.9598091428571428,1,0.9618
14,4,24,0,1,2.0,0.0019047619047619048,0.0373263880610466,0.961093220338983,0.7580553672316385,0.9796604519774011,1,0.9627
22,5,24,1,1,2.0,0.0019047619047619048,0.10709635447710752,0.95955530726257,0.7858726256983241,0.97316312849162,1,0.8792
6,4,24,0,2,3.0,0.0028957528957528956,0.0,0.9684011363636364,0.7713215909090909,0.9683693181818182,0,0.5392
14,4,24,0,2,5.0,0.0050200803212851405,0.0,0.9675180790960451,0.7758463276836158,0.9586621468926554,0,1.0
22,5,24,1,2,1.0,0.0010683760683760685,0.0,0.9660954545454546,0.7738732954545454,0.9695846590909092,0,0.5
6,4,24,0,2,2.0,0.0024600246002460025,0.0,0.9734926553672316,0.6269056497175142,0.955367231638418,0,0.3111
14,4,24,0,2,6.0,0.007692307692307693,0.0,0.9717162921348316,0.6548410112359551,0.9551494382022472,0,0.4008
22,5,24,1,2,2.0,0.0028735632183908046,0.0,0.9691514450867053,0.6074329479768786,0.9537063583815028,0,0.4391
6,4,24,0,2,6.0,0.005940594059405941,0.0,0.9558448863636364,0.7807528409090909,0.977555681818182,0,0.4103
14,4,24,0,2,6.0,0.005714285714285714,0.0,0.959408,0.7887599999999999,0.9514285714285714,0,0.7324
22,5,24,1,2,4.0,0.0038424591738712775,0.035972222685813904,0.9592327485380115,0.7542111111111112,0.97113216374269,1,0.6574
6,4,24,0,3,3.0,0.0050335570469798654,0.0,0.97625197740113,0.6071683615819209,0.9534841807909604,0,0.226
14,4,24,0,3,5.0,0.006501950585175552,0.0,0.9750948863636364,0.5983465909090909,0.9623090909090908,0,0.2092
22,5,24,1,3,3.0,0.004207573632538569,0.051423609256744385,0.9761469273743016,0.5908648044692737,0.9510592178770948,2,0.6851
6,4,24,0,3,5.0,0.00536480686695279,0.0,0.9577932203389832,0.7727412429378532,0.9548954802259888,0,0.795
14,4,24,0,3,1.0,0.0010559662090813093,0.0,0.9601118644067796,0.7691152542372881,0.9529186440677966,0,0.5
22,5,24,1,3,6.0,0.007509386733416771,0.0,0.9582296511627908,0.8025308139534885,0.9455558139534884,0,1.0
6,4,24,0,3,4.0,0.005284015852047556,0.0,0.970548275862069,0.7340936781609195,0.969635632183908,0,0.9817
14,4,24,0,3,3.0,0.004155124653739612,0.0,0.9679265536723164,0.677564406779661,0.9646892655367232,0,0.1309
22,5,24,1,3,6.0,0.006382978723404255,0.035798609256744385,0.9663485875706216,0.7424570621468926,0.9622666666666668,1,0.9642
6,5,24,1,0,6.0,0.005714285714285714,0.0,0.9714869318181818,0.7811892045454545,0.9603221590909092,0,1.0
14,5,24,1,0,4.0,0.004268943436499467,0.0,0.9732103448275864,0.7720936781609196,0.9673367816091952,0,0.5121
22,6,24,1,0,3.0,0.003015075376884422,0.0,0.9726114285714286,0.7704497142857143,0.9543937142857144,0,0.75
6,5,24,1,0,2.0,0.002680965147453083,0.10709635447710752,0.9579948863636364,0.6420017045454546,0.9496204545454544,1,0.8738
14,5,24,1,0,2.0,0.0030120481927710845,0.09986110776662827,0.9595845714285716,0.6536731428571428,0.9767611428571428,1,0.3587
22,6,24,1,0,5.0,0.007122507122507123,0.0,0.960858757062147,0.6334305084745763,0.9482943502824858,0,0.9077
6,5,24,1,0,2.0,0.00199203187250996,0.0,0.9711568965517242,0.7715344827586208,0.9542132183908044,0,1.0
6,5,24,1,1,3.0,0.0035971223021582736,0.0,0.9694767045454546,0.7222562499999999,0.9522732954545454,0,0.2184
14,5,24,1,1,5.0,0.006476683937823834,0.0,0.970316384180791,0.7160909604519774,0.958379661016949,0,0.9176
22,6,24,1,1,4.0,0.004259850905218318,0.0,0.9707780898876404,0.6486887640449438,0.9695876404494382,0,0.6655
6,5,24,1,1,5.0,0.007122507122507123,0.030763888731598854,0.9605514124293784,0.6269536723163842,0.9538604519774012,1,0.4799
14,5,24,1,1,4.0,0.005249343832020997,0.06652777642011642,0.961474431818182,0.6564625000000001,0.9428977272727272,1,0.6253
22,6,24,1,1,4.0,0.005788712011577424,0.10709635447710752,0.9596569832402236,0.6435245810055866,0.9638513966480448,1,0.6126
6,5,24,1,1,3.0,0.0034602076124567475,0.10709635447710752,0.965764,0.7633297142857142,0.9598091428571428,1,0.3321
14,5,24,1,1,6.0,0.005893909626719057,0.10709635447710752,0.961093220338983,0.7580553672316385,0.9796604519774011,1,0.8532
22,6,24,1,1,4.0,0.0038095238095238095,0.0,0.95955530726257,0.7858726256983241,0.97316312849162,0,1.0
6,5,24,1,2,6.0,0.005714285714285714,0.0,0.9684011363636364,0.7713215909090909,0.9683693181818182,0,0.6081
14,5,24,1,2,4.0,0.003827751196172249,0.0,0.9675180790960451,0.7758463276836158,0.9586621468926554,0,1.0
22,6,24,1,2,3.0,0.002857142857142857,0.0,0.9660954545454546,0.7738732954545454,0.9695846590909092,0,1.0
6,5,24,1,2,3.0,0.003605769230769231,0.0,0.9734926553672316,0.6269056497175142,0.955367231638418,0,0.3259
14,5,24,1,2,5.0,0.006830601092896175,0.0,0.9717162921348316,0.6548410112359551,0.9551494382022472,0,0.7577
22,6,24,1,2,4.0,0.0044742729306487695,0.0,0.9691514450867053,0.6074329479768786,0.9537063583815028,0,0.251
6,5,24,1,2,2.0,0.0020491803278688526,0.034583333879709244,0.9558448863636364,0.7807528409090909,0.977555681818182,1,0.4398
14,5,24,1,2,3.0,0.0039946737683089215,0.023472221568226814,0.959408,0.7887599999999999,0.9514285714285714,1,0.2323
22,6,24,1,2,2.0,0.002026342451874367,0.0,0.9592327485380115,0.7542111111111112,0.97113216374269,0,0.6796
14,5,24,1,3,3.0,0.004934210526315789,0.03427083417773247,0.9750948863636364,0.5983465909090909,0.9623090909090908,2,0.5157
22,6,24,1,3,3.0,0.0035169988276670576,0.0,0.9761469273743016,0.5908648044692737,0.9510592178770948,0,0.7884
6,5,24,1,3,2.0,0.001949317738791423,0.0,0.9577932203389832,0.7727412429378532,0.9548954802259888,0,0.9715
14,5,24,1,3,2.0,0.0020304568527918783,0.0,0.9601118644067796,0.7691152542372881,0.9529186440677966,0,0.3348
22,6,24,1,3,4.0,0.004678362573099415,0.0,0.9582296511627908,0.8025308139534885,0.9455558139534884,0,0.6199
6,5,24,1,3,6.0,0.006741573033707865,0.024756943807005882,0.970548275862069,0.7340936781609195,0.969635632183908,1,0.8887
14,5,24,1,3,5.0,0.0053590568060021436,0.03864583373069763,0.9679265536723164,0.677564406779661,0.9646892655367232,1,0.9614
22,6,24,1,3,4.0,0.004366812227074236,0.0,0.9663485875706216,0.7424570621468926,0.9622666666666668,0,0.5063
6,6,24,1,0,4.0,0.0038095238095238095,0.0,0.9714869318181818,0.7811892045454545,0.9603221590909092,0,0.6552
14,6,24,1,0,4.0,0.003996003996003996,0.0,0.9732103448275864,0.7720936781609196,0.9673367816091952,0,0.3691
22,0,25,0,0,3.0,0.002857142857142857,0.0,0.9726114285714286,0.7704497142857143,0.9543937142857144,0,0.5028
6,6,24,1,0,3.0,0.003978779840848806,0.0,0.9579948863636364,0.6420017045454546,0.9496204545454544,0,0.6192
14,6,24,1,0,3.0,0.00395778364116095,0.0,0.9595845714285716,0.6536731428571428,0.9767611428571428,0,0.8312
22,0,25,0,0,4.0,0.006060606060606061,0.0,0.960858757062147,0.6334305084745763,0.9482943502824858,0,0.3458
6,6,24,1,0,3.0,0.0029585798816568047,0.0,0.9711568965517242,0.7715344827586208,0.9542132183908044,0,0.8918
14,6,24,1,0,5.0,0.005341880341880342,0.0,0.9698011363636364,0.75509375,0.9680863636363636,0,0.2814
22,0,25,0,0,3.0,0.003484320557491289,0.0,0.9699949438202248,0.7404140449438202,0.9610904494382022,0,0.5791
6,6,24,1,1,2.0,0.002242152466367713,0.0,0.9694767045454546,0.7222562499999999,0.9522732954545454,0,0.5392
14,6,24,1,1,4.0,0.005361930294906166,0.0,0.970316384180791,0.7160909604519774,0.958379661016949,0,0.991
22,0,25,0,1,8.0,0.009153318077803204,0.0,0.9707780898876404,0.6486887640449438,0.9695876404494382,0,0.7305
6,6,24,1,1,4.0,0.005063291139240506,0.05746527761220932,0.9605514124293784,0.6269536723163842,0.9538604519774012,1,0.7727
22,0,25,0,1,4.0,0.006069802731411229,0.0,0.9596569832402236,0.6435245810055866,0.9638513966480448,0,0.8288
6,6,24,1,1,2.0,0.0019047619047619048,0.0,0.965764,0.7633297142857142,0.9598091428571428,0,0.6667
14,6,24,1,1,6.0,0.005808325266214908,0.0,0.961093220338983,0.7580553672316385,0.9796604519774011,0,1.0
22,0,25,0,1,2.0,0.0022371364653243847,0.0,0.95955530726257,0.7858726256983241,0.97316312849162,0,1.0
6,6,24,1,2,5.0,0.004761904761904762,0.0,0.9684011363636364,0.7713215909090909,0.9683693181818182,0,1.0
22,0,25,0,2,4.0,0.004750593824228029,0.0,0.9660954545454546,0.7738732954545454,0.9695846590909092,0,0.3001
6,6,24,1,2,3.0,0.0038119440914866584,0.0,0.9734926553672316,0.6269056497175142,0.955367231638418,0,0.5192
14,6,24,1,2,6.0,0.00823045267489712,0.0,0.9717162921348316,0.6548410112359551,0.9551494382022472,0,0.7285
22,0,25,0,2,5.0,0.006459948320413436,0.10709635447710752,0.9691514450867053,0.6074329479768786,0.9537063583815028,2,0.427
6,6,24,1,2,2.0,0.0019157088122605363,0.0,0.9558448863636364,0.7807528409090909,0.977555681818182,0,0.8087
14,6,24,1,2,2.0,0.0021390374331550803,0.0,0.959408,0.7887599999999999,0.9514285714285714,0,1.0
22,0,25,0,2,4.0,0.004250797024442083,0.0,0.9592327485380115,0.7542111111111112,0.97113216374269,0,1.0
6,6,24,1,3,4.0,0.006568144499178982,0.0,0.97625197740113,0.6071683615819209,0.9534841807909604,0,0.3468
22,0,25,0,3,5.0,0.007861635220125786,0.0,0.9761469273743016,0.5908648044692737,0.9510592178770948,0,0.74
14,6,24,1,3,3.0,0.003374578177727784,0.0,0.9601118644067796,0.7691152542372881,0.9529186440677966,0,0.7384
22,0,25,0,3,5.0,0.005263157894736842,0.011631944216787815,0.9582296511627908,0.8025308139534885,0.9455558139534884,1,0.8379
6,6,24,1,3,2.0,0.002129925452609159,0.0,0.970548275862069,0.7340936781609195,0.969635632183908,0,0.3596
14,6,24,1,3,4.0,0.004705882352941176,0.0,0.9679265536723164,0.677564406779661,0.9646892655367232,0,0.6127
22,0,25,0,3,2.0,0.0019665683382497543,0.0,0.9663485875706216,0.7424570621468926,0.9622666666666668,0,0.7497
6,0,25,0,0,2.0,0.0019047619047619048,0.0,0.9714869318181818,0.7811892045454545,0.9603221590909092,0,1.0
14,0,25,0,0,6.0,0.005747126436781609,0.0,0.9732103448275864,0.7720936781609196,0.9673367816091952,0,1.0
22,1,25,0,0,5.0,0.005241090146750524,0.0,0.9726114285714286,0.7704497142857143,0.9543937142857144,0,1.0
6,0,25,0,0,3.0,0.004195804195804196,0.0,0.9579948863636364,0.6420017045454546,0.9496204545454544,0,0.9739
14,0,25,0,0,3.0,0.004137931034482759,0.0,0.9595845714285716,0.6536731428571428,0.9767611428571428,0,0.5254
22,1,25,0,0,7.0,0.007675438596491228,0.0,0.960858757062147,0.6334305084745763,0.9482943502824858,0,0.317
6,0,25,0,0,3.0,0.002967359050445104,0.0,0.9711568965517242,0.7715344827586208,0.9542132183908044,0,0.9906
14,0,25,0,0,6.0,0.005714285714285714,0.0,0.9698011363636364,0.75509375,0.9680863636363636,0,0.5534
22,1,25,0,0,2.0,0.0021598272138228943,0.0,0.9699949438202248,0.7404140449438202,0.9610904494382022,0,0.6752
6,0,25,0,1,6.0,0.007067137809187279,0.0,0.9694767045454546,0.7222562499999999,0.9522732954545454,0,1.0
14,0,25,0,1,3.0,0.003911342894393742,0.0,0.970316384180791,0.7160909604519774,0.958379661016949,0,1.0
22,1,25,0,1,4.0,0.0044994375703037125,0.0,0.9707780898876404,0.6486887640449438,0.9695876404494382,0,0.7779
6,0,25,0,1,2.0,0.0030627871362940277,0.0,0.9605514124293784,0.6269536723163842,0.9538604519774012,0,0.5387
14,0,25,0,1,3.0,0.004545454545454545,0.0,0.961474431818182,0.6564625000000001,0.9428977272727272,0,0.1934
22,1,25,0,1,1.0,0.0012062726176115801,0.0,0.9596569832402236,0.6435245810055866,0.9638513966480448,0,0.5
6,0,25,0,1,2.0,0.0020429009193054137,0.0,0.965764,0.7633297142857142,0.9598091428571428,0,1.0
14,0,25,0,1,3.0,0.0029296875,0.0,0.961093220338983,0.7580553672316385,0.9796604519774011,0,0.998
22,1,25,0,1,2.0,0.002074688796680498,0.10709635447710752,0.95955530726257,0.7858726256983241,0.97316312849162,1,0.8749
6,0,25,0,2,3.0,0.0031746031746031746,0.0,0.9684011363636364,0.7713215909090909,0.9683693181818182,0,0.9027
14,0,25,0,2,5.0,0.005543237250554324,0.0,0.9675180790960451,0.7758463276836158,0.9586621468926554,0,0.2806
22,1,25,0,2,3.0,0.0031282586027111575,0.0,0.9660954545454546,0.7738732954545454,0.9695846590909092,0,0.9127
6,0,25,0,2,2.0,0.003067484662576687,0.04576388746500015,0.9734926553672316,0.6269056497175142,0.955367231638418,2,0.2703
14,0,25,0,2,4.0,0.005405405405405406,0.08065972477197647,0.9717162921348316,0.6548410112359551,0.9551494382022472,2,0.7014
22,1,25,0,2,3.0,0.004511278195488722,0.0,0.9691514450867053,0.6074329479768786,0.9537063583815028,0,0.5489
6,0,25,0,2,5.0,0.005649717514124294,0.0,0.9558448863636364,0.7807528409090909,0.977555681818182,0,1.0
14,0,25,0,2,4.0,0.0039100684261974585,0.0,0.959408,0.7887599999999999,0.9514285714285714,0,0.624
22,1,25,0,2,4.0,0.004032258064516129,0.10709635447710752,0.9592327485380115,0.7542111111111112,0.97113216374269,1,0.5879
6,0,25,0,3,2.0,0.003389830508474576,0.0,0.97625197740113,0.6071683615819209,0.9534841807909604,0,0.6939
14,0,25,0,3,5.0,0.007564296520423601,0.0,0.9750948863636364,0.5983465909090909,0.9623090909090908,0,0.423
22,1,25,0,3,2.0,0.003003003003003003,0.0,0.9761469273743016,0.5908648044692737,0.9510592178770948,0,0.5943
6,0,25,0,3,4.0,0.004106776180698152,0.014722222462296486,0.9577932203389832,0.7727412429378532,0.9548954802259888,1,0.9853
14,0,25,0,3,2.0,0.002150537634408602,0.02388888970017433,0.9601118644067796,0.7691152542372881,0.9529186440677966,1,0.6181
22,1,25,0,3,4.0,0.004366812227074236,0.0,0.9582296511627908,0.8025308139534885,0.9455558139534884,0,0.4014
6,0,25,0,3,4.0,0.0038095238095238095,0.0,0.970548275862069,0.7340936781609195,0.969635632183908,0,0.5272
14,0,25,0,3,4.0,0.004561003420752566,0.0,0.9679265536723164,0.677564406779661,0.9646892655367232,0,0.4609
22,1,25,0,3,3.0,0.003006012024048096,0.0,0.9663485875706216,0.7424570621468926,0.9622666666666668,0,1.0
6,1,25,0,0,6.0,0.007407407407407408,0.0,0.9714869318181818,0.7811892045454545,0.9603221590909092,0,0.3727
14,1,25,0,0,5.0,0.00508646998982706,0.0,0.9732103448275864,0.7720936781609196,0.9673367816091952,0,0.8333
22,2,25,0,0,2.0,0.0019047619047619048,0.0,0.9726114285714286,0.7704497142857143,0.9543937142857144,0,0.7044
6,1,25,0,0,5.0,0.0063532401524777635,0.0,0.9579948863636364,0.6420017045454546,0.9496204545454544,0,0.8501
14,1,25,0,0,2.0,0.002702702702702703,0.0,0.9595845714285716,0.6536731428571428,0.9767611428571428,0,0.804
22,2,25,0,0,3.0,0.0037688442211055275,0.0,0.960858757062147,0.6334305084745763,0.9482943502824858,0,0.3977
6,1,25,0,0,6.0,0.00641025641025641,0.0,0.9711568965517242,0.7715344827586208,0.9542132183908044,0,0.3513
14,1,25,0,0,3.0,0.0031746031746031746,0.0,0.9698011363636364,0.75509375,0.9680863636363636,0,0.5716
22,2,25,0,0,4.0,0.004073319755600814,0.017083333805203438,0.9699949438202248,0.7404140449438202,0.9610904494382022,1,0.876
6,1,25,0,1,2.0,0.0021164021164021165,0.0,0.9694767045454546,0.7222562499999999,0.9522732954545454,0,0.2671
14,1,25,0,1,4.0,0.004678362573099415,0.0,0.970316384180791,0.7160909604519774,0.958379661016949,0,0.6968
22,2,25,0,1,5.0,0.0056625141562853904,0.10709635447710752,0.9707780898876404,0.6486887640449438,0.9695876404494382,2,0.3685
6,1,25,0,1,6.0,0.009900990099009901,0.0,0.9605514124293784,0.6269536723163842,0.9538604519774012,0,0.3968
14,1,25,0,1,6.0,0.007802340702210663,0.0,0.961474431818182,0.6564625000000001,0.9428977272727272,0,0.9578
22,2,25,0,1,5.0,0.006305170239596469,0.06270833313465118,0.9596569832402236,0.6435245810055866,0.9638513966480448,1,0.8853
6,1,25,0,1,1.0,0.0010030090270812437,0.08559028059244156,0.965764,0.7633297142857142,0.9598091428571428,1,0.3048
14,1,25,0,1,2.0,0.002207505518763797,0.10709635447710752,0.961093220338983,0.7580553672316385,0.9796604519774011,1,0.2935
22,2,25,0,1,3.0,0.0031282586027111575,0.02534722164273262,0.95955530726257,0.7858726256983241,0.97316312849162,1,0.7313
6,1,25,0,2,5.0,0.005296610169491525,0.0,0.9684011363636364,0.7713215909090909,0.9683693181818182,0,0.8352
14,1,25,0,2,2.0,0.0019102196752626551,0.0,0.9675180790960451,0.7758463276836158,0.9586621468926554,0,0.3257
22,2,25,0,2,6.0,0.005714285714285714,0.0,0.9660954545454546,0.7738732954545454,0.9695846590909092,0,0.7499
6,1,25,0,2,3.0,0.003865979381443299,0.0,0.9734926553672316,0.6269056497175142,0.955367231638418,0,0.75
14,1,25,0,2,6.0,0.0076726342710997444,0.0,0.9717162921348316,0.6548410112359551,0.9551494382022472,0,0.823
22,2,25,0,2,6.0,0.00804289544235925,0.0,0.9691514450867053,0.6074329479768786,0.9537063583815028,0,0.7605
6,1,25,0,2,4.0,0.0038095238095238095,0.10709635447710752,0.9558448863636364,0.7807528409090909,0.977555681818182,1,0.599
14,1,25,0,2,2.0,0.0020060180541624875,0.10709635447710752,0.959408,0.7887599999999999,0.9514285714285714,1,0.8223
22,2,25,0,2,2.0,0.001998001998001998,0.02829861082136631,0.9592327485380115,0.7542111111111112,0.97113216374269,1,0.9717
6,1,25,0,3,4.0,0.0064516129032258064,0.0,0.97625197740113,0.6071683615819209,0.9534841807909604,0,0.2514
14,1,25,0,3,3.0,0.005119453924914676,0.0,0.9750948863636364,0.5983465909090909,0.9623090909090908,0,0.4596
22,2,25,0,3,2.0,0.0027472527472527475,0.0,0.9761469273743016,0.5908648044692737,0.9510592178770948,0,0.3402
6,1,25,0,3,5.0,0.0054466230936819175,0.0,0.9577932203389832,0.7727412429378532,0.9548954802259888,0,0.4364
14,1,25,0,3,4.0,0.004357298474945534,0.0,0.9601118644067796,0.7691152542372881,0.9529186440677966,0,0.7522
22,2,25,0,3,5.0,0.004761904761904762,0.0,0.9582296511627908,0.8025308139534885,0.9455558139534884,0,0.8257
6,1,25,0,3,3.0,0.0036319612590799033,0.0,0.970548275862069,0.7340936781609195,0.969635632183908,0,0.6938
14,1,25,0,3,2.0,0.002607561929595828,0.0,0.9679265536723164,0.677564406779661,0.9646892655367232,0,0.51
22,2,25,0,3,6.0,0.005714285714285714,0.04003472253680229,0.9663485875706216,0.7424570621468926,0.9622666666666668,1,0.96
6,2,25,0,0,2.0,0.0019047619047619048,0.0,0.9714869318181818,0.7811892045454545,0.9603221590909092,0,0.7481
14,2,25,0,0,3.0,0.002857142857142857,0.0,0.9732103448275864,0.7720936781609196,0.9673367816091952,0,0.91
22,3,25,0,0,4.0,0.004162330905306972,0.0,0.9726114285714286,0.7704497142857143,0.9543937142857144,0,1.0
6,2,25,0,0,4.0,0.005547850208044383,0.0,0.9579948863636364,0.6420017045454546,0.9496204545454544,0,0.744
14,2,25,0,0,2.0,0.0034071550255536627,0.0,0.9595845714285716,0.6536731428571428,0.9767611428571428,0,0.6196
22,3,25,0,0,4.0,0.0045351473922902496,0.0,0.960858757062147,0.6334305084745763,0.9482943502824858,0,1.0
6,2,25,0,0,4.0,0.0038095238095238095,0.02447916753590107,0.9711568965517242,0.7715344827586208,0.9542132183908044,1,0.9755
14,2,25,0,0,2.0,0.0021645021645021645,0.022673610597848892,0.9698011363636364,0.75509375,0.9680863636363636,1,0.9773
22,3,25,0,0,4.0,0.004796163069544364,0.10709635447710752,0.9699949438202248,0.7404140449438202,0.9610904494382022,2,0.4752
6,2,25,0,1,4.0,0.004901960784313725,0.10709635447710752,0.9694767045454546,0.7222562499999999,0.9522732954545454,2,0.4686
14,2,25,0,1,6.0,0.007741935483870968,0.10083333402872086,0.970316384180791,0.7160909604519774,0.958379661016949,2,0.476
22,3,25,0,1,4.0,0.004739336492890996,0.10709635447710752,0.9707780898876404,0.6486887640449438,0.9695876404494382,2,0.4205
6,2,25,0,1,3.0,0.003826530612244898,0.06402777880430222,0.9605514124293784,0.6269536723163842,0.9538604519774012,1,0.8115
14,2,25,0,1,4.0,0.0061068702290076335,0.061666667461395264,0.961474431818182,0.6564625000000001,0.9428977272727272,1,0.4181
22,3,25,0,1,1.0,0.0015408320493066256,0.0,0.9596569832402236,0.6435245810055866,0.9638513966480448,0,0.4505
6,2,25,0,1,5.0,0.005257623554153523,0.02597222290933132,0.965764,0.7633297142857142,0.9598091428571428,1,0.3411
14,2,25,0,1,4.0,0.003887269193391642,0.024097222834825516,0.961093220338983,0.7580553672316385,0.9796604519774011,1,0.3437
22,3,25,0,1,2.0,0.0020304568527918783,0.0,0.95955530726257,0.7858726256983241,0.97316312849162,0,0.9912
6,2,25,0,2,4.0,0.0038095238095238095,0.0,0.9684011363636364,0.7713215909090909,0.9683693181818182,0,1.0
14,2,25,0,2,4.0,0.0038240917782026767,0.0,0.9675180790960451,0.7758463276836158,0.9586621468926554,0,0.3015
22,3,25,0,2,4.0,0.0041841004184100415,0.0,0.9660954545454546,0.7738732954545454,0.9695846590909092,0,0.4116
6,2,25,0,2,5.0,0.0066050198150594455,0.0,0.9734926553672316,0.6269056497175142,0.955367231638418,0,0.9512
14,2,25,0,2,4.0,0.005427408412483039,0.0,0.9717162921348316,0.6548410112359551,0.9551494382022472,0,0.5034
22,3,25,0,2,6.0,0.007712082262210797,0.09170138835906982,0.9691514450867053,0.6074329479768786,0.9537063583815028,1,0.2599
6,2,25,0,2,2.0,0.0022396416573348264,0.024097222834825516,0.9558448863636364,0.7807528409090909,0.977555681818182,1,0.4099
14,2,25,0,2,3.0,0.003401360544217687,0.033194445073604584,0.959408,0.7887599999999999,0.9514285714285714,1,0.6851
22,3,25,0,2,4.0,0.0038095238095238095,0.0,0.9592327485380115,0.7542111111111112,0.97113216374269,0,1.0
6,2,25,0,3,5.0,0.007142857142857143,0.0,0.97625197740113,0.6071683615819209,0.9534841807909604,0,0.719
14,2,25,0,3,5.0,0.008361204013377926,0.0,0.9750948863636364,0.5983465909090909,0.9623090909090908,0,0.5268
22,3,25,0,3,7.0,0.010736196319018405,0.0,0.9761469273743016,0.5908648044692737,0.9510592178770948,0,0.5721
6,2,25,0,3,5.0,0.004761904761904762,0.0,0.9577932203389832,0.7727412429378532,0.9548954802259888,0,0.8488
14,2,25,0,3,6.0,0.00718562874251497,0.0,0.9601118644067796,0.7691152542372881,0.9529186440677966,0,0.7759
22,3,25,0,3,4.0,0.004287245444801715,0.0,0.9582296511627908,0.8025308139534885,0.9455558139534884,0,0.8
6,2,25,0,3,5.0,0.004766444232602479,0.06576389074325562,0.970548275862069,0.7340936781609195,0.969635632183908,1,0.609
14,2,25,0,3,3.0,0.002857142857142857,0.04319444298744202,0.9679265536723164,0.677564406779661,0.9646892655367232,1,0.9568
22,3,25,0,3,3.0,0.0032017075773745998,0.0,0.9663485875706216,0.7424570621468926,0.9622666666666668,0,0.4844
6,3,25,0,0,4.0,0.0038095238095238095,0.0,0.9714869318181818,0.7811892045454545,0.9603221590909092,0,1.0
14,3,25,0,0,4.0,0.003968253968253968,0.0,0.9732103448275864,0.7720936781609196,0.9673367816091952,0,0.624
22,4,25,0,0,1.0,0.0009523809523809524,0.0,0.9726114285714286,0.7704497142857143,0.9543937142857144,0,0.3442
6,3,25,0,0,1.0,0.001375515818431912,0.0,0.9579948863636364,0.6420017045454546,0.9496204545454544,0,0.4138
14,3,25,0,0,3.0,0.003694581280788177,0.0,0.9595845714285716,0.6536731428571428,0.9767611428571428,0,0.3
22,4,25,0,0,1.0,0.001326259946949602,0.0,0.960858757062147,0.6334305084745763,0.9482943502824858,0,0.1529
6,3,25,0,0,2.0,0.0022935779816513763,0.10709635447710752,0.9711568965517242,0.7715344827586208,0.9542132183908044,2,0.7978
14,3,25,0,0,6.0,0.0062047569803516025,0.10709635447710752,0.9698011363636364,0.75509375,0.9680863636363636,2,0.2743
22,4,25,0,0,4.0,0.004123711340206186,0.0,0.9699949438202248,0.7404140449438202,0.9610904494382022,0,1.0
6,3,25,0,1,5.0,0.005720823798627002,0.10709635447710752,0.9694767045454546,0.7222562499999999,0.9522732954545454,2,0.5637
14,3,25,0,1,4.0,0.004206098843322818,0.10709635447710752,0.970316384180791,0.7160909604519774,0.958379661016949,2,0.5631
22,4,25,0,1,5.0,0.0056625141562853904,0.0,0.9707780898876404,0.6486887640449438,0.9695876404494382,0,0.8082
6,3,25,0,1,4.0,0.005405405405405406,0.0,0.9605514124293784,0.6269536723163842,0.9538604519774012,0,0.8572
14,3,25,0,1,4.0,0.006349206349206349,0.0,0.961474431818182,0.6564625000000001,0.9428977272727272,0,0.1559
22,4,25,0,1,5.0,0.005773672055427252,0.0,0.9596569832402236,0.6435245810055866,0.9638513966480448,0,0.8813
6,3,25,0,1,5.0,0.004807692307692308,0.0,0.965764,0.7633297142857142,0.9598091428571428,0,1.0
14,3,25,0,1,2.0,0.0019455252918287938,0.0,0.961093220338983,0.7580553672316385,0.9796604519774011,0,0.6436
22,4,25,0,1,2.0,0.002004008016032064,0.07347222417593002,0.95955530726257,0.7858726256983241,0.97316312849162,1,0.8836
6,3,25,0,2,3.0,0.002857142857142857,0.0,0.9684011363636364,0.7713215909090909,0.9683693181818182,0,1.0
14,3,25,0,2,4.0,0.005263157894736842,0.0,0.9675180790960451,0.7758463276836158,0.9586621468926554,0,0.4373
22,4,25,0,2,3.0,0.0029154518950437317,0.0,0.9660954545454546,0.7738732954545454,0.9695846590909092,0,0.6388
6,3,25,0,2,6.0,0.00681044267877412,0.07368055731058121,0.9734926553672316,0.6269056497175142,0.955367231638418,1,0.3784
14,3,25,0,2,6.0,0.007832898172323759,0.051770832389593124,0.9717162921348316,0.6548410112359551,0.9551494382022472,1,0.9482
22,4,25,0,2,2.0,0.0024691358024691358,0.0,0.9691514450867053,0.6074329479768786,0.9537063583815028,0,0.8682
6,3,25,0,2,5.0,0.0050916496945010185,0.0,0.9558448863636364,0.7807528409090909,0.977555681818182,0,0.5684
14,3,25,0,2,6.0,0.006825938566552901,0.0,0.959408,0.7887599999999999,0.9514285714285714,0,1.0
22,4,25,0,2,4.0,0.00404040404040404,0.03229166567325592,0.9592327485380115,0.7542111111111112,0.97113216374269,1,0.3513
6,3,25,0,3,2.0,0.002652519893899204,0.0,0.97625197740113,0.6071683615819209,0.9534841807909604,0,0.5624
14,3,25,0,3,6.0,0.008086253369272238,0.0,0.9750948863636364,0.5983465909090909,0.9623090909090908,0,0.2363
22,4,25,0,3,3.0,0.004201680672268907,0.0,0.9761469273743016,0.5908648044692737,0.9510592178770948,0,0.5814
6,3,25,0,3,2.0,0.0019193857965451055,0.0,0.9577932203389832,0.7727412429378532,0.9548954802259888,0,0.3944
14,3,25,0,3,2.0,0.0023228803716608595,0.0,0.9601118644067796,0.7691152542372881,0.9529186440677966,0,0.9612
22,4,25,0,3,8.0,0.009324009324009324,0.10489583015441895,0.9582296511627908,0.8025308139534885,0.9455558139534884,1,0.8951
6,3,25,0,3,6.0,0.005741626794258373,0.0,0.970548275862069,0.7340936781609195,0.969635632183908,0,1.0
14,3,25,0,3,5.0,0.005405405405405406,0.0,0.9679265536723164,0.677564406779661,0.9646892655367232,0,0.8299
22,4,25,0,3,5.0,0.006257822277847309,0.0,0.9663485875706216,0.7424570621468926,0.9622666666666668,0,0.4591
6,4,25,0,0,6.0,0.005714285714285714,0.0,0.9714869318181818,0.7811892045454545,0.9603221590909092,0,0.7536
14,4,25,0,0,2.0,0.0019704433497536944,0.0,0.9732103448275864,0.7720936781609196,0.9673367816091952,0,0.5893
22,5,25,1,0,6.0,0.0065717415115005475,0.08677083253860474,0.9726114285714286,0.7704497142857143,0.9543937142857144,1,0.6165
6,4,25,0,0,5.0,0.005405405405405406,0.0,0.9579948863636364,0.6420017045454546,0.9496204545454544,0,0.8897
14,4,25,0,0,2.0,0.0028169014084507044,0.0,0.9595845714285716,0.6536731428571428,0.9767611428571428,0,0.2978
22,5,25,1,0,8.0,0.01228878648233487,0.0,0.960858757062147,0.6334305084745763,0.9482943502824858,0,0.6646
6,4,25,0,0,3.0,0.002973240832507433,0.0,0.9711568965517242,0.7715344827586208,0.9542132183908044,0,0.7907
14,4,25,0,0,6.0,0.0064516129032258064,0.0,0.9698011363636364,0.75509375,0.9680863636363636,0,0.6746
22,5,25,1,0,4.0,0.004362050163576881,0.10709635447710752,0.9699949438202248,0.7404140449438202,0.9610904494382022,1,0.8907
6,4,25,0,1,4.0,0.0051813471502590676,0.0,0.9694767045454546,0.7222562499999999,0.9522732954545454,0,1.0
14,4,25,0,1,4.0,0.0049504950495049506,0.0,0.970316384180791,0.7160909604519774,0.958379661016949,0,0.6492
22,5,25,1,1,2.0,0.002317497103128621,0.0,0.9707780898876404,0.6486887640449438,0.9695876404494382,0,0.6832
6,4,25,0,1,3.0,0.004815409309791332,0.0,0.9605514124293784,0.6269536723163842,0.9538604519774012,0,0.7906
14,4,25,0,1,6.0,0.00916030534351145,0.0,0.961474431818182,0.6564625000000001,0.9428977272727272,0,0.3
22,5,25,1,1,5.0,0.006596306068601583,0.0,0.9596569832402236,0.6435245810055866,0.9638513966480448,0,0.887
6,4,25,0,1,6.0,0.005714285714285714,0.05687500163912773,0.965764,0.7633297142857142,0.9598091428571428,1,0.4962
14,4,25,0,1,4.0,0.004032258064516129,0.06006944552063942,0.961093220338983,0.7580553672316385,0.9796604519774011,1,0.7981
22,5,25,1,1,3.0,0.0033482142857142855,0.0,0.95955530726257,0.7858726256983241,0.97316312849162,0,0.6484
6,4,25,0,2,4.0,0.004246284501061571,0.0,0.9684011363636364,0.7713215909090909,0.9683693181818182,0,1.0
14,4,25,0,2,5.0,0.004770992366412214,0.0,0.9675180790960451,0.7758463276836158,0.9586621468926554,0,0.8919
22,5,25,1,2,4.0,0.004324324324324324,0.0,0.9660954545454546,0.7738732954545454,0.9695846590909092,0,1.0
6,4,25,0,2,6.0,0.006896551724137931,0.0,0.9734926553672316,0.6269056497175142,0.955367231638418,0,0.2831
14,4,25,0,2,5.0,0.006993006993006993,0.0,0.9717162921348316,0.6548410112359551,0.9551494382022472,0,0.8344
22,5,25,1,2,3.0,0.004511278195488722,0.0,0.9691514450867053,0.6074329479768786,0.9537063583815028,0,0.4946
6,4,25,0,2,3.0,0.002857142857142857,0.08527778089046478,0.9558448863636364,0.7807528409090909,0.977555681818182,1,0.8906
14,4,25,0,2,5.0,0.005537098560354375,0.04885416850447655,0.959408,0.7887599999999999,0.9514285714285714,1,0.9511
22,5,25,1,2,7.0,0.006666666666666667,0.10709635447710752,0.9592327485380115,0.7542111111111112,0.97113216374269,1,0.7
6,4,25,0,3,5.0,0.0068775790921595595,0.0,0.97625197740113,0.6071683615819209,0.9534841807909604,0,0.2941
14,4,25,0,3,5.0,0.00628140703517588,0.0,0.9750948863636364,0.5983465909090909,0.9623090909090908,0,0.2421
22,5,25,1,3,2.0,0.0029154518950437317,0.0,0.9761469273743016,0.5908648044692737,0.9510592178770948,0,0.5252
6,4,25,0,3,5.0,0.0050150451354062184,0.10709635447710752,0.9577932203389832,0.7727412429378532,0.9548954802259888,1,0.3318
14,4,25,0,3,6.0,0.005819592628516004,0.09524305909872055,0.9601118644067796,0.7691152542372881,0.9529186440677966,1,0.9048
22,5,25,1,3,3.0,0.0031023784901758012,0.08520833402872086,0.9582296511627908,0.8025308139534885,0.9455558139534884,1,0.9148
6,4,25,0,3,4.0,0.0038095238095238095,0.0,0.970548275862069,0.7340936781609195,0.969635632183908,0,1.0
14,4,25,0,3,3.0,0.0035971223021582736,0.0,0.9679265536723164,0.677564406779661,0.9646892655367232,0,0.5977
22,5,25,1,3,3.0,0.0034403669724770644,0.10709635447710752,0.9663485875706216,0.7424570621468926,0.9622666666666668,1,0.7766
6,5,25,1,0,6.0,0.0058823529411764705,0.10709635447710752,0.9714869318181818,0.7811892045454545,0.9603221590909092,1,0.5837
14,5,25,1,0,4.0,0.004214963119072708,0.10709635447710752,0.9732103448275864,0.7720936781609196,0.9673367816091952,1,0.8695
22,6,25,1,0,3.0,0.003464203233256351,0.047361109405756,0.9726114285714286,0.7704497142857143,0.9543937142857144,1,0.2543
6,5,25,1,0,6.0,0.007125890736342043,0.0,0.9579948863636364,0.6420017045454546,0.9496204545454544,0,0.7312
14,5,25,1,0,6.0,0.008241758241758242,0.0,0.9595845714285716,0.6536731428571428,0.9767611428571428,0,0.7892
22,6,25,1,0,3.0,0.003947368421052632,0.018472222611308098,0.960858757062147,0.6334305084745763,0.9482943502824858,1,0.8903
6,5,25,1,0,2.0,0.002560819462227913,0.06565972417593002,0.9711568965517242,0.7715344827586208,0.9542132183908044,1,0.477
14,5,25,1,0,6.0,0.005994005994005994,0.10538194328546524,0.9698011363636364,0.75509375,0.9680863636363636,1,0.5426
22,6,25,1,0,5.0,0.004807692307692308,0.0,0.9699949438202248,0.7404140449438202,0.9610904494382022,0,1.0
6,5,25,1,1,4.0,0.00404040404040404,0.0,0.9694767045454546,0.7222562499999999,0.9522732954545454,0,1.0
14,5,25,1,1,5.0,0.00648508430609598,0.0,0.970316384180791,0.7160909604519774,0.958379661016949,0,0.6626
22,6,25,1,1,6.0,0.00663716814159292,0.0,0.9707780898876404,0.6486887640449438,0.9695876404494382,0,0.2994
6,5,25,1,1,3.0,0.004545454545454545,0.0,0.9605514124293784,0.6269536723163842,0.9538604519774012,0,0.7109
14,5,25,1,1,2.0,0.0024271844660194173,0.0,0.961474431818182,0.6564625000000001,0.9428977272727272,0,0.6529
22,6,25,1,1,5.0,0.007309941520467836,0.10709635447710752,0.9596569832402236,0.6435245810055866,0.9638513966480448,1,0.8652
6,5,25,1,1,3.0,0.002857142857142857,0.0,0.965764,0.7633297142857142,0.9598091428571428,0,0.5243
14,5,25,1,1,3.0,0.003537735849056604,0.0,0.961093220338983,0.7580553672316385,0.9796604519774011,0,0.9042
22,6,25,1,1,4.0,0.0038095238095238095,0.0,0.95955530726257,0.7858726256983241,0.97316312849162,0,0.848
6,5,25,1,2,2.0,0.0020554984583761563,0.0,0.9684011363636364,0.7713215909090909,0.9683693181818182,0,1.0
14,5,25,1,2,3.0,0.002857142857142857,0.0,0.9675180790960451,0.7758463276836158,0.9586621468926554,0,1.0
22,6,25,1,2,2.0,0.0019860973187686196,0.06805555522441864,0.9660954545454546,0.7738732954545454,0.9695846590909092,1,0.5874
6,5,25,1,2,5.0,0.006887052341597796,0.0,0.9734926553672316,0.6269056497175142,0.955367231638418,0,0.7739
14,5,25,1,2,3.0,0.003870967741935484,0.0,0.9717162921348316,0.6548410112359551,0.9551494382022472,0,0.92
22,6,25,1,2,2.0,0.002967359050445104,0.0,0.9691514450867053,0.6074329479768786,0.9537063583815028,0,0.1403
6,5,25,1,2,3.0,0.0035885167464114833,0.10709635447710752,0.9558448863636364,0.7807528409090909,0.977555681818182,1,0.324
14,5,25,1,2,6.0,0.005714285714285714,0.10709635447710752,0.959408,0.7887599999999999,0.9514285714285714,1,0.8885
22,6,25,1,2,3.0,0.003329633740288568,0.0,0.9592327485380115,0.7542111111111112,0.97113216374269,0,1.0
6,5,25,1,3,3.0,0.004310344827586207,0.0,0.97625197740113,0.6071683615819209,0.9534841807909604,0,0.4082
14,5,25,1,3,5.0,0.008460236886632826,0.0,0.9750948863636364,0.5983465909090909,0.9623090909090908,0,0.7808
22,6,25,1,3,3.0,0.004464285714285714,0.0,0.9761469273743016,0.5908648044692737,0.9510592178770948,0,0.5493
6,5,25,1,3,3.0,0.0029296875,0.08291666954755783,0.9577932203389832,0.7727412429378532,0.9548954802259888,1,0.6878
14,5,25,1,3,5.0,0.005252100840336135,0.10709635447710752,0.9601118644067796,0.7691152542372881,0.9529186440677966,1,0.853
6,5,25,1,3,5.0,0.004761904761904762,0.10709635447710752,0.970548275862069,0.7340936781609195,0.969635632183908,1,0.5134
14,5,25,1,3,2.0,0.002398081534772182,0.10709635447710752,0.9679265536723164,0.677564406779661,0.9646892655367232,1,0.8245
22,6,25,1,3,4.0,0.00408997955010225,0.0,0.9663485875706216,0.7424570621468926,0.9622666666666668,0,0.541
14,6,25,1,0,2.0,0.00234192037470726,0.08256944268941879,0.9732103448275864,0.7720936781609196,0.9673367816091952,1,0.9154
22,0,26,0,0,2.0,0.0019047619047619048,0.0,0.9726114285714286,0.7704497142857143,0.9543937142857144,0,0.9651
6,6,25,1,0,5.0,0.00715307582260372,0.029930556192994118,0.9579948863636364,0.6420017045454546,0.9496204545454544,1,0.2915
14,6,25,1,0,4.0,0.0060882800608828,0.036145832389593124,0.9595845714285716,0.6536731428571428,0.9767611428571428,1,0.9032
22,0,26,0,0,6.0,0.009230769230769232,0.07694444805383682,0.960858757062147,0.6334305084745763,0.9482943502824858,1,0.7728
6,6,25,1,0,6.0,0.006644518272425249,0.0,0.9711568965517242,0.7715344827586208,0.9542132183908044,0,0.7365
14,6,25,1,0,3.0,0.003051881993896236,0.0,0.9698011363636364,0.75509375,0.9680863636363636,0,1.0
22,0,26,0,0,3.0,0.003787878787878788,0.0,0.9699949438202248,0.7404140449438202,0.9610904494382022,0,0.3737
6,6,25,1,1,1.0,0.0011198208286674132,0.0,0.9694767045454546,0.7222562499999999,0.9522732954545454,0,0.5
14,6,25,1,1,5.0,0.005861664712778429,0.0,0.970316384180791,0.7160909604519774,0.958379661016949,0,0.4638
22,0,26,0,1,5.0,0.006476683937823834,0.0,0.9707780898876404,0.6486887640449438,0.9695876404494382,0,0.8634
6,6,25,1,1,2.0,0.002844950213371266,0.10709635447710752,0.9605514124293784,0.6269536723163842,0.9538604519774012,1,0.6674
14,6,25,1,1,4.0,0.0050062578222778474,0.10709635447710752,0.961474431818182,0.6564625000000001,0.9428977272727272,1,0.5704
22,0,26,0,1,6.0,0.009104704097116844,0.03204861283302307,0.9596569832402236,0.6435245810055866,0.9638513966480448,1,0.186
6,6,25,1,1,1.0,0.0009523809523809524,0.0,0.965764,0.7633297142857142,0.9598091428571428,0,0.153
14,6,25,1,1,6.0,0.005714285714285714,0.0,0.961093220338983,0.7580553672316385,0.9796604519774011,0,0.3679
22,0,26,0,1,4.0,0.004259850905218318,0.0698263868689537,0.95955530726257,0.7858726256983241,0.97316312849162,1,0.3629
6,6,25,1,2,6.0,0.005714285714285714,0.07062499970197678,0.9684011363636364,0.7713215909090909,0.9683693181818182,1,0.4171
14,6,25,1,2,5.0,0.0050968399592252805,0.10709635447710752,0.9675180790960451,0.7758463276836158,0.9586621468926554,1,0.8545
22,0,26,0,2,4.0,0.004149377593360996,0.0,0.9660954545454546,0.7738732954545454,0.9695846590909092,0,1.0
6,6,25,1,2,2.0,0.002699055330634278,0.0,0.9734926553672316,0.6269056497175142,0.955367231638418,0,0.2282
14,6,25,1,2,3.0,0.0035629453681710215,0.0,0.9717162921348316,0.6548410112359551,0.9551494382022472,0,0.6424
6,6,25,1,2,5.0,0.004761904761904762,0.0,0.9558448863636364,0.7807528409090909,0.977555681818182,0,0.5028
14,6,25,1,2,3.0,0.002973240832507433,0.0,0.959408,0.7887599999999999,0.9514285714285714,0,1.0
6,6,25,1,3,3.0,0.005084745762711864,0.0,0.97625197740113,0.6071683615819209,0.9534841807909604,0,0.5097
14,6,25,1,3,3.0,0.004155124653739612,0.0,0.9750948863636364,0.5983465909090909,0.9623090909090908,0,0.3257
22,0,26,0,3,5.0,0.0070028011204481795,0.10709635447710752,0.9761469273743016,0.5908648044692737,0.9510592178770948,1,0.6684
6,6,25,1,3,6.0,0.005714285714285714,0.0,0.9577932203389832,0.7727412429378532,0.9548954802259888,0,1.0
14,6,25,1,3,2.0,0.0019880715705765406,0.0,0.9601118644067796,0.7691152542372881,0.9529186440677966,0,1.0
22,0,26,0,3,4.0,0.0038095238095238095,0.07145833224058151,0.9582296511627908,0.8025308139534885,0.9455558139534884,1,0.9285
6,6,25,1,3,5.0,0.0059665871121718375,0.0,0.970548275862069,0.7340936781609195,0.969635632183908,0,0.3532
14,6,25,1,3,6.0,0.006134969325153374,0.0,0.9679265536723164,0.677564406779661,0.9646892655367232,0,0.38
22,0,26,0,3,2.0,0.002352941176470588,0.021805554628372192,0.9663485875706216,0.7424570621468926,0.9622666666666668,1,0.3817
6,0,26,0,0,5.0,0.0049504950495049506,0.0,0.9714869318181818,0.7811892045454545,0.9603221590909092,0,0.5851
14,0,26,0,0,2.0,0.0020100502512562816,0.0,0.9732103448275864,0.7720936781609196,0.9673367816091952,0,0.6271
22,1,26,0,0,7.0,0.006666666666666667,0.0,0.9726114285714286,0.7704497142857143,0.9543937142857144,0,0.7724
6,0,26,0,0,5.0,0.007032348804500703,0.10709635447710752,0.9579948863636364,0.6420017045454546,0.9496204545454544,1,0.709
14,0,26,0,0,3.0,0.004261363636363636,0.10709635447710752,0.9595845714285716,0.6536731428571428,0.9767611428571428,1,0.7539
22,1,26,0,0,2.0,0.002583979328165375,0.06989583373069763,0.960858757062147,0.6334305084745763,0.9482943502824858,1,0.7297
6,0,26,0,0,4.0,0.004429678848283499,0.0,0.9711568965517242,0.7715344827586208,0.9542132183908044,0,1.0
14,0,26,0,0,2.0,0.0023781212841854932,0.0,0.9698011363636364,0.75509375,0.9680863636363636,0,0.4675
22,1,26,0,0,6.0,0.0067039106145251395,0.0,0.9699949438202248,0.7404140449438202,0.9610904494382022,0,0.9966
6,0,26,0,1,4.0,0.004571428571428572,0.0,0.9694767045454546,0.7222562499999999,0.9522732954545454,0,1.0
14,0,26,0,1,3.0,0.0031982942430703624,0.0,0.970316384180791,0.7160909604519774,0.958379661016949,0,0.7149
22,1,26,0,1,5.0,0.005291005291005291,0.0,0.9707780898876404,0.6486887640449438,0.9695876404494382,0,0.381
6,0,26,0,1,5.0,0.007961783439490446,0.025312500074505806,0.9605514124293784,0.6269536723163842,0.9538604519774012,1,0.4376
14,0,26,0,1,5.0,0.005889281507656066,0.024340277537703514,0.961474431818182,0.6564625000000001,0.9428977272727272,1,0.9599
22,1,26,0,1,6.0,0.007614213197969543,0.0,0.9596569832402236,0.6435245810055866,0.9638513966480448,0,0.8011
6,0,26,0,1,2.0,0.0019047619047619048,0.07173611223697662,0.965764,0.7633297142857142,0.9598091428571428,1,0.4598
14,0,26,0,1,2.0,0.0019047619047619048,0.030347222462296486,0.961093220338983,0.7580553672316385,0.9796604519774011,1,0.3504
22,1,26,0,1,1.0,0.0009523809523809524,0.0,0.95955530726257,0.7858726256983241,0.97316312849162,0,1.0
6,0,26,0,2,3.0,0.002932551319648094,0.0,0.9684011363636364,0.7713215909090909,0.9683693181818182,0,1.0
14,0,26,0,2,3.0,0.002857142857142857,0.0,0.9675180790960451,0.7758463276836158,0.9586621468926554,0,0.7199
22,1,26,0,2,1.0,0.0010449320794148381,0.03291666507720947,0.9660954545454546,0.7738732954545454,0.9695846590909092,1,0.305
6,0,26,0,2,4.0,0.0045045045045045045,0.0,0.9734926553672316,0.6269056497175142,0.955367231638418,0,0.9139
14,0,26,0,2,4.0,0.006622516556291391,0.0,0.9717162921348316,0.6548410112359551,0.9551494382022472,0,0.1785
22,1,26,0,2,5.0,0.00591016548463357,0.0,0.9691514450867053,0.6074329479768786,0.9537063583815028,0,0.3556
6,0,26,0,2,4.0,0.0038095238095238095,0.10709635447710752,0.9558448863636364,0.7807528409090909,0.977555681818182,1,0.3252
14,0,26,0,2,5.0,0.00547645125958379,0.10709635447710752,0.959408,0.7887599999999999,0.9514285714285714,1,0.432
22,1,26,0,2,5.0,0.005417118093174431,0.0,0.9592327485380115,0.7542111111111112,0.97113216374269,0,0.4455
6,0,26,0,3,6.0,0.008928571428571428,0.10709635447710752,0.97625197740113,0.6071683615819209,0.9534841807909604,1,0.6513
14,0,26,0,3,5.0,0.0066844919786096255,0.10709635447710752,0.9750948863636364,0.5983465909090909,0.9623090909090908,1,0.6694
22,1,26,0,3,3.0,0.00463678516228748,0.0,0.9761469273743016,0.5908648044692737,0.9510592178770948,0,0.3816
6,0,26,0,3,4.0,0.004250797024442083,0.10709635447710752,0.9577932203389832,0.7727412429378532,0.9548954802259888,1,0.6498
14,0,26,0,3,3.0,0.0032017075773745998,0.09444444626569748,0.9601118644067796,0.7691152542372881,0.9529186440677966,1,0.5319
22,1,26,0,3,7.0,0.007462686567164179,0.10709635447710752,0.9582296511627908,0.8025308139534885,0.9455558139534884,2,0.6811
6,0,26,0,3,3.0,0.0035335689045936395,0.015590277500450611,0.970548275862069,0.7340936781609195,0.969635632183908,1,0.9844
14,0,26,0,3,3.0,0.004043126684636119,0.03670138865709305,0.9679265536723164,0.677564406779661,0.9646892655367232,1,0.3656
22,1,26,0,3,2.0,0.0023612750885478157,0.0,0.9663485875706216,0.7424570621468926,0.9622666666666668,0,0.3732
6,1,26,0,0,6.0,0.006355932203389831,0.0,0.9714869318181818,0.7811892045454545,0.9603221590909092,0,0.9312
14,1,26,0,0,4.0,0.004223864836325237,0.0,0.9732103448275864,0.7720936781609196,0.9673367816091952,0,1.0
22,2,26,0,0,3.0,0.002857142857142857,0.0,0.9726114285714286,0.7704497142857143,0.9543937142857144,0,0.9658
6,1,26,0,0,5.0,0.0072992700729927005,0.04010416567325592,0.9579948863636364,0.6420017045454546,0.9496204545454544,1,0.4303
14,1,26,0,0,4.0,0.00522875816993464,0.06100694462656975,0.9595845714285716,0.6536731428571428,0.9767611428571428,1,0.7417
22,2,26,0,0,3.0,0.005016722408026756,0.03541666641831398,0.960858757062147,0.6334305084745763,0.9482943502824858,1,0.6925
6,1,26,0,0,4.0,0.003980099502487562,0.0,0.9711568965517242,0.7715344827586208,0.9542132183908044,0,0.4512
14,1,26,0,0,4.0,0.0041928721174004195,0.0,0.9698011363636364,0.75509375,0.9680863636363636,0,0.905
22,2,26,0,0,5.0,0.005945303210463734,0.012881944887340069,0.9699949438202248,0.7404140449438202,0.9610904494382022,1,0.6354
6,1,26,0,1,4.0,0.004210526315789474,0.0,0.9694767045454546,0.7222562499999999,0.9522732954545454,0,0.8068
14,1,26,0,1,5.0,0.0059031877213695395,0.0,0.970316384180791,0.7160909604519774,0.958379661016949,0,0.5235
22,2,26,0,1,7.0,0.008383233532934131,0.0,0.9707780898876404,0.6486887640449438,0.9695876404494382,0,0.3297
6,1,26,0,1,6.0,0.009036144578313253,0.0,0.9605514124293784,0.6269536723163842,0.9538604519774012,0,0.916
14,1,26,0,1,6.0,0.006896551724137931,0.0,0.961474431818182,0.6564625000000001,0.9428977272727272,0,0.9356
22,2,26,0,1,5.0,0.007587253414264037,0.0,0.9596569832402236,0.6435245810055866,0.9638513966480448,0,0.2867
6,1,26,0,1,2.0,0.0019047619047619048,0.0,0.965764,0.7633297142857142,0.9598091428571428,0,1.0
14,1,26,0,1,6.0,0.006211180124223602,0.0,0.961093220338983,0.7580553672316385,0.9796604519774011,0,0.4334
22,2,26,0,1,8.0,0.007619047619047619,0.0,0.95955530726257,0.7858726256983241,0.97316312849162,0,0.8484
6,1,26,0,2,3.0,0.0029615004935834156,0.030173610895872116,0.9684011363636364,0.7713215909090909,0.9683693181818182,1,0.6452
14,1,26,0,2,5.0,0.005107252298263534,0.04125000163912773,0.9675180790960451,0.7758463276836158,0.9586621468926554,1,0.7989
22,2,26,0,2,4.0,0.004069175991861648,0.10709635447710752,0.9660954545454546,0.7738732954545454,0.9695846590909092,1,0.3127
6,1,26,0,2,4.0,0.005641748942172073,0.0,0.9734926553672316,0.6269056497175142,0.955367231638418,0,0.3348
14,1,26,0,2,6.0,0.008368200836820083,0.0,0.9717162921348316,0.6548410112359551,0.9551494382022472,0,0.4362
22,2,26,0,2,0.0,0.0,0.04236111044883728,0.9691514450867053,0.6074329479768786,0.9537063583815028,1,0.0
6,1,26,0,2,5.0,0.004761904761904762,0.0,0.9558448863636364,0.7807528409090909,0.977555681818182,0,0.4648
14,1,26,0,2,3.0,0.003061224489795918,0.0,0.959408,0.7887599999999999,0.9514285714285714,0,0.2797
22,2,26,0,2,1.0,0.001034126163391934,0.0,0.9592327485380115,0.7542111111111112,0.97113216374269,0,0.7887
6,1,26,0,3,4.0,0.005706134094151213,0.0,0.97625197740113,0.6071683615819209,0.9534841807909604,0,0.6056
14,1,26,0,3,1.0,0.001272264631043257,0.0,0.9750948863636364,0.5983465909090909,0.9623090909090908,0,0.305
22,2,26,0,3,7.0,0.008206330597889801,0.0,0.9761469273743016,0.5908648044692737,0.9510592178770948,0,0.9516
6,1,26,0,3,4.0,0.0041928721174004195,0.10709635447710752,0.9577932203389832,0.7727412429378532,0.9548954802259888,2,0.8614
14,1,26,0,3,2.0,0.002336448598130841,0.10709635447710752,0.9601118644067796,0.7691152542372881,0.9529186440677966,2,0.3383
22,2,26,0,3,7.0,0.008760951188986232,0.10709635447710752,0.9582296511627908,0.8025308139534885,0.9455558139534884,2,0.6433
6,1,26,0,3,4.0,0.004119464469618949,0.0,0.970548275862069,0.7340936781609195,0.969635632183908,0,0.7475
14,1,26,0,3,3.0,0.0035842293906810036,0.0,0.9679265536723164,0.677564406779661,0.9646892655367232,0,0.8117
22,2,26,0,3,3.0,0.003171247357293869,0.0,0.9663485875706216,0.7424570621468926,0.9622666666666668,0,1.0
6,2,26,0,0,6.0,0.005714285714285714,0.0,0.9714869318181818,0.7811892045454545,0.9603221590909092,0,1.0
14,2,26,0,0,3.0,0.0031413612565445027,0.0,0.9732103448275864,0.7720936781609196,0.9673367816091952,0,0.5548
22,3,26,0,0,3.0,0.002857142857142857,0.08329860866069794,0.9726114285714286,0.7704497142857143,0.9543937142857144,1,0.4608
6,2,26,0,0,4.0,0.006134969325153374,0.058541666716337204,0.9579948863636364,0.6420017045454546,0.9496204545454544,1,0.3907
14,2,26,0,0,5.0,0.006896551724137931,0.048124998807907104,0.9595845714285716,0.6536731428571428,0.9767611428571428,1,0.1833
22,3,26,0,0,2.0,0.0025284450063211127,0.0,0.960858757062147,0.6334305084745763,0.9482943502824858,0,0.8402
6,2,26,0,0,3.0,0.002857142857142857,0.029756944626569748,0.9711568965517242,0.7715344827586208,0.9542132183908044,1,0.6748
14,2,26,0,0,4.0,0.0045351473922902496,0.013055555522441864,0.9698011363636364,0.75509375,0.9680863636363636,1,0.9869
22,3,26,0,0,4.0,0.0038095238095238095,0.0,0.9699949438202248,0.7404140449438202,0.9610904494382022,0,0.4018
6,2,26,0,1,2.0,0.0021482277121374865,0.0,0.9694767045454546,0.7222562499999999,0.9522732954545454,0,0.834
14,2,26,0,1,4.0,0.004140786749482402,0.0,0.970316384180791,0.7160909604519774,0.958379661016949,0,1.0
22,3,26,0,1,4.0,0.005578800557880056,0.0837152749300003,0.9707780898876404,0.6486887640449438,0.9695876404494382,1,0.9163
6,2,26,0,1,3.0,0.004273504273504274,0.0,0.9605514124293784,0.6269536723163842,0.9538604519774012,0,0.2257
14,2,26,0,1,3.0,0.004316546762589928,0.0,0.961474431818182,0.6564625000000001,0.9428977272727272,0,0.3234
22,3,26,0,1,3.0,0.0044444444444444444,0.0,0.9596569832402236,0.6435245810055866,0.9638513966480448,0,0.469
6,2,26,0,1,6.0,0.006153846153846154,0.0,0.965764,0.7633297142857142,0.9598091428571428,0,0.7702
14,2,26,0,1,4.0,0.00425531914893617,0.0,0.961093220338983,0.7580553672316385,0.9796604519774011,0,0.6652
22,3,26,0,1,2.0,0.0019047619047619048,0.0,0.95955530726257,0.7858726256983241,0.97316312849162,0,1.0
6,2,26,0,2,5.0,0.005112474437627812,0.10709635447710752,0.9684011363636364,0.7713215909090909,0.9683693181818182,1,0.49
14,2,26,0,2,5.0,0.004761904761904762,0.10709635447710752,0.9675180790960451,0.7758463276836158,0.9586621468926554,1,0.4583
22,3,26,0,2,2.0,0.0021253985122210413,0.0,0.9660954545454546,0.7738732954545454,0.9695846590909092,0,0.8547
6,2,26,0,2,3.0,0.003963011889035667,0.07364583015441895,0.9734926553672316,0.6269056497175142,0.955367231638418,1,0.526
14,2,26,0,2,6.0,0.008670520231213872,0.06295138597488403,0.9717162921348316,0.6548410112359551,0.9551494382022472,1,0.5147
22,3,26,0,2,4.0,0.00558659217877095,0.10709635447710752,0.9691514450867053,0.6074329479768786,0.9537063583815028,1,0.7709
6,2,26,0,2,2.0,0.0019102196752626551,0.0,0.9558448863636364,0.7807528409090909,0.977555681818182,0,0.4621
14,2,26,0,2,6.0,0.007371007371007371,0.0,0.959408,0.7887599999999999,0.9514285714285714,0,0.5158
22,3,26,0,2,6.0,0.006198347107438017,0.10709635447710752,0.9592327485380115,0.7542111111111112,0.97113216374269,1,0.5653
6,2,26,0,3,6.0,0.010101010101010102,0.0,0.97625197740113,0.6071683615819209,0.9534841807909604,0,0.6716
14,2,26,0,3,5.0,0.0076103500761035,0.0,0.9750948863636364,0.5983465909090909,0.9623090909090908,0,0.3066
22,3,26,0,3,4.0,0.005738880918220947,0.0,0.9761469273743016,0.5908648044692737,0.9510592178770948,0,0.2788
6,2,26,0,3,3.0,0.003432494279176201,0.10709635447710752,0.9577932203389832,0.7727412429378532,0.9548954802259888,2,0.4035
14,2,26,0,3,4.0,0.004878048780487805,0.10709635447710752,0.9601118644067796,0.7691152542372881,0.9529186440677966,2,0.8282
22,3,26,0,3,1.0,0.0009523809523809524,0.10649305582046509,0.9582296511627908,0.8025308139534885,0.9455558139534884,2,0.7273
6,2,26,0,3,3.0,0.0035587188612099642,0.0,0.970548275862069,0.7340936781609195,0.969635632183908,0,0.7343
14,2,26,0,3,4.0,0.0047789725209080045,0.0,0.9679265536723164,0.677564406779661,0.9646892655367232,0,0.3386
22,3,26,0,3,3.0,0.0033783783783783786,0.0,0.9663485875706216,0.7424570621468926,0.9622666666666668,0,0.5609
6,3,26,0,0,2.0,0.0019047619047619048,0.10709635447710752,0.9714869318181818,0.7811892045454545,0.9603221590909092,1,0.7645
14,3,26,0,0,5.0,0.006313131313131313,0.10709635447710752,0.9732103448275864,0.7720936781609196,0.9673367816091952,1,0.4265
22,4,26,0,0,4.0,0.0038095238095238095,0.0,0.9726114285714286,0.7704497142857143,0.9543937142857144,0,0.7429
6,3,26,0,0,2.0,0.002962962962962963,0.0,0.9579948863636364,0.6420017045454546,0.9496204545454544,0,0.6642
14,3,26,0,0,2.0,0.00273224043715847,0.0,0.9595845714285716,0.6536731428571428,0.9767611428571428,0,0.8743
22,4,26,0,0,4.0,0.005405405405405406,0.0,0.960858757062147,0.6334305084745763,0.9482943502824858,0,0.9101
6,3,26,0,0,6.0,0.007471980074719801,0.0,0.9711568965517242,0.7715344827586208,0.9542132183908044,0,0.6463
14,3,26,0,0,2.0,0.002280501710376283,0.0,0.9698011363636364,0.75509375,0.9680863636363636,0,0.5082
22,4,26,0,0,3.0,0.0028653295128939827,0.0,0.9699949438202248,0.7404140449438202,0.9610904494382022,0,1.0
6,3,26,0,1,3.0,0.0037128712871287127,0.09343750029802322,0.9694767045454546,0.7222562499999999,0.9522732954545454,1,0.4444
14,3,26,0,1,4.0,0.004592422502870264,0.041875001043081284,0.970316384180791,0.7160909604519774,0.958379661016949,1,0.9581
22,4,26,0,1,5.0,0.0056753688989784334,0.03951388970017433,0.9707780898876404,0.6486887640449438,0.9695876404494382,1,0.9605
6,3,26,0,1,4.0,0.005722460658082976,0.0,0.9605514124293784,0.6269536723163842,0.9538604519774012,0,0.8471
14,3,26,0,1,3.0,0.0033707865168539327,0.0,0.961474431818182,0.6564625000000001,0.9428977272727272,0,0.8149
22,4,26,0,1,4.0,0.005797101449275362,0.0,0.9596569832402236,0.6435245810055866,0.9638513966480448,0,0.944
6,3,26,0,1,3.0,0.002857142857142857,0.0,0.965764,0.7633297142857142,0.9598091428571428,0,0.75
14,3,26,0,1,6.0,0.005893909626719057,0.0,0.961093220338983,0.7580553672316385,0.9796604519774011,0,1.0
22,4,26,0,1,2.0,0.0019047619047619048,0.025416666641831398,0.95955530726257,0.7858726256983241,0.97316312849162,1,0.5436
6,3,26,0,2,4.0,0.0038095238095238095,0.0,0.9684011363636364,0.7713215909090909,0.9683693181818182,0,0.8
14,3,26,0,2,6.0,0.005865102639296188,0.0,0.9675180790960451,0.7758463276836158,0.9586621468926554,0,1.0
22,4,26,0,2,2.0,0.0022522522522522522,0.0,0.9660954545454546,0.7738732954545454,0.9695846590909092,0,0.5334
6,3,26,0,2,3.0,0.00482315112540193,0.10709635447710752,0.9734926553672316,0.6269056497175142,0.955367231638418,1,0.4346
14,3,26,0,2,5.0,0.006289308176100629,0.10486111044883728,0.9717162921348316,0.6548410112359551,0.9551494382022472,1,0.8951
22,4,26,0,2,4.0,0.005161290322580645,0.0,0.9691514450867053,0.6074329479768786,0.9537063583815028,0,0.3679
6,3,26,0,2,6.0,0.005714285714285714,0.10709635447710752,0.9558448863636364,0.7807528409090909,0.977555681818182,1,0.4145
14,3,26,0,2,6.0,0.006423982869379015,0.10709635447710752,0.959408,0.7887599999999999,0.9514285714285714,1,0.4732
22,4,26,0,2,2.0,0.0019047619047619048,0.10709635447710752,0.9592327485380115,0.7542111111111112,0.97113216374269,1,0.6216
6,3,26,0,3,5.0,0.006830601092896175,0.0,0.97625197740113,0.6071683615819209,0.9534841807909604,0,0.8995
14,3,26,0,3,4.0,0.006211180124223602,0.0,0.9750948863636364,0.5983465909090909,0.9623090909090908,0,0.6039
22,4,26,0,3,4.0,0.005738880918220947,0.015277777798473835,0.9761469273743016,0.5908648044692737,0.9510592178770948,1,0.8165
6,3,26,0,3,5.0,0.005636978579481398,0.08093749731779099,0.9577932203389832,0.7727412429378532,0.9548954802259888,2,0.5205
14,3,26,0,3,5.0,0.005050505050505051,0.10709635447710752,0.9601118644067796,0.7691152542372881,0.9529186440677966,2,0.6407
22,4,26,0,3,4.0,0.0039100684261974585,0.0,0.9582296511627908,0.8025308139534885,0.9455558139534884,0,0.5648
6,3,26,0,3,3.0,0.003947368421052632,0.0,0.970548275862069,0.7340936781609195,0.969635632183908,0,0.8729
14,3,26,0,3,5.0,0.006756756756756757,0.0,0.9679265536723164,0.677564406779661,0.9646892655367232,0,0.5807
22,4,26,0,3,4.0,0.004008016032064128,0.0,0.9663485875706216,0.7424570621468926,0.9622666666666668,0,1.0
6,4,26,0,0,2.0,0.0021164021164021165,0.0,0.9714869318181818,0.7811892045454545,0.9603221590909092,0,0.2687
14,4,26,0,0,3.0,0.0031120331950207467,0.0,0.9732103448275864,0.7720936781609196,0.9673367816091952,0,1.0
22,5,26,1,0,5.0,0.0055309734513274336,0.050208333879709244,0.9726114285714286,0.7704497142857143,0.9543937142857144,1,0.3402
6,4,26,0,0,5.0,0.006858710562414266,0.0,0.9579948863636364,0.6420017045454546,0.9496204545454544,0,0.79
14,4,26,0,0,2.0,0.002531645569620253,0.0,0.9595845714285716,0.6536731428571428,0.9767611428571428,0,0.8067
22,5,26,1,0,1.0,0.00145985401459854,0.0,0.960858757062147,0.6334305084745763,0.9482943502824858,0,0.2122
6,4,26,0,0,2.0,0.0019047619047619048,0.0,0.9711568965517242,0.7715344827586208,0.9542132183908044,0,0.6511
14,4,26,0,0,2.0,0.0020512820512820513,0.0,0.9698011363636364,0.75509375,0.9680863636363636,0,1.0
22,5,26,1,0,5.0,0.005411255411255411,0.0,0.9699949438202248,0.7404140449438202,0.9610904494382022,0,0.6887
6,4,26,0,1,4.0,0.004656577415599534,0.06725694239139557,0.9694767045454546,0.7222562499999999,0.9522732954545454,1,0.4378
14,4,26,0,1,4.0,0.0045871559633027525,0.09375,0.970316384180791,0.7160909604519774,0.958379661016949,1,0.6876
22,5,26,1,1,3.0,0.0032967032967032967,0.0,0.9707780898876404,0.6486887640449438,0.9695876404494382,0,0.4515
6,4,26,0,1,4.0,0.005208333333333333,0.0,0.9605514124293784,0.6269536723163842,0.9538604519774012,0,0.6394
14,4,26,0,1,1.0,0.0014577259475218659,0.0,0.961474431818182,0.6564625000000001,0.9428977272727272,0,0.4216
22,5,26,1,1,3.0,0.004497751124437781,0.10709635447710752,0.9596569832402236,0.6435245810055866,0.9638513966480448,3,0.3895
6,4,26,0,1,4.0,0.003913894324853229,0.0416666679084301,0.965764,0.7633297142857142,0.9598091428571428,1,0.7035
14,4,26,0,1,5.0,0.004761904761904762,0.028784722089767456,0.961093220338983,0.7580553672316385,0.9796604519774011,1,0.9712
22,5,26,1,1,4.0,0.004310344827586207,0.0,0.95955530726257,0.7858726256983241,0.97316312849162,0,0.6003
6,4,26,0,2,4.0,0.004581901489117984,0.0,0.9684011363636364,0.7713215909090909,0.9683693181818182,0,0.8527
14,4,26,0,2,5.0,0.004807692307692308,0.0,0.9675180790960451,0.7758463276836158,0.9586621468926554,0,1.0
22,5,26,1,2,3.0,0.002857142857142857,0.05763888731598854,0.9660954545454546,0.7738732954545454,0.9695846590909092,1,0.4485
6,4,26,0,2,5.0,0.007204610951008645,0.0,0.9734926553672316,0.6269056497175142,0.955367231638418,0,0.4933
14,4,26,0,2,6.0,0.00749063670411985,0.0,0.9717162921348316,0.6548410112359551,0.9551494382022472,0,0.378
22,5,26,1,2,5.0,0.006060606060606061,0.020243056118488312,0.9691514450867053,0.6074329479768786,0.9537063583815028,1,0.2698
6,4,26,0,2,5.0,0.0053705692803437165,0.10709635447710752,0.9558448863636364,0.7807528409090909,0.977555681818182,1,0.4881
14,4,26,0,2,4.0,0.0041753653444676405,0.07993055880069733,0.959408,0.7887599999999999,0.9514285714285714,1,0.9201
22,5,26,1,2,2.0,0.0019047619047619048,0.10709635447710752,0.9592327485380115,0.7542111111111112,0.97113216374269,1,0.5385
6,4,26,0,3,4.0,0.004819277108433735,0.013159722089767456,0.97625197740113,0.6071683615819209,0.9534841807909604,1,0.3076
14,4,26,0,3,4.0,0.005641748942172073,0.020555555820465088,0.9750948863636364,0.5983465909090909,0.9623090909090908,1,0.4401
22,5,26,1,3,1.0,0.0015313935681470138,0.0,0.9761469273743016,0.5908648044692737,0.9510592178770948,0,0.3381
6,4,26,0,3,2.0,0.002336448598130841,0.0,0.9577932203389832,0.7727412429378532,0.9548954802259888,0,0.4536
14,4,26,0,3,3.0,0.003188097768331562,0.0,0.9601118644067796,0.7691152542372881,0.9529186440677966,0,0.9452
22,5,26,1,3,7.0,0.008111239860950173,0.03479166701436043,0.9582296511627908,0.8025308139534885,0.9455558139534884,1,0.6841
6,4,26,0,3,3.0,0.003232758620689655,0.0,0.970548275862069,0.7340936781609195,0.969635632183908,0,1.0
14,4,26,0,3,5.0,0.005701254275940707,0.0,0.9679265536723164,0.677564406779661,0.9646892655367232,0,0.9306
22,5,26,1,3,2.0,0.002103049421661409,0.0,0.9663485875706216,0.7424570621468926,0.9622666666666668,0,0.465
14,5,26,1,0,3.0,0.003033367037411527,0.05746527761220932,0.9732103448275864,0.7720936781609196,0.9673367816091952,1,0.5655
22,6,26,1,0,3.0,0.002857142857142857,0.0,0.9726114285714286,0.7704497142857143,0.9543937142857144,0,1.0
6,5,26,1,0,4.0,0.006600660066006601,0.0,0.9579948863636364,0.6420017045454546,0.9496204545454544,0,0.4608
14,5,26,1,0,3.0,0.004477611940298508,0.0,0.9595845714285716,0.6536731428571428,0.9767611428571428,0,0.1933
22,6,26,1,0,3.0,0.0037313432835820895,0.10709635447710752,0.960858757062147,0.6334305084745763,0.9482943502824858,1,0.3411
6,5,26,1,0,6.0,0.005714285714285714,0.0,0.9711568965517242,0.7715344827586208,0.9542132183908044,0,0.4025
14,5,26,1,0,5.0,0.0057405281285878304,0.0,0.9698011363636364,0.75509375,0.9680863636363636,0,0.7159
22,6,26,1,0,2.0,0.0022988505747126436,0.0,0.9699949438202248,0.7404140449438202,0.9610904494382022,0,0.4081
6,5,26,1,1,2.0,0.0022624434389140274,0.0,0.9694767045454546,0.7222562499999999,0.9522732954545454,0,0.7385
22,6,26,1,1,1.0,0.0013003901170351106,0.0,0.9707780898876404,0.6486887640449438,0.9695876404494382,0,0.5551
6,5,26,1,1,4.0,0.005194805194805195,0.10709635447710752,0.9605514124293784,0.6269536723163842,0.9538604519774012,3,0.289
14,5,26,1,1,2.0,0.0026041666666666665,0.10709635447710752,0.961474431818182,0.6564625000000001,0.9428977272727272,3,0.2733
22,6,26,1,1,3.0,0.005110732538330494,0.10479166358709335,0.9596569832402236,0.6435245810055866,0.9638513966480448,1,0.5381
6,5,26,1,1,2.0,0.0022727272727272726,0.0,0.965764,0.7633297142857142,0.9598091428571428,0,0.3697
14,5,26,1,1,4.0,0.005134788189987163,0.0,0.961093220338983,0.7580553672316385,0.9796604519774011,0,0.4055
22,6,26,1,1,4.0,0.004807692307692308,0.0,0.95955530726257,0.7858726256983241,0.97316312849162,0,1.0
6,5,26,1,2,5.0,0.005681818181818182,0.04131944477558136,0.9684011363636364,0.7713215909090909,0.9683693181818182,1,0.6719
14,5,26,1,2,2.0,0.0019665683382497543,0.059513889253139496,0.9675180790960451,0.7758463276836158,0.9586621468926554,1,0.627
22,6,26,1,2,4.0,0.003883495145631068,0.0,0.9660954545454546,0.7738732954545454,0.9695846590909092,0,0.8505
6,5,26,1,2,6.0,0.008185538881309686,0.03465277701616287,0.9734926553672316,0.6269056497175142,0.955367231638418,1,0.4823
14,5,26,1,2,5.0,0.006896551724137931,0.032673612236976624,0.9717162921348316,0.6548410112359551,0.9551494382022472,1,0.3119
22,6,26,1,2,3.0,0.004411764705882353,0.10709635447710752,0.9691514450867053,0.6074329479768786,0.9537063583815028,1,0.7103
6,5,26,1,2,6.0,0.006659267480577136,0.08538194745779037,0.9558448863636364,0.7807528409090909,0.977555681818182,1,0.5737
14,5,26,1,2,6.0,0.005905511811023622,0.10709635447710752,0.959408,0.7887599999999999,0.9514285714285714,1,0.8156
22,6,26,1,2,4.0,0.004618937644341801,0.025555554777383804,0.9592327485380115,0.7542111111111112,0.97113216374269,1,0.7554
6,5,26,1,3,4.0,0.005610098176718092,0.0,0.97625197740113,0.6071683615819209,0.9534841807909604,0,0.3097
14,5,26,1,3,3.0,0.00487012987012987,0.0,0.9750948863636364,0.5983465909090909,0.9623090909090908,0,0.8017
22,6,26,1,3,3.0,0.004092769440654843,0.0,0.9761469273743016,0.5908648044692737,0.9510592178770948,0,0.7159
6,5,26,1,3,3.0,0.0033259423503325942,0.09916666895151138,0.9577932203389832,0.7727412429378532,0.9548954802259888,1,0.6592
14,5,26,1,3,2.0,0.001968503937007874,0.04045138880610466,0.9601118644067796,0.7691152542372881,0.9529186440677966,1,0.9595
22,6,26,1,3,4.0,0.0038684719535783366,0.0,0.9582296511627908,0.8025308139534885,0.9455558139534884,0,1.0
6,5,26,1,3,2.0,0.0025380710659898475,0.0,0.970548275862069,0.7340936781609195,0.969635632183908,0,0.5141
14,5,26,1,3,6.0,0.006880733944954129,0.0,0.9679265536723164,0.677564406779661,0.9646892655367232,0,0.9822
22,6,26,1,3,5.0,0.004793863854266539,0.0,0.9663485875706216,0.7424570621468926,0.9622666666666668,0,0.4208
6,6,26,1,0,5.0,0.005252100840336135,0.0,0.9714869318181818,0.7811892045454545,0.9603221590909092,0,0.5368
14,6,26,1,0,3.0,0.0029644268774703555,0.0,0.9732103448275864,0.7720936781609196,0.9673367816091952,0,0.75
22,0,27,0,0,7.0,0.00676328502415459,0.0,0.9726114285714286,0.7704497142857143,0.9543937142857144,0,0.4129
6,6,26,1,0,3.0,0.003243243243243243,0.10709635447710752,0.9579948863636364,0.6420017045454546,0.9496204545454544,1,0.2839
14,6,26,1,0,5.0,0.007564296520423601,0.10709635447710752,0.9595845714285716,0.6536731428571428,0.9767611428571428,1,0.7476
22,0,27,0,0,4.0,0.005188067444876783,0.0,0.960858757062147,0.6334305084745763,0.9482943502824858,0,0.5418
6,6,26,1,0,3.0,0.0029469548133595285,0.0,0.9711568965517242,0.7715344827586208,0.9542132183908044,0,0.6734
14,6,26,1,0,3.0,0.0030991735537190084,0.0,0.9698011363636364,0.75509375,0.9680863636363636,0,0.8904
22,0,27,0,0,3.0,0.004878048780487805,0.10709635447710752,0.9699949438202248,0.7404140449438202,0.9610904494382022,1,0.5365
6,6,26,1,1,5.0,0.005549389567147614,0.0,0.9694767045454546,0.7222562499999999,0.9522732954545454,0,0.3335
14,6,26,1,1,3.0,0.0031088082901554403,0.0,0.970316384180791,0.7160909604519774,0.958379661016949,0,0.638
22,0,27,0,1,5.0,0.00625,0.0,0.9707780898876404,0.6486887640449438,0.9695876404494382,0,0.915
6,6,26,1,1,6.0,0.009302325581395349,0.10709635447710752,0.9605514124293784,0.6269536723163842,0.9538604519774012,1,0.5247
14,6,26,1,1,3.0,0.0036319612590799033,0.10709635447710752,0.961474431818182,0.6564625000000001,0.9428977272727272,1,0.4881
22,0,27,0,1,6.0,0.008995502248875561,0.0,0.9596569832402236,0.6435245810055866,0.9638513966480448,0,0.7772
6,6,26,1,1,4.0,0.003887269193391642,0.0,0.965764,0.7633297142857142,0.9598091428571428,0,0.7646
14,6,26,1,1,2.0,0.002103049421661409,0.0,0.961093220338983,0.7580553672316385,0.9796604519774011,0,0.5297
22,0,27,0,1,3.0,0.0030241935483870967,0.0,0.95955530726257,0.7858726256983241,0.97316312849162,0,0.4399
6,6,26,1,2,5.0,0.005040322580645161,0.0,0.9684011363636364,0.7713215909090909,0.9683693181818182,0,1.0
14,6,26,1,2,3.0,0.002890173410404624,0.0,0.9675180790960451,0.7758463276836158,0.9586621468926554,0,0.368
22,0,27,0,2,1.0,0.0009523809523809524,0.10709635447710752,0.9660954545454546,0.7738732954545454,0.9695846590909092,2,0.4269
6,6,26,1,2,2.0,0.0026917900403768506,0.10709635447710752,0.9734926553672316,0.6269056497175142,0.955367231638418,1,0.8171
14,6,26,1,2,5.0,0.006657789613848202,0.08670138567686081,0.9717162921348316,0.6548410112359551,0.9551494382022472,1,0.9133
22,0,27,0,2,4.0,0.004711425206124852,0.10709635447710752,0.9691514450867053,0.6074329479768786,0.9537063583815028,1,0.3361
6,6,26,1,2,4.0,0.0038095238095238095,0.031284723430871964,0.9558448863636364,0.7807528409090909,0.977555681818182,1,0.8972
22,0,27,0,2,3.0,0.0029469548133595285,0.0,0.9592327485380115,0.7542111111111112,0.97113216374269,0,0.3892
6,6,26,1,3,5.0,0.006265664160401002,0.0,0.97625197740113,0.6071683615819209,0.9534841807909604,0,0.5531
14,6,26,1,3,4.0,0.0048367593712212815,0.0,0.9750948863636364,0.5983465909090909,0.9623090909090908,0,0.9433
22,0,27,0,3,6.0,0.0091324200913242,0.0,0.9761469273743016,0.5908648044692737,0.9510592178770948,0,0.6862
6,6,26,1,3,2.0,0.0019550342130987292,0.0,0.9577932203389832,0.7727412429378532,0.9548954802259888,0,1.0
14,6,26,1,3,3.0,0.0035419126328217238,0.0,0.9601118644067796,0.7691152542372881,0.9529186440677966,0,0.6507
22,0,27,0,3,3.0,0.0032858707557502738,0.0,0.9582296511627908,0.8025308139534885,0.9455558139534884,0,1.0
6,6,26,1,3,2.0,0.0020491803278688526,0.0,0.970548275862069,0.7340936781609195,0.969635632183908,0,1.0
14,6,26,1,3,5.0,0.005291005291005291,0.0,0.9679265536723164,0.677564406779661,0.9646892655367232,0,0.672
22,0,27,0,3,5.0,0.005787037037037037,0.0,0.9663485875706216,0.7424570621468926,0.9622666666666668,0,0.4557
6,0,27,0,0,4.0,0.004044489383215369,0.0,0.9714869318181818,0.7811892045454545,0.9603221590909092,0,1.0
14,0,27,0,0,6.0,0.005714285714285714,0.0,0.9732103448275864,0.7720936781609196,0.9673367816091952,0,0.9428
22,1,27,0,0,4.0,0.004314994606256742,0.0,0.9726114285714286,0.7704497142857143,0.9543937142857144,0,0.5504
6,0,27,0,0,4.0,0.005780346820809248,0.0,0.9579948863636364,0.6420017045454546,0.9496204545454544,0,0.3878
14,0,27,0,0,6.0,0.00946372239747634,0.0,0.9595845714285716,0.6536731428571428,0.9767611428571428,0,0.4464
22,1,27,0,0,3.0,0.005545286506469501,0.0,0.960858757062147,0.6334305084745763,0.9482943502824858,0,0.3768
6,0,27,0,0,2.0,0.001937984496124031,0.08041666448116302,0.9711568965517242,0.7715344827586208,0.9542132183908044,1,0.9196
14,0,27,0,0,4.0,0.004439511653718091,0.10709635447710752,0.9698011363636364,0.75509375,0.9680863636363636,1,0.6111
22,1,27,0,0,3.0,0.0028708133971291866,0.0,0.9699949438202248,0.7404140449438202,0.9610904494382022,0,0.4829
6,0,27,0,1,5.0,0.005330490405117271,0.0,0.9694767045454546,0.7222562499999999,0.9522732954545454,0,1.0
14,0,27,0,1,5.0,0.005868544600938967,0.0,0.970316384180791,0.7160909604519774,0.958379661016949,0,0.7283
22,1,27,0,1,2.0,0.002380952380952381,0.0,0.9707780898876404,0.6486887640449438,0.9695876404494382,0,0.421
6,0,27,0,1,3.0,0.004470938897168405,0.0,0.9605514124293784,0.6269536723163842,0.9538604519774012,0,0.4371
14,0,27,0,1,3.0,0.0035046728971962616,0.0,0.961474431818182,0.6564625000000001,0.9428977272727272,0,1.0
22,1,27,0,1,2.0,0.0025974025974025974,0.0,0.9596569832402236,0.6435245810055866,0.9638513966480448,0,0.5772
6,0,27,0,1,4.0,0.004246284501061571,0.0,0.965764,0.7633297142857142,0.9598091428571428,0,0.4962
14,0,27,0,1,3.0,0.0029910269192422734,0.0,0.961093220338983,0.7580553672316385,0.9796604519774011,0,0.3601
22,1,27,0,1,1.0,0.001364256480218281,0.10709635447710752,0.95955530726257,0.7858726256983241,0.97316312849162,2,0.2782
6,0,27,0,2,6.0,0.005714285714285714,0.10709635447710752,0.9684011363636364,0.7713215909090909,0.9683693181818182,2,0.2975
14,0,27,0,2,4.0,0.0038095238095238095,0.10709635447710752,0.9675180790960451,0.7758463276836158,0.9586621468926554,2,0.8878
22,1,27,0,2,2.0,0.0019047619047619048,0.10709635447710752,0.9660954545454546,0.7738732954545454,0.9695846590909092,2,0.3702
6,0,27,0,2,4.0,0.004744958481613286,0.10709635447710752,0.9734926553672316,0.6269056497175142,0.955367231638418,1,0.7391
14,0,27,0,2,6.0,0.007692307692307693,0.10709635447710752,0.9717162921348316,0.6548410112359551,0.9551494382022472,1,0.2597
22,1,27,0,2,5.0,0.0068775790921595595,0.0,0.9691514450867053,0.6074329479768786,0.9537063583815028,0,0.2994
6,0,27,0,2,2.0,0.001984126984126984,0.0,0.9558448863636364,0.7807528409090909,0.977555681818182,0,0.321
14,0,27,0,2,6.0,0.0058823529411764705,0.0,0.959408,0.7887599999999999,0.9514285714285714,0,0.7416
22,1,27,0,2,7.0,0.006666666666666667,0.004097222350537777,0.9592327485380115,0.7542111111111112,0.97113216374269,1,0.4226
6,0,27,0,3,2.0,0.0028530670470756064,0.0,0.97625197740113,0.6071683615819209,0.9534841807909604,0,0.7139
14,0,27,0,3,3.0,0.004665629860031105,0.0,0.9750948863636364,0.5983465909090909,0.9623090909090908,0,0.4968
22,1,27,0,3,5.0,0.007451564828614009,0.0,0.9761469273743016,0.5908648044692737,0.9510592178770948,0,0.8846
6,0,27,0,3,6.0,0.0066518847006651885,0.0,0.9577932203389832,0.7727412429378532,0.9548954802259888,0,0.5287
14,0,27,0,3,3.0,0.003121748178980229,0.0,0.9601118644067796,0.7691152542372881,0.9529186440677966,0,1.0
22,1,27,0,3,6.0,0.007177033492822967,0.0,0.9582296511627908,0.8025308139534885,0.9455558139534884,0,0.5493
6,0,27,0,3,5.0,0.0055617352614015575,0.0,0.970548275862069,0.7340936781609195,0.969635632183908,0,0.275
14,0,27,0,3,5.0,0.005470459518599562,0.0,0.9679265536723164,0.677564406779661,0.9646892655367232,0,0.6972
22,1,27,0,3,2.0,0.0022002200220022,0.0,0.9663485875706216,0.7424570621468926,0.9622666666666668,0,0.4244
6,1,27,0,0,4.0,0.004338394793926247,0.0,0.9714869318181818,0.7811892045454545,0.9603221590909092,0,0.9374
14,1,27,0,0,5.0,0.004780114722753346,0.0,0.9732103448275864,0.7720936781609196,0.9673367816091952,0,0.8415
22,2,27,0,0,5.0,0.004849660523763337,0.0,0.9726114285714286,0.7704497142857143,0.9543937142857144,0,0.6225
6,1,27,0,0,4.0,0.005221932114882507,0.0,0.9579948863636364,0.6420017045454546,0.9496204545454544,0,0.3122
14,1,27,0,0,4.0,0.004962779156327543,0.0,0.9595845714285716,0.6536731428571428,0.9767611428571428,0,0.2452
22,2,27,0,0,2.0,0.002372479240806643,0.0,0.960858757062147,0.6334305084745763,0.9482943502824858,0,1.0
6,1,27,0,0,5.0,0.0050916496945010185,0.0,0.9711568965517242,0.7715344827586208,0.9542132183908044,0,0.3635
14,1,27,0,0,1.0,0.0012165450121654502,0.0,0.9698011363636364,0.75509375,0.9680863636363636,0,0.3388
22,2,27,0,0,2.0,0.0021668472372697724,0.0,0.9699949438202248,0.7404140449438202,0.9610904494382022,0,0.7644
6,1,27,0,1,3.0,0.0037831021437578815,0.0,0.9694767045454546,0.7222562499999999,0.9522732954545454,0,0.8445
14,1,27,0,1,3.0,0.0035252643948296123,0.0,0.970316384180791,0.7160909604519774,0.958379661016949,0,0.669
22,2,27,0,1,6.0,0.007434944237918215,0.0,0.9707780898876404,0.6486887640449438,0.9695876404494382,0,0.4769
6,1,27,0,1,5.0,0.007751937984496124,0.0,0.9605514124293784,0.6269536723163842,0.9538604519774012,0,0.2741
14,1,27,0,1,4.0,0.004550625711035267,0.0,0.961474431818182,0.6564625000000001,0.9428977272727272,0,0.9654
22,2,27,0,1,2.0,0.0026490066225165563,0.0,0.9596569832402236,0.6435245810055866,0.9638513966480448,0,0.578
6,1,27,0,1,5.0,0.004761904761904762,0.10709635447710752,0.965764,0.7633297142857142,0.9598091428571428,2,0.8192
14,1,27,0,1,3.0,0.0029354207436399216,0.10709635447710752,0.961093220338983,0.7580553672316385,0.9796604519774011,2,0.6692
22,2,27,0,1,6.0,0.006211180124223602,0.10709635447710752,0.95955530726257,0.7858726256983241,0.97316312849162,2,0.7597
6,1,27,0,2,2.0,0.002369668246445498,0.053506944328546524,0.9684011363636364,0.7713215909090909,0.9683693181818182,2,0.4155
14,1,27,0,2,5.0,0.004916420845624385,0.04548611119389534,0.9675180790960451,0.7758463276836158,0.9586621468926554,2,0.9545
22,2,27,0,2,7.0,0.006979062811565304,0.0,0.9660954545454546,0.7738732954545454,0.9695846590909092,0,0.3221
6,1,27,0,2,2.0,0.0022988505747126436,0.0,0.9734926553672316,0.6269056497175142,0.955367231638418,0,1.0
14,1,27,0,2,4.0,0.0056022408963585435,0.0,0.9717162921348316,0.6548410112359551,0.9551494382022472,0,0.3344
22,2,27,0,2,1.0,0.0012165450121654502,0.0,0.9691514450867053,0.6074329479768786,0.9537063583815028,0,0.6331
6,1,27,0,2,3.0,0.002926829268292683,0.0063541666604578495,0.9558448863636364,0.7807528409090909,0.977555681818182,1,0.9936
14,1,27,0,2,5.0,0.004761904761904762,0.006319444626569748,0.959408,0.7887599999999999,0.9514285714285714,1,0.9395
22,2,27,0,2,6.0,0.006172839506172839,0.0,0.9592327485380115,0.7542111111111112,0.97113216374269,0,0.78
6,1,27,0,3,3.0,0.0037267080745341614,0.0,0.97625197740113,0.6071683615819209,0.9534841807909604,0,0.3611
14,1,27,0,3,4.0,0.005361930294906166,0.0,0.9750948863636364,0.5983465909090909,0.9623090909090908,0,0.616
22,2,27,0,3,7.0,0.008323424494649227,0.01909722201526165,0.9761469273743016,0.5908648044692737,0.9510592178770948,1,0.9809
6,1,27,0,3,5.0,0.006188118811881188,0.0,0.9577932203389832,0.7727412429378532,0.9548954802259888,0,1.0
14,1,27,0,3,3.0,0.0034802784222737818,0.0,0.9601118644067796,0.7691152542372881,0.9529186440677966,0,0.8725
22,2,27,0,3,2.0,0.0019047619047619048,0.0,0.9582296511627908,0.8025308139534885,0.9455558139534884,0,1.0
6,1,27,0,3,2.0,0.00267379679144385,0.0,0.970548275862069,0.7340936781609195,0.969635632183908,0,0.6594
14,1,27,0,3,5.0,0.005149330587023687,0.0,0.9679265536723164,0.677564406779661,0.9646892655367232,0,0.643
22,2,27,0,3,2.0,0.0024479804161566705,0.0,0.9663485875706216,0.7424570621468926,0.9622666666666668,0,1.0
6,2,27,0,0,5.0,0.005302226935312832,0.0,0.9714869318181818,0.7811892045454545,0.9603221590909092,0,1.0
14,2,27,0,0,5.0,0.004761904761904762,0.0,0.9732103448275864,0.7720936781609196,0.9673367816091952,0,0.4987
22,3,27,0,0,4.0,0.0038095238095238095,0.0,0.9726114285714286,0.7704497142857143,0.9543937142857144,0,1.0
6,2,27,0,0,4.0,0.004469273743016759,0.0,0.9579948863636364,0.6420017045454546,0.9496204545454544,0,0.4997
14,2,27,0,0,2.0,0.00234192037470726,0.0,0.9595845714285716,0.6536731428571428,0.9767611428571428,0,1.0
22,3,27,0,0,4.0,0.005383580080753701,0.0,0.960858757062147,0.6334305084745763,0.9482943502824858,0,0.8147
6,2,27,0,0,5.0,0.005302226935312832,0.0,0.9711568965517242,0.7715344827586208,0.9542132183908044,0,0.9106
14,2,27,0,0,5.0,0.0048828125,0.0,0.9698011363636364,0.75509375,0.9680863636363636,0,0.794
22,3,27,0,0,3.0,0.002857142857142857,0.0,0.9699949438202248,0.7404140449438202,0.9610904494382022,0,1.0
6,2,27,0,1,1.0,0.0011750881316098707,0.0,0.9694767045454546,0.7222562499999999,0.9522732954545454,0,0.479
14,2,27,0,1,3.0,0.003865979381443299,0.0,0.970316384180791,0.7160909604519774,0.958379661016949,0,0.534
22,3,27,0,1,5.0,0.005733944954128441,0.0,0.9707780898876404,0.6486887640449438,0.9695876404494382,0,0.5026
6,2,27,0,1,5.0,0.008169934640522876,0.0,0.9605514124293784,0.6269536723163842,0.9538604519774012,0,0.7448
14,2,27,0,1,5.0,0.006640106241699867,0.0,0.961474431818182,0.6564625000000001,0.9428977272727272,0,0.6246
22,3,27,0,1,3.0,0.005681818181818182,0.0,0.9596569832402236,0.6435245810055866,0.9638513966480448,0,0.6052
6,2,27,0,1,5.0,0.004945598417408506,0.10709635447710752,0.965764,0.7633297142857142,0.9598091428571428,2,0.706
14,2,27,0,1,5.0,0.005753739930955121,0.10709635447710752,0.961093220338983,0.7580553672316385,0.9796604519774011,2,0.5772
22,3,27,0,1,5.0,0.006082725060827251,0.10709635447710752,0.95955530726257,0.7858726256983241,0.97316312849162,1,0.5946
6,2,27,0,2,4.0,0.00398406374501992,0.0,0.9684011363636364,0.7713215909090909,0.9683693181818182,0,0.3029
14,2,27,0,2,5.0,0.0050916496945010185,0.0,0.9675180790960451,0.7758463276836158,0.9586621468926554,0,0.6171
22,3,27,0,2,4.0,0.004514672686230248,0.036249998956918716,0.9660954545454546,0.7738732954545454,0.9695846590909092,1,0.9115
6,2,27,0,2,5.0,0.0056753688989784334,0.0,0.9734926553672316,0.6269056497175142,0.955367231638418,0,0.4188
14,2,27,0,2,2.0,0.0030257186081694403,0.0,0.9717162921348316,0.6548410112359551,0.9551494382022472,0,0.712
22,3,27,0,2,3.0,0.0037593984962406013,0.0,0.9691514450867053,0.6074329479768786,0.9537063583815028,0,0.4334
6,2,27,0,2,4.0,0.0038095238095238095,0.0,0.9558448863636364,0.7807528409090909,0.977555681818182,0,0.3491
14,2,27,0,2,3.0,0.002973240832507433,0.0,0.959408,0.7887599999999999,0.9514285714285714,0,0.6145
22,3,27,0,2,4.0,0.00404040404040404,0.0,0.9592327485380115,0.7542111111111112,0.97113216374269,0,0.2812
6,2,27,0,3,2.0,0.0024875621890547263,0.016249999403953552,0.97625197740113,0.6071683615819209,0.9534841807909604,1,0.3476
14,2,27,0,3,3.0,0.004411764705882353,0.02326388843357563,0.9750948863636364,0.5983465909090909,0.9623090909090908,1,0.3013
22,3,27,0,3,2.0,0.002797202797202797,0.0,0.9761469273743016,0.5908648044692737,0.9510592178770948,0,0.5894
6,2,27,0,3,6.0,0.006550218340611353,0.0,0.9577932203389832,0.7727412429378532,0.9548954802259888,0,0.8222
14,2,27,0,3,3.0,0.0031779661016949155,0.0,0.9601118644067796,0.7691152542372881,0.9529186440677966,0,0.5782
22,3,27,0,3,4.0,0.004132231404958678,0.0,0.9582296511627908,0.8025308139534885,0.9455558139534884,0,0.8991
6,2,27,0,3,2.0,0.0019047619047619048,0.0,0.970548275862069,0.7340936781609195,0.969635632183908,0,0.5965
14,2,27,0,3,3.0,0.0032017075773745998,0.0,0.9679265536723164,0.677564406779661,0.9646892655367232,0,0.5827
22,3,27,0,3,3.0,0.003393665158371041,0.029444444924592972,0.9663485875706216,0.7424570621468926,0.9622666666666668,1,0.6311
6,3,27,0,0,4.0,0.0038095238095238095,0.0,0.9714869318181818,0.7811892045454545,0.9603221590909092,0,0.4331
14,3,27,0,0,3.0,0.003215434083601286,0.0,0.9732103448275864,0.7720936781609196,0.9673367816091952,0,0.7049
22,4,27,0,0,6.0,0.005714285714285714,0.0,0.9726114285714286,0.7704497142857143,0.9543937142857144,0,1.0
6,3,27,0,0,5.0,0.007680491551459293,0.0,0.9579948863636364,0.6420017045454546,0.9496204545454544,0,0.4471
14,3,27,0,0,5.0,0.007173601147776184,0.0,0.9595845714285716,0.6536731428571428,0.9767611428571428,0,0.7241
22,4,27,0,0,4.0,0.006896551724137931,0.0,0.960858757062147,0.6334305084745763,0.9482943502824858,0,0.5587
6,3,27,0,0,2.0,0.0025974025974025974,0.0,0.9711568965517242,0.7715344827586208,0.9542132183908044,0,0.9344
14,3,27,0,0,2.0,0.0024009603841536613,0.0,0.9698011363636364,0.75509375,0.9680863636363636,0,0.6667
22,4,27,0,0,7.0,0.0068694798822374874,0.0,0.9699949438202248,0.7404140449438202,0.9610904494382022,0,0.8941
6,3,27,0,1,3.0,0.00436046511627907,0.0,0.9694767045454546,0.7222562499999999,0.9522732954545454,0,0.6438
14,3,27,0,1,3.0,0.0036496350364963502,0.0,0.970316384180791,0.7160909604519774,0.958379661016949,0,0.5346
22,4,27,0,1,3.0,0.0033259423503325942,0.10709635447710752,0.9707780898876404,0.6486887640449438,0.9695876404494382,3,0.5432
6,3,27,0,1,3.0,0.004608294930875576,0.0,0.9605514124293784,0.6269536723163842,0.9538604519774012,0,0.6453
14,3,27,0,1,2.0,0.002688172043010753,0.0,0.961474431818182,0.6564625000000001,0.9428977272727272,0,0.4919
22,4,27,0,1,4.0,0.00631911532385466,0.043090276420116425,0.9596569832402236,0.6435245810055866,0.9638513966480448,1,0.1588
6,3,27,0,1,6.0,0.007926023778071334,0.10709635447710752,0.965764,0.7633297142857142,0.9598091428571428,1,0.5528
14,3,27,0,1,4.0,0.0043859649122807015,0.10709635447710752,0.961093220338983,0.7580553672316385,0.9796604519774011,1,0.2298
22,4,27,0,1,6.0,0.005714285714285714,0.0,0.95955530726257,0.7858726256983241,0.97316312849162,0,0.9993
6,3,27,0,2,3.0,0.002997002997002997,0.06920138746500015,0.9684011363636364,0.7713215909090909,0.9683693181818182,1,0.9308
14,3,27,0,2,6.0,0.006622516556291391,0.06628472357988358,0.9675180790960451,0.7758463276836158,0.9586621468926554,1,0.6286
22,4,27,0,2,4.0,0.0047562425683709865,0.0,0.9660954545454546,0.7738732954545454,0.9695846590909092,0,0.7139
6,3,27,0,2,2.0,0.0023923444976076554,0.0,0.9734926553672316,0.6269056497175142,0.955367231638418,0,1.0
14,3,27,0,2,6.0,0.007633587786259542,0.0,0.9717162921348316,0.6548410112359551,0.9551494382022472,0,0.9372
22,4,27,0,2,4.0,0.006006006006006006,0.0,0.9691514450867053,0.6074329479768786,0.9537063583815028,0,0.2822
6,3,27,0,2,2.0,0.0020470829068577278,0.0,0.9558448863636364,0.7807528409090909,0.977555681818182,0,1.0
14,3,27,0,2,5.0,0.004780114722753346,0.0,0.959408,0.7887599999999999,0.9514285714285714,0,1.0
22,4,27,0,2,3.0,0.0030211480362537764,0.0,0.9592327485380115,0.7542111111111112,0.97113216374269,0,0.8916
6,3,27,0,3,4.0,0.005681818181818182,0.0,0.97625197740113,0.6071683615819209,0.9534841807909604,0,0.6473
14,3,27,0,3,5.0,0.0075528700906344415,0.0,0.9750948863636364,0.5983465909090909,0.9623090909090908,0,0.5032
22,4,27,0,3,4.0,0.005943536404160475,0.0,0.9761469273743016,0.5908648044692737,0.9510592178770948,0,0.6471
6,3,27,0,3,5.0,0.006402048655569782,0.0,0.9577932203389832,0.7727412429378532,0.9548954802259888,0,0.7812
14,3,27,0,3,6.0,0.0057859209257473485,0.0,0.9601118644067796,0.7691152542372881,0.9529186440677966,0,1.0
22,4,27,0,3,4.0,0.003964321110009911,0.0,0.9582296511627908,0.8025308139534885,0.9455558139534884,0,0.3868
6,3,27,0,3,2.0,0.0024783147459727386,0.05086805671453476,0.970548275862069,0.7340936781609195,0.969635632183908,1,0.7248
14,3,27,0,3,3.0,0.003194888178913738,0.04711805656552315,0.9679265536723164,0.677564406779661,0.9646892655367232,1,0.7082
22,4,27,0,3,2.0,0.002512562814070352,0.0,0.9663485875706216,0.7424570621468926,0.9622666666666668,0,0.3219
6,4,27,0,0,3.0,0.003243243243243243,0.0,0.9714869318181818,0.7811892045454545,0.9603221590909092,0,0.2638
14,4,27,0,0,3.0,0.0033444816053511705,0.0,0.9732103448275864,0.7720936781609196,0.9673367816091952,0,0.3255
22,5,27,1,0,3.0,0.0029498525073746312,0.0,0.9726114285714286,0.7704497142857143,0.9543937142857144,0,0.4347
6,4,27,0,0,5.0,0.00778816199376947,0.0,0.9579948863636364,0.6420017045454546,0.9496204545454544,0,0.8627
14,4,27,0,0,1.0,0.001314060446780552,0.0,0.9595845714285716,0.6536731428571428,0.9767611428571428,0,0.1537
22,5,27,1,0,4.0,0.005943536404160475,0.0,0.960858757062147,0.6334305084745763,0.9482943502824858,0,0.8134
6,4,27,0,0,4.0,0.0038095238095238095,0.0,0.9711568965517242,0.7715344827586208,0.9542132183908044,0,1.0
14,4,27,0,0,4.0,0.00398406374501992,0.0,0.9698011363636364,0.75509375,0.9680863636363636,0,0.9019
22,5,27,1,0,6.0,0.006936416184971098,0.0,0.9699949438202248,0.7404140449438202,0.9610904494382022,0,1.0
6,4,27,0,1,4.0,0.004140786749482402,0.10709635447710752,0.9694767045454546,0.7222562499999999,0.9522732954545454,3,0.5486
14,4,27,0,1,3.0,0.00303951367781155,0.10709635447710752,0.970316384180791,0.7160909604519774,0.958379661016949,3,0.7911
22,5,27,1,1,5.0,0.006476683937823834,0.0,0.9707780898876404,0.6486887640449438,0.9695876404494382,0,0.445
6,4,27,0,1,4.0,0.005563282336578581,0.060972221195697784,0.9605514124293784,0.6269536723163842,0.9538604519774012,1,0.3108
14,4,27,0,1,6.0,0.008995502248875561,0.07809028029441833,0.961474431818182,0.6564625000000001,0.9428977272727272,1,0.793
22,5,27,1,1,5.0,0.008960573476702509,0.10709635447710752,0.9596569832402236,0.6435245810055866,0.9638513966480448,4,0.6847
6,4,27,0,1,3.0,0.0035971223021582736,0.0,0.965764,0.7633297142857142,0.9598091428571428,0,0.8105
14,4,27,0,1,5.0,0.00484027105517909,0.0,0.961093220338983,0.7580553672316385,0.9796604519774011,0,0.7392
22,5,27,1,1,2.0,0.001953125,0.10709635447710752,0.95955530726257,0.7858726256983241,0.97316312849162,1,0.5135
6,4,27,0,2,6.0,0.007177033492822967,0.0,0.9684011363636364,0.7713215909090909,0.9683693181818182,0,1.0
14,4,27,0,2,4.0,0.0038095238095238095,0.0,0.9675180790960451,0.7758463276836158,0.9586621468926554,0,0.7718
22,5,27,1,2,2.0,0.0024125452352231603,0.01701388880610466,0.9660954545454546,0.7738732954545454,0.9695846590909092,1,0.6468
6,4,27,0,2,2.0,0.0029282576866764276,0.0,0.9734926553672316,0.6269056497175142,0.955367231638418,0,0.617
14,4,27,0,2,2.0,0.0030120481927710845,0.0,0.9717162921348316,0.6548410112359551,0.9551494382022472,0,0.6688
22,5,27,1,2,6.0,0.00964630225080386,0.0,0.9691514450867053,0.6074329479768786,0.9537063583815028,0,0.5462
6,4,27,0,2,3.0,0.002857142857142857,0.0,0.9558448863636364,0.7807528409090909,0.977555681818182,0,0.8739
14,4,27,0,2,2.0,0.0019047619047619048,0.0,0.959408,0.7887599999999999,0.9514285714285714,0,0.9629
22,5,27,1,2,3.0,0.002857142857142857,0.0,0.9592327485380115,0.7542111111111112,0.97113216374269,0,0.6694
6,4,27,0,3,4.0,0.004944375772558714,0.0,0.97625197740113,0.6071683615819209,0.9534841807909604,0,1.0
14,4,27,0,3,5.0,0.00648508430609598,0.0,0.9750948863636364,0.5983465909090909,0.9623090909090908,0,0.7656
22,5,27,1,3,5.0,0.009107468123861567,0.0,0.9761469273743016,0.5908648044692737,0.9510592178770948,0,0.4543
6,4,27,0,3,2.0,0.001951219512195122,0.0,0.9577932203389832,0.7727412429378532,0.9548954802259888,0,0.6513
14,4,27,0,3,3.0,0.0037641154328732747,0.0,0.9601118644067796,0.7691152542372881,0.9529186440677966,0,0.6572
22,5,27,1,3,2.0,0.00234192037470726,0.0,0.9582296511627908,0.8025308139534885,0.9455558139534884,0,0.9922
6,4,27,0,3,3.0,0.0033783783783783786,0.0,0.970548275862069,0.7340936781609195,0.969635632183908,0,1.0
14,4,27,0,3,6.0,0.006666666666666667,0.0,0.9679265536723164,0.677564406779661,0.9646892655367232,0,0.9572
22,5,27,1,3,5.0,0.005417118093174431,0.04993055388331413,0.9663485875706216,0.7424570621468926,0.9622666666666668,1,0.8906
6,5,27,1,0,4.0,0.0038095238095238095,0.0,0.9714869318181818,0.7811892045454545,0.9603221590909092,0,0.8
14,5,27,1,0,6.0,0.005714285714285714,0.0,0.9732103448275864,0.7720936781609196,0.9673367816091952,0,1.0
6,5,27,1,0,4.0,0.006493506493506494,0.0,0.9579948863636364,0.6420017045454546,0.9496204545454544,0,0.4466
22,6,27,1,0,2.0,0.0033783783783783786,0.0,0.960858757062147,0.6334305084745763,0.9482943502824858,0,0.4409
6,5,27,1,0,5.0,0.005417118093174431,0.0,0.9711568965517242,0.7715344827586208,0.9542132183908044,0,0.5407
14,5,27,1,0,6.0,0.006458557588805167,0.0,0.9698011363636364,0.75509375,0.9680863636363636,0,0.269
22,6,27,1,0,3.0,0.0036188178528347406,0.10709635447710752,0.9699949438202248,0.7404140449438202,0.9610904494382022,2,0.4114
6,5,27,1,1,4.0,0.005563282336578581,0.0,0.9694767045454546,0.7222562499999999,0.9522732954545454,0,0.5128
14,5,27,1,1,6.0,0.0078125,0.0,0.970316384180791,0.7160909604519774,0.958379661016949,0,0.2461
22,6,27,1,1,4.0,0.0047789725209080045,0.0,0.9707780898876404,0.6486887640449438,0.9695876404494382,0,0.8501
6,5,27,1,1,3.0,0.0038363171355498722,0.10709635447710752,0.9605514124293784,0.6269536723163842,0.9538604519774012,4,0.7474
14,5,27,1,1,5.0,0.008431703204047217,0.10709635447710752,0.961474431818182,0.6564625000000001,0.9428977272727272,4,0.4213
22,6,27,1,1,1.0,0.0015408320493066256,0.0,0.9596569832402236,0.6435245810055866,0.9638513966480448,0,0.1174
6,5,27,1,1,4.0,0.0040650406504065045,0.10709635447710752,0.965764,0.7633297142857142,0.9598091428571428,1,0.4711
14,5,27,1,1,4.0,0.0044004400440044,0.08319444209337234,0.961093220338983,0.7580553672316385,0.9796604519774011,1,0.9168
22,6,27,1,1,6.0,0.005714285714285714,0.0,0.95955530726257,0.7858726256983241,0.97316312849162,0,0.4054
14,5,27,1,2,5.0,0.004761904761904762,0.011701389215886593,0.9675180790960451,0.7758463276836158,0.9586621468926554,1,0.428
22,6,27,1,2,5.0,0.004761904761904762,0.0,0.9660954545454546,0.7738732954545454,0.9695846590909092,0,1.0
6,5,27,1,2,6.0,0.007853403141361256,0.0,0.9734926553672316,0.6269056497175142,0.955367231638418,0,0.9221
14,5,27,1,2,3.0,0.003778337531486146,0.0,0.9717162921348316,0.6548410112359551,0.9551494382022472,0,0.7157
22,6,27,1,2,6.0,0.00949367088607595,0.0,0.9691514450867053,0.6074329479768786,0.9537063583815028,0,0.7494
6,5,27,1,2,4.0,0.0038095238095238095,0.0,0.9558448863636364,0.7807528409090909,0.977555681818182,0,1.0
14,5,27,1,2,5.0,0.004761904761904762,0.0,0.959408,0.7887599999999999,0.9514285714285714,0,0.4094
6,5,27,1,3,2.0,0.003236245954692557,0.0,0.97625197740113,0.6071683615819209,0.9534841807909604,0,0.247
14,5,27,1,3,3.0,0.0039011703511053317,0.0,0.9750948863636364,0.5983465909090909,0.9623090909090908,0,0.8713
22,6,27,1,3,6.0,0.01,0.0,0.9761469273743016,0.5908648044692737,0.9510592178770948,0,0.1715
6,5,27,1,3,2.0,0.0019047619047619048,0.0,0.9577932203389832,0.7727412429378532,0.9548954802259888,0,0.7554
14,5,27,1,3,3.0,0.002857142857142857,0.0,0.9601118644067796,0.7691152542372881,0.9529186440677966,0,1.0
6,5,27,1,3,2.0,0.0021208907741251328,0.10121528059244156,0.970548275862069,0.7340936781609195,0.969635632183908,1,0.274
14,5,27,1,3,6.0,0.00684931506849315,0.08812499791383743,0.9679265536723164,0.677564406779661,0.9646892655367232,1,0.5885
22,6,27,1,3,2.0,0.0026702269692923898,0.0,0.9663485875706216,0.7424570621468926,0.9622666666666668,0,0.5711
6,6,27,1,0,2.0,0.0019047619047619048,0.0,0.9714869318181818,0.7811892045454545,0.9603221590909092,0,0.8287
14,6,27,1,0,3.0,0.00298804780876494,0.0,0.9732103448275864,0.7720936781609196,0.9673367816091952,0,0.5682
22,0,28,0,0,1.0,0.0009523809523809524,0.0,0.9726114285714286,0.7704497142857143,0.9543937142857144,0,1.0
6,6,27,1,0,4.0,0.005641748942172073,0.0,0.9579948863636364,0.6420017045454546,0.9496204545454544,0,0.449
14,6,27,1,0,5.0,0.006060606060606061,0.0,0.9595845714285716,0.6536731428571428,0.9767611428571428,0,0.8342
22,0,28,0,0,2.0,0.0030120481927710845,0.04142361134290695,0.960858757062147,0.6334305084745763,0.9482943502824858,1,0.38
6,6,27,1,0,5.0,0.0048216007714561235,0.10709635447710752,0.9711568965517242,0.7715344827586208,0.9542132183908044,2,0.8827
22,0,28,0,0,2.0,0.002600780234070221,0.0,0.9699949438202248,0.7404140449438202,0.9610904494382022,0,0.5143
6,6,27,1,1,3.0,0.003432494279176201,0.0,0.9694767045454546,0.7222562499999999,0.9522732954545454,0,0.7044
14,6,27,1,1,2.0,0.002554278416347382,0.0,0.970316384180791,0.7160909604519774,0.958379661016949,0,0.4513
22,0,28,0,1,5.0,0.005035246727089627,0.0,0.9707780898876404,0.6486887640449438,0.9695876404494382,0,0.2827
6,6,27,1,1,4.0,0.005689900426742532,0.0,0.9605514124293784,0.6269536723163842,0.9538604519774012,0,0.3759
14,6,27,1,1,6.0,0.007894736842105263,0.0,0.961474431818182,0.6564625000000001,0.9428977272727272,0,0.6719
22,0,28,0,1,3.0,0.003592814371257485,0.05881944298744202,0.9596569832402236,0.6435245810055866,0.9638513966480448,1,0.4076
6,6,27,1,1,5.0,0.004761904761904762,0.0,0.965764,0.7633297142857142,0.9598091428571428,0,1.0
14,6,27,1,1,5.0,0.005707762557077625,0.0,0.961093220338983,0.7580553672316385,0.9796604519774011,0,0.8333
22,0,28,0,1,4.0,0.0038131553860819827,0.10709635447710752,0.95955530726257,0.7858726256983241,0.97316312849162,1,0.8539
6,6,27,1,2,4.0,0.004024144869215292,0.0,0.9684011363636364,0.7713215909090909,0.9683693181818182,0,0.5577
14,6,27,1,2,3.0,0.0032397408207343412,0.0,0.9675180790960451,0.7758463276836158,0.9586621468926554,0,0.6258
22,0,28,0,2,3.0,0.0030737704918032786,0.10709635447710752,0.9660954545454546,0.7738732954545454,0.9695846590909092,1,0.8418
6,6,27,1,2,2.0,0.0024813895781637717,0.0,0.9734926553672316,0.6269056497175142,0.955367231638418,0,0.443
14,6,27,1,2,5.0,0.006385696040868455,0.0,0.9717162921348316,0.6548410112359551,0.9551494382022472,0,0.2798
22,0,28,0,2,3.0,0.003667481662591687,0.0,0.9691514450867053,0.6074329479768786,0.9537063583815028,0,0.747
6,6,27,1,2,5.0,0.0054466230936819175,0.0,0.9558448863636364,0.7807528409090909,0.977555681818182,0,0.801
14,6,27,1,2,4.0,0.0040941658137154556,0.0,0.959408,0.7887599999999999,0.9514285714285714,0,0.3101
6,6,27,1,3,3.0,0.004225352112676056,0.0,0.97625197740113,0.6071683615819209,0.9534841807909604,0,0.8779
14,6,27,1,3,2.0,0.0027397260273972603,0.0,0.9750948863636364,0.5983465909090909,0.9623090909090908,0,0.2109
22,0,28,0,3,7.0,0.011532125205930808,0.0,0.9761469273743016,0.5908648044692737,0.9510592178770948,0,0.5887
6,6,27,1,3,4.0,0.004119464469618949,0.0,0.9577932203389832,0.7727412429378532,0.9548954802259888,0,1.0
14,6,27,1,3,3.0,0.0032751091703056767,0.0,0.9601118644067796,0.7691152542372881,0.9529186440677966,0,0.9427
22,0,28,0,3,4.0,0.003902439024390244,0.06951388716697693,0.9582296511627908,0.8025308139534885,0.9455558139534884,1,0.3949
6,6,27,1,3,6.0,0.006103763987792472,0.0,0.970548275862069,0.7340936781609195,0.969635632183908,0,0.8847
14,6,27,1,3,3.0,0.004098360655737705,0.0,0.9679265536723164,0.677564406779661,0.9646892655367232,0,0.5104
22,0,28,0,3,4.0,0.005847953216374269,0.0,0.9663485875706216,0.7424570621468926,0.9622666666666668,0,0.4273
6,0,28,0,0,3.0,0.002857142857142857,0.0,0.9714869318181818,0.7811892045454545,0.9603221590909092,0,1.0
14,0,28,0,0,4.0,0.004352557127312296,0.0,0.9732103448275864,0.7720936781609196,0.9673367816091952,0,0.7805
22,1,28,0,0,2.0,0.0025806451612903226,0.09479166567325592,0.9726114285714286,0.7704497142857143,0.9543937142857144,1,0.4515
6,0,28,0,0,5.0,0.0055617352614015575,0.041631944477558136,0.9579948863636364,0.6420017045454546,0.9496204545454544,1,0.7271
14,0,28,0,0,4.0,0.005277044854881266,0.022673610597848892,0.9595845714285716,0.6536731428571428,0.9767611428571428,1,0.291
22,1,28,0,0,5.0,0.007451564828614009,0.0,0.960858757062147,0.6334305084745763,0.9482943502824858,0,0.2106
6,0,28,0,0,5.0,0.004761904761904762,0.0,0.9711568965517242,0.7715344827586208,0.9542132183908044,0,1.0
14,0,28,0,0,3.0,0.003218884120171674,0.0,0.9698011363636364,0.75509375,0.9680863636363636,0,0.4841
22,1,28,0,0,2.0,0.0019047619047619048,0.0,0.9699949438202248,0.7404140449438202,0.9610904494382022,0,0.4485
6,0,28,0,1,2.0,0.002178649237472767,0.0,0.9694767045454546,0.7222562499999999,0.9522732954545454,0,0.6155
14,0,28,0,1,5.0,0.005319148936170213,0.0,0.970316384180791,0.7160909604519774,0.958379661016949,0,1.0
22,1,28,0,1,3.0,0.003115264797507788,0.06086805462837219,0.9707780898876404,0.6486887640449438,0.9695876404494382,1,0.2719
6,0,28,0,1,5.0,0.007132667617689016,0.061666667461395264,0.9605514124293784,0.6269536723163842,0.9538604519774012,1,0.201
14,0,28,0,1,3.0,0.004807692307692308,0.04722222313284874,0.961474431818182,0.6564625000000001,0.9428977272727272,1,0.8636
22,1,28,0,1,4.0,0.005797101449275362,0.0,0.9596569832402236,0.6435245810055866,0.9638513966480448,0,0.4892
6,0,28,0,1,2.0,0.0019102196752626551,0.09184027463197708,0.965764,0.7633297142857142,0.9598091428571428,1,0.9082
14,0,28,0,1,5.0,0.005045408678102927,0.10709635447710752,0.961093220338983,0.7580553672316385,0.9796604519774011,1,0.4153
22,1,28,0,1,2.0,0.0019047619047619048,0.0,0.95955530726257,0.7858726256983241,0.97316312849162,0,1.0
6,0,28,0,2,4.0,0.004842615012106538,0.10709635447710752,0.9684011363636364,0.7713215909090909,0.9683693181818182,1,0.7477
14,0,28,0,2,6.0,0.006718924972004479,0.10371527820825577,0.9675180790960451,0.7758463276836158,0.9586621468926554,1,0.8963
22,1,28,0,2,4.0,0.0038095238095238095,0.0,0.9660954545454546,0.7738732954545454,0.9695846590909092,0,0.8
6,0,28,0,2,2.0,0.0023446658851113715,0.0,0.9734926553672316,0.6269056497175142,0.955367231638418,0,0.9673
14,0,28,0,2,6.0,0.006741573033707865,0.0,0.9717162921348316,0.6548410112359551,0.9551494382022472,0,0.5445
22,1,28,0,2,3.0,0.004261363636363636,0.0,0.9691514450867053,0.6074329479768786,0.9537063583815028,0,0.3305
6,0,28,0,2,3.0,0.0032292787944025836,0.0,0.9558448863636364,0.7807528409090909,0.977555681818182,0,0.9445
14,0,28,0,2,6.0,0.005714285714285714,0.0,0.959408,0.7887599999999999,0.9514285714285714,0,1.0
22,1,28,0,2,5.0,0.004830917874396135,0.0,0.9592327485380115,0.7542111111111112,0.97113216374269,0,0.3303
6,0,28,0,3,6.0,0.008241758241758242,0.0,0.97625197740113,0.6071683615819209,0.9534841807909604,0,0.6921
14,0,28,0,3,6.0,0.008207934336525308,0.0,0.9750948863636364,0.5983465909090909,0.9623090909090908,0,0.95
22,1,28,0,3,4.0,0.006134969325153374,0.0,0.9761469273743016,0.5908648044692737,0.9510592178770948,0,0.4014
6,0,28,0,3,6.0,0.006741573033707865,0.07263889163732529,0.9577932203389832,0.7727412429378532,0.9548954802259888,1,0.6499
14,0,28,0,3,4.0,0.0038095238095238095,0.07777778059244156,0.9601118644067796,0.7691152542372881,0.9529186440677966,1,0.6646
22,1,28,0,3,3.0,0.0030706243602865915,0.025902777910232544,0.9582296511627908,0.8025308139534885,0.9455558139534884,1,0.7306
6,0,28,0,3,6.0,0.005946481665014866,0.0,0.970548275862069,0.7340936781609195,0.969635632183908,0,0.8188
14,0,28,0,3,6.0,0.005988023952095809,0.0,0.9679265536723164,0.677564406779661,0.9646892655367232,0,1.0
22,1,28,0,3,3.0,0.0036719706242350062,0.0,0.9663485875706216,0.7424570621468926,0.9622666666666668,0,1.0
6,1,28,0,0,4.0,0.0038095238095238095,0.053611110895872116,0.9714869318181818,0.7811892045454545,0.9603221590909092,1,0.631
14,1,28,0,0,2.0,0.0023094688221709007,0.04597222059965134,0.9732103448275864,0.7720936781609196,0.9673367816091952,1,0.954
22,2,28,0,0,5.0,0.004761904761904762,0.0,0.9726114285714286,0.7704497142857143,0.9543937142857144,0,0.5338
6,1,28,0,0,5.0,0.0068212824010914054,0.0,0.9579948863636364,0.6420017045454546,0.9496204545454544,0,0.4586
14,1,28,0,0,5.0,0.006963788300835654,0.0,0.9595845714285716,0.6536731428571428,0.9767611428571428,0,0.7065
22,2,28,0,0,5.0,0.005512679162072767,0.01045138854533434,0.960858757062147,0.6334305084745763,0.9482943502824858,1,0.3174
6,1,28,0,0,2.0,0.0019047619047619048,0.0,0.9711568965517242,0.7715344827586208,0.9542132183908044,0,0.4776
14,1,28,0,0,5.0,0.004945598417408506,0.0,0.9698011363636364,0.75509375,0.9680863636363636,0,1.0
22,2,28,0,0,3.0,0.0033482142857142855,0.006736110895872116,0.9699949438202248,0.7404140449438202,0.9610904494382022,1,0.6944
6,1,28,0,1,1.0,0.001091703056768559,0.09604166448116302,0.9694767045454546,0.7222562499999999,0.9522732954545454,1,0.452
14,1,28,0,1,3.0,0.0032967032967032967,0.09996527433395386,0.970316384180791,0.7160909604519774,0.958379661016949,1,0.8
22,2,28,0,1,2.0,0.0028530670470756064,0.0,0.9707780898876404,0.6486887640449438,0.9695876404494382,0,0.6151
6,1,28,0,1,4.0,0.0044943820224719105,0.0,0.9605514124293784,0.6269536723163842,0.9538604519774012,0,0.4982
14,1,28,0,1,2.0,0.0029717682020802376,0.0,0.961474431818182,0.6564625000000001,0.9428977272727272,0,0.2476
22,2,28,0,1,4.0,0.005108556832694764,0.0,0.9596569832402236,0.6435245810055866,0.9638513966480448,0,0.8159
6,1,28,0,1,6.0,0.0062176165803108805,0.0,0.965764,0.7633297142857142,0.9598091428571428,0,1.0
14,1,28,0,1,4.0,0.004219409282700422,0.0,0.961093220338983,0.7580553672316385,0.9796604519774011,0,1.0
22,2,28,0,1,2.0,0.002008032128514056,0.10709635447710752,0.95955530726257,0.7858726256983241,0.97316312849162,1,0.7534
6,1,28,0,2,4.0,0.005312084993359893,0.0,0.9684011363636364,0.7713215909090909,0.9683693181818182,0,0.5823
14,1,28,0,2,5.0,0.005170630816959669,0.0,0.9675180790960451,0.7758463276836158,0.9586621468926554,0,0.2572
22,2,28,0,2,3.0,0.002973240832507433,0.0,0.9660954545454546,0.7738732954545454,0.9695846590909092,0,0.9673
6,1,28,0,2,4.0,0.006191950464396285,0.0,0.9734926553672316,0.6269056497175142,0.955367231638418,0,0.6202
14,1,28,0,2,3.0,0.0034602076124567475,0.0,0.9717162921348316,0.6548410112359551,0.9551494382022472,0,0.7598
22,2,28,0,2,5.0,0.007288629737609329,0.0,0.9691514450867053,0.6074329479768786,0.9537063583815028,0,0.2611
6,1,28,0,2,4.0,0.0038095238095238095,0.0,0.9558448863636364,0.7807528409090909,0.977555681818182,0,1.0
14,1,28,0,2,2.0,0.0019305019305019305,0.0,0.959408,0.7887599999999999,0.9514285714285714,0,1.0
22,2,28,0,2,2.0,0.0021598272138228943,0.0,0.9592327485380115,0.7542111111111112,0.97113216374269,0,1.0
6,1,28,0,3,3.0,0.0035714285714285713,0.0,0.97625197740113,0.6071683615819209,0.9534841807909604,0,1.0
14,1,28,0,3,3.0,0.004243281471004243,0.0,0.9750948863636364,0.5983465909090909,0.9623090909090908,0,0.2298
22,2,28,0,3,2.0,0.0024906600249066002,0.0057638888247311115,0.9761469273743016,0.5908648044692737,0.9510592178770948,1,0.3889
6,1,28,0,3,4.0,0.0038095238095238095,0.015937499701976776,0.9577932203389832,0.7727412429378532,0.9548954802259888,1,0.9841
14,1,28,0,3,4.0,0.004415011037527594,0.02534722164273262,0.9601118644067796,0.7691152542372881,0.9529186440677966,1,0.9747
22,2,28,0,3,5.0,0.005313496280552604,0.09795138984918594,0.9582296511627908,0.8025308139534885,0.9455558139534884,1,0.902
6,1,28,0,3,3.0,0.0037926675094816687,0.0,0.970548275862069,0.7340936781609195,0.969635632183908,0,0.4117
14,1,28,0,3,3.0,0.003484320557491289,0.0,0.9679265536723164,0.677564406779661,0.9646892655367232,0,0.9169
22,2,28,0,3,3.0,0.003937007874015748,0.0,0.9663485875706216,0.7424570621468926,0.9622666666666668,0,0.8644
6,2,28,0,0,4.0,0.00425531914893617,0.0,0.9714869318181818,0.7811892045454545,0.9603221590909092,0,0.8
14,2,28,0,0,5.0,0.004761904761904762,0.0,0.9732103448275864,0.7720936781609196,0.9673367816091952,0,1.0
22,3,28,0,0,8.0,0.007619047619047619,0.0,0.9726114285714286,0.7704497142857143,0.9543937142857144,0,0.7131
6,2,28,0,0,5.0,0.005405405405405406,0.013055555522441864,0.9579948863636364,0.6420017045454546,0.9496204545454544,1,0.9869
14,2,28,0,0,6.0,0.007042253521126761,0.008576388470828533,0.9595845714285716,0.6536731428571428,0.9767611428571428,1,0.5153
22,3,28,0,0,1.0,0.0013245033112582781,0.10709635447710752,0.960858757062147,0.6334305084745763,0.9482943502824858,1,0.3028
6,2,28,0,0,2.0,0.002152852529601722,0.012118055485188961,0.9711568965517242,0.7715344827586208,0.9542132183908044,1,0.6586
14,2,28,0,0,6.0,0.005714285714285714,0.006874999962747097,0.9698011363636364,0.75509375,0.9680863636363636,1,0.4564
22,3,28,0,0,4.0,0.004132231404958678,0.10315972566604614,0.9699949438202248,0.7404140449438202,0.9610904494382022,2,0.8968
6,2,28,0,1,2.0,0.0019880715705765406,0.0,0.9694767045454546,0.7222562499999999,0.9522732954545454,0,1.0
14,2,28,0,1,2.0,0.0022471910112359553,0.0,0.970316384180791,0.7160909604519774,0.958379661016949,0,0.4818
22,3,28,0,1,5.0,0.005302226935312832,0.0,0.9707780898876404,0.6486887640449438,0.9695876404494382,0,0.5069
6,2,28,0,1,6.0,0.008571428571428572,0.0,0.9605514124293784,0.6269536723163842,0.9538604519774012,0,0.5826
14,2,28,0,1,3.0,0.004746835443037975,0.0,0.961474431818182,0.6564625000000001,0.9428977272727272,0,0.6046
22,3,28,0,1,6.0,0.00966183574879227,0.050312500447034836,0.9596569832402236,0.6435245810055866,0.9638513966480448,1,0.229
6,2,28,0,1,5.0,0.005268703898840885,0.10709635447710752,0.965764,0.7633297142857142,0.9598091428571428,1,0.7942
14,2,28,0,1,4.0,0.004484304932735426,0.10709635447710752,0.961093220338983,0.7580553672316385,0.9796604519774011,1,0.5302
22,3,28,0,1,3.0,0.002857142857142857,0.0,0.95955530726257,0.7858726256983241,0.97316312849162,0,1.0
6,2,28,0,2,5.0,0.005382131324004306,0.0,0.9684011363636364,0.7713215909090909,0.9683693181818182,0,0.7545
14,2,28,0,2,3.0,0.002857142857142857,0.0,0.9675180790960451,0.7758463276836158,0.9586621468926554,0,0.75
22,3,28,0,2,5.0,0.004761904761904762,0.0,0.9660954545454546,0.7738732954545454,0.9695846590909092,0,1.0
6,2,28,0,2,5.0,0.006640106241699867,0.0,0.9734926553672316,0.6269056497175142,0.955367231638418,0,0.7271
14,2,28,0,2,2.0,0.0025348542458808617,0.0,0.9717162921348316,0.6548410112359551,0.9551494382022472,0,1.0
22,3,28,0,2,7.0,0.009079118028534372,0.0,0.9691514450867053,0.6074329479768786,0.9537063583815028,0,1.0
6,2,28,0,2,4.0,0.0038095238095238095,0.0,0.9558448863636364,0.7807528409090909,0.977555681818182,0,0.6468
14,2,28,0,2,4.0,0.003872216844143272,0.0,0.959408,0.7887599999999999,0.9514285714285714,0,1.0
22,3,28,0,2,4.0,0.003883495145631068,0.10709635447710752,0.9592327485380115,0.7542111111111112,0.97113216374269,1,0.8742
6,2,28,0,3,6.0,0.010135135135135136,0.007951389066874981,0.97625197740113,0.6071683615819209,0.9534841807909604,1,0.2444
14,2,28,0,3,2.0,0.002894356005788712,0.0068055554293096066,0.9750948863636364,0.5983465909090909,0.9623090909090908,1,0.4449
22,3,28,0,3,7.0,0.00945945945945946,0.0,0.9761469273743016,0.5908648044692737,0.9510592178770948,0,0.5247
6,2,28,0,3,6.0,0.005970149253731343,0.10709635447710752,0.9577932203389832,0.7727412429378532,0.9548954802259888,1,0.8926
14,2,28,0,3,2.0,0.001984126984126984,0.08003472536802292,0.9601118644067796,0.7691152542372881,0.9529186440677966,1,0.92
22,3,28,0,3,6.0,0.005714285714285714,0.09854166954755783,0.9582296511627908,0.8025308139534885,0.9455558139534884,1,0.9015
6,2,28,0,3,4.0,0.004415011037527594,0.0,0.970548275862069,0.7340936781609195,0.969635632183908,0,0.5036
14,2,28,0,3,6.0,0.007481296758104738,0.0,0.9679265536723164,0.677564406779661,0.9646892655367232,0,0.4222
22,3,28,0,3,6.0,0.008,0.0,0.9663485875706216,0.7424570621468926,0.9622666666666668,0,0.8216
6,3,28,0,0,2.0,0.0022026431718061676,0.0,0.9714869318181818,0.7811892045454545,0.9603221590909092,0,0.5434
14,3,28,0,0,3.0,0.0032679738562091504,0.0,0.9732103448275864,0.7720936781609196,0.9673367816091952,0,0.5524
22,4,28,0,0,3.0,0.002857142857142857,0.0,0.9726114285714286,0.7704497142857143,0.9543937142857144,0,0.8021
6,3,28,0,0,3.0,0.003911342894393742,0.10709635447710752,0.9579948863636364,0.6420017045454546,0.9496204545454544,1,0.8121
14,3,28,0,0,2.0,0.002560819462227913,0.10709635447710752,0.9595845714285716,0.6536731428571428,0.9767611428571428,1,0.8081
22,4,28,0,0,3.0,0.003875968992248062,0.0,0.960858757062147,0.6334305084745763,0.9482943502824858,0,0.4703
6,3,28,0,0,4.0,0.004219409282700422,0.10709635447710752,0.9711568965517242,0.7715344827586208,0.9542132183908044,2,0.4816
14,3,28,0,0,3.0,0.003393665158371041,0.10709635447710752,0.9698011363636364,0.75509375,0.9680863636363636,2,0.3939
22,4,28,0,0,2.0,0.002331002331002331,0.0,0.9699949438202248,0.7404140449438202,0.9610904494382022,0,1.0
6,3,28,0,1,5.0,0.006211180124223602,0.0,0.9694767045454546,0.7222562499999999,0.9522732954545454,0,0.3469
14,3,28,0,1,5.0,0.006666666666666667,0.0,0.970316384180791,0.7160909604519774,0.958379661016949,0,1.0
22,4,28,0,1,2.0,0.0025,0.0,0.9707780898876404,0.6486887640449438,0.9695876404494382,0,0.2553
6,3,28,0,1,3.0,0.0035587188612099642,0.0906597226858139,0.9605514124293784,0.6269536723163842,0.9538604519774012,1,0.2351
14,3,28,0,1,2.0,0.0033222591362126247,0.07979166507720947,0.961474431818182,0.6564625000000001,0.9428977272727272,1,0.7619
22,4,28,0,1,4.0,0.005050505050505051,0.0,0.9596569832402236,0.6435245810055866,0.9638513966480448,0,0.652
6,3,28,0,1,3.0,0.002857142857142857,0.0,0.965764,0.7633297142857142,0.9598091428571428,0,1.0
14,3,28,0,1,4.0,0.004366812227074236,0.0,0.961093220338983,0.7580553672316385,0.9796604519774011,0,1.0
22,4,28,0,1,4.0,0.004162330905306972,0.0,0.95955530726257,0.7858726256983241,0.97316312849162,0,0.8475
6,3,28,0,2,5.0,0.005605381165919282,0.0,0.9684011363636364,0.7713215909090909,0.9683693181818182,0,0.6919
14,3,28,0,2,6.0,0.006615214994487321,0.0,0.9675180790960451,0.7758463276836158,0.9586621468926554,0,1.0
22,4,28,0,2,4.0,0.0044004400440044,0.0,0.9660954545454546,0.7738732954545454,0.9695846590909092,0,1.0
6,3,28,0,2,6.0,0.007471980074719801,0.0,0.9734926553672316,0.6269056497175142,0.955367231638418,0,0.8549
14,3,28,0,2,4.0,0.0044994375703037125,0.0,0.9717162921348316,0.6548410112359551,0.9551494382022472,0,0.8958
22,4,28,0,2,4.0,0.004993757802746567,0.08673611283302307,0.9691514450867053,0.6074329479768786,0.9537063583815028,2,0.9133
6,3,28,0,2,2.0,0.002079002079002079,0.05423611029982567,0.9558448863636364,0.7807528409090909,0.977555681818182,1,0.9458
14,3,28,0,2,4.0,0.0038095238095238095,0.10709635447710752,0.959408,0.7887599999999999,0.9514285714285714,1,0.6884
22,4,28,0,2,3.0,0.002857142857142857,0.0,0.9592327485380115,0.7542111111111112,0.97113216374269,0,0.75
6,3,28,0,3,4.0,0.00510204081632653,0.0,0.97625197740113,0.6071683615819209,0.9534841807909604,0,1.0
14,3,28,0,3,3.0,0.003952569169960474,0.0,0.9750948863636364,0.5983465909090909,0.9623090909090908,0,0.5574
22,4,28,0,3,5.0,0.007861635220125786,0.10709635447710752,0.9761469273743016,0.5908648044692737,0.9510592178770948,1,0.7787
6,3,28,0,3,4.0,0.0038095238095238095,0.062361110001802444,0.9577932203389832,0.7727412429378532,0.9548954802259888,1,0.5611
14,3,28,0,3,4.0,0.0038095238095238095,0.08052083104848862,0.9601118644067796,0.7691152542372881,0.9529186440677966,1,0.476
22,4,28,0,3,3.0,0.002857142857142857,0.0,0.9582296511627908,0.8025308139534885,0.9455558139534884,0,1.0
6,3,28,0,3,5.0,0.005192107995846314,0.0,0.970548275862069,0.7340936781609195,0.969635632183908,0,0.2956
14,3,28,0,3,6.0,0.006263048016701462,0.0,0.9679265536723164,0.677564406779661,0.9646892655367232,0,0.2797
22,4,28,0,3,2.0,0.002026342451874367,0.10709635447710752,0.9663485875706216,0.7424570621468926,0.9622666666666668,1,0.816
6,4,28,0,0,4.0,0.004602991944764097,0.0,0.9714869318181818,0.7811892045454545,0.9603221590909092,0,0.9315
14,4,28,0,0,6.0,0.00597609561752988,0.0,0.9732103448275864,0.7720936781609196,0.9673367816091952,0,0.9123
22,5,28,1,0,5.0,0.004761904761904762,0.0,0.9726114285714286,0.7704497142857143,0.9543937142857144,0,0.6581
6,4,28,0,0,3.0,0.004195804195804196,0.0,0.9579948863636364,0.6420017045454546,0.9496204545454544,0,0.9749
14,4,28,0,0,4.0,0.005319148936170213,0.0,0.9595845714285716,0.6536731428571428,0.9767611428571428,0,1.0
22,5,28,1,0,4.0,0.006339144215530904,0.051770832389593124,0.960858757062147,0.6334305084745763,0.9482943502824858,1,0.3501
6,4,28,0,0,2.0,0.00202020202020202,0.0,0.9711568965517242,0.7715344827586208,0.9542132183908044,0,0.8711
14,4,28,0,0,3.0,0.0032822757111597373,0.0,0.9698011363636364,0.75509375,0.9680863636363636,0,0.7468
22,5,28,1,0,5.0,0.005122950819672131,0.10709635447710752,0.9699949438202248,0.7404140449438202,0.9610904494382022,1,0.8709
6,4,28,0,1,5.0,0.004766444232602479,0.0,0.9694767045454546,0.7222562499999999,0.9522732954545454,0,0.4065
14,4,28,0,1,5.0,0.005656108597285068,0.0,0.970316384180791,0.7160909604519774,0.958379661016949,0,0.6934
22,5,28,1,1,4.0,0.005188067444876783,0.0,0.9707780898876404,0.6486887640449438,0.9695876404494382,0,0.5105
6,4,28,0,1,4.0,0.0048543689320388345,0.0,0.9605514124293784,0.6269536723163842,0.9538604519774012,0,0.3708
14,4,28,0,1,6.0,0.00801068090787717,0.0,0.961474431818182,0.6564625000000001,0.9428977272727272,0,0.4736
22,5,28,1,1,5.0,0.007112375533428165,0.0,0.9596569832402236,0.6435245810055866,0.9638513966480448,0,0.4345
6,4,28,0,1,3.0,0.002857142857142857,0.0,0.965764,0.7633297142857142,0.9598091428571428,0,0.7828
14,4,28,0,1,2.0,0.002103049421661409,0.0,0.961093220338983,0.7580553672316385,0.9796604519774011,0,1.0
22,5,28,1,1,1.0,0.0009523809523809524,0.014548610895872116,0.95955530726257,0.7858726256983241,0.97316312849162,1,0.9855
6,4,28,0,2,4.0,0.004807692307692308,0.0,0.9684011363636364,0.7713215909090909,0.9683693181818182,0,0.8852
14,4,28,0,2,3.0,0.003329633740288568,0.0,0.9675180790960451,0.7758463276836158,0.9586621468926554,0,0.3717
22,5,28,1,2,4.0,0.004319654427645789,0.0,0.9660954545454546,0.7738732954545454,0.9695846590909092,0,1.0
6,4,28,0,2,5.0,0.007194244604316547,0.10298611223697662,0.9734926553672316,0.6269056497175142,0.955367231638418,2,0.3371
14,4,28,0,2,5.0,0.006024096385542169,0.10709635447710752,0.9717162921348316,0.6548410112359551,0.9551494382022472,2,0.4339
22,5,28,1,2,3.0,0.0038560411311053984,0.005104166455566883,0.9691514450867053,0.6074329479768786,0.9537063583815028,1,0.4925
6,4,28,0,2,2.0,0.0019047619047619048,0.0,0.9558448863636364,0.7807528409090909,0.977555681818182,0,0.5465
14,4,28,0,2,4.0,0.0043859649122807015,0.0,0.959408,0.7887599999999999,0.9514285714285714,0,0.4041
22,5,28,1,2,1.0,0.0010976948408342481,0.06361111253499985,0.9592327485380115,0.7542111111111112,0.97113216374269,1,0.7538
6,4,28,0,3,6.0,0.010619469026548672,0.07527777552604675,0.97625197740113,0.6071683615819209,0.9534841807909604,1,0.584
14,4,28,0,3,3.0,0.004166666666666667,0.10709635447710752,0.9750948863636364,0.5983465909090909,0.9623090909090908,1,0.5212
22,5,28,1,3,3.0,0.004524886877828055,0.019999999552965164,0.9761469273743016,0.5908648044692737,0.9510592178770948,1,0.6089
6,4,28,0,3,4.0,0.004362050163576881,0.0,0.9577932203389832,0.7727412429378532,0.9548954802259888,0,0.7069
14,4,28,0,3,6.0,0.006564551422319475,0.0,0.9601118644067796,0.7691152542372881,0.9529186440677966,0,1.0
22,5,28,1,3,3.0,0.00298804780876494,0.10709635447710752,0.9582296511627908,0.8025308139534885,0.9455558139534884,1,0.7212
6,4,28,0,3,2.0,0.0019723865877712033,0.10709635447710752,0.970548275862069,0.7340936781609195,0.969635632183908,1,0.747
14,4,28,0,3,2.0,0.0022026431718061676,0.10709635447710752,0.9679265536723164,0.677564406779661,0.9646892655367232,1,0.7446
22,5,28,1,3,5.0,0.005787037037037037,0.0,0.9663485875706216,0.7424570621468926,0.9622666666666668,0,0.6774
6,5,28,1,0,2.0,0.001984126984126984,0.0,0.9714869318181818,0.7811892045454545,0.9603221590909092,0,0.2947
14,5,28,1,0,6.0,0.006103763987792472,0.0,0.9732103448275864,0.7720936781609196,0.9673367816091952,0,0.3587
22,6,28,1,0,6.0,0.0062047569803516025,0.0,0.9726114285714286,0.7704497142857143,0.9543937142857144,0,0.8774
6,5,28,1,0,6.0,0.0076726342710997444,0.02986111119389534,0.9579948863636364,0.6420017045454546,0.9496204545454544,1,0.8838
14,5,28,1,0,2.0,0.002793296089385475,0.04093749821186066,0.9595845714285716,0.6536731428571428,0.9767611428571428,1,0.8028
22,6,28,1,0,6.0,0.008645533141210375,0.0,0.960858757062147,0.6334305084745763,0.9482943502824858,0,0.5913
6,5,28,1,0,6.0,0.00681044267877412,0.06420139223337173,0.9711568965517242,0.7715344827586208,0.9542132183908044,1,0.6639
14,5,28,1,0,4.0,0.004629629629629629,0.10709635447710752,0.9698011363636364,0.75509375,0.9680863636363636,1,0.4923
22,6,28,1,0,4.0,0.004790419161676647,0.10371527820825577,0.9699949438202248,0.7404140449438202,0.9610904494382022,1,0.8449
6,5,28,1,1,2.0,0.0024906600249066002,0.0,0.9694767045454546,0.7222562499999999,0.9522732954545454,0,0.6086
14,5,28,1,1,5.0,0.00591016548463357,0.0,0.970316384180791,0.7160909604519774,0.958379661016949,0,1.0
22,6,28,1,1,3.0,0.0037831021437578815,0.0,0.9707780898876404,0.6486887640449438,0.9695876404494382,0,1.0
6,5,28,1,1,5.0,0.007246376811594203,0.0,0.9605514124293784,0.6269536723163842,0.9538604519774012,0,0.5029
22,6,28,1,1,3.0,0.004048582995951417,0.0,0.9596569832402236,0.6435245810055866,0.9638513966480448,0,1.0
6,5,28,1,1,2.0,0.002631578947368421,0.018541665747761726,0.965764,0.7633297142857142,0.9598091428571428,1,0.2919
14,5,28,1,1,2.0,0.0020833333333333333,0.018819443881511688,0.961093220338983,0.7580553672316385,0.9796604519774011,1,0.9812
6,5,28,1,2,5.0,0.005285412262156448,0.0,0.9684011363636364,0.7713215909090909,0.9683693181818182,0,0.2277
14,5,28,1,2,2.0,0.0022123893805309734,0.0,0.9675180790960451,0.7758463276836158,0.9586621468926554,0,0.9181
22,6,28,1,2,7.0,0.007268951194184839,0.0,0.9660954545454546,0.7738732954545454,0.9695846590909092,0,1.0
6,5,28,1,2,3.0,0.0036363636363636364,0.008923610672354698,0.9734926553672316,0.6269056497175142,0.955367231638418,1,0.8964
14,5,28,1,2,3.0,0.0038510911424903724,0.007673610933125019,0.9717162921348316,0.6548410112359551,0.9551494382022472,1,0.4414
22,6,28,1,2,6.0,0.008207934336525308,0.0,0.9691514450867053,0.6074329479768786,0.9537063583815028,0,0.2721
6,5,28,1,2,3.0,0.0030120481927710845,0.10709635447710752,0.9558448863636364,0.7807528409090909,0.977555681818182,1,0.5586
14,5,28,1,2,5.0,0.005500550055005501,0.07868055254220963,0.959408,0.7887599999999999,0.9514285714285714,1,0.8664
6,5,28,1,3,3.0,0.0035971223021582736,0.012708333320915699,0.97625197740113,0.6071683615819209,0.9534841807909604,1,0.4738
14,5,28,1,3,6.0,0.009146341463414634,0.024687500670552254,0.9750948863636364,0.5983465909090909,0.9623090909090908,1,0.2661
22,6,28,1,3,4.0,0.005405405405405406,0.0,0.9761469273743016,0.5908648044692737,0.9510592178770948,0,0.1802
6,5,28,1,3,5.0,0.005241090146750524,0.10709635447710752,0.9577932203389832,0.7727412429378532,0.9548954802259888,1,0.755
22,6,28,1,3,7.0,0.006666666666666667,0.0,0.9582296511627908,0.8025308139534885,0.9455558139534884,0,1.0
6,5,28,1,3,6.0,0.007326007326007326,0.0,0.970548275862069,0.7340936781609195,0.969635632183908,0,0.2906
14,5,28,1,3,3.0,0.002857142857142857,0.0,0.9679265536723164,0.677564406779661,0.9646892655367232,0,0.9698
22,6,28,1,3,3.0,0.003787878787878788,0.025902777910232544,0.9663485875706216,0.7424570621468926,0.9622666666666668,1,0.4317
6,6,28,1,0,5.0,0.004761904761904762,0.0,0.9714869318181818,0.7811892045454545,0.9603221590909092,0,0.7587
14,6,28,1,0,6.0,0.005714285714285714,0.0,0.9732103448275864,0.7720936781609196,0.9673367816091952,0,0.4116
22,0,29,0,0,3.0,0.002857142857142857,0.0,0.9726114285714286,0.7704497142857143,0.9543937142857144,0,1.0
6,6,28,1,0,1.0,0.0014641288433382138,0.0,0.9579948863636364,0.6420017045454546,0.9496204545454544,0,0.2818
14,6,28,1,0,4.0,0.004561003420752566,0.0,0.9595845714285716,0.6536731428571428,0.9767611428571428,0,1.0
22,0,29,0,0,5.0,0.007541478129713424,0.0,0.960858757062147,0.6334305084745763,0.9482943502824858,0,0.3101
6,6,28,1,0,6.0,0.008021390374331552,0.10709635447710752,0.9711568965517242,0.7715344827586208,0.9542132183908044,1,0.5898
14,6,28,1,0,4.0,0.004048582995951417,0.10709635447710752,0.9698011363636364,0.75509375,0.9680863636363636,1,0.8833
22,0,29,0,0,6.0,0.005825242718446602,0.0,0.9699949438202248,0.7404140449438202,0.9610904494382022,0,0.2922
6,6,28,1,1,4.0,0.004576659038901602,0.0,0.9694767045454546,0.7222562499999999,0.9522732954545454,0,0.229
14,6,28,1,1,5.0,0.0056753688989784334,0.0,0.970316384180791,0.7160909604519774,0.958379661016949,0,1.0
22,0,29,0,1,2.0,0.0024479804161566705,0.0,0.9707780898876404,0.6486887640449438,0.9695876404494382,0,0.364
6,6,28,1,1,4.0,0.0057306590257879654,0.0,0.9605514124293784,0.6269536723163842,0.9538604519774012,0,0.3081
14,6,28,1,1,3.0,0.00410958904109589,0.0,0.961474431818182,0.6564625000000001,0.9428977272727272,0,0.6943
22,0,29,0,1,1.0,0.0012345679012345679,0.10642360895872116,0.9596569832402236,0.6435245810055866,0.9638513966480448,1,0.8936
6,6,28,1,1,3.0,0.0036231884057971015,0.0,0.965764,0.7633297142857142,0.9598091428571428,0,1.0
14,6,28,1,1,5.0,0.006172839506172839,0.0,0.961093220338983,0.7580553672316385,0.9796604519774011,0,1.0
22,0,29,0,1,2.0,0.0024009603841536613,0.06361111253499985,0.95955530726257,0.7858726256983241,0.97316312849162,1,0.4883
6,6,28,1,2,5.0,0.004803073967339097,0.0,0.9684011363636364,0.7713215909090909,0.9683693181818182,0,0.8802
14,6,28,1,2,3.0,0.0039011703511053317,0.0,0.9675180790960451,0.7758463276836158,0.9586621468926554,0,0.4579
22,0,29,0,2,4.0,0.0039447731755424065,0.0,0.9660954545454546,0.7738732954545454,0.9695846590909092,0,0.9284
6,6,28,1,2,6.0,0.006674082313681869,0.0,0.9734926553672316,0.6269056497175142,0.955367231638418,0,0.5797
14,6,28,1,2,2.0,0.002793296089385475,0.0,0.9717162921348316,0.6548410112359551,0.9551494382022472,0,0.315
22,0,29,0,2,6.0,0.007947019867549669,0.10709635447710752,0.9691514450867053,0.6074329479768786,0.9537063583815028,2,0.4861
6,6,28,1,2,6.0,0.005714285714285714,0.0,0.9558448863636364,0.7807528409090909,0.977555681818182,0,1.0
14,6,28,1,2,1.0,0.001053740779768177,0.0,0.959408,0.7887599999999999,0.9514285714285714,0,0.5
22,0,29,0,2,2.0,0.0021598272138228943,0.0890277773141861,0.9592327485380115,0.7542111111111112,0.97113216374269,2,0.8624
6,6,28,1,3,4.0,0.006944444444444444,0.0,0.97625197740113,0.6071683615819209,0.9534841807909604,0,0.6422
14,6,28,1,3,3.0,0.005208333333333333,0.0,0.9750948863636364,0.5983465909090909,0.9623090909090908,0,0.6634
22,0,29,0,3,4.0,0.005547850208044383,0.0,0.9761469273743016,0.5908648044692737,0.9510592178770948,0,0.2884
6,6,28,1,3,5.0,0.00580046403712297,0.0,0.9577932203389832,0.7727412429378532,0.9548954802259888,0,0.375
14,6,28,1,3,3.0,0.00322234156820623,0.0,0.9601118644067796,0.7691152542372881,0.9529186440677966,0,1.0
22,0,29,0,3,2.0,0.002028397565922921,0.0,0.9582296511627908,0.8025308139534885,0.9455558139534884,0,1.0
6,6,28,1,3,5.0,0.0055617352614015575,0.020729167386889458,0.970548275862069,0.7340936781609195,0.969635632183908,1,0.9793
14,6,28,1,3,2.0,0.002751031636863824,0.01885416731238365,0.9679265536723164,0.677564406779661,0.9646892655367232,1,0.395
22,0,29,0,3,7.0,0.008547008547008548,0.0,0.9663485875706216,0.7424570621468926,0.9622666666666668,0,0.5855
6,0,29,0,0,5.0,0.005159958720330237,0.0,0.9714869318181818,0.7811892045454545,0.9603221590909092,0,0.5023
14,0,29,0,0,4.0,0.00398406374501992,0.0,0.9732103448275864,0.7720936781609196,0.9673367816091952,0,0.5111
22,1,29,0,0,3.0,0.0031023784901758012,0.06572916358709335,0.9726114285714286,0.7704497142857143,0.9543937142857144,1,0.5305
6,0,29,0,0,3.0,0.003740648379052369,0.0,0.9579948863636364,0.6420017045454546,0.9496204545454544,0,0.4119
14,0,29,0,0,3.0,0.004098360655737705,0.0,0.9595845714285716,0.6536731428571428,0.9767611428571428,0,0.4379
22,1,29,0,0,3.0,0.0038510911424903724,0.034166667610406876,0.960858757062147,0.6334305084745763,0.9482943502824858,1,0.5795
6,0,29,0,0,6.0,0.0064794816414686825,0.0,0.9711568965517242,0.7715344827586208,0.9542132183908044,0,0.5141
14,0,29,0,0,1.0,0.0009523809523809524,0.0,0.9698011363636364,0.75509375,0.9680863636363636,0,0.5
22,1,29,0,0,2.0,0.002296211251435132,0.0,0.9699949438202248,0.7404140449438202,0.9610904494382022,0,0.172
6,0,29,0,1,2.0,0.0020181634712411706,0.0,0.9694767045454546,0.7222562499999999,0.9522732954545454,0,0.9631
14,0,29,0,1,6.0,0.007832898172323759,0.0,0.970316384180791,0.7160909604519774,0.958379661016949,0,0.5155
22,1,29,0,1,5.0,0.005780346820809248,0.0,0.9707780898876404,0.6486887640449438,0.9695876404494382,0,0.7731
6,0,29,0,1,4.0,0.005201560468140442,0.10709635447710752,0.9605514124293784,0.6269536723163842,0.9538604519774012,1,0.5962
14,0,29,0,1,3.0,0.004021447721179625,0.10709635447710752,0.961474431818182,0.6564625000000001,0.9428977272727272,1,0.7174
22,1,29,0,1,5.0,0.007288629737609329,0.0,0.9596569832402236,0.6435245810055866,0.9638513966480448,0,0.3999
6,0,29,0,1,3.0,0.002857142857142857,0.10709635447710752,0.965764,0.7633297142857142,0.9598091428571428,1,0.5225
14,0,29,0,1,3.0,0.0034482758620689655,0.08874999731779099,0.961093220338983,0.7580553672316385,0.9796604519774011,1,0.6628
22,1,29,0,1,5.0,0.0058823529411764705,0.0,0.95955530726257,0.7858726256983241,0.97316312849162,0,0.9976
6,0,29,0,2,4.0,0.0038095238095238095,0.0,0.9684011363636364,0.7713215909090909,0.9683693181818182,0,0.5629
14,0,29,0,2,5.0,0.005241090146750524,0.0,0.9675180790960451,0.7758463276836158,0.9586621468926554,0,0.792
22,1,29,0,2,1.0,0.0009523809523809524,0.04305555671453476,0.9660954545454546,0.7738732954545454,0.9695846590909092,1,0.4514
6,0,29,0,2,6.0,0.00801068090787717,0.10709635447710752,0.9734926553672316,0.6269056497175142,0.955367231638418,2,0.4673
14,0,29,0,2,5.0,0.006426735218508998,0.10409722477197647,0.9717162921348316,0.6548410112359551,0.9551494382022472,2,0.4115
22,1,29,0,2,4.0,0.0043907793633369925,0.0,0.9691514450867053,0.6074329479768786,0.9537063583815028,0,0.3771
6,0,29,0,2,5.0,0.004761904761904762,0.08329860866069794,0.9558448863636364,0.7807528409090909,0.977555681818182,2,0.5894
14,0,29,0,2,2.0,0.0020429009193054137,0.10709635447710752,0.959408,0.7887599999999999,0.9514285714285714,2,0.8863
22,1,29,0,2,3.0,0.0028735632183908046,0.0,0.9592327485380115,0.7542111111111112,0.97113216374269,0,1.0
6,0,29,0,3,6.0,0.008708272859216255,0.0,0.97625197740113,0.6071683615819209,0.9534841807909604,0,0.5852
14,0,29,0,3,5.0,0.007429420505200594,0.0,0.9750948863636364,0.5983465909090909,0.9623090909090908,0,0.5094
22,1,29,0,3,6.0,0.008595988538681949,0.0,0.9761469273743016,0.5908648044692737,0.9510592178770948,0,0.5906
6,0,29,0,3,2.0,0.0019047619047619048,0.0,0.9577932203389832,0.7727412429378532,0.9548954802259888,0,0.5265
14,0,29,0,3,3.0,0.0028957528957528956,0.0,0.9601118644067796,0.7691152542372881,0.9529186440677966,0,0.75
22,1,29,0,3,3.0,0.0029411764705882353,0.016111111268401146,0.9582296511627908,0.8025308139534885,0.9455558139534884,1,0.9839
6,0,29,0,3,6.0,0.006417112299465241,0.0,0.970548275862069,0.7340936781609195,0.969635632183908,0,1.0
14,0,29,0,3,6.0,0.007633587786259542,0.0,0.9679265536723164,0.677564406779661,0.9646892655367232,0,0.5188
22,1,29,0,3,2.0,0.002136752136752137,0.0,0.9663485875706216,0.7424570621468926,0.9622666666666668,0,0.5174
6,1,29,0,0,3.0,0.002857142857142857,0.08906249701976776,0.9714869318181818,0.7811892045454545,0.9603221590909092,1,0.6336
14,1,29,0,0,2.0,0.0019047619047619048,0.06805555522441864,0.9732103448275864,0.7720936781609196,0.9673367816091952,1,0.9319
22,2,29,0,0,4.0,0.004338394793926247,0.0,0.9726114285714286,0.7704497142857143,0.9543937142857144,0,0.9422
6,1,29,0,0,3.0,0.004021447721179625,0.024166665971279144,0.9579948863636364,0.6420017045454546,0.9496204545454544,1,0.8035
14,1,29,0,0,3.0,0.003973509933774834,0.061250001192092896,0.9595845714285716,0.6536731428571428,0.9767611428571428,1,0.5253
22,2,29,0,0,7.0,0.008557457212713936,0.0,0.960858757062147,0.6334305084745763,0.9482943502824858,0,1.0
6,1,29,0,0,2.0,0.002150537634408602,0.0,0.9711568965517242,0.7715344827586208,0.9542132183908044,0,0.6323
14,1,29,0,0,2.0,0.002430133657351154,0.0,0.9698011363636364,0.75509375,0.9680863636363636,0,0.4958
22,2,29,0,0,5.0,0.004761904761904762,0.0,0.9699949438202248,0.7404140449438202,0.9610904494382022,0,0.5644
6,1,29,0,1,3.0,0.003061224489795918,0.0,0.9694767045454546,0.7222562499999999,0.9522732954545454,0,0.8095
14,1,29,0,1,1.0,0.0010162601626016261,0.0,0.970316384180791,0.7160909604519774,0.958379661016949,0,0.1286
22,2,29,0,1,4.0,0.004920049200492005,0.0,0.9707780898876404,0.6486887640449438,0.9695876404494382,0,0.315
6,1,29,0,1,2.0,0.0027359781121751026,0.0,0.9605514124293784,0.6269536723163842,0.9538604519774012,0,0.5193
14,1,29,0,1,4.0,0.005076142131979695,0.0,0.961474431818182,0.6564625000000001,0.9428977272727272,0,0.8383
22,2,29,0,1,3.0,0.003592814371257485,0.0,0.9596569832402236,0.6435245810055866,0.9638513966480448,0,0.3702
6,1,29,0,1,5.0,0.005159958720330237,0.0,0.965764,0.7633297142857142,0.9598091428571428,0,0.3469
14,1,29,0,1,2.0,0.0019047619047619048,0.0,0.961093220338983,0.7580553672316385,0.9796604519774011,0,1.0
22,2,29,0,1,5.0,0.005112474437627812,0.011562500149011612,0.95955530726257,0.7858726256983241,0.97316312849162,1,0.8187
6,1,29,0,2,3.0,0.0028846153846153848,0.05878472328186035,0.9684011363636364,0.7713215909090909,0.9683693181818182,1,0.8323
14,1,29,0,2,5.0,0.004761904761904762,0.06618055701255798,0.9675180790960451,0.7758463276836158,0.9586621468926554,1,0.3602
22,2,29,0,2,4.0,0.004629629629629629,0.10709635447710752,0.9660954545454546,0.7738732954545454,0.9695846590909092,1,0.5727
6,1,29,0,2,2.0,0.0032310177705977385,0.0,0.9734926553672316,0.6269056497175142,0.955367231638418,0,0.7445
14,1,29,0,2,4.0,0.005298013245033113,0.0,0.9717162921348316,0.6548410112359551,0.9551494382022472,0,0.8696
22,2,29,0,2,3.0,0.0034802784222737818,0.012361111119389534,0.9691514450867053,0.6074329479768786,0.9537063583815028,1,0.5986
6,1,29,0,2,6.0,0.005714285714285714,0.0,0.9558448863636364,0.7807528409090909,0.977555681818182,0,0.6719
14,1,29,0,2,6.0,0.005714285714285714,0.0,0.959408,0.7887599999999999,0.9514285714285714,0,0.5808
22,2,29,0,2,2.0,0.0019047619047619048,0.0,0.9592327485380115,0.7542111111111112,0.97113216374269,0,0.6708
6,1,29,0,3,2.0,0.0027662517289073307,0.0,0.97625197740113,0.6071683615819209,0.9534841807909604,0,0.2746
14,1,29,0,3,5.0,0.0071633237822349575,0.0,0.9750948863636364,0.5983465909090909,0.9623090909090908,0,0.4064
22,2,29,0,3,7.0,0.010638297872340425,0.0,0.9761469273743016,0.5908648044692737,0.9510592178770948,0,0.4563
6,1,29,0,3,2.0,0.0024183796856106408,0.01753472164273262,0.9577932203389832,0.7727412429378532,0.9548954802259888,1,0.9763
14,1,29,0,3,2.0,0.001937984496124031,0.018645834177732468,0.9601118644067796,0.7691152542372881,0.9529186440677966,1,0.6569
22,2,29,0,3,5.0,0.0056625141562853904,0.0,0.9582296511627908,0.8025308139534885,0.9455558139534884,0,0.6024
6,1,29,0,3,4.0,0.003887269193391642,0.0,0.970548275862069,0.7340936781609195,0.969635632183908,0,1.0
14,1,29,0,3,5.0,0.005324813631522897,0.0,0.9679265536723164,0.677564406779661,0.9646892655367232,0,0.7086
22,2,29,0,3,4.0,0.004028197381671702,0.0,0.9663485875706216,0.7424570621468926,0.9622666666666668,0,0.3296
6,2,29,0,0,4.0,0.0041279669762641896,0.0,0.9714869318181818,0.7811892045454545,0.9603221590909092,0,0.9734
14,2,29,0,0,3.0,0.0030181086519114686,0.0,0.9732103448275864,0.7720936781609196,0.9673367816091952,0,0.877
22,3,29,0,0,3.0,0.002857142857142857,0.0,0.9726114285714286,0.7704497142857143,0.9543937142857144,0,0.7208
6,2,29,0,0,6.0,0.008141112618724558,0.0,0.9579948863636364,0.6420017045454546,0.9496204545454544,0,0.8493
14,2,29,0,0,6.0,0.009202453987730062,0.0,0.9595845714285716,0.6536731428571428,0.9767611428571428,0,0.7002
22,3,29,0,0,3.0,0.00436046511627907,0.0,0.960858757062147,0.6334305084745763,0.9482943502824858,0,0.2205
6,2,29,0,0,5.0,0.006038647342995169,0.0,0.9711568965517242,0.7715344827586208,0.9542132183908044,0,0.97
14,2,29,0,0,6.0,0.007009345794392523,0.0,0.9698011363636364,0.75509375,0.9680863636363636,0,1.0
22,3,29,0,0,3.0,0.0031282586027111575,0.010347221978008747,0.9699949438202248,0.7404140449438202,0.9610904494382022,1,0.9897
6,2,29,0,1,3.0,0.0034802784222737818,0.0,0.9694767045454546,0.7222562499999999,0.9522732954545454,0,0.8961
14,2,29,0,1,6.0,0.01020408163265306,0.0,0.970316384180791,0.7160909604519774,0.958379661016949,0,0.4904
22,3,29,0,1,3.0,0.0038461538461538464,0.0,0.9707780898876404,0.6486887640449438,0.9695876404494382,0,0.2389
6,2,29,0,1,5.0,0.007530120481927711,0.0,0.9605514124293784,0.6269536723163842,0.9538604519774012,0,0.3818
14,2,29,0,1,2.0,0.0026666666666666666,0.0,0.961474431818182,0.6564625000000001,0.9428977272727272,0,0.3185
22,3,29,0,1,3.0,0.004464285714285714,0.0,0.9596569832402236,0.6435245810055866,0.9638513966480448,0,0.4116
6,2,29,0,1,2.0,0.0019047619047619048,0.011041666381061077,0.965764,0.7633297142857142,0.9598091428571428,1,0.8729
14,2,29,0,1,3.0,0.002857142857142857,0.018611110746860504,0.961093220338983,0.7580553672316385,0.9796604519774011,1,0.327
22,3,29,0,1,3.0,0.0038461538461538464,0.0,0.95955530726257,0.7858726256983241,0.97316312849162,0,0.2914
6,2,29,0,2,3.0,0.002857142857142857,0.10709635447710752,0.9684011363636364,0.7713215909090909,0.9683693181818182,1,0.858
14,2,29,0,2,5.0,0.004761904761904762,0.10709635447710752,0.9675180790960451,0.7758463276836158,0.9586621468926554,1,0.4146
22,3,29,0,2,3.0,0.003131524008350731,0.0,0.9660954545454546,0.7738732954545454,0.9695846590909092,0,0.5515
6,2,29,0,2,3.0,0.0038412291933418692,0.02274305559694767,0.9734926553672316,0.6269056497175142,0.955367231638418,1,0.9489
14,2,29,0,2,3.0,0.004213483146067416,0.014375000260770321,0.9717162921348316,0.6548410112359551,0.9551494382022472,1,0.3753
22,3,29,0,2,5.0,0.00544069640914037,0.10709635447710752,0.9691514450867053,0.6074329479768786,0.9537063583815028,1,0.435
6,2,29,0,2,3.0,0.0029182879377431907,0.0,0.9558448863636364,0.7807528409090909,0.977555681818182,0,0.6871
14,2,29,0,2,6.0,0.005802707930367505,0.0,0.959408,0.7887599999999999,0.9514285714285714,0,1.0
22,3,29,0,2,3.0,0.0032397408207343412,0.0,0.9592327485380115,0.7542111111111112,0.97113216374269,0,1.0
6,2,29,0,3,3.0,0.004437869822485207,0.0,0.97625197740113,0.6071683615819209,0.9534841807909604,0,0.8969
14,2,29,0,3,6.0,0.007741935483870968,0.0,0.9750948863636364,0.5983465909090909,0.9623090909090908,0,0.9905
22,3,29,0,3,6.0,0.008075370121130552,0.0,0.9761469273743016,0.5908648044692737,0.9510592178770948,0,0.6914
6,2,29,0,3,4.0,0.004434589800443459,0.0,0.9577932203389832,0.7727412429378532,0.9548954802259888,0,0.2618
14,2,29,0,3,6.0,0.006968641114982578,0.0,0.9601118644067796,0.7691152542372881,0.9529186440677966,0,1.0
22,3,29,0,3,7.0,0.007575757575757576,0.06156250089406967,0.9582296511627908,0.8025308139534885,0.9455558139534884,1,0.9384
6,2,29,0,3,5.0,0.00576036866359447,0.0,0.970548275862069,0.7340936781609195,0.969635632183908,0,0.6113
14,2,29,0,3,2.0,0.0019474196689386564,0.0,0.9679265536723164,0.677564406779661,0.9646892655367232,0,1.0
22,3,29,0,3,4.0,0.00468384074941452,0.0,0.9663485875706216,0.7424570621468926,0.9622666666666668,0,1.0
6,3,29,0,0,3.0,0.0030241935483870967,0.0,0.9714869318181818,0.7811892045454545,0.9603221590909092,0,1.0
14,3,29,0,0,2.0,0.0019047619047619048,0.0,0.9732103448275864,0.7720936781609196,0.9673367816091952,0,1.0
22,4,29,0,0,2.0,0.0019047619047619048,0.06888888776302338,0.9726114285714286,0.7704497142857143,0.9543937142857144,2,0.4511
6,3,29,0,0,5.0,0.006747638326585695,0.0,0.9579948863636364,0.6420017045454546,0.9496204545454544,0,0.3648
14,3,29,0,0,5.0,0.006134969325153374,0.0,0.9595845714285716,0.6536731428571428,0.9767611428571428,0,0.4608
22,4,29,0,0,3.0,0.004531722054380665,0.04052083194255829,0.960858757062147,0.6334305084745763,0.9482943502824858,1,0.2326
6,3,29,0,0,5.0,0.004761904761904762,0.013194444589316845,0.9711568965517242,0.7715344827586208,0.9542132183908044,1,0.6992
14,3,29,0,0,6.0,0.006396588486140725,0.005590277723968029,0.9698011363636364,0.75509375,0.9680863636363636,1,0.3879
22,4,29,0,0,4.0,0.0038797284190106693,0.0,0.9699949438202248,0.7404140449438202,0.9610904494382022,0,0.8284
6,3,29,0,1,4.0,0.005681818181818182,0.0,0.9694767045454546,0.7222562499999999,0.9522732954545454,0,0.3845
14,3,29,0,1,5.0,0.005668934240362812,0.0,0.970316384180791,0.7160909604519774,0.958379661016949,0,0.9919
22,4,29,0,1,5.0,0.005931198102016607,0.10709635447710752,0.9707780898876404,0.6486887640449438,0.9695876404494382,1,0.7534
6,3,29,0,1,3.0,0.004559270516717325,0.0,0.9605514124293784,0.6269536723163842,0.9538604519774012,0,0.6212
14,3,29,0,1,3.0,0.00530035335689046,0.0,0.961474431818182,0.6564625000000001,0.9428977272727272,0,0.6491
22,4,29,0,1,4.0,0.005128205128205128,0.02291666716337204,0.9596569832402236,0.6435245810055866,0.9638513966480448,1,0.6035
6,3,29,0,1,5.0,0.0055248618784530384,0.0,0.965764,0.7633297142857142,0.9598091428571428,0,0.7532
14,3,29,0,1,5.0,0.004897159647404506,0.0,0.961093220338983,0.7580553672316385,0.9796604519774011,0,1.0
22,4,29,0,1,5.0,0.005128205128205128,0.0,0.95955530726257,0.7858726256983241,0.97316312849162,0,0.7543
6,3,29,0,2,4.0,0.004145077720207254,0.0,0.9684011363636364,0.7713215909090909,0.9683693181818182,0,0.2877
14,3,29,0,2,6.0,0.0066815144766146995,0.0,0.9675180790960451,0.7758463276836158,0.9586621468926554,0,0.6984
22,4,29,0,2,5.0,0.0051440329218107,0.10709635447710752,0.9660954545454546,0.7738732954545454,0.9695846590909092,2,0.7676
6,3,29,0,2,3.0,0.003367003367003367,0.05565972253680229,0.9734926553672316,0.6269056497175142,0.955367231638418,1,0.9443
14,3,29,0,2,5.0,0.007429420505200594,0.10709635447710752,0.9717162921348316,0.6548410112359551,0.9551494382022472,1,0.702
22,4,29,0,2,4.0,0.006514657980456026,0.0,0.9691514450867053,0.6074329479768786,0.9537063583815028,0,0.2062
6,3,29,0,2,5.0,0.00484027105517909,0.0,0.9558448863636364,0.7807528409090909,0.977555681818182,0,1.0
14,3,29,0,2,4.0,0.004016064257028112,0.0,0.959408,0.7887599999999999,0.9514285714285714,0,1.0
22,4,29,0,2,5.0,0.004761904761904762,0.0,0.9592327485380115,0.7542111111111112,0.97113216374269,0,1.0
6,3,29,0,3,6.0,0.007989347536617843,0.0,0.97625197740113,0.6071683615819209,0.9534841807909604,0,0.9161
14,3,29,0,3,2.0,0.003257328990228013,0.0,0.9750948863636364,0.5983465909090909,0.9623090909090908,0,0.2437
22,4,29,0,3,0.0,0.0,0.0,0.9761469273743016,0.5908648044692737,0.9510592178770948,0,0.6967
6,3,29,0,3,5.0,0.005405405405405406,0.079097218811512,0.9577932203389832,0.7727412429378532,0.9548954802259888,1,0.9209
14,3,29,0,3,3.0,0.002857142857142857,0.09187500178813934,0.9601118644067796,0.7691152542372881,0.9529186440677966,1,0.7386
22,4,29,0,3,3.0,0.0033594624860022394,0.10709635447710752,0.9582296511627908,0.8025308139534885,0.9455558139534884,1,0.875
6,3,29,0,3,6.0,0.00684931506849315,0.0,0.970548275862069,0.7340936781609195,0.969635632183908,0,1.0
14,3,29,0,3,3.0,0.003105590062111801,0.0,0.9679265536723164,0.677564406779661,0.9646892655367232,0,0.6886
22,4,29,0,3,5.0,0.005787037037037037,0.0,0.9663485875706216,0.7424570621468926,0.9622666666666668,0,0.2664
6,4,29,0,0,3.0,0.0031479538300104933,0.05114583298563957,0.9714869318181818,0.7811892045454545,0.9603221590909092,2,0.8005
14,4,29,0,0,2.0,0.0019047619047619048,0.04211805388331413,0.9732103448275864,0.7720936781609196,0.9673367816091952,2,0.9579
22,5,29,1,0,4.0,0.0038095238095238095,0.0,0.9726114285714286,0.7704497142857143,0.9543937142857144,0,0.8298
6,4,29,0,0,2.0,0.002652519893899204,0.027222221717238426,0.9579948863636364,0.6420017045454546,0.9496204545454544,1,0.7367
14,4,29,0,0,2.0,0.0026954177897574125,0.02465277723968029,0.9595845714285716,0.6536731428571428,0.9767611428571428,1,0.853
22,5,29,1,0,3.0,0.0034762456546929316,0.02604166604578495,0.960858757062147,0.6334305084745763,0.9482943502824858,1,0.3797
6,4,29,0,0,3.0,0.0030425963488843813,0.0,0.9711568965517242,0.7715344827586208,0.9542132183908044,0,0.3564
14,4,29,0,0,5.0,0.005076142131979695,0.0,0.9698011363636364,0.75509375,0.9680863636363636,0,0.6659
22,5,29,1,0,3.0,0.002857142857142857,0.0,0.9699949438202248,0.7404140449438202,0.9610904494382022,0,1.0
6,4,29,0,1,4.0,0.004705882352941176,0.10709635447710752,0.9694767045454546,0.7222562499999999,0.9522732954545454,1,0.4825
14,4,29,0,1,2.0,0.002785515320334262,0.10003472119569778,0.970316384180791,0.7160909604519774,0.958379661016949,1,0.2166
22,5,29,1,1,5.0,0.005875440658049354,0.08503472059965134,0.9707780898876404,0.6486887640449438,0.9695876404494382,1,0.2632
6,4,29,0,1,2.0,0.002512562814070352,0.04243055731058121,0.9605514124293784,0.6269536723163842,0.9538604519774012,1,0.8093
14,4,29,0,1,4.0,0.004801920768307323,0.02621527761220932,0.961474431818182,0.6564625000000001,0.9428977272727272,1,0.4839
22,5,29,1,1,1.0,0.0014858841010401188,0.0,0.9596569832402236,0.6435245810055866,0.9638513966480448,0,0.6709
6,4,29,0,1,3.0,0.003,0.0,0.965764,0.7633297142857142,0.9598091428571428,0,1.0
14,4,29,0,1,2.0,0.001932367149758454,0.0,0.961093220338983,0.7580553672316385,0.9796604519774011,0,0.9358
22,5,29,1,1,2.0,0.0019047619047619048,0.0,0.95955530726257,0.7858726256983241,0.97316312849162,0,0.5461
6,4,29,0,2,2.0,0.0024096385542168677,0.10709635447710752,0.9684011363636364,0.7713215909090909,0.9683693181818182,2,0.6547
14,4,29,0,2,5.0,0.004812319538017324,0.10709635447710752,0.9675180790960451,0.7758463276836158,0.9586621468926554,2,0.7045
22,5,29,1,2,2.0,0.0022371364653243847,0.0,0.9660954545454546,0.7738732954545454,0.9695846590909092,0,0.3219
6,4,29,0,2,5.0,0.0054525627044711015,0.0,0.9734926553672316,0.6269056497175142,0.955367231638418,0,0.6931
14,4,29,0,2,4.0,0.004866180048661801,0.0,0.9717162921348316,0.6548410112359551,0.9551494382022472,0,0.4318
22,5,29,1,2,2.0,0.0030721966205837174,0.0,0.9691514450867053,0.6074329479768786,0.9537063583815028,0,0.5323
6,4,29,0,2,2.0,0.0019782393669634025,0.0,0.9558448863636364,0.7807528409090909,0.977555681818182,0,1.0
14,4,29,0,2,3.0,0.002857142857142857,0.0,0.959408,0.7887599999999999,0.9514285714285714,0,0.75
22,5,29,1,2,5.0,0.004761904761904762,0.05496527627110481,0.9592327485380115,0.7542111111111112,0.97113216374269,1,0.4888
6,4,29,0,3,6.0,0.008559201141226819,0.0,0.97625197740113,0.6071683615819209,0.9534841807909604,0,0.7774
14,4,29,0,3,6.0,0.008097165991902834,0.0,0.9750948863636364,0.5983465909090909,0.9623090909090908,0,0.4827
22,5,29,1,3,4.0,0.005952380952380952,0.0,0.9761469273743016,0.5908648044692737,0.9510592178770948,0,0.7845
6,4,29,0,3,2.0,0.0019743336623889436,0.10709635447710752,0.9577932203389832,0.7727412429378532,0.9548954802259888,1,0.8464
14,4,29,0,3,4.0,0.0041841004184100415,0.06913194805383682,0.9601118644067796,0.7691152542372881,0.9529186440677966,1,0.3771
22,5,29,1,3,2.0,0.0024067388688327317,0.0,0.9582296511627908,0.8025308139534885,0.9455558139534884,0,0.5347
6,4,29,0,3,4.0,0.005063291139240506,0.0,0.970548275862069,0.7340936781609195,0.969635632183908,0,0.4069
14,4,29,0,3,2.0,0.002751031636863824,0.0,0.9679265536723164,0.677564406779661,0.9646892655367232,0,0.7093
22,5,29,1,3,2.0,0.0030581039755351682,0.0,0.9663485875706216,0.7424570621468926,0.9622666666666668,0,0.4367
6,5,29,1,0,3.0,0.002857142857142857,0.0,0.9714869318181818,0.7811892045454545,0.9603221590909092,0,1.0
14,5,29,1,0,6.0,0.006578947368421052,0.0,0.9732103448275864,0.7720936781609196,0.9673367816091952,0,1.0
14,5,29,1,0,5.0,0.005470459518599562,0.0486111119389534,0.9595845714285716,0.6536731428571428,0.9767611428571428,1,0.9045
22,6,29,1,0,4.0,0.005082592121982211,0.10709635447710752,0.960858757062147,0.6334305084745763,0.9482943502824858,2,0.7579
6,5,29,1,0,4.0,0.004153686396677051,0.0,0.9711568965517242,0.7715344827586208,0.9542132183908044,0,0.4487
14,5,29,1,0,3.0,0.0029239766081871343,0.0,0.9698011363636364,0.75509375,0.9680863636363636,0,1.0
22,6,29,1,0,5.0,0.005500550055005501,0.09583333134651184,0.9699949438202248,0.7404140449438202,0.9610904494382022,1,0.6654
6,5,29,1,1,3.0,0.0038910505836575876,0.04694444313645363,0.9694767045454546,0.7222562499999999,0.9522732954545454,1,0.7036
14,5,29,1,1,2.0,0.0021598272138228943,0.08624999970197678,0.970316384180791,0.7160909604519774,0.958379661016949,1,0.9137
22,6,29,1,1,2.0,0.002621231979030144,0.0,0.9707780898876404,0.6486887640449438,0.9695876404494382,0,0.4761
6,5,29,1,1,6.0,0.009433962264150943,0.0,0.9605514124293784,0.6269536723163842,0.9538604519774012,0,0.7345
14,5,29,1,1,5.0,0.007575757575757576,0.0,0.961474431818182,0.6564625000000001,0.9428977272727272,0,0.797
22,6,29,1,1,5.0,0.006756756756756757,0.10709635447710752,0.9596569832402236,0.6435245810055866,0.9638513966480448,1,0.6265
6,5,29,1,1,3.0,0.003067484662576687,0.0,0.965764,0.7633297142857142,0.9598091428571428,0,1.0
22,6,29,1,1,2.0,0.0019047619047619048,0.04895833507180214,0.95955530726257,0.7858726256983241,0.97316312849162,1,0.951
6,5,29,1,2,6.0,0.006230529595015576,0.0,0.9684011363636364,0.7713215909090909,0.9683693181818182,0,0.9804
14,5,29,1,2,2.0,0.0022727272727272726,0.0,0.9675180790960451,0.7758463276836158,0.9586621468926554,0,0.5029
22,6,29,1,2,2.0,0.0019588638589618022,0.10709635447710752,0.9660954545454546,0.7738732954545454,0.9695846590909092,1,0.3326
6,5,29,1,2,4.0,0.005813953488372093,0.0,0.9734926553672316,0.6269056497175142,0.955367231638418,0,0.6546
14,5,29,1,2,6.0,0.007936507936507936,0.0,0.9717162921348316,0.6548410112359551,0.9551494382022472,0,0.5295
22,6,29,1,2,3.0,0.003968253968253968,0.0,0.9691514450867053,0.6074329479768786,0.9537063583815028,0,0.5381
6,5,29,1,2,3.0,0.003048780487804878,0.08041666448116302,0.9558448863636364,0.7807528409090909,0.977555681818182,1,0.5286
14,5,29,1,2,1.0,0.0009523809523809524,0.07809028029441833,0.959408,0.7887599999999999,0.9514285714285714,1,0.461
22,6,29,1,2,4.0,0.003972194637537239,0.0,0.9592327485380115,0.7542111111111112,0.97113216374269,0,0.7647
6,5,29,1,3,3.0,0.003978779840848806,0.0,0.97625197740113,0.6071683615819209,0.9534841807909604,0,0.8757
14,5,29,1,3,3.0,0.003787878787878788,0.0,0.9750948863636364,0.5983465909090909,0.9623090909090908,0,0.8701
22,6,29,1,3,3.0,0.0037593984962406013,0.1067708358168602,0.9761469273743016,0.5908648044692737,0.9510592178770948,1,0.8932
6,5,29,1,3,6.0,0.005958291956305859,0.0,0.9577932203389832,0.7727412429378532,0.9548954802259888,0,0.8762
14,5,29,1,3,3.0,0.0028625954198473282,0.0,0.9601118644067796,0.7691152542372881,0.9529186440677966,0,0.6383
22,6,29,1,3,3.0,0.0030991735537190084,0.10709635447710752,0.9582296511627908,0.8025308139534885,0.9455558139534884,2,0.5983
6,5,29,1,3,5.0,0.0050968399592252805,0.0,0.970548275862069,0.7340936781609195,0.969635632183908,0,0.8001
14,5,29,1,3,5.0,0.0070028011204481795,0.0,0.9679265536723164,0.677564406779661,0.9646892655367232,0,0.2417
22,6,29,1,3,1.0,0.0012224938875305623,0.0,0.9663485875706216,0.7424570621468926,0.9622666666666668,0,0.3912
6,6,29,1,0,3.0,0.003061224489795918,0.0998263880610466,0.9714869318181818,0.7811892045454545,0.9603221590909092,1,0.5567
22,0,30,0,0,2.0,0.0020833333333333333,0.0,0.9726114285714286,0.7704497142857143,0.9543937142857144,0,1.0
6,6,29,1,0,5.0,0.00655307994757536,0.10709635447710752,0.9579948863636364,0.6420017045454546,0.9496204545454544,2,0.5089
14,6,29,1,0,5.0,0.005827505827505828,0.10709635447710752,0.9595845714285716,0.6536731428571428,0.9767611428571428,2,0.735
22,0,30,0,0,2.0,0.0025188916876574307,0.0,0.960858757062147,0.6334305084745763,0.9482943502824858,0,1.0
6,6,29,1,0,2.0,0.0023228803716608595,0.10709635447710752,0.9711568965517242,0.7715344827586208,0.9542132183908044,1,0.7145
14,6,29,1,0,1.0,0.0011111111111111111,0.10709635447710752,0.9698011363636364,0.75509375,0.9680863636363636,1,0.2278
22,0,30,0,0,2.0,0.00228310502283105,0.063472218811512,0.9699949438202248,0.7404140449438202,0.9610904494382022,1,0.827
6,6,29,1,1,4.0,0.0038131553860819827,0.0,0.9694767045454546,0.7222562499999999,0.9522732954545454,0,1.0
14,6,29,1,1,2.0,0.002336448598130841,0.0,0.970316384180791,0.7160909604519774,0.958379661016949,0,0.9808
22,0,30,0,1,6.0,0.0078125,0.011527777649462223,0.9707780898876404,0.6486887640449438,0.9695876404494382,1,0.7918
6,6,29,1,1,5.0,0.006613756613756613,0.10709635447710752,0.9605514124293784,0.6269536723163842,0.9538604519774012,1,0.305
14,6,29,1,1,4.0,0.0061068702290076335,0.07437500357627869,0.961474431818182,0.6564625000000001,0.9428977272727272,1,0.2374
22,0,30,0,1,4.0,0.006462035541195477,0.0,0.9596569832402236,0.6435245810055866,0.9638513966480448,0,0.7955
14,6,29,1,1,4.0,0.004555808656036446,0.047881945967674255,0.961093220338983,0.7580553672316385,0.9796604519774011,1,0.8436
22,0,30,0,1,4.0,0.0038095238095238095,0.0,0.95955530726257,0.7858726256983241,0.97316312849162,0,1.0
14,6,29,1,2,2.0,0.0019047619047619048,0.10709635447710752,0.9675180790960451,0.7758463276836158,0.9586621468926554,1,0.7932
22,0,30,0,2,6.0,0.006564551422319475,0.10709635447710752,0.9660954545454546,0.7738732954545454,0.9695846590909092,1,0.372
6,6,29,1,2,4.0,0.004801920768307323,0.0,0.9734926553672316,0.6269056497175142,0.955367231638418,0,0.2528
22,0,30,0,2,4.0,0.0056657223796034,0.08291666954755783,0.9691514450867053,0.6074329479768786,0.9537063583815028,1,0.3302
6,6,29,1,2,2.0,0.0019550342130987292,0.0,0.9558448863636364,0.7807528409090909,0.977555681818182,0,1.0
14,6,29,1,2,4.0,0.004132231404958678,0.0,0.959408,0.7887599999999999,0.9514285714285714,0,0.3156
22,0,30,0,2,3.0,0.0028735632183908046,0.0,0.9592327485380115,0.7542111111111112,0.97113216374269,0,1.0
6,6,29,1,3,5.0,0.006747638326585695,0.092777781188488,0.97625197740113,0.6071683615819209,0.9534841807909604,1,0.3121
14,6,29,1,3,2.0,0.0027624309392265192,0.0807291641831398,0.9750948863636364,0.5983465909090909,0.9623090909090908,1,0.3741
22,0,30,0,3,6.0,0.01011804384485666,0.0,0.9761469273743016,0.5908648044692737,0.9510592178770948,0,0.5419
6,6,29,1,3,4.0,0.0038684719535783366,0.07423610985279083,0.9577932203389832,0.7727412429378532,0.9548954802259888,2,0.6161
14,6,29,1,3,3.0,0.0031645569620253164,0.10709635447710752,0.9601118644067796,0.7691152542372881,0.9529186440677966,2,0.5849
22,0,30,0,3,5.0,0.00536480686695279,0.0,0.9582296511627908,0.8025308139534885,0.9455558139534884,0,0.8873
14,6,29,1,3,6.0,0.007220216606498195,0.0,0.9679265536723164,0.677564406779661,0.9646892655367232,0,0.7987
6,0,30,0,0,2.0,0.0022026431718061676,0.0,0.9714869318181818,0.7811892045454545,0.9603221590909092,0,0.3768
14,0,30,0,0,5.0,0.006082725060827251,0.0,0.9732103448275864,0.7720936781609196,0.9673367816091952,0,0.7321
22,1,30,0,0,3.0,0.002857142857142857,0.0,0.9726114285714286,0.7704497142857143,0.9543937142857144,0,0.75
6,0,30,0,0,6.0,0.008583690987124463,0.0,0.9579948863636364,0.6420017045454546,0.9496204545454544,0,0.583
14,0,30,0,0,3.0,0.004103967168262654,0.0,0.9595845714285716,0.6536731428571428,0.9767611428571428,0,0.7873
22,1,30,0,0,5.0,0.00651890482398957,0.0,0.960858757062147,0.6334305084745763,0.9482943502824858,0,0.5385
6,0,30,0,0,3.0,0.0028653295128939827,0.028611110523343086,0.9711568965517242,0.7715344827586208,0.9542132183908044,1,0.3394
14,0,30,0,0,3.0,0.0028790786948176585,0.06715277582406998,0.9698011363636364,0.75509375,0.9680863636363636,1,0.9328
22,1,30,0,0,6.0,0.00718562874251497,0.0,0.9699949438202248,0.7404140449438202,0.9610904494382022,0,0.8571
6,0,30,0,1,3.0,0.002982107355864811,0.019687499850988388,0.9694767045454546,0.7222562499999999,0.9522732954545454,1,0.9803
14,0,30,0,1,2.0,0.002171552660152009,0.009513888508081436,0.970316384180791,0.7160909604519774,0.958379661016949,1,0.9905
22,1,30,0,1,3.0,0.0034602076124567475,0.0,0.9707780898876404,0.6486887640449438,0.9695876404494382,0,0.6939
6,0,30,0,1,6.0,0.008797653958944282,0.0,0.9605514124293784,0.6269536723163842,0.9538604519774012,0,0.6763
14,0,30,0,1,5.0,0.006896551724137931,0.0,0.961474431818182,0.6564625000000001,0.9428977272727272,0,0.4083
22,1,30,0,1,4.0,0.004860267314702308,0.10709635447710752,0.9596569832402236,0.6435245810055866,0.9638513966480448,1,0.591
6,0,30,0,1,6.0,0.006185567010309278,0.0,0.965764,0.7633297142857142,0.9598091428571428,0,0.5092
14,0,30,0,1,5.0,0.004761904761904762,0.0,0.961093220338983,0.7580553672316385,0.9796604519774011,0,0.8513
22,1,30,0,1,3.0,0.0033707865168539327,0.0,0.95955530726257,0.7858726256983241,0.97316312849162,0,0.7222
6,0,30,0,2,5.0,0.004761904761904762,0.09624999761581421,0.9684011363636364,0.7713215909090909,0.9683693181818182,1,0.9038
14,0,30,0,2,4.0,0.003933136676499509,0.10709635447710752,0.9675180790960451,0.7758463276836158,0.9586621468926554,1,0.8021
22,1,30,0,2,3.0,0.002857142857142857,0.10709635447710752,0.9660954545454546,0.7738732954545454,0.9695846590909092,1,0.8373
6,0,30,0,2,6.0,0.007361963190184049,0.08052083104848862,0.9734926553672316,0.6269056497175142,0.955367231638418,1,0.7043
14,0,30,0,2,4.0,0.004705882352941176,0.08576388657093048,0.9717162921348316,0.6548410112359551,0.9551494382022472,1,0.1658
22,1,30,0,2,4.0,0.004362050163576881,0.009999999776482582,0.9691514450867053,0.6074329479768786,0.9537063583815028,1,0.5346
6,0,30,0,2,4.0,0.0038095238095238095,0.0,0.9558448863636364,0.7807528409090909,0.977555681818182,0,0.6271
14,0,30,0,2,6.0,0.006659267480577136,0.0,0.959408,0.7887599999999999,0.9514285714285714,0,0.3645
22,1,30,0,2,5.0,0.004761904761904762,0.09836805611848831,0.9592327485380115,0.7542111111111112,0.97113216374269,1,0.9016
6,0,30,0,3,6.0,0.008683068017366137,0.0,0.97625197740113,0.6071683615819209,0.9534841807909604,0,0.4379
14,0,30,0,3,2.0,0.003134796238244514,0.0,0.9750948863636364,0.5983465909090909,0.9623090909090908,0,0.7448
22,1,30,0,3,5.0,0.006045949214026602,0.0,0.9761469273743016,0.5908648044692737,0.9510592178770948,0,0.8256
6,0,30,0,3,6.0,0.005825242718446602,0.0,0.9577932203389832,0.7727412429378532,0.9548954802259888,0,1.0
14,0,30,0,3,3.0,0.0031779661016949155,0.0,0.9601118644067796,0.7691152542372881,0.9529186440677966,0,1.0
22,1,30,0,3,5.0,0.00546448087431694,0.04472222179174423,0.9582296511627908,0.8025308139534885,0.9455558139534884,1,0.9553
6,0,30,0,3,4.0,0.006514657980456026,0.0,0.970548275862069,0.7340936781609195,0.969635632183908,0,0.7001
14,0,30,0,3,4.0,0.004767580452920143,0.0,0.9679265536723164,0.677564406779661,0.9646892655367232,0,0.2441
22,1,30,0,3,4.0,0.0045045045045045045,0.0,0.9663485875706216,0.7424570621468926,0.9622666666666668,0,0.6685
6,1,30,0,0,4.0,0.0038095238095238095,0.0,0.9714869318181818,0.7811892045454545,0.9603221590909092,0,1.0
14,1,30,0,0,2.0,0.002484472049689441,0.0,0.9732103448275864,0.7720936781609196,0.9673367816091952,0,0.585
22,2,30,0,0,4.0,0.004524886877828055,0.0,0.9726114285714286,0.7704497142857143,0.9543937142857144,0,0.4435
6,1,30,0,0,2.0,0.002570694087403599,0.0,0.9579948863636364,0.6420017045454546,0.9496204545454544,0,0.8455
14,1,30,0,0,4.0,0.00546448087431694,0.0,0.9595845714285716,0.6536731428571428,0.9767611428571428,0,0.9269
22,2,30,0,0,4.0,0.006279434850863423,0.0,0.960858757062147,0.6334305084745763,0.9482943502824858,0,0.4662
6,1,30,0,0,1.0,0.0011337868480725624,0.0,0.9711568965517242,0.7715344827586208,0.9542132183908044,0,0.1923
14,1,30,0,0,2.0,0.0021929824561403508,0.0,0.9698011363636364,0.75509375,0.9680863636363636,0,0.6872
22,2,30,0,0,5.0,0.005599104143337066,0.0,0.9699949438202248,0.7404140449438202,0.9610904494382022,0,0.8333
6,1,30,0,1,6.0,0.006772009029345372,0.0,0.9694767045454546,0.7222562499999999,0.9522732954545454,0,0.5067
14,1,30,0,1,6.0,0.008264462809917356,0.0,0.970316384180791,0.7160909604519774,0.958379661016949,0,0.9768
22,2,30,0,1,3.0,0.004005340453938585,0.0,0.9707780898876404,0.6486887640449438,0.9695876404494382,0,0.5558
6,1,30,0,1,6.0,0.008522727272727272,0.10709635447710752,0.9605514124293784,0.6269536723163842,0.9538604519774012,1,0.7468
14,1,30,0,1,4.0,0.005194805194805195,0.10709635447710752,0.961474431818182,0.6564625000000001,0.9428977272727272,1,0.604
22,2,30,0,1,2.0,0.002564102564102564,0.0,0.9596569832402236,0.6435245810055866,0.9638513966480448,0,0.3004
6,1,30,0,1,1.0,0.0010362694300518134,0.0,0.965764,0.7633297142857142,0.9598091428571428,0,0.5
14,1,30,0,1,6.0,0.005714285714285714,0.0,0.961093220338983,0.7580553672316385,0.9796604519774011,0,1.0
22,2,30,0,1,1.0,0.0009871668311944718,0.0,0.95955530726257,0.7858726256983241,0.97316312849162,0,0.7063
6,1,30,0,2,2.0,0.0019047619047619048,0.10709635447710752,0.9684011363636364,0.7713215909090909,0.9683693181818182,1,0.576
14,1,30,0,2,6.0,0.006644518272425249,0.10709635447710752,0.9675180790960451,0.7758463276836158,0.9586621468926554,1,0.7792
22,2,30,0,2,6.0,0.00646551724137931,0.10709635447710752,0.9660954545454546,0.7738732954545454,0.9695846590909092,2,0.436
6,1,30,0,2,5.0,0.006944444444444444,0.014583333395421505,0.9734926553672316,0.6269056497175142,0.955367231638418,1,0.2258
14,1,30,0,2,5.0,0.006242197253433208,0.023993056267499924,0.9717162921348316,0.6548410112359551,0.9551494382022472,1,0.3271
22,2,30,0,2,5.0,0.007598784194528876,0.0,0.9691514450867053,0.6074329479768786,0.9537063583815028,0,0.2522
6,1,30,0,2,6.0,0.006060606060606061,0.0725347250699997,0.9558448863636364,0.7807528409090909,0.977555681818182,1,0.34
14,1,30,0,2,3.0,0.0036809815950920245,0.058472223579883575,0.959408,0.7887599999999999,0.9514285714285714,1,0.4089
22,2,30,0,2,5.0,0.0056947608200455585,0.0,0.9592327485380115,0.7542111111111112,0.97113216374269,0,1.0
6,1,30,0,3,6.0,0.008595988538681949,0.0,0.97625197740113,0.6071683615819209,0.9534841807909604,0,0.8122
14,1,30,0,3,4.0,0.0054869684499314125,0.0,0.9750948863636364,0.5983465909090909,0.9623090909090908,0,0.2243
22,2,30,0,3,4.0,0.005788712011577424,0.0,0.9761469273743016,0.5908648044692737,0.9510592178770948,0,0.8669
6,1,30,0,3,5.0,0.005973715651135006,0.04763888940215111,0.9577932203389832,0.7727412429378532,0.9548954802259888,1,0.4632
14,1,30,0,3,3.0,0.004005340453938585,0.09802083671092987,0.9601118644067796,0.7691152542372881,0.9529186440677966,1,0.902
22,2,30,0,3,2.0,0.0020855057351407717,0.0,0.9582296511627908,0.8025308139534885,0.9455558139534884,0,0.5724
6,1,30,0,3,3.0,0.0032537960954446853,0.0,0.970548275862069,0.7340936781609195,0.969635632183908,0,0.3851
14,1,30,0,3,5.0,0.005208333333333333,0.0,0.9679265536723164,0.677564406779661,0.9646892655367232,0,0.613
22,2,30,0,3,1.0,0.0012300123001230013,0.056458331644535065,0.9663485875706216,0.7424570621468926,0.9622666666666668,1,0.9435
6,2,30,0,0,5.0,0.004761904761904762,0.0,0.9714869318181818,0.7811892045454545,0.9603221590909092,0,0.3624
14,2,30,0,0,4.0,0.005076142131979695,0.0,0.9732103448275864,0.7720936781609196,0.9673367816091952,0,0.8
22,3,30,0,0,5.0,0.0050916496945010185,0.03444444388151169,0.9726114285714286,0.7704497142857143,0.9543937142857144,1,0.9656
6,2,30,0,0,5.0,0.007633587786259542,0.0,0.9579948863636364,0.6420017045454546,0.9496204545454544,0,0.5301
14,2,30,0,0,2.0,0.00245398773006135,0.0,0.9595845714285716,0.6536731428571428,0.9767611428571428,0,0.5258
22,3,30,0,0,6.0,0.008141112618724558,0.07777778059244156,0.960858757062147,0.6334305084745763,0.9482943502824858,1,0.3237
6,2,30,0,0,6.0,0.006329113924050633,0.0,0.9711568965517242,0.7715344827586208,0.9542132183908044,0,1.0
14,2,30,0,0,4.0,0.004429678848283499,0.0,0.9698011363636364,0.75509375,0.9680863636363636,0,1.0
22,3,30,0,0,0.0,0.0,0.0,0.9699949438202248,0.7404140449438202,0.9610904494382022,0,0.9411
6,2,30,0,1,4.0,0.00425531914893617,0.0,0.9694767045454546,0.7222562499999999,0.9522732954545454,0,0.4873
14,2,30,0,1,5.0,0.005274261603375527,0.0,0.970316384180791,0.7160909604519774,0.958379661016949,0,0.501
22,3,30,0,1,2.0,0.002484472049689441,0.10709635447710752,0.9707780898876404,0.6486887640449438,0.9695876404494382,2,0.4073
6,2,30,0,1,4.0,0.005555555555555556,0.0,0.9605514124293784,0.6269536723163842,0.9538604519774012,0,0.7568
14,2,30,0,1,3.0,0.004966887417218543,0.0,0.961474431818182,0.6564625000000001,0.9428977272727272,0,0.5593
22,3,30,0,1,3.0,0.00424929178470255,0.0,0.9596569832402236,0.6435245810055866,0.9638513966480448,0,0.5293
6,2,30,0,1,2.0,0.0019102196752626551,0.0,0.965764,0.7633297142857142,0.9598091428571428,0,0.802
14,2,30,0,1,2.0,0.0019342359767891683,0.0,0.961093220338983,0.7580553672316385,0.9796604519774011,0,1.0
22,3,30,0,1,8.0,0.008556149732620321,0.08076389133930206,0.95955530726257,0.7858726256983241,0.97316312849162,1,0.572
6,2,30,0,2,4.0,0.004158004158004158,0.10709635447710752,0.9684011363636364,0.7713215909090909,0.9683693181818182,2,0.7481
14,2,30,0,2,4.0,0.0038095238095238095,0.10709635447710752,0.9675180790960451,0.7758463276836158,0.9586621468926554,2,0.6405
22,3,30,0,2,2.0,0.00196078431372549,0.0,0.9660954545454546,0.7738732954545454,0.9695846590909092,0,0.9212
6,2,30,0,2,5.0,0.006963788300835654,0.0,0.9734926553672316,0.6269056497175142,0.955367231638418,0,0.8938
14,2,30,0,2,3.0,0.004231311706629055,0.0,0.9717162921348316,0.6548410112359551,0.9551494382022472,0,0.5012
22,3,30,0,2,2.0,0.0023391812865497076,0.0,0.9691514450867053,0.6074329479768786,0.9537063583815028,0,0.2565
6,2,30,0,2,2.0,0.002053388090349076,0.0,0.9558448863636364,0.7807528409090909,0.977555681818182,0,0.6667
14,2,30,0,2,5.0,0.004761904761904762,0.0,0.959408,0.7887599999999999,0.9514285714285714,0,0.8333
22,3,30,0,2,2.0,0.002320185614849188,0.10709635447710752,0.9592327485380115,0.7542111111111112,0.97113216374269,1,0.7393
6,2,30,0,3,2.0,0.002894356005788712,0.0,0.97625197740113,0.6071683615819209,0.9534841807909604,0,0.3978
14,2,30,0,3,2.0,0.0027662517289073307,0.0,0.9750948863636364,0.5983465909090909,0.9623090909090908,0,0.3078
22,3,30,0,3,4.0,0.005434782608695652,0.0,0.9761469273743016,0.5908648044692737,0.9510592178770948,0,0.587
6,2,30,0,3,4.0,0.003964321110009911,0.0,0.9577932203389832,0.7727412429378532,0.9548954802259888,0,0.6152
14,2,30,0,3,6.0,0.006179196704428424,0.0,0.9601118644067796,0.7691152542372881,0.9529186440677966,0,0.5125
22,3,30,0,3,4.0,0.003992015968063872,0.07975694537162781,0.9582296511627908,0.8025308139534885,0.9455558139534884,1,0.4007
6,2,30,0,3,3.0,0.0031645569620253164,0.07496527582406998,0.970548275862069,0.7340936781609195,0.969635632183908,1,0.925
14,2,30,0,3,4.0,0.004357298474945534,0.05961805582046509,0.9679265536723164,0.677564406779661,0.9646892655367232,1,0.6914
22,3,30,0,3,3.0,0.0038071065989847717,0.0,0.9663485875706216,0.7424570621468926,0.9622666666666668,0,0.9883
6,3,30,0,0,6.0,0.006342494714587738,0.03253472223877907,0.9714869318181818,0.7811892045454545,0.9603221590909092,1,0.9675
14,3,30,0,0,3.0,0.002857142857142857,0.05743055418133736,0.9732103448275864,0.7720936781609196,0.9673367816091952,1,0.5458
22,4,30,0,0,3.0,0.0033112582781456954,0.06812500208616257,0.9726114285714286,0.7704497142857143,0.9543937142857144,1,0.5591
6,3,30,0,0,6.0,0.007874015748031496,0.06836805492639542,0.9579948863636364,0.6420017045454546,0.9496204545454544,1,0.3934
14,3,30,0,0,4.0,0.005747126436781609,0.10333333164453506,0.9595845714285716,0.6536731428571428,0.9767611428571428,1,0.64
22,4,30,0,0,7.0,0.0106544901065449,0.0,0.960858757062147,0.6334305084745763,0.9482943502824858,0,0.4859
6,3,30,0,0,5.0,0.006443298969072165,0.0,0.9711568965517242,0.7715344827586208,0.9542132183908044,0,0.6588
14,3,30,0,0,3.0,0.003051881993896236,0.0,0.9698011363636364,0.75509375,0.9680863636363636,0,0.1726
22,4,30,0,0,4.0,0.004449388209121246,0.10709635447710752,0.9699949438202248,0.7404140449438202,0.9610904494382022,1,0.358
6,3,30,0,1,6.0,0.008771929824561403,0.10709635447710752,0.9694767045454546,0.7222562499999999,0.9522732954545454,2,0.2299
14,3,30,0,1,4.0,0.004246284501061571,0.10709635447710752,0.970316384180791,0.7160909604519774,0.958379661016949,2,0.723
22,4,30,0,1,8.0,0.007640878701050621,0.0,0.9707780898876404,0.6486887640449438,0.9695876404494382,0,1.0
6,3,30,0,1,5.0,0.008,0.0,0.9605514124293784,0.6269536723163842,0.9538604519774012,0,0.3529
14,3,30,0,1,6.0,0.008130081300813009,0.0,0.961474431818182,0.6564625000000001,0.9428977272727272,0,0.5327
22,4,30,0,1,5.0,0.007541478129713424,0.06975694745779037,0.9596569832402236,0.6435245810055866,0.9638513966480448,1,0.4905
6,3,30,0,1,6.0,0.005714285714285714,0.07124999910593033,0.965764,0.7633297142857142,0.9598091428571428,1,0.9287
14,3,30,0,1,3.0,0.003432494279176201,0.056388888508081436,0.961093220338983,0.7580553672316385,0.9796604519774011,1,0.5742
22,4,30,0,1,3.0,0.002857142857142857,0.0,0.95955530726257,0.7858726256983241,0.97316312849162,0,0.646
6,3,30,0,2,6.0,0.006237006237006237,0.0,0.9684011363636364,0.7713215909090909,0.9683693181818182,0,0.7068
14,3,30,0,2,3.0,0.0031413612565445027,0.0,0.9675180790960451,0.7758463276836158,0.9586621468926554,0,1.0
22,4,30,0,2,5.0,0.0056433408577878106,0.0,0.9660954545454546,0.7738732954545454,0.9695846590909092,0,0.7648
6,3,30,0,2,4.0,0.005398110661268556,0.0,0.9734926553672316,0.6269056497175142,0.955367231638418,0,0.9244
14,3,30,0,2,4.0,0.005681818181818182,0.0,0.9717162921348316,0.6548410112359551,0.9551494382022472,0,0.662
22,4,30,0,2,5.0,0.006038647342995169,0.0,0.9691514450867053,0.6074329479768786,0.9537063583815028,0,0.9189
6,3,30,0,2,2.0,0.0019047619047619048,0.10709635447710752,0.9558448863636364,0.7807528409090909,0.977555681818182,1,0.8434
14,3,30,0,2,4.0,0.005069708491761723,0.10709635447710752,0.959408,0.7887599999999999,0.9514285714285714,1,0.6506
22,4,30,0,2,6.0,0.005714285714285714,0.040312498807907104,0.9592327485380115,0.7542111111111112,0.97113216374269,1,0.3267
6,3,30,0,3,4.0,0.006472491909385114,0.0,0.97625197740113,0.6071683615819209,0.9534841807909604,0,0.5251
14,3,30,0,3,5.0,0.007668711656441718,0.0,0.9750948863636364,0.5983465909090909,0.9623090909090908,0,0.6631
22,4,30,0,3,3.0,0.005714285714285714,0.0,0.9761469273743016,0.5908648044692737,0.9510592178770948,0,0.5159
6,3,30,0,3,6.0,0.006535947712418301,0.10709635447710752,0.9577932203389832,0.7727412429378532,0.9548954802259888,1,0.423
14,3,30,0,3,4.0,0.003898635477582846,0.084965281188488,0.9601118644067796,0.7691152542372881,0.9529186440677966,1,0.915
22,4,30,0,3,5.0,0.005753739930955121,0.06555555760860443,0.9582296511627908,0.8025308139534885,0.9455558139534884,1,0.7357
6,3,30,0,3,2.0,0.002290950744558992,0.0,0.970548275862069,0.7340936781609195,0.969635632183908,0,1.0
14,3,30,0,3,6.0,0.0070838252656434475,0.0,0.9679265536723164,0.677564406779661,0.9646892655367232,0,0.8005
22,4,30,0,3,2.0,0.0021598272138228943,0.03135416656732559,0.9663485875706216,0.7424570621468926,0.9622666666666668,1,0.6458
6,4,30,0,0,3.0,0.003188097768331562,0.052222222089767456,0.9714869318181818,0.7811892045454545,0.9603221590909092,1,0.9478
14,4,30,0,0,5.0,0.005128205128205128,0.03291666507720947,0.9732103448275864,0.7720936781609196,0.9673367816091952,1,0.2743
22,5,30,1,0,2.0,0.002162162162162162,0.0,0.9726114285714286,0.7704497142857143,0.9543937142857144,0,1.0
6,4,30,0,0,2.0,0.002898550724637681,0.0,0.9579948863636364,0.6420017045454546,0.9496204545454544,0,0.4614
14,4,30,0,0,5.0,0.006385696040868455,0.0,0.9595845714285716,0.6536731428571428,0.9767611428571428,0,0.5693
22,5,30,1,0,2.0,0.0029455081001472753,0.0,0.960858757062147,0.6334305084745763,0.9482943502824858,0,0.2791
6,4,30,0,0,5.0,0.005112474437627812,0.10709635447710752,0.9711568965517242,0.7715344827586208,0.9542132183908044,1,0.6404
14,4,30,0,0,4.0,0.0041841004184100415,0.10709635447710752,0.9698011363636364,0.75509375,0.9680863636363636,1,0.5697
22,5,30,1,0,5.0,0.005714285714285714,0.0,0.9699949438202248,0.7404140449438202,0.9610904494382022,0,0.9747
6,4,30,0,1,2.0,0.0025477707006369425,0.0,0.9694767045454546,0.7222562499999999,0.9522732954545454,0,0.3492
14,4,30,0,1,6.0,0.007585335018963337,0.0,0.970316384180791,0.7160909604519774,0.958379661016949,0,0.6073
22,5,30,1,1,3.0,0.002859866539561487,0.0,0.9707780898876404,0.6486887640449438,0.9695876404494382,0,1.0
6,4,30,0,1,6.0,0.0075282308657465494,0.034340277314186096,0.9605514124293784,0.6269536723163842,0.9538604519774012,1,0.2244
14,4,30,0,1,2.0,0.002911208151382824,0.05100694298744202,0.961474431818182,0.6564625000000001,0.9428977272727272,1,0.4129
22,5,30,1,1,4.0,0.004842615012106538,0.10659722238779068,0.9596569832402236,0.6435245810055866,0.9638513966480448,1,0.4373
6,4,30,0,1,6.0,0.006179196704428424,0.0,0.965764,0.7633297142857142,0.9598091428571428,0,1.0
14,4,30,0,1,6.0,0.005888125613346418,0.0,0.961093220338983,0.7580553672316385,0.9796604519774011,0,0.5403
22,5,30,1,1,3.0,0.003260869565217391,0.0,0.95955530726257,0.7858726256983241,0.97316312849162,0,0.981
6,4,30,0,2,5.0,0.004761904761904762,0.0,0.9684011363636364,0.7713215909090909,0.9683693181818182,0,1.0
14,4,30,0,2,2.0,0.002296211251435132,0.0,0.9675180790960451,0.7758463276836158,0.9586621468926554,0,0.5208
22,5,30,1,2,3.0,0.0035545023696682463,0.0,0.9660954545454546,0.7738732954545454,0.9695846590909092,0,0.6043
6,4,30,0,2,1.0,0.0013908205841446453,0.0,0.9734926553672316,0.6269056497175142,0.955367231638418,0,0.1671
14,4,30,0,2,6.0,0.006674082313681869,0.0,0.9717162921348316,0.6548410112359551,0.9551494382022472,0,0.5229
22,5,30,1,2,2.0,0.0028011204481792717,0.10709635447710752,0.9691514450867053,0.6074329479768786,0.9537063583815028,1,0.7135
6,4,30,0,2,3.0,0.002857142857142857,0.03500000014901161,0.9558448863636364,0.7807528409090909,0.977555681818182,1,0.3358
14,4,30,0,2,3.0,0.002857142857142857,0.045625001192092896,0.959408,0.7887599999999999,0.9514285714285714,1,0.9544
22,5,30,1,2,7.0,0.006666666666666667,0.0,0.9592327485380115,0.7542111111111112,0.97113216374269,0,0.6501
6,4,30,0,3,4.0,0.006791171477079796,0.0,0.97625197740113,0.6071683615819209,0.9534841807909604,0,0.2211
14,4,30,0,3,4.0,0.00583941605839416,0.0,0.9750948863636364,0.5983465909090909,0.9623090909090908,0,0.3712
22,5,30,1,3,6.0,0.011235955056179775,0.0,0.9761469273743016,0.5908648044692737,0.9510592178770948,0,0.27
6,4,30,0,3,4.0,0.0045871559633027525,0.06486111134290695,0.9577932203389832,0.7727412429378532,0.9548954802259888,1,0.9351
14,4,30,0,3,2.0,0.0030721966205837174,0.042916666716337204,0.9601118644067796,0.7691152542372881,0.9529186440677966,1,0.2686
22,5,30,1,3,3.0,0.0031185031185031187,0.0,0.9582296511627908,0.8025308139534885,0.9455558139534884,0,0.4586
6,4,30,0,3,6.0,0.006355932203389831,0.06649305671453476,0.970548275862069,0.7340936781609195,0.969635632183908,1,0.9335
14,4,30,0,3,2.0,0.002190580503833516,0.03913194313645363,0.9679265536723164,0.677564406779661,0.9646892655367232,1,0.9609
22,5,30,1,3,4.0,0.005326231691078562,0.0,0.9663485875706216,0.7424570621468926,0.9622666666666668,0,0.363
14,5,30,1,0,5.0,0.004761904761904762,0.0,0.9732103448275864,0.7720936781609196,0.9673367816091952,0,0.6938
22,6,30,1,0,5.0,0.0054585152838427945,0.0,0.9726114285714286,0.7704497142857143,0.9543937142857144,0,1.0
6,5,30,1,0,5.0,0.006535947712418301,0.0,0.9579948863636364,0.6420017045454546,0.9496204545454544,0,0.5772
14,5,30,1,0,6.0,0.007481296758104738,0.0,0.9595845714285716,0.6536731428571428,0.9767611428571428,0,0.6722
22,6,30,1,0,4.0,0.004796163069544364,0.10709635447710752,0.960858757062147,0.6334305084745763,0.9482943502824858,1,0.7948
6,5,30,1,0,3.0,0.0032537960954446853,0.0,0.9711568965517242,0.7715344827586208,0.9542132183908044,0,0.6294
14,5,30,1,0,6.0,0.007001166861143524,0.0,0.9698011363636364,0.75509375,0.9680863636363636,0,0.2532
22,6,30,1,0,5.0,0.0062266500622665,0.0,0.9699949438202248,0.7404140449438202,0.9610904494382022,0,1.0
6,5,30,1,1,6.0,0.0068415051311288486,0.0,0.9694767045454546,0.7222562499999999,0.9522732954545454,0,0.2664
14,5,30,1,1,1.0,0.0011299435028248588,0.0,0.970316384180791,0.7160909604519774,0.958379661016949,0,0.3268
22,6,30,1,1,4.0,0.004889975550122249,0.0,0.9707780898876404,0.6486887640449438,0.9695876404494382,0,0.261
14,5,30,1,1,6.0,0.00894187779433681,0.07215277850627899,0.961474431818182,0.6564625000000001,0.9428977272727272,1,0.7919
22,6,30,1,1,5.0,0.006075334143377886,0.0,0.9596569832402236,0.6435245810055866,0.9638513966480448,0,0.9364
6,5,30,1,1,5.0,0.004761904761904762,0.0,0.965764,0.7633297142857142,0.9598091428571428,0,0.6767
14,5,30,1,1,5.0,0.004761904761904762,0.0,0.961093220338983,0.7580553672316385,0.9796604519774011,0,0.3963
22,6,30,1,1,4.0,0.0038095238095238095,0.0,0.95955530726257,0.7858726256983241,0.97316312849162,0,0.4692
6,5,30,1,2,5.0,0.005279831045406547,0.0,0.9684011363636364,0.7713215909090909,0.9683693181818182,0,1.0
14,5,30,1,2,2.0,0.002176278563656148,0.0,0.9675180790960451,0.7758463276836158,0.9586621468926554,0,1.0
22,6,30,1,2,5.0,0.0056625141562853904,0.06826388835906982,0.9660954545454546,0.7738732954545454,0.9695846590909092,1,0.9317
6,5,30,1,2,3.0,0.004322766570605188,0.09958333522081375,0.9734926553672316,0.6269056497175142,0.955367231638418,1,0.3588
14,5,30,1,2,3.0,0.003942181340341655,0.10709635447710752,0.9717162921348316,0.6548410112359551,0.9551494382022472,1,0.5105
6,5,30,1,2,3.0,0.0030706243602865915,0.0,0.9558448863636364,0.7807528409090909,0.977555681818182,0,0.9855
22,6,30,1,2,3.0,0.002857142857142857,0.10709635447710752,0.9592327485380115,0.7542111111111112,0.97113216374269,1,0.8031
6,5,30,1,3,5.0,0.006896551724137931,0.0,0.97625197740113,0.6071683615819209,0.9534841807909604,0,0.6887
14,5,30,1,3,2.0,0.002512562814070352,0.0,0.9750948863636364,0.5983465909090909,0.9623090909090908,0,0.846
22,6,30,1,3,2.0,0.0025348542458808617,0.0,0.9761469273743016,0.5908648044692737,0.9510592178770948,0,0.9983
6,5,30,1,3,5.0,0.005055611729019211,0.0,0.9577932203389832,0.7727412429378532,0.9548954802259888,0,0.8333
14,5,30,1,3,5.0,0.006535947712418301,0.0,0.9601118644067796,0.7691152542372881,0.9529186440677966,0,0.4895
22,6,30,1,3,6.0,0.007272727272727273,0.0,0.9582296511627908,0.8025308139534885,0.9455558139534884,0,0.8571
6,5,30,1,3,5.0,0.006218905472636816,0.0,0.970548275862069,0.7340936781609195,0.969635632183908,0,0.4188
14,5,30,1,3,3.0,0.004373177842565598,0.0,0.9679265536723164,0.677564406779661,0.9646892655367232,0,0.6143
22,6,30,1,3,3.0,0.0035502958579881655,0.0,0.9663485875706216,0.7424570621468926,0.9622666666666668,0,0.7115
6,6,30,1,0,5.0,0.0050968399592252805,0.0,0.9714869318181818,0.7811892045454545,0.9603221590909092,0,0.8785
14,6,30,1,0,2.0,0.002699055330634278,0.0,0.9732103448275864,0.7720936781609196,0.9673367816091952,0,0.3705
22,0,31,0,0,4.0,0.004246284501061571,0.10211805254220963,0.9726114285714286,0.7704497142857143,0.9543937142857144,1,0.3438
6,6,30,1,0,4.0,0.005555555555555556,0.10709635447710752,0.9579948863636364,0.6420017045454546,0.9496204545454544,1,0.7495
14,6,30,1,0,5.0,0.006693440428380187,0.10709635447710752,0.9595845714285716,0.6536731428571428,0.9767611428571428,1,0.7895
6,6,30,1,0,5.0,0.006435006435006435,0.0,0.9711568965517242,0.7715344827586208,0.9542132183908044,0,0.7538
14,6,30,1,0,2.0,0.0021141649048625794,0.0,0.9698011363636364,0.75509375,0.9680863636363636,0,1.0
22,0,31,0,0,3.0,0.0037267080745341614,0.022118056192994118,0.9699949438202248,0.7404140449438202,0.9610904494382022,1,0.9779
6,6,30,1,1,3.0,0.0033076074972436605,0.0,0.9694767045454546,0.7222562499999999,0.9522732954545454,0,0.5027
14,6,30,1,1,2.0,0.0021413276231263384,0.0,0.970316384180791,0.7160909604519774,0.958379661016949,0,0.8286
22,0,31,0,1,6.0,0.00872093023255814,0.0,0.9707780898876404,0.6486887640449438,0.9695876404494382,0,0.8731
6,6,30,1,1,3.0,0.004070556309362279,0.0,0.9605514124293784,0.6269536723163842,0.9538604519774012,0,0.3703
22,0,31,0,1,4.0,0.006329113924050633,0.0,0.9596569832402236,0.6435245810055866,0.9638513966480448,0,0.393
6,6,30,1,1,4.0,0.0038095238095238095,0.0,0.965764,0.7633297142857142,0.9598091428571428,0,0.4929
14,6,30,1,1,3.0,0.002857142857142857,0.0,0.961093220338983,0.7580553672316385,0.9796604519774011,0,1.0
22,0,31,0,1,5.0,0.004761904761904762,0.10709635447710752,0.95955530726257,0.7858726256983241,0.97316312849162,1,0.4175
6,6,30,1,2,4.0,0.0038095238095238095,0.058298610150814056,0.9684011363636364,0.7713215909090909,0.9683693181818182,1,0.9417
14,6,30,1,2,5.0,0.004835589941972921,0.10709635447710752,0.9675180790960451,0.7758463276836158,0.9586621468926554,1,0.8884
22,0,31,0,2,7.0,0.006666666666666667,0.0,0.9660954545454546,0.7738732954545454,0.9695846590909092,0,1.0
6,6,30,1,2,5.0,0.005592841163310962,0.0,0.9734926553672316,0.6269056497175142,0.955367231638418,0,0.2137
14,6,30,1,2,3.0,0.0039011703511053317,0.0,0.9717162921348316,0.6548410112359551,0.9551494382022472,0,0.949
22,0,31,0,2,4.0,0.0047169811320754715,0.0,0.9691514450867053,0.6074329479768786,0.9537063583815028,0,0.5821
6,6,30,1,2,4.0,0.004357298474945534,0.09875000268220901,0.9558448863636364,0.7807528409090909,0.977555681818182,1,0.6983
14,6,30,1,2,2.0,0.0019047619047619048,0.10709635447710752,0.959408,0.7887599999999999,0.9514285714285714,1,0.556
22,0,31,0,2,6.0,0.006134969325153374,0.0,0.9592327485380115,0.7542111111111112,0.97113216374269,0,0.8632
6,6,30,1,3,6.0,0.008053691275167786,0.0,0.97625197740113,0.6071683615819209,0.9534841807909604,0,0.9287
14,6,30,1,3,3.0,0.004243281471004243,0.0,0.9750948863636364,0.5983465909090909,0.9623090909090908,0,0.5349
6,6,30,1,3,6.0,0.0065005417118093175,0.0,0.9577932203389832,0.7727412429378532,0.9548954802259888,0,0.8435
14,6,30,1,3,4.0,0.003861003861003861,0.0,0.9601118644067796,0.7691152542372881,0.9529186440677966,0,0.3338
22,0,31,0,3,5.0,0.004761904761904762,0.031145833432674408,0.9582296511627908,0.8025308139534885,0.9455558139534884,1,0.8626
6,6,30,1,3,3.0,0.0036275695284159614,0.0,0.970548275862069,0.7340936781609195,0.969635632183908,0,0.9749
14,6,30,1,3,4.0,0.0042417815482502655,0.0,0.9679265536723164,0.677564406779661,0.9646892655367232,0,0.4175
6,0,31,0,0,6.0,0.006289308176100629,0.04635416716337204,0.9714869318181818,0.7811892045454545,0.9603221590909092,1,0.4124
14,0,31,0,0,4.0,0.00437636761487965,0.06413194537162781,0.9732103448275864,0.7720936781609196,0.9673367816091952,1,0.5383
22,1,31,0,0,2.0,0.0019230769230769232,0.0,0.9726114285714286,0.7704497142857143,0.9543937142857144,0,0.6941
6,0,31,0,0,4.0,0.0045662100456621,0.0,0.9579948863636364,0.6420017045454546,0.9496204545454544,0,1.0
14,0,31,0,0,3.0,0.00430416068866571,0.0,0.9595845714285716,0.6536731428571428,0.9767611428571428,0,0.7706
22,1,31,0,0,3.0,0.004201680672268907,0.07874999940395355,0.960858757062147,0.6334305084745763,0.9482943502824858,1,0.4118
6,0,31,0,0,2.0,0.002277904328018223,0.027743056416511536,0.9711568965517242,0.7715344827586208,0.9542132183908044,1,0.2813
14,0,31,0,0,5.0,0.004940711462450593,0.025902777910232544,0.9698011363636364,0.75509375,0.9680863636363636,1,0.7608
22,1,31,0,0,6.0,0.006369426751592357,0.0,0.9699949438202248,0.7404140449438202,0.9610904494382022,0,1.0
6,0,31,0,1,4.0,0.003861003861003861,0.0,0.9694767045454546,0.7222562499999999,0.9522732954545454,0,0.7917
14,0,31,0,1,5.0,0.004807692307692308,0.0,0.970316384180791,0.7160909604519774,0.958379661016949,0,1.0
22,1,31,0,1,4.0,0.004784688995215311,0.025451388210058212,0.9707780898876404,0.6486887640449438,0.9695876404494382,1,0.7089
6,0,31,0,1,6.0,0.007547169811320755,0.0,0.9605514124293784,0.6269536723163842,0.9538604519774012,0,0.5877
14,0,31,0,1,2.0,0.0032258064516129032,0.0,0.961474431818182,0.6564625000000001,0.9428977272727272,0,0.3552
22,1,31,0,1,3.0,0.004048582995951417,0.0,0.9596569832402236,0.6435245810055866,0.9638513966480448,0,0.7472
6,0,31,0,1,2.0,0.0020554984583761563,0.0894097238779068,0.965764,0.7633297142857142,0.9598091428571428,1,0.771
14,0,31,0,1,2.0,0.0019249278152069298,0.10709635447710752,0.961093220338983,0.7580553672316385,0.9796604519774011,1,0.5551
22,1,31,0,1,1.0,0.0009852216748768472,0.0,0.95955530726257,0.7858726256983241,0.97316312849162,0,1.0
6,0,31,0,2,3.0,0.003045685279187817,0.0,0.9684011363636364,0.7713215909090909,0.9683693181818182,0,1.0
14,0,31,0,2,2.0,0.001996007984031936,0.0,0.9675180790960451,0.7758463276836158,0.9586621468926554,0,0.9446
22,1,31,0,2,3.0,0.0029791459781529296,0.0,0.9660954545454546,0.7738732954545454,0.9695846590909092,0,1.0
6,0,31,0,2,3.0,0.004316546762589928,0.0,0.9734926553672316,0.6269056497175142,0.955367231638418,0,0.6443
14,0,31,0,2,5.0,0.006016847172081829,0.0,0.9717162921348316,0.6548410112359551,0.9551494382022472,0,1.0
22,1,31,0,2,3.0,0.004054054054054054,0.036944445222616196,0.9691514450867053,0.6074329479768786,0.9537063583815028,1,0.6624
6,0,31,0,2,2.0,0.002380952380952381,0.0,0.9558448863636364,0.7807528409090909,0.977555681818182,0,0.8193
14,0,31,0,2,6.0,0.006269592476489028,0.0,0.959408,0.7887599999999999,0.9514285714285714,0,0.7962
22,1,31,0,2,5.0,0.004985044865403789,0.0,0.9592327485380115,0.7542111111111112,0.97113216374269,0,0.9724
6,0,31,0,3,2.0,0.0030864197530864196,0.0,0.97625197740113,0.6071683615819209,0.9534841807909604,0,0.1895
14,0,31,0,3,4.0,0.006600660066006601,0.0,0.9750948863636364,0.5983465909090909,0.9623090909090908,0,0.6496
22,1,31,0,3,7.0,0.011111111111111112,0.0,0.9761469273743016,0.5908648044692737,0.9510592178770948,0,0.695
6,0,31,0,3,4.0,0.004509582863585118,0.051249999552965164,0.9577932203389832,0.7727412429378532,0.9548954802259888,1,0.4268
14,0,31,0,3,2.0,0.0021208907741251328,0.035729166120290756,0.9601118644067796,0.7691152542372881,0.9529186440677966,1,0.9643
22,1,31,0,3,4.0,0.0038535645472061657,0.0,0.9582296511627908,0.8025308139534885,0.9455558139534884,0,0.6312
6,0,31,0,3,6.0,0.007509386733416771,0.025069445371627808,0.970548275862069,0.7340936781609195,0.969635632183908,1,0.9749
14,0,31,0,3,5.0,0.0054585152838427945,0.053506944328546524,0.9679265536723164,0.677564406779661,0.9646892655367232,1,0.541
22,1,31,0,3,2.0,0.0022988505747126436,0.0,0.9663485875706216,0.7424570621468926,0.9622666666666668,0,0.6616
6,1,31,0,0,4.0,0.004395604395604396,0.0,0.9714869318181818,0.7811892045454545,0.9603221590909092,0,0.6417
14,1,31,0,0,5.0,0.005567928730512249,0.0,0.9732103448275864,0.7720936781609196,0.9673367816091952,0,0.7111
22,2,31,0,0,7.0,0.006809338521400778,0.0,0.9726114285714286,0.7704497142857143,0.9543937142857144,0,1.0
6,1,31,0,0,3.0,0.004189944134078212,0.1054166629910469,0.9579948863636364,0.6420017045454546,0.9496204545454544,1,0.6083
14,1,31,0,0,5.0,0.006570302233902759,0.043958332389593124,0.9595845714285716,0.6536731428571428,0.9767611428571428,1,0.956
22,2,31,0,0,5.0,0.007886435331230283,0.0,0.960858757062147,0.6334305084745763,0.9482943502824858,0,0.8286
6,1,31,0,0,2.0,0.0022753128555176336,0.0,0.9711568965517242,0.7715344827586208,0.9542132183908044,0,0.94
14,1,31,0,0,2.0,0.002336448598130841,0.0,0.9698011363636364,0.75509375,0.9680863636363636,0,0.8328
22,2,31,0,0,5.0,0.004761904761904762,0.0,0.9699949438202248,0.7404140449438202,0.9610904494382022,0,0.9902
6,1,31,0,1,5.0,0.005065856129685917,0.013958333060145378,0.9694767045454546,0.7222562499999999,0.9522732954545454,1,0.7186
14,1,31,0,1,6.0,0.008021390374331552,0.012743055820465088,0.970316384180791,0.7160909604519774,0.958379661016949,1,0.9873
22,2,31,0,1,6.0,0.007802340702210663,0.0,0.9707780898876404,0.6486887640449438,0.9695876404494382,0,0.875
6,1,31,0,1,5.0,0.006954102920723227,0.0,0.9605514124293784,0.6269536723163842,0.9538604519774012,0,0.738
14,1,31,0,1,2.0,0.002861230329041488,0.0,0.961474431818182,0.6564625000000001,0.9428977272727272,0,0.6696
22,2,31,0,1,8.0,0.009489916963226572,0.0,0.9596569832402236,0.6435245810055866,0.9638513966480448,0,0.7748
6,1,31,0,1,2.0,0.0024067388688327317,0.0,0.965764,0.7633297142857142,0.9598091428571428,0,0.5133
14,1,31,0,1,5.0,0.004935834155972359,0.0,0.961093220338983,0.7580553672316385,0.9796604519774011,0,1.0
22,2,31,0,1,2.0,0.0019047619047619048,0.0,0.95955530726257,0.7858726256983241,0.97316312849162,0,0.6667
6,1,31,0,2,3.0,0.0031413612565445027,0.0,0.9684011363636364,0.7713215909090909,0.9683693181818182,0,1.0
14,1,31,0,2,2.0,0.0021321961620469083,0.0,0.9675180790960451,0.7758463276836158,0.9586621468926554,0,0.5648
22,2,31,0,2,1.0,0.001088139281828074,0.0,0.9660954545454546,0.7738732954545454,0.9695846590909092,0,0.4365
6,1,31,0,2,6.0,0.008695652173913044,0.033819444477558136,0.9734926553672316,0.6269056497175142,0.955367231638418,1,0.6883
14,1,31,0,2,2.0,0.002857142857142857,0.03899305686354637,0.9717162921348316,0.6548410112359551,0.9551494382022472,1,0.9103
22,2,31,0,2,2.0,0.0028735632183908046,0.08454860746860504,0.9691514450867053,0.6074329479768786,0.9537063583815028,1,0.232
6,1,31,0,2,5.0,0.004761904761904762,0.0,0.9558448863636364,0.7807528409090909,0.977555681818182,0,0.7649
14,1,31,0,2,5.0,0.005005005005005005,0.0,0.959408,0.7887599999999999,0.9514285714285714,0,0.4379
22,2,31,0,2,2.0,0.0024183796856106408,0.0,0.9592327485380115,0.7542111111111112,0.97113216374269,0,0.28
6,1,31,0,3,4.0,0.0056179775280898875,0.0,0.97625197740113,0.6071683615819209,0.9534841807909604,0,0.9382
14,1,31,0,3,2.0,0.0029411764705882353,0.0,0.9750948863636364,0.5983465909090909,0.9623090909090908,0,0.5584
22,2,31,0,3,6.0,0.00949367088607595,0.0763888880610466,0.9761469273743016,0.5908648044692737,0.9510592178770948,1,0.8365
6,1,31,0,3,4.0,0.004259850905218318,0.0,0.9577932203389832,0.7727412429378532,0.9548954802259888,0,1.0
14,1,31,0,3,6.0,0.006211180124223602,0.0,0.9601118644067796,0.7691152542372881,0.9529186440677966,0,0.6574
22,2,31,0,3,4.0,0.0038910505836575876,0.0,0.9582296511627908,0.8025308139534885,0.9455558139534884,0,1.0
6,1,31,0,3,6.0,0.006369426751592357,0.0,0.970548275862069,0.7340936781609195,0.969635632183908,0,0.613
14,1,31,0,3,4.0,0.004333694474539545,0.0,0.9679265536723164,0.677564406779661,0.9646892655367232,0,0.2666
22,2,31,0,3,3.0,0.0033632286995515697,0.04027777910232544,0.9663485875706216,0.7424570621468926,0.9622666666666668,1,0.6776
6,2,31,0,0,2.0,0.0019646365422396855,0.0,0.9714869318181818,0.7811892045454545,0.9603221590909092,0,0.6667
14,2,31,0,0,3.0,0.002938295788442703,0.0,0.9732103448275864,0.7720936781609196,0.9673367816091952,0,0.362
22,3,31,0,0,4.0,0.004750593824228029,0.09211805462837219,0.9726114285714286,0.7704497142857143,0.9543937142857144,1,0.735
6,2,31,0,0,2.0,0.002574002574002574,0.0,0.9579948863636364,0.6420017045454546,0.9496204545454544,0,0.7524
14,2,31,0,0,4.0,0.005263157894736842,0.0,0.9595845714285716,0.6536731428571428,0.9767611428571428,0,0.585
22,3,31,0,0,6.0,0.008928571428571428,0.079097218811512,0.960858757062147,0.6334305084745763,0.9482943502824858,1,0.3905
6,2,31,0,0,6.0,0.005946481665014866,0.0,0.9711568965517242,0.7715344827586208,0.9542132183908044,0,0.4211
14,2,31,0,0,4.0,0.004618937644341801,0.0,0.9698011363636364,0.75509375,0.9680863636363636,0,1.0
22,3,31,0,0,5.0,0.005005005005005005,0.0,0.9699949438202248,0.7404140449438202,0.9610904494382022,0,1.0
6,2,31,0,1,4.0,0.004739336492890996,0.0,0.9694767045454546,0.7222562499999999,0.9522732954545454,0,0.6075
14,2,31,0,1,6.0,0.008321775312066574,0.0,0.970316384180791,0.7160909604519774,0.958379661016949,0,0.2493
22,3,31,0,1,5.0,0.005980861244019139,0.0,0.9707780898876404,0.6486887640449438,0.9695876404494382,0,0.3504
6,2,31,0,1,4.0,0.005449591280653951,0.0,0.9605514124293784,0.6269536723163842,0.9538604519774012,0,0.6201
14,2,31,0,1,3.0,0.004267425320056899,0.0,0.961474431818182,0.6564625000000001,0.9428977272727272,0,0.4806
22,3,31,0,1,2.0,0.0030441400304414,0.03656249865889549,0.9596569832402236,0.6435245810055866,0.9638513966480448,1,0.2619
6,2,31,0,1,4.0,0.004036326942482341,0.0,0.965764,0.7633297142857142,0.9598091428571428,0,0.3751
14,2,31,0,1,2.0,0.0019047619047619048,0.0,0.961093220338983,0.7580553672316385,0.9796604519774011,0,0.7656
22,3,31,0,1,5.0,0.005599104143337066,0.10709635447710752,0.95955530726257,0.7858726256983241,0.97316312849162,1,0.7328
6,2,31,0,2,4.0,0.003857280617164899,0.0,0.9684011363636364,0.7713215909090909,0.9683693181818182,0,0.9229
14,2,31,0,2,2.0,0.002004008016032064,0.0,0.9675180790960451,0.7758463276836158,0.9586621468926554,0,0.6445
22,3,31,0,2,7.0,0.007322175732217573,0.0,0.9660954545454546,0.7738732954545454,0.9695846590909092,0,0.9573
6,2,31,0,2,5.0,0.006402048655569782,0.10709635447710752,0.9734926553672316,0.6269056497175142,0.955367231638418,1,0.2671
14,2,31,0,2,4.0,0.004439511653718091,0.10709635447710752,0.9717162921348316,0.6548410112359551,0.9551494382022472,1,0.844
22,3,31,0,2,4.0,0.005657708628005658,0.0,0.9691514450867053,0.6074329479768786,0.9537063583815028,0,0.7603
6,2,31,0,2,4.0,0.0038095238095238095,0.0,0.9558448863636364,0.7807528409090909,0.977555681818182,0,0.7999
14,2,31,0,2,3.0,0.003232758620689655,0.0,0.959408,0.7887599999999999,0.9514285714285714,0,0.4597
22,3,31,0,2,3.0,0.002857142857142857,0.0,0.9592327485380115,0.7542111111111112,0.97113216374269,0,0.6559
6,2,31,0,3,5.0,0.007974481658692184,0.03958333283662796,0.97625197740113,0.6071683615819209,0.9534841807909604,1,0.5391
14,2,31,0,3,4.0,0.005025125628140704,0.08017361164093018,0.9750948863636364,0.5983465909090909,0.9623090909090908,1,0.513
22,3,31,0,3,4.0,0.005361930294906166,0.0,0.9761469273743016,0.5908648044692737,0.9510592178770948,0,0.9892
6,2,31,0,3,1.0,0.0010741138560687433,0.0,0.9577932203389832,0.7727412429378532,0.9548954802259888,0,0.4086
14,2,31,0,3,3.0,0.0028846153846153848,0.0,0.9601118644067796,0.7691152542372881,0.9529186440677966,0,0.9194
22,3,31,0,3,2.0,0.0021413276231263384,0.0,0.9582296511627908,0.8025308139534885,0.9455558139534884,0,0.6723
6,2,31,0,3,4.0,0.004597701149425287,0.08354166895151138,0.970548275862069,0.7340936781609195,0.969635632183908,1,0.4869
14,2,31,0,3,2.0,0.002347417840375587,0.06489583104848862,0.9679265536723164,0.677564406779661,0.9646892655367232,1,0.9351
22,3,31,0,3,4.0,0.004434589800443459,0.0,0.9663485875706216,0.7424570621468926,0.9622666666666668,0,0.8
6,3,31,0,0,6.0,0.006006006006006006,0.08104166388511658,0.9714869318181818,0.7811892045454545,0.9603221590909092,1,0.8505
14,3,31,0,0,3.0,0.002857142857142857,0.10222221910953522,0.9732103448275864,0.7720936781609196,0.9673367816091952,1,0.8978
22,4,31,0,0,5.0,0.004761904761904762,0.0,0.9726114285714286,0.7704497142857143,0.9543937142857144,0,0.8065
6,3,31,0,0,3.0,0.004878048780487805,0.04572916775941849,0.9579948863636364,0.6420017045454546,0.9496204545454544,1,0.4195
14,3,31,0,0,3.0,0.004267425320056899,0.05774305388331413,0.9595845714285716,0.6536731428571428,0.9767611428571428,1,0.6664
22,4,31,0,0,3.0,0.0036719706242350062,0.0,0.960858757062147,0.6334305084745763,0.9482943502824858,0,0.4389
6,3,31,0,0,4.0,0.0038095238095238095,0.0,0.9711568965517242,0.7715344827586208,0.9542132183908044,0,0.5516
14,3,31,0,0,3.0,0.0031512605042016808,0.0,0.9698011363636364,0.75509375,0.9680863636363636,0,0.7097
22,4,31,0,0,0.0,0.0,0.011944444850087166,0.9699949438202248,0.7404140449438202,0.9610904494382022,1,0.6951
6,3,31,0,1,5.0,0.005945303210463734,0.0,0.9694767045454546,0.7222562499999999,0.9522732954545454,0,0.6842
14,3,31,0,1,5.0,0.0060901339829476245,0.0,0.970316384180791,0.7160909604519774,0.958379661016949,0,0.2
22,4,31,0,1,2.0,0.002484472049689441,0.0,0.9707780898876404,0.6486887640449438,0.9695876404494382,0,0.4151
6,3,31,0,1,4.0,0.004866180048661801,0.03253472223877907,0.9605514124293784,0.6269536723163842,0.9538604519774012,1,0.5443
14,3,31,0,1,4.0,0.005494505494505495,0.03652777895331383,0.961474431818182,0.6564625000000001,0.9428977272727272,1,0.7141
22,4,31,0,1,4.0,0.004889975550122249,0.0,0.9596569832402236,0.6435245810055866,0.9638513966480448,0,1.0
6,3,31,0,1,2.0,0.002320185614849188,0.10709635447710752,0.965764,0.7633297142857142,0.9598091428571428,1,0.8108
14,3,31,0,1,6.0,0.0057692307692307696,0.10709635447710752,0.961093220338983,0.7580553672316385,0.9796604519774011,1,0.7795
22,4,31,0,1,2.0,0.0019047619047619048,0.10709635447710752,0.95955530726257,0.7858726256983241,0.97316312849162,1,0.4638
6,3,31,0,2,4.0,0.004550625711035267,0.0,0.9684011363636364,0.7713215909090909,0.9683693181818182,0,0.2649
14,3,31,0,2,5.0,0.004775549188156638,0.0,0.9675180790960451,0.7758463276836158,0.9586621468926554,0,0.7391
22,4,31,0,2,2.0,0.0019801980198019802,0.0,0.9660954545454546,0.7738732954545454,0.9695846590909092,0,0.3363
6,3,31,0,2,5.0,0.006165228113440197,0.0,0.9734926553672316,0.6269056497175142,0.955367231638418,0,0.486
14,3,31,0,2,5.0,0.006765899864682003,0.0,0.9717162921348316,0.6548410112359551,0.9551494382022472,0,1.0
22,4,31,0,2,2.0,0.002277904328018223,0.0,0.9691514450867053,0.6074329479768786,0.9537063583815028,0,0.6567
6,3,31,0,2,5.0,0.004761904761904762,0.0,0.9558448863636364,0.7807528409090909,0.977555681818182,0,0.2982
14,3,31,0,2,4.0,0.0038095238095238095,0.0,0.959408,0.7887599999999999,0.9514285714285714,0,0.6982
22,4,31,0,2,1.0,0.0009652509652509653,0.042500000447034836,0.9592327485380115,0.7542111111111112,0.97113216374269,1,0.1531
6,3,31,0,3,3.0,0.004149377593360996,0.0,0.97625197740113,0.6071683615819209,0.9534841807909604,0,0.6464
14,3,31,0,3,5.0,0.008169934640522876,0.0,0.9750948863636364,0.5983465909090909,0.9623090909090908,0,0.8211
22,4,31,0,3,4.0,0.00667779632721202,0.06875000149011612,0.9761469273743016,0.5908648044692737,0.9510592178770948,1,0.188
6,3,31,0,3,4.0,0.0038095238095238095,0.0,0.9577932203389832,0.7727412429378532,0.9548954802259888,0,1.0
14,3,31,0,3,5.0,0.005393743257820928,0.0,0.9601118644067796,0.7691152542372881,0.9529186440677966,0,0.7793
22,4,31,0,3,2.0,0.0020920502092050207,0.0,0.9582296511627908,0.8025308139534885,0.9455558139534884,0,0.8169
6,3,31,0,3,6.0,0.005714285714285714,0.0,0.970548275862069,0.7340936781609195,0.969635632183908,0,0.8455
14,3,31,0,3,2.0,0.0030534351145038168,0.0,0.9679265536723164,0.677564406779661,0.9646892655367232,0,0.6912
22,4,31,0,3,6.0,0.005714285714285714,0.0,0.9663485875706216,0.7424570621468926,0.9622666666666668,0,1.0
6,4,31,0,0,3.0,0.003236245954692557,0.0,0.9714869318181818,0.7811892045454545,0.9603221590909092,0,1.0
14,4,31,0,0,5.0,0.0053475935828877,0.0,0.9732103448275864,0.7720936781609196,0.9673367816091952,0,0.684
22,5,31,1,0,3.0,0.003303964757709251,0.0,0.9726114285714286,0.7704497142857143,0.9543937142857144,0,0.75
6,4,31,0,0,2.0,0.0024330900243309003,0.0,0.9579948863636364,0.6420017045454546,0.9496204545454544,0,0.1557
14,4,31,0,0,5.0,0.0074850299401197605,0.0,0.9595845714285716,0.6536731428571428,0.9767611428571428,0,0.8283
22,5,31,1,0,3.0,0.004622496147919877,0.0,0.960858757062147,0.6334305084745763,0.9482943502824858,0,0.8822
6,4,31,0,0,2.0,0.0020898641588296763,0.024687500670552254,0.9711568965517242,0.7715344827586208,0.9542132183908044,1,0.7144
14,4,31,0,0,2.0,0.0019047619047619048,0.0164930559694767,0.9698011363636364,0.75509375,0.9680863636363636,1,0.9835
22,5,31,1,0,3.0,0.002857142857142857,0.0,0.9699949438202248,0.7404140449438202,0.9610904494382022,0,1.0
6,4,31,0,1,2.0,0.002129925452609159,0.0,0.9694767045454546,0.7222562499999999,0.9522732954545454,0,0.6667
14,4,31,0,1,2.0,0.002600780234070221,0.0,0.970316384180791,0.7160909604519774,0.958379661016949,0,0.8795
22,5,31,1,1,4.0,0.004296455424274973,0.0,0.9707780898876404,0.6486887640449438,0.9695876404494382,0,0.4852
6,4,31,0,1,5.0,0.0070921985815602835,0.0,0.9605514124293784,0.6269536723163842,0.9538604519774012,0,0.2277
14,4,31,0,1,1.0,0.001201923076923077,0.0,0.961474431818182,0.6564625000000001,0.9428977272727272,0,0.5
22,5,31,1,1,3.0,0.00411522633744856,0.0,0.9596569832402236,0.6435245810055866,0.9638513966480448,0,0.3129
6,4,31,0,1,3.0,0.0028790786948176585,0.10709635447710752,0.965764,0.7633297142857142,0.9598091428571428,1,0.5152
14,4,31,0,1,6.0,0.006085192697768763,0.10709635447710752,0.961093220338983,0.7580553672316385,0.9796604519774011,1,0.7808
22,5,31,1,1,5.0,0.005122950819672131,0.0,0.95955530726257,0.7858726256983241,0.97316312849162,0,0.7578
6,4,31,0,2,5.0,0.005170630816959669,0.0,0.9684011363636364,0.7713215909090909,0.9683693181818182,0,0.4056
14,4,31,0,2,6.0,0.006382978723404255,0.0,0.9675180790960451,0.7758463276836158,0.9586621468926554,0,0.674
22,5,31,1,2,4.0,0.004319654427645789,0.0,0.9660954545454546,0.7738732954545454,0.9695846590909092,0,0.6222
6,4,31,0,2,3.0,0.0035629453681710215,0.0,0.9734926553672316,0.6269056497175142,0.955367231638418,0,0.2584
14,4,31,0,2,4.0,0.0053475935828877,0.0,0.9717162921348316,0.6548410112359551,0.9551494382022472,0,0.8
22,5,31,1,2,2.0,0.0027816411682892906,0.0,0.9691514450867053,0.6074329479768786,0.9537063583815028,0,0.4222
6,4,31,0,2,2.0,0.0019047619047619048,0.07534722238779068,0.9558448863636364,0.7807528409090909,0.977555681818182,1,0.3285
14,4,31,0,2,5.0,0.00511770726714432,0.049687501043081284,0.959408,0.7887599999999999,0.9514285714285714,1,0.9503
22,5,31,1,2,4.0,0.0038095238095238095,0.0,0.9592327485380115,0.7542111111111112,0.97113216374269,0,1.0
6,4,31,0,3,3.0,0.004838709677419355,0.09496527910232544,0.97625197740113,0.6071683615819209,0.9534841807909604,1,0.3993
14,4,31,0,3,2.0,0.002717391304347826,0.10003472119569778,0.9750948863636364,0.5983465909090909,0.9623090909090908,1,0.3772
22,5,31,1,3,3.0,0.004329004329004329,0.0,0.9761469273743016,0.5908648044692737,0.9510592178770948,0,0.2955
6,4,31,0,3,6.0,0.0069124423963133645,0.0,0.9577932203389832,0.7727412429378532,0.9548954802259888,0,0.9852
14,4,31,0,3,6.0,0.006134969325153374,0.0,0.9601118644067796,0.7691152542372881,0.9529186440677966,0,1.0
22,5,31,1,3,3.0,0.0034285714285714284,0.0,0.9582296511627908,0.8025308139534885,0.9455558139534884,0,0.3184
6,4,31,0,3,2.0,0.0022522522522522522,0.0,0.970548275862069,0.7340936781609195,0.969635632183908,0,0.4388
14,4,31,0,3,4.0,0.005089058524173028,0.0,0.9679265536723164,0.677564406779661,0.9646892655367232,0,0.3927
22,5,31,1,3,0.0,0.0,0.0,0.9663485875706216,0.7424570621468926,0.9622666666666668,0,0.9199
