total_output,avg_cycle_time_sec,throughput_units_per_hour,shift_total_pass,operating_seconds,oee,availability,performance,quality,total_produced,total_pass,total_reject,defect_rate,cum_running_hours,days_since_last_maintenance,corrective_wo_last_7d,preventive_wo_last_30d,hour_of_day,day_of_week,week_of_year,month,is_weekend,is_night_shift,machine_encoded,line_encoded,hours_to_next_failure_event
850,24.87,106.25,4,28800.0,0.6635,1.0,0.6635,1.0,4.0,4.0,0.0,0.0,92.19,,0,0,11,6,5,2,1,0,10,0,148.93
894,20.34,111.75,5,28800.0,0.6249,1.0,0.6249,1.0,5.0,5.0,0.0,0.0,92.19,,0,0,18,6,5,2,1,0,10,0,142.23
1038,29.71,129.75,3,28800.0,1.0,1.0,1.0,1.0,3.0,3.0,0.0,0.0,92.19,,0,0,13,0,6,2,0,0,10,0,123.11
1050,44.78,131.25,2,28800.0,1.0,1.0,1.0,1.0,2.0,2.0,0.0,0.0,92.19,,0,0,15,0,6,2,0,0,10,0,121.38
1050,11.79,131.25,4,28800.0,0.412,1.0,0.412,1.0,3.0,2.0,0.0,0.0,92.19,,0,0,5,1,6,2,0,1,10,0,106.88
868,17.89,108.5,2,28800.0,0.4325,1.0,0.4325,1.0,2.0,2.0,0.0,0.0,92.19,,0,0,6,1,6,2,0,0,10,0,106.48
920,15.6,115.0,5,28800.0,0.4424,1.0,0.4424,1.0,5.0,5.0,0.0,0.0,92.19,,0,0,15,1,6,2,0,0,10,0,97.1
1050,25.36,131.25,2,28800.0,0.4686,1.0,0.7029,1.0,3.0,2.0,0.0,0.0,92.19,,0,0,22,1,6,2,0,1,10,0,89.86
877,40.47,116.37,5,27131.0,0.942,0.942,1.0,1.0,5.0,5.0,0.0,0.0,92.19,,0,0,6,2,6,2,0,0,10,0,82.46
923,48.3,119.88,5,27717.0,0.9624,0.9624,1.0,1.0,5.0,5.0,0.0,0.0,92.19,,0,0,17,2,6,2,0,0,10,0,70.66
1050,45.53,136.88,4,27616.0,0.9589,0.9589,1.0,1.0,4.0,4.0,0.0,0.0,125.46,,1,0,4,3,6,2,0,1,10,0,60.43
843,19.33,105.38,6,28800.0,0.4326,1.0,0.4326,1.0,6.0,6.0,0.0,0.0,125.46,,1,0,8,3,6,2,0,0,10,0,56.08
1050,33.01,131.25,5,28800.0,0.8333,1.0,1.0,1.0,6.0,5.0,0.0,0.0,125.46,,1,0,17,3,6,2,0,0,10,0,46.7
975,27.03,121.88,4,28800.0,0.7208,1.0,0.7208,1.0,3.0,2.0,0.0,0.0,125.46,,1,0,3,4,6,2,0,1,10,0,36.6
1046,23.11,145.76,5,25834.0,0.6271,0.897,0.8389,1.0,6.0,5.0,0.0,0.0,157.15,0.15,1,1,12,4,6,2,0,0,10,0,28.2
983,17.16,133.56,4,26496.0,0.4772,0.92,0.5187,1.0,4.0,4.0,0.0,0.0,157.15,0.45,1,1,19,4,6,2,0,0,10,0,21.0
1029,9.63,136.5,2,27139.0,0.2068,0.9423,0.3291,1.0,4.0,3.0,0.0,0.0,157.15,0.82,1,1,4,5,6,2,1,1,10,0,11.9
1050,43.62,154.39,6,25715.625,0.8501,0.8929374999999999,1.0,1.0,6.0,6.0,0.0,0.0,157.15,1.16,1,1,12,5,6,2,1,0,10,0,3.75
1050,32.44,152.14,6,25715.625,0.8627,0.8929374999999999,1.0,1.0,6.0,6.0,0.0,0.0,225.82,1.45,2,1,19,5,6,2,1,0,10,0,68.24
992,22.76,141.56,3,25715.625,0.5229,0.8929374999999999,0.7959,1.0,6.0,6.0,0.0,0.0,225.82,1.84,2,1,5,6,6,2,1,1,10,0,58.85
1050,25.93,131.25,4,28800.0,0.9439,1.0,0.9439,1.0,4.0,4.0,0.0,0.0,225.82,2.06,2,1,10,6,6,2,1,0,10,0,53.7
986,12.57,123.25,3,28800.0,0.321,1.0,0.428,1.0,4.0,3.0,0.0,0.0,225.82,2.46,2,1,19,6,6,2,1,0,10,0,44.19
899,33.56,112.38,6,28800.0,0.9589,1.0,0.9589,1.0,6.0,6.0,0.0,0.0,225.82,2.59,2,1,23,6,6,2,1,1,10,0,40.85
986,15.57,123.25,2,28800.0,0.4129,1.0,0.4129,1.0,2.0,2.0,0.0,0.0,225.82,2.88,2,1,6,0,7,2,0,0,10,0,33.99
960,10.28,120.0,4,28800.0,0.334,1.0,0.334,1.0,4.0,4.0,0.0,0.0,225.82,3.35,2,1,17,0,7,2,0,0,10,0,22.67
1050,26.47,131.25,4,28800.0,0.7857,1.0,0.7857,1.0,4.0,4.0,0.0,0.0,225.82,3.65,2,1,0,1,7,2,0,1,10,0,15.5
1050,11.33,135.64,4,27867.0,0.3258,0.9676,0.4209,1.0,5.0,4.0,0.0,0.0,225.82,3.92,2,1,7,1,7,2,0,0,10,0,9.0
1050,18.95,136.99,3,27593.0,0.6012,0.9581,0.6275,1.0,3.0,3.0,0.0,0.0,371.7,4.44,3,1,19,1,7,2,0,0,10,0,268.56
1050,20.9,136.45,4,27703.0,0.572,0.9619,0.5947,1.0,4.0,4.0,0.0,0.0,371.7,4.77,3,1,3,2,7,2,0,1,10,0,260.63
1047,33.3,130.88,5,28800.0,1.0,1.0,1.0,1.0,5.0,5.0,0.0,0.0,371.7,5.1,3,1,11,2,7,2,0,0,10,0,252.66
1050,40.63,131.25,4,28800.0,1.0,1.0,1.0,1.0,4.0,4.0,0.0,0.0,371.7,5.51,2,1,21,2,7,2,0,0,10,0,242.86
1050,25.56,131.25,4,28800.0,0.7386,1.0,0.7386,1.0,3.0,3.0,0.0,0.0,371.7,5.69,2,1,1,3,7,2,0,1,10,0,238.58
1007,23.52,125.88,5,28800.0,0.6601,1.0,0.6601,1.0,5.0,5.0,0.0,0.0,371.7,6.09,2,1,11,3,7,2,0,0,10,0,229.03
1050,31.95,131.25,5,28800.0,0.8714,1.0,0.8714,1.0,5.0,5.0,0.0,0.0,371.7,6.28,2,1,15,3,7,2,0,0,10,0,224.53
1050,43.48,131.25,3,28800.0,1.0,1.0,1.0,1.0,5.0,5.0,0.0,0.0,371.7,6.66,2,1,0,4,7,2,0,1,10,0,215.26
998,15.67,124.75,6,28800.0,0.4065,1.0,0.4065,1.0,6.0,6.0,0.0,0.0,371.7,6.91,2,1,6,4,7,2,0,0,10,0,209.4
947,47.97,118.38,3,28800.0,0.75,1.0,1.0,1.0,4.0,3.0,0.0,0.0,371.7,7.27,2,1,15,4,7,2,0,0,10,0,200.66
1050,36.75,131.25,5,28800.0,1.0,1.0,1.0,1.0,4.0,4.0,0.0,0.0,371.7,7.86,2,1,5,5,7,2,1,1,10,0,186.5
945,38.4,118.12,3,28800.0,1.0,1.0,1.0,1.0,3.0,3.0,0.0,0.0,371.7,7.89,2,1,6,5,7,2,1,0,10,0,185.9
1050,14.1,131.25,5,28800.0,0.4094,1.0,0.4094,1.0,5.0,5.0,0.0,0.0,371.7,8.36,1,1,17,5,7,2,1,0,10,0,174.48
1050,13.85,131.25,4,28800.0,0.4287,1.0,0.4287,1.0,5.0,5.0,0.0,0.0,371.7,8.73,1,1,2,6,7,2,1,1,10,0,165.51
934,16.88,116.75,5,28800.0,0.3546,1.0,0.4255,1.0,6.0,5.0,0.0,0.0,371.7,9.2,1,1,13,6,7,2,1,0,10,0,154.38
944,40.78,118.0,2,28800.0,1.0,1.0,1.0,1.0,2.0,2.0,0.0,0.0,371.7,9.41,1,1,18,6,7,2,1,0,10,0,149.31
1050,14.33,131.25,5,28800.0,0.4794,1.0,0.4794,1.0,3.0,3.0,0.0,0.0,371.7,9.68,1,1,1,0,8,2,0,1,10,0,142.93
1018,12.5,132.18,5,27725.0,0.3332,0.9627,0.4153,1.0,6.0,5.0,0.0,0.0,371.7,10.11,1,1,11,0,8,2,0,0,10,0,132.43
873,44.05,113.16,3,27772.0,0.9643,0.9643,1.0,1.0,3.0,3.0,0.0,0.0,371.7,10.38,1,1,17,0,8,2,0,0,10,0,126.08
1033,11.45,133.91,3,27770.0,0.3554,0.9642,0.3686,1.0,3.0,3.0,0.0,0.0,378.72,0.13,1,2,22,0,8,2,0,1,10,0,121.55
1050,33.57,131.25,3,28800.0,1.0,1.0,1.0,1.0,3.0,3.0,0.0,0.0,490.83,0.75,1,3,13,1,8,2,0,0,10,0,106.81
1000,32.51,125.0,4,28800.0,0.8517,1.0,0.8517,1.0,4.0,4.0,0.0,0.0,490.83,0.94,0,3,17,1,8,2,0,0,10,0,102.1
956,17.29,119.5,2,28800.0,0.5404,1.0,0.5404,1.0,7.0,7.0,0.0,0.0,490.83,1.25,0,3,1,2,8,2,0,1,10,0,94.73
997,30.6,124.62,3,28800.0,0.8024,1.0,0.8024,1.0,3.0,3.0,0.0,0.0,490.83,1.61,0,3,9,2,8,2,0,0,10,0,86.15
1050,50.28,131.25,4,28800.0,1.0,1.0,1.0,1.0,4.0,4.0,0.0,0.0,490.83,1.93,0,3,17,2,8,2,0,0,10,0,78.36
939,43.55,117.38,7,28800.0,1.0,1.0,1.0,1.0,4.0,4.0,0.0,0.0,490.83,2.31,0,3,2,3,8,2,0,1,10,0,69.23
1001,40.43,125.12,5,28800.0,1.0,1.0,1.0,1.0,5.0,5.0,0.0,0.0,490.83,2.72,0,3,12,3,8,2,0,0,10,0,59.46
923,15.3,115.38,3,28800.0,0.3862,1.0,0.3862,1.0,3.0,3.0,0.0,0.0,490.83,3.01,0,3,19,3,8,2,0,0,10,0,52.48
1050,20.55,131.25,4,28800.0,0.6132,1.0,0.6132,1.0,2.0,1.0,0.0,0.0,490.83,3.29,0,3,2,4,8,2,0,1,10,0,45.86
936,22.46,117.0,2,28800.0,0.5558,1.0,0.5558,1.0,2.0,2.0,0.0,0.0,490.83,3.65,0,3,10,4,8,2,0,0,10,0,37.13
1050,33.63,131.25,2,28800.0,1.0,1.0,1.0,1.0,2.0,2.0,0.0,0.0,490.83,3.85,0,3,15,4,8,2,0,0,10,0,32.41
994,39.38,124.25,1,28800.0,0.5,1.0,1.0,1.0,2.0,1.0,0.0,0.0,490.83,4.16,0,3,23,4,8,2,0,1,10,0,24.88
949,18.5,118.62,4,28800.0,0.3908,1.0,0.5862,1.0,6.0,4.0,0.0,0.0,490.83,4.5,0,3,7,5,8,2,1,0,10,0,16.71
1045,17.88,130.62,5,28800.0,0.586,1.0,0.586,1.0,5.0,5.0,0.0,0.0,490.83,5.09,0,3,21,5,8,2,1,0,10,0,2.68
1050,13.38,131.25,7,28800.0,0.3959,1.0,0.4524,1.0,4.0,3.0,0.0,0.0,552.25,5.28,1,3,2,6,8,2,1,1,10,0,63.57
1007,32.6,129.3,3,28037.0,0.9301,0.9735,0.9554,1.0,3.0,3.0,0.0,0.0,552.25,5.62,1,3,10,6,8,2,1,0,10,0,55.34
1050,45.32,140.03,2,26994.0,0.9373,0.9373,1.0,1.0,2.0,2.0,0.0,0.0,552.25,6.06,1,3,20,6,8,2,1,0,10,0,44.77
1050,13.22,139.93,3,27014.0,0.312,0.938,0.4435,1.0,4.0,3.0,0.0,0.0,552.25,6.15,1,3,22,6,8,2,1,1,10,0,42.64
1050,37.85,131.25,4,28800.0,1.0,1.0,1.0,1.0,4.0,4.0,0.0,0.0,552.25,6.48,1,3,6,0,9,2,0,0,10,0,34.65
1020,35.84,127.5,2,28800.0,1.0,1.0,1.0,1.0,2.0,2.0,0.0,0.0,552.25,6.92,1,3,17,0,9,2,0,0,10,0,24.12
971,12.38,121.38,3,28800.0,0.2911,1.0,0.3881,1.0,4.0,3.0,0.0,0.0,552.25,7.16,1,3,23,0,9,2,0,1,10,0,18.42
1006,23.0,155.74,3,25715.625,0.7359,0.8929374999999999,0.9115,1.0,3.0,3.0,0.0,0.0,552.25,7.64,1,3,10,1,9,2,0,0,10,0,6.79
881,20.08,145.38,2,25715.625,0.5265,0.8929374999999999,0.695,1.0,2.0,2.0,0.0,0.0,630.55,8.08,2,3,21,1,9,2,0,0,10,0,219.92
1050,29.14,144.16,3,26221.0,0.9105,0.9105,1.0,1.0,0.0,0.0,0.0,0.0,630.55,8.3,2,3,2,2,9,2,0,1,10,0,214.52
1050,33.42,131.25,4,28800.0,1.0,1.0,1.0,1.0,4.0,4.0,0.0,0.0,630.55,8.74,2,3,13,2,9,2,0,0,10,0,204.07
987,17.49,123.38,2,28800.0,0.5706,1.0,0.5706,1.0,2.0,2.0,0.0,0.0,630.55,8.96,2,3,18,2,9,2,0,0,10,0,198.82
1050,49.3,131.25,0,28800.0,0.9903,1.0,1.0,1.0,3.0,3.0,0.0,0.0,630.55,9.37,2,3,4,3,9,2,0,1,10,0,188.92
1039,20.64,129.88,3,28800.0,0.6227,1.0,0.6227,1.0,3.0,3.0,0.0,0.0,630.55,9.5,2,3,7,3,9,2,0,0,10,0,185.8
1035,22.81,129.38,3,28800.0,0.559,1.0,0.7453,1.0,4.0,3.0,0.0,0.0,630.55,9.87,2,3,16,3,9,2,0,0,10,0,176.8
1050,33.2,131.25,3,28800.0,1.0,1.0,1.0,1.0,3.0,3.0,0.0,0.0,630.55,10.13,2,3,22,3,9,2,0,1,10,0,170.62
904,48.3,113.0,3,28800.0,1.0,1.0,1.0,1.0,3.0,3.0,0.0,0.0,630.55,10.59,2,3,9,4,9,2,0,0,10,0,159.64
920,36.96,115.0,4,28800.0,0.9028,1.0,0.9028,1.0,4.0,4.0,0.0,0.0,630.55,11.08,2,3,21,4,9,2,0,0,10,0,147.94
921,45.99,115.12,7,28800.0,1.0,1.0,1.0,1.0,2.0,2.0,0.0,0.0,771.79,0.05,2,4,5,5,9,2,1,1,10,0,140.0
1021,15.8,156.78,2,25715.625,0.4223,0.8929374999999999,0.5187,1.0,2.0,2.0,0.0,0.0,771.79,0.3,2,4,11,5,9,2,1,0,10,0,134.07
1050,46.97,143.0,3,26433.0,0.9178,0.9178,1.0,1.0,3.0,3.0,0.0,0.0,771.79,0.54,2,4,16,5,9,2,1,0,10,0,128.15
942,30.79,127.96,2,26502.0,0.8429,0.9202,0.916,1.0,4.0,4.0,0.0,0.0,771.79,1.05,1,4,5,6,9,3,1,1,10,0,115.99
1046,21.27,130.75,5,28800.0,0.7518,1.0,0.7518,1.0,5.0,5.0,0.0,0.0,771.79,1.11,1,4,6,6,9,3,1,0,10,0,114.55
1046,29.93,130.75,2,28800.0,0.9276,1.0,0.9276,1.0,2.0,2.0,0.0,0.0,771.79,1.67,1,4,19,6,9,3,1,0,10,0,101.25
962,42.14,120.25,4,28800.0,1.0,1.0,1.0,1.0,3.0,3.0,0.0,0.0,771.79,2.01,1,4,4,0,10,3,0,1,10,0,92.9
1050,26.59,131.25,2,28800.0,0.4056,1.0,0.8112,1.0,4.0,2.0,0.0,0.0,771.79,2.1,1,4,6,0,10,3,0,0,10,0,90.84
1050,46.32,131.25,2,28800.0,1.0,1.0,1.0,1.0,2.0,2.0,0.0,0.0,771.79,2.44,1,4,14,0,10,3,0,0,10,0,82.69
845,34.17,105.62,3,28800.0,0.9002,1.0,0.9002,1.0,5.0,5.0,0.0,0.0,771.79,2.97,1,4,3,1,10,3,0,1,10,0,69.94
788,35.54,98.5,5,28800.0,0.7688,1.0,0.7688,1.0,5.0,5.0,0.0,0.0,771.79,3.34,1,4,11,1,10,3,0,0,10,0,61.19
865,25.6,108.12,3,28800.0,0.6469,1.0,0.6469,1.0,3.0,3.0,0.0,0.0,771.79,3.51,1,4,16,1,10,3,0,0,10,0,56.89
878,38.0,109.75,5,28800.0,0.8612,1.0,0.8612,1.0,4.0,4.0,0.0,0.0,771.79,3.92,0,4,1,2,10,3,0,1,10,0,47.25
1050,46.29,131.25,5,28800.0,1.0,1.0,1.0,1.0,5.0,5.0,0.0,0.0,771.79,4.18,0,4,8,2,10,3,0,0,10,0,40.92
1050,14.03,131.25,2,28800.0,0.4178,1.0,0.4178,1.0,2.0,2.0,0.0,0.0,771.79,4.52,0,4,16,2,10,3,0,0,10,0,32.74
840,41.63,105.0,4,28800.0,1.0,1.0,1.0,1.0,4.0,4.0,0.0,0.0,771.79,4.78,0,4,22,2,10,3,0,1,10,0,26.59
1000,31.21,125.0,2,28800.0,0.8382,1.0,0.8382,1.0,2.0,2.0,0.0,0.0,771.79,5.23,0,4,9,3,10,3,0,0,10,0,15.62
869,11.28,108.62,2,28800.0,0.2147,1.0,0.322,1.0,3.0,2.0,0.0,0.0,771.79,5.68,0,4,20,3,10,3,0,0,10,0,4.94
918,17.3,114.75,5,28800.0,0.4644,1.0,0.4644,1.0,6.0,6.0,0.0,0.0,797.79,6.07,1,4,5,4,10,3,0,1,10,0,484.09
940,40.68,131.5,4,25734.0,0.7148,0.8935,1.0,1.0,5.0,4.0,0.0,0.0,797.79,6.21,1,4,8,4,10,3,0,0,10,0,480.74
917,26.33,123.67,2,26693.0,0.7316,0.9268,0.7894,1.0,2.0,2.0,0.0,0.0,797.79,6.51,1,4,16,4,10,3,0,0,10,0,473.69
1025,40.05,147.35,6,25715.625,0.8695,0.8929374999999999,1.0,1.0,2.0,2.0,0.0,0.0,797.79,7.01,1,4,4,5,10,3,1,1,10,0,461.59
916,40.02,132.25,4,25715.625,0.6926,0.8929374999999999,1.0,1.0,5.0,4.0,0.0,0.0,1005.04,0.14,1,5,12,5,10,3,1,0,10,0,453.69
985,27.63,132.25,4,26813.0,0.8499,0.931,0.9129,1.0,4.0,4.0,0.0,0.0,1005.04,0.38,1,5,17,5,10,3,1,0,10,0,447.92
986,27.41,134.91,2,26311.0,0.821,0.9136,0.8986,1.0,2.0,2.0,0.0,0.0,1005.04,0.63,1,5,23,5,10,3,1,1,10,0,442.11
1045,44.23,130.62,5,28800.0,1.0,1.0,1.0,1.0,5.0,5.0,0.0,0.0,1005.04,1.19,1,4,12,6,10,3,1,0,10,0,428.71
1050,49.06,131.25,4,28800.0,1.0,1.0,1.0,1.0,4.0,4.0,0.0,0.0,1005.04,1.34,1,4,16,6,10,3,1,0,10,0,424.89
1025,19.39,128.12,8,28800.0,0.6865,1.0,0.6865,1.0,2.0,2.0,0.0,0.0,1005.04,1.71,1,4,1,0,11,3,0,1,10,0,416.07
1050,38.08,131.25,2,28800.0,1.0,1.0,1.0,1.0,2.0,2.0,0.0,0.0,1005.04,2.21,1,4,13,0,11,3,0,0,10,0,404.19
1050,51.27,131.25,2,28800.0,1.0,1.0,1.0,1.0,2.0,2.0,0.0,0.0,1005.04,2.24,1,4,14,0,11,3,0,0,10,0,403.41
1050,40.18,131.25,2,28800.0,1.0,1.0,1.0,1.0,5.0,5.0,0.0,0.0,1005.04,2.75,1,4,2,1,11,3,0,1,10,0,391.12
889,22.54,111.12,3,28800.0,0.5606,1.0,0.5606,1.0,3.0,3.0,0.0,0.0,1005.04,3.18,1,4,12,1,11,3,0,0,10,0,380.77
1050,22.53,131.25,2,28800.0,0.7667,1.0,0.7667,1.0,2.0,2.0,0.0,0.0,1005.04,3.43,1,4,18,1,11,3,0,0,10,0,374.76
989,32.9,123.62,5,28800.0,0.8372,1.0,0.8372,1.0,5.0,5.0,0.0,0.0,1005.04,3.86,1,4,5,2,11,3,0,1,10,0,364.41
934,27.59,116.75,6,28800.0,0.8623,1.0,0.8623,1.0,6.0,6.0,0.0,0.0,1005.04,4.0,1,4,8,2,11,3,0,0,10,0,361.06
1050,27.62,131.25,3,28800.0,0.8017,1.0,0.8017,1.0,3.0,3.0,0.0,0.0,1005.04,4.39,1,4,17,2,11,3,0,0,10,0,351.84
1050,28.29,131.25,5,28800.0,0.9053,1.0,0.9053,1.0,1.0,1.0,0.0,0.0,1005.04,4.66,1,4,0,3,11,3,0,1,10,0,345.22
951,12.41,118.88,2,28800.0,0.384,1.0,0.384,1.0,2.0,2.0,0.0,0.0,1005.04,5.19,1,4,13,3,11,3,0,0,10,0,332.67
1050,8.96,131.25,2,28800.0,0.303,1.0,0.303,1.0,2.0,2.0,0.0,0.0,1005.04,5.41,1,4,18,3,11,3,0,0,10,0,327.19
1050,14.02,131.25,1,28800.0,0.4346,1.0,0.4346,1.0,1.0,1.0,0.0,0.0,1005.04,5.6,1,4,22,3,11,3,0,1,10,0,322.79
989,29.6,123.62,2,28800.0,0.8623,1.0,0.8623,1.0,2.0,2.0,0.0,0.0,1005.04,6.21,0,4,13,4,11,3,0,0,10,0,307.99
1050,30.53,131.25,5,28800.0,0.8856,1.0,0.8856,1.0,5.0,5.0,0.0,0.0,1005.04,6.55,0,4,21,4,11,3,0,0,10,0,300.02
1050,16.94,131.25,5,28800.0,0.5086,1.0,0.6103,1.0,3.0,3.0,0.0,0.0,1005.04,6.86,0,4,5,5,11,3,1,1,10,0,292.57
981,37.85,122.62,6,28800.0,1.0,1.0,1.0,1.0,6.0,6.0,0.0,0.0,1005.04,7.19,0,4,13,5,11,3,1,0,10,0,284.66
1050,24.58,131.25,3,28800.0,0.6865,1.0,0.6865,1.0,4.0,4.0,0.0,0.0,1005.04,7.7,0,4,1,6,11,3,1,1,10,0,272.31
1037,45.95,139.15,5,26828.0,0.9315,0.9315,1.0,1.0,5.0,5.0,0.0,0.0,1005.04,8.18,0,4,12,6,11,3,1,0,10,0,260.84
1050,34.82,136.64,3,27664.0,0.9606,0.9606,1.0,1.0,3.0,3.0,0.0,0.0,1005.04,8.29,0,4,15,6,11,3,1,0,10,0,258.17
1050,28.87,139.62,4,27073.0,0.94,0.94,1.0,1.0,7.0,7.0,0.0,0.0,1025.68,0.11,0,5,3,0,12,3,0,1,10,0,245.96
938,25.45,127.28,2,26531.0,0.6722,0.9212,0.7297,1.0,2.0,2.0,0.0,0.0,1025.68,0.48,0,5,12,0,12,3,0,0,10,0,237.07
1050,19.4,142.62,4,26504.0,0.5371,0.9203,0.5836,1.0,4.0,4.0,0.0,0.0,1025.68,0.76,0,5,19,0,12,3,0,0,10,0,230.39
803,34.32,105.41,7,27425.0,0.7774,0.9523,0.8163,1.0,3.0,3.0,0.0,0.0,1037.39,1.15,1,5,4,1,12,3,0,1,10,0,221.02
1050,32.1,141.56,2,26702.0,0.9239,0.9272,0.9964,1.0,2.0,2.0,0.0,0.0,1037.39,1.35,1,5,9,1,12,3,0,0,10,0,216.17
924,20.59,124.56,3,26706.0,0.6134,0.9273,0.6615,1.0,3.0,3.0,0.0,0.0,1073.65,0.19,1,6,16,1,12,3,0,0,10,0,209.04
888,26.83,119.31,3,26793.0,0.7122,0.9303,0.7656,1.0,4.0,4.0,0.0,0.0,1073.65,0.62,1,6,2,2,12,3,0,1,10,0,198.84
755,21.45,94.38,6,28800.0,0.5025,1.0,0.5025,1.0,6.0,6.0,0.0,0.0,1073.65,1.05,1,6,13,2,12,3,0,0,10,0,188.51
902,31.24,112.75,3,28800.0,0.9665,1.0,0.9665,1.0,3.0,3.0,0.0,0.0,1073.65,1.25,1,6,17,2,12,3,0,0,10,0,183.71
923,31.58,115.38,4,28800.0,0.9156,1.0,0.9156,1.0,4.0,4.0,0.0,0.0,1073.65,1.47,1,5,23,2,12,3,0,1,10,0,178.31
916,10.2,122.18,4,26989.0,0.2821,0.9371,0.301,1.0,4.0,4.0,0.0,0.0,1249.54,1.79,2,4,6,3,12,3,0,0,10,0,170.71
1050,32.4,135.57,5,27882.0,0.8779,0.9681,0.9068,1.0,5.0,5.0,0.0,0.0,1249.54,2.22,2,4,17,3,12,3,0,0,10,0,160.37
1050,29.02,139.15,6,27164.0,0.9297,0.9432,0.9857,1.0,6.0,5.0,0.0,0.0,1249.54,2.74,2,4,5,4,12,3,0,1,10,0,147.92
943,52.57,117.88,6,28800.0,1.0,1.0,1.0,1.0,6.0,6.0,0.0,0.0,1249.54,2.84,2,4,8,4,12,3,0,0,10,0,145.34
900,43.72,112.5,6,28800.0,1.0,1.0,1.0,1.0,6.0,6.0,0.0,0.0,1249.54,3.09,2,4,14,4,12,3,0,0,10,0,139.54
1050,9.66,131.25,5,28800.0,0.2783,1.0,0.334,1.0,6.0,5.0,0.0,0.0,1249.54,3.48,2,4,23,4,12,3,0,1,10,0,130.12
1007,38.45,125.88,6,28800.0,1.0,1.0,1.0,1.0,6.0,6.0,0.0,0.0,1249.54,4.04,2,4,13,5,12,3,1,0,10,0,116.67
1050,19.2,131.25,6,28800.0,0.5276,1.0,0.5276,1.0,6.0,6.0,0.0,0.0,1249.54,4.36,2,4,20,5,12,3,1,0,10,0,108.94
1050,48.79,131.25,4,28800.0,1.0,1.0,1.0,1.0,4.0,4.0,0.0,0.0,1249.54,4.42,2,4,22,5,12,3,1,1,10,0,107.57
1037,12.67,129.62,6,28800.0,0.4256,1.0,0.4256,1.0,6.0,6.0,0.0,0.0,1249.54,4.97,2,4,11,6,12,3,1,0,10,0,94.34
974,31.16,121.75,4,28800.0,0.695,1.0,0.8688,1.0,5.0,4.0,0.0,0.0,1249.54,5.34,2,4,20,6,12,3,1,0,10,0,85.47
959,43.94,119.88,6,28800.0,1.0,1.0,1.0,1.0,3.0,3.0,0.0,0.0,1249.54,5.69,2,4,4,0,13,3,0,1,10,0,77.07
984,14.3,123.0,2,28800.0,0.3977,1.0,0.3977,1.0,2.0,2.0,0.0,0.0,1249.54,6.01,2,4,12,0,13,3,0,0,10,0,69.32
1029,23.18,128.62,2,28800.0,0.766,1.0,0.766,1.0,2.0,2.0,0.0,0.0,1249.54,6.21,2,4,17,0,13,3,0,0,10,0,64.57
913,13.57,114.12,3,28800.0,0.3636,1.0,0.3636,1.0,8.0,8.0,0.0,0.0,1249.54,6.69,1,4,4,1,13,3,0,1,10,0,53.11
1013,35.83,126.62,3,28800.0,1.0,1.0,1.0,1.0,3.0,3.0,0.0,0.0,1249.54,6.95,1,4,10,1,13,3,0,0,10,0,46.71
921,41.83,115.12,4,28800.0,1.0,1.0,1.0,1.0,4.0,4.0,0.0,0.0,1249.54,7.2,1,4,16,1,13,3,0,0,10,0,40.89
985,32.4,123.12,8,28800.0,0.8803,1.0,0.8803,1.0,3.0,3.0,0.0,0.0,1249.54,7.55,1,4,1,2,13,3,0,1,10,0,32.51
1050,36.34,131.25,4,28800.0,0.8,1.0,1.0,1.0,5.0,4.0,0.0,0.0,1249.54,7.98,1,4,11,2,13,3,0,0,10,0,22.11
1050,47.26,131.25,6,28800.0,1.0,1.0,1.0,1.0,6.0,6.0,0.0,0.0,1249.54,8.22,1,4,17,2,13,3,0,0,10,0,16.36
922,13.89,115.25,3,28800.0,0.4168,1.0,0.4168,1.0,3.0,2.0,0.0,0.0,1249.54,8.73,0,4,5,3,13,3,0,1,10,0,4.04
960,17.92,148.56,5,25715.625,0.568,0.8929374999999999,0.7032,1.0,5.0,5.0,0.0,0.0,1249.54,9.04,1,4,13,3,13,3,0,0,10,0,14.81
902,28.81,126.79,3,25715.625,0.6868,0.8929374999999999,0.7724,1.0,3.0,3.0,0.0,0.0,1264.06,9.38,1,4,21,3,13,3,0,0,10,0,6.69
1050,17.21,166.56,2,25715.625,0.3347,0.8929374999999999,0.6371,1.0,5.0,4.0,0.0,0.0,1264.06,9.54,1,4,1,4,13,3,0,1,10,0,2.78
1003,37.21,136.18,4,26515.0,0.7366,0.9207,1.0,1.0,5.0,4.0,0.0,0.0,1304.93,9.94,2,4,10,4,13,3,0,0,10,0,58.62
919,35.07,134.6,3,25715.625,0.8535,0.8929374999999999,1.0,1.0,3.0,3.0,0.0,0.0,1304.93,10.24,2,4,17,4,13,3,0,0,10,0,51.45
1050,21.23,146.09,4,25875.0,0.6002,0.8984,0.8351,1.0,5.0,5.0,0.0,0.0,1304.93,10.52,2,4,0,5,13,3,1,1,10,0,44.79
1026,44.5,160.58,3,25715.625,0.4792,0.8929374999999999,1.0,1.0,5.0,3.0,0.0,0.0,1304.93,10.78,2,4,6,5,13,3,1,0,10,0,38.59
1044,26.33,159.42,5,25715.625,0.8186,0.8929374999999999,1.0,1.0,5.0,5.0,0.0,0.0,1304.93,11.26,2,4,18,5,13,3,1,0,10,0,26.89
1050,28.96,159.35,5,25715.625,0.8237,0.8929374999999999,1.0,1.0,5.0,5.0,0.0,0.0,1304.93,11.44,2,4,22,5,13,3,1,1,10,0,22.61
773,14.35,113.2,3,25715.625,0.3124,0.8929374999999999,0.366,1.0,3.0,3.0,0.0,0.0,1308.93,0.14,2,7,9,6,13,3,1,0,10,0,11.74
1020,39.61,139.68,2,26289.0,0.9128,0.9128,1.0,1.0,2.0,2.0,0.0,0.0,1320.59,0.34,2,7,17,6,13,3,1,0,10,0,3.46
1050,35.99,173.66124,1,25715.625,0.7501,0.8929374999999999,1.0,1.0,1.0,1.0,0.0,0.0,1322.79,0.59,3,7,23,6,13,3,1,1,10,0,1.91
966,15.12,153.86,6,25715.625,0.3908,0.8929374999999999,0.4979,1.0,6.0,6.0,0.0,0.0,1358.92,1.01,4,6,9,0,14,3,0,0,10,0,31.92
1050,37.7,145.71,2,25942.0,0.9008,0.9008,1.0,1.0,2.0,2.0,0.0,0.0,1358.92,1.5,4,6,21,0,14,3,0,0,10,0,20.15
947,10.68,141.57,3,25715.625,0.2933,0.8929374999999999,0.3508,1.0,4.0,4.0,0.0,0.0,1358.92,1.84,4,6,5,1,14,3,0,1,10,0,11.89
953,42.35,122.04,2,28111.0,0.9761,0.9761,1.0,1.0,2.0,2.0,0.0,0.0,1358.92,1.91,4,6,7,1,14,3,0,0,10,0,10.25
1050,37.85,134.38,4,28130.0,0.9767,0.9767,1.0,1.0,4.0,4.0,0.0,0.0,1358.92,2.22,4,6,14,1,14,3,0,0,10,0,2.87
1035,46.53,132.93,4,28029.0,0.9732,0.9732,1.0,1.0,5.0,5.0,0.0,0.0,1373.92,2.64,5,6,0,2,14,4,0,1,10,0,90.07
953,42.85,128.02,6,26799.0,0.9305,0.9305,1.0,1.0,6.0,6.0,0.0,0.0,1373.92,2.85,5,6,6,2,14,4,0,0,10,0,85.0
963,37.69,125.65,4,27590.0,0.958,0.958,1.0,1.0,4.0,4.0,0.0,0.0,1424.08,0.45,5,7,21,2,14,4,0,0,10,0,69.27
1005,45.87,135.33,5,26735.0,0.9283,0.9283,1.0,1.0,5.0,5.0,0.0,0.0,1424.08,0.53,5,7,23,2,14,4,0,1,10,0,67.4
880,14.3,110.0,3,28800.0,0.3468,1.0,0.3468,1.0,3.0,3.0,0.0,0.0,1424.08,0.83,5,7,6,3,14,4,0,0,10,0,60.28
1050,18.84,131.25,3,28800.0,0.5472,1.0,0.5472,1.0,3.0,3.0,0.0,0.0,1424.08,1.14,4,7,14,3,14,4,0,0,10,0,52.85
838,23.01,104.75,4,28800.0,0.4374,1.0,0.5467,1.0,3.0,3.0,0.0,0.0,1424.08,1.6,4,7,1,4,14,4,0,1,10,0,41.67
964,39.65,122.95,4,28225.0,0.98,0.98,1.0,1.0,4.0,4.0,0.0,0.0,1424.08,2.1,3,7,13,4,14,4,0,0,10,0,29.8
1050,26.56,133.38,5,28341.0,0.8659,0.9841,0.8799,1.0,5.0,5.0,0.0,0.0,1453.65,2.42,3,7,20,4,14,4,0,0,10,0,22.15
1050,36.68,132.67,3,28491.0,0.9893,0.9893,1.0,1.0,7.0,5.0,0.0,0.0,1453.65,2.72,3,7,4,5,14,4,1,1,10,0,15.0
1050,40.61,141.04,4,26800.0,0.9306,0.9306,1.0,1.0,4.0,4.0,0.0,0.0,1453.65,2.91,3,7,8,5,14,4,1,0,10,0,10.42
927,44.8,131.42,4,25715.625,0.7054,0.8929374999999999,1.0,1.0,5.0,4.0,0.0,0.0,1453.65,3.36,4,7,19,5,14,4,1,0,10,0,42.86
952,16.36,128.67,5,26635.0,0.3253,0.9248,0.4925,1.0,7.0,5.0,0.0,0.0,1493.81,3.52,4,7,23,5,14,4,1,1,10,0,39.19
972,25.07,121.5,5,28800.0,0.6625,1.0,0.6625,1.0,5.0,5.0,0.0,0.0,1493.81,3.93,4,7,9,6,14,4,1,0,10,0,29.18
922,28.54,115.25,6,28800.0,0.8445,1.0,0.8445,1.0,5.0,4.0,0.0,0.0,1493.81,4.69,2,7,3,0,15,4,0,1,10,0,11.11
899,27.17,127.85,6,25715.625,0.6531,0.8929374999999999,0.743,1.0,6.0,6.0,0.0,0.0,1493.81,4.84,2,6,7,0,15,4,0,0,10,0,7.31
901,25.36,123.53,2,26257.0,0.6782,0.9117,0.7439,1.0,2.0,2.0,0.0,0.0,1493.81,5.16,3,6,14,0,15,4,0,0,10,0,103.5
954,17.22,125.27,4,27417.0,0.3487,0.952,0.4579,1.0,7.0,7.0,0.0,0.0,1520.44,5.69,4,6,3,1,15,4,0,1,10,0,90.75
886,32.96,112.82,5,28271.0,0.8079,0.9816,0.823,1.0,5.0,5.0,0.0,0.0,1520.44,6.07,4,6,12,1,15,4,0,0,10,0,81.71
1029,16.51,129.84,4,28530.0,0.531,0.9906,0.536,1.0,4.0,4.0,0.0,0.0,1520.44,6.17,4,6,14,1,15,4,0,0,10,0,79.23
1050,11.85,133.03,7,28415.0,0.3555,0.9866,0.3603,1.0,4.0,4.0,0.0,0.0,1538.44,6.75,3,6,4,2,15,4,0,1,10,0,65.38
1050,43.74,133.73,4,28266.0,0.9815,0.9815,1.0,1.0,4.0,4.0,0.0,0.0,1538.44,6.93,3,6,9,2,15,4,0,0,10,0,61.08
1050,41.72,137.75,2,27442.0,0.9528,0.9528,1.0,1.0,2.0,2.0,0.0,0.0,1594.16,7.34,3,6,18,2,15,4,0,0,10,0,51.18
981,27.25,126.34,4,27953.0,0.7923,0.9706,0.8163,1.0,3.0,3.0,0.0,0.0,1594.16,7.67,3,6,2,3,15,4,0,1,10,0,43.16
965,15.8,120.62,2,28800.0,0.4081,1.0,0.4081,1.0,2.0,2.0,0.0,0.0,1594.16,7.97,3,6,10,3,15,4,0,0,10,0,36.08
1050,37.73,131.25,4,28800.0,1.0,1.0,1.0,1.0,4.0,4.0,0.0,0.0,1594.16,8.43,3,6,21,3,15,4,0,0,10,0,24.95
875,36.27,109.38,3,28800.0,0.9342,1.0,0.9342,1.0,1.0,1.0,0.0,0.0,1594.16,8.62,3,6,1,4,15,4,0,1,10,0,20.5
1050,42.22,139.96,5,27008.0,0.9378,0.9378,1.0,1.0,5.0,5.0,0.0,0.0,1594.16,8.88,3,6,7,4,15,4,0,0,10,0,14.28
1050,40.1,139.6,2,27078.0,0.9402,0.9402,1.0,1.0,2.0,2.0,0.0,0.0,1594.16,9.36,3,6,19,4,15,4,0,0,10,0,2.7
1005,30.31,143.01,1,25715.625,0.8784,0.8929374999999999,1.0,1.0,1.0,1.0,0.0,0.0,1594.16,9.53,4,6,23,4,15,4,0,1,10,0,46.91
848,35.61,106.0,3,28800.0,0.9472,1.0,0.9472,1.0,3.0,3.0,0.0,0.0,1640.09,9.82,4,6,6,5,15,4,1,0,10,0,39.8
1000,12.47,125.0,4,28800.0,0.2689,1.0,0.3361,1.0,5.0,4.0,0.0,0.0,1640.09,10.16,4,6,14,5,15,4,1,0,10,0,31.68
1005,46.52,125.62,4,28800.0,1.0,1.0,1.0,1.0,3.0,3.0,0.0,0.0,1640.09,10.6,3,6,1,6,15,4,1,1,10,0,21.1
777,40.41,100.1,2,27943.0,0.8115,0.9702,0.8364,1.0,2.0,2.0,0.0,0.0,1640.09,10.93,3,6,9,6,15,4,1,0,10,0,13.26
1016,17.42,131.35,3,27846.0,0.5553,0.9669,0.5743,1.0,5.0,5.0,0.0,0.0,1694.67,11.77,4,6,5,0,16,4,0,1,10,0,48.71
778,11.65,97.25,3,28800.0,0.2615,1.0,0.2615,1.0,3.0,3.0,0.0,0.0,1694.67,11.89,4,6,8,0,16,4,0,0,10,0,45.88
928,22.87,116.0,4,28800.0,0.5942,1.0,0.5942,1.0,4.0,4.0,0.0,0.0,1694.67,12.32,3,6,18,0,16,4,0,0,10,0,35.59
1018,34.74,127.25,5,28800.0,0.9204,1.0,0.9204,1.0,3.0,3.0,0.0,0.0,1694.67,12.7,2,6,3,1,16,4,0,1,10,0,26.29
970,34.56,121.25,6,28800.0,1.0,1.0,1.0,1.0,6.0,6.0,0.0,0.0,1694.67,12.99,2,6,10,1,16,4,0,0,10,0,19.33
1050,22.19,131.25,2,28800.0,0.7551,1.0,0.7551,1.0,2.0,2.0,0.0,0.0,1694.67,13.4,2,6,20,1,16,4,0,0,10,0,9.71
1050,15.91,131.25,3,28800.0,0.4495,1.0,0.4495,1.0,5.0,4.0,0.0,0.0,1694.67,13.77,2,5,5,2,16,4,0,1,10,0,0.63
982,45.36,136.43,4,25912.0,0.8997,0.8997,1.0,1.0,4.0,4.0,0.0,0.0,1814.35,13.89,3,5,8,2,16,4,0,0,10,0,155.87
840,18.89,118.8,4,25715.625,0.4157,0.8929374999999999,0.4703,1.0,4.0,4.0,0.0,0.0,1814.35,14.24,3,5,16,2,16,4,0,0,10,0,147.47
1032,49.51,136.46,4,27226.0,0.7562,0.9453,1.0,1.0,5.0,4.0,0.0,0.0,1814.35,14.54,3,5,23,2,16,4,0,1,10,0,140.31
1020,23.85,127.5,5,28800.0,0.6364,1.0,0.6364,1.0,5.0,5.0,0.0,0.0,1814.35,15.04,3,4,11,3,16,4,0,0,10,0,128.36
1050,34.54,131.25,1,28800.0,0.5,1.0,1.0,1.0,2.0,1.0,0.0,0.0,1814.35,15.21,3,4,15,3,16,4,0,0,10,0,124.27
985,30.03,123.12,4,28800.0,0.6235,1.0,0.7794,1.0,5.0,4.0,0.0,0.0,1814.35,15.49,3,4,22,3,16,4,0,1,10,0,117.61
854,32.1,106.75,3,28800.0,0.7274,1.0,0.7274,1.0,3.0,3.0,0.0,0.0,1814.35,16.01,3,4,11,4,16,4,0,0,10,0,104.97
1050,47.73,131.25,6,28800.0,1.0,1.0,1.0,1.0,6.0,6.0,0.0,0.0,1814.35,16.19,3,4,15,4,16,4,0,0,10,0,100.77
1050,29.17,131.25,3,28800.0,0.8127,1.0,0.8127,1.0,5.0,5.0,0.0,0.0,1814.35,16.66,2,4,2,5,16,4,1,1,10,0,89.42
1050,15.52,131.25,4,28800.0,0.4557,1.0,0.4557,1.0,4.0,4.0,0.0,0.0,1814.35,16.96,2,4,9,5,16,4,1,0,10,0,82.36
1050,23.9,131.25,4,28800.0,0.7102,1.0,0.7102,1.0,4.0,4.0,0.0,0.0,1814.35,17.41,2,4,20,5,16,4,1,0,10,0,71.44
893,30.46,111.62,5,28800.0,0.7854,1.0,0.7854,1.0,6.0,6.0,0.0,0.0,1814.35,17.64,2,4,2,6,16,4,1,1,10,0,65.86
947,30.76,118.38,2,28800.0,0.8891,1.0,0.8891,1.0,2.0,2.0,0.0,0.0,1814.35,17.94,2,4,9,6,16,4,1,0,10,0,58.69
1017,25.84,127.12,4,28800.0,0.6018,1.0,0.7522,1.0,5.0,4.0,0.0,0.0,1814.35,18.14,2,4,14,6,16,4,1,0,10,0,54.04
791,24.67,98.88,6,28800.0,0.5842,1.0,0.5842,1.0,3.0,3.0,0.0,0.0,1814.35,18.79,1,4,5,0,17,4,0,1,10,0,38.32
984,38.44,125.09,2,28318.0,0.9833,0.9833,1.0,1.0,2.0,2.0,0.0,0.0,1850.35,19.03,1,4,11,0,17,4,0,0,10,0,32.52
1050,24.22,133.16,2,28386.0,0.7532,0.9856,0.7642,1.0,2.0,2.0,0.0,0.0,1850.35,19.43,1,4,21,0,17,4,0,0,10,0,23.04
1026,18.1,130.97,3,28201.0,0.5162,0.9792,0.5272,1.0,4.0,4.0,0.0,0.0,1850.35,19.56,1,4,0,1,17,4,0,1,10,0,19.96
1027,33.03,134.12,6,27567.0,0.8844,0.9572,0.9239,1.0,6.0,6.0,0.0,0.0,1850.35,19.86,1,4,7,1,17,4,0,0,10,0,12.61
1050,17.56,143.03,6,26428.0,0.5505,0.9176,0.5999,1.0,6.0,6.0,0.0,0.0,1850.35,20.15,1,4,14,1,17,4,0,0,10,0,5.81
1050,33.66,143.34,4,26371.0,0.9157,0.9157,1.0,1.0,5.0,5.0,0.0,0.0,1903.53,20.77,2,4,5,2,17,4,0,1,10,0,45.6
1050,35.48,131.25,6,28800.0,1.0,1.0,1.0,1.0,6.0,6.0,0.0,0.0,1903.53,21.02,1,4,11,2,17,4,0,0,10,0,39.71
983,29.73,122.88,4,28800.0,0.8898,1.0,0.8898,1.0,4.0,4.0,0.0,0.0,1903.53,21.34,1,4,18,2,17,4,0,0,10,0,32.05
1019,42.85,127.38,5,28800.0,1.0,1.0,1.0,1.0,7.0,6.0,0.0,0.0,1903.53,21.56,1,4,0,3,17,4,0,1,10,0,26.7
989,19.15,123.62,3,28800.0,0.58,1.0,0.58,1.0,3.0,3.0,0.0,0.0,1903.53,21.92,1,4,8,3,17,4,0,0,10,0,18.18
800,19.25,100.0,1,28800.0,0.2442,1.0,0.4883,1.0,2.0,1.0,0.0,0.0,1903.53,22.38,1,4,20,3,17,4,0,0,10,0,7.01
967,38.87,120.88,6,28800.0,0.8571,1.0,1.0,1.0,6.0,6.0,0.0,0.0,1903.53,22.74,2,4,4,4,17,4,0,1,10,0,33.7
795,34.35,121.16,3,25715.625,0.8202,0.8929374999999999,1.0,1.0,3.0,3.0,0.0,0.0,1935.05,22.9,2,4,8,4,17,4,0,0,10,0,29.87
1033,35.17,146.51,3,25715.625,0.8814,0.8929374999999999,1.0,1.0,3.0,3.0,0.0,0.0,1935.05,23.21,2,4,15,4,17,4,0,0,10,0,22.45
745,22.27,109.95,6,25715.625,0.5489,0.8929374999999999,0.6481,1.0,3.0,3.0,0.0,0.0,1935.05,23.69,2,4,3,5,17,4,1,1,10,0,10.89
940,17.45,134.91,3,25715.625,0.4919,0.8929374999999999,0.5648,1.0,3.0,3.0,0.0,0.0,1935.05,23.98,2,4,10,5,17,4,1,0,10,0,3.95
857,19.52,113.91,4,27084.0,0.4966,0.9404,0.5281,1.0,4.0,4.0,0.0,0.0,1946.61,24.35,3,4,19,5,17,4,1,0,10,0,68.27
892,40.28,128.34,3,25715.625,0.8688,0.8929374999999999,1.0,1.0,4.0,4.0,0.0,0.0,2005.23,24.78,4,4,5,6,17,4,1,1,10,0,57.75
895,21.73,114.87,2,28050.0,0.5989,0.974,0.6149,1.0,2.0,2.0,0.0,0.0,2005.23,24.783749,4,4,9,6,17,4,1,0,10,0,53.57
863,10.02,111.77,3,27797.0,0.2871,0.9652,0.2974,1.0,3.0,3.0,0.0,0.0,2005.23,24.783749,4,4,18,6,17,4,1,0,10,0,45.3
1050,15.44,134.64,4,28074.0,0.4383,0.9748,0.4496,1.0,4.0,4.0,0.0,0.0,2005.23,24.783749,4,4,0,0,18,4,0,1,10,0,39.22
1009,24.34,126.12,4,28800.0,0.8447,1.0,0.8447,1.0,4.0,4.0,0.0,0.0,2005.23,24.783749,4,4,7,0,18,4,0,0,10,0,31.45
1001,37.24,125.12,3,28800.0,1.0,1.0,1.0,1.0,3.0,3.0,0.0,0.0,2005.23,24.783749,4,4,20,0,18,4,0,0,10,0,18.7
1004,44.27,134.54,5,26864.0,0.9328,0.9328,1.0,1.0,5.0,5.0,0.0,0.0,2005.23,24.783749,4,1,11,1,18,4,0,0,10,0,3.5
1050,26.62,139.44,6,27109.0,0.9359,0.9413,0.9943,1.0,6.0,6.0,0.0,0.0,2196.66,24.783749,5,1,17,1,18,4,0,0,10,0,190.09
976,29.47,128.25,2,27396.0,0.5312,0.9513,0.8376,1.0,2.0,2.0,0.0,0.0,2196.66,24.783749,4,1,1,2,18,4,0,1,10,0,182.06
1050,27.43,131.25,2,28800.0,0.762,1.0,0.762,1.0,2.0,2.0,0.0,0.0,2196.66,24.783749,4,1,8,2,18,4,0,0,10,0,175.63
948,42.33,118.5,4,28800.0,1.0,1.0,1.0,1.0,4.0,4.0,0.0,0.0,2196.66,24.783749,4,1,17,2,18,4,0,0,10,0,166.29
964,46.52,120.5,2,28800.0,1.0,1.0,1.0,1.0,4.0,4.0,0.0,0.0,2196.66,24.783749,4,1,0,3,18,4,0,1,10,0,159.31
1050,27.4,131.25,6,28800.0,0.7879,1.0,0.7879,1.0,6.0,6.0,0.0,0.0,2196.66,24.783749,4,1,11,3,18,4,0,0,10,0,148.53
980,22.86,122.5,5,28800.0,0.5965,1.0,0.5965,1.0,5.0,5.0,0.0,0.0,2196.66,24.783749,4,1,21,3,18,4,0,0,10,0,138.93
973,22.56,121.62,4,28800.0,0.7176,1.0,0.7176,1.0,3.0,3.0,0.0,0.0,2196.66,24.783749,4,1,0,4,18,5,0,1,10,0,135.33
1050,12.93,131.25,5,28800.0,0.3927,1.0,0.3927,1.0,5.0,5.0,0.0,0.0,2196.66,24.783749,3,1,8,4,18,5,0,0,10,0,127.46
1000,39.11,125.0,6,28800.0,1.0,1.0,1.0,1.0,6.0,6.0,0.0,0.0,2196.66,24.783749,3,0,18,4,18,5,0,0,10,0,118.03
1050,15.51,131.25,3,28800.0,0.4915,1.0,0.4915,1.0,3.0,3.0,0.0,0.0,2196.66,24.783749,3,0,23,4,18,5,0,1,10,0,112.98
928,15.66,116.0,2,28800.0,0.4588,1.0,0.4588,1.0,2.0,2.0,0.0,0.0,2196.66,24.783749,2,0,21,5,18,5,1,0,10,0,90.36
1050,50.25,131.25,4,28800.0,0.8,1.0,1.0,1.0,3.0,3.0,0.0,0.0,2196.66,24.783749,2,0,3,6,18,5,1,1,10,0,84.71
986,39.37,123.25,6,28800.0,1.0,1.0,1.0,1.0,6.0,6.0,0.0,0.0,2196.66,24.783749,1,0,9,6,18,5,1,0,10,0,78.28
1050,11.53,131.25,3,28800.0,0.3755,1.0,0.3755,1.0,3.0,3.0,0.0,0.0,2196.66,24.783749,1,0,22,6,18,5,1,1,10,0,65.74
1043,46.77,130.38,6,28800.0,1.0,1.0,1.0,1.0,6.0,6.0,0.0,0.0,2196.66,24.783749,1,0,6,0,19,5,0,0,10,0,57.66
855,12.23,106.88,4,28800.0,0.2957,1.0,0.2957,1.0,4.0,4.0,0.0,0.0,2196.66,24.783749,1,0,20,0,19,5,0,0,10,0,43.41
889,12.24,111.12,2,28800.0,0.3578,1.0,0.3578,1.0,7.0,7.0,0.0,0.0,2196.66,24.783749,1,0,4,1,19,5,0,1,10,0,35.36
948,34.44,118.5,6,28800.0,0.892,1.0,0.892,1.0,6.0,6.0,0.0,0.0,2196.66,24.783749,1,0,8,1,19,5,0,0,10,0,32.03
1003,25.98,125.38,4,28800.0,0.722,1.0,0.722,1.0,4.0,4.0,0.0,0.0,2196.66,24.783749,0,0,20,1,19,5,0,0,10,0,19.76
1050,34.46,131.25,7,28800.0,1.0,1.0,1.0,1.0,7.0,7.0,0.0,0.0,2196.66,24.783749,0,0,23,1,19,5,0,1,10,0,16.36
1002,38.04,125.25,4,28800.0,1.0,1.0,1.0,1.0,4.0,4.0,0.0,0.0,2196.66,24.783749,0,0,10,2,19,5,0,0,10,0,5.73
1009,27.93,126.12,3,28800.0,0.8601,1.0,0.8601,1.0,3.0,3.0,0.0,0.0,2196.66,24.783749,0,0,14,2,19,5,0,0,10,0,1.29
1050,21.14,131.25,3,28800.0,0.6358,1.0,0.6358,1.0,5.0,5.0,0.0,0.0,2266.35,24.783749,0,0,3,3,19,5,0,1,10,0,60.69
949,43.73,118.62,2,28800.0,1.0,1.0,1.0,1.0,2.0,2.0,0.0,0.0,2266.35,24.783749,0,0,13,3,19,5,0,0,10,0,50.6
1050,17.05,131.25,6,28800.0,0.5108,1.0,0.5108,1.0,6.0,6.0,0.0,0.0,2266.35,24.783749,0,0,21,3,19,5,0,0,10,0,42.59
940,23.19,117.5,5,28800.0,0.5705,1.0,0.5705,1.0,4.0,4.0,0.0,0.0,2266.35,24.783749,0,0,3,4,19,5,0,1,10,0,36.69
1050,38.85,131.25,3,28800.0,0.75,1.0,1.0,1.0,4.0,3.0,0.0,0.0,2266.35,24.783749,0,0,8,4,19,5,0,0,10,0,32.22
887,13.12,110.88,4,28800.0,0.3865,1.0,0.3865,1.0,4.0,4.0,0.0,0.0,2266.35,24.783749,0,0,16,4,19,5,0,0,10,0,24.32
1045,38.97,130.62,4,28800.0,1.0,1.0,1.0,1.0,5.0,5.0,0.0,0.0,2266.35,24.783749,0,0,0,5,19,5,1,1,10,0,16.32
1032,12.64,132.97,4,27940.0,0.3472,0.9701,0.3579,1.0,4.0,4.0,0.0,0.0,2266.35,24.783749,0,0,7,5,19,5,1,0,10,0,8.4
1050,40.56,135.51,5,27894.0,0.9685,0.9685,1.0,1.0,5.0,5.0,0.0,0.0,2266.35,24.783749,0,0,14,5,19,5,1,0,10,0,2.02
1007,35.57,132.19,5,27425.0,0.9523,0.9523,1.0,1.0,4.0,4.0,0.0,0.0,2397.26,24.783749,1,0,3,6,19,5,1,1,10,0,143.29
1019,24.11,127.38,5,28800.0,0.8028,1.0,0.8028,1.0,5.0,5.0,0.0,0.0,2397.26,24.783749,1,0,8,6,19,5,1,0,10,0,138.27
788,36.24,98.5,4,28800.0,0.7735,1.0,0.7735,1.0,4.0,4.0,0.0,0.0,2397.26,24.783749,1,0,15,6,19,5,1,0,10,0,131.79
1038,22.47,129.75,2,28800.0,0.6401,1.0,0.6401,1.0,2.0,2.0,0.0,0.0,2397.26,24.783749,1,0,13,0,20,5,0,0,10,0,109.22
924,14.14,115.5,5,28800.0,0.4261,1.0,0.4261,1.0,5.0,5.0,0.0,0.0,2397.26,24.783749,1,0,18,0,20,5,0,0,10,0,104.05
966,29.88,120.75,2,28800.0,0.8821,1.0,0.8821,1.0,2.0,2.0,0.0,0.0,2397.26,24.783749,1,0,9,1,20,5,0,0,10,0,89.62
1035,22.5,129.38,3,28800.0,0.4787,1.0,0.6383,1.0,4.0,3.0,0.0,0.0,2397.26,24.783749,1,0,19,1,20,5,0,0,10,0,79.1
1050,33.78,131.25,6,28800.0,1.0,1.0,1.0,1.0,5.0,4.0,0.0,0.0,2397.26,24.783749,1,0,5,2,20,5,0,1,10,0,69.09
941,52.47,117.62,2,28800.0,1.0,1.0,1.0,1.0,2.0,2.0,0.0,0.0,2397.26,24.783749,1,0,7,2,20,5,0,0,10,0,67.2
977,46.95,122.12,4,28800.0,1.0,1.0,1.0,1.0,4.0,4.0,0.0,0.0,2397.26,24.783749,1,0,15,2,20,5,0,0,10,0,59.67
951,33.54,118.88,4,28800.0,0.8,1.0,1.0,1.0,5.0,5.0,0.0,0.0,2397.26,24.783749,1,0,3,3,20,5,0,1,10,0,47.04
1012,24.62,126.5,6,28800.0,0.7003,1.0,0.7003,1.0,6.0,6.0,0.0,0.0,2397.26,24.783749,1,0,11,3,20,5,0,0,10,0,38.89
899,43.35,112.38,6,28800.0,1.0,1.0,1.0,1.0,6.0,6.0,0.0,0.0,2397.26,24.783749,1,0,19,3,20,5,0,0,10,0,31.1
1050,32.18,131.25,5,28800.0,1.0,1.0,1.0,1.0,4.0,4.0,0.0,0.0,2397.26,24.783749,1,0,0,4,20,5,0,1,10,0,26.67
981,44.39,130.29,3,27105.0,0.9411,0.9411,1.0,1.0,3.0,3.0,0.0,0.0,2417.45,0.18,1,1,11,4,20,5,0,0,10,0,15.85
972,25.13,134.29,4,26057.0,0.6359,0.9048,0.7028,1.0,4.0,4.0,0.0,0.0,2417.45,0.38,1,1,15,4,20,5,0,0,10,0,11.04
989,43.88,139.17,4,25715.625,0.8883,0.8929374999999999,1.0,1.0,7.0,7.0,0.0,0.0,2417.45,0.83,1,1,2,5,20,5,1,1,10,0,0.29
1050,16.18,146.72,3,25763.0,0.5297,0.8945,0.5922,1.0,3.0,3.0,0.0,0.0,2497.29,1.13,2,1,9,5,20,5,1,0,10,0,75.63
1050,39.32,147.03,2,25715.625,0.8927,0.8929374999999999,1.0,1.0,2.0,2.0,0.0,0.0,2497.29,1.32,2,1,14,5,20,5,1,0,10,0,71.13
1050,36.88,142.03,7,26615.0,0.9241,0.9241,1.0,1.0,2.0,2.0,0.0,0.0,2497.29,1.72,1,1,0,6,20,5,1,1,10,0,61.43
1024,15.05,128.0,2,28800.0,0.4864,1.0,0.4864,1.0,2.0,2.0,0.0,0.0,2497.29,2.01,1,1,6,6,20,5,1,0,10,0,54.63
990,40.23,123.75,2,28800.0,1.0,1.0,1.0,1.0,2.0,2.0,0.0,0.0,2497.29,2.35,1,1,15,6,20,5,1,0,10,0,46.43
1050,11.54,131.25,2,28800.0,0.4145,1.0,0.4145,1.0,2.0,2.0,0.0,0.0,2497.29,2.71,1,1,23,6,20,5,1,1,10,0,37.71
985,14.54,123.12,6,28800.0,0.4306,1.0,0.4306,1.0,6.0,6.0,0.0,0.0,2497.29,3.28,1,1,13,0,21,5,0,0,10,0,24.03
1050,33.87,131.25,2,28800.0,0.9829,1.0,0.9829,1.0,2.0,2.0,0.0,0.0,2497.29,3.32,1,1,14,0,21,5,0,0,10,0,23.2
1029,28.01,128.62,5,28800.0,0.766,1.0,0.766,1.0,5.0,5.0,0.0,0.0,2497.29,3.7,1,1,23,0,21,5,0,1,10,0,13.98
1041,20.95,138.92,3,26976.0,0.617,0.9367,0.6587,1.0,3.0,3.0,0.0,0.0,2497.29,4.01,1,1,6,1,21,5,0,0,10,0,6.53
956,10.08,126.68,4,27168.0,0.2785,0.9433,0.2952,1.0,4.0,4.0,0.0,0.0,2517.45,4.55,2,1,19,1,21,5,0,0,10,0,79.3
1050,29.74,137.95,3,27402.0,0.8226,0.9515,0.8645,1.0,3.0,3.0,0.0,0.0,2517.45,4.65,2,1,22,1,21,5,0,1,10,0,76.92
1050,12.12,137.91,2,27410.0,0.2549,0.9517,0.4018,1.0,3.0,2.0,0.0,0.0,2581.23,5.25,3,1,12,2,21,5,0,0,10,0,62.67
887,29.04,113.56,2,28120.0,0.469,0.9764,0.7205,1.0,3.0,2.0,0.0,0.0,2581.23,5.37,3,1,15,2,21,5,0,0,10,0,59.73
1050,22.08,134.43,2,28119.0,0.6756,0.9764,0.6919,1.0,4.0,4.0,0.0,0.0,2581.23,5.83,3,1,2,3,21,5,0,1,10,0,48.77
904,35.99,113.0,3,28800.0,0.6497,1.0,0.8663,1.0,4.0,3.0,0.0,0.0,2581.23,6.07,3,1,8,3,21,5,0,0,10,0,42.87
1050,25.14,131.25,3,28800.0,0.7853,1.0,0.7853,1.0,3.0,3.0,0.0,0.0,2581.23,6.49,3,1,18,3,21,5,0,0,10,0,32.92
1050,9.99,131.25,4,28800.0,0.3219,1.0,0.3219,1.0,3.0,3.0,0.0,0.0,2581.23,6.92,3,1,4,4,21,5,0,1,10,0,22.43
1036,26.39,129.5,4,28800.0,0.7589,1.0,0.9486,1.0,5.0,4.0,0.0,0.0,2581.23,6.98,3,1,6,4,21,5,0,0,10,0,21.1
1050,43.21,131.25,5,28800.0,1.0,1.0,1.0,1.0,5.0,5.0,0.0,0.0,2581.23,7.5,3,1,18,4,21,5,0,0,10,0,8.65
1050,22.47,131.25,3,28800.0,0.653,1.0,0.653,1.0,3.0,3.0,0.0,0.0,2581.23,7.65,3,1,22,4,21,5,0,1,10,0,5.02
1020,26.92,141.23,6,26001.0,0.8995,0.9028,0.9964,1.0,6.0,6.0,0.0,0.0,2591.12,8.33,2,1,14,5,21,5,1,0,10,0,3.12
1050,13.75,153.18,2,25715.625,0.4575,0.8929374999999999,0.534,1.0,4.0,4.0,0.0,0.0,2611.26,8.95,3,1,5,6,21,5,1,1,10,0,11.32
1050,21.0,149.8,5,25715.625,0.6989,0.8929374999999999,0.7977,1.0,5.0,5.0,0.0,0.0,2611.26,9.21,3,1,11,6,21,5,1,0,10,0,5.1
744,32.11,99.41,4,26944.0,0.6216,0.9356,0.6644,1.0,3.0,3.0,0.0,0.0,2791.49,9.94,4,1,5,0,22,5,0,1,10,0,170.76
1011,41.96,126.38,3,28800.0,1.0,1.0,1.0,1.0,3.0,3.0,0.0,0.0,2791.49,10.12,4,1,9,0,22,5,0,0,10,0,166.46
1043,36.45,130.38,3,28800.0,1.0,1.0,1.0,1.0,3.0,3.0,0.0,0.0,2791.49,10.4,4,1,16,0,22,5,0,0,10,0,159.71
927,38.75,115.88,3,28800.0,1.0,1.0,1.0,1.0,5.0,5.0,0.0,0.0,2791.49,10.82,4,1,2,1,22,5,0,1,10,0,149.66
1029,31.46,128.62,4,28800.0,0.8,1.0,1.0,1.0,5.0,4.0,0.0,0.0,2791.49,11.18,4,1,10,1,22,5,0,0,10,0,141.06
1050,38.24,131.25,3,28800.0,1.0,1.0,1.0,1.0,3.0,3.0,0.0,0.0,2791.49,11.39,3,1,15,1,22,5,0,0,10,0,136.03
1050,16.63,131.25,5,28800.0,0.5002,1.0,0.5002,1.0,5.0,5.0,0.0,0.0,2791.49,11.66,3,1,22,1,22,5,0,1,10,0,129.39
1050,32.0,131.25,5,28800.0,1.0,1.0,1.0,1.0,5.0,5.0,0.0,0.0,2791.49,11.97,3,1,6,2,22,5,0,0,10,0,121.91
894,46.63,111.75,2,28800.0,1.0,1.0,1.0,1.0,2.0,2.0,0.0,0.0,2791.49,12.49,2,1,18,2,22,5,0,0,10,0,109.54
1004,43.67,125.5,4,28800.0,1.0,1.0,1.0,1.0,2.0,2.0,0.0,0.0,2791.49,12.78,2,1,1,3,22,5,0,1,10,0,102.68
1050,20.37,131.25,5,28800.0,0.6171,1.0,0.7405,1.0,6.0,5.0,0.0,0.0,2791.49,13.08,2,1,8,3,22,5,0,0,10,0,95.26
900,25.42,112.5,3,28800.0,0.6787,1.0,0.6787,1.0,3.0,3.0,0.0,0.0,2791.49,13.5,2,1,18,3,22,5,0,0,10,0,85.26
1009,40.75,126.12,2,28800.0,1.0,1.0,1.0,1.0,5.0,5.0,0.0,0.0,2791.49,13.73,2,1,0,4,22,5,0,1,10,0,79.84
834,9.03,104.25,3,28800.0,0.2519,1.0,0.2519,1.0,3.0,3.0,0.0,0.0,2791.49,14.06,2,1,8,4,22,5,0,0,10,0,71.76
989,13.46,123.62,5,28800.0,0.3497,1.0,0.4196,1.0,6.0,5.0,0.0,0.0,2791.49,14.61,2,1,21,4,22,5,0,0,10,0,58.59
985,15.09,123.12,5,28800.0,0.5154,1.0,0.5154,1.0,3.0,3.0,0.0,0.0,2791.49,14.85,2,1,3,5,22,5,1,1,10,0,52.78
1010,31.56,126.25,1,28800.0,0.5,1.0,1.0,1.0,2.0,1.0,0.0,0.0,2791.49,15.18,2,1,10,5,22,5,1,0,10,0,45.04
1015,12.74,126.88,3,28800.0,0.3296,1.0,0.4395,1.0,4.0,3.0,0.0,0.0,2791.49,15.38,2,1,15,5,22,5,1,0,10,0,40.21
1050,25.59,131.25,3,28800.0,0.8334,1.0,0.8334,1.0,3.0,3.0,0.0,0.0,2791.49,15.72,1,1,23,5,22,5,1,1,10,0,32.09
1045,32.1,130.62,5,28800.0,0.9779,1.0,0.9779,1.0,5.0,5.0,0.0,0.0,2791.49,16.28,1,1,13,6,22,5,1,0,10,0,18.59
923,21.49,115.38,3,28800.0,0.5496,1.0,0.5496,1.0,3.0,3.0,0.0,0.0,2791.49,16.67,0,1,22,6,22,5,1,1,10,0,9.19
970,14.55,138.05,2,25715.625,0.4591,0.8929374999999999,0.5227,1.0,2.0,2.0,0.0,0.0,2791.49,17.1,1,1,9,0,23,6,0,0,10,0,59.27
1050,11.01,151.38,2,25715.625,0.3413,0.8929374999999999,0.3936,1.0,2.0,2.0,0.0,0.0,2849.79,17.63,1,1,21,0,23,6,0,0,10,0,46.68
1050,34.1,131.25,6,28800.0,1.0,1.0,1.0,1.0,6.0,6.0,0.0,0.0,2849.79,18.13,1,1,9,1,23,6,0,0,10,0,34.72
898,17.9,112.25,2,28800.0,0.4241,1.0,0.4241,1.0,2.0,2.0,0.0,0.0,2849.79,18.52,1,1,19,1,23,6,0,0,10,0,25.35
1050,42.01,131.25,2,28800.0,1.0,1.0,1.0,1.0,2.0,2.0,0.0,0.0,2849.79,18.64,1,1,22,1,23,6,0,1,10,0,22.28
974,12.13,127.4,2,27522.0,0.3239,0.9556,0.339,1.0,2.0,2.0,0.0,0.0,2849.79,19.19,1,1,11,2,23,6,0,0,10,0,9.08
1037,28.75,136.71,6,27308.0,0.9482,0.9482,1.0,1.0,6.0,6.0,0.0,0.0,2849.79,19.45,1,1,17,2,23,6,0,0,10,0,3.07
1027,23.17,141.87,5,26061.0,0.7267,0.9049,0.8031,1.0,5.0,4.0,0.0,0.0,2870.82,19.91,2,1,4,3,23,6,0,1,10,0,14.56
952,27.02,142.46,6,25715.625,0.7487,0.8929374999999999,0.8963,1.0,6.0,6.0,0.0,0.0,2870.82,20.23,2,1,12,3,23,6,0,0,10,0,6.77
944,16.18,148.3,5,25715.625,0.4586,0.8929374999999999,0.5763,1.0,5.0,5.0,0.0,0.0,2870.82,20.61,3,1,21,3,23,6,0,0,10,0,44.25
973,11.18,131.91,4,26555.0,0.267,0.922,0.362,1.0,6.0,4.0,0.0,0.0,2881.33,20.96,3,1,5,4,23,6,0,1,10,0,35.79
1050,50.5,168.25,4,25715.625,0.7801,0.8929374999999999,1.0,1.0,4.0,4.0,0.0,0.0,2881.33,21.1,3,2,9,4,23,6,0,0,10,0,32.32
889,15.34,173.66124,5,25715.625,0.4615,0.8929374999999999,0.7645,1.0,5.0,5.0,0.0,0.0,2883.33,0.04,3,2,14,4,23,6,0,0,10,0,26.92
1050,37.56,173.66124,4,25715.625,0.388,0.8929374999999999,1.0,1.0,2.0,2.0,0.0,0.0,2906.55,0.4,3,3,3,5,23,6,1,1,10,0,13.7
1050,40.94,135.16,2,27967.0,0.6474,0.9711,1.0,1.0,3.0,2.0,0.0,0.0,2906.55,0.52,3,3,6,5,23,6,1,0,10,0,10.64
1000,41.95,128.03,5,28119.0,0.9764,0.9764,1.0,1.0,5.0,5.0,0.0,0.0,3045.34,1.02,4,3,18,5,23,6,1,0,10,0,138.67
889,37.61,115.31,2,27754.0,0.9637,0.9637,1.0,1.0,5.0,5.0,0.0,0.0,3045.34,1.41,4,3,4,6,23,6,1,1,10,0,129.25
869,18.86,108.62,4,28800.0,0.5226,1.0,0.5226,1.0,4.0,4.0,0.0,0.0,3045.34,1.58,4,3,8,6,23,6,1,0,10,0,125.2
1022,37.68,127.75,3,28800.0,0.75,1.0,1.0,1.0,4.0,3.0,0.0,0.0,3045.34,2.1,4,3,20,6,23,6,1,0,10,0,112.67
958,31.11,119.75,5,28800.0,0.8842,1.0,0.8842,1.0,3.0,3.0,0.0,0.0,3045.34,2.48,4,3,5,0,24,6,0,1,10,0,103.53
1050,31.51,131.25,6,28800.0,0.9446,1.0,0.9446,1.0,6.0,6.0,0.0,0.0,3045.34,2.73,3,3,11,0,24,6,0,0,10,0,97.47
852,18.77,106.5,3,28800.0,0.4591,1.0,0.4591,1.0,3.0,3.0,0.0,0.0,3045.34,2.94,3,3,16,0,24,6,0,0,10,0,92.6
989,12.73,123.62,3,28800.0,0.4313,1.0,0.4313,1.0,5.0,5.0,0.0,0.0,3045.34,3.44,3,3,4,1,24,6,0,1,10,0,80.6
825,41.41,103.12,3,28800.0,0.9407,1.0,0.9407,1.0,3.0,3.0,0.0,0.0,3045.34,3.76,3,3,12,1,24,6,0,0,10,0,72.75
1050,41.0,131.25,3,28800.0,1.0,1.0,1.0,1.0,3.0,3.0,0.0,0.0,3045.34,4.09,3,3,20,1,24,6,0,0,10,0,64.85
922,14.57,115.25,5,28800.0,0.4197,1.0,0.4197,1.0,5.0,5.0,0.0,0.0,3045.34,4.16,3,3,22,1,24,6,0,1,10,0,63.18
1050,41.28,131.25,4,28800.0,1.0,1.0,1.0,1.0,4.0,4.0,0.0,0.0,3045.34,4.53,3,3,7,2,24,6,0,0,10,0,54.32
1050,36.85,131.25,2,28800.0,1.0,1.0,1.0,1.0,2.0,2.0,0.0,0.0,3045.34,5.13,2,3,21,2,24,6,0,0,10,0,39.98
847,43.75,105.88,0,28800.0,0.9666,1.0,1.0,1.0,4.0,3.0,0.0,0.0,3045.34,5.35,2,3,2,3,24,6,0,1,10,0,34.77
911,14.34,113.88,5,28800.0,0.3502,1.0,0.3502,1.0,5.0,5.0,0.0,0.0,3045.34,5.71,2,3,11,3,24,6,0,0,10,0,26.02
986,41.96,123.25,4,28800.0,1.0,1.0,1.0,1.0,4.0,4.0,0.0,0.0,3045.34,6.13,1,3,21,3,24,6,0,0,10,0,15.98
1040,45.14,130.0,3,28800.0,0.75,1.0,1.0,1.0,3.0,3.0,0.0,0.0,3045.34,6.44,1,3,4,4,24,6,0,1,10,0,8.52
873,9.14,112.07,3,28043.0,0.2628,0.9737,0.2699,1.0,3.0,3.0,0.0,0.0,3045.34,6.67,1,3,10,4,24,6,0,0,10,0,2.93
949,18.29,121.77,2,28056.0,0.4936,0.9742,0.5067,1.0,2.0,2.0,0.0,0.0,3240.08,7.03,2,3,18,4,24,6,0,0,10,0,213.83
1050,26.6,134.78,3,28046.0,0.9107,0.9738,0.9352,1.0,4.0,4.0,0.0,0.0,3240.08,7.3,2,3,1,5,24,6,1,1,10,0,207.16
1050,44.34,131.25,6,28800.0,1.0,1.0,1.0,1.0,6.0,6.0,0.0,0.0,3240.08,7.71,2,3,11,5,24,6,1,0,10,0,197.48
937,18.96,117.12,4,28800.0,0.5121,1.0,0.5121,1.0,4.0,4.0,0.0,0.0,3240.08,8.13,1,3,21,5,24,6,1,0,10,0,187.4
1050,34.48,131.25,4,28800.0,0.9483,1.0,0.9483,1.0,4.0,3.0,0.0,0.0,3240.08,8.41,1,3,4,6,24,6,1,1,10,0,180.66
1050,19.91,131.25,4,28800.0,0.6552,1.0,0.6552,1.0,4.0,4.0,0.0,0.0,3240.08,8.8,1,2,13,6,24,6,1,0,10,0,171.36
1001,12.55,125.12,4,28800.0,0.3691,1.0,0.3691,1.0,4.0,4.0,0.0,0.0,3240.08,9.14,1,2,21,6,24,6,1,0,10,0,162.98
995,42.16,124.38,3,28800.0,0.75,1.0,1.0,1.0,3.0,3.0,0.0,0.0,3240.08,9.46,1,2,5,0,25,6,0,1,10,0,155.36
1050,32.62,131.25,2,28800.0,1.0,1.0,1.0,1.0,2.0,2.0,0.0,0.0,3240.08,9.62,1,2,9,0,25,6,0,0,10,0,151.68
1044,42.67,130.5,6,28800.0,1.0,1.0,1.0,1.0,6.0,6.0,0.0,0.0,3240.08,9.95,1,2,17,0,25,6,0,0,10,0,143.6
1050,16.67,131.25,3,28800.0,0.5028,1.0,0.5028,1.0,3.0,3.0,0.0,0.0,3240.08,10.18,1,2,22,0,25,6,0,1,10,0,138.25
810,14.71,101.25,6,28800.0,0.3727,1.0,0.3727,1.0,6.0,6.0,0.0,0.0,3240.08,10.55,1,2,7,1,25,6,0,0,10,0,129.28
983,43.1,122.88,5,28800.0,0.8333,1.0,1.0,1.0,6.0,5.0,0.0,0.0,3240.08,11.05,1,2,19,1,25,6,0,0,10,0,117.26
954,42.93,119.25,5,28800.0,1.0,1.0,1.0,1.0,5.0,5.0,0.0,0.0,3240.08,11.21,1,2,23,1,25,6,0,1,10,0,113.38
1050,23.81,131.25,2,28800.0,0.7481,1.0,0.7481,1.0,2.0,2.0,0.0,0.0,3240.08,11.78,1,2,12,2,25,6,0,0,10,0,99.73
1050,30.6,131.25,3,28800.0,0.91,1.0,0.91,1.0,3.0,3.0,0.0,0.0,3240.08,11.98,1,2,17,2,25,6,0,0,10,0,94.86
1050,21.94,131.25,2,28800.0,0.7044,1.0,0.7044,1.0,2.0,2.0,0.0,0.0,3240.08,12.2,1,2,23,2,25,6,0,1,10,0,89.63
1050,37.35,131.25,4,28800.0,1.0,1.0,1.0,1.0,4.0,4.0,0.0,0.0,3240.08,12.73,1,2,11,3,25,6,0,0,10,0,76.86
1008,21.53,126.0,4,28800.0,0.624,1.0,0.624,1.0,4.0,4.0,0.0,0.0,3240.08,13.08,1,2,20,3,25,6,0,0,10,0,68.45
961,41.51,120.12,4,28800.0,1.0,1.0,1.0,1.0,1.0,1.0,0.0,0.0,3240.08,13.27,1,2,0,4,25,6,0,1,10,0,64.08
1050,24.98,131.25,6,28800.0,0.7536,1.0,0.7536,1.0,6.0,6.0,0.0,0.0,3240.08,13.79,1,2,13,4,25,6,0,0,10,0,51.43
1015,18.68,126.88,2,28800.0,0.5893,1.0,0.5893,1.0,2.0,2.0,0.0,0.0,3240.08,14.03,0,2,18,4,25,6,0,0,10,0,45.75
1050,11.69,131.25,1,28800.0,0.3442,1.0,0.3442,1.0,7.0,6.0,0.0,0.0,3240.08,14.43,0,2,4,5,25,6,1,1,10,0,36.2
1020,21.49,152.25,6,25715.625,0.5837,0.8929374999999999,0.697,1.0,6.0,6.0,0.0,0.0,3240.08,14.68,0,2,10,5,25,6,1,0,10,0,30.05
949,34.9,136.43,4,25715.625,0.8695,0.8929374999999999,1.0,1.0,4.0,4.0,0.0,0.0,3240.08,14.83,0,2,14,5,25,6,1,0,10,0,26.56
913,28.79,124.97,6,26301.0,0.6165,0.9132,0.7876,1.0,3.0,3.0,0.0,0.0,3260.44,0.28,0,3,2,6,25,6,1,1,10,0,13.71
854,32.44,116.36,2,26422.0,0.9154,0.9174,0.9978,1.0,2.0,2.0,0.0,0.0,3260.44,0.88,1,3,17,6,25,6,1,0,10,0,87.1
866,9.84,113.63,3,27436.0,0.2543,0.9526,0.267,1.0,2.0,2.0,0.0,0.0,3346.3,1.27,1,3,2,0,26,6,0,1,10,0,77.69
1010,21.63,126.25,5,28800.0,0.5851,1.0,0.7021,1.0,6.0,5.0,0.0,0.0,3346.3,1.46,1,3,7,0,26,6,0,0,10,0,73.09
995,18.81,124.38,2,28800.0,0.6271,1.0,0.6271,1.0,2.0,2.0,0.0,0.0,3346.3,1.97,1,3,19,0,26,6,0,0,10,0,60.92
1050,34.84,131.25,2,28800.0,0.9651,1.0,0.9651,1.0,8.0,7.0,0.0,0.0,3346.3,2.27,1,3,2,1,26,6,0,1,10,0,53.65
944,38.33,118.0,6,28800.0,0.9312,1.0,0.9312,1.0,6.0,6.0,0.0,0.0,3346.3,2.5,1,3,8,1,26,6,0,0,10,0,48.15
947,40.49,118.38,4,28800.0,1.0,1.0,1.0,1.0,4.0,4.0,0.0,0.0,3346.3,2.85,1,3,16,1,26,6,0,0,10,0,39.84
1050,32.68,131.25,7,28800.0,0.7724,1.0,0.8827,1.0,3.0,3.0,0.0,0.0,3346.3,3.27,1,3,2,2,26,6,0,1,10,0,29.7
1050,43.38,131.25,6,28800.0,1.0,1.0,1.0,1.0,6.0,6.0,0.0,0.0,3346.3,3.6,1,3,10,2,26,6,0,0,10,0,21.75
955,22.17,119.38,3,28800.0,0.5548,1.0,0.5548,1.0,3.0,3.0,0.0,0.0,3346.3,4.0,1,3,20,2,26,6,0,0,10,0,12.25
1050,28.26,131.25,3,28800.0,0.9658,1.0,0.9658,1.0,3.0,3.0,0.0,0.0,3346.3,4.37,1,3,5,3,26,6,0,1,10,0,3.19
1050,23.97,159.28,2,25715.625,0.7645,0.8929374999999999,0.9278,1.0,2.0,2.0,0.0,0.0,3346.3,4.6,2,3,10,3,26,6,0,0,10,0,21.59
792,18.53,114.03,5,25715.625,0.4265,0.8929374999999999,0.4913,1.0,5.0,5.0,0.0,0.0,3367.14,4.86,2,3,16,3,26,6,0,0,10,0,15.33
1050,15.9,143.18,3,26401.0,0.4608,0.9167,0.5027,1.0,5.0,4.0,0.0,0.0,3367.14,5.16,2,3,0,4,26,6,0,1,10,0,8.13
945,9.13,118.12,2,28800.0,0.2687,1.0,0.2687,1.0,2.0,2.0,0.0,0.0,3367.14,5.41,2,3,6,4,26,6,0,0,10,0,2.06
964,36.21,120.5,3,28800.0,1.0,1.0,1.0,1.0,3.0,3.0,0.0,0.0,3378.55,5.94,2,3,18,4,26,6,0,0,10,0,250.94
1050,26.88,131.25,4,28800.0,0.7429,1.0,0.9286,1.0,5.0,5.0,0.0,0.0,3378.55,6.16,2,3,0,5,26,6,1,1,10,0,245.71
989,38.92,131.16,3,27145.0,0.5655,0.9425,1.0,1.0,5.0,3.0,0.0,0.0,3618.55,0.46,2,4,16,5,26,6,1,0,10,0,228.94
904,11.92,118.97,5,27354.0,0.3402,0.9498,0.3582,1.0,3.0,3.0,0.0,0.0,3618.55,1.0,2,4,5,6,26,6,1,1,10,0,216.08
952,20.12,119.0,5,28800.0,0.5368,1.0,0.5368,1.0,5.0,5.0,0.0,0.0,3618.55,1.06,2,4,7,6,26,6,1,0,10,0,214.53
1012,44.81,126.5,3,28800.0,0.75,1.0,1.0,1.0,4.0,3.0,0.0,0.0,3618.55,1.39,2,4,15,6,26,6,1,0,10,0,206.61
1050,46.39,131.25,3,28800.0,1.0,1.0,1.0,1.0,7.0,7.0,0.0,0.0,3618.55,1.78,1,4,0,0,27,6,0,1,10,0,197.31
989,36.19,123.62,4,28800.0,1.0,1.0,1.0,1.0,4.0,4.0,0.0,0.0,3618.55,2.31,1,4,13,0,27,6,0,0,10,0,184.59
1050,29.12,131.25,6,28800.0,0.9428,1.0,0.9428,1.0,6.0,6.0,0.0,0.0,3618.55,2.57,1,4,19,0,27,6,0,0,10,0,178.23
1035,15.34,129.38,7,28800.0,0.4129,1.0,0.4129,1.0,6.0,4.0,0.0,0.0,3618.55,2.83,1,4,1,1,27,6,0,1,10,0,172.08
922,35.82,115.25,4,28800.0,0.9374,1.0,0.9374,1.0,4.0,4.0,0.0,0.0,3618.55,3.21,1,4,10,1,27,6,0,0,10,0,162.93
1046,24.07,130.75,5,28800.0,0.8415,1.0,0.8415,1.0,5.0,5.0,0.0,0.0,3618.55,3.58,1,4,19,1,27,6,0,0,10,0,154.14
927,28.08,115.88,4,28800.0,0.5504,1.0,0.8256,1.0,5.0,5.0,0.0,0.0,3618.55,3.87,1,4,2,2,27,7,0,1,10,0,147.21
943,42.61,117.88,5,28800.0,1.0,1.0,1.0,1.0,5.0,5.0,0.0,0.0,3618.55,4.16,1,4,9,2,27,7,0,0,10,0,140.13
1050,15.75,131.25,5,28800.0,0.4987,1.0,0.4987,1.0,5.0,5.0,0.0,0.0,3618.55,4.56,1,4,19,2,27,7,0,0,10,0,130.58
1031,19.57,128.88,5,28800.0,0.6225,1.0,0.6225,1.0,4.0,4.0,0.0,0.0,3618.55,4.92,1,4,3,3,27,7,0,1,10,0,121.98
1050,15.12,131.25,4,28800.0,0.4331,1.0,0.5414,1.0,5.0,4.0,0.0,0.0,3618.55,5.28,0,4,12,3,27,7,0,0,10,0,113.39
933,23.21,116.62,3,28800.0,0.7049,1.0,0.7049,1.0,3.0,3.0,0.0,0.0,3618.55,5.55,0,4,19,3,27,7,0,0,10,0,106.84
1050,32.74,131.25,4,28800.0,1.0,1.0,1.0,1.0,4.0,4.0,0.0,0.0,3618.55,5.73,0,4,23,3,27,7,0,1,10,0,102.38
925,13.25,115.62,3,28800.0,0.2638,1.0,0.3517,1.0,4.0,3.0,0.0,0.0,3618.55,6.12,0,4,8,4,27,7,0,0,10,0,93.11
897,12.06,112.12,3,28800.0,0.3255,1.0,0.3255,1.0,3.0,3.0,0.0,0.0,3618.55,6.62,0,4,20,4,27,7,0,0,10,0,81.19
1050,50.51,131.25,6,28800.0,1.0,1.0,1.0,1.0,3.0,3.0,0.0,0.0,3618.55,6.99,0,4,5,5,27,7,1,1,10,0,72.21
1050,34.42,131.25,4,28800.0,0.8,1.0,1.0,1.0,5.0,4.0,0.0,0.0,3618.55,7.32,0,4,13,5,27,7,1,0,10,0,64.29
1050,47.67,131.25,6,28800.0,1.0,1.0,1.0,1.0,6.0,6.0,0.0,0.0,3618.55,7.62,0,4,20,5,27,7,1,0,10,0,57.08
1017,13.03,127.12,3,28800.0,0.4347,1.0,0.4347,1.0,4.0,4.0,0.0,0.0,3618.55,7.83,0,4,1,6,27,7,1,1,10,0,51.98
1050,25.12,131.25,2,28800.0,0.8287,1.0,0.8287,1.0,2.0,2.0,0.0,0.0,3618.55,8.25,0,3,11,6,27,7,1,0,10,0,41.94
1004,16.79,125.5,3,28800.0,0.5682,1.0,0.5682,1.0,3.0,3.0,0.0,0.0,3618.55,8.48,0,2,17,6,27,7,1,0,10,0,36.48
1050,48.4,131.25,3,28800.0,1.0,1.0,1.0,1.0,3.0,3.0,0.0,0.0,3618.55,9.12,0,2,8,0,28,7,0,0,10,0,21.08
919,30.88,114.88,4,28800.0,0.7805,1.0,0.7805,1.0,4.0,4.0,0.0,0.0,3618.55,9.41,0,2,15,0,28,7,0,0,10,0,14.08
1050,41.79,131.25,1,28800.0,1.0,1.0,1.0,1.0,2.0,2.0,0.0,0.0,3618.55,9.94,0,2,4,1,28,7,0,1,10,0,1.41
1050,35.55,138.69,4,27256.0,0.631,0.9464,1.0,1.0,6.0,4.0,0.0,0.0,3643.74,10.23,1,2,11,1,28,7,0,0,10,0,21.39
866,37.24,113.47,2,27476.0,0.954,0.954,1.0,1.0,2.0,2.0,0.0,0.0,3643.74,10.42,1,2,16,1,28,7,0,0,10,0,16.79
775,18.98,107.02,2,26070.0,0.4515,0.9052,0.4988,1.0,2.0,2.0,0.0,0.0,3643.74,10.75,1,2,23,1,28,7,0,1,10,0,9.04
940,34.48,117.5,4,28800.0,0.8,1.0,1.0,1.0,5.0,4.0,0.0,0.0,3643.74,11.1,1,2,8,2,28,7,0,0,10,0,0.54
1050,37.94,131.25,5,28800.0,1.0,1.0,1.0,1.0,5.0,5.0,0.0,0.0,3689.52,11.48,1,2,17,2,28,7,0,0,10,0,136.88
1050,19.39,131.25,5,28800.0,0.5338,1.0,0.5338,1.0,5.0,5.0,0.0,0.0,3689.52,11.74,1,2,23,2,28,7,0,1,10,0,130.62
908,28.21,113.5,2,28800.0,0.5434,1.0,0.815,1.0,3.0,2.0,0.0,0.0,3689.52,12.3,1,2,13,3,28,7,0,0,10,0,117.2
918,18.15,114.75,3,28800.0,0.5524,1.0,0.5524,1.0,3.0,3.0,0.0,0.0,3689.52,12.66,1,2,21,3,28,7,0,0,10,0,108.55
1050,24.7,131.25,8,28800.0,0.7131,1.0,0.7131,1.0,3.0,3.0,0.0,0.0,3689.52,12.97,1,2,5,4,28,7,0,1,10,0,101.12
869,36.55,108.62,4,28800.0,0.9315,1.0,0.9315,1.0,4.0,4.0,0.0,0.0,3689.52,13.16,1,3,9,4,28,7,0,0,10,0,96.42
1004,31.13,125.5,6,28800.0,0.9123,1.0,0.9123,1.0,6.0,6.0,0.0,0.0,3785.08,13.58,1,3,19,4,28,7,0,0,10,0,86.47
1050,26.84,131.25,3,28800.0,0.8021,1.0,0.8021,1.0,5.0,5.0,0.0,0.0,3785.08,13.76,1,3,0,5,28,7,1,1,10,0,82.1
1008,8.73,126.0,2,28800.0,0.2947,1.0,0.2947,1.0,2.0,2.0,0.0,0.0,3785.08,14.04,1,3,6,5,28,7,1,0,10,0,75.52
983,13.91,122.88,6,28800.0,0.3587,1.0,0.3587,1.0,6.0,6.0,0.0,0.0,3785.08,14.62,1,3,20,5,28,7,1,0,10,0,61.53
1050,19.92,131.25,5,28800.0,0.6581,1.0,0.6581,1.0,6.0,6.0,0.0,0.0,3785.08,14.99,1,3,5,6,28,7,1,1,10,0,52.59
1050,26.79,131.25,5,28800.0,0.7587,1.0,0.7587,1.0,5.0,5.0,0.0,0.0,3785.08,15.2,1,3,10,6,28,7,1,0,10,0,47.55
1050,13.53,131.25,6,28800.0,0.4116,1.0,0.4116,1.0,6.0,6.0,0.0,0.0,3785.08,15.54,1,3,18,6,28,7,1,0,10,0,39.38
967,32.4,120.88,6,28800.0,0.8774,1.0,0.8774,1.0,3.0,3.0,0.0,0.0,3785.08,15.96,1,3,4,0,29,7,0,1,10,0,29.45
969,19.32,121.12,5,28800.0,0.5023,1.0,0.5023,1.0,5.0,5.0,0.0,0.0,3785.08,16.27,1,3,12,0,29,7,0,0,10,0,22.0
1004,16.48,125.5,4,28800.0,0.5111,1.0,0.5111,1.0,4.0,4.0,0.0,0.0,3785.08,16.61,1,3,20,0,29,7,0,0,10,0,13.73
1050,42.14,131.25,3,28800.0,1.0,1.0,1.0,1.0,3.0,3.0,0.0,0.0,3785.08,16.88,1,3,2,1,29,7,0,1,10,0,7.3
1050,20.33,144.08,3,26235.0,0.6336,0.9109,0.6956,1.0,3.0,3.0,0.0,0.0,3785.08,17.09,0,3,7,1,29,7,0,0,10,0,2.3
1050,39.71,140.83,2,26840.0,0.9319,0.9319,1.0,1.0,2.0,2.0,0.0,0.0,3819.9,17.45,1,3,16,1,29,7,0,0,10,0,30.79
967,18.79,129.38,3,26907.0,0.5305,0.9343,0.5678,1.0,4.0,4.0,0.0,0.0,3819.9,17.92,1,3,3,2,29,7,0,1,10,0,19.51
969,36.9,121.12,4,28800.0,0.9734,1.0,0.9734,1.0,4.0,4.0,0.0,0.0,3819.9,18.06,1,3,7,2,29,7,0,0,10,0,16.01
994,34.29,124.25,3,28800.0,0.877,1.0,0.877,1.0,3.0,3.0,0.0,0.0,3819.9,18.49,1,3,17,2,29,7,0,0,10,0,5.82
922,34.23,115.25,4,28800.0,0.9422,1.0,0.9422,1.0,4.0,4.0,0.0,0.0,3819.9,18.74,2,3,23,2,29,7,0,1,10,0,39.73
992,40.34,124.0,3,28800.0,1.0,1.0,1.0,1.0,3.0,3.0,0.0,0.0,3853.84,19.13,2,3,9,3,29,7,0,0,10,0,30.48
1050,44.64,131.25,2,28800.0,1.0,1.0,1.0,1.0,2.0,2.0,0.0,0.0,3853.84,19.47,2,3,17,3,29,7,0,0,10,0,22.43
1050,21.1,131.25,3,28800.0,0.7208,1.0,0.7208,1.0,3.0,2.0,0.0,0.0,3853.84,19.91,2,3,3,4,29,7,0,1,10,0,11.86
953,31.29,125.55,3,27327.0,0.8005,0.9489,0.8436,1.0,3.0,3.0,0.0,0.0,3853.84,20.16,2,3,9,4,29,7,0,0,10,0,5.83
1050,41.25,137.02,2,27587.0,0.9579,0.9579,1.0,1.0,2.0,2.0,0.0,0.0,3859.64,20.46,3,3,16,4,29,7,0,0,10,0,46.09
1050,25.03,140.96,2,26816.0,0.4511,0.9311,0.7267,1.0,3.0,2.0,0.0,0.0,3859.64,20.67,4,3,22,4,29,7,0,1,10,0,40.92
1050,37.09,131.25,3,28800.0,1.0,1.0,1.0,1.0,3.0,3.0,0.0,0.0,3900.17,21.03,4,3,6,5,29,7,1,0,10,0,32.44
912,39.96,114.0,6,28800.0,1.0,1.0,1.0,1.0,6.0,6.0,0.0,0.0,3900.17,21.61,4,3,20,5,29,7,1,0,10,0,18.51
1050,25.93,131.25,4,28800.0,0.8298,1.0,0.8298,1.0,4.0,4.0,0.0,0.0,3900.17,21.83,4,3,1,6,29,7,1,1,10,0,13.11
980,22.06,136.08,3,25925.0,0.5567,0.9002,0.6184,1.0,3.0,3.0,0.0,0.0,3900.17,22.32,4,3,13,6,29,7,1,0,10,0,1.41
908,15.29,113.5,2,28800.0,0.3768,1.0,0.3768,1.0,2.0,2.0,0.0,0.0,3999.5,23.2,5,3,10,0,30,7,0,0,10,0,178.67
822,34.5,102.75,5,28800.0,0.7321,1.0,0.7321,1.0,5.0,5.0,0.0,0.0,3999.5,23.35,5,3,14,0,30,7,0,0,10,0,175.0
960,39.45,120.0,2,28800.0,1.0,1.0,1.0,1.0,4.0,3.0,0.0,0.0,3999.5,23.95,5,2,4,1,30,7,0,1,10,0,160.64
1050,45.7,131.25,4,28800.0,1.0,1.0,1.0,1.0,4.0,4.0,0.0,0.0,3999.5,24.31,4,2,13,1,30,7,0,0,10,0,152.02
805,27.89,100.62,2,28800.0,0.585,1.0,0.585,1.0,2.0,2.0,0.0,0.0,3999.5,24.54,4,2,18,1,30,7,0,0,10,0,146.4
1050,33.49,131.25,3,28800.0,0.75,1.0,1.0,1.0,4.0,4.0,0.0,0.0,3999.5,24.76,4,2,0,2,30,7,0,1,10,0,141.2
1050,11.49,131.25,5,28800.0,0.3624,1.0,0.3624,1.0,5.0,5.0,0.0,0.0,3999.5,24.783749,4,2,6,2,30,7,0,0,10,0,134.57
788,44.83,98.5,4,28800.0,0.8,1.0,1.0,1.0,5.0,4.0,0.0,0.0,3999.5,24.783749,4,2,21,2,30,7,0,0,10,0,120.19
884,19.1,110.5,4,28800.0,0.4435,1.0,0.4435,1.0,4.0,4.0,0.0,0.0,3999.5,24.783749,4,2,22,2,30,7,0,1,10,0,118.79
946,36.89,122.23,6,27863.0,0.9675,0.9675,1.0,1.0,6.0,6.0,0.0,0.0,3999.5,24.783749,3,2,9,3,30,7,0,0,10,0,107.52
1050,19.15,139.25,3,27146.0,0.5458,0.9426,0.579,1.0,3.0,3.0,0.0,0.0,3999.5,24.783749,3,2,14,3,30,7,0,0,10,0,103.29
982,47.56,127.13,5,27808.0,0.9656,0.9656,1.0,1.0,5.0,3.0,0.0,0.0,4053.8,0.04,4,3,3,4,30,7,0,1,10,0,89.75
941,36.77,124.11,3,27296.0,0.9478,0.9478,1.0,1.0,3.0,3.0,0.0,0.0,4053.8,0.38,4,3,11,4,30,7,0,0,10,0,81.6
975,8.95,126.02,5,27852.0,0.2743,0.9671,0.2836,1.0,5.0,5.0,0.0,0.0,4053.8,0.6,3,3,17,4,30,7,0,0,10,0,76.27
906,42.83,121.53,3,26838.0,0.5591,0.9319,1.0,1.0,5.0,3.0,0.0,0.0,4053.8,0.82,2,3,22,4,30,7,0,1,10,0,71.07
1050,24.39,131.25,5,28800.0,0.6938,1.0,0.6938,1.0,5.0,5.0,0.0,0.0,4053.8,1.57,2,3,16,5,30,7,1,0,10,0,53.09
925,35.68,115.62,2,28800.0,1.0,1.0,1.0,1.0,5.0,5.0,0.0,0.0,4053.8,2.13,2,3,5,6,30,7,1,1,10,0,39.55
981,33.04,122.62,5,28800.0,0.8785,1.0,0.8785,1.0,5.0,5.0,0.0,0.0,4053.8,2.26,2,4,8,6,30,7,1,0,10,0,36.59
741,18.81,92.62,2,28800.0,0.3705,1.0,0.3705,1.0,2.0,2.0,0.0,0.0,4084.36,2.6,1,4,16,6,30,7,1,0,10,0,28.45
916,44.33,114.5,5,28800.0,1.0,1.0,1.0,1.0,4.0,4.0,0.0,0.0,4084.36,3.01,1,4,2,0,31,7,0,1,10,0,18.42
954,12.62,125.05,6,27465.0,0.4124,0.9536,0.4325,1.0,6.0,6.0,0.0,0.0,4084.36,3.46,1,3,13,0,31,7,0,0,10,0,7.77
914,26.94,122.08,4,26953.0,0.5383,0.9359,0.7189,1.0,5.0,4.0,0.0,0.0,4084.36,3.59,1,3,16,0,31,7,0,0,10,0,4.59
1050,37.92,131.25,6,28800.0,1.0,1.0,1.0,1.0,6.0,6.0,0.0,0.0,21.53,,0,0,13,6,5,2,1,0,6,3,8.53
898,44.99,112.25,3,28800.0,1.0,1.0,1.0,1.0,3.0,3.0,0.0,0.0,179.77,,1,0,9,0,6,2,0,0,6,3,195.89
769,21.18,96.12,4,28800.0,0.4095,1.0,0.5119,1.0,5.0,4.0,0.0,0.0,179.77,,1,0,14,0,6,2,0,0,6,3,191.06
1010,27.34,126.25,3,28800.0,0.9367,1.0,0.9367,1.0,5.0,5.0,0.0,0.0,179.77,,1,0,0,1,6,2,0,1,6,3,180.41
920,14.02,115.0,3,28800.0,0.4328,1.0,0.4328,1.0,3.0,3.0,0.0,0.0,179.77,,1,0,13,1,6,2,0,0,6,3,167.47
908,20.91,113.5,3,28800.0,0.3848,1.0,0.513,1.0,4.0,3.0,0.0,0.0,179.77,,1,0,18,1,6,2,0,0,6,3,162.66
683,34.06,85.38,5,28800.0,0.6839,1.0,0.6839,1.0,5.0,5.0,0.0,0.0,179.77,,1,0,3,2,6,2,0,1,6,3,153.67
811,46.09,101.38,3,28800.0,0.9642,1.0,0.9642,1.0,3.0,3.0,0.0,0.0,179.77,,1,0,12,2,6,2,0,0,6,3,144.92
1050,21.19,131.25,2,28800.0,0.6734,1.0,0.6734,1.0,2.0,2.0,0.0,0.0,179.77,,1,0,19,2,6,2,0,0,6,3,137.42
1035,22.42,129.38,5,28800.0,0.6555,1.0,0.6555,1.0,5.0,5.0,0.0,0.0,179.77,,1,0,23,2,6,2,0,1,6,3,133.59
796,34.29,99.5,6,28800.0,0.7548,1.0,0.7548,1.0,6.0,6.0,0.0,0.0,179.77,,1,0,8,3,6,2,0,0,6,3,124.26
955,10.77,119.38,5,28800.0,0.327,1.0,0.327,1.0,5.0,5.0,0.0,0.0,179.77,,1,0,21,3,6,2,0,0,6,3,111.44
829,49.08,103.62,5,28800.0,1.0,1.0,1.0,1.0,3.0,3.0,0.0,0.0,179.77,,1,0,2,4,6,2,0,1,6,3,106.39
906,11.66,113.25,2,28800.0,0.2759,1.0,0.2759,1.0,2.0,2.0,0.0,0.0,179.77,,1,0,10,4,6,2,0,0,6,3,98.47
903,27.68,112.88,4,28800.0,0.6572,1.0,0.6572,1.0,4.0,4.0,0.0,0.0,179.77,,1,0,15,4,6,2,0,0,6,3,93.12
813,41.03,101.62,3,28800.0,0.8847,1.0,0.8847,1.0,3.0,3.0,0.0,0.0,179.77,,1,0,5,5,6,2,1,1,6,3,80.09
943,18.67,117.88,3,28800.0,0.479,1.0,0.479,1.0,3.0,3.0,0.0,0.0,179.77,,1,0,10,5,6,2,1,0,6,3,74.61
888,18.12,111.0,5,28800.0,0.5007,1.0,0.5007,1.0,5.0,5.0,0.0,0.0,179.77,,1,0,20,5,6,2,1,0,6,3,65.02
727,12.99,90.88,3,28800.0,0.3234,1.0,0.3234,1.0,3.0,3.0,0.0,0.0,179.77,,1,0,0,6,6,2,1,1,6,3,60.86
883,29.22,134.89,2,25715.625,0.8182,0.8929374999999999,1.0,1.0,2.0,2.0,0.0,0.0,179.77,,1,0,14,6,6,2,1,0,6,3,46.76
885,37.51,123.05,3,25892.0,0.899,0.899,1.0,1.0,2.0,2.0,0.0,0.0,221.12,0.39,0,1,5,0,7,2,0,1,6,3,32.02
849,16.83,106.12,6,28800.0,0.4121,1.0,0.4121,1.0,6.0,6.0,0.0,0.0,221.12,0.73,0,1,13,0,7,2,0,0,6,3,23.77
1017,35.04,127.12,6,28800.0,1.0,1.0,1.0,1.0,6.0,6.0,0.0,0.0,221.12,1.02,0,1,20,0,7,2,0,0,6,3,16.91
996,39.97,124.5,2,28800.0,1.0,1.0,1.0,1.0,2.0,2.0,0.0,0.0,221.12,1.14,0,1,23,0,7,2,0,1,6,3,14.01
1016,40.31,158.85,2,25715.625,0.533,0.8929374999999999,1.0,1.0,3.0,2.0,0.0,0.0,221.12,1.72,0,1,13,1,7,2,0,0,6,3,0.02
969,18.52,140.68,4,25715.625,0.4959,0.8929374999999999,0.576,1.0,4.0,4.0,0.0,0.0,238.71,2.0,1,1,19,1,7,2,0,0,6,3,14.64
921,39.8,126.13,2,26287.0,0.9127,0.9127,1.0,1.0,1.0,1.0,0.0,0.0,238.71,2.39,1,1,5,2,7,2,0,1,6,3,5.23
775,33.22,102.81,3,27138.0,0.5203,0.9423,0.7362,1.0,4.0,3.0,0.0,0.0,238.71,2.52,1,1,8,2,7,2,0,0,6,3,2.04
881,48.82,115.6,2,27437.0,0.9527,0.9527,1.0,1.0,2.0,2.0,0.0,0.0,433.52,2.96,2,1,18,2,7,2,0,0,6,3,188.22
953,18.45,130.12,1,26366.0,0.5698,0.9155,0.6224,1.0,2.0,2.0,0.0,0.0,433.52,3.41,2,1,5,3,7,2,0,1,6,3,177.42
839,41.41,104.88,3,28800.0,1.0,1.0,1.0,1.0,3.0,3.0,0.0,0.0,433.52,3.46,2,1,6,3,7,2,0,0,6,3,176.29
868,36.61,108.5,4,28800.0,0.8448,1.0,0.8448,1.0,4.0,4.0,0.0,0.0,433.52,3.94,2,1,18,3,7,2,0,0,6,3,164.57
1050,34.28,131.25,2,28800.0,1.0,1.0,1.0,1.0,7.0,7.0,0.0,0.0,433.52,4.28,2,1,2,4,7,2,0,1,6,3,156.42
968,50.24,121.0,5,28800.0,1.0,1.0,1.0,1.0,5.0,5.0,0.0,0.0,433.52,4.44,2,1,6,4,7,2,0,0,6,3,152.65
1049,38.18,131.12,4,28800.0,1.0,1.0,1.0,1.0,4.0,4.0,0.0,0.0,433.52,5.03,2,1,20,4,7,2,0,0,6,3,138.62
950,22.82,118.75,7,28800.0,0.6488,1.0,0.6488,1.0,1.0,1.0,0.0,0.0,433.52,5.37,2,1,4,5,7,2,1,1,6,3,130.39
898,33.91,112.25,5,28800.0,0.9747,1.0,0.9747,1.0,5.0,5.0,0.0,0.0,433.52,5.67,2,1,11,5,7,2,1,0,6,3,123.15
811,25.97,101.38,2,28800.0,0.3678,1.0,0.5516,1.0,3.0,2.0,0.0,0.0,433.52,5.85,2,1,16,5,7,2,1,0,6,3,118.8
1050,19.06,131.25,1,28800.0,0.6249,1.0,0.6249,1.0,1.0,1.0,0.0,0.0,433.52,6.16,2,1,23,5,7,2,1,1,6,3,111.44
1023,43.07,127.88,3,28800.0,1.0,1.0,1.0,1.0,3.0,3.0,0.0,0.0,433.52,6.61,2,1,10,6,7,2,1,0,6,3,100.57
896,31.52,112.0,2,28800.0,0.9489,1.0,0.9489,1.0,2.0,2.0,0.0,0.0,433.52,6.99,2,1,19,6,7,2,1,0,6,3,91.49
870,13.47,108.75,7,28800.0,0.3628,1.0,0.3628,1.0,3.0,3.0,0.0,0.0,433.52,7.37,2,1,4,0,8,2,0,1,6,3,82.25
1050,29.46,131.25,3,28800.0,1.0,1.0,1.0,1.0,3.0,3.0,0.0,0.0,433.52,7.68,2,1,12,0,8,2,0,0,6,3,74.8
866,39.74,108.25,6,28800.0,0.912,1.0,0.912,1.0,6.0,6.0,0.0,0.0,433.52,7.83,2,1,15,0,8,2,0,0,6,3,71.42
896,36.52,112.0,3,28800.0,0.9084,1.0,0.9084,1.0,3.0,3.0,0.0,0.0,433.52,8.12,2,1,22,0,8,2,0,1,6,3,64.32
967,37.84,120.88,2,28800.0,0.5,1.0,1.0,1.0,4.0,2.0,0.0,0.0,433.52,8.51,2,1,8,1,8,2,0,0,6,3,54.95
867,33.23,108.38,5,28800.0,0.7541,1.0,0.7541,1.0,5.0,5.0,0.0,0.0,433.52,8.93,1,1,18,1,8,2,0,0,6,3,44.8
891,8.72,111.38,4,28800.0,0.2531,1.0,0.2531,1.0,3.0,3.0,0.0,0.0,433.52,9.4,1,1,5,2,8,2,0,1,6,3,33.52
1001,11.03,125.12,6,28800.0,0.3066,1.0,0.3066,1.0,6.0,6.0,0.0,0.0,433.52,9.65,0,1,11,2,8,2,0,0,6,3,27.57
971,8.33,121.38,4,28800.0,0.2731,1.0,0.2731,1.0,4.0,4.0,0.0,0.0,433.52,10.04,0,1,20,2,8,2,0,0,6,3,18.24
723,24.65,90.38,3,28800.0,0.5405,1.0,0.5405,1.0,5.0,5.0,0.0,0.0,433.52,10.33,0,1,3,3,8,2,0,1,6,3,11.27
941,27.53,134.53,4,25715.625,0.5654,0.8929374999999999,0.8083,1.0,5.0,4.0,0.0,0.0,433.52,10.58,0,1,9,3,8,2,0,0,6,3,5.2
876,9.52,118.5,3,26612.0,0.2033,0.924,0.2933,1.0,4.0,3.0,0.0,0.0,489.38,11.05,1,1,20,3,8,2,0,0,6,3,53.49
902,13.29,132.84,5,25715.625,0.3154,0.8929374999999999,0.3716,1.0,2.0,2.0,0.0,0.0,489.38,11.33,1,1,3,4,8,2,0,1,6,3,46.76
970,37.73,121.25,2,28800.0,0.9784,1.0,0.9784,1.0,2.0,2.0,0.0,0.0,489.38,11.66,1,1,11,4,8,2,0,0,6,3,38.96
836,19.68,104.5,1,28800.0,0.2312,1.0,0.4624,1.0,2.0,1.0,0.0,0.0,489.38,11.94,1,1,18,4,8,2,0,0,6,3,32.16
871,24.63,108.88,2,28800.0,0.6502,1.0,0.6502,1.0,4.0,4.0,0.0,0.0,489.38,12.41,1,1,5,5,8,2,1,1,6,3,20.93
993,21.19,124.12,5,28800.0,0.6727,1.0,0.6727,1.0,5.0,5.0,0.0,0.0,489.38,12.67,1,1,11,5,8,2,1,0,6,3,14.64
807,20.4,100.88,2,28800.0,0.4991,1.0,0.4991,1.0,2.0,2.0,0.0,0.0,489.38,12.83,1,1,15,5,8,2,1,0,6,3,10.74
1050,33.48,131.25,4,28800.0,0.9322,1.0,0.9322,1.0,5.0,5.0,0.0,0.0,510.06,13.4,2,1,5,6,8,2,1,1,6,3,18.19
908,16.56,137.97,5,25715.625,0.4565,0.8929374999999999,0.5549,1.0,5.0,5.0,0.0,0.0,510.06,14.29,3,1,2,0,9,2,0,1,6,3,28.8
1044,41.38,130.5,3,28800.0,1.0,1.0,1.0,1.0,3.0,3.0,0.0,0.0,538.15,14.64,3,1,11,0,9,2,0,0,6,3,20.39
944,25.35,118.0,4,28800.0,0.7818,1.0,0.7818,1.0,4.0,4.0,0.0,0.0,538.15,15.08,3,1,21,0,9,2,0,0,6,3,9.72
841,45.16,105.12,5,28800.0,1.0,1.0,1.0,1.0,5.0,5.0,0.0,0.0,538.15,15.12,3,1,22,0,9,2,0,1,6,3,8.84
862,32.79,137.87,4,25715.625,0.7482,0.8929374999999999,0.9574,1.0,4.0,4.0,0.0,0.0,540.15,15.7,5,1,12,1,9,2,0,0,6,3,140.41
1012,37.52,156.56,3,25715.625,0.808,0.8929374999999999,1.0,1.0,3.0,3.0,0.0,0.0,606.79,15.85,5,1,16,1,9,2,0,0,6,3,136.93
908,27.62,150.17,5,25715.625,0.6753,0.8929374999999999,0.8935,1.0,5.0,5.0,0.0,0.0,606.79,16.31,5,1,3,2,9,2,0,1,6,3,125.73
837,23.77,104.62,4,28800.0,0.6039,1.0,0.6039,1.0,4.0,4.0,0.0,0.0,606.79,16.74,5,1,13,2,9,2,0,0,6,3,115.46
986,42.54,123.25,2,28800.0,1.0,1.0,1.0,1.0,2.0,2.0,0.0,0.0,606.79,16.87,5,1,16,2,9,2,0,0,6,3,112.23
868,32.26,108.5,5,28800.0,0.9569,1.0,0.9569,1.0,3.0,3.0,0.0,0.0,606.79,17.35,5,1,4,3,9,2,0,1,6,3,100.78
856,26.24,107.0,6,28800.0,0.6753,1.0,0.6753,1.0,6.0,6.0,0.0,0.0,606.79,17.61,5,1,10,3,9,2,0,0,6,3,94.53
790,13.28,98.75,4,28800.0,0.2664,1.0,0.333,1.0,5.0,4.0,0.0,0.0,606.79,17.81,4,1,15,3,9,2,0,0,6,3,89.83
867,22.34,108.38,3,28800.0,0.5172,1.0,0.5172,1.0,5.0,5.0,0.0,0.0,606.79,18.35,4,1,4,4,9,2,0,1,6,3,76.78
858,37.99,110.52,3,27948.0,0.9229,0.9704,0.9511,1.0,3.0,3.0,0.0,0.0,678.13,18.67,5,1,11,4,9,2,0,0,6,3,69.11
742,39.37,94.92,2,28142.0,0.9562,0.9772,0.9785,1.0,2.0,2.0,0.0,0.0,678.13,18.84,5,1,16,4,9,2,0,0,6,3,64.96
987,38.34,128.03,5,27753.0,0.9636,0.9636,1.0,1.0,5.0,5.0,0.0,0.0,678.13,19.12,5,1,22,4,9,2,0,1,6,3,58.29
888,27.95,111.0,4,28800.0,0.6651,1.0,0.6651,1.0,4.0,4.0,0.0,0.0,678.13,19.43,5,1,6,5,9,2,1,0,6,3,50.88
788,35.81,98.5,6,28800.0,0.7587,1.0,0.7587,1.0,6.0,6.0,0.0,0.0,678.13,20.04,5,1,20,5,9,2,1,0,6,3,36.31
786,20.24,98.25,3,28800.0,0.4427,1.0,0.4427,1.0,4.0,4.0,0.0,0.0,678.13,20.2,5,1,0,6,9,3,1,1,6,3,32.46
824,21.41,103.0,5,28800.0,0.5127,1.0,0.5127,1.0,5.0,5.0,0.0,0.0,678.13,21.06,4,1,21,6,9,3,1,0,6,3,11.83
806,31.37,100.75,4,28800.0,0.7618,1.0,0.7618,1.0,4.0,4.0,0.0,0.0,678.13,21.38,3,1,4,0,10,3,0,1,6,3,4.11
824,43.39,113.68,3,26094.0,0.906,0.906,1.0,1.0,3.0,3.0,0.0,0.0,678.13,21.52,3,1,8,0,10,3,0,0,6,3,0.69
961,28.9,140.14,2,25715.625,0.7665,0.8929374999999999,0.8942,1.0,2.0,2.0,0.0,0.0,727.2,21.99,4,1,19,0,10,3,0,0,6,3,129.41
974,29.87,148.09,4,25715.625,0.8222,0.8929374999999999,1.0,1.0,7.0,5.0,0.0,0.0,727.2,22.39,4,1,4,1,10,3,0,1,6,3,119.84
913,28.77,114.12,2,28800.0,0.6803,1.0,0.6803,1.0,2.0,2.0,0.0,0.0,727.2,22.73,2,1,13,1,10,3,0,0,6,3,111.54
897,41.65,112.12,5,28800.0,0.9783,1.0,0.9783,1.0,5.0,5.0,0.0,0.0,727.2,22.82,2,1,15,1,10,3,0,0,6,3,109.52
884,50.29,110.5,5,28800.0,0.7143,1.0,1.0,1.0,4.0,4.0,0.0,0.0,727.2,23.33,2,1,3,2,10,3,0,1,6,3,97.07
936,36.28,129.26,2,26068.0,0.9051,0.9051,1.0,1.0,2.0,2.0,0.0,0.0,727.2,23.65,2,1,11,2,10,3,0,0,6,3,89.42
1008,21.07,134.27,3,27027.0,0.6653,0.9384,0.709,1.0,3.0,3.0,0.0,0.0,739.24,0.18,2,2,21,2,10,3,0,0,6,3,79.79
904,41.33,125.12,4,26010.0,0.9031,0.9031,1.0,1.0,4.0,4.0,0.0,0.0,739.24,0.34,2,2,0,3,10,3,0,1,6,3,75.91
954,20.11,127.28,4,26983.0,0.6519,0.9369,0.6958,1.0,4.0,4.0,0.0,0.0,810.05,0.63,2,2,7,3,10,3,0,0,6,3,69.04
845,41.41,113.09,4,26900.0,0.7472,0.934,1.0,1.0,5.0,4.0,0.0,0.0,810.05,0.92,2,2,14,3,10,3,0,0,6,3,62.11
911,14.15,117.91,4,27814.0,0.3622,0.9658,0.375,1.0,4.0,4.0,0.0,0.0,810.05,1.38,2,2,1,4,10,3,0,1,6,3,50.97
957,20.36,119.62,2,28800.0,0.52,1.0,0.52,1.0,2.0,2.0,0.0,0.0,810.05,1.88,1,2,13,4,10,3,0,0,6,3,39.01
843,21.34,105.38,5,28800.0,0.4979,1.0,0.4979,1.0,5.0,5.0,0.0,0.0,810.05,2.03,1,2,17,4,10,3,0,0,6,3,35.49
990,15.65,123.75,4,28800.0,0.4596,1.0,0.4596,1.0,3.0,3.0,0.0,0.0,810.05,2.46,1,2,3,5,10,3,1,1,6,3,25.16
966,44.64,120.75,4,28800.0,1.0,1.0,1.0,1.0,4.0,4.0,0.0,0.0,810.05,2.74,1,2,10,5,10,3,1,0,6,3,18.44
881,20.66,110.12,4,28800.0,0.6198,1.0,0.6198,1.0,4.0,4.0,0.0,0.0,810.05,3.19,1,2,21,5,10,3,1,0,6,3,7.71
946,24.49,118.25,3,28800.0,0.7085,1.0,0.7085,1.0,3.0,3.0,0.0,0.0,810.05,3.3,1,2,23,5,10,3,1,1,6,3,4.96
846,21.23,116.64,5,26110.0,0.594,0.9066,0.6552,1.0,5.0,5.0,0.0,0.0,829.86,3.75,2,2,10,6,10,3,1,0,6,3,16.03
944,22.38,135.91,6,25715.625,0.6248,0.8929374999999999,0.7196,1.0,6.0,6.0,0.0,0.0,829.86,3.98,2,2,16,6,10,3,1,0,6,3,10.49
968,25.2,132.72,6,26257.0,0.773,0.9117,0.8479,1.0,3.0,3.0,0.0,0.0,829.86,4.39,2,2,2,0,11,3,0,1,6,3,0.73
991,38.36,170.49,5,25715.625,0.7266,0.8929374999999999,1.0,1.0,5.0,5.0,0.0,0.0,838.3,0.02,2,3,12,0,11,3,0,0,6,3,4.62
864,18.82,166.29,5,25715.625,0.387,0.8929374999999999,0.715,1.0,6.0,5.0,0.0,0.0,838.3,0.16,2,3,16,0,11,3,0,0,6,3,1.24
1046,31.48,173.66124,3,25715.625,0.57,0.8929374999999999,1.0,1.0,5.0,5.0,0.0,0.0,876.36,0.65,3,3,3,1,11,3,0,1,6,3,348.16
974,15.98,121.75,6,28800.0,0.5279,1.0,0.5279,1.0,6.0,6.0,0.0,0.0,876.36,0.87,3,3,9,1,11,3,0,0,6,3,342.91
1050,30.23,131.25,5,28800.0,0.9012,1.0,0.9012,1.0,5.0,5.0,0.0,0.0,876.36,1.36,3,2,20,1,11,3,0,0,6,3,331.27
858,27.33,107.25,5,28800.0,0.7934,1.0,0.7934,1.0,2.0,2.0,0.0,0.0,876.36,1.7,3,2,4,2,11,3,0,1,6,3,323.11
936,14.38,130.74,2,25773.0,0.4329,0.8949,0.4837,1.0,2.0,2.0,0.0,0.0,876.36,1.91,3,2,10,2,11,3,0,0,6,3,317.99
896,14.24,121.9,2,26460.0,0.3463,0.9187,0.3769,1.0,2.0,2.0,0.0,0.0,922.41,0.16,3,3,16,2,11,3,0,0,6,3,311.36
868,28.41,123.29,2,25715.625,0.6571,0.8929374999999999,0.7466,1.0,7.0,7.0,0.0,0.0,922.41,0.59,3,3,2,3,11,3,0,1,6,3,301.02
855,27.23,106.88,5,28800.0,0.6908,1.0,0.6908,1.0,5.0,5.0,0.0,0.0,922.41,0.85,3,3,9,3,11,3,0,0,6,3,294.81
852,25.79,106.5,4,28800.0,0.6396,1.0,0.6396,1.0,4.0,4.0,0.0,0.0,922.41,1.17,3,3,16,3,11,3,0,0,6,3,287.07
909,11.99,113.62,7,28800.0,0.3677,1.0,0.3677,1.0,3.0,2.0,0.0,0.0,922.41,1.65,3,3,4,4,11,3,0,1,6,3,275.62
927,15.83,126.76,3,26326.0,0.3963,0.9141,0.4335,1.0,3.0,3.0,0.0,0.0,922.41,2.03,3,4,13,4,11,3,0,0,6,3,266.32
718,28.01,98.05,4,26362.0,0.5519,0.9153,0.603,1.0,4.0,4.0,0.0,0.0,1015.88,0.2,3,4,19,4,11,3,0,0,6,3,260.44
906,14.79,133.13,2,25715.625,0.2683,0.8929374999999999,0.473,1.0,6.0,6.0,0.0,0.0,1015.88,0.53,3,4,3,5,11,3,1,1,6,3,252.49
787,22.88,98.38,3,28800.0,0.4834,1.0,0.4834,1.0,3.0,3.0,0.0,0.0,1015.88,0.86,3,4,11,5,11,3,1,0,6,3,244.61
904,28.65,113.0,6,28800.0,0.7627,1.0,0.7627,1.0,6.0,6.0,0.0,0.0,1015.88,1.13,3,4,18,5,11,3,1,0,6,3,237.99
860,32.48,107.5,6,28800.0,0.8254,1.0,0.8254,1.0,4.0,4.0,0.0,0.0,1015.88,1.56,3,4,4,6,11,3,1,1,6,3,227.86
839,14.16,104.88,5,28800.0,0.3292,1.0,0.3292,1.0,5.0,5.0,0.0,0.0,1015.88,1.82,2,4,10,6,11,3,1,0,6,3,221.56
965,21.08,120.62,3,28800.0,0.6688,1.0,0.6688,1.0,3.0,3.0,0.0,0.0,1015.88,2.15,2,4,18,6,11,3,1,0,6,3,213.69
951,35.41,118.88,4,28800.0,1.0,1.0,1.0,1.0,2.0,2.0,0.0,0.0,1015.88,2.54,1,4,3,0,12,3,0,1,6,3,204.34
915,18.6,114.38,4,28800.0,0.5099,1.0,0.5099,1.0,4.0,4.0,0.0,0.0,1015.88,2.78,1,4,9,0,12,3,0,0,6,3,198.56
934,38.1,116.75,4,28800.0,1.0,1.0,1.0,1.0,4.0,4.0,0.0,0.0,1015.88,2.99,1,4,14,0,12,3,0,0,6,3,193.34
961,21.45,120.12,2,28800.0,0.6393,1.0,0.6393,1.0,5.0,5.0,0.0,0.0,1015.88,3.6,0,4,5,1,12,3,0,1,6,3,178.76
905,13.41,117.29,3,27778.0,0.4051,0.9645,0.42,1.0,3.0,3.0,0.0,0.0,1015.88,3.71,0,4,7,1,12,3,0,0,6,3,176.29
851,19.76,111.84,2,27392.0,0.4884,0.9511,0.5135,1.0,2.0,2.0,0.0,0.0,1133.95,0.09,0,5,15,1,12,3,0,0,6,3,168.76
943,26.12,121.32,5,27983.0,0.7612,0.9716,0.7835,1.0,1.0,1.0,0.0,0.0,1133.95,0.65,0,5,4,2,12,3,0,1,6,3,155.19
754,22.86,94.25,4,28800.0,0.2995,1.0,0.4493,1.0,6.0,4.0,0.0,0.0,1133.95,0.9,0,5,10,2,12,3,0,0,6,3,149.19
832,20.17,104.0,6,28800.0,0.5047,1.0,0.5047,1.0,6.0,6.0,0.0,0.0,1133.95,1.32,0,5,20,2,12,3,0,0,6,3,139.16
849,41.29,106.12,1,28800.0,0.9304,1.0,0.9304,1.0,5.0,5.0,0.0,0.0,1133.95,1.6,0,5,3,3,12,3,0,1,6,3,132.46
938,21.4,117.25,6,28800.0,0.5963,1.0,0.5963,1.0,6.0,6.0,0.0,0.0,1133.95,1.81,0,5,8,3,12,3,0,0,6,3,127.37
918,12.97,114.75,3,28800.0,0.3108,1.0,0.3108,1.0,3.0,3.0,0.0,0.0,1133.95,2.09,0,5,15,3,12,3,0,0,6,3,120.66
1019,25.34,127.38,5,28800.0,0.7257,1.0,0.7257,1.0,5.0,5.0,0.0,0.0,1133.95,2.65,0,5,4,4,12,3,0,1,6,3,107.22
972,31.1,121.5,4,28800.0,0.6391,1.0,0.7989,1.0,5.0,4.0,0.0,0.0,1133.95,2.9,0,5,10,4,12,3,0,0,6,3,101.17
1027,9.79,128.38,5,28800.0,0.3188,1.0,0.3188,1.0,5.0,5.0,0.0,0.0,1133.95,3.16,0,5,16,4,12,3,0,0,6,3,95.02
779,31.8,97.38,5,28800.0,0.6578,1.0,0.6578,1.0,5.0,5.0,0.0,0.0,1133.95,3.62,0,5,4,5,12,3,1,1,6,3,83.86
887,34.76,110.88,5,28800.0,0.8119,1.0,0.8119,1.0,5.0,5.0,0.0,0.0,1133.95,3.72,0,5,6,5,12,3,1,0,6,3,81.52
1013,34.42,126.62,3,28800.0,0.9539,1.0,0.9539,1.0,3.0,3.0,0.0,0.0,1133.95,4.13,0,5,16,5,12,3,1,0,6,3,71.69
856,26.3,107.0,5,28800.0,0.6991,1.0,0.6991,1.0,5.0,5.0,0.0,0.0,1133.95,4.38,0,5,22,5,12,3,1,1,6,3,65.77
905,11.31,115.18,4,28285.0,0.3101,0.9821,0.3158,1.0,4.0,4.0,0.0,0.0,1133.95,4.82,0,5,8,6,12,3,1,0,6,3,55.12
1009,18.57,128.74,4,28214.0,0.6313,0.9797,0.6444,1.0,4.0,4.0,0.0,0.0,1186.14,0.13,0,6,14,6,12,3,1,0,6,3,49.07
870,25.97,112.4,4,27866.0,0.7541,0.9676,0.7793,1.0,4.0,4.0,0.0,0.0,1186.14,0.46,0,6,22,6,12,3,1,1,6,3,41.16
704,45.85,88.0,6,28800.0,0.9634,1.0,0.9634,1.0,6.0,6.0,0.0,0.0,1186.14,1.04,0,6,12,0,13,3,0,0,6,3,27.31
875,13.8,109.38,5,28800.0,0.3971,1.0,0.3971,1.0,5.0,5.0,0.0,0.0,1186.14,1.36,0,6,20,0,13,3,0,0,6,3,19.47
804,16.25,100.5,5,28800.0,0.3538,1.0,0.4246,1.0,3.0,3.0,0.0,0.0,1186.14,1.75,0,6,5,1,13,3,0,1,6,3,10.26
945,35.09,134.42,4,25715.625,0.8554,0.8929374999999999,0.9734,1.0,4.0,4.0,0.0,0.0,1186.14,2.05,0,6,12,1,13,3,0,0,6,3,3.11
840,24.69,124.23,4,25715.625,0.5883,0.8929374999999999,0.696,1.0,4.0,4.0,0.0,0.0,1186.14,2.26,1,6,18,1,13,3,0,0,6,3,74.22
959,32.79,144.17,3,25715.625,0.8315,0.8929374999999999,1.0,1.0,7.0,7.0,0.0,0.0,1216.87,2.72,1,6,5,2,13,3,0,1,6,3,63.27
935,35.53,116.88,5,28800.0,1.0,1.0,1.0,1.0,5.0,5.0,0.0,0.0,1216.87,2.87,1,6,8,2,13,3,0,0,6,3,59.52
766,37.06,95.75,6,28800.0,0.8008,1.0,0.8008,1.0,6.0,6.0,0.0,0.0,1216.87,3.15,1,6,15,2,13,3,0,0,6,3,52.81
1050,25.72,131.25,7,28800.0,0.8695,1.0,0.8695,1.0,3.0,3.0,0.0,0.0,1216.87,3.62,1,7,2,3,13,3,0,1,6,3,41.66
804,26.29,106.15,5,27267.0,0.546,0.9468,0.5767,1.0,5.0,5.0,0.0,0.0,1248.56,0.24,1,7,9,3,13,3,0,0,6,3,34.69
809,49.3,110.6,5,26333.0,0.9143,0.9143,1.0,1.0,5.0,5.0,0.0,0.0,1248.56,0.69,1,7,20,3,13,3,0,0,6,3,23.74
791,24.73,102.19,3,27866.0,0.5724,0.9676,0.5916,1.0,7.0,5.0,0.0,0.0,1248.56,1.02,1,7,4,4,13,3,0,1,6,3,15.96
1050,20.72,146.13,4,25868.0,0.7277,0.8982,0.8102,1.0,4.0,4.0,0.0,0.0,1248.56,1.21,1,7,8,4,13,3,0,0,6,3,11.44
691,14.03,93.21,2,26688.0,0.2503,0.9267,0.2701,1.0,2.0,2.0,0.0,0.0,1254.34,0.06,1,8,15,4,13,3,0,0,6,3,4.32
733,31.11,111.33,5,25715.625,0.4485,0.8929374999999999,0.7629,1.0,7.0,5.0,0.0,0.0,1302.61,0.39,2,8,23,4,13,3,0,1,6,3,45.21
932,29.39,116.5,5,28800.0,0.9239,1.0,0.9239,1.0,6.0,6.0,0.0,0.0,1302.61,1.46,2,8,1,6,13,3,1,1,6,3,19.56
979,32.65,136.29,4,25860.0,0.861,0.8979,0.9589,1.0,4.0,4.0,0.0,0.0,1302.61,1.82,2,8,10,6,13,3,1,0,6,3,10.93
1011,10.94,155.22,2,25715.625,0.304,0.8929374999999999,0.3734,1.0,2.0,2.0,0.0,0.0,1302.61,2.03,2,8,15,6,13,3,1,0,6,3,5.83
746,36.69,122.17,6,25715.625,0.7483,0.8929374999999999,0.9804,1.0,1.0,1.0,0.0,0.0,1302.61,2.41,3,8,0,0,14,3,0,1,6,3,64.17
952,28.22,119.0,6,28800.0,0.8542,1.0,0.8542,1.0,6.0,6.0,0.0,0.0,1366.11,2.66,3,8,6,0,14,3,0,0,6,3,58.22
980,11.77,122.5,4,28800.0,0.2382,1.0,0.2977,1.0,5.0,4.0,0.0,0.0,1366.11,3.24,3,8,20,0,14,3,0,0,6,3,44.32
858,12.45,107.25,1,28800.0,0.3036,1.0,0.3036,1.0,5.0,5.0,0.0,0.0,1366.11,3.49,3,8,2,1,14,3,0,1,6,3,38.32
983,18.23,122.88,2,28800.0,0.4854,1.0,0.4854,1.0,2.0,2.0,0.0,0.0,1366.11,3.86,3,8,11,1,14,3,0,0,6,3,29.37
1009,37.31,126.12,2,28800.0,0.6667,1.0,1.0,1.0,3.0,2.0,0.0,0.0,1366.11,4.21,2,8,19,1,14,3,0,0,6,3,21.0
884,46.55,110.5,5,28800.0,1.0,1.0,1.0,1.0,5.0,5.0,0.0,0.0,1366.11,4.53,2,8,3,2,14,4,0,1,6,3,13.17
860,29.93,123.27,4,25715.625,0.6868,0.8929374999999999,0.7876,1.0,4.0,4.0,0.0,0.0,1366.11,4.74,2,8,8,2,14,4,0,0,6,3,8.17
938,13.66,133.26,4,25715.625,0.3681,0.8929374999999999,0.4183,1.0,4.0,4.0,0.0,0.0,1366.11,4.99,2,8,14,2,14,4,0,0,6,3,2.32
649,27.85,94.55,5,25715.625,0.587,0.8929374999999999,0.6841,1.0,4.0,3.0,0.0,0.0,1400.11,5.53,3,8,3,3,14,4,0,1,6,3,40.51
783,14.89,97.88,6,28800.0,0.3559,1.0,0.3559,1.0,6.0,6.0,0.0,0.0,1400.11,5.89,3,8,11,3,14,4,0,0,6,3,31.86
914,13.23,114.25,5,28800.0,0.3764,1.0,0.3764,1.0,5.0,5.0,0.0,0.0,1400.11,6.07,3,8,16,3,14,4,0,0,6,3,27.6
938,41.47,117.25,3,28800.0,0.75,1.0,1.0,1.0,2.0,2.0,0.0,0.0,1400.11,6.46,3,8,1,4,14,4,0,1,6,3,18.13
910,34.67,173.66124,4,25715.625,0.5947,0.8929374999999999,1.0,1.0,4.0,4.0,0.0,0.0,1410.06,0.04,3,9,10,4,14,4,0,0,6,3,8.91
899,20.55,152.95,4,25715.625,0.4932,0.8929374999999999,0.6713,1.0,4.0,4.0,0.0,0.0,1410.06,0.32,3,8,17,4,14,4,0,0,6,3,2.16
882,42.13,167.37,2,25715.625,0.6587,0.8929374999999999,1.0,1.0,3.0,3.0,0.0,0.0,1467.8,0.79,3,8,4,5,14,4,1,1,6,3,151.81
719,26.04,89.88,4,28800.0,0.4038,1.0,0.5048,1.0,5.0,4.0,0.0,0.0,1467.8,0.99,3,8,9,5,14,4,1,0,6,3,147.09
786,26.93,98.25,2,28800.0,0.6154,1.0,0.6154,1.0,2.0,2.0,0.0,0.0,1467.8,1.41,3,8,19,5,14,4,1,0,6,3,136.96
912,16.7,114.0,3,28800.0,0.5253,1.0,0.5253,1.0,5.0,4.0,0.0,0.0,1467.8,1.73,3,8,3,6,14,4,1,1,6,3,129.36
917,36.02,114.62,3,28800.0,0.8711,1.0,0.8711,1.0,3.0,3.0,0.0,0.0,1467.8,1.9,3,8,7,6,14,4,1,0,6,3,125.11
851,35.65,106.38,2,28800.0,0.9624,1.0,0.9624,1.0,2.0,2.0,0.0,0.0,1467.8,2.29,3,8,16,6,14,4,1,0,6,3,115.71
882,36.48,110.25,4,28800.0,0.7688,1.0,0.961,1.0,4.0,4.0,0.0,0.0,1467.8,2.8,2,8,4,0,15,4,0,1,6,3,103.64
828,16.7,108.96,3,27356.0,0.368,0.9499,0.3874,1.0,3.0,3.0,0.0,0.0,1567.21,3.09,3,8,11,0,15,4,0,0,6,3,96.73
815,26.87,104.42,4,28099.0,0.727,0.9757,0.7451,1.0,4.0,4.0,0.0,0.0,1567.21,3.21,3,8,14,0,15,4,0,0,6,3,93.83
737,20.49,92.12,6,28800.0,0.456,1.0,0.456,1.0,6.0,6.0,0.0,0.0,1567.21,4.17,3,8,13,1,15,4,0,0,6,3,70.81
984,41.51,123.0,2,28800.0,1.0,1.0,1.0,1.0,2.0,2.0,0.0,0.0,1567.21,4.42,3,8,19,1,15,4,0,0,6,3,64.78
840,18.45,105.0,3,28800.0,0.5017,1.0,0.5017,1.0,5.0,5.0,0.0,0.0,1567.21,4.62,3,8,0,2,15,4,0,1,6,3,59.84
897,32.98,112.12,2,28800.0,0.8958,1.0,0.8958,1.0,2.0,2.0,0.0,0.0,1567.21,5.05,3,7,11,2,15,4,0,0,6,3,49.46
743,33.32,92.88,2,28800.0,0.7858,1.0,0.7858,1.0,2.0,2.0,0.0,0.0,1567.21,5.23,3,7,15,2,15,4,0,0,6,3,45.33
675,32.07,84.38,5,28800.0,0.739,1.0,0.739,1.0,4.0,4.0,0.0,0.0,1567.21,5.66,2,7,1,3,15,4,0,1,6,3,35.03
960,12.96,120.0,4,28800.0,0.3303,1.0,0.3303,1.0,4.0,4.0,0.0,0.0,1567.21,6.1,2,7,12,3,15,4,0,0,6,3,24.31
927,33.34,115.88,6,28800.0,0.9379,1.0,0.9379,1.0,6.0,6.0,0.0,0.0,1567.21,6.44,2,7,20,3,15,4,0,0,6,3,16.18
750,18.03,93.75,4,28800.0,0.3859,1.0,0.3859,1.0,2.0,2.0,0.0,0.0,1567.21,6.67,2,7,1,4,15,4,0,1,6,3,10.74
1003,31.98,132.3,6,27292.0,0.9476,0.9476,1.0,1.0,6.0,6.0,0.0,0.0,1567.21,6.9,2,7,7,4,15,4,0,0,6,3,5.06
941,16.34,128.18,4,26428.0,0.4725,0.9176,0.5149,1.0,4.0,4.0,0.0,0.0,1599.94,7.5,2,6,21,4,15,4,0,0,6,3,25.2
882,27.25,118.44,2,26809.0,0.7647,0.9309,0.8215,1.0,2.0,2.0,0.0,0.0,1599.94,7.56,2,6,23,4,15,4,0,1,6,3,23.7
832,15.01,106.98,5,27997.0,0.3611,0.9721,0.4458,1.0,6.0,5.0,0.0,0.0,1599.94,8.0,2,6,9,5,15,4,1,0,6,3,13.13
789,18.96,100.42,5,28286.0,0.395,0.9822,0.4022,1.0,5.0,5.0,0.0,0.0,1599.94,8.45,2,6,20,5,15,4,1,0,6,3,2.31
999,46.86,129.14,3,27848.0,0.9669,0.9669,1.0,1.0,5.0,5.0,0.0,0.0,1633.96,8.62,3,6,0,6,15,4,1,1,6,3,395.75
958,42.31,119.75,4,28800.0,0.8,1.0,1.0,1.0,5.0,4.0,0.0,0.0,1633.96,9.12,3,5,12,6,15,4,1,0,6,3,383.76
1005,43.43,125.62,6,28800.0,1.0,1.0,1.0,1.0,6.0,6.0,0.0,0.0,1633.96,9.27,3,5,16,6,15,4,1,0,6,3,380.23
839,17.65,104.88,5,28800.0,0.4145,1.0,0.4145,1.0,3.0,3.0,0.0,0.0,1633.96,9.7,3,5,2,0,16,4,0,1,6,3,369.86
808,49.37,104.55,6,27821.0,0.966,0.966,1.0,1.0,6.0,6.0,0.0,0.0,1633.96,10.03,2,6,10,0,16,4,0,0,6,3,361.88
750,17.71,102.15,3,26432.0,0.4583,0.9178,0.4994,1.0,3.0,3.0,0.0,0.0,1873.96,0.36,2,6,19,0,16,4,0,0,6,3,352.8
890,22.09,115.41,3,27761.0,0.6563,0.9639,0.6809,1.0,4.0,4.0,0.0,0.0,1873.96,0.57,2,6,0,1,16,4,0,1,6,3,347.7
820,27.57,102.5,3,28800.0,0.7653,1.0,0.7653,1.0,3.0,3.0,0.0,0.0,1873.96,0.98,2,6,10,1,16,4,0,0,6,3,337.7
795,38.53,99.38,4,28800.0,0.6375,1.0,0.7969,1.0,5.0,4.0,0.0,0.0,1873.96,1.42,2,6,21,1,16,4,0,0,6,3,327.23
855,51.38,106.88,4,28800.0,1.0,1.0,1.0,1.0,1.0,1.0,0.0,0.0,1873.96,1.67,2,6,3,2,16,4,0,1,6,3,321.16
864,25.61,108.0,3,28800.0,0.6213,1.0,0.6213,1.0,3.0,3.0,0.0,0.0,1873.96,1.87,2,6,7,2,16,4,0,0,6,3,316.48
921,20.62,115.12,6,28800.0,0.5695,1.0,0.5695,1.0,6.0,6.0,0.0,0.0,1873.96,2.24,2,6,16,2,16,4,0,0,6,3,307.58
873,40.31,109.12,1,28800.0,0.9085,1.0,0.9085,1.0,4.0,4.0,0.0,0.0,1873.96,2.68,2,6,3,3,16,4,0,1,6,3,296.93
792,23.43,99.0,5,28800.0,0.5973,1.0,0.5973,1.0,5.0,5.0,0.0,0.0,1873.96,2.87,2,6,7,3,16,4,0,0,6,3,292.53
962,13.71,120.25,2,28800.0,0.3831,1.0,0.3831,1.0,2.0,2.0,0.0,0.0,1873.96,3.38,2,5,20,3,16,4,0,0,6,3,280.13
841,39.31,105.12,4,28800.0,1.0,1.0,1.0,1.0,5.0,5.0,0.0,0.0,1873.96,3.66,2,5,3,4,16,4,0,1,6,3,273.41
951,21.72,118.88,5,28800.0,0.5316,1.0,0.5316,1.0,5.0,5.0,0.0,0.0,1873.96,3.81,2,5,6,4,16,4,0,0,6,3,269.98
990,24.36,123.75,4,28800.0,0.6284,1.0,0.6284,1.0,4.0,4.0,0.0,0.0,1873.96,4.27,1,5,17,4,16,4,0,0,6,3,258.8
823,28.41,102.88,5,28800.0,0.7458,1.0,0.7458,1.0,5.0,5.0,0.0,0.0,1873.96,4.62,1,5,2,5,16,4,1,1,6,3,250.35
662,13.68,82.75,4,28800.0,0.2577,1.0,0.2577,1.0,4.0,4.0,0.0,0.0,1873.96,5.1,1,5,13,5,16,4,1,0,6,3,239.01
946,14.6,118.25,6,28800.0,0.3662,1.0,0.3662,1.0,6.0,6.0,0.0,0.0,1873.96,5.39,1,5,20,5,16,4,1,0,6,3,232.06
819,36.77,102.38,5,28800.0,0.848,1.0,0.848,1.0,5.0,5.0,0.0,0.0,1873.96,5.48,1,5,22,5,16,4,1,1,6,3,229.88
885,28.06,110.62,5,28800.0,0.5324,1.0,0.6389,1.0,6.0,5.0,0.0,0.0,1873.96,5.94,0,5,9,6,16,4,1,0,6,3,218.8
900,43.3,112.5,3,28800.0,1.0,1.0,1.0,1.0,3.0,3.0,0.0,0.0,1873.96,6.13,0,5,14,6,16,4,1,0,6,3,214.28
1021,18.63,127.62,3,28800.0,0.5676,1.0,0.5676,1.0,7.0,7.0,0.0,0.0,1873.96,6.64,0,5,2,0,17,4,0,1,6,3,201.93
943,25.5,117.88,2,28800.0,0.6935,1.0,0.6935,1.0,2.0,2.0,0.0,0.0,1873.96,6.85,0,5,7,0,17,4,0,0,6,3,196.95
1050,27.09,131.25,5,28800.0,0.8655,1.0,0.8655,1.0,5.0,5.0,0.0,0.0,1873.96,7.15,0,5,14,0,17,4,0,0,6,3,189.63
900,22.28,112.5,7,28800.0,0.5797,1.0,0.5797,1.0,4.0,4.0,0.0,0.0,1873.96,7.56,0,5,0,1,17,4,0,1,6,3,179.83
999,39.11,124.88,3,28800.0,1.0,1.0,1.0,1.0,3.0,3.0,0.0,0.0,1873.96,7.88,0,5,8,1,17,4,0,0,6,3,172.15
799,10.42,99.88,4,28800.0,0.208,1.0,0.26,1.0,5.0,4.0,0.0,0.0,1873.96,8.38,0,4,20,1,17,4,0,0,6,3,160.16
886,20.82,110.75,4,28800.0,0.4993,1.0,0.4993,1.0,3.0,3.0,0.0,0.0,1873.96,8.75,0,4,5,2,17,4,0,1,6,3,151.41
861,19.37,107.62,3,28800.0,0.5145,1.0,0.5145,1.0,3.0,3.0,0.0,0.0,1873.96,8.8,0,4,6,2,17,4,0,0,6,3,150.25
912,30.22,114.0,2,28800.0,0.8569,1.0,0.8569,1.0,2.0,2.0,0.0,0.0,1873.96,9.18,0,4,15,2,17,4,0,0,6,3,141.05
775,14.11,96.88,3,28800.0,0.3003,1.0,0.3003,1.0,4.0,4.0,0.0,0.0,1873.96,9.58,0,4,0,3,17,4,0,1,6,3,131.48
859,32.07,117.05,2,26420.0,0.7087,0.9174,0.7725,1.0,2.0,2.0,0.0,0.0,1873.96,9.89,0,4,8,3,17,4,0,0,6,3,124.05
920,28.52,124.9,4,26517.0,0.8475,0.9207,0.9205,1.0,4.0,4.0,0.0,0.0,1993.49,0.11,0,5,15,3,17,4,0,0,6,3,116.95
872,35.41,114.99,4,27300.0,0.9479,0.9479,1.0,1.0,6.0,6.0,0.0,0.0,1993.49,0.62,0,5,3,4,17,4,0,1,6,3,104.75
863,36.93,107.88,5,28800.0,0.9466,1.0,0.9466,1.0,5.0,5.0,0.0,0.0,1993.49,1.01,0,5,13,4,17,4,0,0,6,3,95.38
823,31.17,102.88,3,28800.0,0.7261,1.0,0.7261,1.0,3.0,3.0,0.0,0.0,1993.49,1.33,0,5,20,4,17,4,0,0,6,3,87.7
861,45.56,107.62,6,28800.0,1.0,1.0,1.0,1.0,2.0,1.0,0.0,0.0,1993.49,1.63,0,4,4,5,17,4,1,1,6,3,80.35
901,27.68,112.62,4,28800.0,0.5529,1.0,0.6911,1.0,5.0,4.0,0.0,0.0,1993.49,1.73,0,4,6,5,17,4,1,0,6,3,78.01
851,40.8,106.38,2,28800.0,0.911,1.0,0.911,1.0,2.0,2.0,0.0,0.0,1993.49,2.14,0,4,16,5,17,4,1,0,6,3,68.15
979,32.44,122.38,1,28800.0,0.433,1.0,0.8661,1.0,3.0,3.0,0.0,0.0,1993.49,2.5,0,4,0,6,17,4,1,1,6,3,59.63
942,23.37,117.75,4,28800.0,0.6865,1.0,0.6865,1.0,4.0,4.0,0.0,0.0,1993.49,2.79,0,4,7,6,17,4,1,0,6,3,52.46
917,40.45,114.62,2,28800.0,1.0,1.0,1.0,1.0,2.0,2.0,0.0,0.0,1993.49,3.18,0,3,17,6,17,4,1,0,6,3,43.26
778,35.92,97.25,3,28800.0,0.8477,1.0,0.8477,1.0,4.0,4.0,0.0,0.0,1993.49,3.5,0,3,0,0,18,4,0,1,6,3,35.56
945,35.03,118.12,3,28800.0,1.0,1.0,1.0,1.0,3.0,3.0,0.0,0.0,1993.49,3.87,0,3,9,0,18,4,0,0,6,3,26.58
747,18.12,93.38,5,28800.0,0.4111,1.0,0.4111,1.0,5.0,5.0,0.0,0.0,1993.49,4.14,0,3,16,0,18,4,0,0,6,3,20.25
969,37.04,131.21,4,26587.0,0.7386,0.9232,1.0,1.0,5.0,4.0,0.0,0.0,1993.49,4.81,0,3,8,1,18,4,0,0,6,3,4.1
894,40.71,122.62,3,26246.0,0.9113,0.9113,1.0,1.0,3.0,3.0,0.0,0.0,1996.1,5.1,1,3,15,1,18,4,0,0,6,3,0.21
942,15.51,126.62,7,26782.0,0.4742,0.9299,0.51,1.0,3.0,2.0,0.0,0.0,2014.8,5.54,2,3,1,2,18,4,0,1,6,3,9.3
841,18.56,119.81,4,25715.625,0.5318,0.8929374999999999,0.606,1.0,4.0,4.0,0.0,0.0,2014.8,5.79,2,3,7,2,18,4,0,0,6,3,3.39
1043,14.45,158.87,2,25715.625,0.4259,0.8929374999999999,0.519,1.0,2.0,2.0,0.0,0.0,2014.8,6.08,3,3,14,2,18,4,0,0,6,3,120.04
913,34.15,134.76,2,25715.625,0.5646,0.8929374999999999,1.0,1.0,6.0,6.0,0.0,0.0,2047.43,6.47,3,3,0,3,18,4,0,1,6,3,110.56
929,11.84,136.0,5,25715.625,0.3235,0.8929374999999999,0.3789,1.0,5.0,5.0,0.0,0.0,2047.43,6.82,3,3,8,3,18,4,0,0,6,3,102.17
819,19.87,122.93,6,25715.625,0.4854,0.8929374999999999,0.5829,1.0,6.0,6.0,0.0,0.0,2047.43,7.16,3,3,16,3,18,4,0,0,6,3,94.04
835,38.93,141.59,6,25715.625,0.7372,0.8929374999999999,1.0,1.0,4.0,4.0,0.0,0.0,2130.2,0.06,3,4,5,4,18,5,0,1,6,3,81.36
726,13.51,90.75,3,28800.0,0.269,1.0,0.269,1.0,3.0,3.0,0.0,0.0,2130.2,0.29,3,4,10,4,18,5,0,0,6,3,75.86
969,41.04,121.12,3,28800.0,1.0,1.0,1.0,1.0,3.0,3.0,0.0,0.0,2130.2,0.73,3,4,21,4,18,5,0,0,6,3,65.22
901,37.94,112.62,4,28800.0,1.0,1.0,1.0,1.0,5.0,5.0,0.0,0.0,2130.2,0.9,3,4,1,5,18,5,1,1,6,3,61.22
876,28.34,109.5,2,28800.0,0.8146,1.0,0.8146,1.0,2.0,2.0,0.0,0.0,2130.2,1.52,3,4,16,5,18,5,1,0,6,3,46.19
884,14.82,110.5,5,28800.0,0.4003,1.0,0.4003,1.0,5.0,5.0,0.0,0.0,2130.2,1.76,3,4,22,5,18,5,1,1,6,3,40.46
989,9.53,123.62,5,28800.0,0.253,1.0,0.3036,1.0,6.0,5.0,0.0,0.0,2130.2,2.1,3,3,6,6,18,5,1,0,6,3,32.31
997,43.36,124.62,3,28800.0,1.0,1.0,1.0,1.0,3.0,3.0,0.0,0.0,2130.2,2.5,3,3,15,6,18,5,1,0,6,3,22.76
1033,30.93,129.12,6,28800.0,0.962,1.0,0.962,1.0,4.0,4.0,0.0,0.0,2130.2,3.03,3,3,4,0,19,5,0,1,6,3,9.97
741,30.12,98.91,2,26969.0,0.7261,0.9364,0.7754,1.0,2.0,2.0,0.0,0.0,2130.2,3.1,3,3,6,0,19,5,0,0,6,3,8.26
856,25.09,117.36,2,26257.0,0.5635,0.9117,0.6181,1.0,2.0,2.0,0.0,0.0,2130.2,3.47,4,3,15,0,19,5,0,0,6,3,79.64
783,49.95,107.98,4,26104.0,0.9064,0.9064,1.0,1.0,1.0,1.0,0.0,0.0,2142.82,3.9,4,3,1,1,19,5,0,1,6,3,69.25
865,47.46,116.09,5,26824.0,0.9314,0.9314,1.0,1.0,5.0,5.0,0.0,0.0,2207.33,4.11,4,3,6,1,19,5,0,0,6,3,64.17
842,23.1,109.84,3,27597.0,0.5596,0.9582,0.584,1.0,3.0,3.0,0.0,0.0,2207.33,4.52,2,3,16,1,19,5,0,0,6,3,54.52
795,18.37,106.47,1,26880.0,0.3881,0.9333,0.4158,1.0,5.0,5.0,0.0,0.0,2207.33,4.96,2,3,3,2,19,5,0,1,6,3,43.79
976,45.9,122.0,3,28800.0,0.75,1.0,1.0,1.0,4.0,3.0,0.0,0.0,2207.33,5.4,1,3,13,2,19,5,0,0,6,3,33.4
728,11.54,91.0,5,28800.0,0.2829,1.0,0.2829,1.0,5.0,5.0,0.0,0.0,2207.33,5.74,1,3,21,2,19,5,0,0,6,3,25.25
712,30.15,89.0,5,28800.0,0.689,1.0,0.689,1.0,5.0,5.0,0.0,0.0,2207.33,5.78,1,3,22,2,19,5,0,1,6,3,24.19
986,11.49,141.5,4,25715.625,0.3013,0.8929374999999999,0.3459,1.0,4.0,4.0,0.0,0.0,2207.33,6.12,1,3,6,3,19,5,0,0,6,3,16.14
953,25.67,141.78,4,25715.625,0.765,0.8929374999999999,0.9105,1.0,4.0,4.0,0.0,0.0,2207.33,6.51,1,3,16,3,19,5,0,0,6,3,6.59
959,38.84,127.6,6,27057.0,0.9395,0.9395,1.0,1.0,6.0,6.0,0.0,0.0,2207.33,6.76,1,3,22,3,19,5,0,1,6,3,0.62
965,42.2,120.62,3,28800.0,1.0,1.0,1.0,1.0,3.0,3.0,0.0,0.0,2235.51,7.2,2,3,8,4,19,5,0,0,6,3,39.84
763,16.87,95.38,4,28800.0,0.4194,1.0,0.4194,1.0,4.0,4.0,0.0,0.0,2235.51,7.65,2,3,19,4,19,5,0,0,6,3,29.05
961,24.48,120.12,2,28800.0,0.6307,1.0,0.6307,1.0,5.0,5.0,0.0,0.0,2235.51,7.93,2,3,2,5,19,5,1,1,6,3,22.3
778,19.87,98.57,6,28414.0,0.5292,0.9866,0.5364,1.0,6.0,6.0,0.0,0.0,2253.81,8.12,2,3,6,5,19,5,1,0,6,3,17.72
985,30.67,124.37,5,28512.0,0.8776,0.99,0.8865,1.0,5.0,5.0,0.0,0.0,2401.23,9.05,3,3,5,6,19,5,1,1,6,3,179.75
987,15.26,140.73,6,25715.625,0.4582,0.8929374999999999,0.5226,1.0,6.0,6.0,0.0,0.0,2401.23,9.54,3,3,16,6,19,5,1,0,6,3,168.15
981,11.34,139.62,5,25715.625,0.3117,0.8929374999999999,0.3549,1.0,3.0,3.0,0.0,0.0,2401.23,9.85,3,3,0,0,20,5,0,1,6,3,160.53
983,14.61,122.88,3,28800.0,0.4874,1.0,0.4874,1.0,3.0,3.0,0.0,0.0,2401.23,10.09,3,3,6,0,20,5,0,0,6,3,154.87
964,37.37,120.5,4,28800.0,1.0,1.0,1.0,1.0,4.0,4.0,0.0,0.0,2401.23,10.57,2,3,17,0,20,5,0,0,6,3,143.33
880,45.65,110.0,3,28800.0,1.0,1.0,1.0,1.0,5.0,5.0,0.0,0.0,2401.23,11.06,2,3,5,1,20,5,0,1,6,3,131.45
862,33.16,107.75,3,28800.0,0.8294,1.0,0.8294,1.0,3.0,3.0,0.0,0.0,2401.23,11.32,2,3,11,1,20,5,0,0,6,3,125.32
838,39.1,104.75,6,28800.0,0.8607,1.0,0.8607,1.0,6.0,6.0,0.0,0.0,2401.23,11.53,2,3,16,1,20,5,0,0,6,3,120.18
739,33.6,92.38,5,28800.0,0.8029,1.0,0.8029,1.0,5.0,5.0,0.0,0.0,2401.23,11.9,2,3,1,2,20,5,0,1,6,3,111.38
808,38.7,101.0,4,28800.0,0.8933,1.0,0.8933,1.0,4.0,4.0,0.0,0.0,2401.23,12.3,2,2,11,2,20,5,0,0,6,3,101.75
891,11.99,111.38,4,28800.0,0.3641,1.0,0.3641,1.0,4.0,4.0,0.0,0.0,2401.23,12.68,2,2,20,2,20,5,0,0,6,3,92.62
996,35.03,124.5,5,28800.0,0.9241,1.0,0.9241,1.0,5.0,5.0,0.0,0.0,2401.23,12.83,2,2,23,2,20,5,0,1,6,3,89.13
980,25.08,122.5,6,28800.0,0.8078,1.0,0.8078,1.0,6.0,6.0,0.0,0.0,2401.23,13.31,2,2,11,3,20,5,0,0,6,3,77.47
999,11.42,124.88,3,28800.0,0.3906,1.0,0.3906,1.0,3.0,3.0,0.0,0.0,2401.23,13.65,2,2,19,3,20,5,0,0,6,3,69.43
957,42.53,119.62,3,28800.0,0.75,1.0,1.0,1.0,6.0,6.0,0.0,0.0,2401.23,13.95,1,2,2,4,20,5,0,1,6,3,62.3
971,36.13,121.38,3,28800.0,1.0,1.0,1.0,1.0,3.0,3.0,0.0,0.0,2401.23,14.19,1,2,8,4,20,5,0,0,6,3,56.43
826,17.77,103.25,4,28800.0,0.3088,1.0,0.386,1.0,5.0,4.0,0.0,0.0,2401.23,14.55,1,2,17,4,20,5,0,0,6,3,47.88
832,30.71,104.0,6,28800.0,0.7182,1.0,0.7182,1.0,1.0,1.0,0.0,0.0,2401.23,14.98,1,2,3,5,20,5,1,1,6,3,37.48
879,41.34,129.3,3,25715.625,0.8498,0.8929374999999999,1.0,1.0,3.0,3.0,0.0,0.0,2401.23,15.13,1,3,7,5,20,5,1,0,6,3,33.77
842,16.02,127.56,2,25715.625,0.2682,0.8929374999999999,0.4876,1.0,3.0,2.0,0.0,0.0,2431.89,0.35,1,3,18,5,20,5,1,0,6,3,22.28
754,13.23,115.72,1,25715.625,0.3074,0.8929374999999999,0.3774,1.0,4.0,4.0,0.0,0.0,2431.89,0.57,1,3,0,6,20,5,1,1,6,3,16.97
982,39.4,138.89,5,25715.625,0.8838,0.8929374999999999,1.0,1.0,5.0,5.0,0.0,0.0,2431.89,1.11,0,3,13,6,20,5,1,0,6,3,3.97
886,21.56,130.64,2,25715.625,0.5224,0.8929374999999999,0.6162,1.0,2.0,2.0,0.0,0.0,2434.38,1.48,2,3,21,6,20,5,1,0,6,3,11.48
972,14.11,140.55,4,25715.625,0.3689,0.8929374999999999,0.4267,1.0,4.0,4.0,0.0,0.0,2434.38,1.49,2,3,22,6,20,5,1,1,6,3,11.28
1023,31.11,134.87,2,27306.0,0.9481,0.9481,1.0,1.0,2.0,2.0,0.0,0.0,2444.81,1.93,2,3,8,0,21,5,0,0,6,3,0.62
917,26.29,119.9,2,27534.0,0.7301,0.956,0.7637,1.0,2.0,2.0,0.0,0.0,2477.59,2.46,2,3,21,0,21,5,0,0,6,3,181.33
861,19.73,112.93,1,27448.0,0.5869,0.9531,0.6158,1.0,4.0,4.0,0.0,0.0,2477.59,2.75,2,3,4,1,21,5,0,1,6,3,174.41
815,28.99,101.88,4,28800.0,0.6447,1.0,0.8059,1.0,5.0,4.0,0.0,0.0,2477.59,2.99,2,3,10,1,21,5,0,0,6,3,168.53
929,40.78,116.12,2,28800.0,0.6667,1.0,1.0,1.0,3.0,2.0,0.0,0.0,2477.59,3.34,2,3,18,1,21,5,0,0,6,3,160.28
872,35.96,109.0,4,28800.0,1.0,1.0,1.0,1.0,3.0,3.0,0.0,0.0,2477.59,3.75,2,4,4,2,21,5,0,1,6,3,150.38
892,46.74,146.44,3,25715.625,0.7614,0.8929374999999999,1.0,1.0,3.0,3.0,0.0,0.0,2626.74,0.17,2,4,9,2,21,5,0,0,6,3,145.08
867,37.18,148.74,2,25715.625,0.7286,0.8929374999999999,1.0,1.0,2.0,2.0,0.0,0.0,2626.74,0.62,2,4,20,2,21,5,0,0,6,3,134.3
890,19.61,151.35,3,25715.625,0.4669,0.8929374999999999,0.6353,1.0,3.0,3.0,0.0,0.0,2626.74,0.74,2,4,23,2,21,5,0,1,6,3,131.36
837,10.42,104.62,4,28800.0,0.2099,1.0,0.2624,1.0,5.0,4.0,0.0,0.0,2626.74,1.25,2,4,11,3,21,5,0,0,6,3,119.11
820,45.94,102.5,5,28800.0,0.9769,1.0,0.9769,1.0,5.0,5.0,0.0,0.0,2626.74,1.65,2,4,21,3,21,5,0,0,6,3,109.43
905,15.86,113.12,4,28800.0,0.2971,1.0,0.3714,1.0,4.0,4.0,0.0,0.0,2626.74,1.86,2,4,2,4,21,5,0,1,6,3,104.41
736,23.31,92.0,5,28800.0,0.4208,1.0,0.505,1.0,6.0,5.0,0.0,0.0,2626.74,2.34,2,4,13,4,21,5,0,0,6,3,92.9
1050,34.48,131.25,3,28800.0,1.0,1.0,1.0,1.0,3.0,3.0,0.0,0.0,2626.74,2.6,2,4,19,4,21,5,0,0,6,3,86.73
836,16.98,104.5,4,28800.0,0.4064,1.0,0.4064,1.0,5.0,4.0,0.0,0.0,2626.74,2.77,2,4,0,5,21,5,1,1,6,3,82.68
867,26.7,108.38,5,28800.0,0.6945,1.0,0.6945,1.0,5.0,5.0,0.0,0.0,2626.74,3.22,2,4,10,5,21,5,1,0,6,3,71.9
886,19.7,110.75,5,28800.0,0.5116,1.0,0.5116,1.0,5.0,5.0,0.0,0.0,2626.74,3.36,2,3,14,5,21,5,1,0,6,3,68.61
809,10.99,101.12,4,28800.0,0.223,1.0,0.2787,1.0,5.0,4.0,0.0,0.0,2626.74,3.92,2,3,3,6,21,5,1,1,6,3,55.13
696,21.63,87.0,3,28800.0,0.4154,1.0,0.4154,1.0,3.0,3.0,0.0,0.0,2626.74,4.18,2,3,9,6,21,5,1,0,6,3,48.9
887,13.2,110.88,2,28800.0,0.3819,1.0,0.3819,1.0,2.0,2.0,0.0,0.0,2626.74,4.54,1,3,18,6,21,5,1,0,6,3,40.26
962,43.98,120.25,4,28800.0,0.8,1.0,1.0,1.0,5.0,4.0,0.0,0.0,2626.74,4.72,0,3,22,6,21,5,1,1,6,3,35.76
848,44.98,106.0,6,28800.0,1.0,1.0,1.0,1.0,6.0,6.0,0.0,0.0,2626.74,5.32,0,3,13,0,22,5,0,0,6,3,21.46
801,28.39,100.12,3,28800.0,0.6689,1.0,0.6689,1.0,3.0,3.0,0.0,0.0,2626.74,5.6,0,3,19,0,22,5,0,0,6,3,14.8
897,45.85,112.12,3,28800.0,1.0,1.0,1.0,1.0,5.0,5.0,0.0,0.0,2626.74,5.87,0,3,2,1,22,5,0,1,6,3,8.25
915,9.84,131.39,3,25715.625,0.297,0.8929374999999999,0.3412,1.0,3.0,3.0,0.0,0.0,2626.74,6.34,1,3,13,1,22,5,0,0,6,3,315.94
1018,37.41,143.63,5,25715.625,0.8859,0.8929374999999999,1.0,1.0,5.0,5.0,0.0,0.0,2738.33,6.36,1,3,14,1,22,5,0,0,6,3,315.47
814,23.77,110.52,5,26515.0,0.6416,0.9207,0.6969,1.0,5.0,5.0,0.0,0.0,2738.33,6.8,1,3,0,2,22,5,0,1,6,3,304.99
914,22.35,114.25,5,28800.0,0.5436,1.0,0.5436,1.0,5.0,5.0,0.0,0.0,2738.33,7.23,1,3,10,2,22,5,0,0,6,3,294.74
955,15.59,119.38,5,28800.0,0.4046,1.0,0.4855,1.0,6.0,5.0,0.0,0.0,2738.33,7.45,1,3,16,2,22,5,0,0,6,3,289.32
1050,44.91,131.25,5,28800.0,1.0,1.0,1.0,1.0,5.0,5.0,0.0,0.0,2738.33,7.95,1,3,4,3,22,5,0,1,6,3,277.44
912,36.29,114.0,3,28800.0,0.976,1.0,0.976,1.0,3.0,3.0,0.0,0.0,2738.33,8.18,1,3,9,3,22,5,0,0,6,3,271.76
896,31.34,112.0,4,28800.0,0.7286,1.0,0.7286,1.0,4.0,4.0,0.0,0.0,2738.33,8.6,1,3,19,3,22,5,0,0,6,3,261.81
828,35.85,103.5,5,28800.0,1.0,1.0,1.0,1.0,4.0,3.0,0.0,0.0,2738.33,8.9,1,3,3,4,22,5,0,1,6,3,254.54
858,27.1,107.25,6,28800.0,0.6089,1.0,0.6089,1.0,6.0,6.0,0.0,0.0,2738.33,9.31,1,3,12,4,22,5,0,0,6,3,244.71
891,20.09,111.38,5,28800.0,0.387,1.0,0.4644,1.0,6.0,5.0,0.0,0.0,2738.33,9.68,1,3,21,4,22,5,0,0,6,3,235.96
977,45.68,122.12,3,28800.0,0.75,1.0,1.0,1.0,4.0,3.0,0.0,0.0,2738.33,9.71,1,3,22,4,22,5,0,1,6,3,235.07
952,34.92,119.0,2,28800.0,1.0,1.0,1.0,1.0,2.0,2.0,0.0,0.0,2738.33,10.03,1,3,6,5,22,5,1,0,6,3,227.41
872,20.93,109.0,5,28800.0,0.4959,1.0,0.4959,1.0,5.0,5.0,0.0,0.0,2738.33,10.54,1,3,18,5,22,5,1,0,6,3,215.29
968,35.28,121.0,4,28800.0,1.0,1.0,1.0,1.0,3.0,2.0,0.0,0.0,2738.33,10.89,1,2,2,6,22,5,1,1,6,3,206.87
839,47.05,107.12,4,28196.0,0.979,0.979,1.0,1.0,4.0,4.0,0.0,0.0,2792.41,11.05,1,2,6,6,22,5,1,0,6,3,203.04
929,39.26,119.18,2,28062.0,0.6496,0.9744,1.0,1.0,3.0,2.0,0.0,0.0,2792.41,11.51,1,2,17,6,22,5,1,0,6,3,192.01
829,28.09,104.74,2,28493.0,0.4376,0.9893,0.6634,1.0,3.0,2.0,0.0,0.0,2792.41,11.71,1,2,22,6,22,5,1,1,6,3,187.04
828,27.01,103.5,3,28800.0,0.6541,1.0,0.6541,1.0,3.0,3.0,0.0,0.0,2792.41,12.16,1,2,9,0,23,6,0,0,6,3,176.22
975,14.06,121.88,2,28800.0,0.4587,1.0,0.4587,1.0,2.0,2.0,0.0,0.0,2792.41,12.4,1,2,15,0,23,6,0,0,6,3,170.52
936,34.91,117.0,4,28800.0,1.0,1.0,1.0,1.0,4.0,4.0,0.0,0.0,2792.41,12.74,1,2,23,0,23,6,0,1,6,3,162.39
841,28.18,120.7,4,25715.625,0.7183,0.8929374999999999,0.8248,1.0,4.0,4.0,0.0,0.0,2792.41,13.13,1,2,8,1,23,6,0,0,6,3,152.97
928,16.07,130.09,5,25715.625,0.5017,0.8929374999999999,0.5626,1.0,5.0,5.0,0.0,0.0,2939.22,0.03,0,3,15,1,23,6,0,0,6,3,146.19
931,15.75,133.46,1,25715.625,0.385,0.8929374999999999,0.4415,1.0,4.0,4.0,0.0,0.0,2939.22,0.45,0,3,1,2,23,6,0,1,6,3,136.09
1045,11.15,130.62,5,28800.0,0.3338,1.0,0.3338,1.0,5.0,5.0,0.0,0.0,2939.22,0.92,0,3,12,2,23,6,0,0,6,3,124.81
807,17.44,100.88,5,28800.0,0.3974,1.0,0.4769,1.0,6.0,5.0,0.0,0.0,2939.22,1.15,0,3,18,2,23,6,0,0,6,3,119.29
917,10.91,114.62,4,28800.0,0.3445,1.0,0.3445,1.0,3.0,2.0,0.0,0.0,2939.22,1.45,0,3,1,3,23,6,0,1,6,3,112.02
851,38.55,106.38,3,28800.0,1.0,1.0,1.0,1.0,3.0,3.0,0.0,0.0,2939.22,1.77,0,3,9,3,23,6,0,0,6,3,104.37
945,32.67,118.12,4,28800.0,0.5334,1.0,0.8,1.0,6.0,4.0,0.0,0.0,2939.22,2.01,0,3,15,3,23,6,0,0,6,3,98.46
931,17.75,116.38,2,28800.0,0.364,1.0,0.546,1.0,3.0,3.0,0.0,0.0,2939.22,2.53,0,3,3,4,23,6,0,1,6,3,86.11
994,37.72,124.25,2,28800.0,1.0,1.0,1.0,1.0,2.0,2.0,0.0,0.0,2939.22,2.65,0,3,6,4,23,6,0,0,6,3,83.29
840,14.26,105.0,2,28800.0,0.3681,1.0,0.3681,1.0,2.0,2.0,0.0,0.0,2939.22,3.08,0,3,16,4,23,6,0,0,6,3,72.99
808,37.63,101.0,3,28800.0,0.9385,1.0,0.9385,1.0,5.0,5.0,0.0,0.0,2939.22,3.5,0,3,2,5,23,6,1,1,6,3,62.81
866,22.23,108.25,6,28800.0,0.5915,1.0,0.5915,1.0,6.0,6.0,0.0,0.0,2939.22,3.92,0,3,13,5,23,6,1,0,6,3,52.62
849,19.49,106.12,3,28800.0,0.4277,1.0,0.4277,1.0,3.0,3.0,0.0,0.0,2939.22,3.98,0,3,14,5,23,6,1,0,6,3,51.31
880,15.72,110.0,5,28800.0,0.3942,1.0,0.3942,1.0,4.0,4.0,0.0,0.0,2939.22,4.45,0,3,1,6,23,6,1,1,6,3,40.07
944,50.7,118.0,4,28800.0,1.0,1.0,1.0,1.0,4.0,4.0,0.0,0.0,2939.22,4.68,0,3,7,6,23,6,1,0,6,3,34.57
876,18.49,109.5,5,28800.0,0.4222,1.0,0.5067,1.0,6.0,5.0,0.0,0.0,2939.22,5.01,0,3,15,6,23,6,1,0,6,3,26.61
1047,36.54,130.88,4,28800.0,1.0,1.0,1.0,1.0,3.0,3.0,0.0,0.0,2939.22,5.54,0,3,3,0,24,6,0,1,6,3,13.87
898,16.08,114.16,2,28318.0,0.4508,0.9833,0.4585,1.0,2.0,2.0,0.0,0.0,2939.22,5.81,0,3,10,0,24,6,0,0,6,3,7.27
1001,43.89,126.18,4,28559.0,0.9916,0.9916,1.0,1.0,4.0,4.0,0.0,0.0,2939.22,6.12,1,3,17,0,24,6,0,0,6,3,10.81
899,33.14,114.1,3,28365.0,0.884,0.9849,0.8976,1.0,1.0,1.0,0.0,0.0,2949.84,6.45,1,3,1,1,24,6,0,1,6,3,2.9
849,42.71,118.85,4,25716.0,0.7143,0.8929374999999999,1.0,1.0,5.0,4.0,0.0,0.0,3039.58,6.81,2,3,10,1,24,6,0,0,6,3,186.5
921,24.79,142.36,4,25715.625,0.7237,0.8929374999999999,0.8949,1.0,4.0,4.0,0.0,0.0,3039.58,6.98,2,3,14,1,24,6,0,0,6,3,182.48
926,34.46,145.53,1,25715.625,0.7954,0.8929374999999999,1.0,1.0,4.0,4.0,0.0,0.0,3039.58,7.53,2,3,3,2,24,6,0,1,6,3,169.21
836,32.74,104.5,6,28800.0,0.8589,1.0,0.8589,1.0,6.0,6.0,0.0,0.0,3039.58,7.66,2,3,6,2,24,6,0,0,6,3,166.1
975,18.61,121.88,4,28800.0,0.6036,1.0,0.6036,1.0,4.0,4.0,0.0,0.0,3039.58,8.18,2,3,19,2,24,6,0,0,6,3,153.63
904,51.63,113.0,4,28800.0,1.0,1.0,1.0,1.0,3.0,3.0,0.0,0.0,3039.58,8.38,2,3,0,3,24,6,0,1,6,3,148.76
918,38.37,114.75,3,28800.0,1.0,1.0,1.0,1.0,3.0,3.0,0.0,0.0,3039.58,8.67,2,3,6,3,24,6,0,0,6,3,141.93
865,41.07,108.12,3,28800.0,1.0,1.0,1.0,1.0,3.0,3.0,0.0,0.0,3039.58,9.16,2,3,18,3,24,6,0,0,6,3,130.01
961,38.27,120.12,3,28800.0,1.0,1.0,1.0,1.0,3.0,3.0,0.0,0.0,3039.58,9.32,2,3,22,3,24,6,0,1,6,3,126.33
757,39.38,94.62,4,28800.0,0.9817,1.0,0.9817,1.0,4.0,4.0,0.0,0.0,3039.58,9.9,2,3,12,4,24,6,0,0,6,3,112.38
722,8.91,90.25,3,28800.0,0.1309,1.0,0.2181,1.0,5.0,3.0,0.0,0.0,3039.58,10.18,2,3,19,4,24,6,0,0,6,3,105.75
863,27.75,107.88,2,28800.0,0.641,1.0,0.641,1.0,6.0,6.0,0.0,0.0,3039.58,10.43,2,3,1,5,24,6,1,1,6,3,99.6
890,28.93,114.07,6,28087.0,0.8887,0.9752,0.9113,1.0,6.0,6.0,0.0,0.0,3137.16,10.66,3,3,6,5,24,6,1,0,6,3,94.13
933,34.93,121.31,5,27687.0,0.9614,0.9614,1.0,1.0,5.0,5.0,0.0,0.0,3137.16,11.21,3,3,19,5,24,6,1,0,6,3,80.9
940,34.35,121.86,6,27769.0,0.9642,0.9642,1.0,1.0,4.0,4.0,0.0,0.0,3137.16,11.47,3,3,2,6,24,6,1,1,6,3,74.7
939,13.44,117.38,2,28800.0,0.3596,1.0,0.3596,1.0,2.0,2.0,0.0,0.0,3137.16,11.68,3,3,7,6,24,6,1,0,6,3,69.51
850,22.79,106.25,4,28800.0,0.6127,1.0,0.6127,1.0,4.0,4.0,0.0,0.0,3137.16,12.16,3,3,18,6,24,6,1,0,6,3,58.06
916,20.15,114.5,4,28800.0,0.5063,1.0,0.5063,1.0,2.0,2.0,0.0,0.0,3137.16,12.6,3,3,5,0,25,6,0,1,6,3,47.6
1050,16.13,131.25,4,28800.0,0.5272,1.0,0.5272,1.0,4.0,4.0,0.0,0.0,3137.16,12.75,3,2,8,0,25,6,0,0,6,3,43.98
877,22.69,109.62,4,28800.0,0.4609,1.0,0.5761,1.0,5.0,4.0,0.0,0.0,3137.16,13.08,3,2,16,0,25,6,0,0,6,3,36.06
1017,21.52,127.12,2,28800.0,0.7497,1.0,0.7497,1.0,3.0,3.0,0.0,0.0,3137.16,13.59,1,2,4,1,25,6,0,1,6,3,23.88
826,25.3,103.25,3,28800.0,0.6938,1.0,0.6938,1.0,3.0,3.0,0.0,0.0,3137.16,13.9,1,2,12,1,25,6,0,0,6,3,16.45
767,21.14,95.88,2,28800.0,0.51,1.0,0.51,1.0,2.0,2.0,0.0,0.0,3137.16,14.27,1,2,21,1,25,6,0,0,6,3,7.48
998,42.54,124.75,3,28800.0,1.0,1.0,1.0,1.0,6.0,6.0,0.0,0.0,3137.16,14.61,2,2,5,2,25,6,0,1,6,3,82.61
1049,18.5,140.36,5,26906.0,0.609,0.9342,0.6519,1.0,5.0,5.0,0.0,0.0,3219.12,14.75,2,2,8,2,25,6,0,0,6,3,79.31
1050,32.15,137.18,3,27556.0,0.9568,0.9568,1.0,1.0,3.0,3.0,0.0,0.0,3219.12,15.29,2,2,21,2,25,6,0,0,6,3,66.38
1050,44.87,136.72,6,27647.0,0.96,0.96,1.0,1.0,3.0,3.0,0.0,0.0,3219.12,15.44,2,2,1,3,25,6,0,1,6,3,62.68
1045,39.86,130.62,6,28800.0,1.0,1.0,1.0,1.0,6.0,6.0,0.0,0.0,3219.12,15.77,2,2,9,3,25,6,0,0,6,3,54.89
925,32.67,115.62,5,28800.0,0.8299,1.0,0.8299,1.0,5.0,5.0,0.0,0.0,3219.12,16.19,2,2,19,3,25,6,0,0,6,3,44.81
937,17.99,117.12,3,28800.0,0.4844,1.0,0.4844,1.0,3.0,3.0,0.0,0.0,3219.12,16.35,2,2,23,3,25,6,0,1,6,3,40.84
1050,30.97,131.25,4,28800.0,1.0,1.0,1.0,1.0,4.0,4.0,0.0,0.0,3219.12,16.73,2,1,8,4,25,6,0,0,6,3,31.79
834,26.86,104.25,3,28800.0,0.5977,1.0,0.5977,1.0,3.0,3.0,0.0,0.0,3219.12,17.16,2,1,18,4,25,6,0,0,6,3,21.36
799,18.46,99.88,5,28800.0,0.4591,1.0,0.4591,1.0,3.0,3.0,0.0,0.0,3219.12,17.56,1,1,4,5,25,6,1,1,6,3,11.89
1050,14.36,147.21,5,25715.625,0.5134,0.8929374999999999,0.5758,1.0,5.0,5.0,0.0,0.0,3219.12,17.92,1,1,12,5,25,6,1,0,6,3,3.16
834,32.85,126.43,2,25715.625,0.8245,0.8929374999999999,1.0,1.0,2.0,2.0,0.0,0.0,3219.12,18.01,1,1,15,5,25,6,1,0,6,3,1.04
872,27.57,137.05,3,25715.625,0.7766,0.8929374999999999,0.9765,1.0,4.0,4.0,0.0,0.0,3262.52,18.56,2,1,4,6,25,6,1,1,6,3,34.81
838,15.07,104.75,5,28800.0,0.3532,1.0,0.3532,1.0,5.0,5.0,0.0,0.0,3262.52,18.69,2,1,7,6,25,6,1,0,6,3,31.71
978,11.74,122.25,6,28800.0,0.38,1.0,0.38,1.0,6.0,6.0,0.0,0.0,3262.52,19.18,2,1,19,6,25,6,1,0,6,3,20.02
978,19.9,122.25,4,28800.0,0.541,1.0,0.541,1.0,3.0,2.0,0.0,0.0,3262.52,19.6,2,1,5,0,26,6,0,1,6,3,9.86
849,45.64,107.81,3,28351.0,0.9844,0.9844,1.0,1.0,3.0,3.0,0.0,0.0,3262.52,19.85,2,1,11,0,26,6,0,0,6,3,3.86
742,14.25,96.28,3,27743.0,0.3656,0.9633,0.3795,1.0,3.0,3.0,0.0,0.0,3262.52,19.99,2,1,14,0,26,6,0,0,6,3,0.41
850,23.7,108.62,2,28172.0,0.3817,0.9782,0.5853,1.0,2.0,2.0,0.0,0.0,3502.52,20.61,3,1,5,1,26,6,0,1,6,3,226.12
971,26.63,121.38,4,28800.0,0.7475,1.0,0.7475,1.0,4.0,4.0,0.0,0.0,3502.52,20.72,3,1,8,1,26,6,0,0,6,3,223.59
837,28.32,104.62,3,28800.0,0.8117,1.0,0.8117,1.0,3.0,3.0,0.0,0.0,3502.52,20.98,3,1,14,1,26,6,0,0,6,3,217.36
847,14.75,105.88,2,28800.0,0.3732,1.0,0.3732,1.0,3.0,3.0,0.0,0.0,3502.52,21.46,3,1,1,2,26,6,0,1,6,3,205.81
843,41.44,105.38,3,28800.0,0.7343,1.0,0.9791,1.0,4.0,3.0,0.0,0.0,3502.52,21.74,2,1,8,2,26,6,0,0,6,3,199.04
837,15.47,104.62,4,28800.0,0.3386,1.0,0.3386,1.0,4.0,4.0,0.0,0.0,3502.52,22.0,2,1,14,2,26,6,0,0,6,3,192.86
946,35.13,118.25,3,28800.0,1.0,1.0,1.0,1.0,3.0,3.0,0.0,0.0,3502.52,22.53,2,1,3,3,26,6,0,1,6,3,180.07
760,37.35,95.0,3,28800.0,0.8729,1.0,0.8729,1.0,3.0,3.0,0.0,0.0,3502.52,22.72,2,1,8,3,26,6,0,0,6,3,175.61
740,25.6,92.5,5,28800.0,0.5807,1.0,0.5807,1.0,5.0,5.0,0.0,0.0,3502.52,23.13,2,1,17,3,26,6,0,0,6,3,165.86
888,22.29,111.0,3,28800.0,0.5609,1.0,0.5609,1.0,4.0,4.0,0.0,0.0,3502.52,23.4,2,1,0,4,26,6,0,1,6,3,159.17
928,40.35,116.0,3,28800.0,1.0,1.0,1.0,1.0,3.0,3.0,0.0,0.0,3502.52,23.86,2,1,11,4,26,6,0,0,6,3,148.12
877,33.23,109.62,5,28800.0,0.9306,1.0,0.9306,1.0,5.0,5.0,0.0,0.0,3502.52,24.03,2,1,15,4,26,6,0,0,6,3,144.22
998,48.01,124.75,4,28800.0,1.0,1.0,1.0,1.0,3.0,2.0,0.0,0.0,3502.52,24.54,2,1,3,5,26,6,1,1,6,3,131.97
788,22.3,98.5,2,28800.0,0.5141,1.0,0.5141,1.0,2.0,2.0,0.0,0.0,3502.52,24.67,2,1,6,5,26,6,1,0,6,3,128.89
872,39.84,109.0,6,28800.0,0.9822,1.0,0.9822,1.0,6.0,6.0,0.0,0.0,3502.52,24.783749,1,1,20,5,26,6,1,0,6,3,114.81
951,27.05,118.88,2,28800.0,0.465,1.0,0.6974,1.0,5.0,5.0,0.0,0.0,3502.52,24.783749,1,1,2,6,26,6,1,1,6,3,109.11
976,36.55,122.0,2,28800.0,1.0,1.0,1.0,1.0,2.0,2.0,0.0,0.0,3502.52,24.783749,1,1,8,6,26,6,1,0,6,3,103.37
945,20.67,118.12,5,28800.0,0.672,1.0,0.672,1.0,5.0,5.0,0.0,0.0,3502.52,24.783749,1,1,16,6,26,6,1,0,6,3,95.14
1043,12.66,130.38,5,28800.0,0.4208,1.0,0.4208,1.0,6.0,5.0,0.0,0.0,3502.52,24.783749,1,1,1,0,27,6,0,1,6,3,86.46
899,10.78,112.38,5,28800.0,0.275,1.0,0.275,1.0,5.0,5.0,0.0,0.0,3502.52,24.783749,1,1,10,0,27,6,0,0,6,3,77.57
914,23.54,114.25,5,28800.0,0.6972,1.0,0.6972,1.0,5.0,5.0,0.0,0.0,3502.52,24.783749,0,1,19,0,27,6,0,0,6,3,67.82
864,19.39,108.0,5,28800.0,0.4557,1.0,0.5469,1.0,6.0,5.0,0.0,0.0,3502.52,24.783749,0,1,22,0,27,6,0,1,6,3,65.39
748,28.98,93.5,2,28800.0,0.6594,1.0,0.6594,1.0,2.0,2.0,0.0,0.0,3502.52,24.783749,0,1,6,1,27,6,0,0,6,3,56.84
971,23.87,121.38,5,28800.0,0.643,1.0,0.643,1.0,5.0,5.0,0.0,0.0,3502.52,24.783749,0,1,19,1,27,6,0,0,6,3,43.99
909,26.55,113.62,2,28800.0,0.4244,1.0,0.6366,1.0,2.0,2.0,0.0,0.0,3502.52,24.783749,0,1,5,2,27,7,0,1,6,3,34.52
1050,20.32,131.25,2,28800.0,0.5965,1.0,0.5965,1.0,2.0,2.0,0.0,0.0,3502.52,24.783749,0,1,13,2,27,7,0,0,6,3,26.71
937,26.04,117.12,3,28800.0,0.5827,1.0,0.7769,1.0,4.0,3.0,0.0,0.0,3502.52,24.783749,0,1,20,2,27,7,0,0,6,3,19.49
817,45.78,102.12,2,28800.0,1.0,1.0,1.0,1.0,3.0,3.0,0.0,0.0,3502.52,24.783749,0,1,4,3,27,7,0,1,6,3,11.59
807,33.27,106.28,2,27335.0,0.7248,0.9491,0.7637,1.0,2.0,2.0,0.0,0.0,3502.52,24.783749,0,1,6,3,27,7,0,0,6,3,8.82
939,25.79,123.18,3,27443.0,0.7082,0.9529,0.7432,1.0,3.0,3.0,0.0,0.0,3502.52,24.783749,1,0,16,3,27,7,0,0,6,3,53.48
884,26.61,113.85,3,27952.0,0.6311,0.9706,0.6502,1.0,3.0,2.0,0.0,0.0,3555.95,24.783749,1,0,2,4,27,7,0,1,6,3,44.43
888,33.68,111.0,3,28800.0,1.0,1.0,1.0,1.0,3.0,3.0,0.0,0.0,3555.95,24.783749,1,0,8,4,27,7,0,0,6,3,37.53
900,37.18,112.5,6,28800.0,0.9572,1.0,0.9572,1.0,6.0,6.0,0.0,0.0,3555.95,24.783749,1,0,20,4,27,7,0,0,6,3,26.03
796,22.83,99.5,2,28800.0,0.3219,1.0,0.4829,1.0,3.0,2.0,0.0,0.0,3555.95,24.783749,1,0,23,4,27,7,0,1,6,3,23.29
943,12.63,131.15,2,25885.0,0.274,0.8988,0.4572,1.0,3.0,2.0,0.0,0.0,3555.95,24.783749,1,0,11,5,27,7,1,0,6,3,11.08
876,24.04,120.08,6,26262.0,0.5885,0.9119,0.6454,1.0,6.0,6.0,0.0,0.0,3555.95,24.783749,1,0,20,5,27,7,1,0,6,3,2.38
923,34.13,121.44,5,27362.0,0.8906,0.9501,0.9374,1.0,5.0,5.0,0.0,0.0,3555.95,24.783749,2,0,23,5,27,7,1,1,6,3,78.55
983,33.28,122.88,6,28800.0,0.8847,1.0,0.8847,1.0,6.0,6.0,0.0,0.0,3632.88,24.783749,2,0,10,6,27,7,1,0,6,3,66.69
732,21.01,91.5,3,28800.0,0.5104,1.0,0.5104,1.0,3.0,3.0,0.0,0.0,3632.88,24.783749,2,0,20,6,27,7,1,0,6,3,57.3
749,25.95,93.62,2,28800.0,0.5711,1.0,0.5711,1.0,4.0,4.0,0.0,0.0,3632.88,24.783749,2,0,5,0,28,7,0,1,6,3,48.54
1009,26.69,126.12,6,28800.0,0.8188,1.0,0.8188,1.0,6.0,6.0,0.0,0.0,3632.88,24.783749,2,0,13,0,28,7,0,0,6,3,39.92
1002,36.97,125.25,6,28800.0,1.0,1.0,1.0,1.0,6.0,6.0,0.0,0.0,3632.88,24.783749,2,0,19,0,28,7,0,0,6,3,34.4
684,18.94,85.5,4,28800.0,0.4273,1.0,0.4273,1.0,3.0,3.0,0.0,0.0,3632.88,24.783749,2,0,2,1,28,7,0,1,6,3,27.19
791,15.07,98.88,3,28800.0,0.4117,1.0,0.4117,1.0,3.0,3.0,0.0,0.0,3632.88,24.783749,2,0,9,1,28,7,0,0,6,3,20.07
861,33.82,107.62,3,28800.0,0.9169,1.0,0.9169,1.0,3.0,3.0,0.0,0.0,3632.88,24.783749,2,0,20,1,28,7,0,0,6,3,9.59
817,46.45,102.12,3,28800.0,1.0,1.0,1.0,1.0,3.0,3.0,0.0,0.0,3632.88,24.783749,2,0,23,1,28,7,0,1,6,3,5.94
906,25.94,113.25,4,28800.0,0.5036,1.0,0.6295,1.0,5.0,4.0,0.0,0.0,3632.88,24.783749,3,0,6,2,28,7,0,0,6,3,456.01
802,17.8,100.25,6,28800.0,0.4222,1.0,0.4222,1.0,6.0,6.0,0.0,0.0,3678.55,24.783749,3,0,16,2,28,7,0,0,6,3,445.73
762,33.29,95.25,3,28800.0,0.8644,1.0,0.8644,1.0,6.0,6.0,0.0,0.0,3678.55,24.783749,3,0,4,3,28,7,0,1,6,3,433.83
963,11.15,120.38,5,28800.0,0.2956,1.0,0.2956,1.0,5.0,5.0,0.0,0.0,3678.55,24.783749,3,0,9,3,28,7,0,0,6,3,429.14
958,10.73,119.75,6,28800.0,0.2797,1.0,0.2797,1.0,6.0,6.0,0.0,0.0,3678.55,24.783749,2,0,21,3,28,7,0,0,6,3,417.29
750,36.4,93.75,6,28800.0,0.8216,1.0,0.8216,1.0,2.0,2.0,0.0,0.0,3678.55,24.783749,2,0,3,4,28,7,0,1,6,3,410.91
1014,27.35,169.67,2,25715.625,0.747,0.8929374999999999,1.0,1.0,2.0,2.0,0.0,0.0,3678.55,24.783749,2,0,6,4,28,7,0,0,6,3,408.29
908,47.81,152.43,2,25715.625,0.7446,0.8929374999999999,1.0,1.0,2.0,2.0,0.0,0.0,3678.55,24.783749,2,1,14,4,28,7,0,0,6,3,400.29
987,27.94,151.2,2,25715.625,0.816,0.8929374999999999,1.0,1.0,5.0,5.0,0.0,0.0,3700.11,0.55,2,1,3,5,28,7,1,1,6,3,386.86
819,13.04,102.38,6,28800.0,0.2906,1.0,0.2906,1.0,6.0,6.0,0.0,0.0,3700.11,0.8,2,1,9,5,28,7,1,0,6,3,380.86
1050,30.38,131.25,3,28800.0,0.9698,1.0,0.9698,1.0,3.0,3.0,0.0,0.0,3719.65,1.05,2,2,15,5,28,7,1,0,6,3,374.88
864,27.99,108.0,5,28800.0,0.6774,1.0,0.6774,1.0,3.0,3.0,0.0,0.0,3719.65,1.46,1,2,1,6,28,7,1,1,6,3,365.09
899,35.69,114.75,5,28203.0,0.9793,0.9793,1.0,1.0,5.0,5.0,0.0,0.0,3719.65,1.7,1,2,7,6,28,7,1,0,6,3,359.39
727,20.28,92.62,2,28257.0,0.395,0.9811,0.4026,1.0,2.0,2.0,0.0,0.0,3949.74,2.19,1,2,18,6,28,7,1,0,6,3,347.54
792,16.9,101.63,3,28054.0,0.4317,0.9741,0.4432,1.0,7.0,7.0,0.0,0.0,3949.74,2.4,1,2,0,0,29,7,0,1,6,3,342.46
935,46.32,116.88,6,28800.0,1.0,1.0,1.0,1.0,6.0,6.0,0.0,0.0,3949.74,2.86,1,2,10,0,29,7,0,0,6,3,331.61
786,21.3,98.25,6,28800.0,0.5188,1.0,0.5188,1.0,6.0,6.0,0.0,0.0,3949.74,3.05,1,2,15,0,29,7,0,0,6,3,326.99
819,23.61,102.38,7,28800.0,0.5855,1.0,0.5855,1.0,2.0,2.0,0.0,0.0,3949.74,3.58,1,2,4,1,29,7,0,1,6,3,314.18
1029,43.81,128.62,4,28800.0,1.0,1.0,1.0,1.0,4.0,4.0,0.0,0.0,3949.74,3.89,1,2,11,1,29,7,0,0,6,3,306.71
939,34.49,117.38,5,28800.0,0.7086,1.0,0.8503,1.0,6.0,5.0,0.0,0.0,3949.74,4.02,1,2,14,1,29,7,0,0,6,3,303.81
936,19.59,117.0,2,28800.0,0.5174,1.0,0.5174,1.0,4.0,4.0,0.0,0.0,3949.74,4.56,1,2,3,2,29,7,0,1,6,3,290.76
868,25.76,108.5,5,28800.0,0.6113,1.0,0.7336,1.0,6.0,5.0,0.0,0.0,3949.74,4.82,0,2,9,2,29,7,0,0,6,3,284.51
1027,32.95,128.38,2,28800.0,1.0,1.0,1.0,1.0,2.0,2.0,0.0,0.0,3949.74,5.27,0,2,20,2,29,7,0,0,6,3,273.64
993,12.38,124.12,4,28800.0,0.3296,1.0,0.3296,1.0,4.0,4.0,0.0,0.0,3949.74,5.58,0,2,4,3,29,7,0,1,6,3,266.34
876,43.49,109.5,6,28800.0,1.0,1.0,1.0,1.0,6.0,6.0,0.0,0.0,3949.74,5.78,0,2,8,3,29,7,0,0,6,3,261.56
966,22.53,120.75,3,28800.0,0.6886,1.0,0.6886,1.0,3.0,3.0,0.0,0.0,3949.74,6.28,0,2,21,3,29,7,0,0,6,3,249.44
854,45.92,106.75,4,28800.0,1.0,1.0,1.0,1.0,4.0,4.0,0.0,0.0,3949.74,6.37,0,2,23,3,29,7,0,1,6,3,247.38
790,21.3,98.75,4,28800.0,0.4069,1.0,0.5086,1.0,5.0,4.0,0.0,0.0,3949.74,6.89,0,2,11,4,29,7,0,0,6,3,234.71
727,29.41,90.88,2,28800.0,0.7093,1.0,0.7093,1.0,2.0,2.0,0.0,0.0,3949.74,7.19,0,2,18,4,29,7,0,0,6,3,227.56
864,11.37,108.0,5,28800.0,0.2664,1.0,0.2664,1.0,2.0,2.0,0.0,0.0,3949.74,7.59,0,2,4,5,29,7,1,1,6,3,217.93
981,24.01,122.62,5,28800.0,0.8001,1.0,0.8001,1.0,5.0,5.0,0.0,0.0,3949.74,7.82,0,2,10,5,29,7,1,0,6,3,212.43
714,10.32,89.25,5,28800.0,0.2417,1.0,0.2417,1.0,5.0,5.0,0.0,0.0,3949.74,8.3,0,2,21,5,29,7,1,0,6,3,200.91
654,25.96,81.75,2,28800.0,0.4367,1.0,0.4367,1.0,2.0,1.0,0.0,0.0,3949.74,8.56,0,2,3,6,29,7,1,1,6,3,194.66
831,35.96,103.88,6,28800.0,0.7987,1.0,0.7987,1.0,6.0,6.0,0.0,0.0,3949.74,9.08,0,2,16,6,29,7,1,0,6,3,182.14
818,30.11,102.25,1,28800.0,0.3912,1.0,0.7825,1.0,2.0,1.0,0.0,0.0,3949.74,9.33,0,2,22,6,29,7,1,1,6,3,176.36
614,33.04,76.75,4,28800.0,0.7001,1.0,0.7001,1.0,4.0,4.0,0.0,0.0,3949.74,9.74,0,2,8,0,30,7,0,0,6,3,166.36
839,9.54,104.88,4,28800.0,0.2441,1.0,0.2441,1.0,4.0,4.0,0.0,0.0,3949.74,10.28,0,2,21,0,30,7,0,0,6,3,153.39
922,15.24,115.25,3,28800.0,0.3851,1.0,0.3851,1.0,3.0,3.0,0.0,0.0,3949.74,10.87,0,2,11,1,30,7,0,0,6,3,139.18
960,19.64,120.0,5,28800.0,0.613,1.0,0.613,1.0,5.0,5.0,0.0,0.0,3949.74,11.11,0,2,17,1,30,7,0,0,6,3,133.46
888,25.93,111.0,4,28800.0,0.6685,1.0,0.6685,1.0,1.0,1.0,0.0,0.0,3949.74,11.46,1,2,1,2,30,7,0,1,6,3,125.13
948,34.01,128.1,3,26641.0,0.925,0.925,1.0,1.0,3.0,3.0,0.0,0.0,4010.03,11.72,1,2,7,2,30,7,0,0,6,3,118.81
918,28.34,122.02,4,27083.0,0.6914,0.9404,0.7352,1.0,4.0,4.0,0.0,0.0,4010.03,12.19,1,2,18,2,30,7,0,0,6,3,107.66
813,47.25,107.71,1,27174.0,0.9435,0.9435,1.0,1.0,3.0,3.0,0.0,0.0,4010.03,12.6,1,2,4,3,30,7,0,1,6,3,97.68
873,39.6,109.12,2,28800.0,1.0,1.0,1.0,1.0,2.0,2.0,0.0,0.0,4010.03,12.91,1,2,12,3,30,7,0,0,6,3,90.39
847,33.46,105.88,6,28800.0,0.8005,1.0,0.8005,1.0,6.0,6.0,0.0,0.0,4010.03,12.99,1,2,14,3,30,7,0,0,6,3,88.38
788,40.13,98.5,3,28800.0,0.9883,1.0,0.9883,1.0,3.0,2.0,0.0,0.0,4010.03,13.49,1,2,2,4,30,7,0,1,6,3,76.46
944,31.19,126.41,6,26885.0,0.9335,0.9335,1.0,1.0,6.0,6.0,0.0,0.0,4010.03,13.86,1,2,10,4,30,7,0,0,6,3,67.53
913,44.69,118.77,2,27673.0,0.9609,0.9609,1.0,1.0,2.0,2.0,0.0,0.0,4072.67,14.15,2,2,17,4,30,7,0,0,6,3,60.66
926,43.1,119.5,2,27897.0,0.6458,0.9686,1.0,1.0,4.0,4.0,0.0,0.0,4072.67,14.64,2,2,5,5,30,7,1,1,6,3,48.74
804,16.12,100.5,5,28800.0,0.4188,1.0,0.4188,1.0,5.0,5.0,0.0,0.0,4072.67,14.68,2,2,6,5,30,7,1,0,6,3,47.78
686,26.17,85.75,3,28800.0,0.6143,1.0,0.6143,1.0,3.0,3.0,0.0,0.0,4072.67,15.24,2,2,20,5,30,7,1,0,6,3,34.34
751,14.25,93.88,4,28800.0,0.363,1.0,0.363,1.0,3.0,3.0,0.0,0.0,4072.67,15.43,2,2,0,6,30,7,1,1,6,3,29.93
827,37.45,103.38,3,28800.0,0.9749,1.0,0.9749,1.0,3.0,3.0,0.0,0.0,4072.67,15.69,2,2,6,6,30,7,1,0,6,3,23.59
943,16.91,117.88,4,28800.0,0.4175,1.0,0.4175,1.0,4.0,4.0,0.0,0.0,4072.67,16.2,2,2,19,6,30,7,1,0,6,3,11.44
845,30.86,105.62,3,28800.0,0.7115,1.0,0.7115,1.0,4.0,4.0,0.0,0.0,4072.67,16.46,2,2,1,0,31,7,0,1,6,3,5.14
799,44.3,102.44,6,28078.0,0.9749,0.9749,1.0,1.0,6.0,6.0,0.0,0.0,4120.12,16.78,3,2,8,0,31,7,0,0,6,3,45.95
916,19.81,120.97,5,27259.0,0.541,0.9465,0.5716,1.0,5.0,5.0,0.0,0.0,4120.12,17.25,3,2,20,0,31,7,0,0,6,3,34.55
942,22.09,117.75,6,28800.0,0.613,1.0,0.613,1.0,6.0,6.0,0.0,0.0,4120.12,17.9,3,2,11,1,31,7,0,0,6,3,19.11
923,11.12,115.38,4,28800.0,0.2666,1.0,0.2666,1.0,4.0,4.0,0.0,0.0,4120.12,17.99,3,2,14,1,31,7,0,0,6,3,16.93
870,23.28,108.75,2,28800.0,0.6616,1.0,0.6616,1.0,3.0,3.0,0.0,0.0,4120.12,18.49,2,2,1,2,31,7,0,1,6,3,4.96
977,28.68,122.12,4,28800.0,0.9658,1.0,0.9658,1.0,4.0,4.0,0.0,0.0,209.4,,0,0,7,6,5,2,1,0,0,1,273.59
768,25.49,96.0,3,28800.0,0.5387,1.0,0.5387,1.0,3.0,3.0,0.0,0.0,209.4,,0,0,21,6,5,2,1,0,0,1,260.0
711,49.17,88.88,2,28800.0,0.9221,1.0,0.9221,1.0,2.0,2.0,0.0,0.0,209.4,,0,0,11,0,6,2,0,0,0,1,245.74
832,17.44,104.0,2,28800.0,0.4536,1.0,0.4536,1.0,2.0,2.0,0.0,0.0,209.4,,0,0,16,0,6,2,0,0,0,1,240.99
586,17.37,73.25,5,28800.0,0.2404,1.0,0.2885,1.0,1.0,1.0,0.0,0.0,209.4,,0,0,1,1,6,2,0,1,0,1,231.75
890,42.3,111.25,3,28800.0,0.75,1.0,1.0,1.0,4.0,3.0,0.0,0.0,209.4,,0,0,13,1,6,2,0,0,0,1,219.6
958,27.27,119.75,5,28800.0,0.801,1.0,0.801,1.0,5.0,5.0,0.0,0.0,209.4,,0,0,20,1,6,2,0,0,0,1,212.75
943,48.07,117.88,1,28800.0,1.0,1.0,1.0,1.0,5.0,5.0,0.0,0.0,209.4,,0,0,4,2,6,2,0,1,0,1,204.6
774,36.56,96.75,2,28800.0,0.803,1.0,0.803,1.0,2.0,2.0,0.0,0.0,209.4,,0,0,6,2,6,2,0,0,0,1,202.42
818,14.55,102.25,6,28800.0,0.3255,1.0,0.3255,1.0,6.0,6.0,0.0,0.0,209.4,,0,0,15,2,6,2,0,0,0,1,193.8
826,26.63,103.25,5,28800.0,0.7007,1.0,0.7007,1.0,3.0,3.0,0.0,0.0,209.4,,0,0,0,3,6,2,0,1,0,1,184.44
863,42.22,107.88,2,28800.0,1.0,1.0,1.0,1.0,2.0,2.0,0.0,0.0,209.4,,0,0,10,3,6,2,0,0,0,1,175.19
924,25.16,115.5,4,28800.0,0.6202,1.0,0.6202,1.0,4.0,4.0,0.0,0.0,209.4,,0,0,18,3,6,2,0,0,0,1,166.72
887,11.39,110.88,3,28800.0,0.3185,1.0,0.3185,1.0,5.0,5.0,0.0,0.0,209.4,,0,0,3,4,6,2,0,1,0,1,157.72
955,26.48,119.38,4,28800.0,0.6762,1.0,0.8452,1.0,5.0,4.0,0.0,0.0,209.4,,0,0,12,4,6,2,0,0,0,1,148.72
758,41.39,94.75,6,28800.0,0.8404,1.0,0.8404,1.0,6.0,6.0,0.0,0.0,209.4,,0,0,17,4,6,2,0,0,0,1,143.32
759,42.64,94.88,5,28800.0,0.8607,1.0,0.8607,1.0,5.0,5.0,0.0,0.0,209.4,,0,0,23,4,6,2,0,1,0,1,137.49
884,37.83,110.5,5,28800.0,0.8333,1.0,1.0,1.0,6.0,5.0,0.0,0.0,209.4,,0,0,12,5,6,2,1,0,0,1,125.12
776,40.74,97.0,3,28800.0,1.0,1.0,1.0,1.0,3.0,3.0,0.0,0.0,209.4,,0,0,23,5,6,2,1,1,0,1,113.7
835,32.3,104.38,2,28800.0,0.8405,1.0,0.8405,1.0,2.0,2.0,0.0,0.0,209.4,,0,0,16,6,6,2,1,0,0,1,97.0
670,32.62,83.75,4,28800.0,0.5888,1.0,0.5888,1.0,2.0,2.0,0.0,0.0,209.4,,0,0,0,0,7,2,0,1,0,1,88.59
807,36.75,110.15,3,26375.0,0.87,0.9158,0.95,1.0,3.0,3.0,0.0,0.0,209.4,,0,0,10,0,7,2,0,0,0,1,79.1
969,30.07,133.04,6,26220.0,0.8677,0.9104,0.9531,1.0,6.0,6.0,0.0,0.0,209.4,,0,0,16,0,7,2,0,0,0,1,72.52
840,42.72,112.17,2,26959.0,0.9361,0.9361,1.0,1.0,2.0,2.0,0.0,0.0,279.2,0.12,0,1,22,0,7,2,0,1,0,1,66.97
784,43.92,98.0,4,28800.0,0.9547,1.0,0.9547,1.0,4.0,4.0,0.0,0.0,279.2,0.67,0,1,11,1,7,2,0,0,0,1,53.62
884,14.95,110.5,5,28800.0,0.4162,1.0,0.4162,1.0,5.0,5.0,0.0,0.0,279.2,0.87,0,1,16,1,7,2,0,0,0,1,48.94
802,17.84,100.25,6,28800.0,0.4283,1.0,0.4283,1.0,2.0,2.0,0.0,0.0,279.2,1.38,0,1,4,2,7,2,0,1,0,1,36.6
689,13.64,86.12,3,28800.0,0.3077,1.0,0.3077,1.0,3.0,3.0,0.0,0.0,279.2,1.68,0,1,11,2,7,2,0,0,0,1,29.54
959,15.96,119.88,5,28800.0,0.4718,1.0,0.4718,1.0,5.0,5.0,0.0,0.0,279.2,2.05,0,1,20,2,7,2,0,0,0,1,20.6
796,48.97,99.5,2,28800.0,1.0,1.0,1.0,1.0,4.0,4.0,0.0,0.0,279.2,2.39,0,1,4,3,7,2,0,1,0,1,12.42
770,39.19,122.03,6,25715.625,0.7887,0.8929374999999999,1.0,1.0,6.0,6.0,0.0,0.0,279.2,2.54,0,1,8,3,7,2,0,0,0,1,8.84
827,36.28,129.28,2,25715.625,0.7996,0.8929374999999999,1.0,1.0,2.0,2.0,0.0,0.0,279.2,2.8,0,1,14,3,7,2,0,0,0,1,2.7
916,33.29,135.04,4,25715.625,0.8479,0.8929374999999999,1.0,1.0,5.0,5.0,0.0,0.0,309.8,3.29,1,1,2,4,7,2,0,1,0,1,41.31
830,17.27,103.75,3,28800.0,0.4023,1.0,0.4023,1.0,3.0,3.0,0.0,0.0,309.8,3.58,1,1,9,4,7,2,0,0,0,1,34.35
846,15.6,105.75,6,28800.0,0.4092,1.0,0.4092,1.0,6.0,6.0,0.0,0.0,309.8,4.03,1,1,20,4,7,2,0,0,0,1,23.68
758,21.61,94.75,5,28800.0,0.4816,1.0,0.4816,1.0,3.0,3.0,0.0,0.0,309.8,4.27,1,1,1,5,7,2,1,1,0,1,17.86
752,40.75,108.37,5,25715.625,0.8552,0.8929374999999999,0.9859,1.0,5.0,5.0,0.0,0.0,324.08,0.16,1,2,9,5,7,2,1,0,0,1,10.46
710,26.56,102.05,3,25715.625,0.625,0.8929374999999999,0.7186,1.0,3.0,3.0,0.0,0.0,324.08,0.57,1,2,19,5,7,2,1,0,0,1,0.5
844,37.5,114.99,3,26423.0,0.9175,0.9175,1.0,1.0,6.0,5.0,0.0,0.0,370.7,0.92,1,2,3,6,7,2,1,1,0,1,129.76
844,28.13,105.5,4,28800.0,0.815,1.0,0.815,1.0,4.0,4.0,0.0,0.0,370.7,1.08,1,2,7,6,7,2,1,0,0,1,125.96
809,46.33,101.12,2,28800.0,1.0,1.0,1.0,1.0,2.0,2.0,0.0,0.0,370.7,1.52,1,2,17,6,7,2,1,0,0,1,115.38
814,49.72,101.75,5,28800.0,0.8333,1.0,1.0,1.0,6.0,5.0,0.0,0.0,370.7,1.72,1,2,22,6,7,2,1,1,0,1,110.5
729,8.25,97.88,6,26812.0,0.2032,0.931,0.2183,1.0,6.0,6.0,0.0,0.0,370.7,2.28,1,2,12,0,8,2,0,0,0,1,97.06
935,42.19,125.4,4,26842.0,0.932,0.932,1.0,1.0,4.0,4.0,0.0,0.0,370.7,2.62,1,2,20,0,8,2,0,0,0,1,88.93
847,26.16,111.68,2,27303.0,0.5929,0.948,0.6254,1.0,3.0,3.0,0.0,0.0,457.8,2.78,2,2,0,1,8,2,0,1,0,1,85.01
766,13.84,95.75,2,28800.0,0.3678,1.0,0.3678,1.0,2.0,2.0,0.0,0.0,457.8,3.22,2,2,10,1,8,2,0,0,0,1,74.61
743,18.87,92.88,4,28800.0,0.3587,1.0,0.4484,1.0,5.0,4.0,0.0,0.0,457.8,3.68,2,2,21,1,8,2,0,0,0,1,63.61
744,31.93,93.0,3,28800.0,0.6608,1.0,0.6608,1.0,5.0,5.0,0.0,0.0,457.8,3.96,2,2,4,2,8,2,0,1,0,1,56.91
770,19.76,96.25,2,28800.0,0.4155,1.0,0.4155,1.0,2.0,2.0,0.0,0.0,457.8,4.27,2,2,12,2,8,2,0,0,0,1,49.3
1049,25.99,131.12,2,28800.0,0.927,1.0,0.927,1.0,2.0,2.0,0.0,0.0,457.8,4.63,2,2,20,2,8,2,0,0,0,1,40.63
696,40.93,87.0,5,28800.0,0.8589,1.0,0.8589,1.0,5.0,5.0,0.0,0.0,457.8,4.73,2,2,23,2,8,2,0,1,0,1,38.33
725,44.36,90.62,3,28800.0,0.9664,1.0,0.9664,1.0,3.0,3.0,0.0,0.0,457.8,5.04,2,2,6,3,8,2,0,0,0,1,30.93
714,12.03,89.25,5,28800.0,0.2273,1.0,0.2273,1.0,5.0,5.0,0.0,0.0,457.8,5.66,1,2,21,3,8,2,0,0,0,1,16.1
733,12.12,91.62,3,28800.0,0.2522,1.0,0.2522,1.0,6.0,6.0,0.0,0.0,457.8,5.88,1,2,2,4,8,2,0,1,0,1,10.76
768,14.06,107.76,3,25715.625,0.3002,0.8929374999999999,0.337,1.0,3.0,3.0,0.0,0.0,457.8,6.29,1,2,12,4,8,2,0,0,0,1,0.86
856,14.1,133.96,5,25715.625,0.3281,0.8929374999999999,0.4108,1.0,5.0,5.0,0.0,0.0,503.0,6.62,2,2,20,4,8,2,0,0,0,1,208.91
776,38.19,118.95,6,25715.625,0.8155,0.8929374999999999,1.0,1.0,6.0,6.0,0.0,0.0,503.0,6.71,2,2,22,4,8,2,0,1,0,1,206.61
1019,22.87,127.38,4,28800.0,0.6355,1.0,0.6355,1.0,4.0,4.0,0.0,0.0,503.0,7.32,2,2,13,5,8,2,1,0,0,1,192.16
842,42.09,105.25,5,28800.0,1.0,1.0,1.0,1.0,5.0,5.0,0.0,0.0,503.0,7.36,2,2,14,5,8,2,1,0,0,1,191.11
822,48.06,102.75,5,28800.0,1.0,1.0,1.0,1.0,5.0,5.0,0.0,0.0,503.0,7.72,2,2,22,5,8,2,1,1,0,1,182.56
855,41.41,110.52,2,27850.0,0.967,0.967,1.0,1.0,2.0,2.0,0.0,0.0,503.0,8.17,2,2,9,6,8,2,1,0,0,1,171.59
890,9.64,118.4,4,27060.0,0.2889,0.9396,0.3075,1.0,4.0,4.0,0.0,0.0,557.19,8.9,2,2,3,0,9,2,0,1,0,1,154.13
909,38.36,113.62,6,28800.0,1.0,1.0,1.0,1.0,6.0,6.0,0.0,0.0,557.19,9.06,2,2,6,0,9,2,0,0,0,1,150.34
914,32.03,114.25,2,28800.0,0.7674,1.0,0.7674,1.0,2.0,2.0,0.0,0.0,557.19,9.51,2,2,17,0,9,2,0,0,0,1,139.39
739,12.79,92.38,4,28800.0,0.2694,1.0,0.2694,1.0,4.0,3.0,0.0,0.0,557.19,9.88,1,2,2,1,9,2,0,1,0,1,130.61
872,15.39,118.29,6,26539.0,0.4042,0.9215,0.4386,1.0,6.0,6.0,0.0,0.0,557.19,10.06,1,2,6,1,9,2,0,0,0,1,126.36
909,11.67,119.68,2,27342.0,0.2876,0.9494,0.3029,1.0,2.0,2.0,0.0,0.0,557.19,10.6,1,2,19,1,9,2,0,0,0,1,113.39
768,12.49,103.53,3,26706.0,0.2306,0.9273,0.3316,1.0,5.0,5.0,0.0,0.0,667.29,0.24,1,3,4,2,9,2,0,1,0,1,104.26
825,32.59,103.12,6,28800.0,0.9081,1.0,0.9081,1.0,6.0,6.0,0.0,0.0,667.29,0.33,1,3,6,2,9,2,0,0,0,1,102.28
942,15.46,117.75,3,28800.0,0.4975,1.0,0.4975,1.0,3.0,3.0,0.0,0.0,667.29,0.92,1,3,21,2,9,2,0,0,0,1,88.11
780,18.72,97.5,5,28800.0,0.4926,1.0,0.4926,1.0,4.0,4.0,0.0,0.0,667.29,1.13,1,3,2,3,9,2,0,1,0,1,82.96
995,31.85,124.38,5,28800.0,0.6846,1.0,0.8216,1.0,6.0,5.0,0.0,0.0,667.29,1.49,1,3,10,3,9,2,0,0,0,1,74.44
821,37.41,102.62,2,28800.0,0.9002,1.0,0.9002,1.0,2.0,2.0,0.0,0.0,667.29,1.75,1,3,17,3,9,2,0,0,0,1,68.18
932,11.62,116.5,4,28800.0,0.3725,1.0,0.3725,1.0,4.0,4.0,0.0,0.0,667.29,1.99,1,3,22,3,9,2,0,1,0,1,62.46
848,12.48,106.0,6,28800.0,0.2989,1.0,0.2989,1.0,6.0,6.0,0.0,0.0,667.29,2.43,1,3,9,4,9,2,0,0,0,1,51.83
837,33.45,104.62,6,28800.0,0.8408,1.0,0.8408,1.0,6.0,6.0,0.0,0.0,667.29,2.64,0,3,14,4,9,2,0,0,0,1,46.79
986,42.44,123.25,4,28800.0,1.0,1.0,1.0,1.0,7.0,7.0,0.0,0.0,667.29,3.14,0,3,2,5,9,2,1,1,0,1,34.83
812,35.35,101.5,6,28800.0,0.8219,1.0,0.8219,1.0,6.0,6.0,0.0,0.0,667.29,3.43,0,3,9,5,9,2,1,0,0,1,27.76
799,41.86,99.88,3,28800.0,1.0,1.0,1.0,1.0,3.0,3.0,0.0,0.0,667.29,3.78,0,3,17,5,9,2,1,0,0,1,19.31
975,12.04,121.88,7,28800.0,0.3328,1.0,0.3328,1.0,2.0,1.0,0.0,0.0,667.29,4.13,0,3,2,6,9,3,1,1,0,1,10.99
850,29.27,129.05,3,25715.625,0.6175,0.8929374999999999,1.0,1.0,4.0,3.0,0.0,0.0,667.29,4.44,0,3,9,6,9,3,1,0,0,1,3.46
758,8.26,108.36,3,25715.625,0.2127,0.8929374999999999,0.2432,1.0,3.0,3.0,0.0,0.0,693.82,4.75,1,3,17,6,9,3,1,0,0,1,25.59
1008,34.03,135.3,1,26820.0,0.4657,0.9313,1.0,1.0,6.0,6.0,0.0,0.0,693.82,5.15,1,3,2,0,10,3,0,1,0,1,16.07
1028,21.96,132.18,2,27998.0,0.7671,0.9722,0.789,1.0,2.0,2.0,0.0,0.0,693.82,5.41,1,3,8,0,10,3,0,0,0,1,9.79
707,38.89,89.96,2,28292.0,0.8875,0.9824,0.9034,1.0,2.0,2.0,0.0,0.0,726.72,5.88,2,3,20,0,10,3,0,0,0,1,32.0
667,18.46,84.85,6,28298.0,0.3314,0.9826,0.3373,1.0,0.0,0.0,0.0,0.0,726.72,6.11,2,3,1,1,10,3,0,1,0,1,26.45
707,17.34,88.38,2,28800.0,0.3866,1.0,0.3866,1.0,2.0,2.0,0.0,0.0,726.72,6.59,2,3,13,1,10,3,0,0,0,1,15.08
841,15.19,105.12,2,28800.0,0.3676,1.0,0.3676,1.0,2.0,2.0,0.0,0.0,726.72,6.62,2,3,14,1,10,3,0,0,0,1,14.2
955,25.17,119.38,0,28800.0,0.6877,1.0,0.7305,1.0,2.0,2.0,0.0,0.0,726.72,7.17,2,3,3,2,10,3,0,1,0,1,1.17
947,18.56,123.23,2,27666.0,0.3291,0.9606,0.5138,1.0,3.0,2.0,0.0,0.0,769.96,7.41,3,3,8,2,10,3,0,0,0,1,163.44
833,24.91,106.17,4,28246.0,0.5805,0.9808,0.5919,1.0,4.0,4.0,0.0,0.0,769.96,7.74,3,3,17,2,10,3,0,0,0,1,155.38
804,37.0,103.14,2,28064.0,0.8006,0.9744,0.8216,1.0,2.0,2.0,0.0,0.0,769.96,8.0,3,3,23,2,10,3,0,1,0,1,149.31
859,22.33,107.38,4,28800.0,0.4216,1.0,0.527,1.0,5.0,4.0,0.0,0.0,769.96,8.54,3,3,12,3,10,3,0,0,0,1,136.34
862,46.0,107.75,6,28800.0,1.0,1.0,1.0,1.0,6.0,6.0,0.0,0.0,769.96,8.8,3,3,18,3,10,3,0,0,0,1,130.14
729,22.22,91.12,6,28800.0,0.5361,1.0,0.5361,1.0,6.0,6.0,0.0,0.0,769.96,9.0,3,3,23,3,10,3,0,1,0,1,125.29
953,24.96,122.49,5,28008.0,0.6674,0.9725,0.6863,1.0,5.0,5.0,0.0,0.0,871.18,0.47,3,4,12,4,10,3,0,0,0,1,112.14
861,18.18,110.76,4,27985.0,0.4146,0.9717,0.4267,1.0,4.0,4.0,0.0,0.0,871.18,0.82,3,4,20,4,10,3,0,0,0,1,103.63
917,44.27,116.35,5,28373.0,0.9852,0.9852,1.0,1.0,6.0,6.0,0.0,0.0,871.18,1.03,3,4,1,5,10,3,1,1,0,1,98.63
879,37.52,109.88,2,28800.0,1.0,1.0,1.0,1.0,2.0,2.0,0.0,0.0,871.18,1.45,3,4,11,5,10,3,1,0,0,1,88.58
777,22.95,97.12,4,28800.0,0.6041,1.0,0.6041,1.0,4.0,4.0,0.0,0.0,871.18,1.8,3,4,20,5,10,3,1,0,0,1,80.28
744,22.57,93.0,6,28800.0,0.5244,1.0,0.5244,1.0,4.0,4.0,0.0,0.0,871.18,2.09,3,4,3,6,10,3,1,1,0,1,73.28
843,12.6,105.38,5,28800.0,0.3404,1.0,0.3404,1.0,5.0,5.0,0.0,0.0,871.18,2.37,3,4,9,6,10,3,1,0,0,1,66.61
948,22.66,118.5,3,28800.0,0.6432,1.0,0.6432,1.0,3.0,3.0,0.0,0.0,871.18,2.72,2,4,18,6,10,3,1,0,0,1,58.09
803,36.62,100.38,2,28800.0,0.5335,1.0,0.8002,1.0,3.0,2.0,0.0,0.0,871.18,3.5,2,4,12,0,11,3,0,0,0,1,39.44
1044,35.17,130.5,2,28800.0,0.999,1.0,0.999,1.0,2.0,2.0,0.0,0.0,871.18,3.6,2,4,15,0,11,3,0,0,0,1,37.04
809,43.38,101.12,4,28800.0,1.0,1.0,1.0,1.0,5.0,5.0,0.0,0.0,871.18,4.2,1,4,5,1,11,3,0,1,0,1,22.73
701,28.51,103.52,5,25715.625,0.5148,0.8929374999999999,0.6082,1.0,5.0,5.0,0.0,0.0,871.18,4.29,1,5,7,1,11,3,0,0,0,1,20.44
797,10.61,107.78,6,26620.0,0.2291,0.9243,0.2479,1.0,6.0,6.0,0.0,0.0,890.82,0.41,1,5,18,1,11,3,0,0,0,1,9.83
896,27.66,129.91,5,25715.625,0.7115,0.8929374999999999,0.8253,1.0,3.0,3.0,0.0,0.0,890.82,0.76,1,5,3,2,11,3,0,1,0,1,1.36
777,25.63,104.45,4,26781.0,0.6062,0.9299,0.6519,1.0,4.0,4.0,0.0,0.0,1040.64,1.14,1,5,12,2,11,3,0,0,0,1,161.06
804,19.79,112.23,4,25789.0,0.4249,0.8955,0.4745,1.0,4.0,4.0,0.0,0.0,1040.64,1.36,1,5,17,2,11,3,0,0,0,1,155.79
764,22.02,104.73,3,26261.0,0.4719,0.9118,0.5176,1.0,5.0,5.0,0.0,0.0,1040.64,1.82,1,4,4,3,11,3,0,1,0,1,144.81
849,36.57,106.12,4,28800.0,1.0,1.0,1.0,1.0,4.0,4.0,0.0,0.0,1040.64,2.15,1,4,12,3,11,3,0,0,0,1,136.77
806,22.13,100.75,3,28800.0,0.4286,1.0,0.5715,1.0,4.0,3.0,0.0,0.0,1040.64,2.31,1,4,16,3,11,3,0,0,0,1,133.04
816,21.02,102.0,5,28800.0,0.5193,1.0,0.5193,1.0,5.0,5.0,0.0,0.0,1040.64,2.58,1,4,22,3,11,3,0,1,0,1,126.57
846,40.59,105.75,4,28800.0,1.0,1.0,1.0,1.0,4.0,4.0,0.0,0.0,1040.64,3.14,1,4,12,4,11,3,0,0,0,1,113.06
777,48.26,97.12,5,28800.0,0.8195,1.0,0.9834,1.0,6.0,5.0,0.0,0.0,1040.64,3.24,1,4,14,4,11,3,0,0,0,1,110.51
771,12.79,96.38,4,28800.0,0.3132,1.0,0.3132,1.0,4.0,4.0,0.0,0.0,1040.64,3.58,1,4,22,4,11,3,0,1,0,1,102.51
925,22.28,115.62,4,28800.0,0.6003,1.0,0.6003,1.0,4.0,4.0,0.0,0.0,1040.64,3.93,1,4,6,5,11,3,1,0,0,1,94.17
737,32.73,92.12,3,28800.0,0.7738,1.0,0.7738,1.0,3.0,3.0,0.0,0.0,1040.64,4.51,1,4,20,5,11,3,1,0,0,1,80.21
843,40.17,105.38,4,28800.0,0.8974,1.0,0.8974,1.0,4.0,4.0,0.0,0.0,1040.64,4.64,1,4,23,5,11,3,1,1,0,1,77.12
944,11.74,118.0,3,28800.0,0.3216,1.0,0.3216,1.0,3.0,3.0,0.0,0.0,1040.64,4.94,1,4,7,6,11,3,1,0,0,1,69.79
761,43.86,95.12,5,28800.0,0.9526,1.0,0.9526,1.0,5.0,5.0,0.0,0.0,1040.64,5.29,1,4,15,6,11,3,1,0,0,1,61.47
1013,26.32,126.62,5,28800.0,0.7404,1.0,0.7404,1.0,4.0,4.0,0.0,0.0,1040.64,5.65,1,4,0,0,12,3,0,1,0,1,52.82
992,36.14,124.0,4,28800.0,1.0,1.0,1.0,1.0,4.0,4.0,0.0,0.0,1040.64,6.09,1,3,10,0,12,3,0,0,0,1,42.17
882,9.13,110.25,3,28800.0,0.2074,1.0,0.2765,1.0,4.0,3.0,0.0,0.0,1040.64,6.34,1,3,16,0,12,3,0,0,0,1,36.32
893,40.73,111.62,3,28800.0,0.9392,1.0,0.9392,1.0,3.0,3.0,0.0,0.0,1040.64,7.14,1,4,12,1,12,3,0,0,0,1,17.01
860,36.76,107.5,2,28800.0,0.6667,1.0,1.0,1.0,3.0,2.0,0.0,0.0,1052.75,7.43,1,4,19,1,12,3,0,0,0,1,10.06
820,30.33,102.5,4,28800.0,0.6588,1.0,0.6588,1.0,5.0,5.0,0.0,0.0,1052.75,7.74,1,4,2,2,12,3,0,1,0,1,2.67
945,14.94,125.53,3,27102.0,0.3098,0.941,0.439,1.0,4.0,3.0,0.0,0.0,1183.48,8.17,1,4,12,2,12,3,0,0,0,1,459.67
764,43.53,110.91,5,25715.625,0.7175,0.8929374999999999,1.0,1.0,6.0,5.0,0.0,0.0,1183.48,8.28,1,4,15,2,12,3,0,0,0,1,456.9
603,22.39,85.28,5,25715.625,0.4252,0.8929374999999999,0.4811,1.0,6.0,6.0,0.0,0.0,1183.48,8.86,1,4,5,3,12,3,0,1,0,1,443.15
858,15.23,107.25,5,28800.0,0.3387,1.0,0.3387,1.0,5.0,5.0,0.0,0.0,1183.48,8.99,1,4,8,3,12,3,0,0,0,1,440.0
950,35.7,118.75,6,28800.0,1.0,1.0,1.0,1.0,6.0,6.0,0.0,0.0,1183.48,9.38,1,4,17,3,12,3,0,0,0,1,430.69
765,27.89,95.62,6,28800.0,0.6675,1.0,0.6675,1.0,6.0,6.0,0.0,0.0,1183.48,9.57,1,4,22,3,12,3,0,1,0,1,426.04
908,27.74,113.5,4,28800.0,0.6778,1.0,0.6778,1.0,4.0,4.0,0.0,0.0,1183.48,10.12,1,4,11,4,12,3,0,0,0,1,412.85
822,11.82,102.75,6,28800.0,0.256,1.0,0.256,1.0,6.0,6.0,0.0,0.0,1183.48,10.51,1,4,21,4,12,3,0,0,0,1,403.37
850,16.38,106.25,5,28800.0,0.4135,1.0,0.4135,1.0,5.0,5.0,0.0,0.0,1183.48,10.57,1,4,22,4,12,3,0,1,0,1,401.9
923,45.91,115.38,4,28800.0,1.0,1.0,1.0,1.0,4.0,4.0,0.0,0.0,1183.48,11.02,1,4,9,5,12,3,1,0,0,1,391.27
740,30.0,92.5,6,28800.0,0.7439,1.0,0.7439,1.0,6.0,6.0,0.0,0.0,1183.48,11.4,1,4,18,5,12,3,1,0,0,1,382.0
852,29.11,106.5,4,28800.0,0.7174,1.0,0.7174,1.0,4.0,4.0,0.0,0.0,1183.48,11.75,1,4,2,6,12,3,1,1,0,1,373.62
932,12.55,116.5,6,28800.0,0.3621,1.0,0.3621,1.0,6.0,6.0,0.0,0.0,1183.48,12.08,1,4,10,6,12,3,1,0,0,1,365.77
838,38.65,104.75,2,28800.0,0.9294,1.0,0.9294,1.0,2.0,2.0,0.0,0.0,1183.48,12.25,1,4,14,6,12,3,1,0,0,1,361.59
837,21.32,104.62,4,28800.0,0.5342,1.0,0.5342,1.0,2.0,2.0,0.0,0.0,1183.48,12.66,1,4,0,0,13,3,0,1,0,1,351.95
687,50.3,90.73,2,27258.0,0.9465,0.9465,1.0,1.0,2.0,2.0,0.0,0.0,1183.48,13.03,1,4,9,0,13,3,0,0,0,1,343.07
835,24.86,108.6,4,27680.0,0.5436,0.9611,0.5656,1.0,4.0,4.0,0.0,0.0,1423.48,13.48,2,4,20,0,13,3,0,0,0,1,332.14
892,26.24,118.48,2,27104.0,0.6492,0.9411,0.6898,1.0,2.0,2.0,0.0,0.0,1423.48,13.61,2,4,23,0,13,3,0,1,0,1,328.94
766,25.52,95.75,6,28800.0,0.553,1.0,0.553,1.0,6.0,6.0,0.0,0.0,1423.48,14.05,2,4,9,1,13,3,0,0,0,1,318.57
998,13.54,124.75,1,28800.0,0.2346,1.0,0.4692,1.0,2.0,1.0,0.0,0.0,1423.48,14.37,2,4,17,1,13,3,0,0,0,1,310.79
885,21.29,110.62,7,28800.0,0.61,1.0,0.61,1.0,4.0,4.0,0.0,0.0,1423.48,14.69,2,4,1,2,13,3,0,1,0,1,303.15
837,27.86,104.62,1,28800.0,0.3579,1.0,0.7158,1.0,2.0,1.0,0.0,0.0,1423.48,15.02,1,4,9,2,13,3,0,0,0,1,295.1
969,23.16,121.12,4,28800.0,0.7005,1.0,0.7005,1.0,4.0,4.0,0.0,0.0,1423.48,15.42,1,4,18,2,13,3,0,0,0,1,285.52
938,34.18,117.25,4,28800.0,0.9256,1.0,0.9256,1.0,7.0,6.0,0.0,0.0,1423.48,15.64,1,4,0,3,13,3,0,1,0,1,280.3
843,19.94,105.38,5,28800.0,0.4493,1.0,0.4493,1.0,5.0,5.0,0.0,0.0,1423.48,16.01,1,4,8,3,13,3,0,0,0,1,271.49
777,39.3,97.12,3,28800.0,0.6581,1.0,0.8774,1.0,4.0,3.0,0.0,0.0,1423.48,16.45,1,4,19,3,13,3,0,0,0,1,260.89
798,46.4,99.75,6,28800.0,0.8355,1.0,0.9748,1.0,7.0,5.0,0.0,0.0,1423.48,16.79,1,3,3,4,13,3,0,1,0,1,252.8
856,39.49,107.0,5,28800.0,1.0,1.0,1.0,1.0,5.0,5.0,0.0,0.0,1423.48,16.89,1,3,6,4,13,3,0,0,0,1,250.27
866,27.76,108.25,3,28800.0,0.7325,1.0,0.7325,1.0,3.0,3.0,0.0,0.0,1423.48,17.51,1,3,21,4,13,3,0,0,0,1,235.4
806,17.32,100.75,5,28800.0,0.3084,1.0,0.4318,1.0,4.0,4.0,0.0,0.0,1423.48,17.76,1,3,3,5,13,3,1,1,0,1,229.42
736,9.75,92.0,5,28800.0,0.2223,1.0,0.2223,1.0,5.0,5.0,0.0,0.0,1423.48,18.1,1,3,11,5,13,3,1,0,0,1,221.37
987,31.45,123.38,6,28800.0,0.8941,1.0,0.8941,1.0,6.0,6.0,0.0,0.0,1423.48,18.34,1,3,16,5,13,3,1,0,0,1,215.62
930,8.67,116.25,4,28800.0,0.2722,1.0,0.2722,1.0,2.0,2.0,0.0,0.0,1423.48,18.64,1,3,0,6,13,3,1,1,0,1,208.37
699,33.98,87.38,2,28800.0,0.6177,1.0,0.6177,1.0,2.0,2.0,0.0,0.0,1423.48,19.06,1,3,10,6,13,3,1,0,0,1,198.17
990,18.99,123.75,6,28800.0,0.6284,1.0,0.6284,1.0,6.0,6.0,0.0,0.0,1423.48,19.28,1,3,15,6,13,3,1,0,0,1,192.99
833,21.89,104.12,2,28800.0,0.5961,1.0,0.5961,1.0,2.0,2.0,0.0,0.0,1423.48,19.55,1,3,22,6,13,3,1,1,0,1,186.39
827,42.25,103.38,5,28800.0,1.0,1.0,1.0,1.0,5.0,5.0,0.0,0.0,1423.48,20.12,1,3,11,0,14,3,0,0,0,1,172.85
838,36.8,104.75,2,28800.0,0.8432,1.0,0.8432,1.0,2.0,2.0,0.0,0.0,1423.48,20.34,1,3,16,0,14,3,0,0,0,1,167.47
1049,23.73,131.12,3,28800.0,0.7948,1.0,0.7948,1.0,3.0,3.0,0.0,0.0,1423.48,20.63,0,3,23,0,14,3,0,1,0,1,160.49
865,24.37,108.12,2,28800.0,0.5971,1.0,0.5971,1.0,2.0,2.0,0.0,0.0,1423.48,21.18,0,3,13,1,14,3,0,0,0,1,147.42
794,35.75,99.25,3,28800.0,0.7469,1.0,0.7469,1.0,3.0,3.0,0.0,0.0,1423.48,21.54,0,3,21,1,14,3,0,0,0,1,138.65
808,41.92,101.0,1,28800.0,0.9957,1.0,0.9957,1.0,1.0,1.0,0.0,0.0,1423.48,21.61,0,3,23,1,14,3,0,1,0,1,137.0
861,14.51,107.62,3,28800.0,0.3384,1.0,0.3384,1.0,3.0,3.0,0.0,0.0,1423.48,21.96,0,3,7,2,14,4,0,0,0,1,128.65
849,33.08,106.12,5,28800.0,0.8794,1.0,0.8794,1.0,5.0,5.0,0.0,0.0,1423.48,22.54,0,3,21,2,14,4,0,0,0,1,114.72
696,20.62,87.0,4,28800.0,0.4403,1.0,0.4403,1.0,1.0,1.0,0.0,0.0,1423.48,22.85,0,3,5,3,14,4,0,1,0,1,107.37
865,39.28,124.87,5,25715.625,0.8659,0.8929374999999999,1.0,1.0,5.0,5.0,0.0,0.0,1423.48,23.1,0,3,11,3,14,4,0,0,0,1,101.19
848,30.46,125.56,6,25715.625,0.7985,0.8929374999999999,0.9459,1.0,6.0,6.0,0.0,0.0,1423.48,23.5,0,4,20,3,14,4,0,0,0,1,91.67
776,16.77,112.94,1,25715.625,0.3668,0.8929374999999999,0.427,1.0,4.0,4.0,0.0,0.0,1425.48,0.07,0,4,0,4,14,4,0,1,0,1,88.2
853,28.08,115.61,4,26561.0,0.6975,0.9223,0.7563,1.0,4.0,4.0,0.0,0.0,1444.61,0.53,1,4,11,4,14,4,0,0,0,1,77.17
820,11.61,119.72,3,25715.625,0.2472,0.8929374999999999,0.2887,1.0,3.0,3.0,0.0,0.0,1444.61,0.66,1,4,14,4,14,4,0,0,0,1,73.99
749,21.48,108.64,4,25715.625,0.453,0.8929374999999999,0.5257,1.0,4.0,4.0,0.0,0.0,1464.28,1.01,1,4,22,4,14,4,0,1,0,1,65.54
793,12.21,110.41,4,25857.0,0.2172,0.8978,0.3024,1.0,5.0,4.0,0.0,0.0,1464.28,1.89,1,5,20,5,14,4,1,0,0,1,44.39
917,25.34,122.94,7,26853.0,0.6173,0.9324,0.6621,1.0,7.0,7.0,0.0,0.0,1508.38,0.12,1,5,23,5,14,4,1,1,0,1,41.27
919,41.55,114.88,4,28800.0,0.6667,1.0,1.0,1.0,6.0,4.0,0.0,0.0,1508.38,0.61,1,4,10,6,14,4,1,0,0,1,29.49
743,36.52,92.88,4,28800.0,0.7113,1.0,0.7113,1.0,4.0,4.0,0.0,0.0,1508.38,0.99,1,4,20,6,14,4,1,0,0,1,20.32
800,18.27,100.0,1,28800.0,0.4589,1.0,0.4589,1.0,4.0,4.0,0.0,0.0,1508.38,1.2,1,4,1,0,15,4,0,1,0,1,15.27
763,23.26,101.2,4,27142.0,0.5007,0.9424,0.5313,1.0,4.0,4.0,0.0,0.0,1508.38,1.56,1,4,9,0,15,4,0,0,0,1,6.64
951,34.36,123.64,3,27689.0,0.6652,0.9614,0.9225,1.0,4.0,3.0,0.0,0.0,1519.44,1.97,2,4,19,0,15,4,0,0,0,1,204.68
965,45.28,136.64,2,25715.625,0.5886,0.8929374999999999,1.0,1.0,3.0,2.0,0.0,0.0,1712.55,0.12,2,5,9,1,15,4,0,0,0,1,190.28
834,39.74,116.15,3,25850.0,0.8976,0.8976,1.0,1.0,3.0,3.0,0.0,0.0,1712.55,0.43,2,5,17,1,15,4,0,0,0,1,182.73
799,22.35,110.27,3,26086.0,0.5408,0.9058,0.597,1.0,3.0,3.0,0.0,0.0,1712.55,0.64,2,5,22,1,15,4,0,1,0,1,177.85
726,14.62,90.75,4,28800.0,0.2607,1.0,0.3259,1.0,5.0,4.0,0.0,0.0,1712.55,1.04,2,5,8,2,15,4,0,0,0,1,168.08
804,12.95,100.5,3,28800.0,0.3434,1.0,0.3434,1.0,3.0,3.0,0.0,0.0,1712.55,1.36,2,5,15,2,15,4,0,0,0,1,160.37
776,15.17,97.0,5,28800.0,0.308,1.0,0.308,1.0,5.0,5.0,0.0,0.0,1712.55,1.69,2,5,23,2,15,4,0,1,0,1,152.55
632,20.87,79.0,2,28800.0,0.4104,1.0,0.4104,1.0,2.0,2.0,0.0,0.0,1712.55,2.04,2,4,8,3,15,4,0,0,0,1,144.13
741,26.48,92.62,5,28800.0,0.5433,1.0,0.652,1.0,6.0,5.0,0.0,0.0,1712.55,2.56,2,4,20,3,15,4,0,0,0,1,131.68
824,21.99,103.0,2,28800.0,0.3638,1.0,0.5456,1.0,2.0,2.0,0.0,0.0,1712.55,2.94,1,4,5,4,15,4,0,1,0,1,122.45
858,20.88,107.25,6,28800.0,0.6089,1.0,0.6089,1.0,6.0,6.0,0.0,0.0,1712.55,2.96,1,4,6,4,15,4,0,0,0,1,122.13
791,48.91,98.88,5,28800.0,1.0,1.0,1.0,1.0,5.0,5.0,0.0,0.0,1712.55,3.47,1,4,18,4,15,4,0,0,0,1,109.75
909,34.04,113.62,2,28800.0,0.8664,1.0,0.8664,1.0,3.0,3.0,0.0,0.0,1712.55,3.75,1,4,1,5,15,4,1,1,0,1,103.02
993,42.93,124.12,3,28800.0,1.0,1.0,1.0,1.0,3.0,3.0,0.0,0.0,1712.55,4.17,1,4,11,5,15,4,1,0,0,1,93.05
866,28.07,108.25,6,28800.0,0.7193,1.0,0.7193,1.0,6.0,6.0,0.0,0.0,1712.55,4.44,1,4,17,5,15,4,1,0,0,1,86.63
643,20.83,80.38,3,28800.0,0.4476,1.0,0.4476,1.0,3.0,3.0,0.0,0.0,1712.55,4.85,1,4,3,6,15,4,1,1,0,1,76.82
943,14.41,117.88,5,28800.0,0.4695,1.0,0.4695,1.0,5.0,5.0,0.0,0.0,1712.55,5.12,1,4,10,6,15,4,1,0,0,1,70.17
796,40.81,99.5,2,28800.0,1.0,1.0,1.0,1.0,2.0,2.0,0.0,0.0,1712.55,5.47,1,4,18,6,15,4,1,0,0,1,61.77
793,23.2,99.12,3,28800.0,0.6019,1.0,0.6019,1.0,6.0,6.0,0.0,0.0,1712.55,5.94,1,4,5,0,16,4,0,1,0,1,50.53
881,22.89,110.12,4,28800.0,0.6467,1.0,0.6467,1.0,4.0,4.0,0.0,0.0,1712.55,6.28,1,4,13,0,16,4,0,0,0,1,42.45
793,23.85,99.12,5,28800.0,0.5188,1.0,0.6226,1.0,6.0,5.0,0.0,0.0,1712.55,6.3,1,4,14,0,16,4,0,0,0,1,41.88
862,22.03,107.75,6,28800.0,0.5073,1.0,0.5073,1.0,6.0,6.0,0.0,0.0,1712.55,6.81,0,4,2,1,16,4,0,1,0,1,29.6
983,45.22,122.88,3,28800.0,1.0,1.0,1.0,1.0,3.0,3.0,0.0,0.0,1712.55,7.04,0,4,8,1,16,4,0,0,0,1,24.12
964,13.08,120.5,6,28800.0,0.3759,1.0,0.3759,1.0,6.0,6.0,0.0,0.0,1712.55,7.5,0,4,19,1,16,4,0,0,0,1,13.18
970,37.81,121.25,6,28800.0,1.0,1.0,1.0,1.0,1.0,1.0,0.0,0.0,1712.55,7.92,0,4,5,2,16,4,0,1,0,1,2.98
848,16.96,111.05,4,27491.0,0.4352,0.9545,0.4559,1.0,4.0,4.0,0.0,0.0,1712.55,8.02,0,4,7,2,16,4,0,0,0,1,0.57
1041,21.33,142.02,5,26387.0,0.6257,0.9162,0.6829,1.0,5.0,5.0,0.0,0.0,1771.31,8.5,1,4,19,2,16,4,0,0,0,1,49.52
939,33.29,123.86,1,27292.0,0.9476,0.9476,1.0,1.0,3.0,2.0,0.0,0.0,1771.31,8.72,1,4,0,3,16,4,0,1,0,1,44.27
730,24.99,91.25,4,28800.0,0.5356,1.0,0.5356,1.0,4.0,4.0,0.0,0.0,1771.31,8.96,1,4,6,3,16,4,0,0,0,1,38.53
940,49.16,117.5,2,28800.0,1.0,1.0,1.0,1.0,2.0,2.0,0.0,0.0,1771.31,9.48,1,3,18,3,16,4,0,0,0,1,25.95
911,28.23,113.88,2,28800.0,0.5886,1.0,0.8828,1.0,1.0,1.0,0.0,0.0,1771.31,9.83,1,3,3,4,16,4,0,1,0,1,17.63
807,29.51,106.83,3,27195.0,0.5229,0.9443,0.7383,1.0,4.0,3.0,0.0,0.0,1771.31,10.08,1,3,8,4,16,4,0,0,0,1,11.66
821,31.9,109.89,3,26897.0,0.8161,0.9339,0.8739,1.0,3.0,3.0,0.0,0.0,1771.31,10.52,1,3,19,4,16,4,0,0,0,1,0.92
841,35.41,110.64,1,27364.0,0.7785,0.9501,0.8194,1.0,5.0,5.0,0.0,0.0,1808.66,10.79,2,3,2,5,16,4,1,1,0,1,32.88
1022,33.52,127.75,3,28800.0,1.0,1.0,1.0,1.0,3.0,3.0,0.0,0.0,1808.66,11.28,2,3,13,5,16,4,1,0,0,1,21.28
715,33.56,89.38,4,28800.0,0.5533,1.0,0.8299,1.0,6.0,4.0,0.0,0.0,1808.66,11.38,2,3,16,5,16,4,1,0,0,1,18.71
854,23.53,106.75,5,28800.0,0.5504,1.0,0.5504,1.0,5.0,4.0,0.0,0.0,1808.66,11.9,2,3,4,6,16,4,1,1,0,1,6.31
833,40.92,109.75,2,27324.0,0.9487,0.9487,1.0,1.0,2.0,2.0,0.0,0.0,1819.42,12.48,3,3,18,6,16,4,1,0,0,1,5.4
875,14.88,118.54,4,26573.0,0.3087,0.9227,0.4182,1.0,3.0,3.0,0.0,0.0,1819.42,12.79,4,3,2,0,17,4,0,1,0,1,235.36
894,43.9,121.88,5,26406.0,0.9169,0.9169,1.0,1.0,5.0,5.0,0.0,0.0,1858.59,13.15,4,3,10,0,17,4,0,0,0,1,226.73
844,46.65,112.65,3,26971.0,0.9365,0.9365,1.0,1.0,3.0,3.0,0.0,0.0,1858.59,13.51,4,3,19,0,17,4,0,0,0,1,218.13
797,29.12,106.44,3,26956.0,0.6601,0.936,0.7052,1.0,6.0,6.0,0.0,0.0,1858.59,13.73,4,3,0,1,17,4,0,1,0,1,212.86
999,18.01,129.99,3,27667.0,0.5026,0.9607,0.5232,1.0,3.0,3.0,0.0,0.0,1858.59,14.23,4,3,12,1,17,4,0,0,0,1,200.95
965,19.13,123.66,5,28094.0,0.4322,0.9755,0.5317,1.0,6.0,5.0,0.0,0.0,1858.59,14.36,4,3,15,1,17,4,0,0,0,1,197.83
638,23.86,82.41,6,27871.0,0.4956,0.9677,0.5121,1.0,6.0,6.0,0.0,0.0,1895.95,14.81,4,3,2,2,17,4,0,1,0,1,186.93
860,34.55,107.5,4,28800.0,0.667,1.0,0.8337,1.0,5.0,4.0,0.0,0.0,1895.95,15.0,4,3,7,2,17,4,0,0,0,1,182.4
870,11.84,108.75,3,28800.0,0.2882,1.0,0.2882,1.0,3.0,3.0,0.0,0.0,1895.95,15.47,3,3,18,2,17,4,0,0,0,1,171.2
929,15.33,116.12,6,28800.0,0.381,1.0,0.381,1.0,4.0,4.0,0.0,0.0,1895.95,15.73,3,3,0,3,17,4,0,1,0,1,165.01
868,37.95,130.05,3,25715.625,0.8343,0.8929374999999999,1.0,1.0,3.0,3.0,0.0,0.0,1895.95,16.07,3,4,8,3,17,4,0,0,0,1,156.7
908,41.14,139.38,2,25715.625,0.8143,0.8929374999999999,1.0,1.0,2.0,2.0,0.0,0.0,2049.33,0.27,3,4,18,3,17,4,0,0,0,1,146.9
871,28.29,140.45,4,25715.625,0.6999,0.8929374999999999,0.9028,1.0,5.0,5.0,0.0,0.0,2049.33,0.56,3,4,1,4,17,4,0,1,0,1,139.85
1014,29.03,126.75,4,28800.0,0.9443,1.0,0.9443,1.0,4.0,4.0,0.0,0.0,2049.33,0.84,3,4,8,4,17,4,0,0,0,1,133.2
974,25.58,121.75,4,28800.0,0.7975,1.0,0.7975,1.0,4.0,4.0,0.0,0.0,2049.33,1.29,3,4,19,4,17,4,0,0,0,1,122.36
887,27.34,110.88,5,28800.0,0.835,1.0,0.835,1.0,2.0,2.0,0.0,0.0,2049.33,1.65,2,4,3,5,17,4,1,1,0,1,113.76
1007,27.98,125.88,2,28800.0,0.9608,1.0,0.9608,1.0,2.0,2.0,0.0,0.0,2049.33,1.8,2,4,7,5,17,4,1,0,0,1,110.08
976,47.36,122.0,2,28800.0,1.0,1.0,1.0,1.0,2.0,2.0,0.0,0.0,2049.33,2.19,2,4,16,5,17,4,1,0,0,1,100.71
774,22.19,96.75,2,28800.0,0.5767,1.0,0.5767,1.0,6.0,6.0,0.0,0.0,2049.33,2.59,2,4,2,6,17,4,1,1,0,1,91.23
813,45.73,101.62,3,28800.0,1.0,1.0,1.0,1.0,3.0,3.0,0.0,0.0,2049.33,2.9,2,4,9,6,17,4,1,0,0,1,83.71
1049,33.54,131.12,3,28800.0,1.0,1.0,1.0,1.0,3.0,3.0,0.0,0.0,2049.33,3.16,1,4,16,6,17,4,1,0,0,1,77.51
863,22.53,107.88,6,28800.0,0.641,1.0,0.641,1.0,3.0,2.0,0.0,0.0,2049.33,3.66,0,4,3,0,18,4,0,1,0,1,65.61
823,40.94,102.88,5,28800.0,0.8727,1.0,0.8727,1.0,5.0,5.0,0.0,0.0,2049.33,3.95,0,4,11,0,18,4,0,0,0,1,58.51
1004,25.29,125.5,3,28800.0,0.6369,1.0,0.8492,1.0,4.0,3.0,0.0,0.0,2049.33,4.28,0,4,18,0,18,4,0,0,0,1,50.7
850,26.53,106.25,2,28800.0,0.4947,1.0,0.742,1.0,6.0,6.0,0.0,0.0,2049.33,4.64,0,4,3,1,18,4,0,1,0,1,42.01
901,40.21,112.62,2,28800.0,0.9767,1.0,0.9767,1.0,2.0,2.0,0.0,0.0,2049.33,4.97,0,4,11,1,18,4,0,0,0,1,34.11
917,26.99,114.62,5,28800.0,0.7794,1.0,0.7794,1.0,5.0,5.0,0.0,0.0,2049.33,5.37,0,4,20,1,18,4,0,0,0,1,24.61
854,38.99,106.75,6,28800.0,1.0,1.0,1.0,1.0,3.0,3.0,0.0,0.0,2049.33,5.73,0,4,5,2,18,4,0,1,0,1,15.83
745,14.15,102.23,5,26234.0,0.3598,0.9109,0.395,1.0,5.0,5.0,0.0,0.0,2049.33,5.86,0,4,8,2,18,4,0,0,0,1,12.75
948,11.99,129.97,5,26259.0,0.3371,0.9118,0.3697,1.0,5.0,5.0,0.0,0.0,2049.33,6.14,0,4,15,2,18,4,0,0,0,1,6.08
960,22.12,139.53,3,25715.625,0.6537,0.8929374999999999,0.7601,1.0,3.0,3.0,0.0,0.0,2049.33,6.42,1,4,22,2,18,4,0,1,0,1,68.19
743,40.78,92.88,5,28800.0,0.9917,1.0,0.9917,1.0,5.0,5.0,0.0,0.0,2115.58,6.83,1,4,8,3,18,4,0,0,0,1,58.47
1039,29.15,129.88,4,28800.0,0.8485,1.0,0.8485,1.0,4.0,4.0,0.0,0.0,2115.58,7.16,1,4,15,3,18,4,0,0,0,1,50.61
884,9.66,110.5,5,28800.0,0.2597,1.0,0.2597,1.0,3.0,3.0,0.0,0.0,2115.58,7.57,1,4,1,4,18,5,0,1,0,1,40.77
830,32.95,103.75,5,28800.0,0.629,1.0,0.7548,1.0,6.0,5.0,0.0,0.0,2115.58,7.98,1,4,11,4,18,5,0,0,0,1,30.91
880,46.08,110.0,6,28800.0,1.0,1.0,1.0,1.0,6.0,6.0,0.0,0.0,2115.58,8.38,1,4,21,4,18,5,0,0,0,1,21.14
807,43.07,100.88,3,28800.0,0.9664,1.0,0.9664,1.0,4.0,4.0,0.0,0.0,2115.58,8.66,1,4,3,5,18,5,1,1,0,1,14.62
717,43.54,93.44,3,27625.0,0.9548,0.9592,0.9954,1.0,3.0,3.0,0.0,0.0,2115.58,8.77,1,4,6,5,18,5,1,0,0,1,11.79
842,34.24,111.62,4,27156.0,0.8031,0.9429,0.8517,1.0,2.0,1.0,0.0,0.0,2151.67,9.52,2,3,0,6,18,5,1,1,0,1,31.26
988,23.58,123.5,3,28800.0,0.6868,1.0,0.6868,1.0,3.0,3.0,0.0,0.0,2151.67,9.86,2,3,8,6,18,5,1,0,0,1,22.89
857,14.54,107.12,6,28800.0,0.3967,1.0,0.3967,1.0,6.0,6.0,0.0,0.0,2151.67,10.27,2,3,18,6,18,5,1,0,0,1,13.26
928,13.72,116.0,1,28800.0,0.1973,1.0,0.3947,1.0,7.0,6.0,0.0,0.0,2151.67,10.52,2,3,0,0,19,5,0,1,0,1,7.11
960,39.15,124.45,1,27770.0,0.4821,0.9642,1.0,1.0,2.0,1.0,0.0,0.0,2197.63,10.93,3,3,10,0,19,5,0,0,0,1,190.89
813,14.01,106.87,6,27387.0,0.3099,0.9509,0.3259,1.0,6.0,6.0,0.0,0.0,2197.63,11.28,3,2,18,0,19,5,0,0,0,1,182.55
826,35.46,107.44,6,27676.0,0.8237,0.961,1.0,1.0,3.0,2.0,0.0,0.0,2197.63,11.65,3,2,3,1,19,5,0,1,0,1,173.72
799,27.44,99.88,5,28800.0,0.5887,1.0,0.5887,1.0,5.0,5.0,0.0,0.0,2197.63,11.81,3,2,7,1,19,5,0,0,0,1,169.7
919,27.71,114.88,4,28800.0,0.6698,1.0,0.6698,1.0,4.0,4.0,0.0,0.0,2197.63,12.21,3,2,17,1,19,5,0,0,0,1,160.25
790,36.2,98.75,2,28800.0,0.6498,1.0,0.9746,1.0,5.0,5.0,0.0,0.0,2197.63,12.68,3,2,4,2,19,5,0,1,0,1,148.89
833,33.81,122.19,6,25715.625,0.8113,0.8929374999999999,0.952,1.0,6.0,6.0,0.0,0.0,2226.98,0.08,3,3,12,2,19,5,0,0,0,1,141.07
991,26.03,150.01,5,25715.625,0.6662,0.8929374999999999,0.8067,1.0,5.0,5.0,0.0,0.0,2226.98,0.45,3,3,21,2,19,5,0,0,0,1,132.3
935,17.89,132.98,5,25715.625,0.4594,0.8929374999999999,0.5227,1.0,6.0,5.0,0.0,0.0,2226.98,0.58,2,3,0,3,19,5,0,1,0,1,129.19
801,13.05,110.07,2,26197.0,0.3468,0.9096,0.3813,1.0,2.0,2.0,0.0,0.0,2226.98,1.13,2,2,13,3,19,5,0,0,0,1,115.87
785,32.54,124.4,4,25715.625,0.631,0.8929374999999999,1.0,1.0,5.0,4.0,0.0,0.0,2226.98,1.19,2,2,14,3,19,5,0,0,0,1,114.47
921,9.6,147.04,5,25715.625,0.2511,0.8929374999999999,0.3848,1.0,5.0,5.0,0.0,0.0,2256.62,0.43,2,3,5,4,19,5,0,1,0,1,99.74
938,31.26,117.25,2,28800.0,0.7953,1.0,0.7953,1.0,2.0,2.0,0.0,0.0,2256.62,0.59,2,3,9,4,19,5,0,0,0,1,95.95
871,35.98,108.88,4,28800.0,0.9533,1.0,0.9533,1.0,4.0,4.0,0.0,0.0,2256.62,0.84,2,3,15,4,19,5,0,0,0,1,89.95
876,31.83,109.5,5,28800.0,0.9642,1.0,0.9642,1.0,5.0,5.0,0.0,0.0,2336.12,1.3,2,3,2,5,19,5,1,1,0,1,78.77
1040,28.67,136.89,2,27351.0,0.9284,0.9497,0.9776,1.0,2.0,2.0,0.0,0.0,2336.12,1.61,2,3,9,5,19,5,1,0,0,1,71.47
917,34.29,116.9,2,28239.0,0.9805,0.9805,1.0,1.0,2.0,2.0,0.0,0.0,2336.12,2.09,1,3,21,5,19,5,1,0,0,1,59.79
805,9.65,103.6,5,27974.0,0.2382,0.9713,0.2452,1.0,7.0,7.0,0.0,0.0,2336.12,2.25,1,3,1,6,19,5,1,1,0,1,56.04
788,12.95,98.5,6,28800.0,0.2649,1.0,0.2649,1.0,6.0,6.0,0.0,0.0,2336.12,2.49,1,3,7,6,19,5,1,0,0,1,50.19
731,36.08,91.38,4,28800.0,0.7942,1.0,0.7942,1.0,4.0,4.0,0.0,0.0,2336.12,3.03,1,3,20,6,19,5,1,0,0,1,37.39
732,37.29,91.5,7,28800.0,0.795,1.0,0.795,1.0,7.0,7.0,0.0,0.0,2336.12,3.18,1,3,23,6,19,5,1,1,0,1,33.6
886,23.4,110.75,5,28800.0,0.7079,1.0,0.7079,1.0,5.0,5.0,0.0,0.0,2336.12,3.53,0,3,8,0,20,5,0,0,0,1,25.32
832,16.05,104.0,3,28800.0,0.4556,1.0,0.4556,1.0,3.0,3.0,0.0,0.0,2336.12,3.79,0,3,14,0,20,5,0,0,0,1,18.95
823,21.54,102.88,1,28800.0,0.5607,1.0,0.5607,1.0,1.0,1.0,0.0,0.0,2336.12,4.18,0,3,23,0,20,5,0,1,0,1,9.79
901,22.38,119.0,3,27258.0,0.5754,0.9465,0.6079,1.0,3.0,3.0,0.0,0.0,2336.12,4.51,0,3,7,1,20,5,0,0,0,1,1.74
947,13.65,126.89,5,26867.0,0.3459,0.9329,0.3708,1.0,5.0,5.0,0.0,0.0,2397.72,4.8,1,3,14,1,20,5,0,0,0,1,242.31
830,10.3,110.1,3,27140.0,0.2871,0.9424,0.3046,1.0,5.0,5.0,0.0,0.0,2397.72,5.36,1,3,4,2,20,5,0,1,0,1,228.91
774,22.63,96.75,2,28800.0,0.4846,1.0,0.4846,1.0,2.0,2.0,0.0,0.0,2397.72,5.46,1,3,6,2,20,5,0,0,0,1,226.56
752,11.63,94.0,2,28800.0,0.2713,1.0,0.2713,1.0,2.0,2.0,0.0,0.0,2397.72,5.91,1,3,17,2,20,5,0,0,0,1,215.71
713,41.63,89.12,5,28800.0,0.8403,1.0,0.8403,1.0,5.0,5.0,0.0,0.0,2397.72,6.14,1,3,22,2,20,5,0,1,0,1,210.34
786,47.48,98.25,4,28800.0,0.9822,1.0,0.9822,1.0,4.0,4.0,0.0,0.0,2397.72,6.48,1,3,6,3,20,5,0,0,0,1,202.17
886,29.76,110.75,3,28800.0,0.6888,1.0,0.6888,1.0,3.0,3.0,0.0,0.0,2397.72,7.08,1,3,21,3,20,5,0,0,0,1,187.79
971,31.82,121.38,5,28800.0,0.821,1.0,0.821,1.0,4.0,4.0,0.0,0.0,2397.72,7.38,1,4,4,4,20,5,0,1,0,1,180.59
880,32.32,136.53,3,25715.625,0.8057,0.8929374999999999,1.0,1.0,3.0,3.0,0.0,0.0,2502.69,0.11,1,4,7,4,20,5,0,0,0,1,177.41
947,33.12,147.62,2,25715.625,0.8019,0.8929374999999999,1.0,1.0,2.0,2.0,0.0,0.0,2502.69,0.61,1,4,19,4,20,5,0,0,0,1,165.32
883,10.82,123.86,4,25715.625,0.2688,0.8929374999999999,0.3017,1.0,2.0,2.0,0.0,0.0,2502.69,0.81,1,4,0,5,20,5,1,1,0,1,160.57
898,29.76,112.25,6,28800.0,0.8144,1.0,0.8144,1.0,6.0,6.0,0.0,0.0,2502.69,1.31,1,4,12,5,20,5,1,0,0,1,148.49
983,33.6,122.88,2,28800.0,0.9417,1.0,0.9417,1.0,2.0,2.0,0.0,0.0,2502.69,1.5,1,4,17,5,20,5,1,0,0,1,143.99
904,20.18,113.0,2,28800.0,0.5848,1.0,0.5848,1.0,3.0,3.0,0.0,0.0,2502.69,2.03,1,4,5,6,20,5,1,1,0,1,131.31
864,31.5,108.0,6,28800.0,0.8316,1.0,0.8316,1.0,6.0,6.0,0.0,0.0,2502.69,2.16,1,4,8,6,20,5,1,0,0,1,128.21
887,13.12,110.88,2,28800.0,0.3166,1.0,0.3166,1.0,2.0,2.0,0.0,0.0,2502.69,2.38,1,4,14,6,20,5,1,0,0,1,122.74
802,12.33,100.25,3,28800.0,0.3255,1.0,0.3255,1.0,3.0,3.0,0.0,0.0,2502.69,2.77,1,4,23,6,20,5,1,1,0,1,113.49
809,27.96,101.12,4,28800.0,0.7683,1.0,0.7683,1.0,4.0,4.0,0.0,0.0,2502.69,3.34,1,4,13,0,21,5,0,0,0,1,99.92
836,42.72,104.5,3,28800.0,0.6,1.0,1.0,1.0,5.0,3.0,0.0,0.0,2502.69,3.5,1,4,16,0,21,5,0,0,0,1,96.07
822,39.25,102.75,6,28800.0,1.0,1.0,1.0,1.0,4.0,4.0,0.0,0.0,2502.69,3.81,1,4,0,1,21,5,0,1,0,1,88.54
912,42.81,142.12,5,25715.625,0.8022,0.8929374999999999,1.0,1.0,5.0,5.0,0.0,0.0,2502.69,4.26,0,4,11,1,21,5,0,0,0,1,77.84
935,43.97,135.78,2,25715.625,0.5739,0.8929374999999999,1.0,1.0,3.0,2.0,0.0,0.0,2574.45,0.17,0,5,21,1,21,5,0,0,0,1,67.67
776,40.83,108.27,4,25802.0,0.8959,0.8959,1.0,1.0,8.0,6.0,0.0,0.0,2574.45,0.42,0,5,3,2,21,5,0,1,0,1,61.77
957,10.64,119.62,4,28800.0,0.2755,1.0,0.2755,1.0,4.0,4.0,0.0,0.0,2574.45,0.76,0,5,11,2,21,5,0,0,0,1,53.46
861,13.55,107.62,6,28800.0,0.3202,1.0,0.3202,1.0,6.0,6.0,0.0,0.0,2574.45,0.88,0,5,14,2,21,5,0,0,0,1,50.74
661,48.58,82.62,6,28800.0,0.6227,1.0,0.8302,1.0,2.0,2.0,0.0,0.0,2574.45,1.36,0,5,1,3,21,5,0,1,0,1,39.22
809,29.33,101.12,6,28800.0,0.7318,1.0,0.7318,1.0,6.0,6.0,0.0,0.0,2574.45,1.54,0,5,6,3,21,5,0,0,0,1,34.87
876,39.58,109.5,2,28800.0,1.0,1.0,1.0,1.0,2.0,2.0,0.0,0.0,2574.45,2.15,0,5,20,3,21,5,0,0,0,1,20.26
831,19.31,103.88,2,28800.0,0.4735,1.0,0.4735,1.0,4.0,4.0,0.0,0.0,2574.45,2.33,0,5,1,4,21,5,0,1,0,1,15.74
721,23.17,116.11,6,25715.625,0.4483,0.8929374999999999,0.5776,1.0,6.0,6.0,0.0,0.0,2574.45,2.8,0,5,12,4,21,5,0,0,0,1,4.57
820,34.84,119.58,3,25715.625,0.7685,0.8929374999999999,0.8965,1.0,3.0,3.0,0.0,0.0,2574.45,2.88,0,5,14,4,21,5,0,0,0,1,2.52
923,27.67,150.26,4,25715.625,0.7124,0.8929374999999999,0.9278,1.0,4.0,4.0,0.0,0.0,2651.07,3.33,2,5,1,5,21,5,1,1,0,1,72.29
938,34.6,117.25,4,28800.0,1.0,1.0,1.0,1.0,4.0,4.0,0.0,0.0,2651.07,3.59,2,5,7,5,21,5,1,0,0,1,66.2
832,40.14,104.0,5,28800.0,0.9273,1.0,0.9273,1.0,5.0,5.0,0.0,0.0,2651.07,3.98,2,4,16,5,21,5,1,0,0,1,56.7
969,43.89,121.12,4,28800.0,1.0,1.0,1.0,1.0,6.0,5.0,0.0,0.0,2651.07,4.39,2,4,2,6,21,5,1,1,0,1,46.82
800,14.11,100.0,2,28800.0,0.3336,1.0,0.3336,1.0,2.0,2.0,0.0,0.0,2651.07,5.15,2,4,20,6,21,5,1,0,0,1,28.62
782,14.02,97.75,5,28800.0,0.2607,1.0,0.3128,1.0,6.0,5.0,0.0,0.0,2651.07,5.23,2,4,22,6,21,5,1,1,0,1,26.77
886,31.23,110.75,2,28800.0,0.7814,1.0,0.7814,1.0,2.0,2.0,0.0,0.0,2651.07,5.6,2,4,7,0,22,5,0,0,0,1,17.8
886,38.39,110.75,2,28800.0,0.9306,1.0,0.9306,1.0,2.0,2.0,0.0,0.0,2651.07,6.01,2,4,17,0,22,5,0,0,0,1,8.05
1028,14.49,128.5,3,28800.0,0.4833,1.0,0.4833,1.0,4.0,4.0,0.0,0.0,2651.07,6.39,3,4,2,1,22,5,0,1,0,1,725.43
715,11.74,95.75,2,26882.0,0.2522,0.9334,0.2702,1.0,2.0,2.0,0.0,0.0,2891.07,6.84,3,4,13,1,22,5,0,0,0,1,714.8
934,17.44,124.69,2,26967.0,0.433,0.9364,0.4624,1.0,2.0,2.0,0.0,0.0,2891.07,7.04,3,4,18,1,22,5,0,0,0,1,709.86
811,42.6,110.2,4,26494.0,0.9199,0.9199,1.0,1.0,6.0,6.0,0.0,0.0,2891.07,7.45,3,4,3,2,22,5,0,1,0,1,700.2
767,11.83,95.88,5,28800.0,0.236,1.0,0.236,1.0,5.0,5.0,0.0,0.0,2891.07,7.81,3,4,12,2,22,5,0,0,0,1,691.41
875,29.23,109.38,6,28800.0,0.6985,1.0,0.6985,1.0,6.0,6.0,0.0,0.0,2891.07,8.04,3,4,18,2,22,5,0,0,0,1,686.01
929,46.59,116.12,6,28800.0,1.0,1.0,1.0,1.0,3.0,3.0,0.0,0.0,2891.07,8.43,3,4,3,3,22,5,0,1,0,1,676.58
822,43.48,102.75,6,28800.0,0.9345,1.0,0.9345,1.0,6.0,6.0,0.0,0.0,2891.07,8.84,3,4,13,3,22,5,0,0,0,1,666.7
891,22.3,111.38,2,28800.0,0.6073,1.0,0.6073,1.0,2.0,2.0,0.0,0.0,2891.07,9.01,3,4,17,3,22,5,0,0,0,1,662.68
909,40.59,113.62,3,28800.0,1.0,1.0,1.0,1.0,4.0,4.0,0.0,0.0,2891.07,9.39,3,4,2,4,22,5,0,1,0,1,653.6
817,21.14,102.12,3,28800.0,0.5946,1.0,0.5946,1.0,3.0,3.0,0.0,0.0,2891.07,9.7,3,4,10,4,22,5,0,0,0,1,646.13
946,45.17,118.25,2,28800.0,1.0,1.0,1.0,1.0,2.0,2.0,0.0,0.0,2891.07,9.95,3,4,16,4,22,5,0,0,0,1,640.1
858,9.94,107.25,4,28800.0,0.2917,1.0,0.2917,1.0,4.0,4.0,0.0,0.0,2891.07,10.3,1,4,0,5,22,5,1,1,0,1,631.58
810,39.78,101.25,5,28800.0,1.0,1.0,1.0,1.0,5.0,5.0,0.0,0.0,2891.07,10.67,1,4,9,5,22,5,1,0,0,1,622.78
890,27.75,111.25,3,28800.0,0.648,1.0,0.648,1.0,3.0,3.0,0.0,0.0,2891.07,10.9,1,4,14,5,22,5,1,0,0,1,617.35
774,18.17,96.75,4,28800.0,0.3983,1.0,0.3983,1.0,4.0,4.0,0.0,0.0,2891.07,11.2,1,4,22,5,22,5,1,1,0,1,610.11
885,26.25,110.62,6,28800.0,0.6868,1.0,0.6868,1.0,6.0,6.0,0.0,0.0,2891.07,11.57,1,4,6,6,22,5,1,0,0,1,601.25
897,16.31,112.12,6,28800.0,0.4033,1.0,0.4033,1.0,6.0,6.0,0.0,0.0,2891.07,12.12,1,4,20,6,22,5,1,0,0,1,588.11
961,28.72,120.12,3,28800.0,0.8616,1.0,0.8616,1.0,3.0,3.0,0.0,0.0,2891.07,12.46,1,4,4,0,23,6,0,1,0,1,579.88
897,15.76,112.12,2,28800.0,0.385,1.0,0.385,1.0,2.0,2.0,0.0,0.0,2891.07,12.59,1,4,7,0,23,6,0,0,0,1,576.8
973,23.33,121.62,2,28800.0,0.7068,1.0,0.7068,1.0,2.0,2.0,0.0,0.0,2891.07,13.18,1,4,21,0,23,6,0,0,0,1,562.46
707,18.35,88.38,3,28800.0,0.4004,1.0,0.4004,1.0,3.0,3.0,0.0,0.0,2891.07,13.3,1,4,0,1,23,6,0,1,0,1,559.61
867,12.82,108.38,3,28800.0,0.3504,1.0,0.3504,1.0,3.0,3.0,0.0,0.0,2891.07,13.77,0,4,11,1,23,6,0,0,0,1,548.38
1013,25.49,126.62,3,28800.0,0.7112,1.0,0.7112,1.0,3.0,3.0,0.0,0.0,2891.07,14.0,0,4,17,1,23,6,0,0,0,1,542.85
712,32.65,89.0,3,28800.0,0.6883,1.0,0.6883,1.0,6.0,6.0,0.0,0.0,2891.07,14.32,0,4,0,2,23,6,0,1,0,1,535.21
895,34.55,111.88,4,28800.0,0.8748,1.0,0.8748,1.0,4.0,4.0,0.0,0.0,2891.07,14.83,0,4,13,2,23,6,0,0,0,1,522.91
682,32.59,85.25,5,28800.0,0.6687,1.0,0.6687,1.0,5.0,5.0,0.0,0.0,2891.07,15.03,0,4,18,2,23,6,0,0,0,1,518.08
993,14.83,124.12,6,28800.0,0.4396,1.0,0.4396,1.0,3.0,3.0,0.0,0.0,2891.07,15.31,0,4,0,3,23,6,0,1,0,1,511.4
810,35.34,101.25,2,28800.0,0.8145,1.0,0.8145,1.0,2.0,2.0,0.0,0.0,2891.07,15.61,0,4,7,3,23,6,0,0,0,1,504.33
922,32.32,115.25,6,28800.0,0.8471,1.0,0.8471,1.0,6.0,6.0,0.0,0.0,2891.07,15.99,0,4,16,3,23,6,0,0,0,1,495.21
883,37.29,110.38,3,28800.0,1.0,1.0,1.0,1.0,4.0,4.0,0.0,0.0,2891.07,16.46,0,4,4,4,23,6,0,1,0,1,483.78
814,28.91,133.67,2,25715.625,0.6758,0.8929374999999999,0.8878,1.0,2.0,2.0,0.0,0.0,3007.46,0.13,0,4,12,4,23,6,0,0,0,1,475.83
999,10.83,161.99,5,25715.625,0.2848,0.8929374999999999,0.3694,1.0,5.0,5.0,0.0,0.0,3007.46,0.25,0,4,15,4,23,6,0,0,0,1,473.06
948,27.64,137.71,4,25715.625,0.7677,0.8929374999999999,0.8921,1.0,6.0,5.0,0.0,0.0,3007.46,0.82,0,4,4,5,23,6,1,1,0,1,459.28
839,35.86,104.88,2,28800.0,0.5766,1.0,0.8649,1.0,3.0,2.0,0.0,0.0,3007.46,1.1,0,4,11,5,23,6,1,0,0,1,452.66
758,13.44,94.75,5,28800.0,0.2547,1.0,0.3056,1.0,6.0,5.0,0.0,0.0,3007.46,1.31,0,3,16,5,23,6,1,0,0,1,447.41
841,40.22,105.12,5,28800.0,0.8333,1.0,1.0,1.0,2.0,2.0,0.0,0.0,3007.46,1.84,0,3,5,6,23,6,1,1,0,1,434.81
886,14.11,110.75,6,28800.0,0.3658,1.0,0.3658,1.0,6.0,6.0,0.0,0.0,3007.46,2.38,0,3,18,6,23,6,1,0,0,1,421.85
812,22.45,101.5,2,28800.0,0.5766,1.0,0.5766,1.0,6.0,6.0,0.0,0.0,3007.46,2.83,0,3,5,0,24,6,0,1,0,1,411.08
921,10.73,115.12,2,28800.0,0.3176,1.0,0.3176,1.0,2.0,2.0,0.0,0.0,3007.46,3.15,0,3,12,0,24,6,0,0,0,1,403.3
771,32.43,96.38,2,28800.0,0.7343,1.0,0.7343,1.0,2.0,2.0,0.0,0.0,3007.46,3.2,0,3,14,0,24,6,0,0,0,1,402.08
939,18.55,117.38,6,28800.0,0.5513,1.0,0.5513,1.0,6.0,6.0,0.0,0.0,3007.46,3.56,0,3,22,0,24,6,0,1,0,1,393.5
901,28.47,112.62,3,28800.0,0.712,1.0,0.712,1.0,3.0,3.0,0.0,0.0,3007.46,3.98,0,3,8,1,24,6,0,0,0,1,383.55
843,34.63,105.38,2,28800.0,0.5852,1.0,0.8778,1.0,3.0,2.0,0.0,0.0,3007.46,4.26,0,3,15,1,24,6,0,0,0,1,376.61
970,12.85,121.25,6,28800.0,0.3513,1.0,0.3513,1.0,5.0,5.0,0.0,0.0,3007.46,4.71,0,3,2,2,24,6,0,1,0,1,365.95
1014,35.26,134.26,3,27190.0,0.9441,0.9441,1.0,1.0,3.0,3.0,0.0,0.0,3024.38,5.0,1,3,9,2,24,6,0,0,0,1,359.06
844,30.28,116.87,6,25999.0,0.7045,0.9027,0.7804,1.0,6.0,6.0,0.0,0.0,3024.38,5.45,1,3,20,2,24,6,0,0,0,1,348.15
741,22.26,102.45,5,26038.0,0.4773,0.9041,0.5279,1.0,5.0,5.0,0.0,0.0,3172.94,5.82,1,3,4,3,24,6,0,1,0,1,339.23
884,36.82,110.5,2,28800.0,0.8846,1.0,0.8846,1.0,2.0,2.0,0.0,0.0,3172.94,6.13,1,3,12,3,24,6,0,0,0,1,331.8
801,31.87,100.12,2,28800.0,0.3368,1.0,0.6736,1.0,4.0,2.0,0.0,0.0,3172.94,6.42,1,3,19,3,24,6,0,0,0,1,324.81
819,31.67,102.38,5,28800.0,0.8238,1.0,0.8238,1.0,3.0,3.0,0.0,0.0,3172.94,6.66,1,3,0,4,24,6,0,1,0,1,319.23
968,42.82,121.0,5,28800.0,1.0,1.0,1.0,1.0,5.0,5.0,0.0,0.0,3172.94,7.09,1,3,11,4,24,6,0,0,0,1,308.7
936,47.1,117.0,3,28800.0,1.0,1.0,1.0,1.0,3.0,3.0,0.0,0.0,3172.94,7.42,1,3,19,4,24,6,0,0,0,1,300.76
860,9.98,107.5,3,28800.0,0.2768,1.0,0.2768,1.0,6.0,4.0,0.0,0.0,3172.94,7.63,1,3,0,5,24,6,1,1,0,1,295.75
834,13.96,104.25,3,28800.0,0.2184,1.0,0.364,1.0,5.0,3.0,0.0,0.0,3172.94,7.96,1,3,8,5,24,6,1,0,0,1,287.98
772,45.16,96.5,5,28800.0,0.9176,1.0,0.9176,1.0,5.0,5.0,0.0,0.0,3172.94,8.3,1,3,16,5,24,6,1,0,0,1,279.85
727,27.57,90.88,4,28800.0,0.3797,1.0,0.5695,1.0,6.0,4.0,0.0,0.0,3172.94,8.55,1,3,22,5,24,6,1,1,0,1,273.78
892,19.21,111.5,2,28800.0,0.5392,1.0,0.5392,1.0,2.0,2.0,0.0,0.0,3172.94,8.93,1,2,7,6,24,6,1,0,0,1,264.63
746,39.39,93.25,4,28800.0,0.991,1.0,0.991,1.0,4.0,4.0,0.0,0.0,3172.94,9.44,1,2,19,6,24,6,1,0,0,1,252.46
939,20.93,117.38,4,28800.0,0.6655,1.0,0.6655,1.0,8.0,8.0,0.0,0.0,3172.94,9.62,1,2,0,0,25,6,0,1,0,1,248.06
849,48.72,106.12,6,28800.0,1.0,1.0,1.0,1.0,6.0,6.0,0.0,0.0,3172.94,9.96,1,2,8,0,25,6,0,0,0,1,239.81
767,44.56,95.88,3,28800.0,1.0,1.0,1.0,1.0,3.0,3.0,0.0,0.0,3172.94,10.34,1,2,17,0,25,6,0,0,0,1,230.9
874,24.44,109.25,8,28800.0,0.7305,1.0,0.7305,1.0,8.0,8.0,0.0,0.0,3172.94,10.57,1,2,22,0,25,6,0,1,0,1,225.38
945,8.71,118.12,2,28800.0,0.2671,1.0,0.2671,1.0,2.0,2.0,0.0,0.0,3172.94,11.07,1,2,10,1,25,6,0,0,0,1,213.2
855,29.44,106.88,4,28800.0,0.6968,1.0,0.6968,1.0,4.0,4.0,0.0,0.0,3172.94,11.45,1,2,19,1,25,6,0,0,0,1,204.23
889,30.49,111.12,4,28800.0,0.7779,1.0,0.7779,1.0,4.0,4.0,0.0,0.0,3172.94,11.55,1,2,22,1,25,6,0,1,0,1,201.7
816,16.69,130.63,4,25715.625,0.4686,0.8929374999999999,0.6002,1.0,4.0,4.0,0.0,0.0,3177.79,11.99,0,2,8,2,25,6,0,0,0,1,191.23
775,22.45,107.74,6,25896.0,0.476,0.8992,0.5294,1.0,6.0,6.0,0.0,0.0,3193.83,0.15,0,3,17,2,25,6,0,0,0,1,183.05
883,12.91,129.11,5,25715.625,0.3685,0.8929374999999999,0.4311,1.0,4.0,4.0,0.0,0.0,3193.83,0.5,0,3,1,3,25,6,0,1,0,1,174.5
874,46.72,173.66124,5,25715.625,0.5637,0.8929374999999999,1.0,1.0,5.0,5.0,0.0,0.0,3193.83,0.73,0,4,7,3,25,6,0,0,0,1,169.0
951,32.26,173.66124,4,25715.625,0.5631,0.8929374999999999,1.0,1.0,4.0,4.0,0.0,0.0,3206.75,0.26,0,3,15,3,25,6,0,0,0,1,160.71
844,15.55,151.16,4,25715.625,0.4205,0.8929374999999999,0.6025,1.0,5.0,5.0,0.0,0.0,3206.75,0.64,0,4,0,4,25,6,0,1,0,1,151.51
772,46.74,96.5,4,28800.0,1.0,1.0,1.0,1.0,4.0,4.0,0.0,0.0,3355.76,0.13,0,4,6,4,25,6,0,0,0,1,145.8
808,27.28,101.0,4,28800.0,0.6492,1.0,0.6492,1.0,4.0,4.0,0.0,0.0,3355.76,0.6,0,4,17,4,25,6,0,0,0,1,134.5
883,29.82,110.38,5,28800.0,0.8082,1.0,0.8082,1.0,2.0,2.0,0.0,0.0,3355.76,1.02,0,4,3,5,25,6,1,1,0,1,124.58
990,39.49,123.75,4,28800.0,1.0,1.0,1.0,1.0,4.0,4.0,0.0,0.0,3355.76,1.14,0,4,6,5,25,6,1,0,0,1,121.73
771,30.06,96.38,5,28800.0,0.6626,1.0,0.6626,1.0,5.0,5.0,0.0,0.0,3355.76,1.68,0,4,19,5,25,6,1,0,0,1,108.78
863,28.12,107.88,2,28800.0,0.6832,1.0,0.6832,1.0,6.0,6.0,0.0,0.0,3355.76,2.03,0,4,3,6,25,6,1,1,0,1,100.4
893,50.98,111.62,1,28800.0,0.5,1.0,1.0,1.0,2.0,1.0,0.0,0.0,3355.76,2.25,0,4,9,6,25,6,1,0,0,1,95.01
853,15.8,106.62,5,28800.0,0.4638,1.0,0.4638,1.0,5.0,5.0,0.0,0.0,3355.76,2.63,0,4,18,6,25,6,1,0,0,1,85.9
904,10.73,113.0,6,28800.0,0.2994,1.0,0.2994,1.0,5.0,5.0,0.0,0.0,3355.76,2.87,0,4,0,0,26,6,0,1,0,1,80.01
875,38.49,109.38,4,28800.0,1.0,1.0,1.0,1.0,4.0,4.0,0.0,0.0,3355.76,3.25,0,4,9,0,26,6,0,0,0,1,70.96
938,28.98,117.25,3,28800.0,0.7149,1.0,0.7149,1.0,3.0,3.0,0.0,0.0,3355.76,3.74,0,4,21,0,26,6,0,0,0,1,59.13
772,35.54,96.5,5,28800.0,0.8634,1.0,0.8634,1.0,5.0,5.0,0.0,0.0,3355.76,3.93,0,4,1,1,26,6,0,1,0,1,54.78
950,30.62,118.75,4,28800.0,0.8068,1.0,0.8068,1.0,4.0,4.0,0.0,0.0,3355.76,4.33,0,4,11,1,26,6,0,0,0,1,45.0
847,17.96,105.88,5,28800.0,0.5235,1.0,0.5235,1.0,5.0,5.0,0.0,0.0,3355.76,4.72,0,4,20,1,26,6,0,0,0,1,35.7
945,13.73,118.12,5,28800.0,0.381,1.0,0.381,1.0,5.0,5.0,0.0,0.0,3355.76,4.84,0,4,23,1,26,6,0,1,0,1,32.9
931,32.9,116.38,2,28800.0,0.834,1.0,0.834,1.0,2.0,2.0,0.0,0.0,3355.76,5.24,0,4,8,2,26,6,0,0,0,1,23.36
966,35.83,120.75,4,28800.0,1.0,1.0,1.0,1.0,4.0,4.0,0.0,0.0,3355.76,5.63,0,4,18,2,26,6,0,0,0,1,13.93
835,12.94,104.38,7,28800.0,0.3297,1.0,0.3297,1.0,4.0,4.0,0.0,0.0,3355.76,5.97,0,4,2,3,26,6,0,1,0,1,5.83
808,26.63,111.41,3,26109.0,0.4444,0.9066,0.6536,1.0,4.0,3.0,0.0,0.0,3355.76,6.16,0,4,7,3,26,6,0,0,0,1,1.05
871,34.25,113.63,4,27594.0,0.9581,0.9581,1.0,1.0,4.0,4.0,0.0,0.0,3371.71,6.67,1,4,19,3,26,6,0,0,0,1,180.93
717,40.36,97.81,4,26389.0,0.9163,0.9163,1.0,1.0,5.0,5.0,0.0,0.0,3371.71,6.98,1,5,2,4,26,6,0,1,0,1,173.58
859,16.21,115.12,4,26863.0,0.4378,0.9327,0.4694,1.0,4.0,4.0,0.0,0.0,3544.29,0.24,1,5,9,4,26,6,0,0,0,1,166.86
872,36.09,120.28,4,26100.0,0.6876,0.9062,0.9485,1.0,5.0,4.0,0.0,0.0,3544.29,0.63,1,5,18,4,26,6,0,0,0,1,157.41
881,51.33,114.66,5,27662.0,0.9605,0.9605,1.0,1.0,3.0,3.0,0.0,0.0,3544.29,0.9,1,5,1,5,26,6,1,1,0,1,150.89
884,31.02,110.5,2,28800.0,0.7385,1.0,0.7385,1.0,2.0,2.0,0.0,0.0,3544.29,1.23,1,5,9,5,26,6,1,0,0,1,143.03
910,14.69,113.75,3,28800.0,0.4515,1.0,0.4515,1.0,1.0,1.0,0.0,0.0,3544.29,2.03,1,5,4,6,26,6,1,1,0,1,123.93
901,10.77,112.62,5,28800.0,0.3335,1.0,0.3335,1.0,5.0,5.0,0.0,0.0,3544.29,2.4,1,5,13,6,26,6,1,0,0,1,115.06
965,32.98,120.62,3,28800.0,0.638,1.0,0.8507,1.0,4.0,3.0,0.0,0.0,3544.29,2.67,1,5,19,6,26,6,1,0,0,1,108.41
769,27.43,96.12,1,28800.0,0.5551,1.0,0.5551,1.0,5.0,5.0,0.0,0.0,3544.29,2.91,1,5,1,0,27,6,0,1,0,1,102.69
938,34.5,117.25,5,28800.0,1.0,1.0,1.0,1.0,5.0,5.0,0.0,0.0,3544.29,3.14,1,5,6,0,27,6,0,0,0,1,97.23
852,32.86,106.5,5,28800.0,0.7283,1.0,0.7283,1.0,5.0,5.0,0.0,0.0,3544.29,3.69,1,5,20,0,27,6,0,0,0,1,84.01
800,39.45,100.0,5,28800.0,0.915,1.0,0.915,1.0,3.0,2.0,0.0,0.0,3544.29,3.89,1,5,0,1,27,6,0,1,0,1,79.29
793,30.89,99.12,3,28800.0,0.8445,1.0,0.8445,1.0,3.0,3.0,0.0,0.0,3544.29,4.18,1,5,8,1,27,6,0,0,0,1,72.16
851,25.28,106.38,3,28800.0,0.669,1.0,0.669,1.0,3.0,3.0,0.0,0.0,3544.29,4.62,1,5,18,1,27,6,0,0,0,1,61.59
840,26.81,105.0,2,28800.0,0.421,1.0,0.6315,1.0,6.0,6.0,0.0,0.0,3544.29,4.96,1,5,2,2,27,7,0,1,0,1,53.43
851,33.94,106.38,1,28800.0,0.479,1.0,0.958,1.0,2.0,1.0,0.0,0.0,3544.29,5.11,1,5,6,2,27,7,0,0,0,1,49.89
776,20.81,97.0,3,28800.0,0.534,1.0,0.534,1.0,3.0,3.0,0.0,0.0,3544.29,5.52,1,5,16,2,27,7,0,0,0,1,40.01
807,17.82,100.88,6,28800.0,0.4769,1.0,0.4769,1.0,5.0,5.0,0.0,0.0,3544.29,5.93,1,5,1,3,27,7,0,1,0,1,30.24
688,28.7,86.0,3,28800.0,0.6438,1.0,0.6438,1.0,3.0,3.0,0.0,0.0,3544.29,6.11,1,5,6,3,27,7,0,0,0,1,26.04
822,20.68,102.75,3,28800.0,0.5346,1.0,0.5346,1.0,3.0,3.0,0.0,0.0,3544.29,6.48,0,5,15,3,27,7,0,0,0,1,16.94
872,17.24,109.0,5,28800.0,0.5026,1.0,0.5026,1.0,3.0,3.0,0.0,0.0,3544.29,6.9,0,5,1,4,27,7,0,1,0,1,6.98
966,34.7,173.66124,4,25715.625,0.5486,0.8929374999999999,1.0,1.0,4.0,4.0,0.0,0.0,3544.29,7.28,1,5,10,4,27,7,0,0,0,1,3.16
987,39.23,155.94,3,25715.625,0.7911,0.8929374999999999,1.0,1.0,3.0,3.0,0.0,0.0,3550.42,7.68,2,5,20,4,27,7,0,0,0,1,0.41
902,46.8,173.66124,3,25715.625,0.5432,0.8929374999999999,1.0,1.0,5.0,5.0,0.0,0.0,3556.7,8.0,3,5,3,5,27,7,1,1,0,1,1.37
719,26.48,89.88,4,28800.0,0.5128,1.0,0.5128,1.0,4.0,4.0,0.0,0.0,3556.7,8.14,3,5,6,5,27,7,1,0,0,1,87.16
768,11.38,96.0,6,28800.0,0.2461,1.0,0.2461,1.0,6.0,6.0,0.0,0.0,3639.13,8.72,3,5,20,5,27,7,1,0,0,1,73.22
772,18.7,96.5,5,28800.0,0.445,1.0,0.445,1.0,5.0,5.0,0.0,0.0,3639.13,8.78,3,5,22,5,27,7,1,1,0,1,71.79
874,26.4,109.25,3,28800.0,0.7044,1.0,0.7044,1.0,3.0,3.0,0.0,0.0,3639.13,9.25,3,4,9,6,27,7,1,0,0,1,60.39
783,21.25,97.88,2,28800.0,0.4513,1.0,0.4513,1.0,2.0,2.0,0.0,0.0,3639.13,9.51,3,4,15,6,27,7,1,0,0,1,54.16
837,36.68,104.62,4,28800.0,0.8501,1.0,0.8501,1.0,4.0,4.0,0.0,0.0,3639.13,9.84,3,4,23,6,27,7,1,1,0,1,46.44
918,25.02,114.75,2,28800.0,0.6155,1.0,0.6155,1.0,2.0,2.0,0.0,0.0,3639.13,10.35,3,4,11,0,28,7,0,0,0,1,34.16
940,38.61,117.5,5,28800.0,1.0,1.0,1.0,1.0,5.0,5.0,0.0,0.0,3639.13,10.45,3,4,14,0,28,7,0,0,0,1,31.66
993,8.82,124.12,5,28800.0,0.2827,1.0,0.2827,1.0,3.0,3.0,0.0,0.0,3639.13,10.87,3,4,0,1,28,7,0,1,0,1,21.69
916,43.18,126.67,1,26034.0,0.452,0.904,1.0,1.0,2.0,1.0,0.0,0.0,3639.13,11.22,3,4,8,1,28,7,0,0,0,1,13.31
910,32.7,126.38,3,25921.0,0.8,0.9,0.8889,1.0,3.0,3.0,0.0,0.0,3639.13,11.6,3,4,18,1,28,7,0,0,0,1,4.04
963,8.91,128.18,3,27047.0,0.2719,0.9391,0.2895,1.0,2.0,2.0,0.0,0.0,3873.7,12.0,4,4,3,2,28,7,0,1,0,1,249.23
1006,46.87,125.75,2,28800.0,1.0,1.0,1.0,1.0,2.0,2.0,0.0,0.0,3873.7,12.34,4,4,11,2,28,7,0,0,0,1,241.03
890,18.81,111.25,2,28800.0,0.4818,1.0,0.4818,1.0,2.0,2.0,0.0,0.0,3873.7,12.66,4,4,19,2,28,7,0,0,0,1,233.28
701,30.14,87.62,2,28800.0,0.6151,1.0,0.6151,1.0,5.0,5.0,0.0,0.0,3873.7,12.89,4,4,1,3,28,7,0,1,0,1,227.81
805,12.48,100.62,5,28800.0,0.3469,1.0,0.3469,1.0,5.0,5.0,0.0,0.0,3873.7,13.15,4,4,7,3,28,7,0,0,0,1,221.73
750,42.26,93.75,5,28800.0,1.0,1.0,1.0,1.0,5.0,5.0,0.0,0.0,3873.7,13.58,4,4,17,3,28,7,0,0,0,1,211.3
943,18.16,117.88,5,28800.0,0.5069,1.0,0.5069,1.0,2.0,2.0,0.0,0.0,3873.7,13.97,4,4,3,4,28,7,0,1,0,1,201.86
1049,13.55,131.12,5,28800.0,0.4065,1.0,0.4065,1.0,5.0,5.0,0.0,0.0,3873.7,14.22,3,4,8,4,28,7,0,0,0,1,195.93
884,29.09,110.5,5,28800.0,0.6934,1.0,0.6934,1.0,5.0,5.0,0.0,0.0,3873.7,14.58,2,4,17,4,28,7,0,0,0,1,187.23
800,10.91,100.0,2,28800.0,0.2553,1.0,0.2553,1.0,4.0,4.0,0.0,0.0,3873.7,15.08,1,4,5,5,28,7,1,1,0,1,175.21
803,38.47,100.38,2,28800.0,0.6086,1.0,0.9129,1.0,3.0,2.0,0.0,0.0,3873.7,15.28,1,4,10,5,28,7,1,0,0,1,170.41
846,51.58,105.75,5,28800.0,1.0,1.0,1.0,1.0,5.0,5.0,0.0,0.0,3873.7,15.72,1,4,20,5,28,7,1,0,0,1,160.01
771,24.12,96.38,4,28800.0,0.5105,1.0,0.5105,1.0,3.0,3.0,0.0,0.0,3873.7,16.09,1,4,5,6,28,7,1,1,0,1,151.13
874,11.51,109.25,4,28800.0,0.229,1.0,0.2862,1.0,5.0,4.0,0.0,0.0,3873.7,16.36,1,4,12,6,28,7,1,0,0,1,144.55
881,37.2,110.12,5,28800.0,1.0,1.0,1.0,1.0,5.0,5.0,0.0,0.0,3873.7,16.47,1,4,14,6,28,7,1,0,0,1,142.03
793,44.5,99.12,3,28800.0,1.0,1.0,1.0,1.0,2.0,2.0,0.0,0.0,3873.7,16.89,1,4,0,0,29,7,0,1,0,1,131.91
991,30.05,123.88,2,28800.0,0.9631,1.0,0.9631,1.0,2.0,2.0,0.0,0.0,3873.7,17.23,1,4,9,0,29,7,0,0,0,1,123.68
766,19.81,95.75,6,28800.0,0.5155,1.0,0.5155,1.0,6.0,6.0,0.0,0.0,3873.7,17.64,1,4,18,0,29,7,0,0,0,1,113.93
817,15.26,102.12,2,28800.0,0.364,1.0,0.364,1.0,5.0,5.0,0.0,0.0,3873.7,17.89,1,4,1,1,29,7,0,1,0,1,107.86
980,29.14,122.5,3,28800.0,0.8095,1.0,0.8095,1.0,3.0,3.0,0.0,0.0,3873.7,18.36,1,4,12,1,29,7,0,0,0,1,96.55
984,13.9,123.0,1,28800.0,0.1286,1.0,0.3857,1.0,3.0,1.0,0.0,0.0,3873.7,18.58,1,4,17,1,29,7,0,0,0,1,91.36
865,29.65,108.12,5,28800.0,0.7731,1.0,0.7731,1.0,5.0,5.0,0.0,0.0,3873.7,18.83,0,4,23,1,29,7,0,1,0,1,85.25
862,37.03,107.75,3,28800.0,0.8961,1.0,0.8961,1.0,3.0,3.0,0.0,0.0,3873.7,19.3,0,4,10,2,29,7,0,0,0,1,74.0
588,32.13,73.5,6,28800.0,0.4904,1.0,0.4904,1.0,6.0,6.0,0.0,0.0,3873.7,19.53,0,4,16,2,29,7,0,0,0,1,68.61
813,14.86,101.62,4,28800.0,0.315,1.0,0.315,1.0,4.0,3.0,0.0,0.0,3873.7,19.87,0,4,0,3,29,7,0,1,0,1,60.41
704,19.54,88.0,4,28800.0,0.3845,1.0,0.3845,1.0,4.0,4.0,0.0,0.0,3873.7,20.21,0,4,8,3,29,7,0,0,0,1,52.18
882,40.2,110.25,5,28800.0,0.9919,1.0,0.9919,1.0,5.0,5.0,0.0,0.0,3873.7,20.5,0,4,15,3,29,7,0,0,0,1,45.15
780,12.95,97.5,3,28800.0,0.2389,1.0,0.3185,1.0,5.0,5.0,0.0,0.0,3873.7,21.0,0,4,3,4,29,7,0,1,0,1,33.21
850,18.07,124.63,4,25715.625,0.4825,0.8929374999999999,0.566,1.0,4.0,4.0,0.0,0.0,3873.7,21.29,0,3,10,4,29,7,0,0,0,1,26.21
718,9.66,99.73,2,25919.0,0.2166,0.9,0.2407,1.0,2.0,2.0,0.0,0.0,3873.7,21.54,0,3,16,4,29,7,0,0,0,1,20.31
843,32.95,118.69,5,25715.625,0.7534,0.8929374999999999,0.8486,1.0,5.0,5.0,0.0,0.0,3888.99,0.21,0,4,2,5,29,7,1,1,0,1,10.15
771,32.74,101.12,3,27448.0,0.7036,0.9531,0.7382,1.0,3.0,3.0,0.0,0.0,3888.99,0.45,0,3,8,5,29,7,1,0,0,1,4.53
926,31.05,126.68,2,26316.0,0.9137,0.9137,1.0,1.0,2.0,2.0,0.0,0.0,3944.41,0.71,1,3,14,5,29,7,1,0,0,1,55.29
851,10.03,116.26,5,26351.0,0.2632,0.915,0.2877,1.0,2.0,2.0,0.0,0.0,3944.41,1.25,1,2,3,6,29,7,1,1,0,1,42.34
1049,38.03,131.12,4,28800.0,1.0,1.0,1.0,1.0,4.0,4.0,0.0,0.0,3944.41,1.39,1,2,6,6,29,7,1,0,0,1,39.02
856,44.36,107.0,2,28800.0,0.9808,1.0,0.9808,1.0,2.0,2.0,0.0,0.0,3944.41,1.92,1,2,19,6,29,7,1,0,0,1,26.34
763,22.7,95.38,2,28800.0,0.4761,1.0,0.4761,1.0,6.0,6.0,0.0,0.0,3944.41,2.23,1,2,3,0,30,7,0,1,0,1,18.72
1006,46.6,128.28,3,28233.0,0.9803,0.9803,1.0,1.0,3.0,3.0,0.0,0.0,3944.41,2.51,1,2,9,0,30,7,0,0,0,1,12.12
921,44.29,116.23,2,28526.0,0.9905,0.9905,1.0,1.0,2.0,2.0,0.0,0.0,3944.41,3.0,1,2,21,0,30,7,0,0,0,1,0.21
768,38.75,97.12,6,28468.0,0.7918,0.9885,0.801,1.0,3.0,3.0,0.0,0.0,4000.2,3.21,2,2,2,1,30,7,0,1,0,1,261.46
886,16.66,110.75,6,28800.0,0.5067,1.0,0.5067,1.0,6.0,6.0,0.0,0.0,4000.2,3.46,2,2,8,1,30,7,0,0,0,1,255.32
726,41.49,90.75,6,28800.0,0.9768,1.0,0.9768,1.0,6.0,6.0,0.0,0.0,4000.2,3.85,2,2,17,1,30,7,0,0,0,1,246.06
867,25.85,108.38,3,28800.0,0.6939,1.0,0.6939,1.0,3.0,3.0,0.0,0.0,4000.2,4.21,2,2,2,2,30,7,0,1,0,1,237.39
940,15.27,117.5,4,28800.0,0.4873,1.0,0.4873,1.0,4.0,4.0,0.0,0.0,4000.2,4.53,2,2,10,2,30,7,0,0,0,1,229.66
948,19.44,118.5,5,28800.0,0.501,1.0,0.501,1.0,5.0,5.0,0.0,0.0,4000.2,4.74,2,2,15,2,30,7,0,0,0,1,224.71
749,26.62,93.62,3,28800.0,0.5558,1.0,0.5558,1.0,3.0,3.0,0.0,0.0,4000.2,5.06,2,2,23,2,30,7,0,1,0,1,216.94
684,13.06,106.13,6,25715.625,0.2299,0.8929374999999999,0.2854,1.0,6.0,6.0,0.0,0.0,4000.2,5.39,2,3,6,3,30,7,0,0,0,1,209.16
942,34.86,162.87,4,25715.625,0.723,0.8929374999999999,1.0,1.0,4.0,4.0,0.0,0.0,4002.2,0.2,2,4,15,3,30,7,0,0,0,1,200.47
805,17.88,148.11,2,25715.625,0.4073,0.8929374999999999,0.5995,1.0,8.0,8.0,0.0,0.0,4112.07,0.52,2,4,4,4,30,7,0,1,0,1,187.41
785,15.59,98.12,2,28800.0,0.3492,1.0,0.3492,1.0,2.0,2.0,0.0,0.0,4112.07,0.89,2,4,13,4,30,7,0,0,0,1,178.64
791,26.92,98.88,6,28800.0,0.6073,1.0,0.6073,1.0,6.0,6.0,0.0,0.0,4112.07,1.17,2,4,20,4,30,7,0,0,0,1,171.94
1047,43.5,130.88,8,28800.0,1.0,1.0,1.0,1.0,3.0,3.0,0.0,0.0,4112.07,1.58,2,4,5,5,30,7,1,1,0,1,162.16
877,11.09,109.62,6,28800.0,0.2664,1.0,0.2664,1.0,6.0,6.0,0.0,0.0,4112.07,1.74,2,4,9,5,30,7,1,0,0,1,158.34
885,24.78,110.62,1,28800.0,0.3268,1.0,0.6536,1.0,2.0,1.0,0.0,0.0,4112.07,2.01,1,4,16,5,30,7,1,0,0,1,151.87
1049,40.82,131.12,3,28800.0,1.0,1.0,1.0,1.0,3.0,3.0,0.0,0.0,4112.07,2.25,1,4,22,5,30,7,1,1,0,1,145.89
907,25.71,113.38,3,28800.0,0.5027,1.0,0.6702,1.0,4.0,3.0,0.0,0.0,4112.07,2.69,1,3,8,6,30,7,1,0,0,1,135.54
934,27.31,116.75,2,28800.0,0.8286,1.0,0.8286,1.0,2.0,2.0,0.0,0.0,4112.07,3.22,1,3,21,6,30,7,1,0,0,1,122.71
818,12.07,102.25,4,28800.0,0.261,1.0,0.261,1.0,6.0,6.0,0.0,0.0,4112.07,3.55,1,3,5,0,31,7,0,1,0,1,114.79
1036,26.4,129.5,4,28800.0,0.7917,1.0,0.7917,1.0,4.0,4.0,0.0,0.0,4112.07,3.91,1,3,13,0,31,7,0,0,0,1,106.19
1040,38.92,130.0,5,28800.0,1.0,1.0,1.0,1.0,5.0,5.0,0.0,0.0,4112.07,4.04,1,3,16,0,31,7,0,0,0,1,103.07
688,36.57,86.0,6,28800.0,0.8731,1.0,0.8731,1.0,6.0,6.0,0.0,0.0,4112.07,4.27,0,3,22,0,31,7,0,1,0,1,97.61
987,22.0,125.12,5,28398.0,0.7186,0.986,0.7288,1.0,5.0,5.0,0.0,0.0,4201.66,0.17,0,4,10,1,31,7,0,0,0,1,85.56
748,48.53,94.71,6,28433.0,0.9873,0.9873,1.0,1.0,6.0,6.0,0.0,0.0,4201.66,0.58,0,4,20,1,31,7,0,0,0,1,75.56
836,28.9,107.23,4,28067.0,0.7089,0.9745,0.7274,1.0,6.0,6.0,0.0,0.0,4201.66,0.78,0,4,1,2,31,7,0,1,0,1,70.89
844,22.44,105.5,4,28800.0,0.6075,1.0,0.6075,1.0,4.0,4.0,0.0,0.0,4201.66,1.12,0,4,9,2,31,7,0,0,0,1,62.61
721,10.82,90.12,6,28800.0,0.2493,1.0,0.2493,1.0,6.0,6.0,0.0,0.0,4201.66,1.57,0,4,20,2,31,7,0,0,0,1,51.84
769,38.44,96.12,6,28800.0,0.875,1.0,0.875,1.0,5.0,5.0,0.0,0.0,4201.66,1.94,0,4,4,3,31,7,0,1,0,1,43.04
841,37.47,105.12,5,28800.0,0.6842,1.0,0.8211,1.0,6.0,5.0,0.0,0.0,4201.66,2.22,0,4,11,3,31,7,0,0,0,1,36.34
821,10.3,102.62,5,28800.0,0.2,1.0,0.24,1.0,6.0,5.0,0.0,0.0,4201.66,2.5,0,4,18,3,31,7,0,0,0,1,29.54
836,12.9,104.5,5,28800.0,0.3504,1.0,0.3504,1.0,2.0,2.0,0.0,0.0,4201.66,2.76,0,4,0,4,31,7,0,1,0,1,23.44
939,32.05,117.38,2,28800.0,0.6667,1.0,1.0,1.0,3.0,2.0,0.0,0.0,4201.66,3.09,0,4,8,4,31,7,0,0,0,1,15.39
769,32.96,96.12,2,28800.0,0.8795,1.0,0.8795,1.0,2.0,2.0,0.0,0.0,4201.66,3.52,0,4,18,4,31,7,0,0,0,1,5.09
700,42.2,87.5,5,28800.0,0.8529,1.0,0.8529,1.0,5.0,5.0,0.0,0.0,5.09,,0,1,7,6,5,2,1,0,7,0,43.55
925,25.22,115.62,2,28800.0,0.4722,1.0,0.7082,1.0,3.0,2.0,0.0,0.0,44.41,,0,1,16,6,5,2,1,0,7,0,34.76
793,33.99,99.12,5,28800.0,0.7726,1.0,0.7726,1.0,5.0,5.0,0.0,0.0,44.41,,0,1,9,0,6,2,0,0,7,0,17.2
820,14.28,102.5,6,28800.0,0.3172,1.0,0.3172,1.0,6.0,6.0,0.0,0.0,44.41,,0,1,15,0,6,2,0,0,7,0,11.68
680,24.06,85.0,4,28800.0,0.5072,1.0,0.5072,1.0,4.0,4.0,0.0,0.0,44.41,,0,1,23,0,6,2,0,1,7,0,3.63
707,38.39,91.51,6,27813.0,0.7581,0.9657,0.785,1.0,6.0,6.0,0.0,0.0,120.73,,1,1,9,1,6,2,0,0,7,0,70.36
894,27.25,114.43,3,28126.0,0.6354,0.9766,0.6506,1.0,3.0,3.0,0.0,0.0,120.73,,1,1,15,1,6,2,0,0,7,0,64.73
591,11.64,76.78,2,27709.0,0.2331,0.9621,0.2423,1.0,7.0,7.0,0.0,0.0,120.73,,1,1,0,2,6,2,0,1,7,0,55.16
791,20.35,98.88,6,28800.0,0.4389,1.0,0.4389,1.0,6.0,6.0,0.0,0.0,120.73,,1,1,13,2,6,2,0,0,7,0,42.88
773,15.96,96.62,2,28800.0,0.3962,1.0,0.3962,1.0,2.0,2.0,0.0,0.0,120.73,,1,1,17,2,6,2,0,0,7,0,38.94
704,43.02,88.0,7,28800.0,0.8685,1.0,0.8685,1.0,7.0,7.0,0.0,0.0,120.73,,1,1,23,2,6,2,0,1,7,0,32.68
720,19.58,90.0,3,28800.0,0.4095,1.0,0.4095,1.0,3.0,3.0,0.0,0.0,120.73,,1,1,6,3,6,2,0,0,7,0,26.11
773,40.27,96.62,2,28800.0,1.0,1.0,1.0,1.0,2.0,2.0,0.0,0.0,120.73,,1,1,15,3,6,2,0,0,7,0,16.86
743,25.66,92.88,3,28800.0,0.4702,1.0,0.6269,1.0,4.0,3.0,0.0,0.0,120.73,,1,1,23,3,6,2,0,1,7,0,8.48
747,21.46,109.66,2,25715.625,0.503,0.8929374999999999,0.5907,1.0,2.0,2.0,0.0,0.0,120.73,,2,1,8,4,6,2,0,0,7,0,77.65
683,49.73,92.03,3,26717.0,0.8931,0.9277,0.9627,1.0,3.0,3.0,0.0,0.0,157.82,,2,1,14,4,6,2,0,0,7,0,72.05
718,11.26,94.78,3,27271.0,0.2179,0.9469,0.2301,1.0,6.0,6.0,0.0,0.0,157.82,,2,1,5,5,6,2,1,1,7,0,57.43
728,36.66,97.39,5,26909.0,0.6894,0.9343,0.8855,1.0,6.0,5.0,0.0,0.0,157.82,,2,1,12,5,6,2,1,0,7,0,49.63
647,18.33,85.51,5,27238.0,0.3117,0.9458,0.3955,1.0,6.0,5.0,0.0,0.0,157.82,,2,1,18,5,6,2,1,0,7,0,44.5
736,11.68,100.54,6,26355.0,0.2409,0.9151,0.2633,1.0,4.0,4.0,0.0,0.0,157.82,,2,2,1,6,6,2,1,1,7,0,36.77
806,29.07,100.75,5,28800.0,0.6203,1.0,0.7444,1.0,6.0,5.0,0.0,0.0,194.17,0.23,2,2,7,6,6,2,1,0,7,0,30.77
744,25.02,93.0,3,28800.0,0.4932,1.0,0.4932,1.0,3.0,3.0,0.0,0.0,194.17,0.73,2,2,19,6,6,2,1,0,7,0,18.8
846,41.79,105.75,4,28800.0,1.0,1.0,1.0,1.0,3.0,3.0,0.0,0.0,194.17,0.96,2,2,1,0,7,2,0,1,7,0,13.2
656,22.05,90.49,2,26099.0,0.3061,0.9062,0.5067,1.0,3.0,2.0,0.0,0.0,194.17,1.31,2,2,9,0,7,2,0,0,7,0,5.02
654,11.33,87.81,3,26813.0,0.2187,0.931,0.2349,1.0,3.0,3.0,0.0,0.0,194.17,1.51,2,2,14,0,7,2,0,0,7,0,0.18
839,42.17,113.07,3,26713.0,0.9275,0.9275,1.0,1.0,3.0,3.0,0.0,0.0,248.09,1.92,3,2,0,1,7,2,0,1,7,0,47.28
820,32.31,102.5,3,28800.0,0.7235,1.0,0.7235,1.0,3.0,3.0,0.0,0.0,248.09,2.48,2,2,13,1,7,2,0,0,7,0,33.83
760,17.96,95.0,2,28800.0,0.3861,1.0,0.3861,1.0,2.0,2.0,0.0,0.0,248.09,2.63,2,2,17,1,7,2,0,0,7,0,30.23
725,33.53,90.62,3,28800.0,0.8393,1.0,0.8393,1.0,8.0,7.0,0.0,0.0,248.09,3.09,2,2,4,2,7,2,0,1,7,0,19.23
864,11.4,115.84,3,26850.0,0.2745,0.9323,0.2944,1.0,3.0,3.0,0.0,0.0,248.09,3.29,2,2,9,2,7,2,0,0,7,0,14.43
713,11.87,94.96,6,27029.0,0.2869,0.9385,0.3057,1.0,6.0,6.0,0.0,0.0,248.09,3.56,2,2,15,2,7,2,0,0,7,0,8.04
638,10.78,83.65,7,27458.0,0.1511,0.9534,0.2038,1.0,0.0,0.0,0.0,0.0,248.09,3.94,3,2,0,3,7,2,0,1,7,0,55.64
890,44.12,111.25,4,28800.0,0.8,1.0,1.0,1.0,5.0,4.0,0.0,0.0,303.24,4.22,3,2,7,3,7,2,0,0,7,0,48.87
798,15.78,99.75,2,28800.0,0.3644,1.0,0.3644,1.0,2.0,2.0,0.0,0.0,303.24,4.5,3,2,14,3,7,2,0,0,7,0,42.32
785,38.78,98.12,0,28800.0,0.9824,1.0,1.0,1.0,7.0,7.0,0.0,0.0,303.24,5.07,3,2,3,4,7,2,0,1,7,0,28.57
623,34.32,77.88,2,28800.0,0.6431,1.0,0.6431,1.0,2.0,2.0,0.0,0.0,303.24,5.32,2,2,9,4,7,2,0,0,7,0,22.64
771,14.39,96.38,6,28800.0,0.3132,1.0,0.3132,1.0,6.0,6.0,0.0,0.0,303.24,5.77,2,2,20,4,7,2,0,0,7,0,11.86
743,46.82,92.88,7,28800.0,1.0,1.0,1.0,1.0,5.0,5.0,0.0,0.0,303.24,6.05,2,2,3,5,7,2,1,1,7,0,5.04
761,45.31,103.78,5,26397.0,0.9159,0.9166,0.9992,1.0,5.0,5.0,0.0,0.0,303.24,6.25,2,2,8,5,7,2,1,0,7,0,0.19
795,40.73,103.37,4,27686.0,0.904,0.9613,0.9404,1.0,4.0,4.0,0.0,0.0,324.63,6.67,3,2,18,5,7,2,1,0,7,0,13.05
711,18.6,92.42,5,27695.0,0.4327,0.9616,0.45,1.0,4.0,4.0,0.0,0.0,324.63,7.07,3,2,3,6,7,2,1,1,7,0,3.31
738,31.39,104.75,6,25715.625,0.6594,0.8929374999999999,0.7487,1.0,6.0,6.0,0.0,0.0,445.67,7.56,4,2,15,6,7,2,1,0,7,0,234.61
793,33.28,107.77,4,26490.0,0.8985,0.9198,0.9768,1.0,5.0,5.0,0.0,0.0,445.67,8.09,4,2,4,0,8,2,0,1,7,0,221.96
766,14.33,95.75,6,28800.0,0.3024,1.0,0.3024,1.0,6.0,6.0,0.0,0.0,445.67,8.24,4,2,7,0,8,2,0,0,7,0,218.36
838,19.64,104.75,4,28800.0,0.4737,1.0,0.4737,1.0,4.0,4.0,0.0,0.0,445.67,8.56,3,2,15,0,8,2,0,0,7,0,210.7
771,39.87,96.38,5,28800.0,0.8037,1.0,0.8037,1.0,5.0,5.0,0.0,0.0,445.67,9.07,3,2,3,1,8,2,0,1,7,0,198.43
851,14.23,106.38,3,28800.0,0.3312,1.0,0.3312,1.0,3.0,3.0,0.0,0.0,445.67,9.41,3,2,12,1,8,2,0,0,7,0,190.13
709,31.98,88.62,5,28800.0,0.4927,1.0,0.5913,1.0,6.0,5.0,0.0,0.0,445.67,9.7,3,2,18,1,8,2,0,0,7,0,183.3
750,11.7,93.75,5,28800.0,0.2299,1.0,0.2299,1.0,5.0,5.0,0.0,0.0,445.67,10.08,3,2,4,2,8,2,0,1,7,0,174.11
812,26.75,101.5,2,28800.0,0.6885,1.0,0.6885,1.0,2.0,2.0,0.0,0.0,445.67,10.24,3,2,8,2,8,2,0,0,7,0,170.18
796,39.6,99.5,5,28800.0,0.9856,1.0,0.9856,1.0,5.0,5.0,0.0,0.0,445.67,10.77,3,2,20,2,8,2,0,0,7,0,157.51
910,20.57,113.75,5,28800.0,0.5005,1.0,0.5005,1.0,6.0,5.0,0.0,0.0,445.67,11.05,2,2,3,3,8,2,0,1,7,0,150.76
830,41.12,103.75,3,28800.0,1.0,1.0,1.0,1.0,3.0,3.0,0.0,0.0,445.67,11.37,2,2,11,3,8,2,0,0,7,0,143.03
870,16.69,108.75,2,28800.0,0.4912,1.0,0.4912,1.0,2.0,2.0,0.0,0.0,445.67,11.7,2,2,18,3,8,2,0,0,7,0,135.3
730,21.65,91.25,5,28800.0,0.4455,1.0,0.5346,1.0,4.0,4.0,0.0,0.0,445.67,12.11,2,2,4,4,8,2,0,1,7,0,125.4
869,43.94,133.94,2,25715.625,0.811,0.8929374999999999,1.0,1.0,2.0,2.0,0.0,0.0,445.67,12.32,2,2,9,4,8,2,0,0,7,0,120.38
700,48.09,111.74,3,25715.625,0.7831,0.8929374999999999,1.0,1.0,3.0,3.0,0.0,0.0,455.16,0.22,2,3,18,4,8,2,0,0,7,0,111.4
891,42.61,128.55,4,25715.625,0.8664,0.8929374999999999,1.0,1.0,3.0,3.0,0.0,0.0,523.24,0.12,2,4,3,5,8,2,1,1,7,0,102.86
708,24.93,88.5,3,28800.0,0.5467,1.0,0.5467,1.0,3.0,3.0,0.0,0.0,523.24,0.26,2,4,6,5,8,2,1,0,7,0,99.63
667,41.43,83.38,5,28800.0,0.7925,1.0,0.7925,1.0,5.0,5.0,0.0,0.0,523.24,0.8,1,4,19,5,8,2,1,0,7,0,86.55
663,35.88,82.88,3,28800.0,0.6798,1.0,0.6798,1.0,5.0,5.0,0.0,0.0,523.24,1.2,1,4,5,6,8,2,1,1,7,0,76.95
534,13.32,66.75,3,28800.0,0.2073,1.0,0.2073,1.0,3.0,3.0,0.0,0.0,523.24,1.56,0,4,13,6,8,2,1,0,7,0,68.51
618,34.37,77.25,2,28800.0,0.6435,1.0,0.6435,1.0,2.0,2.0,0.0,0.0,523.24,1.87,0,4,21,6,8,2,1,0,7,0,60.91
765,30.26,95.62,5,28800.0,0.7669,1.0,0.7669,1.0,5.0,5.0,0.0,0.0,523.24,2.16,0,4,4,0,9,2,0,1,7,0,53.95
851,16.36,110.3,5,27775.0,0.308,0.9644,0.3833,1.0,6.0,5.0,0.0,0.0,523.24,2.49,0,4,12,0,9,2,0,0,7,0,46.18
876,8.46,112.26,5,28092.0,0.2546,0.9754,0.261,1.0,5.0,5.0,0.0,0.0,523.24,2.65,0,4,15,0,9,2,0,0,7,0,42.25
785,13.67,100.12,5,28225.0,0.3644,0.98,0.3718,1.0,5.0,5.0,0.0,0.0,560.38,0.1,0,5,23,0,9,2,0,1,7,0,34.71
738,24.69,92.25,5,28800.0,0.4439,1.0,0.5327,1.0,6.0,5.0,0.0,0.0,560.38,0.39,0,5,6,1,9,2,0,0,7,0,27.68
808,11.01,101.0,3,28800.0,0.2289,1.0,0.2289,1.0,3.0,3.0,0.0,0.0,560.38,0.81,0,5,16,1,9,2,0,0,7,0,17.66
673,8.84,84.12,3,28800.0,0.2033,1.0,0.2033,1.0,4.0,4.0,0.0,0.0,560.38,1.24,0,5,2,2,9,2,0,1,7,0,7.5
758,31.8,106.31,4,25715.625,0.8148,0.8929374999999999,0.9142,1.0,4.0,4.0,0.0,0.0,560.38,1.44,0,5,7,2,9,2,0,0,7,0,2.46
720,28.42,97.94,5,26465.0,0.5044,0.9189,0.6587,1.0,6.0,5.0,0.0,0.0,578.12,1.75,1,5,15,2,9,2,0,0,7,0,16.2
749,24.44,102.81,4,26226.0,0.4736,0.9106,0.5201,1.0,4.0,4.0,0.0,0.0,578.12,2.31,1,5,4,3,9,2,0,1,7,0,2.8
759,13.53,116.52,2,25715.625,0.2725,0.8929374999999999,0.3347,1.0,2.0,2.0,0.0,0.0,578.12,2.49,2,5,8,3,9,2,0,0,7,0,91.76
824,31.98,119.39,2,25715.625,0.7484,0.8929374999999999,0.8675,1.0,2.0,2.0,0.0,0.0,648.87,2.88,2,5,18,3,9,2,0,0,7,0,82.31
781,35.0,126.7,4,25715.625,0.7705,0.8929374999999999,1.0,1.0,7.0,7.0,0.0,0.0,648.87,3.23,2,5,2,4,9,2,0,1,7,0,74.03
800,51.26,100.0,5,28800.0,1.0,1.0,1.0,1.0,5.0,5.0,0.0,0.0,648.87,3.38,2,5,6,4,9,2,0,0,7,0,70.41
772,30.61,96.5,3,28800.0,0.7146,1.0,0.7146,1.0,3.0,3.0,0.0,0.0,648.87,3.96,2,5,20,4,9,2,0,0,7,0,56.43
799,25.22,99.88,7,28800.0,0.6531,1.0,0.6531,1.0,4.0,4.0,0.0,0.0,648.87,4.13,2,5,0,5,9,2,1,1,7,0,52.44
716,10.93,89.5,6,28800.0,0.2558,1.0,0.2558,1.0,6.0,6.0,0.0,0.0,648.87,4.86,2,5,17,5,9,2,1,0,7,0,34.79
740,34.27,92.5,4,28800.0,0.8091,1.0,0.8091,1.0,3.0,3.0,0.0,0.0,648.87,5.14,2,5,0,6,9,3,1,1,7,0,28.16
925,36.9,138.8,6,25715.625,0.833,0.8929374999999999,1.0,1.0,6.0,6.0,0.0,0.0,648.87,5.68,2,6,13,6,9,3,1,0,7,0,15.28
608,51.47,92.73,5,25715.625,0.8195,0.8929374999999999,1.0,1.0,5.0,5.0,0.0,0.0,662.76,0.1,2,6,17,6,9,3,1,0,7,0,11.39
822,11.66,127.87,3,25715.625,0.2911,0.8929374999999999,0.3623,1.0,6.0,6.0,0.0,0.0,662.76,0.51,2,6,2,0,10,3,0,1,7,0,1.68
813,22.49,111.48,4,26253.0,0.5598,0.9116,0.6141,1.0,4.0,4.0,0.0,0.0,679.54,0.66,3,6,6,0,10,3,0,0,7,0,16.34
778,37.35,123.51,3,25715.625,0.7874,0.8929374999999999,1.0,1.0,3.0,3.0,0.0,0.0,679.54,1.29,3,6,21,0,10,3,0,0,7,0,1.17
798,44.61,114.85,6,25715.625,0.8685,0.8929374999999999,1.0,1.0,2.0,2.0,0.0,0.0,689.44,1.46,4,6,1,1,10,3,0,1,7,0,8.94
782,13.34,126.22,2,25715.625,0.2311,0.8929374999999999,0.4477,1.0,3.0,2.0,0.0,0.0,689.44,1.81,4,5,10,1,10,3,0,0,7,0,0.57
789,43.7,131.1,5,25715.625,0.7523,0.8929374999999999,1.0,1.0,5.0,5.0,0.0,0.0,733.87,2.21,5,5,19,1,10,3,0,0,7,0,134.31
814,18.33,135.09,2,25715.625,0.472,0.8929374999999999,0.6266,1.0,2.0,2.0,0.0,0.0,733.87,2.4,5,5,0,2,10,3,0,1,7,0,129.54
830,14.92,103.75,2,28800.0,0.3677,1.0,0.3677,1.0,2.0,2.0,0.0,0.0,733.87,2.9,4,5,12,2,10,3,0,0,7,0,117.74
795,12.76,99.38,2,28800.0,0.3301,1.0,0.3301,1.0,2.0,2.0,0.0,0.0,733.87,3.02,4,5,15,2,10,3,0,0,7,0,114.77
828,12.11,103.5,2,28800.0,0.3427,1.0,0.3427,1.0,2.0,2.0,0.0,0.0,733.87,3.33,4,5,22,2,10,3,0,1,7,0,107.32
783,25.25,102.79,4,27423.0,0.6745,0.9522,0.7084,1.0,4.0,4.0,0.0,0.0,733.87,3.83,3,5,10,3,10,3,0,0,7,0,95.39
925,22.6,120.14,3,27717.0,0.609,0.9624,0.6328,1.0,3.0,3.0,0.0,0.0,775.82,0.17,3,6,16,3,10,3,0,0,7,0,89.26
888,24.78,118.8,5,26908.0,0.5496,0.9343,0.7059,1.0,4.0,4.0,0.0,0.0,775.82,0.53,3,6,1,4,10,3,0,1,7,0,80.51
726,30.3,90.75,4,28800.0,0.6804,1.0,0.6804,1.0,4.0,4.0,0.0,0.0,775.82,0.76,3,6,6,4,10,3,0,0,7,0,74.99
770,21.68,96.25,5,28800.0,0.4401,1.0,0.4401,1.0,5.0,5.0,0.0,0.0,775.82,1.06,3,6,14,4,10,3,0,0,7,0,67.77
693,38.26,86.62,4,28800.0,0.7945,1.0,0.7945,1.0,5.0,5.0,0.0,0.0,775.82,1.56,3,6,2,5,10,3,1,1,7,0,55.77
780,49.39,118.48,5,25715.625,0.823,0.8929374999999999,1.0,1.0,5.0,5.0,0.0,0.0,783.46,2.04,3,7,13,5,10,3,1,0,7,0,44.24
831,18.91,117.62,5,25715.625,0.4617,0.8929374999999999,0.5228,1.0,5.0,5.0,0.0,0.0,783.46,2.27,3,8,19,5,10,3,1,0,7,0,38.86
766,25.26,115.9,5,25715.625,0.5415,0.8929374999999999,0.6555,1.0,5.0,5.0,0.0,0.0,819.49,0.06,3,8,23,5,10,3,1,1,7,0,34.62
825,28.99,103.12,6,28800.0,0.6995,1.0,0.6995,1.0,6.0,6.0,0.0,0.0,819.49,0.49,3,8,9,6,10,3,1,0,7,0,24.37
807,35.88,100.88,3,28800.0,0.9765,1.0,0.9765,1.0,5.0,5.0,0.0,0.0,819.49,1.21,3,8,3,0,11,3,0,1,7,0,6.91
720,15.95,93.56,6,27705.0,0.37,0.962,0.3846,1.0,6.0,6.0,0.0,0.0,819.49,1.39,2,8,7,0,11,3,0,0,7,0,2.61
727,18.73,94.87,5,27586.0,0.3096,0.9578,0.3879,1.0,6.0,5.0,0.0,0.0,855.37,1.95,3,8,20,0,11,3,0,0,7,0,26.19
925,27.58,119.16,5,27946.0,0.7573,0.9703,0.7805,1.0,3.0,3.0,0.0,0.0,855.37,2.16,2,7,1,1,11,3,0,1,7,0,21.16
790,34.27,122.52,4,25715.625,0.806,0.8929374999999999,1.0,1.0,4.0,4.0,0.0,0.0,855.37,2.37,2,7,6,1,11,3,0,0,7,0,16.24
821,53.14,112.06,3,26374.0,0.9158,0.9158,1.0,1.0,3.0,3.0,0.0,0.0,855.37,2.82,1,7,17,1,11,3,0,0,7,0,5.36
745,41.44,110.58,3,25715.625,0.8353,0.8929374999999999,0.9918,1.0,3.0,3.0,0.0,0.0,855.37,3.0,1,7,22,1,11,3,0,1,7,0,0.92
692,11.38,90.86,3,27419.0,0.2631,0.952,0.2764,1.0,3.0,3.0,0.0,0.0,873.69,3.61,2,7,12,2,11,3,0,0,7,0,54.26
790,19.69,107.88,2,26363.0,0.4476,0.9154,0.489,1.0,2.0,2.0,0.0,0.0,873.69,3.87,2,7,18,2,11,3,0,0,7,0,48.06
875,31.47,119.2,0,26426.0,0.0,0.9176,0.7765,1.0,7.0,6.0,0.0,0.0,906.39,0.07,2,8,0,3,11,3,0,1,7,0,42.11
816,19.18,102.0,2,28800.0,0.4981,1.0,0.4981,1.0,2.0,2.0,0.0,0.0,906.39,0.48,2,8,10,3,11,3,0,0,7,0,32.16
785,35.86,98.12,3,28800.0,0.8897,1.0,0.8897,1.0,3.0,3.0,0.0,0.0,906.39,0.79,2,8,18,3,11,3,0,0,7,0,24.81
812,40.32,101.5,6,28800.0,0.8571,1.0,1.0,1.0,7.0,6.0,0.0,0.0,906.39,0.96,2,8,22,3,11,3,0,1,7,0,20.86
748,37.92,102.84,6,26185.0,0.8226,0.9092,0.9047,1.0,6.0,6.0,0.0,0.0,906.39,1.31,2,8,6,4,11,3,0,0,7,0,12.31
909,33.31,122.89,2,26628.0,0.9246,0.9246,1.0,1.0,2.0,2.0,0.0,0.0,916.7,1.63,2,8,14,4,11,3,0,0,7,0,4.76
802,25.43,107.22,2,26927.0,0.5619,0.935,0.601,1.0,2.0,2.0,0.0,0.0,999.42,2.0,3,8,23,4,11,3,0,1,7,0,177.26
700,18.06,87.5,6,28800.0,0.4343,1.0,0.4343,1.0,6.0,6.0,0.0,0.0,999.42,2.37,3,8,8,5,11,3,1,0,7,0,168.26
702,15.14,87.75,2,28800.0,0.2801,1.0,0.2801,1.0,2.0,2.0,0.0,0.0,999.42,2.65,3,8,14,5,11,3,1,0,7,0,161.71
743,8.73,92.88,5,28800.0,0.2229,1.0,0.2229,1.0,4.0,4.0,0.0,0.0,999.42,3.23,3,8,4,6,11,3,1,1,7,0,147.79
814,27.44,101.75,4,28800.0,0.6345,1.0,0.6345,1.0,4.0,4.0,0.0,0.0,999.42,3.44,3,8,9,6,11,3,1,0,7,0,142.61
745,33.46,93.12,3,28800.0,0.715,1.0,0.715,1.0,3.0,3.0,0.0,0.0,999.42,3.75,3,8,17,6,11,3,1,0,7,0,135.29
653,24.68,81.62,5,28800.0,0.3777,1.0,0.4532,1.0,6.0,5.0,0.0,0.0,999.42,4.4,3,8,8,0,12,3,0,0,7,0,119.68
536,28.31,67.0,5,28800.0,0.397,1.0,0.397,1.0,5.0,5.0,0.0,0.0,999.42,4.62,2,8,14,0,12,3,0,0,7,0,114.36
849,16.56,106.12,5,28800.0,0.4616,1.0,0.4616,1.0,5.0,5.0,0.0,0.0,999.42,5.21,2,8,4,1,12,3,0,1,7,0,100.31
605,37.69,86.81,6,25715.625,0.598,0.8929374999999999,0.6865,1.0,6.0,6.0,0.0,0.0,999.42,5.48,2,9,10,1,12,3,0,0,7,0,93.63
762,27.14,110.35,2,25715.625,0.5918,0.8929374999999999,0.6857,1.0,2.0,2.0,0.0,0.0,1092.92,0.37,2,9,19,1,12,3,0,0,7,0,84.58
715,36.53,111.7,5,25715.625,0.7215,0.8929374999999999,0.9017,1.0,8.0,8.0,0.0,0.0,1092.92,0.62,1,9,1,2,12,3,0,1,7,0,78.66
785,50.34,98.12,3,28800.0,0.75,1.0,1.0,1.0,4.0,3.0,0.0,0.0,1092.92,0.92,1,9,9,2,12,3,0,0,7,0,71.34
760,26.41,95.0,3,28800.0,0.612,1.0,0.612,1.0,3.0,3.0,0.0,0.0,1092.92,1.21,1,9,15,2,12,3,0,0,7,0,64.46
781,35.29,97.62,8,28800.0,0.7124,1.0,0.7124,1.0,2.0,2.0,0.0,0.0,1092.92,1.62,1,9,1,3,12,3,0,1,7,0,54.56
875,38.38,109.38,2,28800.0,0.9084,1.0,0.9084,1.0,2.0,2.0,0.0,0.0,1092.92,1.81,1,9,6,3,12,3,0,0,7,0,50.08
784,16.73,98.0,4,28800.0,0.4293,1.0,0.4293,1.0,4.0,4.0,0.0,0.0,1092.92,2.25,1,9,16,3,12,3,0,0,7,0,39.39
701,45.5,87.62,2,28800.0,0.9658,1.0,0.9658,1.0,4.0,3.0,0.0,0.0,1092.92,2.61,1,9,1,4,12,3,0,1,7,0,30.94
725,20.5,90.62,3,28800.0,0.4292,1.0,0.4292,1.0,3.0,3.0,0.0,0.0,1092.92,3.0,1,9,10,4,12,3,0,0,7,0,21.59
731,25.42,91.38,5,28800.0,0.6173,1.0,0.6173,1.0,5.0,5.0,0.0,0.0,1092.92,3.15,1,9,14,4,12,3,0,0,7,0,17.86
702,12.77,87.75,3,28800.0,0.2185,1.0,0.2913,1.0,1.0,1.0,0.0,0.0,1092.92,3.68,0,9,3,5,12,3,1,1,7,0,5.23
779,11.14,100.08,4,28022.0,0.2943,0.973,0.3025,1.0,4.0,4.0,0.0,0.0,1153.95,4.34,1,9,18,5,12,3,1,0,7,0,202.03
830,17.8,106.65,1,28017.0,0.4104,0.9728,0.4219,1.0,2.0,2.0,0.0,0.0,1153.95,4.76,1,9,5,6,12,3,1,1,7,0,191.78
837,28.84,104.62,4,28800.0,0.7266,1.0,0.7266,1.0,4.0,4.0,0.0,0.0,1153.95,4.87,1,9,7,6,12,3,1,0,7,0,189.13
703,29.03,87.88,6,28800.0,0.6412,1.0,0.6412,1.0,6.0,6.0,0.0,0.0,1153.95,5.21,1,8,15,6,12,3,1,0,7,0,181.13
714,11.7,89.25,2,28800.0,0.2881,1.0,0.2881,1.0,5.0,5.0,0.0,0.0,1153.95,5.77,1,7,5,0,13,3,0,1,7,0,167.7
728,14.7,115.69,5,25715.625,0.366,0.8929374999999999,0.4653,1.0,5.0,5.0,0.0,0.0,1153.95,6.12,1,7,13,0,13,3,0,0,7,0,159.2
763,43.72,111.47,4,25715.625,0.8556,0.8929374999999999,1.0,1.0,4.0,4.0,0.0,0.0,1153.95,6.27,1,7,17,0,13,3,0,0,7,0,155.55
674,19.89,116.38,5,25715.625,0.359,0.8929374999999999,0.4959,1.0,2.0,2.0,0.0,0.0,1153.95,6.64,1,8,2,1,13,3,0,1,7,0,146.7
767,32.36,95.88,6,28800.0,0.6394,1.0,0.6394,1.0,6.0,6.0,0.0,0.0,1238.09,0.28,1,8,9,1,13,3,0,0,7,0,139.25
790,50.7,98.75,4,28800.0,1.0,1.0,1.0,1.0,4.0,4.0,0.0,0.0,1238.09,0.61,1,8,17,1,13,3,0,0,7,0,131.17
849,43.45,106.12,2,28800.0,1.0,1.0,1.0,1.0,2.0,2.0,0.0,0.0,1238.09,0.82,1,8,22,1,13,3,0,1,7,0,126.33
755,12.77,94.38,2,28800.0,0.3211,1.0,0.3211,1.0,2.0,2.0,0.0,0.0,1238.09,1.23,1,8,8,2,13,3,0,0,7,0,116.35
917,39.32,114.62,4,28800.0,1.0,1.0,1.0,1.0,4.0,4.0,0.0,0.0,1238.09,1.49,1,8,14,2,13,3,0,0,7,0,110.22
854,40.02,106.75,7,28800.0,1.0,1.0,1.0,1.0,3.0,3.0,0.0,0.0,1238.09,1.91,1,7,0,3,13,3,0,1,7,0,100.08
879,19.51,109.88,6,28800.0,0.5665,1.0,0.5665,1.0,6.0,6.0,0.0,0.0,1238.09,2.33,1,7,10,3,13,3,0,0,7,0,90.1
852,18.32,106.5,4,28800.0,0.4018,1.0,0.5023,1.0,5.0,4.0,0.0,0.0,1238.09,2.77,1,7,21,3,13,3,0,0,7,0,79.32
843,37.14,105.38,3,28800.0,0.9776,1.0,0.9776,1.0,3.0,3.0,0.0,0.0,1238.09,2.89,1,7,0,4,13,3,0,1,7,0,76.53
754,25.61,100.01,4,27140.0,0.6464,0.9424,0.6859,1.0,4.0,4.0,0.0,0.0,1238.09,3.2,1,7,7,4,13,3,0,0,7,0,69.2
906,15.59,122.91,2,26537.0,0.4389,0.9214,0.4763,1.0,2.0,2.0,0.0,0.0,1238.09,3.52,1,7,15,4,13,3,0,0,7,0,61.47
828,18.13,114.11,3,26122.0,0.4387,0.907,0.4837,1.0,2.0,2.0,0.0,0.0,1274.58,0.29,1,8,5,5,13,3,1,1,7,0,47.95
667,18.35,83.38,5,28800.0,0.3111,1.0,0.3733,1.0,6.0,5.0,0.0,0.0,1274.58,0.5,0,8,10,5,13,3,1,0,7,0,42.85
793,27.39,99.12,3,28800.0,0.6539,1.0,0.6539,1.0,3.0,3.0,0.0,0.0,1274.58,0.95,0,8,20,5,13,3,1,0,7,0,32.0
708,24.12,88.5,2,28800.0,0.5371,1.0,0.5371,1.0,8.0,8.0,0.0,0.0,1274.58,1.11,0,8,0,6,13,3,1,1,7,0,28.3
634,18.14,83.41,4,27363.0,0.2536,0.9501,0.3336,1.0,5.0,4.0,0.0,0.0,1296.91,1.41,0,8,8,6,13,3,1,0,7,0,20.92
710,18.76,90.8,8,28151.0,0.3454,0.9775,0.3533,1.0,1.0,1.0,0.0,0.0,1296.91,2.23,0,8,3,0,14,3,0,1,7,0,1.28
794,33.43,105.83,2,27010.0,0.889,0.9378,0.948,1.0,2.0,2.0,0.0,0.0,1315.78,2.52,1,8,10,0,14,3,0,0,7,0,278.51
756,36.59,102.1,2,26655.0,0.829,0.9255,0.8957,1.0,2.0,2.0,0.0,0.0,1315.78,2.79,1,8,17,0,14,3,0,0,7,0,272.1
614,32.01,80.6,1,27423.0,0.5857,0.9522,0.6151,1.0,5.0,4.0,0.0,0.0,1315.78,3.13,1,8,1,1,14,3,0,1,7,0,263.76
869,16.2,114.08,3,27422.0,0.2921,0.9522,0.5112,1.0,5.0,3.0,0.0,0.0,1437.93,0.46,1,8,13,1,14,3,0,0,7,0,251.33
801,12.42,104.63,2,27560.0,0.3301,0.9569,0.345,1.0,2.0,2.0,0.0,0.0,1437.93,0.47,1,8,14,1,14,3,0,0,7,0,251.01
823,10.37,106.46,4,27830.0,0.1952,0.9663,0.2525,1.0,5.0,5.0,0.0,0.0,1437.93,1.12,1,8,5,2,14,4,0,1,7,0,235.3
678,11.04,84.75,2,28800.0,0.2253,1.0,0.2253,1.0,2.0,2.0,0.0,0.0,1437.93,1.28,1,8,9,2,14,4,0,0,7,0,231.65
721,17.99,90.12,2,28800.0,0.369,1.0,0.369,1.0,2.0,2.0,0.0,0.0,1437.93,1.57,1,8,16,2,14,4,0,0,7,0,224.6
694,29.0,86.75,5,28800.0,0.5352,1.0,0.5352,1.0,2.0,2.0,0.0,0.0,1437.93,1.96,1,8,1,3,14,4,0,1,7,0,215.3
586,24.13,73.25,2,28800.0,0.2501,1.0,0.3752,1.0,3.0,2.0,0.0,0.0,1437.93,2.38,1,8,11,3,14,4,0,0,7,0,205.26
684,19.86,85.5,2,28800.0,0.2647,1.0,0.3971,1.0,3.0,2.0,0.0,0.0,1437.93,2.71,1,8,19,3,14,4,0,0,7,0,197.28
782,22.99,97.75,2,28800.0,0.6063,1.0,0.6063,1.0,4.0,4.0,0.0,0.0,1437.93,2.91,1,8,0,4,14,4,0,1,7,0,192.48
673,29.39,84.12,6,28800.0,0.6237,1.0,0.6237,1.0,6.0,6.0,0.0,0.0,1437.93,3.33,1,8,10,4,14,4,0,0,7,0,182.46
875,15.41,109.38,5,28800.0,0.3868,1.0,0.3868,1.0,5.0,5.0,0.0,0.0,1437.93,3.48,1,8,14,4,14,4,0,0,7,0,178.85
893,36.39,111.62,4,28800.0,0.9659,1.0,0.9659,1.0,4.0,4.0,0.0,0.0,1437.93,3.97,1,8,2,5,14,4,1,1,7,0,167.1
793,43.95,99.12,5,28800.0,1.0,1.0,1.0,1.0,5.0,5.0,0.0,0.0,1437.93,4.26,1,8,9,5,14,4,1,0,7,0,159.95
777,25.52,97.12,4,28800.0,0.5126,1.0,0.5126,1.0,4.0,4.0,0.0,0.0,1437.93,4.9,1,7,0,6,14,4,1,1,7,0,144.76
722,21.69,111.08,2,25715.625,0.4442,0.8929374999999999,0.5467,1.0,2.0,2.0,0.0,0.0,1437.93,5.21,1,8,7,6,14,4,1,0,7,0,137.28
811,13.2,116.6,5,25715.625,0.3266,0.8929374999999999,0.3757,1.0,5.0,5.0,0.0,0.0,1461.33,0.38,1,8,17,6,14,4,1,0,7,0,128.03
720,17.97,105.35,2,25715.625,0.3473,0.8929374999999999,0.4065,1.0,2.0,2.0,0.0,0.0,1461.33,1.09,0,8,10,0,15,4,0,0,7,0,111.03
902,34.1,153.26,6,25715.625,0.7357,0.8929374999999999,1.0,1.0,6.0,6.0,0.0,0.0,1570.41,0.22,0,8,17,0,15,4,0,0,7,0,103.73
753,44.25,120.21,2,25715.625,0.783,0.8929374999999999,1.0,1.0,3.0,3.0,0.0,0.0,1570.41,0.74,0,7,5,1,15,4,0,1,7,0,91.38
807,52.31,100.88,5,28800.0,1.0,1.0,1.0,1.0,5.0,5.0,0.0,0.0,1570.41,0.92,0,7,10,1,15,4,0,0,7,0,87.0
697,28.95,87.12,5,28800.0,0.5905,1.0,0.5905,1.0,5.0,5.0,0.0,0.0,1570.41,1.33,0,7,20,1,15,4,0,0,7,0,77.06
735,12.35,91.88,3,28800.0,0.2715,1.0,0.2715,1.0,4.0,4.0,0.0,0.0,1570.41,1.5,0,7,0,2,15,4,0,1,7,0,73.0
813,15.14,101.62,4,28800.0,0.3554,1.0,0.3554,1.0,4.0,4.0,0.0,0.0,1570.41,1.89,0,7,9,2,15,4,0,0,7,0,63.61
882,10.22,110.25,2,28800.0,0.2481,1.0,0.2481,1.0,2.0,2.0,0.0,0.0,1570.41,2.16,0,7,15,2,15,4,0,0,7,0,57.18
644,43.15,80.5,4,28800.0,0.8148,1.0,0.8148,1.0,5.0,5.0,0.0,0.0,1570.41,2.54,0,7,0,3,15,4,0,1,7,0,48.13
678,32.19,84.75,4,28800.0,0.5958,1.0,0.5958,1.0,4.0,4.0,0.0,0.0,1570.41,2.78,0,7,6,3,15,4,0,0,7,0,42.26
730,35.47,91.25,3,28800.0,0.6925,1.0,0.6925,1.0,3.0,3.0,0.0,0.0,1570.41,3.23,0,7,17,3,15,4,0,0,7,0,31.53
885,28.04,110.62,5,28800.0,0.8318,1.0,0.8318,1.0,5.0,4.0,0.0,0.0,1570.41,3.57,0,7,1,4,15,4,0,1,7,0,23.35
719,34.08,89.88,5,28800.0,0.8121,1.0,0.8121,1.0,5.0,5.0,0.0,0.0,1570.41,3.89,0,7,9,4,15,4,0,0,7,0,15.83
723,39.9,90.38,2,28800.0,0.9065,1.0,0.9065,1.0,2.0,2.0,0.0,0.0,1570.41,4.25,0,7,18,4,15,4,0,0,7,0,7.11
806,34.81,100.75,4,28800.0,0.7545,1.0,0.9431,1.0,4.0,4.0,0.0,0.0,1570.41,4.53,0,6,0,5,15,4,1,1,7,0,0.25
721,41.69,92.28,5,28126.0,0.857,0.9766,0.8775,1.0,5.0,5.0,0.0,0.0,1656.61,5.05,1,6,13,5,15,4,1,0,7,0,160.1
813,14.14,106.01,4,27610.0,0.3918,0.9587,0.4087,1.0,4.0,4.0,0.0,0.0,1656.61,5.19,1,6,16,5,15,4,1,0,7,0,156.6
724,17.42,94.61,4,27550.0,0.4206,0.9566,0.4397,1.0,2.0,1.0,0.0,0.0,1656.61,5.58,1,6,1,6,15,4,1,1,7,0,147.4
630,30.46,78.75,5,28800.0,0.555,1.0,0.555,1.0,5.0,5.0,0.0,0.0,1656.61,5.87,1,6,8,6,15,4,1,0,7,0,140.33
911,17.89,113.88,6,28800.0,0.5621,1.0,0.5621,1.0,6.0,6.0,0.0,0.0,1656.61,6.15,1,6,15,6,15,4,1,0,7,0,133.58
703,43.1,87.88,1,28800.0,0.4531,1.0,0.9061,1.0,4.0,4.0,0.0,0.0,1656.61,6.63,1,6,3,0,16,4,0,1,7,0,122.18
736,17.73,92.0,3,28800.0,0.3562,1.0,0.3562,1.0,3.0,3.0,0.0,0.0,1656.61,6.78,1,6,6,0,16,4,0,0,7,0,118.6
839,16.7,104.88,3,28800.0,0.4408,1.0,0.4408,1.0,3.0,3.0,0.0,0.0,1656.61,7.23,1,6,17,0,16,4,0,0,7,0,107.75
633,42.74,104.55,3,25715.625,0.7568,0.8929374999999999,1.0,1.0,3.0,3.0,0.0,0.0,1656.61,7.82,1,6,7,1,16,4,0,0,7,0,93.65
820,11.23,131.23,6,25715.625,0.3086,0.8929374999999999,0.3951,1.0,6.0,6.0,0.0,0.0,1656.61,8.23,1,7,17,1,16,4,0,0,7,0,83.81
792,24.68,125.44,4,25715.625,0.5359,0.8929374999999999,0.8488,1.0,5.0,5.0,0.0,0.0,1721.7,0.22,1,7,1,2,16,4,0,1,7,0,75.68
823,11.95,102.88,3,28800.0,0.3166,1.0,0.3166,1.0,3.0,3.0,0.0,0.0,1721.7,0.42,1,7,6,2,16,4,0,0,7,0,70.8
697,37.63,87.12,5,28800.0,0.7333,1.0,0.7333,1.0,5.0,5.0,0.0,0.0,1721.7,1.04,1,7,21,2,16,4,0,0,7,0,56.03
860,31.95,107.5,5,28800.0,0.8794,1.0,0.8794,1.0,3.0,3.0,0.0,0.0,1721.7,1.23,1,7,1,3,16,4,0,1,7,0,51.4
671,12.29,83.88,5,28800.0,0.2213,1.0,0.2213,1.0,5.0,5.0,0.0,0.0,1721.7,1.64,1,6,11,3,16,4,0,0,7,0,41.51
688,25.44,86.0,2,28800.0,0.6053,1.0,0.6053,1.0,2.0,2.0,0.0,0.0,1721.7,1.99,1,6,20,3,16,4,0,0,7,0,33.25
773,42.66,96.62,3,28800.0,0.8484,1.0,0.8484,1.0,1.0,0.0,0.0,0.0,1721.7,2.23,1,6,1,4,16,4,0,1,7,0,27.48
802,36.91,126.0,3,25715.625,0.7956,0.8929374999999999,1.0,1.0,3.0,3.0,0.0,0.0,1721.7,2.72,1,7,13,4,16,4,0,0,7,0,15.8
847,19.11,123.55,4,25715.625,0.49,0.8929374999999999,0.5718,1.0,4.0,4.0,0.0,0.0,1734.09,0.19,1,7,21,4,16,4,0,0,7,0,7.95
892,42.11,124.8,0,25731.0,0.0,0.8934,1.0,1.0,3.0,3.0,0.0,0.0,1734.09,0.47,0,7,4,5,16,4,1,1,7,0,1.03
852,18.24,118.26,2,25935.0,0.4298,0.9005,0.4773,1.0,2.0,2.0,0.0,0.0,1912.62,0.76,1,7,11,5,16,4,1,0,7,0,259.82
761,11.46,102.4,4,26754.0,0.2473,0.929,0.2662,1.0,4.0,4.0,0.0,0.0,1912.62,0.95,1,7,15,5,16,4,1,0,7,0,255.28
603,29.39,79.86,3,27184.0,0.5211,0.9439,0.5521,1.0,3.0,3.0,0.0,0.0,1912.62,1.23,1,7,22,5,16,4,1,1,7,0,248.5
787,26.2,98.38,2,28800.0,0.6821,1.0,0.6821,1.0,2.0,2.0,0.0,0.0,1912.62,1.58,1,7,6,6,16,4,1,0,7,0,240.08
735,43.42,91.88,2,28800.0,0.917,1.0,0.917,1.0,2.0,2.0,0.0,0.0,1912.62,2.12,1,7,19,6,16,4,1,0,7,0,227.17
779,31.49,97.38,6,28800.0,0.6386,1.0,0.6386,1.0,4.0,3.0,0.0,0.0,1912.62,2.39,1,7,2,0,17,4,0,1,7,0,220.82
832,21.09,104.0,5,28800.0,0.4547,1.0,0.4547,1.0,5.0,5.0,0.0,0.0,1912.62,2.73,1,7,10,0,17,4,0,0,7,0,212.65
822,37.2,102.75,2,28800.0,0.8408,1.0,0.8408,1.0,2.0,2.0,0.0,0.0,1912.62,2.92,1,7,14,0,17,4,0,0,7,0,208.13
765,41.1,95.62,3,28800.0,0.6628,1.0,0.8837,1.0,4.0,3.0,0.0,0.0,1912.62,3.26,1,7,23,0,17,4,0,1,7,0,199.82
859,49.46,107.38,4,28800.0,0.8,1.0,1.0,1.0,5.0,4.0,0.0,0.0,1912.62,3.79,1,7,11,1,17,4,0,0,7,0,187.12
583,43.78,72.88,2,28800.0,0.7041,1.0,0.7041,1.0,2.0,2.0,0.0,0.0,1912.62,3.96,1,7,15,1,17,4,0,0,7,0,183.15
811,13.58,101.38,3,28800.0,0.2484,1.0,0.3312,1.0,4.0,4.0,0.0,0.0,1912.62,4.54,1,7,5,2,17,4,0,1,7,0,169.22
758,50.7,94.75,4,28800.0,0.9888,1.0,0.9888,1.0,4.0,4.0,0.0,0.0,1912.62,4.71,1,7,9,2,17,4,0,0,7,0,165.15
801,26.62,100.12,3,28800.0,0.5707,1.0,0.5707,1.0,3.0,3.0,0.0,0.0,1912.62,5.17,1,7,20,2,17,4,0,0,7,0,153.98
670,12.13,83.75,4,28800.0,0.2661,1.0,0.2661,1.0,3.0,2.0,0.0,0.0,1912.62,5.51,1,6,5,3,17,4,0,1,7,0,145.93
766,35.42,95.75,3,28800.0,0.9386,1.0,0.9386,1.0,3.0,3.0,0.0,0.0,1912.62,5.69,1,6,9,3,17,4,0,0,7,0,141.62
768,39.04,96.0,4,28800.0,1.0,1.0,1.0,1.0,4.0,4.0,0.0,0.0,1912.62,6.13,1,6,20,3,17,4,0,0,7,0,130.93
773,17.29,96.62,2,28800.0,0.3026,1.0,0.4539,1.0,3.0,2.0,0.0,0.0,1912.62,6.28,1,6,23,3,17,4,0,1,7,0,127.33
660,11.84,82.5,4,28800.0,0.253,1.0,0.253,1.0,4.0,4.0,0.0,0.0,1912.62,6.72,1,6,10,4,17,4,0,0,7,0,116.85
692,18.35,86.5,4,28800.0,0.3513,1.0,0.3513,1.0,4.0,4.0,0.0,0.0,1912.62,7.18,1,6,21,4,17,4,0,0,7,0,105.83
792,50.1,99.0,6,28800.0,1.0,1.0,1.0,1.0,5.0,5.0,0.0,0.0,1912.62,7.36,1,6,1,5,17,4,1,1,7,0,101.38
701,19.29,91.15,1,27686.0,0.1757,0.9613,0.3656,1.0,2.0,1.0,0.0,0.0,1912.62,7.58,0,6,6,5,17,4,1,0,7,0,96.08
650,38.94,85.34,4,27421.0,0.7563,0.9521,0.7943,1.0,4.0,4.0,0.0,0.0,1997.13,0.07,0,7,20,5,17,4,1,0,7,0,82.87
709,13.82,92.56,5,27575.0,0.2964,0.9575,0.3096,1.0,5.0,5.0,0.0,0.0,1997.13,0.16,0,7,22,5,17,4,1,1,7,0,80.55
585,18.82,73.12,4,28800.0,0.3394,1.0,0.3394,1.0,4.0,4.0,0.0,0.0,1997.13,0.62,0,7,9,6,17,4,1,0,7,0,69.55
850,32.96,106.25,5,28800.0,0.8618,1.0,0.8618,1.0,5.0,5.0,0.0,0.0,1997.13,0.82,0,7,14,6,17,4,1,0,7,0,64.78
755,24.18,94.38,5,28800.0,0.4873,1.0,0.4873,1.0,5.0,5.0,0.0,0.0,1997.13,1.22,0,6,23,6,17,4,1,1,7,0,55.22
740,14.44,92.5,6,28800.0,0.2775,1.0,0.2775,1.0,6.0,6.0,0.0,0.0,1997.13,1.58,0,6,8,0,18,4,0,0,7,0,46.55
687,29.78,85.88,2,28800.0,0.6877,1.0,0.6877,1.0,2.0,2.0,0.0,0.0,1997.13,1.99,0,6,18,0,18,4,0,0,7,0,36.68
672,46.92,84.0,4,28800.0,0.8687,1.0,0.8687,1.0,6.0,6.0,0.0,0.0,1997.13,2.39,0,6,3,1,18,4,0,1,7,0,27.2
757,18.83,94.62,4,28800.0,0.4058,1.0,0.4058,1.0,4.0,4.0,0.0,0.0,1997.13,2.78,0,6,13,1,18,4,0,0,7,0,17.87
881,29.86,110.12,3,28800.0,0.7014,1.0,0.7014,1.0,3.0,3.0,0.0,0.0,1997.13,2.91,0,6,16,1,18,4,0,0,7,0,14.67
770,14.58,96.25,6,28800.0,0.3019,1.0,0.3019,1.0,6.0,6.0,0.0,0.0,1997.13,3.18,0,6,22,1,18,4,0,1,7,0,8.08
692,21.03,102.19,2,25715.625,0.414,0.8929374999999999,0.4891,1.0,2.0,2.0,0.0,0.0,2031.98,3.74,1,6,12,2,18,4,0,0,7,0,33.35
677,32.58,103.42,6,25715.625,0.6225,0.8929374999999999,0.7607,1.0,6.0,6.0,0.0,0.0,2031.98,4.09,1,6,20,2,18,4,0,0,7,0,24.87
730,43.83,118.11,3,25715.625,0.7726,0.8929374999999999,1.0,1.0,5.0,5.0,0.0,0.0,2031.98,4.34,1,5,2,3,18,4,0,1,7,0,18.84
832,21.05,108.82,6,27525.0,0.4636,0.9557,0.4851,1.0,6.0,6.0,0.0,0.0,2031.98,4.76,1,5,12,3,18,4,0,0,7,0,8.9
642,51.61,83.79,1,27584.0,0.4414,0.9578,0.9217,1.0,2.0,1.0,0.0,0.0,2031.98,5.1,1,5,20,3,18,4,0,0,7,0,0.7
610,36.18,80.35,5,27329.0,0.6712,0.9489,0.7073,1.0,5.0,5.0,0.0,0.0,2049.16,5.19,2,5,23,3,18,4,0,1,7,0,420.83
727,15.75,90.88,3,28800.0,0.3855,1.0,0.3855,1.0,3.0,3.0,0.0,0.0,2049.16,5.51,2,5,6,4,18,5,0,0,7,0,413.08
814,19.56,101.75,6,28800.0,0.5022,1.0,0.5022,1.0,6.0,6.0,0.0,0.0,2049.16,6.1,2,6,20,4,18,5,0,0,7,0,399.1
696,19.16,87.0,5,28800.0,0.3884,1.0,0.3884,1.0,2.0,2.0,0.0,0.0,2120.73,6.46,2,6,5,5,18,5,1,1,7,0,390.31
721,40.33,90.12,2,28800.0,0.5556,1.0,0.8334,1.0,3.0,2.0,0.0,0.0,2120.73,6.5,2,6,6,5,18,5,1,0,7,0,389.31
730,8.95,91.25,4,28800.0,0.2114,1.0,0.2114,1.0,4.0,4.0,0.0,0.0,2120.73,6.91,2,6,16,5,18,5,1,0,7,0,379.63
733,37.14,91.62,2,28800.0,0.7564,1.0,0.7564,1.0,6.0,5.0,0.0,0.0,2120.73,7.38,2,6,3,6,18,5,1,1,7,0,368.41
699,38.79,87.38,5,28800.0,0.7146,1.0,0.8575,1.0,6.0,5.0,0.0,0.0,2120.73,7.72,2,6,11,6,18,5,1,0,7,0,360.25
818,41.82,102.25,2,28800.0,0.9007,1.0,0.9007,1.0,2.0,2.0,0.0,0.0,2120.73,7.97,2,6,17,6,18,5,1,0,7,0,354.08
821,30.92,102.62,5,28800.0,0.5528,1.0,0.6634,1.0,3.0,3.0,0.0,0.0,2120.73,8.38,2,6,3,0,19,5,0,1,7,0,344.23
726,29.38,113.69,3,25715.625,0.6751,0.8929374999999999,0.8458,1.0,3.0,3.0,0.0,0.0,2120.73,8.61,2,6,9,0,19,5,0,0,7,0,338.88
661,24.63,101.98,3,25715.625,0.3498,0.8929374999999999,0.5756,1.0,4.0,3.0,0.0,0.0,2120.73,8.81,2,6,14,0,19,5,0,0,7,0,333.86
663,31.3,90.57,3,26354.0,0.5459,0.9151,0.5965,1.0,4.0,3.0,0.0,0.0,2171.31,0.16,2,6,5,1,19,5,0,1,7,0,318.2
631,43.79,78.88,2,28800.0,0.8194,1.0,0.8194,1.0,2.0,2.0,0.0,0.0,2171.31,0.47,2,6,13,1,19,5,0,0,7,0,310.81
755,45.18,94.38,3,28800.0,0.75,1.0,1.0,1.0,4.0,3.0,0.0,0.0,2171.31,0.54,2,6,14,1,19,5,0,0,7,0,309.15
793,9.19,99.12,3,28800.0,0.1688,1.0,0.225,1.0,4.0,3.0,0.0,0.0,2171.31,0.91,2,6,23,1,19,5,0,1,7,0,300.13
706,13.29,88.25,2,28800.0,0.267,1.0,0.267,1.0,2.0,2.0,0.0,0.0,2171.31,1.24,1,5,7,2,19,5,0,0,7,0,292.18
735,31.66,91.88,2,28800.0,0.6901,1.0,0.6901,1.0,2.0,2.0,0.0,0.0,2171.31,1.54,1,5,14,2,19,5,0,0,7,0,285.03
724,19.0,90.5,2,28800.0,0.4241,1.0,0.4241,1.0,3.0,3.0,0.0,0.0,2171.31,2.09,1,5,3,3,19,5,0,1,7,0,271.91
862,24.01,125.01,2,25715.625,0.6836,0.8929374999999999,0.7931,1.0,2.0,2.0,0.0,0.0,2176.08,0.1,1,6,8,3,19,5,0,0,7,0,267.18
840,33.74,119.29,4,25715.625,0.8598,0.8929374999999999,0.9768,1.0,4.0,4.0,0.0,0.0,2336.61,0.61,2,6,20,3,19,5,0,0,7,0,254.9
705,8.45,104.02,3,25715.625,0.1961,0.8929374999999999,0.2315,1.0,4.0,4.0,0.0,0.0,2336.61,0.96,1,6,5,4,19,5,0,1,7,0,246.5
695,11.84,86.88,2,28800.0,0.2317,1.0,0.2317,1.0,2.0,2.0,0.0,0.0,2336.61,1.21,1,6,11,4,19,5,0,0,7,0,240.41
748,13.59,93.5,2,28800.0,0.2631,1.0,0.2631,1.0,2.0,2.0,0.0,0.0,2336.61,1.48,1,6,17,4,19,5,0,0,7,0,233.96
737,25.37,92.12,4,28800.0,0.6369,1.0,0.6369,1.0,4.0,4.0,0.0,0.0,2336.61,1.67,1,6,22,4,19,5,0,1,7,0,229.46
826,31.12,103.25,5,28800.0,0.7669,1.0,0.7669,1.0,5.0,5.0,0.0,0.0,2336.61,2.29,1,6,13,5,19,5,1,0,7,0,214.55
861,22.75,107.62,3,28800.0,0.6224,1.0,0.6224,1.0,3.0,3.0,0.0,0.0,2336.61,2.59,1,6,20,5,19,5,1,0,7,0,207.3
768,33.01,96.0,6,28800.0,0.7507,1.0,0.7507,1.0,6.0,6.0,0.0,0.0,2336.61,2.67,1,6,22,5,19,5,1,1,7,0,205.33
818,10.57,102.25,2,28800.0,0.2352,1.0,0.2352,1.0,2.0,2.0,0.0,0.0,2336.61,3.22,1,6,11,6,19,5,1,0,7,0,192.25
850,47.1,106.25,3,28800.0,1.0,1.0,1.0,1.0,3.0,3.0,0.0,0.0,2336.61,3.49,1,6,18,6,19,5,1,0,7,0,185.66
725,43.23,90.62,2,28800.0,0.8332,1.0,0.8332,1.0,2.0,2.0,0.0,0.0,2336.61,3.73,1,6,23,6,19,5,1,1,7,0,180.03
925,20.91,115.62,2,28800.0,0.5486,1.0,0.5486,1.0,2.0,2.0,0.0,0.0,2336.61,4.0,1,6,6,0,20,5,0,0,7,0,173.41
921,39.58,115.12,4,28800.0,0.9635,1.0,0.9635,1.0,4.0,4.0,0.0,0.0,2336.61,4.63,1,6,21,0,20,5,0,0,7,0,158.38
692,36.47,86.5,3,28800.0,0.6504,1.0,0.6504,1.0,3.0,3.0,0.0,0.0,2336.61,4.66,1,6,22,0,20,5,0,1,7,0,157.56
824,19.81,103.0,2,28800.0,0.4583,1.0,0.4583,1.0,2.0,2.0,0.0,0.0,2336.61,5.21,1,6,11,1,20,5,0,0,7,0,144.35
746,32.22,93.25,5,28800.0,0.7465,1.0,0.7465,1.0,5.0,5.0,0.0,0.0,2336.61,5.46,1,6,17,1,20,5,0,0,7,0,138.56
755,14.84,94.38,2,28800.0,0.3418,1.0,0.3418,1.0,2.0,2.0,0.0,0.0,2336.61,5.95,1,6,5,2,20,5,0,1,7,0,126.63
819,20.42,102.38,4,28800.0,0.4084,1.0,0.5105,1.0,5.0,4.0,0.0,0.0,2336.61,6.3,1,6,13,2,20,5,0,0,7,0,118.28
733,21.7,91.62,2,28800.0,0.4953,1.0,0.4953,1.0,2.0,2.0,0.0,0.0,2336.61,6.59,1,6,20,2,20,5,0,0,7,0,111.21
795,45.05,99.38,2,28800.0,1.0,1.0,1.0,1.0,4.0,4.0,0.0,0.0,2336.61,6.78,1,6,1,3,20,5,0,1,7,0,106.68
857,29.99,124.46,5,25715.625,0.7978,0.8929374999999999,0.9269,1.0,5.0,5.0,0.0,0.0,2416.08,0.15,1,7,10,3,20,5,0,0,7,0,97.68
721,49.35,96.72,4,26835.0,0.9318,0.9318,1.0,1.0,4.0,4.0,0.0,0.0,2416.08,0.52,0,6,19,3,20,5,0,0,7,0,88.81
856,50.62,118.05,4,26104.0,0.9064,0.9064,1.0,1.0,3.0,3.0,0.0,0.0,2416.08,0.88,0,6,3,4,20,5,0,1,7,0,80.15
768,28.16,96.0,3,28800.0,0.6627,1.0,0.6627,1.0,3.0,3.0,0.0,0.0,2416.08,1.06,0,6,8,4,20,5,0,0,7,0,75.68
705,20.65,88.12,2,28800.0,0.424,1.0,0.424,1.0,2.0,2.0,0.0,0.0,2416.08,1.35,0,6,15,4,20,5,0,0,7,0,68.8
812,25.4,101.5,3,28800.0,0.6834,1.0,0.6834,1.0,3.0,3.0,0.0,0.0,2416.08,1.81,0,6,2,5,20,5,1,1,7,0,57.81
723,9.88,90.38,4,28800.0,0.2111,1.0,0.2111,1.0,4.0,4.0,0.0,0.0,2416.08,2.16,0,6,10,5,20,5,1,0,7,0,49.46
756,35.68,94.5,5,28800.0,0.7056,1.0,0.7056,1.0,5.0,5.0,0.0,0.0,2416.08,2.42,0,6,16,5,20,5,1,0,7,0,43.18
678,21.48,84.75,3,28800.0,0.3748,1.0,0.3748,1.0,3.0,3.0,0.0,0.0,2416.08,2.67,0,6,22,5,20,5,1,1,7,0,37.21
653,46.29,104.89,6,25715.625,0.7782,0.8929374999999999,1.0,1.0,6.0,6.0,0.0,0.0,2416.08,3.17,0,6,10,6,20,5,1,0,7,0,25.23
707,53.66,108.18,5,25715.625,0.8169,0.8929374999999999,1.0,1.0,5.0,5.0,0.0,0.0,2433.72,0.14,0,6,21,6,20,5,1,0,7,0,14.28
758,21.32,121.65,5,25715.625,0.5609,0.8929374999999999,0.7201,1.0,8.0,8.0,0.0,0.0,2433.72,0.42,0,6,4,0,21,5,0,1,7,0,7.45
750,24.5,105.5,3,25715.625,0.475,0.8929374999999999,0.7127,1.0,4.0,3.0,0.0,0.0,2433.72,0.7,0,6,11,0,21,5,0,0,7,0,0.86
739,20.65,102.17,5,26040.0,0.4762,0.9042,0.5267,1.0,5.0,5.0,0.0,0.0,2454.78,0.83,1,6,14,0,21,5,0,0,7,0,297.9
698,26.25,91.4,8,27493.0,0.5147,0.9546,0.5392,1.0,1.0,0.0,0.0,0.0,2454.78,1.28,1,6,0,1,21,5,0,1,7,0,287.21
729,35.41,131.17,6,25715.625,0.6947,0.8929374999999999,1.0,1.0,6.0,6.0,0.0,0.0,2454.78,1.56,1,6,7,1,21,5,0,0,7,0,280.46
718,23.19,129.82,3,25715.625,0.4952,0.8929374999999999,0.7162,1.0,3.0,3.0,0.0,0.0,2456.78,1.94,2,7,16,1,21,5,0,0,7,0,271.38
773,29.41,111.61,0,25715.625,0.0,0.8929374999999999,0.7788,1.0,1.0,0.0,0.0,0.0,2646.9,0.2,2,7,23,1,21,5,0,1,7,0,265.03
789,28.62,98.62,5,28800.0,0.6507,1.0,0.6507,1.0,5.0,5.0,0.0,0.0,2646.9,0.51,2,7,6,2,21,5,0,0,7,0,257.55
789,47.77,98.62,6,28800.0,1.0,1.0,1.0,1.0,6.0,6.0,0.0,0.0,2646.9,0.9,2,7,15,2,21,5,0,0,7,0,248.23
787,16.27,98.38,5,28800.0,0.3569,1.0,0.3569,1.0,5.0,5.0,0.0,0.0,2646.9,1.42,2,7,4,3,21,5,0,1,7,0,235.76
777,11.18,97.12,4,28800.0,0.2342,1.0,0.2342,1.0,4.0,4.0,0.0,0.0,2646.9,1.72,2,7,11,3,21,5,0,0,7,0,228.45
847,11.49,105.88,3,28800.0,0.3006,1.0,0.3006,1.0,3.0,3.0,0.0,0.0,2646.9,2.09,2,7,20,3,21,5,0,0,7,0,219.58
925,16.91,115.62,5,28800.0,0.4519,1.0,0.4519,1.0,4.0,4.0,0.0,0.0,2646.9,2.28,2,7,1,4,21,5,0,1,7,0,215.15
732,17.5,91.5,4,28800.0,0.3209,1.0,0.4011,1.0,5.0,4.0,0.0,0.0,2646.9,2.77,2,7,12,4,21,5,0,0,7,0,203.48
735,27.05,91.88,6,28800.0,0.6194,1.0,0.6194,1.0,6.0,6.0,0.0,0.0,2646.9,2.96,2,7,17,4,21,5,0,0,7,0,198.88
690,16.74,86.25,4,28800.0,0.3208,1.0,0.3208,1.0,3.0,3.0,0.0,0.0,2646.9,3.38,2,7,3,5,21,5,1,1,7,0,188.73
722,35.87,90.25,5,28800.0,0.7355,1.0,0.7355,1.0,5.0,5.0,0.0,0.0,2646.9,3.69,2,7,10,5,21,5,1,0,7,0,181.26
925,42.78,115.62,2,28800.0,1.0,1.0,1.0,1.0,2.0,2.0,0.0,0.0,2646.9,4.07,2,7,20,5,21,5,1,0,7,0,172.06
590,27.91,73.75,3,28800.0,0.515,1.0,0.515,1.0,2.0,2.0,0.0,0.0,2646.9,4.27,2,7,0,6,21,5,1,1,7,0,167.48
792,40.48,99.0,4,28800.0,1.0,1.0,1.0,1.0,4.0,4.0,0.0,0.0,2646.9,4.76,2,7,12,6,21,5,1,0,7,0,155.63
747,36.22,93.38,3,28800.0,0.8251,1.0,0.8251,1.0,3.0,3.0,0.0,0.0,2646.9,5.1,2,7,20,6,21,5,1,0,7,0,147.51
652,34.39,81.5,2,28800.0,0.6269,1.0,0.6269,1.0,2.0,2.0,0.0,0.0,2646.9,5.42,2,7,4,0,22,5,0,1,7,0,139.85
813,22.52,101.62,2,28800.0,0.4235,1.0,0.6352,1.0,3.0,2.0,0.0,0.0,2646.9,5.51,2,7,6,0,22,5,0,0,7,0,137.53
703,26.76,87.88,5,28800.0,0.5377,1.0,0.5377,1.0,5.0,5.0,0.0,0.0,2646.9,6.15,1,6,21,0,22,5,0,0,7,0,122.35
925,24.46,115.62,2,28800.0,0.5935,1.0,0.5935,1.0,5.0,4.0,0.0,0.0,2646.9,6.39,1,6,3,1,22,5,0,1,7,0,116.36
751,36.85,93.88,6,28800.0,0.8065,1.0,0.8065,1.0,6.0,6.0,0.0,0.0,2646.9,6.61,1,6,8,1,22,5,0,0,7,0,111.25
773,11.96,96.62,5,28800.0,0.2582,1.0,0.2582,1.0,5.0,5.0,0.0,0.0,2646.9,6.99,0,6,17,1,22,5,0,0,7,0,102.18
742,20.86,92.75,4,28800.0,0.4054,1.0,0.5068,1.0,4.0,4.0,0.0,0.0,2646.9,7.33,0,6,2,2,22,5,0,1,7,0,93.9
653,35.78,102.6,5,25715.625,0.6101,0.8929374999999999,0.9203,1.0,6.0,5.0,0.0,0.0,2646.9,7.76,0,6,12,2,22,5,0,0,7,0,83.68
710,23.59,116.73,4,25715.625,0.5382,0.8929374999999999,0.7079,1.0,4.0,4.0,0.0,0.0,2646.9,7.96,0,7,17,2,22,5,0,0,7,0,78.78
743,32.0,107.4,4,25715.625,0.7817,0.8929374999999999,0.904,1.0,4.0,3.0,0.0,0.0,2722.01,0.19,0,7,1,3,22,5,0,1,7,0,70.53
712,17.27,89.0,6,28800.0,0.4116,1.0,0.4116,1.0,6.0,6.0,0.0,0.0,2722.01,0.64,0,7,12,3,22,5,0,0,7,0,59.78
925,37.09,115.62,3,28800.0,0.9607,1.0,0.9607,1.0,3.0,3.0,0.0,0.0,2722.01,0.95,0,7,19,3,22,5,0,0,7,0,52.41
819,28.98,102.38,3,28800.0,0.4598,1.0,0.6131,1.0,2.0,2.0,0.0,0.0,2722.01,1.14,0,7,0,4,22,5,0,1,7,0,47.75
763,18.39,95.38,3,28800.0,0.4517,1.0,0.4517,1.0,3.0,3.0,0.0,0.0,2722.01,1.64,0,7,12,4,22,5,0,0,7,0,35.75
671,19.01,83.88,6,28800.0,0.3872,1.0,0.3872,1.0,6.0,6.0,0.0,0.0,2722.01,1.73,0,7,14,4,22,5,0,0,7,0,33.66
705,11.13,88.12,2,28800.0,0.2091,1.0,0.2091,1.0,5.0,5.0,0.0,0.0,2722.01,2.34,0,7,5,5,22,5,1,1,7,0,18.98
764,24.03,95.5,3,28800.0,0.5239,1.0,0.5239,1.0,3.0,3.0,0.0,0.0,2722.01,2.69,0,7,13,5,22,5,1,0,7,0,10.58
772,49.75,96.5,6,28800.0,1.0,1.0,1.0,1.0,6.0,6.0,0.0,0.0,2722.01,2.72,0,7,14,5,22,5,1,0,7,0,9.76
807,33.93,100.88,5,28800.0,0.7255,1.0,0.7255,1.0,2.0,2.0,0.0,0.0,2722.01,3.19,1,7,1,6,22,5,1,1,7,0,25.15
769,11.62,109.94,2,25715.625,0.3033,0.8929374999999999,0.3469,1.0,4.0,4.0,0.0,0.0,2746.09,4.28,2,6,3,0,23,6,0,1,7,0,138.69
870,47.94,116.74,3,26828.0,0.9315,0.9315,1.0,1.0,3.0,3.0,0.0,0.0,2883.91,4.58,2,6,10,0,23,6,0,0,7,0,131.49
707,11.58,96.12,5,26479.0,0.2234,0.9194,0.243,1.0,5.0,5.0,0.0,0.0,2883.91,4.9,2,6,18,0,23,6,0,0,7,0,123.72
710,20.5,99.52,4,25715.625,0.4751,0.8929374999999999,0.5327,1.0,5.0,5.0,0.0,0.0,2883.91,5.28,2,6,3,1,23,6,0,1,7,0,114.55
788,49.88,98.5,2,28800.0,1.0,1.0,1.0,1.0,2.0,2.0,0.0,0.0,2883.91,5.5,2,6,8,1,23,6,0,0,7,0,109.35
765,34.22,95.62,4,28800.0,0.7562,1.0,0.7562,1.0,4.0,4.0,0.0,0.0,2883.91,5.96,2,6,20,1,23,6,0,0,7,0,98.29
734,24.28,91.75,5,28800.0,0.5067,1.0,0.5067,1.0,4.0,4.0,0.0,0.0,2883.91,6.16,2,6,0,2,23,6,0,1,7,0,93.52
765,29.65,95.62,3,28800.0,0.7145,1.0,0.7145,1.0,3.0,3.0,0.0,0.0,2883.91,6.7,2,6,13,2,23,6,0,0,7,0,80.55
675,44.45,84.38,2,28800.0,0.8386,1.0,0.8386,1.0,2.0,2.0,0.0,0.0,2883.91,7.02,2,6,21,2,23,6,0,0,7,0,72.84
800,37.74,100.0,4,28800.0,0.9869,1.0,0.9869,1.0,1.0,1.0,0.0,0.0,2883.91,7.17,2,5,1,3,23,6,0,1,7,0,69.3
788,27.03,98.5,4,28800.0,0.7385,1.0,0.7385,1.0,4.0,4.0,0.0,0.0,2883.91,7.54,2,5,9,3,23,6,0,0,7,0,60.42
718,35.24,89.75,4,28800.0,0.8132,1.0,0.8132,1.0,4.0,4.0,0.0,0.0,2883.91,7.93,2,5,19,3,23,6,0,0,7,0,50.9
672,42.02,84.0,1,28800.0,0.8976,1.0,0.8976,1.0,3.0,3.0,0.0,0.0,2883.91,8.19,2,5,1,4,23,6,0,1,7,0,44.74
778,22.11,97.25,3,28800.0,0.4394,1.0,0.5859,1.0,4.0,3.0,0.0,0.0,2883.91,8.59,2,5,11,4,23,6,0,0,7,0,35.04
780,12.03,97.5,4,28800.0,0.3009,1.0,0.3009,1.0,4.0,4.0,0.0,0.0,2883.91,9.0,2,5,21,4,23,6,0,0,7,0,25.24
749,27.84,93.62,3,28800.0,0.6759,1.0,0.6759,1.0,6.0,6.0,0.0,0.0,2883.91,9.19,2,5,1,5,23,6,1,1,7,0,20.79
756,20.74,107.61,6,25715.625,0.4825,0.8929374999999999,0.5494,1.0,6.0,6.0,0.0,0.0,2883.91,9.48,2,4,8,5,23,6,1,0,7,0,13.77
758,35.21,118.72,4,25715.625,0.7981,0.8929374999999999,1.0,1.0,4.0,4.0,0.0,0.0,2883.91,9.76,2,4,15,5,23,6,1,0,7,0,7.05
699,23.7,104.87,6,25715.625,0.5619,0.8929374999999999,0.6744,1.0,3.0,3.0,0.0,0.0,2885.91,10.27,2,4,3,6,23,6,1,1,7,0,43.09
759,35.84,105.05,2,26011.0,0.7013,0.9032,0.7765,1.0,2.0,2.0,0.0,0.0,2905.99,0.24,2,5,12,6,23,6,1,0,7,0,33.7
702,36.55,98.51,3,25715.625,0.7215,0.8929374999999999,0.81,1.0,3.0,3.0,0.0,0.0,2905.99,0.68,2,5,23,6,23,6,1,1,7,0,23.14
636,48.26,93.91,4,25715.625,0.793,0.8929374999999999,0.9367,1.0,4.0,4.0,0.0,0.0,2923.78,0.29,1,6,11,0,24,6,0,0,7,0,11.37
805,18.79,126.94,4,25715.625,0.405,0.8929374999999999,0.5109,1.0,4.0,4.0,0.0,0.0,2923.78,0.69,1,6,20,0,24,6,0,0,7,0,1.77
865,24.12,124.41,4,25715.625,0.6887,0.8929374999999999,0.7924,1.0,7.0,7.0,0.0,0.0,2923.78,0.88,2,6,1,1,24,6,0,1,7,0,45.87
770,18.8,96.25,6,28800.0,0.451,1.0,0.451,1.0,6.0,6.0,0.0,0.0,2969.05,1.38,2,6,13,1,24,6,0,0,7,0,33.79
732,11.95,91.5,3,28800.0,0.1861,1.0,0.2481,1.0,4.0,3.0,0.0,0.0,2969.05,1.6,2,6,18,1,24,6,0,0,7,0,28.54
821,44.02,102.62,7,28800.0,0.9909,1.0,0.9909,1.0,4.0,4.0,0.0,0.0,2969.05,2.01,2,6,4,2,24,6,0,1,7,0,18.76
745,29.53,113.61,5,25715.625,0.6998,0.8929374999999999,0.8537,1.0,5.0,5.0,0.0,0.0,2969.05,2.21,2,6,9,2,24,6,0,0,7,0,13.81
665,14.88,94.68,6,25715.625,0.3417,0.8929374999999999,0.3892,1.0,6.0,6.0,0.0,0.0,2969.05,2.63,2,6,19,2,24,6,0,0,7,0,3.84
814,36.84,122.39,4,25715.625,0.8314,0.8929374999999999,1.0,1.0,4.0,4.0,0.0,0.0,2990.23,3.06,3,6,5,3,24,6,0,1,7,0,55.57
810,22.68,101.25,4,28800.0,0.4084,1.0,0.5105,1.0,5.0,4.0,0.0,0.0,2990.23,3.17,3,6,8,3,24,6,0,0,7,0,52.77
838,43.67,104.75,3,28800.0,1.0,1.0,1.0,1.0,3.0,3.0,0.0,0.0,2990.23,3.65,3,6,19,3,24,6,0,0,7,0,41.27
878,16.98,109.75,4,28800.0,0.4049,1.0,0.4049,1.0,3.0,3.0,0.0,0.0,2990.23,3.83,3,7,0,4,24,6,0,1,7,0,36.91
829,27.85,105.53,2,28281.0,0.5302,0.982,0.8099,1.0,3.0,2.0,0.0,0.0,3026.77,0.4,3,7,10,4,24,6,0,0,7,0,26.94
801,13.88,102.14,2,28232.0,0.2907,0.9803,0.2965,1.0,2.0,2.0,0.0,0.0,3026.77,0.79,3,7,19,4,24,6,0,0,7,0,17.66
783,18.92,99.23,3,28408.0,0.407,0.9864,0.4126,1.0,3.0,3.0,0.0,0.0,3026.77,0.99,3,7,0,5,24,6,1,1,7,0,12.74
746,39.61,106.72,2,25715.625,0.8738,0.8929374999999999,1.0,1.0,2.0,2.0,0.0,0.0,3026.77,1.38,3,6,9,5,24,6,1,0,7,0,3.52
664,16.22,92.21,2,25924.0,0.3587,0.9001,0.3985,1.0,2.0,2.0,0.0,0.0,3211.85,1.73,4,6,18,5,24,6,1,0,7,0,200.06
767,28.29,110.94,3,25715.625,0.6021,0.8929374999999999,0.6967,1.0,3.0,3.0,0.0,0.0,3211.85,1.94,3,6,23,5,24,6,1,1,7,0,194.94
754,27.58,94.25,3,28800.0,0.6192,1.0,0.6192,1.0,3.0,3.0,0.0,0.0,3211.85,2.52,3,6,13,6,24,6,1,0,7,0,181.12
758,39.11,94.75,3,28800.0,0.8312,1.0,0.8312,1.0,3.0,3.0,0.0,0.0,3211.85,2.75,3,6,18,6,24,6,1,0,7,0,175.56
702,45.39,87.75,5,28800.0,0.9077,1.0,0.9077,1.0,4.0,4.0,0.0,0.0,3211.85,3.11,3,6,3,0,25,6,0,1,7,0,166.82
715,42.99,89.38,3,28800.0,0.9739,1.0,0.9739,1.0,3.0,3.0,0.0,0.0,3211.85,3.26,3,6,6,0,25,6,0,0,7,0,163.36
725,35.77,90.62,3,28800.0,0.5254,1.0,0.7006,1.0,4.0,3.0,0.0,0.0,3211.85,3.68,3,6,17,0,25,6,0,0,7,0,153.18
660,15.17,82.5,4,28800.0,0.3458,1.0,0.3458,1.0,7.0,7.0,0.0,0.0,3211.85,4.15,2,6,4,1,25,6,0,1,7,0,141.89
787,41.18,98.38,5,28800.0,0.8501,1.0,0.8501,1.0,5.0,5.0,0.0,0.0,3211.85,4.45,2,6,11,1,25,6,0,0,7,0,134.68
740,37.54,92.5,2,28800.0,0.804,1.0,0.804,1.0,2.0,2.0,0.0,0.0,3211.85,4.67,2,5,16,1,25,6,0,0,7,0,129.49
912,10.64,114.0,7,28800.0,0.317,1.0,0.317,1.0,3.0,3.0,0.0,0.0,3211.85,5.01,2,5,0,2,25,6,0,1,7,0,121.33
721,42.64,90.12,4,28800.0,0.744,1.0,0.93,1.0,5.0,4.0,0.0,0.0,3211.85,5.45,2,5,11,2,25,6,0,0,7,0,110.72
587,34.78,73.38,2,28800.0,0.6196,1.0,0.6196,1.0,2.0,2.0,0.0,0.0,3211.85,5.58,2,5,14,2,25,6,0,0,7,0,107.58
796,18.35,99.5,3,28800.0,0.3977,1.0,0.3977,1.0,4.0,4.0,0.0,0.0,3211.85,6.09,1,5,2,3,25,6,0,1,7,0,95.46
727,36.75,90.88,1,28800.0,0.4138,1.0,0.8277,1.0,2.0,1.0,0.0,0.0,3211.85,6.35,1,5,9,3,25,6,0,0,7,0,89.17
812,12.29,101.5,3,28800.0,0.3,1.0,0.3,1.0,3.0,3.0,0.0,0.0,3211.85,6.7,1,4,17,3,25,6,0,0,7,0,80.79
882,47.12,110.25,4,28800.0,1.0,1.0,1.0,1.0,2.0,1.0,0.0,0.0,3211.85,7.11,1,4,3,4,25,6,0,1,7,0,70.96
925,32.87,115.62,5,28800.0,0.8897,1.0,0.8897,1.0,5.0,5.0,0.0,0.0,3211.85,7.4,1,4,10,4,25,6,0,0,7,0,63.94
710,12.34,88.75,2,28800.0,0.2978,1.0,0.2978,1.0,2.0,2.0,0.0,0.0,3211.85,7.7,1,4,17,4,25,6,0,0,7,0,56.74
754,14.47,94.25,1,28800.0,0.1529,1.0,0.3058,1.0,8.0,8.0,0.0,0.0,3211.85,8.08,1,4,2,5,25,6,1,1,7,0,47.54
842,32.64,105.25,6,28800.0,0.7312,1.0,0.7312,1.0,6.0,6.0,0.0,0.0,3211.85,8.31,1,4,8,5,25,6,1,0,7,0,42.23
728,37.45,91.0,6,28800.0,0.7892,1.0,0.7892,1.0,6.0,6.0,0.0,0.0,3211.85,8.67,0,4,16,5,25,6,1,0,7,0,33.48
651,34.85,81.38,8,28800.0,0.6646,1.0,0.6646,1.0,3.0,3.0,0.0,0.0,3211.85,9.07,0,4,2,6,25,6,1,1,7,0,23.84
699,12.38,90.07,5,27938.0,0.2915,0.9701,0.3005,1.0,5.0,5.0,0.0,0.0,3211.85,9.32,0,4,8,6,25,6,1,0,7,0,17.93
657,41.33,85.2,4,27759.0,0.9032,0.9639,0.937,1.0,4.0,4.0,0.0,0.0,3218.61,9.61,0,5,15,6,25,6,1,0,7,0,10.93
760,40.44,96.79,3,28268.0,0.8903,0.9815,0.9071,1.0,3.0,3.0,0.0,0.0,3225.15,0.18,0,6,23,6,25,6,1,1,7,0,2.31
711,33.77,103.94,5,25715.625,0.709,0.8929374999999999,0.8292,1.0,5.0,5.0,0.0,0.0,3267.38,0.61,1,6,10,0,26,6,0,0,7,0,419.92
704,36.63,104.8,3,25715.625,0.7539,0.8929374999999999,0.8978,1.0,3.0,3.0,0.0,0.0,3267.38,1.06,1,6,21,0,26,6,0,0,7,0,409.28
650,48.55,88.02,6,26584.0,0.7728,0.9231,0.9768,1.0,2.0,2.0,0.0,0.0,3267.38,1.24,1,6,1,1,26,6,0,1,7,0,404.78
685,26.03,89.2,5,27645.0,0.4303,0.9599,0.5379,1.0,6.0,5.0,0.0,0.0,3267.38,1.51,1,6,8,1,26,6,0,0,7,0,398.26
765,41.47,101.84,4,27043.0,0.7417,0.939,0.9873,1.0,5.0,4.0,0.0,0.0,3267.38,1.84,1,6,15,1,26,6,0,0,7,0,390.42
774,28.69,104.02,2,26787.0,0.7297,0.9301,0.7845,1.0,3.0,3.0,0.0,0.0,3282.69,0.07,1,7,2,2,26,6,0,1,7,0,379.81
652,17.3,86.57,4,27114.0,0.3907,0.9415,0.415,1.0,4.0,4.0,0.0,0.0,3282.69,0.37,1,7,9,2,26,6,0,0,7,0,372.48
725,9.47,95.21,5,27414.0,0.1833,0.9519,0.2311,1.0,6.0,5.0,0.0,0.0,3339.66,0.85,2,7,21,2,26,6,0,0,7,0,361.12
598,35.11,77.49,3,27780.0,0.6925,0.9646,0.7179,1.0,3.0,3.0,0.0,0.0,3339.66,0.94,2,7,23,2,26,6,0,1,7,0,358.9
675,35.35,84.38,2,28800.0,0.6642,1.0,0.6642,1.0,2.0,2.0,0.0,0.0,3339.66,1.35,2,7,9,3,26,6,0,0,7,0,349.1
732,46.2,91.5,2,28800.0,0.8743,1.0,0.8743,1.0,2.0,2.0,0.0,0.0,3339.66,1.75,2,7,18,3,26,6,0,0,7,0,339.46
791,39.2,98.88,2,28800.0,0.8402,1.0,0.8402,1.0,2.0,2.0,0.0,0.0,3339.66,1.88,2,7,22,3,26,6,0,1,7,0,336.21
729,38.43,91.12,5,28800.0,0.79,1.0,0.79,1.0,5.0,5.0,0.0,0.0,3339.66,2.32,2,7,8,4,26,6,0,0,7,0,325.83
790,38.24,98.75,2,28800.0,0.8067,1.0,0.8067,1.0,2.0,2.0,0.0,0.0,3339.66,2.8,2,6,20,4,26,6,0,0,7,0,314.17
740,41.0,92.5,4,28800.0,0.9101,1.0,0.9101,1.0,1.0,1.0,0.0,0.0,3339.66,3.13,2,7,3,5,26,6,1,1,7,0,306.38
606,28.26,75.75,4,28800.0,0.4608,1.0,0.4608,1.0,4.0,4.0,0.0,0.0,3377.16,3.47,2,7,12,5,26,6,1,0,7,0,298.21
670,9.51,83.75,3,28800.0,0.1933,1.0,0.1933,1.0,3.0,3.0,0.0,0.0,3377.16,3.8,2,7,20,5,26,6,1,0,7,0,290.2
685,11.76,85.62,1,28800.0,0.2122,1.0,0.2122,1.0,3.0,3.0,0.0,0.0,3377.16,4.14,2,7,4,6,26,6,1,1,7,0,282.1
925,11.73,153.83,3,25715.625,0.2839,0.8929374999999999,0.3777,1.0,3.0,3.0,0.0,0.0,3377.16,4.43,2,7,11,6,26,6,1,0,7,0,275.0
661,34.34,105.26,5,25715.625,0.7476,0.8929374999999999,0.9523,1.0,5.0,5.0,0.0,0.0,3377.16,4.86,2,8,21,6,26,6,1,0,7,0,264.87
804,15.91,121.09,3,25715.625,0.3411,0.8929374999999999,0.411,1.0,4.0,4.0,0.0,0.0,3551.7,0.09,1,8,3,0,27,6,0,1,7,0,259.25
692,20.63,86.5,4,28800.0,0.3878,1.0,0.3878,1.0,4.0,4.0,0.0,0.0,3551.7,0.47,1,8,12,0,27,6,0,0,7,0,250.0
634,21.13,79.25,6,28800.0,0.4464,1.0,0.4464,1.0,6.0,6.0,0.0,0.0,3551.7,0.62,1,8,16,0,27,6,0,0,7,0,246.31
771,26.37,96.38,4,28800.0,0.5418,1.0,0.5418,1.0,3.0,3.0,0.0,0.0,3551.7,1.03,1,8,1,1,27,6,0,1,7,0,236.65
766,16.23,95.75,4,28800.0,0.3122,1.0,0.3902,1.0,5.0,4.0,0.0,0.0,3551.7,1.25,1,8,7,1,27,6,0,0,7,0,231.3
806,11.72,100.75,4,28800.0,0.2452,1.0,0.2452,1.0,4.0,4.0,0.0,0.0,3551.7,1.82,1,8,20,1,27,6,0,0,7,0,217.65
541,25.21,67.62,3,28800.0,0.3768,1.0,0.3768,1.0,2.0,2.0,0.0,0.0,3551.7,1.97,1,8,0,2,27,7,0,1,7,0,213.98
895,23.6,111.88,4,28800.0,0.4997,1.0,0.6246,1.0,5.0,4.0,0.0,0.0,3551.7,2.3,1,8,8,2,27,7,0,0,7,0,206.01
854,45.92,106.75,2,28800.0,1.0,1.0,1.0,1.0,2.0,2.0,0.0,0.0,3551.7,2.77,0,8,19,2,27,7,0,0,7,0,194.75
843,38.94,105.38,2,28800.0,1.0,1.0,1.0,1.0,4.0,4.0,0.0,0.0,3551.7,2.96,0,8,0,3,27,7,0,1,7,0,190.25
651,26.22,81.38,5,28800.0,0.4471,1.0,0.4471,1.0,5.0,5.0,0.0,0.0,3551.7,3.43,0,8,11,3,27,7,0,0,7,0,179.03
697,34.34,87.12,5,28800.0,0.7241,1.0,0.7241,1.0,5.0,5.0,0.0,0.0,3551.7,3.8,0,8,20,3,27,7,0,0,7,0,170.0
743,37.78,92.88,4,28800.0,0.8147,1.0,0.8147,1.0,4.0,4.0,0.0,0.0,3551.7,3.95,0,8,23,3,27,7,0,1,7,0,166.5
642,51.85,80.25,5,28800.0,0.8627,1.0,0.8627,1.0,5.0,5.0,0.0,0.0,3551.7,4.43,0,8,11,4,27,7,0,0,7,0,155.1
761,13.94,95.12,1,28800.0,0.1537,1.0,0.3073,1.0,2.0,1.0,0.0,0.0,3551.7,4.76,0,8,19,4,27,7,0,0,7,0,146.97
580,32.09,72.5,4,28800.0,0.5587,1.0,0.5587,1.0,4.0,4.0,0.0,0.0,3551.7,5.12,0,8,3,5,27,7,1,1,7,0,138.45
616,25.58,77.0,4,28800.0,0.4466,1.0,0.4466,1.0,4.0,4.0,0.0,0.0,3551.7,5.39,0,8,10,5,27,7,1,0,7,0,131.97
673,46.1,84.12,4,28800.0,0.8134,1.0,0.8134,1.0,2.0,2.0,0.0,0.0,3551.7,6.14,0,8,4,6,27,7,1,1,7,0,114.0
709,18.73,88.62,4,28800.0,0.449,1.0,0.449,1.0,4.0,4.0,0.0,0.0,3551.7,6.39,0,8,10,6,27,7,1,0,7,0,107.98
825,38.21,103.12,5,28800.0,0.8342,1.0,0.8342,1.0,5.0,5.0,0.0,0.0,3551.7,6.61,0,8,15,6,27,7,1,0,7,0,102.65
592,24.51,74.0,2,28800.0,0.4409,1.0,0.4409,1.0,2.0,2.0,0.0,0.0,3551.7,7.13,0,8,4,0,28,7,0,1,7,0,90.17
899,33.29,117.26,5,27601.0,0.7271,0.9584,0.9104,1.0,6.0,5.0,0.0,0.0,3612.28,7.53,1,8,13,0,28,7,0,0,7,0,80.53
758,12.5,96.95,4,28147.0,0.291,0.9773,0.2978,1.0,4.0,4.0,0.0,0.0,3612.28,7.66,1,8,16,0,28,7,0,0,7,0,77.38
664,20.27,86.59,2,27607.0,0.38,0.9586,0.3964,1.0,5.0,5.0,0.0,0.0,3612.28,8.08,1,8,2,1,28,7,0,1,7,0,67.45
733,18.48,91.62,5,28800.0,0.4586,1.0,0.4586,1.0,5.0,5.0,0.0,0.0,3612.28,8.45,1,7,11,1,28,7,0,0,7,0,58.45
718,28.86,89.75,5,28800.0,0.7065,1.0,0.7065,1.0,5.0,5.0,0.0,0.0,3612.28,8.77,1,7,19,1,28,7,0,0,7,0,50.85
671,10.59,83.88,5,28800.0,0.2106,1.0,0.2106,1.0,5.0,5.0,0.0,0.0,3612.28,8.98,1,7,0,2,28,7,0,1,7,0,45.68
925,44.79,117.15,5,28424.0,0.9869,0.9869,1.0,1.0,5.0,5.0,0.0,0.0,3612.28,9.26,1,6,7,2,28,7,0,0,7,0,39.02
852,23.02,107.42,6,28553.0,0.5153,0.9914,0.5198,1.0,6.0,6.0,0.0,0.0,3612.28,9.6,1,6,15,2,28,7,0,0,7,0,30.86
907,11.2,114.57,5,28499.0,0.3174,0.9895,0.3208,1.0,2.0,1.0,0.0,0.0,3637.42,10.08,1,6,2,3,28,7,0,1,7,0,19.33
767,42.25,118.06,3,25715.625,0.8121,0.8929374999999999,1.0,1.0,3.0,3.0,0.0,0.0,3637.42,10.24,1,6,6,3,28,7,0,0,7,0,15.58
781,36.69,116.27,2,25715.625,0.8081,0.8929374999999999,0.9625,1.0,2.0,2.0,0.0,0.0,3637.42,10.74,1,6,18,3,28,7,0,0,7,0,3.53
755,30.48,111.44,1,25715.625,0.3028,0.8929374999999999,0.7151,1.0,3.0,3.0,0.0,0.0,3678.0,11.03,2,6,1,4,28,7,0,1,7,0,40.22
715,44.7,89.38,3,28800.0,0.9749,1.0,0.9749,1.0,3.0,3.0,0.0,0.0,3678.0,11.26,2,6,7,4,28,7,0,0,7,0,34.76
752,44.71,94.0,4,28800.0,1.0,1.0,1.0,1.0,4.0,4.0,0.0,0.0,3678.0,11.78,2,6,19,4,28,7,0,0,7,0,22.19
774,19.43,96.75,3,28800.0,0.4703,1.0,0.4703,1.0,3.0,3.0,0.0,0.0,3678.0,11.94,2,6,23,4,28,7,0,1,7,0,18.42
782,43.78,100.76,6,27940.0,0.8838,0.9701,0.911,1.0,6.0,6.0,0.0,0.0,3678.0,12.35,2,6,9,5,28,7,1,0,7,0,8.47
716,36.09,93.32,2,27621.0,0.8028,0.9591,0.837,1.0,2.0,2.0,0.0,0.0,3678.0,12.62,2,6,15,5,28,7,1,0,7,0,2.09
631,20.39,83.18,4,27309.0,0.3501,0.9482,0.3692,1.0,4.0,4.0,0.0,0.0,3738.56,12.94,3,6,23,5,28,7,1,1,7,0,129.86
683,27.41,85.38,1,28800.0,0.2818,1.0,0.5637,1.0,2.0,1.0,0.0,0.0,3738.56,13.37,3,5,9,6,28,7,1,0,7,0,119.74
877,39.99,109.62,4,28800.0,1.0,1.0,1.0,1.0,4.0,4.0,0.0,0.0,3738.56,13.6,3,5,15,6,28,7,1,0,7,0,114.09
694,31.81,86.75,6,28800.0,0.5913,1.0,0.5913,1.0,5.0,5.0,0.0,0.0,3738.56,14.03,3,5,1,0,29,7,0,1,7,0,103.77
802,18.52,100.25,3,28800.0,0.4119,1.0,0.4119,1.0,3.0,3.0,0.0,0.0,3738.56,14.46,2,5,12,0,29,7,0,0,7,0,93.49
732,17.78,91.5,3,28800.0,0.4379,1.0,0.4379,1.0,3.0,3.0,0.0,0.0,3738.56,14.78,2,5,19,0,29,7,0,0,7,0,85.76
663,17.79,82.88,5,28800.0,0.3101,1.0,0.3101,1.0,5.0,3.0,0.0,0.0,3738.56,15.06,2,5,2,1,29,7,0,1,7,0,79.02
746,33.49,95.56,3,28104.0,0.8035,0.9758,0.8234,1.0,3.0,3.0,0.0,0.0,3811.61,0.08,2,6,10,1,29,7,0,0,7,0,71.17
755,22.71,100.53,3,27036.0,0.5253,0.9387,0.5596,1.0,3.0,3.0,0.0,0.0,3811.61,0.25,2,6,14,1,29,7,0,0,7,0,67.09
779,43.48,100.82,3,27816.0,0.5795,0.9658,1.0,1.0,7.0,7.0,0.0,0.0,3811.61,0.7,2,6,1,2,29,7,0,1,7,0,56.14
737,33.75,92.12,6,28800.0,0.8493,1.0,0.8493,1.0,6.0,6.0,0.0,0.0,3811.61,1.09,2,6,10,2,29,7,0,0,7,0,46.91
652,36.88,81.5,6,28800.0,0.7002,1.0,0.7002,1.0,6.0,6.0,0.0,0.0,3811.61,1.23,2,6,14,2,29,7,0,0,7,0,43.44
818,40.84,102.25,7,28800.0,1.0,1.0,1.0,1.0,3.0,3.0,0.0,0.0,3811.61,1.72,2,6,1,3,29,7,0,1,7,0,31.87
741,18.11,92.62,5,28800.0,0.3648,1.0,0.3648,1.0,5.0,5.0,0.0,0.0,3811.61,2.11,2,6,11,3,29,7,0,0,7,0,22.36
815,19.89,101.88,5,28800.0,0.4608,1.0,0.553,1.0,6.0,5.0,0.0,0.0,3811.61,2.24,2,6,14,3,29,7,0,0,7,0,19.19
688,11.19,86.0,3,28800.0,0.2205,1.0,0.2205,1.0,4.0,3.0,0.0,0.0,3811.61,2.75,1,6,2,4,29,7,0,1,7,0,7.06
754,34.91,96.89,2,28016.0,0.7367,0.9728,0.7573,1.0,2.0,2.0,0.0,0.0,3836.96,3.1,2,6,10,4,29,7,0,0,7,0,135.76
742,38.48,95.09,2,28090.0,0.853,0.9753,0.8746,1.0,2.0,2.0,0.0,0.0,3836.96,3.51,2,6,20,4,29,7,0,0,7,0,126.01
662,16.46,86.24,3,27633.0,0.2326,0.9595,0.3232,1.0,3.0,3.0,0.0,0.0,3836.96,3.86,2,6,5,5,29,7,1,1,7,0,117.56
914,35.8,120.09,5,27400.0,0.9045,0.9514,0.9507,1.0,5.0,5.0,0.0,0.0,3860.14,0.37,1,7,21,5,29,7,1,0,7,0,101.13
863,16.98,110.76,3,28050.0,0.3797,0.974,0.3898,1.0,4.0,4.0,0.0,0.0,3860.14,0.69,1,7,5,6,29,7,1,1,7,0,93.43
763,23.95,134.79,5,25715.625,0.5089,0.8929374999999999,0.7192,1.0,5.0,5.0,0.0,0.0,3860.14,0.9,1,7,10,6,29,7,1,0,7,0,88.5
858,27.83,135.35,5,25715.625,0.735,0.8929374999999999,0.9275,1.0,5.0,5.0,0.0,0.0,3865.35,0.15,1,8,19,6,29,7,1,0,7,0,78.98
787,30.54,129.8,4,25715.625,0.7579,0.8929374999999999,1.0,1.0,2.0,2.0,0.0,0.0,3941.45,0.37,1,8,0,0,30,7,0,1,7,0,73.73
699,26.31,87.38,6,28800.0,0.583,1.0,0.583,1.0,6.0,6.0,0.0,0.0,3941.45,0.64,1,8,7,0,30,7,0,0,7,0,67.2
731,38.03,91.38,3,28800.0,0.7873,1.0,0.7873,1.0,3.0,3.0,0.0,0.0,3941.45,1.09,1,8,18,0,30,7,0,0,7,0,56.46
794,42.26,99.25,2,28800.0,1.0,1.0,1.0,1.0,2.0,2.0,0.0,0.0,3941.45,1.27,1,8,22,0,30,7,0,1,7,0,52.28
778,38.93,97.25,2,28800.0,0.8455,1.0,0.8455,1.0,2.0,2.0,0.0,0.0,3941.45,1.7,1,8,8,1,30,7,0,0,7,0,41.96
732,43.78,91.5,4,28800.0,0.9269,1.0,0.9269,1.0,4.0,4.0,0.0,0.0,3941.45,2.03,1,7,16,1,30,7,0,0,7,0,34.03
767,24.0,95.88,5,28800.0,0.5385,1.0,0.5385,1.0,5.0,4.0,0.0,0.0,3941.45,2.39,1,6,1,2,30,7,0,1,7,0,25.31
655,35.59,81.88,5,28800.0,0.5301,1.0,0.6361,1.0,6.0,5.0,0.0,0.0,3941.45,2.89,1,6,13,2,30,7,0,0,7,0,13.36
815,20.06,101.88,2,28800.0,0.5258,1.0,0.5258,1.0,2.0,2.0,0.0,0.0,3941.45,3.17,1,6,20,2,30,7,0,0,7,0,6.61
637,29.56,79.62,4,28800.0,0.4662,1.0,0.5828,1.0,6.0,6.0,0.0,0.0,3941.45,3.48,2,6,3,3,30,7,0,1,7,0,166.28
762,15.36,102.24,6,26831.0,0.3934,0.9316,0.4223,1.0,6.0,6.0,0.0,0.0,3952.68,3.9,2,6,13,3,30,7,0,0,7,0,156.25
696,32.59,97.03,4,25824.0,0.64,0.8967,0.7137,1.0,4.0,4.0,0.0,0.0,3952.68,4.03,2,7,16,3,30,7,0,0,7,0,153.15
737,12.77,99.89,6,26560.0,0.3237,0.9222,0.351,1.0,7.0,7.0,0.0,0.0,4008.82,4.51,2,6,4,4,30,7,0,1,7,0,141.61
690,23.03,86.25,2,28800.0,0.4614,1.0,0.4614,1.0,2.0,2.0,0.0,0.0,4008.82,4.6,2,6,6,4,30,7,0,0,7,0,139.51
783,21.23,97.88,5,28800.0,0.5693,1.0,0.5693,1.0,5.0,5.0,0.0,0.0,4008.82,4.93,1,6,14,4,30,7,0,0,7,0,131.53
657,22.54,82.12,7,28800.0,0.4859,1.0,0.4859,1.0,2.0,2.0,0.0,0.0,4008.82,5.37,1,6,0,5,30,7,1,1,7,0,120.93
765,23.57,95.62,5,28800.0,0.5772,1.0,0.5772,1.0,5.0,5.0,0.0,0.0,4008.82,5.7,1,6,8,5,30,7,1,0,7,0,112.93
802,29.04,100.25,6,28800.0,0.6722,1.0,0.6722,1.0,6.0,6.0,0.0,0.0,4008.82,6.11,1,6,18,5,30,7,1,0,7,0,103.2
679,15.42,84.88,2,28800.0,0.2791,1.0,0.2791,1.0,2.0,2.0,0.0,0.0,4008.82,6.32,1,6,23,5,30,7,1,1,7,0,98.01
720,34.25,107.02,4,25715.625,0.7495,0.8929374999999999,0.8913,1.0,4.0,4.0,0.0,0.0,4052.53,0.19,1,7,12,6,30,7,1,0,7,0,84.95
747,52.35,118.26,5,25715.625,0.7895,0.8929374999999999,1.0,1.0,5.0,5.0,0.0,0.0,4052.53,0.24,1,7,14,6,30,7,1,0,7,0,83.63
834,35.12,131.17,4,25715.625,0.7948,0.8929374999999999,1.0,1.0,4.0,4.0,0.0,0.0,4052.53,0.68,1,7,0,0,31,7,0,1,7,0,73.03
876,41.6,109.5,4,28800.0,1.0,1.0,1.0,1.0,4.0,4.0,0.0,0.0,4052.53,1.01,1,6,8,0,31,7,0,0,7,0,65.11
697,34.25,87.12,3,28800.0,0.7706,1.0,0.7706,1.0,3.0,3.0,0.0,0.0,4052.53,1.33,1,6,16,0,31,7,0,0,7,0,57.56
716,32.56,100.05,3,25764.0,0.6083,0.8946,0.68,1.0,3.0,3.0,0.0,0.0,4096.35,0.11,1,7,8,1,31,7,0,0,7,0,41.15
761,40.37,99.5,5,27534.0,0.956,0.956,1.0,1.0,5.0,5.0,0.0,0.0,4096.35,0.38,1,7,15,1,31,7,0,0,7,0,34.8
714,21.74,96.88,3,26532.0,0.4118,0.9213,0.447,1.0,3.0,3.0,0.0,0.0,4096.35,0.68,1,6,22,1,31,7,0,1,7,0,27.56
777,30.98,97.12,2,28800.0,0.7524,1.0,0.7524,1.0,2.0,2.0,0.0,0.0,4096.35,1.01,1,6,6,2,31,7,0,0,7,0,19.46
760,23.14,95.0,4,28800.0,0.585,1.0,0.585,1.0,4.0,4.0,0.0,0.0,4096.35,1.63,1,6,21,2,31,7,0,0,7,0,4.75
602,24.0,75.25,4,28800.0,0.4028,1.0,0.4028,1.0,4.0,4.0,0.0,0.0,25.13,,0,0,10,6,5,2,1,0,1,1,111.94
645,15.26,80.62,4,28800.0,0.2152,1.0,0.269,1.0,5.0,4.0,0.0,0.0,25.13,,0,0,17,6,5,2,1,0,1,1,104.87
756,20.55,109.13,2,25715.625,0.4809,0.8929374999999999,0.5554,1.0,2.0,2.0,0.0,0.0,40.6,0.07,0,1,7,0,6,2,0,0,1,1,90.97
741,10.36,111.72,5,25715.625,0.2108,0.8929374999999999,0.2542,1.0,5.0,5.0,0.0,0.0,40.6,0.41,0,1,15,0,6,2,0,0,1,1,82.92
688,16.29,97.45,8,25715.625,0.3569,0.8929374999999999,0.4044,1.0,2.0,2.0,0.0,0.0,114.43,0.32,0,2,5,1,6,2,0,1,1,1,68.6
686,18.29,85.75,2,28800.0,0.2341,1.0,0.3511,1.0,3.0,2.0,0.0,0.0,114.43,0.59,0,2,12,1,6,2,0,0,1,1,61.94
730,18.66,91.25,6,28800.0,0.3653,1.0,0.3653,1.0,6.0,6.0,0.0,0.0,114.43,0.79,0,2,16,1,6,2,0,0,1,1,57.22
890,37.53,111.25,2,28800.0,0.9725,1.0,0.9725,1.0,2.0,2.0,0.0,0.0,114.43,1.08,0,2,23,1,6,2,0,1,1,1,50.27
734,8.78,91.75,4,28800.0,0.221,1.0,0.221,1.0,4.0,4.0,0.0,0.0,114.43,1.44,0,2,8,2,6,2,0,0,1,1,41.53
819,27.04,102.38,6,28800.0,0.6145,1.0,0.6145,1.0,6.0,6.0,0.0,0.0,114.43,1.7,0,2,14,2,6,2,0,0,1,1,35.38
668,47.64,83.5,3,28800.0,0.8501,1.0,0.8501,1.0,3.0,3.0,0.0,0.0,114.43,2.03,0,2,22,2,6,2,0,1,1,1,27.54
723,42.08,91.18,3,28547.0,0.8676,0.9912,0.8753,1.0,3.0,3.0,0.0,0.0,114.43,2.44,0,2,8,3,6,2,0,0,1,1,17.6
858,44.75,108.17,5,28555.0,0.8262,0.9915,1.0,1.0,6.0,5.0,0.0,0.0,114.43,2.85,0,2,18,3,6,2,0,0,1,1,7.83
763,49.27,97.02,2,28311.0,0.983,0.983,1.0,1.0,2.0,2.0,0.0,0.0,114.43,3.03,0,2,22,3,6,2,0,1,1,1,3.52
752,23.83,99.22,2,27285.0,0.5123,0.9474,0.5407,1.0,2.0,2.0,0.0,0.0,168.12,3.64,1,2,13,4,6,2,0,0,1,1,126.11
829,26.84,108.1,5,27607.0,0.6696,0.9586,0.6985,1.0,5.0,5.0,0.0,0.0,168.12,3.7,1,2,14,4,6,2,0,0,1,1,124.51
890,20.71,125.46,1,25715.625,0.5785,0.8929374999999999,0.6524,1.0,5.0,5.0,0.0,0.0,168.12,4.13,1,2,1,5,6,2,1,1,1,1,114.19
776,23.21,97.0,6,28800.0,0.4669,1.0,0.4669,1.0,6.0,6.0,0.0,0.0,168.12,4.55,1,2,11,5,6,2,1,0,1,1,104.16
587,15.41,73.38,3,28800.0,0.2368,1.0,0.2368,1.0,3.0,3.0,0.0,0.0,168.12,4.82,1,2,17,5,6,2,1,0,1,1,97.78
852,37.33,106.5,5,28800.0,0.8819,1.0,0.8819,1.0,5.0,5.0,0.0,0.0,168.12,5.19,1,2,2,6,6,2,1,1,1,1,88.93
720,39.58,91.17,6,28430.0,0.7506,0.9872,0.7603,1.0,6.0,6.0,0.0,0.0,251.34,5.52,2,2,10,6,6,2,1,0,1,1,81.01
643,17.67,82.3,2,28128.0,0.363,0.9767,0.3717,1.0,2.0,2.0,0.0,0.0,251.34,5.76,2,2,16,6,6,2,1,0,1,1,75.13
676,22.16,86.29,5,28203.0,0.4695,0.9793,0.4794,1.0,4.0,4.0,0.0,0.0,251.34,6.16,2,2,1,0,7,2,0,1,1,1,65.64
787,37.79,98.38,4,28800.0,0.784,1.0,0.784,1.0,4.0,4.0,0.0,0.0,251.34,6.54,2,2,10,0,7,2,0,0,1,1,56.49
809,35.89,101.12,3,28800.0,0.5981,1.0,0.9969,1.0,5.0,3.0,0.0,0.0,251.34,6.78,2,2,16,0,7,2,0,0,1,1,50.61
672,16.39,84.0,4,28800.0,0.3537,1.0,0.3537,1.0,5.0,4.0,0.0,0.0,251.34,7.12,2,2,0,1,7,2,0,1,1,1,42.58
670,17.75,83.75,5,28800.0,0.3618,1.0,0.3618,1.0,5.0,5.0,0.0,0.0,251.34,7.33,2,2,6,1,7,2,0,0,1,1,37.39
763,22.87,95.38,2,28800.0,0.532,1.0,0.532,1.0,2.0,2.0,0.0,0.0,251.34,7.77,2,2,16,1,7,2,0,0,1,1,26.98
722,36.28,90.25,4,28800.0,0.5611,1.0,0.7014,1.0,3.0,2.0,0.0,0.0,251.34,8.24,2,2,3,2,7,2,0,1,1,1,15.68
607,25.71,98.34,5,25715.625,0.5272,0.8929374999999999,0.6832,1.0,5.0,5.0,0.0,0.0,251.34,8.61,2,2,12,2,7,2,0,0,1,1,6.73
686,44.4,104.63,6,25715.625,0.8195,0.8929374999999999,1.0,1.0,6.0,6.0,0.0,0.0,251.34,8.69,2,2,14,2,7,2,0,0,1,1,4.91
682,49.78,94.69,2,25928.0,0.5905,0.9003,0.9838,1.0,3.0,3.0,0.0,0.0,253.34,9.18,3,2,2,3,7,2,0,1,1,1,223.89
692,20.69,91.94,6,27095.0,0.4666,0.9408,0.496,1.0,6.0,6.0,0.0,0.0,312.5,9.61,3,2,12,3,7,2,0,0,1,1,213.41
735,36.26,103.89,2,25715.625,0.7633,0.8929374999999999,0.8631,1.0,2.0,2.0,0.0,0.0,312.5,9.7,3,2,14,3,7,2,0,0,1,1,211.31
609,10.26,82.52,3,26568.0,0.172,0.9225,0.1864,1.0,3.0,3.0,0.0,0.0,312.5,10.28,2,2,4,4,7,2,0,1,1,1,197.42
655,24.06,81.88,5,28800.0,0.369,1.0,0.4428,1.0,6.0,5.0,0.0,0.0,312.5,10.55,2,2,11,4,7,2,0,0,1,1,190.84
681,17.87,85.12,3,28800.0,0.2699,1.0,0.3599,1.0,4.0,3.0,0.0,0.0,312.5,10.72,2,2,15,4,7,2,0,0,1,1,186.84
625,18.45,78.12,3,28800.0,0.3978,1.0,0.3978,1.0,3.0,3.0,0.0,0.0,312.5,11.08,2,2,23,4,7,2,0,1,1,1,178.32
697,38.14,88.77,2,28265.0,0.8,0.9814,0.8152,1.0,2.0,2.0,0.0,0.0,312.5,11.43,2,2,8,5,7,2,1,0,1,1,169.79
630,31.68,81.53,6,27819.0,0.5882,0.9659,0.609,1.0,6.0,6.0,0.0,0.0,312.5,11.69,2,2,14,5,7,2,1,0,1,1,163.59
629,25.1,80.4,4,28165.0,0.3433,0.978,0.4388,1.0,2.0,2.0,0.0,0.0,392.91,12.13,3,2,1,6,7,2,1,1,1,1,153.09
705,46.26,88.12,5,28800.0,0.8546,1.0,0.8546,1.0,5.0,5.0,0.0,0.0,392.91,12.47,2,2,9,6,7,2,1,0,1,1,144.91
634,43.53,79.25,3,28800.0,0.7826,1.0,0.7826,1.0,3.0,3.0,0.0,0.0,392.91,12.85,2,2,18,6,7,2,1,0,1,1,135.81
655,39.84,81.88,2,28800.0,0.8006,1.0,0.8006,1.0,4.0,4.0,0.0,0.0,392.91,13.29,2,2,5,0,8,2,0,1,1,1,125.12
827,18.23,103.38,5,28800.0,0.4293,1.0,0.4293,1.0,5.0,5.0,0.0,0.0,392.91,13.37,2,2,6,0,8,2,0,0,1,1,123.14
689,28.49,86.12,5,28800.0,0.566,1.0,0.566,1.0,5.0,5.0,0.0,0.0,392.91,13.92,2,2,19,0,8,2,0,0,1,1,110.16
790,36.44,98.75,4,28800.0,0.8849,1.0,0.8849,1.0,1.0,1.0,0.0,0.0,392.91,14.25,2,2,3,1,8,2,0,1,1,1,102.19
766,31.19,95.75,2,28800.0,0.7466,1.0,0.7466,1.0,2.0,2.0,0.0,0.0,392.91,14.36,2,2,6,1,8,2,0,0,1,1,99.54
816,16.33,102.0,6,28800.0,0.3567,1.0,0.3567,1.0,6.0,6.0,0.0,0.0,392.91,14.9,2,2,19,1,8,2,0,0,1,1,86.46
672,31.01,84.0,1,28800.0,0.6776,1.0,0.6776,1.0,3.0,2.0,0.0,0.0,474.2,15.31,3,2,5,2,8,2,0,1,1,1,76.66
760,11.99,96.62,5,28316.0,0.2559,0.9832,0.2603,1.0,5.0,5.0,0.0,0.0,474.2,15.6,3,2,12,2,8,2,0,0,1,1,69.69
827,37.74,105.34,4,28262.0,0.9813,0.9813,1.0,1.0,4.0,4.0,0.0,0.0,474.2,15.91,2,2,19,2,8,2,0,0,1,1,62.41
683,17.6,88.47,2,27793.0,0.2157,0.965,0.3352,1.0,1.0,1.0,0.0,0.0,474.2,16.28,2,2,4,3,8,2,0,1,1,1,53.39
706,46.97,88.25,4,28800.0,0.9737,1.0,0.9737,1.0,4.0,4.0,0.0,0.0,474.2,16.62,2,2,12,3,8,2,0,0,1,1,45.17
744,10.83,93.0,2,28800.0,0.2694,1.0,0.2694,1.0,2.0,2.0,0.0,0.0,474.2,16.89,2,2,19,3,8,2,0,0,1,1,38.76
615,38.37,76.88,1,28800.0,0.6154,1.0,0.6154,1.0,8.0,8.0,0.0,0.0,474.2,17.23,2,2,3,4,8,2,0,1,1,1,30.59
651,31.72,81.38,4,28800.0,0.6345,1.0,0.6345,1.0,4.0,4.0,0.0,0.0,474.2,17.59,2,2,12,4,8,2,0,0,1,1,21.97
757,42.07,94.62,5,28800.0,0.8616,1.0,0.8616,1.0,5.0,5.0,0.0,0.0,474.2,17.72,2,2,15,4,8,2,0,0,1,1,18.76
716,14.08,89.5,8,28800.0,0.27,1.0,0.27,1.0,5.0,5.0,0.0,0.0,474.2,18.22,2,2,3,5,8,2,1,1,1,1,6.77
773,30.55,117.21,5,25715.625,0.7056,0.8929374999999999,0.8559,1.0,5.0,5.0,0.0,0.0,474.2,18.37,2,2,6,5,8,2,1,0,1,1,3.16
763,18.86,110.45,4,25715.625,0.3227,0.8929374999999999,0.4672,1.0,5.0,4.0,0.0,0.0,495.31,18.9,2,2,19,5,8,2,1,0,1,1,14.58
793,35.32,112.4,5,25715.625,0.8263,0.8929374999999999,0.937,1.0,4.0,4.0,0.0,0.0,495.31,19.09,2,2,0,6,8,2,1,1,1,1,9.91
776,15.98,111.06,3,25715.625,0.3468,0.8929374999999999,0.3971,1.0,3.0,3.0,0.0,0.0,495.31,19.5,3,2,10,6,8,2,1,0,1,1,54.42
571,51.42,81.5,2,25715.625,0.7861,0.8929374999999999,0.8977,1.0,2.0,2.0,0.0,0.0,546.39,19.96,3,2,21,6,8,2,1,0,1,1,43.44
739,16.34,114.06,4,25715.625,0.3636,0.8929374999999999,0.4489,1.0,4.0,4.0,0.0,0.0,546.39,20.03,3,2,22,6,8,2,1,1,1,1,41.74
574,18.77,71.75,3,28800.0,0.2922,1.0,0.2922,1.0,3.0,3.0,0.0,0.0,546.39,20.42,3,2,8,0,9,2,0,0,1,1,32.51
680,11.0,85.0,2,28800.0,0.1434,1.0,0.2151,1.0,3.0,2.0,0.0,0.0,546.39,20.86,3,2,18,0,9,2,0,0,1,1,21.87
654,48.61,81.75,4,28800.0,0.8293,1.0,0.8293,1.0,3.0,2.0,0.0,0.0,546.39,21.25,3,2,4,1,9,2,0,1,1,1,12.46
681,35.17,109.96,5,25715.625,0.7742,0.8929374999999999,1.0,1.0,5.0,5.0,0.0,0.0,546.39,21.6,3,2,12,1,9,2,0,0,1,1,4.17
851,32.98,130.83,5,25715.625,0.6776,0.8929374999999999,1.0,1.0,6.0,5.0,0.0,0.0,550.92,21.94,4,2,20,1,9,2,0,0,1,1,2.89
579,18.66,86.52,2,25715.625,0.2469,0.8929374999999999,0.4427,1.0,3.0,2.0,0.0,0.0,622.83,22.32,4,2,5,2,9,2,0,1,1,1,70.0
591,33.75,73.88,1,28800.0,0.1771,1.0,0.5315,1.0,3.0,1.0,0.0,0.0,622.83,22.35,4,2,6,2,9,2,0,0,1,1,69.24
760,38.67,95.0,4,28800.0,0.9885,1.0,0.9885,1.0,4.0,4.0,0.0,0.0,622.83,22.86,4,2,18,2,9,2,0,0,1,1,57.04
763,36.57,95.38,2,28800.0,0.5442,1.0,0.8163,1.0,4.0,4.0,0.0,0.0,622.83,23.29,4,2,4,3,9,2,0,1,1,1,46.87
761,27.63,95.12,2,28800.0,0.6997,1.0,0.6997,1.0,2.0,2.0,0.0,0.0,622.83,23.42,4,2,8,3,9,2,0,0,1,1,43.69
745,11.12,93.12,2,28800.0,0.2644,1.0,0.2644,1.0,2.0,2.0,0.0,0.0,622.83,23.68,4,2,14,3,9,2,0,0,1,1,37.32
746,11.37,93.25,4,28800.0,0.2401,1.0,0.2401,1.0,4.0,4.0,0.0,0.0,622.83,24.01,4,2,22,3,9,2,0,1,1,1,29.5
786,24.34,98.25,5,28800.0,0.5513,1.0,0.5513,1.0,5.0,5.0,0.0,0.0,622.83,24.62,4,2,12,4,9,2,0,0,1,1,14.94
716,19.91,89.5,2,28800.0,0.3995,1.0,0.3995,1.0,2.0,2.0,0.0,0.0,622.83,24.71,4,2,14,4,9,2,0,0,1,1,12.79
782,23.88,97.75,5,28800.0,0.4041,1.0,0.4849,1.0,1.0,1.0,0.0,0.0,624.83,24.783749,5,2,3,5,9,2,1,1,1,1,0.34
844,42.21,141.61,2,25715.625,0.745,0.8929374999999999,1.0,1.0,2.0,2.0,0.0,0.0,631.39,24.783749,6,3,15,5,9,2,1,0,1,1,32.79
777,12.99,157.62,1,25715.625,0.2989,0.8929374999999999,0.4851,1.0,6.0,6.0,0.0,0.0,663.15,0.42,6,3,3,6,9,3,1,1,1,1,21.72
745,35.23,93.12,6,28800.0,0.8601,1.0,0.8601,1.0,6.0,6.0,0.0,0.0,663.15,0.77,5,3,11,6,9,3,1,0,1,1,13.27
772,49.0,96.5,2,28800.0,1.0,1.0,1.0,1.0,2.0,2.0,0.0,0.0,663.15,0.95,5,3,15,6,9,3,1,0,1,1,8.99
665,27.86,83.12,6,28800.0,0.5188,1.0,0.5188,1.0,1.0,1.0,0.0,0.0,663.15,1.35,6,3,1,0,10,3,0,1,1,1,175.73
779,42.27,115.8,2,25715.625,0.8409,0.8929374999999999,1.0,1.0,2.0,2.0,0.0,0.0,745.11,1.62,6,3,7,0,10,3,0,0,1,1,169.45
796,31.08,108.48,4,26416.0,0.6419,0.9172,0.8748,1.0,5.0,4.0,0.0,0.0,745.11,2.04,6,3,18,0,10,3,0,0,1,1,159.18
852,31.06,125.14,1,25715.625,0.6931,0.8929374999999999,0.8145,1.0,8.0,8.0,0.0,0.0,745.11,2.37,6,3,1,1,10,3,0,1,1,1,151.36
685,36.25,85.62,4,28800.0,0.521,1.0,0.6512,1.0,5.0,4.0,0.0,0.0,745.11,2.55,6,3,6,1,10,3,0,0,1,1,147.05
724,50.38,90.5,5,28800.0,0.8031,1.0,0.9638,1.0,6.0,5.0,0.0,0.0,745.11,2.88,6,3,14,1,10,3,0,0,1,1,139.06
742,29.18,92.75,8,28800.0,0.6954,1.0,0.6954,1.0,3.0,3.0,0.0,0.0,745.11,3.39,4,2,2,2,10,3,0,1,1,1,126.91
806,10.93,100.75,2,28800.0,0.2536,1.0,0.2536,1.0,2.0,2.0,0.0,0.0,745.11,3.73,4,2,10,2,10,3,0,0,1,1,118.66
846,12.32,105.75,6,28800.0,0.289,1.0,0.289,1.0,6.0,6.0,0.0,0.0,745.11,4.17,4,1,21,2,10,3,0,0,1,1,108.11
667,29.7,83.38,3,28800.0,0.5746,1.0,0.5746,1.0,5.0,5.0,0.0,0.0,745.11,4.48,4,1,4,3,10,3,0,1,1,1,100.61
501,27.21,65.03,5,27734.0,0.365,0.963,0.4549,1.0,6.0,5.0,0.0,0.0,745.11,4.77,4,1,11,3,10,3,0,0,1,1,93.75
890,34.45,119.96,4,26710.0,0.6798,0.9274,0.9163,1.0,5.0,4.0,0.0,0.0,835.74,5.01,4,1,17,3,10,3,0,0,1,1,88.0
743,30.72,97.25,5,27504.0,0.6006,0.955,0.6289,1.0,6.0,6.0,0.0,0.0,835.74,5.46,4,1,4,4,10,3,0,1,1,1,77.13
767,14.95,95.88,6,28800.0,0.3143,1.0,0.3143,1.0,6.0,6.0,0.0,0.0,835.74,5.78,4,1,11,4,10,3,0,0,1,1,69.55
692,29.55,86.5,5,28800.0,0.674,1.0,0.674,1.0,5.0,5.0,0.0,0.0,835.74,6.04,4,1,17,4,10,3,0,0,1,1,63.28
765,25.45,95.62,6,28800.0,0.502,1.0,0.502,1.0,6.0,6.0,0.0,0.0,835.74,6.24,4,1,22,4,10,3,0,1,1,1,58.48
835,25.91,104.38,4,28800.0,0.7158,1.0,0.7158,1.0,4.0,4.0,0.0,0.0,835.74,6.85,1,1,13,5,10,3,1,0,1,1,43.9
804,38.46,100.5,4,28800.0,0.8018,1.0,0.8018,1.0,4.0,4.0,0.0,0.0,835.74,7.03,1,1,17,5,10,3,1,0,1,1,39.55
697,15.15,87.12,2,28800.0,0.3357,1.0,0.3357,1.0,6.0,6.0,0.0,0.0,835.74,7.46,1,1,4,6,10,3,1,1,1,1,29.16
815,39.67,101.88,6,28800.0,0.903,1.0,0.903,1.0,6.0,6.0,0.0,0.0,835.74,7.64,1,1,8,6,10,3,1,0,1,1,24.88
820,32.96,102.5,2,28800.0,0.935,1.0,0.935,1.0,2.0,2.0,0.0,0.0,835.74,7.89,1,1,14,6,10,3,1,0,1,1,18.96
738,27.65,92.25,6,28800.0,0.6311,1.0,0.6311,1.0,2.0,2.0,0.0,0.0,835.74,8.44,0,1,3,0,11,3,0,1,1,1,5.63
695,38.64,98.74,2,25715.625,0.8731,0.8929374999999999,0.9924,1.0,2.0,2.0,0.0,0.0,835.74,8.56,0,1,6,0,11,3,0,0,1,1,2.78
576,18.19,79.91,5,25948.0,0.2704,0.901,0.3001,1.0,5.0,5.0,0.0,0.0,889.55,9.06,1,1,18,0,11,3,0,0,1,1,231.3
702,30.84,103.06,2,25715.625,0.731,0.8929374999999999,0.8586,1.0,3.0,3.0,0.0,0.0,889.55,9.48,1,1,4,1,11,3,0,1,1,1,221.06
770,31.85,96.25,3,28800.0,0.6836,1.0,0.6836,1.0,3.0,3.0,0.0,0.0,889.55,9.56,1,1,6,1,11,3,0,0,1,1,219.13
809,28.65,101.12,5,28800.0,0.7399,1.0,0.7399,1.0,5.0,5.0,0.0,0.0,889.55,10.13,1,1,20,1,11,3,0,0,1,1,205.48
757,45.97,94.62,3,28800.0,0.9604,1.0,0.9604,1.0,2.0,2.0,0.0,0.0,889.55,10.34,1,1,1,2,11,3,0,1,1,1,200.46
733,33.23,107.73,5,25715.625,0.689,0.8929374999999999,0.9722,1.0,6.0,5.0,0.0,0.0,889.55,10.79,1,1,11,2,11,3,0,0,1,1,189.63
666,42.62,93.9,6,25715.625,0.7983,0.8929374999999999,0.9004,1.0,6.0,6.0,0.0,0.0,958.15,0.01,1,2,21,2,11,3,0,0,1,1,179.98
715,34.33,108.05,2,25715.625,0.8272,0.8929374999999999,1.0,1.0,5.0,4.0,0.0,0.0,958.15,0.14,1,2,0,3,11,3,0,1,1,1,177.01
455,12.32,56.88,5,28800.0,0.1477,1.0,0.1477,1.0,5.0,5.0,0.0,0.0,958.15,0.44,1,2,7,3,11,3,0,0,1,1,169.7
792,21.02,99.0,5,28800.0,0.5497,1.0,0.5497,1.0,5.0,5.0,0.0,0.0,958.15,0.84,1,2,17,3,11,3,0,0,1,1,160.0
731,21.53,91.38,4,28800.0,0.3554,1.0,0.4442,1.0,5.0,5.0,0.0,0.0,958.15,1.22,1,2,2,4,11,3,0,1,1,1,150.9
661,21.05,82.62,6,28800.0,0.3776,1.0,0.3776,1.0,6.0,6.0,0.0,0.0,958.15,1.57,1,2,11,4,11,3,0,0,1,1,142.51
750,38.1,93.75,3,28800.0,0.8172,1.0,0.8172,1.0,3.0,3.0,0.0,0.0,958.15,1.77,1,2,15,4,11,3,0,0,1,1,137.7
761,40.65,95.12,5,28800.0,0.901,1.0,0.901,1.0,5.0,5.0,0.0,0.0,958.15,2.1,1,2,23,4,11,3,0,1,1,1,129.85
821,28.2,104.91,1,28173.0,0.3093,0.9782,0.6324,1.0,2.0,1.0,0.0,0.0,958.15,2.43,1,2,7,5,11,3,1,0,1,1,122.01
498,30.54,64.08,6,27976.0,0.5103,0.9714,0.5253,1.0,6.0,6.0,0.0,0.0,1068.84,2.97,2,2,20,5,11,3,1,0,1,1,108.93
879,11.44,114.65,1,27601.0,0.3388,0.9584,0.3535,1.0,2.0,2.0,0.0,0.0,1068.84,3.21,2,2,2,6,11,3,1,1,1,1,103.16
853,16.3,106.62,3,28800.0,0.425,1.0,0.425,1.0,3.0,3.0,0.0,0.0,1068.84,3.45,2,2,8,6,11,3,1,0,1,1,97.53
671,29.73,83.88,1,28800.0,0.3387,1.0,0.6775,1.0,2.0,1.0,0.0,0.0,1068.84,3.82,2,2,17,6,11,3,1,0,1,1,88.48
829,33.7,103.62,2,28800.0,0.7642,1.0,0.7642,1.0,3.0,3.0,0.0,0.0,1068.84,4.15,2,2,1,0,12,3,0,1,1,1,80.6
734,35.41,91.75,2,28800.0,0.7656,1.0,0.7656,1.0,2.0,2.0,0.0,0.0,1068.84,4.38,2,2,6,0,12,3,0,0,1,1,75.2
768,17.43,96.0,5,28800.0,0.3544,1.0,0.3544,1.0,5.0,5.0,0.0,0.0,1068.84,4.85,1,2,17,0,12,3,0,0,1,1,63.81
776,32.7,97.0,3,28800.0,0.873,1.0,0.873,1.0,6.0,6.0,0.0,0.0,1068.84,5.3,1,2,4,1,12,3,0,1,1,1,53.03
698,22.91,87.25,4,28800.0,0.3484,1.0,0.4355,1.0,5.0,4.0,0.0,0.0,1068.84,5.55,1,2,10,1,12,3,0,0,1,1,47.11
834,39.32,104.25,2,28800.0,1.0,1.0,1.0,1.0,2.0,2.0,0.0,0.0,1068.84,5.9,1,2,18,1,12,3,0,0,1,1,38.76
683,25.82,85.38,6,28800.0,0.5241,1.0,0.5241,1.0,6.0,6.0,0.0,0.0,1068.84,6.31,1,2,4,2,12,3,0,1,1,1,28.81
660,18.48,82.5,4,28800.0,0.4052,1.0,0.4052,1.0,4.0,4.0,0.0,0.0,1068.84,6.58,1,2,11,2,12,3,0,0,1,1,22.36
779,30.42,97.38,5,28800.0,0.795,1.0,0.795,1.0,5.0,5.0,0.0,0.0,1068.84,6.88,1,2,18,2,12,3,0,0,1,1,15.13
726,38.14,90.75,6,28800.0,0.907,1.0,0.907,1.0,2.0,2.0,0.0,0.0,1068.84,7.2,1,2,2,3,12,3,0,1,1,1,7.55
662,42.01,84.5,4,28205.0,0.5838,0.9793,0.7452,1.0,5.0,4.0,0.0,0.0,1199.97,7.53,2,2,10,3,12,3,0,0,1,1,131.09
768,30.52,97.19,3,28446.0,0.6904,0.9877,0.699,1.0,3.0,3.0,0.0,0.0,1199.97,7.75,2,2,15,3,12,3,0,0,1,1,125.84
846,9.81,107.44,2,28346.0,0.2793,0.9842,0.2838,1.0,2.0,2.0,0.0,0.0,1199.97,8.05,2,2,22,3,12,3,0,1,1,1,118.57
712,42.34,89.0,3,28800.0,0.8539,1.0,0.8539,1.0,3.0,3.0,0.0,0.0,1199.97,8.49,2,2,9,4,12,3,0,0,1,1,107.95
790,48.01,98.75,2,28800.0,1.0,1.0,1.0,1.0,2.0,2.0,0.0,0.0,1199.97,9.0,2,2,21,4,12,3,0,0,1,1,95.72
733,33.69,91.62,6,28800.0,0.7152,1.0,0.7152,1.0,2.0,2.0,0.0,0.0,1199.97,9.11,2,2,0,5,12,3,1,1,1,1,93.07
757,28.98,94.62,2,28800.0,0.4045,1.0,0.6067,1.0,3.0,2.0,0.0,0.0,1199.97,9.44,2,2,7,5,12,3,1,0,1,1,85.29
697,44.54,87.12,2,28800.0,0.8045,1.0,0.8045,1.0,2.0,2.0,0.0,0.0,1199.97,9.97,1,2,20,5,12,3,1,0,1,1,72.47
707,22.14,88.38,2,28800.0,0.5398,1.0,0.5398,1.0,3.0,3.0,0.0,0.0,1199.97,10.26,1,2,3,6,12,3,1,1,1,1,65.52
803,22.67,100.38,2,28800.0,0.4815,1.0,0.4815,1.0,2.0,2.0,0.0,0.0,1199.97,10.88,1,2,18,6,12,3,1,0,1,1,50.69
752,18.97,94.0,3,28800.0,0.4609,1.0,0.4609,1.0,3.0,3.0,0.0,0.0,1199.97,11.29,1,2,4,0,13,3,0,1,1,1,40.75
647,22.29,80.88,6,28800.0,0.4558,1.0,0.4558,1.0,6.0,6.0,0.0,0.0,1199.97,11.42,1,2,7,0,13,3,0,0,1,1,37.6
637,41.63,79.62,2,28800.0,0.7505,1.0,0.7505,1.0,2.0,2.0,0.0,0.0,1199.97,11.86,1,2,18,0,13,3,0,0,1,1,27.0
683,15.57,85.38,3,28800.0,0.2846,1.0,0.2846,1.0,3.0,3.0,0.0,0.0,1199.97,12.09,1,2,23,0,13,3,0,1,1,1,21.55
813,12.15,109.19,3,26804.0,0.3082,0.9307,0.3312,1.0,3.0,3.0,0.0,0.0,1199.97,12.51,1,2,9,1,13,3,0,0,1,1,11.49
771,34.31,105.75,4,26246.0,0.9032,0.9113,0.9911,1.0,4.0,4.0,0.0,0.0,1199.97,12.95,1,2,20,1,13,3,0,0,1,1,0.89
571,47.63,74.44,2,27615.0,0.7901,0.9589,0.824,1.0,4.0,4.0,0.0,0.0,1396.58,13.2,2,2,2,2,13,3,0,1,1,1,193.14
857,37.8,107.12,3,28800.0,0.9638,1.0,0.9638,1.0,3.0,3.0,0.0,0.0,1396.58,13.62,2,2,12,2,13,3,0,0,1,1,183.04
687,24.78,85.88,4,28800.0,0.5568,1.0,0.5568,1.0,4.0,4.0,0.0,0.0,1396.58,13.99,2,2,21,2,13,3,0,0,1,1,174.27
874,38.79,109.25,4,28800.0,1.0,1.0,1.0,1.0,4.0,4.0,0.0,0.0,1396.58,14.07,2,2,22,2,13,3,0,1,1,1,172.3
649,35.05,81.12,1,28800.0,0.3798,1.0,0.7596,1.0,2.0,1.0,0.0,0.0,1396.58,14.47,2,2,8,3,13,3,0,0,1,1,162.69
745,41.6,93.12,2,28800.0,0.9807,1.0,0.9807,1.0,2.0,2.0,0.0,0.0,1396.58,14.77,1,2,15,3,13,3,0,0,1,1,155.47
777,42.28,97.12,4,28800.0,0.9686,1.0,0.9686,1.0,5.0,4.0,0.0,0.0,1396.58,15.27,1,2,3,4,13,3,0,1,1,1,143.34
749,14.18,93.62,5,28800.0,0.3344,1.0,0.3344,1.0,5.0,5.0,0.0,0.0,1396.58,15.67,1,2,13,4,13,3,0,0,1,1,133.74
887,26.55,110.88,3,28800.0,0.749,1.0,0.749,1.0,3.0,3.0,0.0,0.0,1396.58,16.02,1,2,21,4,13,3,0,0,1,1,125.45
646,40.27,80.75,4,28800.0,0.6808,1.0,0.851,1.0,5.0,5.0,0.0,0.0,1396.58,16.27,1,2,3,5,13,3,1,1,1,1,119.55
749,39.65,93.62,4,28800.0,0.8637,1.0,0.8637,1.0,4.0,4.0,0.0,0.0,1396.58,16.45,1,2,8,5,13,3,1,0,1,1,115.14
623,37.33,77.88,5,28800.0,0.7069,1.0,0.7069,1.0,5.0,5.0,0.0,0.0,1396.58,17.05,1,2,22,5,13,3,1,1,1,1,100.75
890,27.78,111.25,4,28800.0,0.7757,1.0,0.7757,1.0,4.0,4.0,0.0,0.0,1396.58,17.54,1,2,10,6,13,3,1,0,1,1,89.05
743,13.44,92.88,4,28800.0,0.2704,1.0,0.338,1.0,5.0,4.0,0.0,0.0,1396.58,17.98,1,2,20,6,13,3,1,0,1,1,78.47
717,30.71,89.62,4,28800.0,0.7317,1.0,0.7317,1.0,4.0,4.0,0.0,0.0,1396.58,18.1,1,2,23,6,13,3,1,1,1,1,75.64
816,31.73,102.0,6,28800.0,0.7562,1.0,0.7562,1.0,6.0,6.0,0.0,0.0,1396.58,18.41,1,2,7,0,14,3,0,0,1,1,68.04
651,40.91,81.38,5,28800.0,0.6856,1.0,0.6856,1.0,5.0,5.0,0.0,0.0,1396.58,18.82,1,1,17,0,14,3,0,0,1,1,58.2
671,37.53,83.88,3,28800.0,0.6922,1.0,0.6922,1.0,6.0,6.0,0.0,0.0,1396.58,19.12,1,1,0,1,14,3,0,1,1,1,51.12
725,33.13,90.62,3,28800.0,0.7101,1.0,0.7101,1.0,3.0,3.0,0.0,0.0,1396.58,19.44,1,1,7,1,14,3,0,0,1,1,43.37
631,47.26,78.88,2,28800.0,0.8707,1.0,0.8707,1.0,2.0,2.0,0.0,0.0,1396.58,19.8,1,1,16,1,14,3,0,0,1,1,34.7
680,46.84,85.0,6,28800.0,0.8495,1.0,0.8495,1.0,3.0,3.0,0.0,0.0,1396.58,20.29,0,1,4,2,14,4,0,1,1,1,23.05
803,11.52,100.38,2,28800.0,0.1918,1.0,0.2877,1.0,3.0,2.0,0.0,0.0,1396.58,20.46,0,1,8,2,14,4,0,0,1,1,18.89
679,26.56,84.88,2,28800.0,0.3763,1.0,0.5644,1.0,3.0,2.0,0.0,0.0,1396.58,20.87,0,1,18,2,14,4,0,0,1,1,8.97
808,30.41,101.0,3,28800.0,0.7752,1.0,0.7752,1.0,2.0,2.0,0.0,0.0,1396.58,21.24,0,1,3,3,14,4,0,1,1,1,0.14
721,37.99,93.81,3,27669.0,0.9148,0.9607,0.9522,1.0,3.0,3.0,0.0,0.0,1434.73,21.47,1,1,8,3,14,4,0,0,1,1,38.73
647,24.42,85.61,3,27208.0,0.5401,0.9447,0.5717,1.0,3.0,3.0,0.0,0.0,1434.73,21.79,1,1,16,3,14,4,0,0,1,1,30.95
821,35.19,107.07,2,27604.0,0.9519,0.9585,0.9931,1.0,2.0,2.0,0.0,0.0,1434.73,22.1,1,1,23,3,14,4,0,1,1,1,23.58
699,38.68,133.49,5,25715.625,0.6545,0.8929374999999999,1.0,1.0,5.0,5.0,0.0,0.0,1434.73,22.44,1,1,7,4,14,4,0,0,1,1,15.38
770,13.17,140.37,3,25715.625,0.3479,0.8929374999999999,0.5073,1.0,3.0,3.0,0.0,0.0,1434.73,22.87,1,1,18,4,14,4,0,0,1,1,5.08
678,26.6,124.48,4,25715.625,0.5704,0.8929374999999999,0.8378,1.0,4.0,4.0,0.0,0.0,1436.73,0.05,1,2,22,4,14,4,0,1,1,1,0.8
737,40.14,92.12,4,28800.0,0.824,1.0,0.824,1.0,4.0,4.0,0.0,0.0,1459.33,0.49,2,2,9,5,14,4,1,0,1,1,16.78
811,45.12,101.38,2,28800.0,1.0,1.0,1.0,1.0,2.0,2.0,0.0,0.0,1459.33,0.96,2,2,20,5,14,4,1,0,1,1,5.53
737,43.56,92.12,4,28800.0,0.8296,1.0,0.8296,1.0,4.0,4.0,0.0,0.0,1544.4,1.34,3,2,5,6,14,4,1,1,1,1,83.65
778,32.18,111.08,2,25715.625,0.7105,0.8929374999999999,0.8115,1.0,2.0,2.0,0.0,0.0,1544.4,1.47,3,2,8,6,14,4,1,0,1,1,80.54
601,28.81,82.04,2,26371.0,0.4635,0.9157,0.5062,1.0,2.0,2.0,0.0,0.0,1544.4,1.82,3,2,17,6,14,4,1,0,1,1,72.05
676,37.87,90.97,4,26753.0,0.8248,0.9289,0.8879,1.0,4.0,4.0,0.0,0.0,1544.4,2.25,3,2,3,0,15,4,0,1,1,1,61.85
840,22.05,105.0,3,28800.0,0.6361,1.0,0.6361,1.0,3.0,3.0,0.0,0.0,1544.4,2.59,3,2,11,0,15,4,0,0,1,1,53.57
680,12.92,85.0,4,28800.0,0.2333,1.0,0.2333,1.0,4.0,4.0,0.0,0.0,1544.4,2.78,3,2,15,0,15,4,0,0,1,1,49.12
742,27.15,92.75,4,28800.0,0.6176,1.0,0.6176,1.0,4.0,4.0,0.0,0.0,1544.4,3.67,3,2,13,1,15,4,0,0,1,1,27.77
713,38.81,89.12,5,28800.0,0.8601,1.0,0.8601,1.0,5.0,5.0,0.0,0.0,1544.4,3.87,3,2,18,1,15,4,0,0,1,1,22.82
666,32.75,83.25,1,28800.0,0.1928,1.0,0.5786,1.0,2.0,2.0,0.0,0.0,1544.4,4.15,3,2,0,2,15,4,0,1,1,1,16.17
853,8.64,135.38,6,25715.625,0.2423,0.8929374999999999,0.3076,1.0,6.0,6.0,0.0,0.0,1544.4,4.53,3,2,9,2,15,4,0,0,1,1,7.14
678,24.07,102.87,6,25715.625,0.4935,0.8929374999999999,0.599,1.0,6.0,6.0,0.0,0.0,1554.46,4.98,4,2,20,2,15,4,0,0,1,1,56.7
731,29.04,112.01,2,25715.625,0.6411,0.8929374999999999,0.7859,1.0,3.0,3.0,0.0,0.0,1554.46,5.23,4,2,2,3,15,4,0,1,1,1,50.82
761,25.39,101.35,5,27031.0,0.6657,0.9386,0.7092,1.0,5.0,5.0,0.0,0.0,1554.46,5.37,3,2,6,3,15,4,0,0,1,1,47.39
648,17.88,85.58,3,27258.0,0.2589,0.9465,0.3647,1.0,4.0,3.0,0.0,0.0,1600.1,0.56,3,3,21,3,15,4,0,0,1,1,32.3
676,44.2,89.94,3,27057.0,0.8483,0.9395,0.9029,1.0,3.0,3.0,0.0,0.0,1600.1,0.65,3,3,23,3,15,4,0,1,1,1,30.02
699,34.66,87.38,5,28800.0,0.7349,1.0,0.7349,1.0,5.0,5.0,0.0,0.0,1600.1,1.0,3,3,7,4,15,4,0,0,1,1,21.74
732,13.02,91.5,4,28800.0,0.2216,1.0,0.277,1.0,5.0,4.0,0.0,0.0,1600.1,1.53,3,2,20,4,15,4,0,0,1,1,8.9
711,27.22,88.88,8,28800.0,0.576,1.0,0.576,1.0,1.0,1.0,0.0,0.0,1600.1,1.82,2,2,3,5,15,4,1,1,1,1,2.07
774,11.48,104.6,3,26638.0,0.2553,0.9249,0.276,1.0,3.0,3.0,0.0,0.0,1600.1,1.96,3,2,7,5,15,4,1,0,1,1,289.19
794,29.0,113.66,3,25715.625,0.6793,0.8929374999999999,0.7779,1.0,3.0,3.0,0.0,0.0,1731.09,2.31,3,2,15,5,15,4,1,0,1,1,280.83
619,16.35,88.39,1,25715.625,0.2934,0.8929374999999999,0.3352,1.0,5.0,5.0,0.0,0.0,1731.09,2.75,2,2,1,6,15,4,1,1,1,1,270.39
754,25.42,94.25,4,28800.0,0.5427,1.0,0.5427,1.0,4.0,4.0,0.0,0.0,1731.09,3.43,2,2,18,6,15,4,1,0,1,1,253.98
787,22.95,98.38,5,28800.0,0.5094,1.0,0.5094,1.0,2.0,2.0,0.0,0.0,1731.09,3.8,2,2,3,0,16,4,0,1,1,1,244.96
707,36.15,88.38,5,28800.0,0.773,1.0,0.773,1.0,5.0,5.0,0.0,0.0,1731.09,3.98,2,2,7,0,16,4,0,0,1,1,240.64
644,21.74,80.5,5,28800.0,0.3748,1.0,0.3748,1.0,5.0,5.0,0.0,0.0,1731.09,4.34,2,2,16,0,16,4,0,0,1,1,232.03
748,33.27,93.5,2,28800.0,0.8451,1.0,0.8451,1.0,8.0,8.0,0.0,0.0,1731.09,4.82,2,2,3,1,16,4,0,1,1,1,220.56
724,20.35,90.5,4,28800.0,0.3811,1.0,0.3811,1.0,4.0,4.0,0.0,0.0,1731.09,5.14,2,2,11,1,16,4,0,0,1,1,212.86
638,24.4,79.75,3,28800.0,0.3409,1.0,0.4546,1.0,4.0,3.0,0.0,0.0,1731.09,5.55,2,2,21,1,16,4,0,0,1,1,202.99
667,44.22,83.38,8,28800.0,0.7631,1.0,0.8585,1.0,7.0,7.0,0.0,0.0,1731.09,5.72,2,2,1,2,16,4,0,1,1,1,199.03
644,11.14,80.5,3,28800.0,0.17,1.0,0.2267,1.0,4.0,3.0,0.0,0.0,1731.09,6.22,2,2,13,2,16,4,0,0,1,1,187.01
758,36.77,94.75,6,28800.0,0.892,1.0,0.892,1.0,6.0,6.0,0.0,0.0,1731.09,6.43,1,2,18,2,16,4,0,0,1,1,181.94
761,21.07,95.12,7,28800.0,0.474,1.0,0.474,1.0,5.0,5.0,0.0,0.0,1731.09,6.89,1,2,5,3,16,4,0,1,1,1,170.99
756,48.59,111.31,4,25715.625,0.849,0.8929374999999999,1.0,1.0,4.0,4.0,0.0,0.0,1731.09,7.22,1,2,13,3,16,4,0,0,1,1,162.93
779,35.17,107.17,6,26168.0,0.8009,0.9086,0.8815,1.0,6.0,6.0,0.0,0.0,1731.09,7.26,1,2,14,3,16,4,0,0,1,1,161.98
751,34.14,106.33,5,25715.625,0.7178,0.8929374999999999,0.8131,1.0,1.0,1.0,0.0,0.0,1884.62,0.12,1,3,1,4,16,4,0,1,1,1,150.64
846,26.24,105.75,3,28800.0,0.6016,1.0,0.6016,1.0,3.0,3.0,0.0,0.0,1884.62,0.6,1,3,13,4,16,4,0,0,1,1,139.13
843,15.03,105.38,3,28800.0,0.4391,1.0,0.4391,1.0,3.0,3.0,0.0,0.0,1884.62,0.86,1,3,19,4,16,4,0,0,1,1,132.93
666,19.05,83.25,1,28800.0,0.3381,1.0,0.3381,1.0,6.0,6.0,0.0,0.0,1884.62,1.27,1,3,5,5,16,4,1,1,1,1,123.01
632,20.38,79.0,1,28800.0,0.1868,1.0,0.3737,1.0,2.0,1.0,0.0,0.0,1884.62,1.39,0,3,8,5,16,4,1,0,1,1,120.14
674,10.86,84.25,4,28800.0,0.1563,1.0,0.1954,1.0,5.0,4.0,0.0,0.0,1884.62,1.84,0,3,18,5,16,4,1,0,1,1,109.26
663,36.45,82.88,6,28800.0,0.7537,1.0,0.7537,1.0,5.0,5.0,0.0,0.0,1884.62,2.24,0,3,4,6,16,4,1,1,1,1,99.73
679,40.17,84.88,5,28800.0,0.8388,1.0,0.8388,1.0,5.0,5.0,0.0,0.0,1884.62,2.33,0,3,6,6,16,4,1,0,1,1,97.61
697,39.3,87.12,3,28800.0,0.7074,1.0,0.7074,1.0,3.0,3.0,0.0,0.0,1884.62,2.67,0,3,14,6,16,4,1,0,1,1,89.36
726,16.91,90.75,5,28800.0,0.3537,1.0,0.3537,1.0,5.0,5.0,0.0,0.0,1884.62,3.03,0,3,23,6,16,4,1,1,1,1,80.71
757,18.83,94.62,6,28800.0,0.4492,1.0,0.4492,1.0,6.0,6.0,0.0,0.0,1884.62,3.56,0,3,12,0,17,4,0,0,1,1,68.13
874,31.58,109.25,2,28800.0,0.8773,1.0,0.8773,1.0,2.0,2.0,0.0,0.0,1884.62,3.79,0,3,17,0,17,4,0,0,1,1,62.58
832,38.08,104.0,4,28800.0,0.8,1.0,1.0,1.0,5.0,3.0,0.0,0.0,1884.62,4.27,0,3,5,1,17,4,0,1,1,1,51.16
760,32.01,95.0,4,28800.0,0.765,1.0,0.765,1.0,4.0,4.0,0.0,0.0,1884.62,4.63,0,3,13,1,17,4,0,0,1,1,42.51
791,46.87,98.88,5,28800.0,0.9577,1.0,0.9577,1.0,5.0,5.0,0.0,0.0,1884.62,4.78,0,3,17,1,17,4,0,0,1,1,38.79
793,10.03,99.12,3,28800.0,0.15,1.0,0.25,1.0,4.0,4.0,0.0,0.0,1884.62,5.2,0,3,3,2,17,4,0,1,1,1,28.78
707,12.7,88.38,3,28800.0,0.2152,1.0,0.287,1.0,4.0,3.0,0.0,0.0,1884.62,5.43,0,3,8,2,17,4,0,0,1,1,23.31
779,22.26,97.38,3,28800.0,0.3617,1.0,0.4823,1.0,4.0,3.0,0.0,0.0,1884.62,5.67,0,3,14,2,17,4,0,0,1,1,17.39
677,16.33,84.62,4,28800.0,0.2924,1.0,0.2924,1.0,2.0,2.0,0.0,0.0,1884.62,6.11,0,3,1,3,17,4,0,1,1,1,6.88
808,12.14,108.57,4,26793.0,0.2699,0.9303,0.2901,1.0,4.0,4.0,0.0,0.0,2056.08,6.59,1,3,12,3,17,4,0,0,1,1,209.19
865,29.75,125.26,3,25715.625,0.8632,0.8929374999999999,1.0,1.0,3.0,3.0,0.0,0.0,2056.08,6.74,1,3,16,3,17,4,0,0,1,1,205.62
612,32.31,86.33,2,25715.625,0.5157,0.8929374999999999,0.582,1.0,2.0,2.0,0.0,0.0,2056.08,7.0,1,3,22,3,17,4,0,1,1,1,199.3
665,13.27,83.12,5,28800.0,0.2967,1.0,0.2967,1.0,5.0,5.0,0.0,0.0,2056.08,7.4,1,3,8,4,17,4,0,0,1,1,189.77
725,27.52,90.62,5,28800.0,0.6497,1.0,0.6497,1.0,5.0,5.0,0.0,0.0,2056.08,7.93,1,3,21,4,17,4,0,0,1,1,177.02
668,16.24,83.5,4,28800.0,0.3321,1.0,0.3321,1.0,1.0,1.0,0.0,0.0,2056.08,8.14,1,3,2,5,17,4,1,1,1,1,172.1
761,17.47,95.12,2,28800.0,0.3673,1.0,0.3673,1.0,2.0,2.0,0.0,0.0,2056.08,8.41,1,3,8,5,17,4,1,0,1,1,165.69
720,12.68,90.0,6,28800.0,0.2492,1.0,0.2492,1.0,6.0,6.0,0.0,0.0,2056.08,8.86,1,3,19,5,17,4,1,0,1,1,154.74
731,40.59,91.38,1,28800.0,0.7843,1.0,0.7843,1.0,4.0,4.0,0.0,0.0,2056.08,9.06,1,3,0,6,17,4,1,1,1,1,150.02
760,24.34,95.0,3,28800.0,0.5309,1.0,0.5309,1.0,3.0,3.0,0.0,0.0,2056.08,9.48,1,3,10,6,17,4,1,0,1,1,139.92
781,26.67,97.62,2,28800.0,0.5668,1.0,0.5668,1.0,2.0,2.0,0.0,0.0,2056.08,9.78,1,3,17,6,17,4,1,0,1,1,132.72
666,24.71,83.25,4,28800.0,0.5363,1.0,0.5363,1.0,4.0,4.0,0.0,0.0,2056.08,9.99,1,3,22,6,17,4,1,1,1,1,127.55
668,46.28,83.5,4,28800.0,0.6586,1.0,0.8232,1.0,5.0,4.0,0.0,0.0,2056.08,10.6,1,3,13,0,18,4,0,0,1,1,112.98
696,24.73,87.0,3,28800.0,0.499,1.0,0.499,1.0,3.0,3.0,0.0,0.0,2056.08,10.65,1,3,14,0,18,4,0,0,1,1,111.85
774,18.37,96.75,3,28800.0,0.4924,1.0,0.4924,1.0,2.0,2.0,0.0,0.0,2056.08,11.15,1,3,2,1,18,4,0,1,1,1,99.9
786,44.67,98.25,6,28800.0,1.0,1.0,1.0,1.0,6.0,6.0,0.0,0.0,2056.08,11.32,1,3,6,1,18,4,0,0,1,1,95.77
566,18.07,70.75,3,28800.0,0.3013,1.0,0.3013,1.0,3.0,3.0,0.0,0.0,2056.08,11.64,1,3,14,1,18,4,0,0,1,1,87.95
642,14.16,80.25,2,28800.0,0.2425,1.0,0.2425,1.0,4.0,4.0,0.0,0.0,2056.08,12.16,1,3,2,2,18,4,0,1,1,1,75.64
727,21.94,90.88,3,28800.0,0.5157,1.0,0.5157,1.0,3.0,3.0,0.0,0.0,2056.08,12.45,1,3,9,2,18,4,0,0,1,1,68.62
722,44.54,90.25,4,28800.0,0.9827,1.0,0.9827,1.0,4.0,4.0,0.0,0.0,2056.08,12.75,1,3,16,2,18,4,0,0,1,1,61.48
745,45.59,93.12,4,28800.0,0.9675,1.0,0.9675,1.0,5.0,5.0,0.0,0.0,2056.08,13.12,1,3,1,3,18,4,0,1,1,1,52.45
644,18.31,98.42,4,25715.625,0.3126,0.8929374999999999,0.3822,1.0,4.0,4.0,0.0,0.0,2056.08,13.47,0,3,9,3,18,4,0,0,1,1,44.17
775,24.71,107.42,4,25972.0,0.5664,0.9018,0.6281,1.0,4.0,4.0,0.0,0.0,2056.08,13.78,0,4,17,3,18,4,0,0,1,1,36.78
695,42.1,94.41,5,26501.0,0.8702,0.9202,0.9457,1.0,4.0,4.0,0.0,0.0,2092.33,0.3,0,4,1,4,18,5,0,1,1,1,28.98
696,27.31,87.0,5,28800.0,0.5957,1.0,0.5957,1.0,5.0,5.0,0.0,0.0,2092.33,0.52,0,4,6,4,18,5,0,0,1,1,23.67
849,23.41,106.12,5,28800.0,0.6597,1.0,0.6597,1.0,5.0,5.0,0.0,0.0,2092.33,0.9,0,4,15,4,18,5,0,0,1,1,14.54
691,33.87,86.38,4,28800.0,0.7745,1.0,0.7745,1.0,4.0,4.0,0.0,0.0,2092.33,1.48,0,4,5,5,18,5,1,1,1,1,0.8
620,21.32,77.5,1,28800.0,0.2092,1.0,0.4185,1.0,2.0,1.0,0.0,0.0,2092.33,1.58,1,4,7,5,18,5,1,0,1,1,103.86
613,42.19,76.62,3,28800.0,0.802,1.0,0.802,1.0,3.0,3.0,0.0,0.0,2193.04,2.06,1,4,19,5,18,5,1,0,1,1,92.2
876,18.21,109.5,4,28800.0,0.4185,1.0,0.4185,1.0,5.0,5.0,0.0,0.0,2193.04,2.47,1,4,5,6,18,5,1,1,1,1,82.3
690,27.14,86.25,5,28800.0,0.4952,1.0,0.4952,1.0,5.0,5.0,0.0,0.0,2193.04,2.66,1,4,9,6,18,5,1,0,1,1,77.91
717,20.49,89.62,3,28800.0,0.4155,1.0,0.4155,1.0,3.0,3.0,0.0,0.0,2193.04,3.09,1,3,20,6,18,5,1,0,1,1,67.51
702,24.89,87.75,5,28800.0,0.5236,1.0,0.5236,1.0,4.0,4.0,0.0,0.0,2193.04,3.29,1,3,0,0,19,5,0,1,1,1,62.78
703,39.08,87.88,2,28800.0,0.8214,1.0,0.8214,1.0,2.0,2.0,0.0,0.0,2193.04,3.69,1,3,10,0,19,5,0,0,1,1,53.21
729,11.84,91.12,5,28800.0,0.2967,1.0,0.2967,1.0,5.0,5.0,0.0,0.0,2193.04,4.03,1,3,18,0,19,5,0,0,1,1,44.93
798,34.82,99.75,3,28800.0,0.8573,1.0,0.8573,1.0,3.0,3.0,0.0,0.0,2193.04,4.72,1,3,11,1,19,5,0,0,1,1,28.33
649,38.43,81.12,4,28800.0,0.7675,1.0,0.7675,1.0,4.0,4.0,0.0,0.0,2193.04,5.15,1,3,21,1,19,5,0,0,1,1,18.01
627,45.7,78.38,2,28800.0,0.8502,1.0,0.8502,1.0,7.0,6.0,0.0,0.0,2193.04,5.32,1,3,1,2,19,5,0,1,1,1,13.9
607,48.11,90.9,4,25715.625,0.6028,0.8929374999999999,0.9027,1.0,5.0,4.0,0.0,0.0,2193.04,5.67,1,3,9,2,19,5,0,0,1,1,5.68
674,31.15,92.3,2,26288.0,0.7126,0.9128,0.7807,1.0,2.0,2.0,0.0,0.0,2223.49,6.12,2,3,20,2,19,5,0,0,1,1,27.86
803,50.46,109.48,6,26405.0,0.7858,0.9168,1.0,1.0,1.0,1.0,0.0,0.0,2223.49,6.48,2,3,5,3,19,5,0,1,1,1,19.41
814,44.69,101.75,1,28800.0,0.5,1.0,1.0,1.0,2.0,1.0,0.0,0.0,2223.49,6.82,2,3,13,3,19,5,0,0,1,1,11.06
748,26.49,93.5,6,28800.0,0.5631,1.0,0.5631,1.0,6.0,6.0,0.0,0.0,2223.49,7.08,2,3,19,3,19,5,0,0,1,1,5.02
684,27.35,85.5,1,28800.0,0.6032,1.0,0.6032,1.0,2.0,2.0,0.0,0.0,2223.49,7.38,3,3,2,4,19,5,0,1,1,1,126.74
819,41.12,116.63,5,25715.625,0.8778,0.8929374999999999,1.0,1.0,5.0,5.0,0.0,0.0,2341.18,7.54,3,3,6,4,19,5,0,0,1,1,122.86
651,26.59,89.72,5,26122.0,0.5296,0.907,0.5839,1.0,5.0,5.0,0.0,0.0,2341.18,8.13,3,3,21,4,19,5,0,0,1,1,108.66
767,23.36,120.5,2,25715.625,0.4751,0.8929374999999999,0.5972,1.0,5.0,5.0,0.0,0.0,2341.18,8.36,3,3,2,5,19,5,1,1,1,1,103.17
811,38.45,101.38,6,28800.0,1.0,1.0,1.0,1.0,6.0,6.0,0.0,0.0,2341.18,8.51,2,3,6,5,19,5,1,0,1,1,99.49
766,41.47,95.75,3,28800.0,1.0,1.0,1.0,1.0,3.0,3.0,0.0,0.0,2341.18,9.1,2,2,20,5,19,5,1,0,1,1,85.53
721,23.22,90.12,5,28800.0,0.4997,1.0,0.4997,1.0,5.0,5.0,0.0,0.0,2341.18,9.21,2,2,22,5,19,5,1,1,1,1,82.76
694,41.71,86.75,3,28800.0,0.7812,1.0,0.7812,1.0,3.0,3.0,0.0,0.0,2341.18,9.66,2,2,9,6,19,5,1,0,1,1,72.03
754,39.68,94.25,5,28800.0,0.7498,1.0,0.8998,1.0,6.0,5.0,0.0,0.0,2341.18,10.06,2,2,19,6,19,5,1,0,1,1,62.34
810,14.41,101.25,3,28800.0,0.3161,1.0,0.3161,1.0,3.0,3.0,0.0,0.0,2341.18,10.27,2,2,0,0,20,5,0,1,1,1,57.44
810,23.8,101.25,4,28800.0,0.666,1.0,0.666,1.0,4.0,4.0,0.0,0.0,2341.18,10.82,2,2,13,0,20,5,0,0,1,1,44.26
798,26.94,99.75,4,28800.0,0.5747,1.0,0.5747,1.0,4.0,4.0,0.0,0.0,2341.18,11.02,2,2,18,0,20,5,0,0,1,1,39.46
741,45.22,92.62,3,28800.0,0.9268,1.0,0.9268,1.0,3.0,3.0,0.0,0.0,2341.18,11.25,2,2,23,0,20,5,0,1,1,1,33.79
838,18.17,104.75,2,28800.0,0.3963,1.0,0.3963,1.0,2.0,2.0,0.0,0.0,2341.18,11.79,2,2,12,1,20,5,0,0,1,1,20.84
752,33.33,94.0,3,28800.0,0.7925,1.0,0.7925,1.0,3.0,3.0,0.0,0.0,2341.18,11.91,2,2,15,1,20,5,0,0,1,1,18.09
763,35.2,95.38,6,28800.0,0.8722,1.0,0.8722,1.0,2.0,2.0,0.0,0.0,2348.12,12.4,3,2,3,2,20,5,0,1,1,1,6.34
623,28.82,94.05,2,25715.625,0.4891,0.8929374999999999,0.5907,1.0,2.0,2.0,0.0,0.0,2348.12,12.55,3,2,7,2,20,5,0,0,1,1,2.62
735,11.78,114.18,5,25715.625,0.2368,0.8929374999999999,0.2943,1.0,5.0,5.0,0.0,0.0,2356.62,12.87,4,2,14,2,20,5,0,0,1,1,38.85
718,17.73,120.11,2,25715.625,0.3401,0.8929374999999999,0.4551,1.0,3.0,3.0,0.0,0.0,2388.63,0.13,3,3,0,3,20,5,0,1,1,1,29.0
617,40.66,77.12,4,28800.0,0.7475,1.0,0.7475,1.0,4.0,4.0,0.0,0.0,2388.63,0.39,3,3,6,3,20,5,0,0,1,1,22.67
744,20.49,93.0,6,28800.0,0.4583,1.0,0.4583,1.0,6.0,6.0,0.0,0.0,2388.63,0.95,3,3,20,3,20,5,0,0,1,1,9.18
793,15.62,99.12,3,28800.0,0.3896,1.0,0.3896,1.0,2.0,2.0,0.0,0.0,2388.63,1.26,2,3,3,4,20,5,0,1,1,1,1.88
664,32.11,100.21,4,25715.625,0.6078,0.8929374999999999,0.7338,1.0,4.0,4.0,0.0,0.0,2402.01,1.45,3,3,8,4,20,5,0,0,1,1,11.69
700,47.21,107.69,6,25715.625,0.8125,0.8929374999999999,1.0,1.0,6.0,6.0,0.0,0.0,2402.01,1.74,3,3,15,4,20,5,0,0,1,1,4.73
766,24.67,103.3,2,26695.0,0.6388,0.9269,0.6892,1.0,5.0,5.0,0.0,0.0,2445.29,2.14,4,3,0,5,20,5,1,1,1,1,40.64
857,34.54,107.12,3,28800.0,0.6061,1.0,0.8082,1.0,4.0,3.0,0.0,0.0,2445.29,2.42,4,3,7,5,20,5,1,0,1,1,33.96
772,10.86,96.5,2,28800.0,0.2737,1.0,0.2737,1.0,2.0,2.0,0.0,0.0,2445.29,2.79,4,3,16,5,20,5,1,0,1,1,25.04
818,42.44,102.25,5,28800.0,1.0,1.0,1.0,1.0,5.0,5.0,0.0,0.0,2445.29,3.05,4,2,22,5,20,5,1,1,1,1,18.73
595,30.08,88.91,5,25715.625,0.5359,0.8929374999999999,0.6407,1.0,5.0,5.0,0.0,0.0,2445.29,3.51,4,2,9,6,20,5,1,0,1,1,7.86
782,34.21,114.43,6,25715.625,0.7247,0.8929374999999999,0.8484,1.0,6.0,6.0,0.0,0.0,2445.29,3.81,4,2,16,6,20,5,1,0,1,1,0.56
690,10.58,99.21,3,25715.625,0.2362,0.8929374999999999,0.2717,1.0,3.0,3.0,0.0,0.0,2531.5,4.04,5,2,22,6,20,5,1,1,1,1,147.15
880,39.0,110.0,6,28800.0,1.0,1.0,1.0,1.0,6.0,6.0,0.0,0.0,2531.5,4.62,5,2,12,0,21,5,0,0,1,1,133.12
768,31.41,96.0,4,28800.0,0.6931,1.0,0.6931,1.0,4.0,4.0,0.0,0.0,2531.5,4.88,5,2,18,0,21,5,0,0,1,1,127.02
651,16.07,81.38,2,28800.0,0.2954,1.0,0.2954,1.0,4.0,3.0,0.0,0.0,2531.5,5.23,5,2,2,1,21,5,0,1,1,1,118.68
728,37.08,91.0,3,28800.0,0.797,1.0,0.797,1.0,3.0,3.0,0.0,0.0,2531.5,5.35,5,2,6,1,21,5,0,0,1,1,115.58
738,22.29,92.25,6,28800.0,0.4843,1.0,0.4843,1.0,6.0,6.0,0.0,0.0,2531.5,5.73,5,2,14,1,21,5,0,0,1,1,106.68
737,19.08,92.12,3,28800.0,0.299,1.0,0.3987,1.0,4.0,3.0,0.0,0.0,2531.5,6.04,5,2,22,1,21,5,0,1,1,1,99.08
702,37.43,87.75,2,28800.0,0.6971,1.0,0.6971,1.0,2.0,2.0,0.0,0.0,2531.5,6.5,4,2,9,2,21,5,0,0,1,1,88.05
890,50.71,111.25,6,28800.0,1.0,1.0,1.0,1.0,6.0,6.0,0.0,0.0,2531.5,6.94,3,2,20,2,21,5,0,0,1,1,77.47
793,36.61,99.12,1,28800.0,0.9472,1.0,0.9472,1.0,6.0,6.0,0.0,0.0,2531.5,7.31,3,2,4,3,21,5,0,1,1,1,68.75
723,37.9,92.24,5,28217.0,0.9382,0.9798,0.9575,1.0,5.0,5.0,0.0,0.0,2531.5,7.45,3,2,8,3,21,5,0,0,1,1,65.32
712,41.29,92.84,4,27608.0,0.9586,0.9586,1.0,1.0,4.0,4.0,0.0,0.0,2558.13,7.76,3,2,15,3,21,5,0,0,1,1,57.77
640,42.43,83.85,6,27478.0,0.7858,0.9541,0.8236,1.0,6.0,6.0,0.0,0.0,2558.13,8.33,3,2,5,4,21,5,0,1,1,1,44.28
820,13.5,114.53,2,25774.0,0.379,0.8949,0.4235,1.0,2.0,2.0,0.0,0.0,2558.13,8.56,2,2,10,4,21,5,0,0,1,1,38.77
704,36.18,94.13,5,26925.0,0.7116,0.9349,0.7611,1.0,5.0,5.0,0.0,0.0,2558.13,8.77,2,3,16,4,21,5,0,0,1,1,33.53
890,20.44,118.27,6,27091.0,0.4852,0.9407,0.5158,1.0,6.0,6.0,0.0,0.0,2589.78,0.39,1,3,3,5,21,5,1,1,1,1,22.38
769,42.84,96.12,2,28800.0,0.8916,1.0,0.8916,1.0,2.0,2.0,0.0,0.0,2589.78,0.73,1,3,11,5,21,5,1,0,1,1,14.15
723,14.85,90.38,1,28800.0,0.1679,1.0,0.3359,1.0,2.0,1.0,0.0,0.0,2589.78,1.04,1,3,18,5,21,5,1,0,1,1,6.68
763,28.65,95.38,6,28800.0,0.6295,1.0,0.6295,1.0,3.0,3.0,0.0,0.0,2589.78,1.35,2,3,2,6,21,5,1,1,1,1,17.11
710,29.06,163.75,2,25715.625,0.542,0.8929374999999999,1.0,1.0,2.0,2.0,0.0,0.0,2594.01,1.81,2,4,13,6,21,5,1,0,1,1,6.19
782,12.25,172.19,3,25715.625,0.2672,0.8929374999999999,0.4707,1.0,6.0,6.0,0.0,0.0,2615.53,0.65,2,4,5,0,22,5,0,1,1,1,7.16
855,23.08,119.23,3,25816.0,0.4199,0.8964,0.6246,1.0,4.0,3.0,0.0,0.0,2615.53,0.93,2,4,11,0,22,5,0,0,1,1,0.34
714,14.58,103.65,5,25715.625,0.3057,0.8929374999999999,0.355,1.0,5.0,5.0,0.0,0.0,2678.92,1.24,3,4,19,0,22,5,0,0,1,1,69.18
669,40.94,102.78,6,25715.625,0.7758,0.8929374999999999,0.9536,1.0,3.0,3.0,0.0,0.0,2678.92,1.6,3,4,4,1,22,5,0,1,1,1,60.51
737,34.59,92.12,3,28800.0,0.7976,1.0,0.7976,1.0,3.0,3.0,0.0,0.0,2678.92,1.99,3,4,13,1,22,5,0,0,1,1,51.28
792,18.67,99.0,5,28800.0,0.4606,1.0,0.4606,1.0,5.0,5.0,0.0,0.0,2678.92,2.11,3,4,16,1,22,5,0,0,1,1,48.43
796,36.07,99.5,3,28800.0,0.7678,1.0,0.7678,1.0,3.0,3.0,0.0,0.0,2678.92,2.5,3,4,1,2,22,5,0,1,1,1,38.98
783,31.96,97.88,2,28800.0,0.6623,1.0,0.6623,1.0,2.0,2.0,0.0,0.0,2678.92,2.78,3,4,8,2,22,5,0,0,1,1,32.31
710,31.13,88.75,3,28800.0,0.4689,1.0,0.6252,1.0,4.0,3.0,0.0,0.0,2678.92,3.16,3,4,17,2,22,5,0,0,1,1,23.16
665,33.66,83.12,3,28800.0,0.7059,1.0,0.7059,1.0,4.0,4.0,0.0,0.0,2678.92,3.6,3,4,3,3,22,5,0,1,1,1,12.66
692,20.58,104.63,3,25715.625,0.47,0.8929374999999999,0.5685,1.0,3.0,3.0,0.0,0.0,2684.34,0.07,3,5,12,3,22,5,0,0,1,1,3.71
711,40.68,117.1,3,25715.625,0.5693,0.8929374999999999,1.0,1.0,4.0,3.0,0.0,0.0,2702.26,0.36,4,5,19,3,22,5,0,0,1,1,15.2
732,27.73,127.99,4,25715.625,0.5483,0.8929374999999999,0.7669,1.0,3.0,2.0,0.0,0.0,2702.26,0.67,4,5,3,4,22,5,0,1,1,1,7.76
705,30.03,97.4,6,26058.0,0.6762,0.9048,0.7473,1.0,6.0,6.0,0.0,0.0,2702.26,0.99,4,5,10,4,22,5,0,0,1,1,0.18
794,44.64,114.23,6,25715.625,0.8689,0.8929374999999999,1.0,1.0,6.0,6.0,0.0,0.0,2715.94,1.28,6,5,17,4,22,5,0,0,1,1,343.79
711,39.83,101.58,2,25715.625,0.5219,0.8929374999999999,0.8948,1.0,3.0,3.0,0.0,0.0,2715.94,1.55,6,5,0,5,22,5,1,1,1,1,337.21
715,33.75,103.85,4,25715.625,0.539,0.8929374999999999,0.7829,1.0,5.0,4.0,0.0,0.0,2875.2,0.18,6,6,12,5,22,5,1,0,1,1,325.22
745,13.42,123.45,6,25715.625,0.2804,0.8929374999999999,0.3717,1.0,6.0,6.0,0.0,0.0,2875.2,0.34,6,5,16,5,22,5,1,0,1,1,321.32
715,27.2,115.76,3,25715.625,0.6321,0.8929374999999999,0.8187,1.0,1.0,1.0,0.0,0.0,2875.2,0.88,5,5,5,6,22,5,1,1,1,1,308.42
797,25.24,99.62,2,28800.0,0.6409,1.0,0.6409,1.0,2.0,2.0,0.0,0.0,2875.2,1.19,5,5,12,6,22,5,1,0,1,1,300.87
736,39.56,92.0,4,28800.0,0.7033,1.0,0.8791,1.0,5.0,4.0,0.0,0.0,2875.2,1.36,5,5,16,6,22,5,1,0,1,1,296.94
761,12.85,95.12,1,28800.0,0.2568,1.0,0.2568,1.0,1.0,1.0,0.0,0.0,2875.2,1.63,4,5,23,6,22,5,1,1,1,1,290.44
713,27.45,89.12,4,28800.0,0.611,1.0,0.611,1.0,4.0,4.0,0.0,0.0,2875.2,2.16,4,5,11,0,23,6,0,0,1,1,277.69
860,36.99,107.5,4,28800.0,0.9983,1.0,0.9983,1.0,4.0,4.0,0.0,0.0,2875.2,2.28,3,5,14,0,23,6,0,0,1,1,274.82
758,23.17,94.75,5,28800.0,0.4709,1.0,0.4709,1.0,3.0,3.0,0.0,0.0,2875.2,2.78,3,5,2,1,23,6,0,1,1,1,262.86
561,14.08,70.12,3,28800.0,0.2384,1.0,0.2384,1.0,3.0,3.0,0.0,0.0,2875.2,3.24,3,5,13,1,23,6,0,0,1,1,251.71
768,25.96,96.0,2,28800.0,0.5501,1.0,0.5501,1.0,2.0,2.0,0.0,0.0,2875.2,3.51,3,5,20,1,23,6,0,0,1,1,245.37
853,40.47,106.62,3,28800.0,1.0,1.0,1.0,1.0,4.0,3.0,0.0,0.0,2875.2,3.91,3,5,5,2,23,6,0,1,1,1,235.77
854,9.73,106.75,2,28800.0,0.2509,1.0,0.2509,1.0,2.0,2.0,0.0,0.0,2875.2,4.21,3,5,13,2,23,6,0,0,1,1,228.42
660,30.41,82.5,2,28800.0,0.6932,1.0,0.6932,1.0,2.0,2.0,0.0,0.0,2875.2,4.26,3,5,14,2,23,6,0,0,1,1,227.29
825,37.88,103.12,3,28800.0,0.6851,1.0,0.9135,1.0,4.0,3.0,0.0,0.0,2875.2,4.64,3,5,23,2,23,6,0,1,1,1,218.24
601,31.01,75.12,5,28800.0,0.6377,1.0,0.6377,1.0,5.0,5.0,0.0,0.0,2875.2,5.0,3,5,7,3,23,6,0,0,1,1,209.66
681,34.49,85.12,2,28800.0,0.768,1.0,0.768,1.0,2.0,2.0,0.0,0.0,2875.2,5.37,2,5,16,3,23,6,0,0,1,1,200.66
664,30.15,83.0,3,28800.0,0.5208,1.0,0.5208,1.0,5.0,5.0,0.0,0.0,2875.2,5.72,2,5,1,4,23,6,0,1,1,1,192.21
760,47.61,120.63,2,25715.625,0.7875,0.8929374999999999,1.0,1.0,2.0,2.0,0.0,0.0,2875.2,6.07,2,5,9,4,23,6,0,0,1,1,183.94
795,24.75,114.24,2,25715.625,0.4485,0.8929374999999999,0.7734,1.0,3.0,2.0,0.0,0.0,2875.2,6.3,0,5,15,4,23,6,0,0,1,1,178.39
662,43.55,94.25,5,25715.625,0.7917,0.8929374999999999,0.9017,1.0,2.0,2.0,0.0,0.0,2875.2,6.67,0,6,0,5,23,6,1,1,1,1,169.49
681,33.46,85.12,6,28800.0,0.6876,1.0,0.6876,1.0,6.0,6.0,0.0,0.0,2916.24,0.11,0,6,6,5,23,6,1,0,1,1,163.26
811,25.61,101.38,5,28800.0,0.6389,1.0,0.6389,1.0,5.0,5.0,0.0,0.0,2916.24,0.66,0,6,19,5,23,6,1,0,1,1,150.09
779,17.93,97.38,2,28800.0,0.4225,1.0,0.4225,1.0,5.0,5.0,0.0,0.0,2916.24,0.92,0,6,1,6,23,6,1,1,1,1,143.77
719,34.34,94.69,5,27336.0,0.8244,0.9492,0.8685,1.0,5.0,5.0,0.0,0.0,2916.24,1.22,0,6,8,6,23,6,1,0,1,1,136.56
642,21.77,82.67,6,27957.0,0.4149,0.9707,0.4274,1.0,6.0,6.0,0.0,0.0,2916.24,1.52,0,6,16,6,23,6,1,0,1,1,129.31
721,14.42,95.28,5,27241.0,0.2939,0.9459,0.3107,1.0,4.0,4.0,0.0,0.0,2933.19,0.15,0,7,1,0,24,6,0,1,1,1,120.14
729,36.28,95.63,6,27442.0,0.7984,0.9528,0.8379,1.0,6.0,6.0,0.0,0.0,2933.19,0.64,0,7,13,0,24,6,0,0,1,1,108.39
648,12.25,84.91,3,27475.0,0.2412,0.954,0.2528,1.0,3.0,3.0,0.0,0.0,2981.24,0.15,0,8,19,0,24,6,0,0,1,1,102.47
718,23.55,92.3,4,28004.0,0.52,0.9724,0.5348,1.0,3.0,3.0,0.0,0.0,2981.24,0.45,0,8,2,1,24,6,0,1,1,1,95.22
582,35.9,72.75,4,28800.0,0.6404,1.0,0.6404,1.0,4.0,4.0,0.0,0.0,2981.24,0.69,0,8,7,1,24,6,0,0,1,1,89.62
673,46.29,84.12,3,28800.0,0.9181,1.0,0.9181,1.0,3.0,3.0,0.0,0.0,2981.24,1.23,0,8,20,1,24,6,0,0,1,1,76.59
713,32.74,89.12,3,28800.0,0.7078,1.0,0.7078,1.0,3.0,3.0,0.0,0.0,2981.24,1.31,0,8,22,1,24,6,0,1,1,1,74.62
808,26.42,106.27,3,27372.0,0.5723,0.9504,0.6022,1.0,3.0,3.0,0.0,0.0,2981.24,1.64,0,8,6,2,24,6,0,0,1,1,66.72
641,31.42,85.93,4,26853.0,0.6632,0.9324,0.7113,1.0,4.0,4.0,0.0,0.0,3037.57,0.04,0,9,18,2,24,6,0,0,1,1,55.32
756,20.84,100.64,7,27043.0,0.5455,0.939,0.5809,1.0,7.0,7.0,0.0,0.0,3037.57,0.21,0,9,22,2,24,6,0,1,1,1,51.29
589,36.59,73.62,2,28800.0,0.718,1.0,0.718,1.0,2.0,2.0,0.0,0.0,3037.57,0.76,0,9,11,3,24,6,0,0,1,1,38.06
645,25.54,80.62,1,28800.0,0.2298,1.0,0.4596,1.0,2.0,1.0,0.0,0.0,3037.57,0.96,0,9,16,3,24,6,0,0,1,1,33.24
828,38.97,103.5,4,28800.0,0.8976,1.0,0.8976,1.0,3.0,3.0,0.0,0.0,3037.57,1.5,0,9,5,4,24,6,0,1,1,1,20.29
707,38.74,88.38,3,28800.0,0.722,1.0,0.722,1.0,3.0,3.0,0.0,0.0,3037.57,1.61,0,9,7,4,24,6,0,0,1,1,17.74
696,46.53,87.0,2,28800.0,0.6039,1.0,0.9058,1.0,3.0,2.0,0.0,0.0,3037.57,2.01,0,9,17,4,24,6,0,0,1,1,8.07
616,46.16,77.0,3,28800.0,0.7424,1.0,0.7424,1.0,3.0,3.0,0.0,0.0,3037.57,2.32,0,8,0,5,24,6,1,1,1,1,0.61
702,22.25,90.54,5,27914.0,0.4799,0.9692,0.4952,1.0,5.0,5.0,0.0,0.0,3061.02,2.76,1,8,11,5,24,6,1,0,1,1,14.82
762,27.64,102.04,4,26884.0,0.6253,0.9335,0.6698,1.0,4.0,4.0,0.0,0.0,3061.02,2.88,1,8,14,5,24,6,1,0,1,1,11.96
700,13.98,92.41,3,27271.0,0.2763,0.9469,0.2918,1.0,4.0,4.0,0.0,0.0,3061.02,3.47,2,8,4,6,24,6,1,1,1,1,87.04
790,34.21,104.77,4,27145.0,0.7727,0.9425,0.8198,1.0,4.0,4.0,0.0,0.0,3147.48,3.77,2,8,11,6,24,6,1,0,1,1,79.79
691,25.53,99.78,4,25715.625,0.6126,0.8929374999999999,0.7076,1.0,4.0,4.0,0.0,0.0,3147.48,4.35,2,8,1,0,25,6,0,1,1,1,65.82
653,27.92,81.62,2,28800.0,0.5387,1.0,0.5387,1.0,2.0,2.0,0.0,0.0,3147.48,4.64,2,8,8,0,25,6,0,0,1,1,58.9
660,10.61,82.5,3,28800.0,0.1934,1.0,0.1934,1.0,3.0,3.0,0.0,0.0,3147.48,4.93,2,8,15,0,25,6,0,0,1,1,52.05
659,46.52,82.38,4,28800.0,0.8288,1.0,0.8288,1.0,2.0,1.0,0.0,0.0,3147.48,5.46,2,8,4,1,25,6,0,1,1,1,39.25
606,20.83,75.75,6,28800.0,0.3968,1.0,0.3968,1.0,6.0,6.0,0.0,0.0,3147.48,5.79,2,8,12,1,25,6,0,0,1,1,31.29
769,42.6,96.12,6,28800.0,0.9578,1.0,0.9578,1.0,6.0,6.0,0.0,0.0,3147.48,5.88,2,8,14,1,25,6,0,0,1,1,29.25
829,50.2,103.62,1,28800.0,0.5,1.0,1.0,1.0,2.0,1.0,0.0,0.0,3147.48,6.27,2,8,23,1,25,6,0,1,1,1,19.72
784,35.67,104.7,3,26956.0,0.8115,0.936,0.867,1.0,3.0,3.0,0.0,0.0,3147.48,6.57,2,8,6,2,25,6,0,0,1,1,12.55
655,27.34,87.26,4,27024.0,0.4181,0.9383,0.557,1.0,5.0,4.0,0.0,0.0,3147.48,6.95,2,8,16,2,25,6,0,0,1,1,3.4
793,33.77,105.76,5,26994.0,0.8853,0.9373,0.9445,1.0,1.0,1.0,0.0,0.0,3176.07,7.43,3,8,3,3,25,6,0,1,1,1,21.7
740,40.6,92.5,4,28800.0,0.8572,1.0,0.8572,1.0,4.0,4.0,0.0,0.0,3176.07,7.65,3,8,8,3,25,6,0,0,1,1,16.5
630,10.97,78.75,4,28800.0,0.1559,1.0,0.1949,1.0,5.0,4.0,0.0,0.0,3176.07,8.17,3,8,21,3,25,6,0,0,1,1,3.91
649,26.61,81.12,1,28800.0,0.4505,1.0,0.4505,1.0,5.0,5.0,0.0,0.0,3176.07,8.47,4,8,4,4,25,6,0,1,1,1,58.18
623,41.69,77.88,3,28800.0,0.7906,1.0,0.7906,1.0,3.0,3.0,0.0,0.0,3232.52,8.62,4,8,8,4,25,6,0,0,1,1,54.44
655,17.8,81.88,6,28800.0,0.3,1.0,0.3,1.0,6.0,6.0,0.0,0.0,3232.52,8.92,4,8,15,4,25,6,0,0,1,1,47.36
866,35.05,108.25,5,28800.0,0.8813,1.0,0.8813,1.0,5.0,5.0,0.0,0.0,3232.52,9.34,4,8,1,5,25,6,1,1,1,1,37.28
660,37.26,82.5,3,28800.0,0.7109,1.0,0.7109,1.0,3.0,3.0,0.0,0.0,3232.52,9.59,3,8,7,5,25,6,1,0,1,1,31.24
824,29.42,103.0,2,28800.0,0.6529,1.0,0.6529,1.0,2.0,2.0,0.0,0.0,3232.52,9.97,3,8,16,5,25,6,1,0,1,1,22.18
758,43.55,94.75,5,28800.0,0.887,1.0,0.887,1.0,5.0,5.0,0.0,0.0,3232.52,10.45,2,8,4,6,25,6,1,1,1,1,10.63
703,36.24,102.78,2,25715.625,0.6674,0.8929374999999999,0.7806,1.0,2.0,2.0,0.0,0.0,3232.52,10.83,2,8,13,6,25,6,1,0,1,1,1.56
799,46.45,116.73,4,25715.625,0.5704,0.8929374999999999,1.0,1.0,6.0,4.0,0.0,0.0,3243.98,11.01,3,7,17,6,25,6,1,0,1,1,130.47
684,49.41,98.82,5,25715.625,0.8652,0.8929374999999999,1.0,1.0,6.0,6.0,0.0,0.0,3243.98,11.42,3,7,3,0,26,6,0,1,1,1,120.52
628,22.41,80.54,5,28071.0,0.4376,0.9747,0.449,1.0,5.0,5.0,0.0,0.0,3362.76,11.67,4,7,9,0,26,6,0,0,1,1,114.43
849,34.7,108.77,5,28099.0,0.9599,0.9757,0.9838,1.0,5.0,5.0,0.0,0.0,3362.76,11.97,4,7,16,0,26,6,0,0,1,1,107.28
659,9.99,85.1,6,27877.0,0.186,0.968,0.1922,1.0,6.0,6.0,0.0,0.0,3362.76,12.34,4,7,1,1,26,6,0,1,1,1,98.43
664,45.72,83.0,6,28800.0,0.916,1.0,0.916,1.0,6.0,6.0,0.0,0.0,3362.76,12.76,4,6,11,1,26,6,0,0,1,1,88.33
870,34.76,108.75,6,28800.0,0.9356,1.0,0.9356,1.0,6.0,6.0,0.0,0.0,3362.76,13.08,4,6,19,1,26,6,0,0,1,1,80.62
788,30.69,98.5,6,28800.0,0.8011,1.0,0.8011,1.0,5.0,5.0,0.0,0.0,3362.76,13.37,4,6,1,2,26,6,0,1,1,1,73.8
702,12.46,87.75,3,28800.0,0.2257,1.0,0.2257,1.0,3.0,3.0,0.0,0.0,3362.76,13.69,4,6,9,2,26,6,0,0,1,1,65.98
695,21.92,86.88,3,28800.0,0.3234,1.0,0.4312,1.0,4.0,3.0,0.0,0.0,3362.76,14.0,4,6,17,2,26,6,0,0,1,1,58.6
659,15.51,82.38,5,28800.0,0.2867,1.0,0.2867,1.0,5.0,5.0,0.0,0.0,3362.76,14.21,3,6,22,2,26,6,0,1,1,1,53.43
699,42.09,87.38,4,28800.0,0.8471,1.0,0.8471,1.0,4.0,4.0,0.0,0.0,3362.76,14.58,3,6,7,3,26,6,0,0,1,1,44.58
890,30.02,111.25,3,28800.0,0.8149,1.0,0.8149,1.0,3.0,3.0,0.0,0.0,3362.76,14.97,3,6,16,3,26,6,0,0,1,1,35.27
675,21.13,84.38,3,28800.0,0.469,1.0,0.469,1.0,4.0,4.0,0.0,0.0,3362.76,15.39,2,6,2,4,26,6,0,1,1,1,25.12
768,30.12,96.0,4,28800.0,0.6394,1.0,0.7992,1.0,5.0,4.0,0.0,0.0,3362.76,15.66,2,6,9,4,26,6,0,0,1,1,18.73
686,36.95,85.75,1,28800.0,0.4216,1.0,0.8432,1.0,2.0,1.0,0.0,0.0,3362.76,16.09,2,6,19,4,26,6,0,0,1,1,8.52
690,40.08,86.25,4,28800.0,0.944,1.0,0.944,1.0,4.0,3.0,0.0,0.0,3362.76,16.47,3,6,4,5,26,6,1,1,1,1,9.45
770,12.51,140.52,4,25715.625,0.289,0.8929374999999999,0.4219,1.0,4.0,4.0,0.0,0.0,3367.88,16.66,3,5,9,5,26,6,1,0,1,1,4.94
768,12.38,127.36,2,25715.625,0.2733,0.8929374999999999,0.3626,1.0,2.0,2.0,0.0,0.0,3378.01,17.15,4,5,20,5,26,6,1,0,1,1,3.5
667,26.2,107.11,3,25715.625,0.3895,0.8929374999999999,0.6671,1.0,3.0,3.0,0.0,0.0,3381.13,17.46,5,5,4,6,26,6,1,1,1,1,140.72
645,30.43,96.98,6,25715.625,0.5247,0.8929374999999999,0.6312,1.0,6.0,6.0,0.0,0.0,3381.13,17.63,5,6,8,6,26,6,1,0,1,1,136.53
826,20.51,129.43,3,25715.625,0.4881,0.8929374999999999,0.6119,1.0,3.0,3.0,0.0,0.0,3508.78,0.31,4,6,17,6,26,6,1,0,1,1,127.13
587,26.95,81.96,3,25782.0,0.5381,0.8952,0.6011,1.0,3.0,3.0,0.0,0.0,3508.78,0.55,4,6,23,6,26,6,1,1,1,1,121.37
671,22.69,83.88,3,28800.0,0.4371,1.0,0.4371,1.0,3.0,3.0,0.0,0.0,3508.78,0.93,3,5,8,0,27,6,0,0,1,1,112.43
856,44.61,107.0,3,28800.0,1.0,1.0,1.0,1.0,3.0,3.0,0.0,0.0,3508.78,1.26,3,5,16,0,27,6,0,0,1,1,104.35
667,42.56,83.38,6,28800.0,0.7772,1.0,0.7772,1.0,6.0,6.0,0.0,0.0,3508.78,1.5,3,5,22,0,27,6,0,1,1,1,98.67
645,16.34,80.62,5,28800.0,0.2741,1.0,0.2741,1.0,5.0,5.0,0.0,0.0,3508.78,2.02,3,5,10,1,27,6,0,0,1,1,86.07
879,37.6,109.88,4,28800.0,0.9654,1.0,0.9654,1.0,4.0,4.0,0.0,0.0,3508.78,2.34,3,5,18,1,27,6,0,0,1,1,78.37
770,28.36,96.25,2,28800.0,0.5772,1.0,0.5772,1.0,2.0,2.0,0.0,0.0,3508.78,2.71,3,5,3,2,27,7,0,1,1,1,69.68
612,44.56,76.5,5,28800.0,0.7448,1.0,0.7448,1.0,5.0,5.0,0.0,0.0,3508.78,3.02,3,5,10,2,27,7,0,0,1,1,62.18
753,35.87,94.12,5,28800.0,0.6246,1.0,0.7496,1.0,6.0,5.0,0.0,0.0,3508.78,3.35,3,5,18,2,27,7,0,0,1,1,54.33
755,29.23,94.38,2,28800.0,0.578,1.0,0.578,1.0,3.0,3.0,0.0,0.0,3508.78,3.58,3,5,0,3,27,7,0,1,1,1,48.62
651,31.1,81.38,3,28800.0,0.6453,1.0,0.6453,1.0,3.0,3.0,0.0,0.0,3508.78,3.98,3,5,9,3,27,7,0,0,1,1,39.18
744,19.5,93.0,2,28800.0,0.4919,1.0,0.4919,1.0,2.0,2.0,0.0,0.0,3508.78,4.22,3,5,15,3,27,7,0,0,1,1,33.47
528,35.94,66.0,3,28800.0,0.6052,1.0,0.6052,1.0,5.0,4.0,0.0,0.0,3508.78,4.74,3,5,3,4,27,7,0,1,1,1,20.98
719,13.9,95.71,4,27044.0,0.3108,0.939,0.331,1.0,4.0,4.0,0.0,0.0,3508.78,4.86,3,5,6,4,27,7,0,0,1,1,18.05
667,45.01,90.44,6,26551.0,0.793,0.9219,0.8602,1.0,6.0,6.0,0.0,0.0,3508.78,5.32,3,5,17,4,27,7,0,0,1,1,7.05
633,9.14,82.69,4,27559.0,0.1588,0.9569,0.2074,1.0,5.0,4.0,0.0,0.0,3514.41,5.52,4,5,22,4,27,7,0,1,1,1,2.13
782,35.78,130.79,3,25715.625,0.7474,0.8929374999999999,1.0,1.0,3.0,3.0,0.0,0.0,3526.15,0.15,4,6,9,5,27,7,1,0,1,1,5.43
593,22.46,107.94,5,25715.625,0.4213,0.8929374999999999,0.6135,1.0,5.0,5.0,0.0,0.0,3526.15,0.35,3,6,14,5,27,7,1,0,1,1,0.55
558,44.28,96.77,5,25715.625,0.6847,0.8929374999999999,0.9499,1.0,2.0,1.0,0.0,0.0,3563.69,0.09,3,7,2,6,27,7,1,1,1,1,32.54
703,20.39,87.88,4,28800.0,0.3759,1.0,0.3759,1.0,4.0,4.0,0.0,0.0,3563.69,0.42,3,7,10,6,27,7,1,0,1,1,24.67
760,31.64,95.0,6,28800.0,0.6719,1.0,0.6719,1.0,6.0,6.0,0.0,0.0,3563.69,0.86,3,7,20,6,27,7,1,0,1,1,14.17
649,13.59,81.12,1,28800.0,0.1174,1.0,0.2348,1.0,3.0,3.0,0.0,0.0,3563.69,1.03,3,6,0,0,28,7,0,1,1,1,10.12
701,12.13,93.38,5,27024.0,0.201,0.9383,0.2571,1.0,6.0,5.0,0.0,0.0,3563.69,1.5,4,6,12,0,28,7,0,0,1,1,68.96
624,48.25,81.87,3,27440.0,0.8636,0.9528,0.9064,1.0,3.0,3.0,0.0,0.0,3632.02,1.86,4,6,20,0,28,7,0,0,1,1,60.46
835,18.13,110.9,3,27106.0,0.4076,0.9412,0.4331,1.0,4.0,4.0,0.0,0.0,3632.02,2.01,4,6,0,1,28,7,0,1,1,1,56.78
890,28.62,111.25,4,28800.0,0.4982,1.0,0.7472,1.0,6.0,4.0,0.0,0.0,3632.02,2.58,4,6,13,1,28,7,0,0,1,1,43.24
673,23.31,84.12,2,28800.0,0.2476,1.0,0.4952,1.0,4.0,2.0,0.0,0.0,3632.02,2.77,4,6,18,1,28,7,0,0,1,1,38.66
690,23.58,86.25,4,28800.0,0.4892,1.0,0.4892,1.0,4.0,4.0,0.0,0.0,3632.02,3.19,4,5,4,2,28,7,0,1,1,1,28.56
700,31.14,87.5,6,28800.0,0.5826,1.0,0.5826,1.0,6.0,6.0,0.0,0.0,3632.02,3.58,4,5,13,2,28,7,0,0,1,1,19.21
632,31.98,79.0,3,28800.0,0.6046,1.0,0.6046,1.0,3.0,3.0,0.0,0.0,3632.02,3.66,4,4,15,2,28,7,0,0,1,1,17.26
783,33.17,97.88,4,28800.0,0.8159,1.0,0.8159,1.0,6.0,6.0,0.0,0.0,3632.02,4.06,4,4,1,3,28,7,0,1,1,1,7.66
843,9.1,115.88,3,26189.0,0.2351,0.9093,0.2585,1.0,3.0,3.0,0.0,0.0,3632.02,4.27,4,4,6,3,28,7,0,0,1,1,2.69
602,41.81,81.77,2,26502.0,0.7619,0.9202,0.828,1.0,2.0,2.0,0.0,0.0,3740.22,4.59,5,4,14,3,28,7,0,0,1,1,198.88
621,12.09,81.74,6,27351.0,0.229,0.9497,0.2411,1.0,4.0,4.0,0.0,0.0,3740.22,5.04,5,4,0,4,28,7,0,1,1,1,187.99
824,20.47,103.0,4,28800.0,0.3708,1.0,0.4635,1.0,5.0,4.0,0.0,0.0,3740.22,5.34,5,4,8,4,28,7,0,0,1,1,180.83
749,20.68,93.62,6,28800.0,0.4736,1.0,0.4736,1.0,6.0,6.0,0.0,0.0,3740.22,5.65,5,4,15,4,28,7,0,0,1,1,173.54
792,24.08,99.0,4,28800.0,0.652,1.0,0.652,1.0,5.0,5.0,0.0,0.0,3740.22,6.11,3,3,2,5,28,7,1,1,1,1,162.36
690,22.78,86.25,5,28800.0,0.5029,1.0,0.5029,1.0,5.0,5.0,0.0,0.0,3740.22,6.54,3,3,12,5,28,7,1,0,1,1,152.18
703,19.38,87.88,5,28800.0,0.4345,1.0,0.4345,1.0,3.0,3.0,0.0,0.0,3740.22,7.07,2,3,1,6,28,7,1,1,1,1,139.26
698,16.38,87.25,4,28800.0,0.3081,1.0,0.3851,1.0,5.0,4.0,0.0,0.0,3740.22,7.55,2,3,13,6,28,7,1,0,1,1,127.89
730,33.77,91.25,3,28800.0,0.6943,1.0,0.6943,1.0,3.0,3.0,0.0,0.0,3740.22,7.6,2,3,14,6,28,7,1,0,1,1,126.71
741,45.81,92.62,3,28800.0,1.0,1.0,1.0,1.0,3.0,3.0,0.0,0.0,3740.22,7.97,2,3,23,6,28,7,1,1,1,1,117.64
769,31.61,109.45,4,25715.625,0.5962,0.8929374999999999,0.8486,1.0,5.0,4.0,0.0,0.0,3740.22,8.41,2,3,9,0,29,7,0,0,1,1,107.16
746,31.07,122.14,3,25715.625,0.7174,0.8929374999999999,0.9398,1.0,3.0,3.0,0.0,0.0,3740.22,8.67,1,3,15,0,29,7,0,0,1,1,101.03
810,41.6,113.31,1,25735.0,0.8936,0.8936,1.0,1.0,5.0,5.0,0.0,0.0,3830.57,0.03,1,4,3,1,29,7,0,1,1,1,89.69
731,24.41,91.38,2,28800.0,0.5193,1.0,0.5193,1.0,2.0,2.0,0.0,0.0,3830.57,0.28,1,4,9,1,29,7,0,0,1,1,83.74
788,39.23,98.5,4,28800.0,0.8383,1.0,0.8383,1.0,4.0,4.0,0.0,0.0,3830.57,0.59,1,4,16,1,29,7,0,0,1,1,76.09
686,16.96,85.75,5,28800.0,0.3999,1.0,0.3999,1.0,5.0,5.0,0.0,0.0,3830.57,0.83,1,4,22,1,29,7,0,1,1,1,70.49
664,21.16,83.0,5,28800.0,0.3818,1.0,0.3818,1.0,5.0,5.0,0.0,0.0,3830.57,1.35,1,4,10,2,29,7,0,0,1,1,58.04
750,13.19,93.75,2,28800.0,0.3185,1.0,0.3185,1.0,2.0,2.0,0.0,0.0,3830.57,1.6,1,4,16,2,29,7,0,0,1,1,51.94
835,14.84,104.38,3,28800.0,0.3702,1.0,0.3702,1.0,3.0,3.0,0.0,0.0,3830.57,2.05,1,4,3,3,29,7,0,1,1,1,41.21
658,28.67,82.25,3,28800.0,0.6212,1.0,0.6212,1.0,3.0,3.0,0.0,0.0,3830.57,2.2,1,4,7,3,29,7,0,0,1,1,37.49
566,40.94,70.75,3,28800.0,0.6491,1.0,0.6491,1.0,3.0,3.0,0.0,0.0,3830.57,2.72,0,4,19,3,29,7,0,0,1,1,25.01
672,18.56,84.0,3,28800.0,0.4116,1.0,0.4116,1.0,4.0,4.0,0.0,0.0,3830.57,3.06,0,4,4,4,29,7,0,1,1,1,16.79
796,31.35,103.91,2,27578.0,0.8093,0.9576,0.8451,1.0,2.0,2.0,0.0,0.0,3830.57,3.45,0,4,13,4,29,7,0,0,1,1,7.53
833,20.9,106.93,4,28045.0,0.4839,0.9738,0.4969,1.0,4.0,4.0,0.0,0.0,3830.57,3.62,0,4,17,4,29,7,0,0,1,1,3.58
780,23.06,99.79,4,28140.0,0.6035,0.9771,0.6176,1.0,1.0,1.0,0.0,0.0,3867.93,4.07,1,4,4,5,29,7,1,1,1,1,145.82
636,38.0,79.5,6,28800.0,0.7345,1.0,0.7345,1.0,6.0,6.0,0.0,0.0,3867.93,4.3,1,4,9,5,29,7,1,0,1,1,140.17
660,44.47,82.5,5,28800.0,0.797,1.0,0.797,1.0,5.0,5.0,0.0,0.0,3867.93,4.5,1,4,14,5,29,7,1,0,1,1,135.5
673,35.24,84.12,1,28800.0,0.6709,1.0,0.6709,1.0,5.0,5.0,0.0,0.0,3867.93,5.03,1,4,3,6,29,7,1,1,1,1,122.65
756,13.26,107.33,5,25715.625,0.305,0.8929374999999999,0.3464,1.0,5.0,5.0,0.0,0.0,3867.93,5.37,1,5,11,6,29,7,1,0,1,1,114.58
655,17.25,88.45,4,26658.0,0.2374,0.9256,0.3206,1.0,5.0,4.0,0.0,0.0,3916.77,0.28,1,5,20,6,29,7,1,0,1,1,105.92
740,28.13,105.85,5,25715.625,0.6265,0.8929374999999999,0.7169,1.0,5.0,5.0,0.0,0.0,3916.77,0.39,1,5,22,6,29,7,1,1,1,1,103.33
682,35.46,85.25,6,28800.0,0.6763,1.0,0.6763,1.0,6.0,6.0,0.0,0.0,3916.77,0.76,1,5,7,0,30,7,0,0,1,1,94.45
725,19.64,90.62,5,28800.0,0.4083,1.0,0.4083,1.0,5.0,5.0,0.0,0.0,3916.77,1.05,1,5,14,0,30,7,0,0,1,1,87.48
619,39.0,77.38,4,28800.0,0.7955,1.0,0.7955,1.0,4.0,4.0,0.0,0.0,3916.77,1.39,1,5,22,0,30,7,0,1,1,1,79.33
704,37.6,111.7,6,25715.625,0.7468,0.8929374999999999,0.9479,1.0,6.0,6.0,0.0,0.0,3916.77,1.98,1,5,12,1,30,7,0,0,1,1,65.2
770,41.04,127.48,4,25715.625,0.604,0.8929374999999999,1.0,1.0,5.0,4.0,0.0,0.0,3916.77,2.19,1,6,17,1,30,7,0,0,1,1,60.0
823,21.31,117.36,4,25715.625,0.591,0.8929374999999999,0.6742,1.0,2.0,2.0,0.0,0.0,3975.79,0.39,1,6,4,2,30,7,0,1,1,1,49.55
720,32.84,90.0,4,28800.0,0.7568,1.0,0.7568,1.0,4.0,4.0,0.0,0.0,3975.79,0.75,1,6,13,2,30,7,0,0,1,1,40.97
604,32.92,75.5,3,28800.0,0.5593,1.0,0.5593,1.0,3.0,3.0,0.0,0.0,3975.79,1.03,1,6,19,2,30,7,0,0,1,1,34.18
780,14.72,97.5,2,28800.0,0.3004,1.0,0.3004,1.0,3.0,3.0,0.0,0.0,3975.79,1.44,1,6,5,3,30,7,0,1,1,1,24.35
625,21.3,78.12,5,28800.0,0.3529,1.0,0.3529,1.0,5.0,5.0,0.0,0.0,3975.79,1.64,1,6,10,3,30,7,0,0,1,1,19.75
738,22.64,92.25,6,28800.0,0.5327,1.0,0.5327,1.0,6.0,6.0,0.0,0.0,3975.79,2.05,1,6,20,3,30,7,0,0,1,1,9.78
706,27.7,88.25,3,28800.0,0.5293,1.0,0.5293,1.0,6.0,5.0,0.0,0.0,3975.79,2.3,1,6,2,4,30,7,0,1,1,1,3.82
797,9.43,103.17,6,27811.0,0.2244,0.9657,0.2324,1.0,6.0,6.0,0.0,0.0,3975.79,2.5,2,6,6,4,30,7,0,0,1,1,154.78
687,19.78,90.49,2,27331.0,0.4129,0.949,0.4351,1.0,2.0,2.0,0.0,0.0,4005.48,3.0,2,6,19,4,30,7,0,0,1,1,142.69
663,29.41,89.09,5,26791.0,0.4905,0.9302,0.6328,1.0,5.0,4.0,0.0,0.0,4005.48,3.27,1,6,1,5,30,7,1,1,1,1,136.18
671,39.78,90.4,6,26722.0,0.7919,0.9278,0.8535,1.0,6.0,6.0,0.0,0.0,4127.78,0.14,1,7,18,5,30,7,1,0,1,1,118.88
826,22.21,115.57,4,25730.0,0.4373,0.8934,0.6119,1.0,5.0,5.0,0.0,0.0,4127.78,0.51,1,7,3,6,30,7,1,1,1,1,110.06
737,17.84,92.12,3,28800.0,0.3703,1.0,0.3703,1.0,3.0,3.0,0.0,0.0,4127.78,0.77,1,7,9,6,30,7,1,0,1,1,103.88
823,38.35,102.88,5,28800.0,0.9364,1.0,0.9364,1.0,4.0,4.0,0.0,0.0,4127.78,1.48,1,7,3,0,31,7,0,1,1,1,86.69
795,27.73,99.38,6,28800.0,0.5877,1.0,0.5877,1.0,6.0,6.0,0.0,0.0,4127.78,1.82,1,7,11,0,31,7,0,0,1,1,78.66
620,21.35,77.5,2,28800.0,0.3552,1.0,0.3552,1.0,2.0,2.0,0.0,0.0,4127.78,1.98,1,7,14,0,31,7,0,0,1,1,74.84
632,23.48,79.0,4,28800.0,0.393,1.0,0.393,1.0,3.0,3.0,0.0,0.0,4127.78,2.37,1,7,0,1,31,7,0,1,1,1,65.51
719,30.22,89.88,5,28800.0,0.738,1.0,0.738,1.0,5.0,5.0,0.0,0.0,4127.78,2.87,1,6,12,1,31,7,0,0,1,1,53.41
699,31.75,87.38,2,28800.0,0.6696,1.0,0.6696,1.0,2.0,2.0,0.0,0.0,4127.78,3.07,1,6,17,1,31,7,0,0,1,1,48.69
741,30.51,92.62,3,28800.0,0.7472,1.0,0.7472,1.0,8.0,8.0,0.0,0.0,4127.78,3.44,1,6,2,2,31,7,0,1,1,1,39.63
734,30.12,91.75,4,28800.0,0.6201,1.0,0.6201,1.0,4.0,4.0,0.0,0.0,4127.78,3.73,1,6,9,2,31,7,0,0,1,1,32.68
703,24.42,87.88,3,28800.0,0.4806,1.0,0.4806,1.0,3.0,3.0,0.0,0.0,4127.78,4.15,1,6,19,2,31,7,0,0,1,1,22.64
843,30.74,105.38,8,28800.0,0.7748,1.0,0.7748,1.0,2.0,2.0,0.0,0.0,4127.78,4.38,1,6,0,3,31,7,0,1,1,1,17.09
822,19.81,106.21,4,27863.0,0.5443,0.9675,0.5626,1.0,4.0,4.0,0.0,0.0,4127.78,4.65,1,6,7,3,31,7,0,0,1,1,10.63
728,33.82,94.45,4,27748.0,0.7141,0.9635,0.7412,1.0,4.0,4.0,0.0,0.0,4127.78,5.02,1,6,15,3,31,7,0,0,1,1,1.78
940,41.39,137.29,5,25715.625,0.8559,0.8929374999999999,1.0,1.0,5.0,5.0,0.0,0.0,116.42,,1,0,19,6,5,2,1,0,3,2,99.9
921,38.85,115.12,6,28800.0,1.0,1.0,1.0,1.0,6.0,6.0,0.0,0.0,116.42,,1,0,8,0,6,2,0,0,3,2,86.93
1050,24.25,131.25,4,28800.0,0.8746,1.0,0.8746,1.0,4.0,4.0,0.0,0.0,116.42,,1,0,20,0,6,2,0,0,3,2,74.78
1050,11.38,131.25,3,28800.0,0.3332,1.0,0.3332,1.0,1.0,1.0,0.0,0.0,116.42,,1,0,1,1,6,2,0,1,3,2,69.35
955,16.3,119.38,3,28800.0,0.5342,1.0,0.5342,1.0,3.0,3.0,0.0,0.0,116.42,,1,0,7,1,6,2,0,0,3,2,63.93
980,13.18,122.5,3,28800.0,0.3498,1.0,0.3498,1.0,3.0,3.0,0.0,0.0,116.42,,1,0,14,1,6,2,0,0,3,2,56.97
931,37.39,116.38,1,28800.0,0.9769,1.0,0.9769,1.0,4.0,4.0,0.0,0.0,116.42,,1,0,0,2,6,2,0,1,3,2,46.52
944,27.04,118.0,6,28800.0,0.8784,1.0,0.8784,1.0,6.0,6.0,0.0,0.0,116.42,,1,0,12,2,6,2,0,0,3,2,34.53
925,27.48,115.62,3,28800.0,0.6263,1.0,0.8351,1.0,4.0,3.0,0.0,0.0,116.42,,1,0,19,2,6,2,0,0,3,2,27.72
880,41.91,110.0,4,28800.0,1.0,1.0,1.0,1.0,4.0,4.0,0.0,0.0,116.42,,1,0,23,2,6,2,0,1,3,2,23.8
1050,35.16,152.26,5,25715.625,0.862,0.8929374999999999,1.0,1.0,5.0,5.0,0.0,0.0,116.42,,1,0,13,3,6,2,0,0,3,2,9.93
969,33.01,140.33,2,25715.625,0.8631,0.8929374999999999,1.0,1.0,2.0,2.0,0.0,0.0,116.42,,1,0,16,3,6,2,0,0,3,2,6.35
756,29.84,115.44,6,25715.625,0.5945,0.8929374999999999,0.7263,1.0,2.0,2.0,0.0,0.0,186.85,,2,0,4,4,6,2,0,1,3,2,69.25
972,16.79,121.5,5,28800.0,0.4218,1.0,0.5062,1.0,6.0,5.0,0.0,0.0,186.85,,2,0,7,4,6,2,0,0,3,2,65.57
1050,18.29,131.25,2,28800.0,0.5662,1.0,0.5662,1.0,2.0,2.0,0.0,0.0,186.85,,2,0,15,4,6,2,0,0,3,2,57.89
915,18.22,114.38,2,28800.0,0.433,1.0,0.433,1.0,5.0,5.0,0.0,0.0,186.85,,2,0,3,5,6,2,1,1,3,2,45.55
895,44.16,111.88,2,28800.0,0.6667,1.0,1.0,1.0,3.0,2.0,0.0,0.0,186.85,,2,0,8,5,6,2,1,0,3,2,41.25
995,49.21,124.38,3,28800.0,0.75,1.0,1.0,1.0,4.0,3.0,0.0,0.0,186.85,,2,0,21,5,6,2,1,0,3,2,28.37
894,23.46,111.75,5,28800.0,0.6956,1.0,0.6956,1.0,5.0,5.0,0.0,0.0,186.85,,2,0,22,5,6,2,1,1,3,2,26.85
1025,38.27,128.12,2,28800.0,1.0,1.0,1.0,1.0,2.0,2.0,0.0,0.0,186.85,,1,0,13,6,6,2,1,0,3,2,12.22
875,43.32,109.38,4,28800.0,1.0,1.0,1.0,1.0,4.0,4.0,0.0,0.0,186.85,,1,0,18,6,6,2,1,0,3,2,6.55
1050,28.3,131.25,4,28800.0,0.9512,1.0,0.9512,1.0,4.0,4.0,0.0,0.0,186.85,,1,0,22,6,6,2,1,1,3,2,3.19
876,15.4,111.08,3,28391.0,0.3775,0.9858,0.3829,1.0,3.0,3.0,0.0,0.0,220.09,,2,0,11,0,7,2,0,0,3,2,23.77
829,20.1,104.4,3,28587.0,0.4528,0.9926,0.4562,1.0,3.0,3.0,0.0,0.0,220.09,,2,0,14,0,7,2,0,0,3,2,20.5
1050,40.48,132.32,3,28567.0,0.9919,0.9919,1.0,1.0,3.0,3.0,0.0,0.0,220.09,,2,0,1,1,7,2,0,1,3,2,9.52
990,19.39,133.38,2,26720.0,0.6115,0.9278,0.6591,1.0,2.0,2.0,0.0,0.0,220.09,,2,0,10,1,7,2,0,0,3,2,0.22
725,15.04,97.57,4,26750.0,0.2803,0.9288,0.3773,1.0,5.0,4.0,0.0,0.0,244.77,,3,0,16,1,7,2,0,0,3,2,50.0
863,51.26,112.74,3,27558.0,0.9569,0.9569,1.0,1.0,3.0,3.0,0.0,0.0,244.77,,3,0,2,2,7,2,0,1,3,2,39.92
1050,23.88,131.25,6,28800.0,0.8473,1.0,0.8473,1.0,6.0,6.0,0.0,0.0,244.77,,3,1,13,2,7,2,0,0,3,2,28.85
1032,39.72,129.0,2,28800.0,1.0,1.0,1.0,1.0,2.0,2.0,0.0,0.0,271.55,,3,1,20,2,7,2,0,0,3,2,21.45
1050,36.91,131.25,3,28800.0,1.0,1.0,1.0,1.0,5.0,5.0,0.0,0.0,271.55,,3,1,2,3,7,2,0,1,3,2,15.69
960,11.45,138.84,2,25715.625,0.3316,0.8929374999999999,0.3837,1.0,2.0,2.0,0.0,0.0,271.55,,3,1,6,3,7,2,0,0,3,2,11.72
929,28.96,132.3,4,25715.625,0.8067,0.8929374999999999,0.9191,1.0,4.0,4.0,0.0,0.0,271.55,,4,1,20,3,7,2,0,0,3,2,116.52
863,37.78,128.28,5,25715.625,0.8409,0.8929374999999999,1.0,1.0,4.0,4.0,0.0,0.0,290.89,,3,1,5,4,7,2,0,1,3,2,107.15
1050,22.67,141.9,2,26638.0,0.7291,0.9249,0.7883,1.0,2.0,2.0,0.0,0.0,290.89,,3,1,12,4,7,2,0,0,3,2,100.25
1050,26.42,149.45,3,25715.625,0.8644,0.8929374999999999,0.9843,1.0,3.0,3.0,0.0,0.0,290.89,,3,2,18,4,7,2,0,0,3,2,94.24
998,11.77,142.24,4,25715.625,0.3305,0.8929374999999999,0.3769,1.0,3.0,3.0,0.0,0.0,384.57,0.38,3,2,4,5,7,2,1,1,3,2,84.65
955,42.12,119.38,6,28800.0,1.0,1.0,1.0,1.0,6.0,6.0,0.0,0.0,384.57,0.49,3,2,7,5,7,2,1,0,3,2,81.89
986,36.49,123.25,2,28800.0,0.6279,1.0,0.9418,1.0,3.0,2.0,0.0,0.0,384.57,1.01,3,2,19,5,7,2,1,0,3,2,69.37
1050,35.58,131.25,3,28800.0,1.0,1.0,1.0,1.0,3.0,3.0,0.0,0.0,384.57,1.31,3,2,2,6,7,2,1,1,3,2,62.27
792,30.54,99.0,2,28800.0,0.8102,1.0,0.8102,1.0,2.0,2.0,0.0,0.0,384.57,1.65,3,2,10,6,7,2,1,0,3,2,53.99
917,14.64,114.62,4,28800.0,0.3528,1.0,0.441,1.0,5.0,4.0,0.0,0.0,384.57,1.84,3,2,15,6,7,2,1,0,3,2,49.52
976,31.95,122.0,3,28800.0,1.0,1.0,1.0,1.0,3.0,3.0,0.0,0.0,384.57,2.37,2,2,4,0,8,2,0,1,3,2,36.72
1050,33.08,131.25,5,28800.0,1.0,1.0,1.0,1.0,5.0,5.0,0.0,0.0,384.57,2.75,2,2,13,0,8,2,0,0,3,2,27.69
907,21.04,113.38,4,28800.0,0.6516,1.0,0.6516,1.0,4.0,4.0,0.0,0.0,384.57,2.87,2,2,16,0,8,2,0,0,3,2,24.87
1022,43.63,127.75,3,28800.0,1.0,1.0,1.0,1.0,6.0,6.0,0.0,0.0,384.57,3.28,2,2,1,1,8,2,0,1,3,2,15.0
1050,38.35,131.25,2,28800.0,1.0,1.0,1.0,1.0,2.0,2.0,0.0,0.0,384.57,3.47,2,2,6,1,8,2,0,0,3,2,10.39
902,10.87,112.75,2,28800.0,0.2618,1.0,0.2618,1.0,2.0,2.0,0.0,0.0,384.57,3.81,1,2,14,1,8,2,0,0,3,2,2.15
853,30.38,106.62,6,28800.0,0.7413,1.0,0.7413,1.0,2.0,2.0,0.0,0.0,468.78,4.4,2,2,4,2,8,2,0,1,3,2,78.91
987,26.92,123.38,3,28800.0,0.9219,1.0,0.9219,1.0,3.0,3.0,0.0,0.0,468.78,4.76,2,2,13,2,8,2,0,0,3,2,70.23
967,29.78,120.88,2,28800.0,0.9536,1.0,0.9536,1.0,2.0,2.0,0.0,0.0,468.78,5.0,2,2,19,2,8,2,0,0,3,2,64.44
1050,32.14,131.25,2,28800.0,1.0,1.0,1.0,1.0,3.0,3.0,0.0,0.0,468.78,5.28,2,2,1,3,8,2,0,1,3,2,57.84
883,25.85,110.38,4,28800.0,0.7128,1.0,0.7128,1.0,4.0,4.0,0.0,0.0,468.78,5.68,2,2,11,3,8,2,0,0,3,2,48.24
930,27.68,116.25,6,28800.0,0.753,1.0,0.753,1.0,6.0,6.0,0.0,0.0,468.78,5.97,1,2,18,3,8,2,0,0,3,2,41.18
1050,18.06,131.25,3,28800.0,0.5695,1.0,0.5695,1.0,6.0,6.0,0.0,0.0,468.78,6.42,1,2,5,4,8,2,0,1,3,2,30.38
990,32.4,123.75,5,28800.0,0.7829,1.0,0.9395,1.0,6.0,5.0,0.0,0.0,468.78,6.51,1,2,7,4,8,2,0,0,3,2,28.16
852,19.85,106.5,4,28800.0,0.4186,1.0,0.5233,1.0,5.0,4.0,0.0,0.0,468.78,6.81,1,2,14,4,8,2,0,0,3,2,21.11
813,20.96,101.62,6,28800.0,0.5189,1.0,0.5189,1.0,3.0,3.0,0.0,0.0,468.78,7.31,1,2,2,5,8,2,1,1,3,2,8.96
1025,14.07,129.91,5,28404.0,0.4836,0.9862,0.4904,1.0,5.0,5.0,0.0,0.0,468.78,7.47,1,2,6,5,8,2,1,0,3,2,5.33
883,25.25,112.46,3,28265.0,0.7484,0.9814,0.7626,1.0,3.0,3.0,0.0,0.0,487.53,7.82,2,2,14,5,8,2,1,0,3,2,16.23
1050,25.12,134.73,3,28057.0,0.9042,0.9742,0.9281,1.0,4.0,4.0,0.0,0.0,487.53,8.37,2,2,4,6,8,2,1,1,3,2,3.08
1050,19.37,139.21,6,27153.0,0.6074,0.9428,0.6442,1.0,6.0,6.0,0.0,0.0,563.54,8.69,3,2,11,6,8,2,1,0,3,2,72.38
1001,28.5,129.23,4,27886.0,0.9354,0.9683,0.966,1.0,3.0,3.0,0.0,0.0,563.54,9.31,3,2,2,0,9,2,0,1,3,2,57.38
965,47.71,120.62,3,28800.0,0.75,1.0,1.0,1.0,4.0,3.0,0.0,0.0,563.54,9.56,3,2,8,0,9,2,0,0,3,2,51.51
971,28.51,121.38,5,28800.0,0.776,1.0,0.9312,1.0,6.0,5.0,0.0,0.0,563.54,10.1,3,2,21,0,9,2,0,0,3,2,38.41
1050,36.3,131.25,3,28800.0,1.0,1.0,1.0,1.0,3.0,3.0,0.0,0.0,563.54,10.13,3,2,22,0,9,2,0,1,3,2,37.81
1050,41.49,131.25,6,28800.0,1.0,1.0,1.0,1.0,6.0,6.0,0.0,0.0,563.54,10.65,3,2,10,1,9,2,0,0,3,2,25.13
968,27.69,121.0,2,28800.0,0.8964,1.0,0.8964,1.0,2.0,2.0,0.0,0.0,563.54,10.8,3,2,14,1,9,2,0,0,3,2,21.73
1033,20.83,129.12,1,28800.0,0.6051,1.0,0.6051,1.0,4.0,4.0,0.0,0.0,563.54,11.31,2,2,2,2,9,2,0,1,3,2,9.33
844,17.63,105.5,4,28800.0,0.4621,1.0,0.4621,1.0,4.0,4.0,0.0,0.0,563.54,11.5,2,2,7,2,9,2,0,0,3,2,4.76
1003,23.87,125.38,3,28800.0,0.5879,1.0,0.7839,1.0,4.0,3.0,0.0,0.0,656.32,12.05,3,2,20,2,9,2,0,0,3,2,90.27
927,35.57,115.88,4,28800.0,0.8826,1.0,0.8826,1.0,2.0,2.0,0.0,0.0,656.32,12.39,3,2,4,3,9,2,0,1,3,2,81.99
901,12.02,112.62,6,28800.0,0.325,1.0,0.325,1.0,6.0,6.0,0.0,0.0,656.32,12.47,3,2,6,3,9,2,0,0,3,2,80.17
788,28.82,98.5,4,28800.0,0.776,1.0,0.776,1.0,4.0,4.0,0.0,0.0,656.32,12.98,3,2,18,3,9,2,0,0,3,2,67.99
1050,41.27,131.25,2,28800.0,1.0,1.0,1.0,1.0,2.0,2.0,0.0,0.0,656.32,13.19,3,2,23,3,9,2,0,1,3,2,62.97
936,26.27,117.0,2,28800.0,0.7758,1.0,0.7758,1.0,2.0,2.0,0.0,0.0,656.32,13.65,3,2,10,4,9,2,0,0,3,2,51.77
991,27.86,123.88,4,28800.0,0.7288,1.0,0.7288,1.0,4.0,4.0,0.0,0.0,656.32,13.99,3,2,19,4,9,2,0,0,3,2,43.71
955,36.19,119.38,3,28800.0,0.9732,1.0,0.9732,1.0,5.0,5.0,0.0,0.0,656.32,14.31,3,2,2,5,9,2,1,1,3,2,36.11
940,13.03,117.5,4,28800.0,0.3189,1.0,0.3189,1.0,4.0,4.0,0.0,0.0,656.32,14.69,3,2,11,5,9,2,1,0,3,2,26.96
899,20.81,112.38,4,28800.0,0.5185,1.0,0.5185,1.0,4.0,4.0,0.0,0.0,656.32,15.03,2,2,20,5,9,2,1,0,3,2,18.67
925,20.51,115.62,5,28800.0,0.6125,1.0,0.6125,1.0,4.0,4.0,0.0,0.0,656.32,15.4,2,2,4,6,9,3,1,1,3,2,9.91
883,10.68,114.3,2,27811.0,0.2842,0.9657,0.2943,1.0,2.0,2.0,0.0,0.0,656.32,15.5,1,2,7,6,9,3,1,0,3,2,7.46
943,35.81,119.7,5,28361.0,0.9848,0.9848,1.0,1.0,5.0,5.0,0.0,0.0,744.97,15.94,2,2,17,6,9,3,1,0,3,2,194.48
925,25.33,115.62,5,28800.0,0.7461,1.0,0.7461,1.0,5.0,5.0,0.0,0.0,744.97,16.69,2,2,11,0,10,3,0,0,3,2,176.38
805,38.23,100.62,4,28800.0,0.8352,1.0,0.8352,1.0,4.0,4.0,0.0,0.0,744.97,16.79,2,2,14,0,10,3,0,0,3,2,174.06
857,29.08,107.12,5,28800.0,0.71,1.0,0.71,1.0,5.0,5.0,0.0,0.0,744.97,17.17,2,2,23,0,10,3,0,1,3,2,164.9
1010,31.56,126.25,3,28800.0,0.9181,1.0,0.9181,1.0,3.0,3.0,0.0,0.0,744.97,17.54,2,2,8,1,10,3,0,0,3,2,155.93
803,39.9,100.38,6,28800.0,0.9555,1.0,0.9555,1.0,6.0,6.0,0.0,0.0,744.97,17.99,2,2,18,1,10,3,0,0,3,2,145.28
1050,40.34,131.25,6,28800.0,1.0,1.0,1.0,1.0,2.0,2.0,0.0,0.0,744.97,18.38,2,2,4,2,10,3,0,1,3,2,135.93
915,50.89,114.38,4,28800.0,1.0,1.0,1.0,1.0,4.0,4.0,0.0,0.0,744.97,18.45,2,2,6,2,10,3,0,0,3,2,134.23
1050,15.21,131.25,3,28800.0,0.482,1.0,0.482,1.0,3.0,3.0,0.0,0.0,744.97,19.0,1,2,19,2,10,3,0,0,3,2,120.9
912,33.76,114.0,2,28800.0,0.8468,1.0,0.8468,1.0,6.0,6.0,0.0,0.0,744.97,19.35,1,2,3,3,10,3,0,1,3,2,112.53
975,14.95,123.88,4,28334.0,0.4902,0.9838,0.4983,1.0,4.0,4.0,0.0,0.0,827.21,19.57,2,2,8,3,10,3,0,0,3,2,107.35
1006,40.18,129.28,6,28013.0,0.9727,0.9727,1.0,1.0,6.0,6.0,0.0,0.0,827.21,19.79,2,2,14,3,10,3,0,0,3,2,102.0
1015,20.88,129.05,6,28315.0,0.6267,0.9832,0.6374,1.0,3.0,3.0,0.0,0.0,827.21,20.39,2,2,4,4,10,3,0,1,3,2,87.56
1050,19.75,131.25,2,28800.0,0.5429,1.0,0.5429,1.0,2.0,2.0,0.0,0.0,827.21,20.61,2,2,9,4,10,3,0,0,3,2,82.46
829,24.64,103.62,5,28800.0,0.5964,1.0,0.5964,1.0,5.0,5.0,0.0,0.0,827.21,21.02,2,2,19,4,10,3,0,0,3,2,72.46
1002,46.4,125.25,3,28800.0,1.0,1.0,1.0,1.0,3.0,3.0,0.0,0.0,827.21,21.27,2,2,1,5,10,3,1,1,3,2,66.55
1050,36.4,131.25,4,28800.0,0.8,1.0,1.0,1.0,5.0,4.0,0.0,0.0,827.21,21.64,2,2,10,5,10,3,1,0,3,2,57.71
998,36.09,124.75,2,28800.0,0.9942,1.0,0.9942,1.0,2.0,2.0,0.0,0.0,827.21,22.0,2,2,19,5,10,3,1,0,3,2,48.88
949,19.86,118.62,3,28800.0,0.5671,1.0,0.5671,1.0,6.0,5.0,0.0,0.0,827.21,22.24,2,2,1,6,10,3,1,1,3,2,43.13
992,15.55,130.12,2,27446.0,0.4512,0.953,0.4735,1.0,2.0,2.0,0.0,0.0,827.21,22.68,2,2,11,6,10,3,1,0,3,2,32.56
924,24.92,118.72,5,28019.0,0.5537,0.9729,0.683,1.0,5.0,5.0,0.0,0.0,851.85,23.38,2,2,4,0,11,3,0,1,3,2,15.93
852,39.36,106.5,3,28800.0,1.0,1.0,1.0,1.0,3.0,3.0,0.0,0.0,851.85,23.69,2,2,11,0,11,3,0,0,3,2,8.46
943,27.73,117.88,2,28800.0,0.5008,1.0,0.7511,1.0,3.0,2.0,0.0,0.0,851.85,23.96,2,2,18,0,11,3,0,0,3,2,2.03
1050,35.63,131.25,5,28800.0,1.0,1.0,1.0,1.0,4.0,4.0,0.0,0.0,888.74,24.42,2,2,5,1,11,3,0,1,3,2,33.69
1005,26.76,125.62,5,28800.0,0.9272,1.0,0.9272,1.0,5.0,5.0,0.0,0.0,888.74,24.76,2,2,13,1,11,3,0,0,3,2,25.42
820,20.35,102.5,3,28800.0,0.3221,1.0,0.4294,1.0,4.0,3.0,0.0,0.0,888.74,24.783749,2,2,16,1,11,3,0,0,3,2,22.8
1050,21.27,131.25,4,28800.0,0.622,1.0,0.622,1.0,5.0,5.0,0.0,0.0,888.74,24.783749,2,2,5,2,11,3,0,1,3,2,9.49
916,27.25,138.88,5,25715.625,0.8135,0.8929374999999999,0.9868,1.0,5.0,5.0,0.0,0.0,888.74,24.783749,2,2,13,2,11,3,0,0,3,2,1.34
839,38.29,138.18,3,25715.625,0.759,0.8929374999999999,1.0,1.0,3.0,3.0,0.0,0.0,888.74,24.783749,2,2,14,2,11,3,0,0,3,2,0.35
1037,12.35,147.82,5,25715.625,0.4014,0.8929374999999999,0.4578,1.0,3.0,2.0,0.0,0.0,899.56,24.783749,4,2,0,3,11,3,0,1,3,2,9.67
870,27.65,130.03,6,25715.625,0.6915,0.8929374999999999,0.8268,1.0,6.0,6.0,0.0,0.0,901.56,24.783749,4,2,8,3,11,3,0,0,3,2,1.57
1050,51.17,155.1,5,25715.625,0.8462,0.8929374999999999,1.0,1.0,5.0,5.0,0.0,0.0,1068.45,24.783749,5,2,18,3,11,3,0,0,3,2,160.95
1050,37.6,165.0,2,25715.625,0.5304,0.8929374999999999,1.0,1.0,3.0,2.0,0.0,0.0,1068.45,24.783749,5,2,23,3,11,3,0,1,3,2,156.61
971,43.19,121.38,4,28800.0,1.0,1.0,1.0,1.0,4.0,4.0,0.0,0.0,1068.45,24.783749,5,2,10,4,11,3,0,0,3,2,144.96
1040,34.11,130.0,4,28800.0,0.9876,1.0,0.9876,1.0,4.0,4.0,0.0,0.0,1068.45,24.783749,5,1,20,4,11,3,0,0,3,2,135.03
976,37.21,122.0,2,28800.0,1.0,1.0,1.0,1.0,5.0,5.0,0.0,0.0,1068.45,24.783749,5,1,4,5,11,3,1,1,3,2,127.31
1041,27.94,130.12,5,28800.0,0.9918,1.0,0.9918,1.0,5.0,5.0,0.0,0.0,1068.45,24.783749,5,1,10,5,11,3,1,0,3,2,120.68
794,38.51,99.25,2,28800.0,1.0,1.0,1.0,1.0,2.0,2.0,0.0,0.0,1068.45,24.783749,5,1,19,5,11,3,1,0,3,2,112.61
852,33.06,106.5,5,28800.0,0.7804,1.0,0.7804,1.0,6.0,6.0,0.0,0.0,1068.45,24.783749,5,1,3,6,11,3,1,1,3,2,103.8
1050,28.31,131.25,2,28800.0,0.8272,1.0,0.8272,1.0,2.0,2.0,0.0,0.0,1068.45,24.783749,5,1,12,6,11,3,1,0,3,2,95.01
1050,35.49,131.25,1,28800.0,0.5,1.0,1.0,1.0,2.0,1.0,0.0,0.0,1068.45,24.783749,4,0,21,6,11,3,1,0,3,2,85.85
999,46.33,124.88,6,28800.0,1.0,1.0,1.0,1.0,5.0,5.0,0.0,0.0,1068.45,24.783749,4,0,0,0,12,3,0,1,3,2,83.43
971,22.1,121.38,5,28800.0,0.6504,1.0,0.6504,1.0,5.0,5.0,0.0,0.0,1068.45,24.783749,4,0,11,0,12,3,0,0,3,2,72.41
954,32.4,119.25,4,28800.0,1.0,1.0,1.0,1.0,4.0,4.0,0.0,0.0,1068.45,24.783749,4,0,17,0,12,3,0,0,3,2,66.2
951,39.84,118.88,5,28800.0,1.0,1.0,1.0,1.0,2.0,2.0,0.0,0.0,1068.45,24.783749,4,0,3,1,12,3,0,1,3,2,55.78
1035,22.51,129.38,3,28800.0,0.7317,1.0,0.7317,1.0,3.0,3.0,0.0,0.0,1068.45,24.783749,4,0,11,1,12,3,0,0,3,2,48.01
1050,21.2,131.25,5,28800.0,0.6475,1.0,0.6475,1.0,5.0,5.0,0.0,0.0,1068.45,24.783749,4,0,16,1,12,3,0,0,3,2,42.8
767,40.71,95.88,2,28800.0,0.808,1.0,0.808,1.0,2.0,2.0,0.0,0.0,1068.45,24.783749,4,0,2,2,12,3,0,1,3,2,32.71
1050,24.69,131.25,5,28800.0,0.7412,1.0,0.7412,1.0,5.0,5.0,0.0,0.0,1068.45,24.783749,4,0,10,2,12,3,0,0,3,2,25.45
1050,49.01,131.25,5,28800.0,1.0,1.0,1.0,1.0,5.0,5.0,0.0,0.0,1068.45,24.783749,3,0,19,2,12,3,0,0,3,2,15.91
813,10.09,101.62,2,28800.0,0.2493,1.0,0.2493,1.0,8.0,8.0,0.0,0.0,1068.45,24.783749,2,0,2,3,12,3,0,1,3,2,9.58
961,12.78,122.11,2,28331.0,0.3724,0.9837,0.3786,1.0,2.0,2.0,0.0,0.0,1308.45,24.783749,1,0,12,3,12,3,0,0,3,2,311.42
885,27.48,112.37,5,28354.0,0.6926,0.9845,0.7035,1.0,5.0,5.0,0.0,0.0,1308.45,24.783749,1,0,19,3,12,3,0,0,3,2,304.05
1050,35.36,132.97,8,28428.0,0.9871,0.9871,1.0,1.0,4.0,4.0,0.0,0.0,1308.45,24.783749,1,0,3,4,12,3,0,1,3,2,296.57
1050,19.47,131.25,3,28800.0,0.63,1.0,0.63,1.0,3.0,3.0,0.0,0.0,1308.45,24.783749,1,0,12,4,12,3,0,0,3,2,287.89
1050,27.64,131.25,5,28800.0,0.9012,1.0,0.9012,1.0,5.0,5.0,0.0,0.0,1308.45,24.783749,1,0,20,4,12,3,0,0,3,2,279.64
926,35.57,115.75,4,28800.0,1.0,1.0,1.0,1.0,5.0,5.0,0.0,0.0,1308.45,24.783749,1,0,1,5,12,3,1,1,3,2,274.52
1050,23.37,131.25,3,28800.0,0.6369,1.0,0.6369,1.0,3.0,3.0,0.0,0.0,1308.45,24.783749,1,0,10,5,12,3,1,0,3,2,265.65
975,29.71,121.88,2,28800.0,0.9005,1.0,0.9005,1.0,2.0,2.0,0.0,0.0,1308.45,24.783749,1,0,19,5,12,3,1,0,3,2,256.35
1004,13.6,125.5,5,28800.0,0.3981,1.0,0.3981,1.0,5.0,5.0,0.0,0.0,1308.45,24.783749,1,0,23,5,12,3,1,1,3,2,252.49
1050,19.38,131.25,2,28800.0,0.5553,1.0,0.5553,1.0,2.0,2.0,0.0,0.0,1308.45,24.783749,1,0,7,6,12,3,1,0,3,2,244.42
939,39.47,117.38,6,28800.0,1.0,1.0,1.0,1.0,6.0,6.0,0.0,0.0,1308.45,24.783749,1,0,18,6,12,3,1,0,3,2,233.22
1050,13.12,131.25,6,28800.0,0.3868,1.0,0.3868,1.0,6.0,6.0,0.0,0.0,1308.45,24.783749,1,0,22,6,12,3,1,1,3,2,229.07
992,31.72,124.0,2,28800.0,0.8315,1.0,0.8315,1.0,2.0,2.0,0.0,0.0,1308.45,24.783749,1,0,10,0,13,3,0,0,3,2,216.99
1050,14.16,131.25,2,28800.0,0.4524,1.0,0.4524,1.0,2.0,2.0,0.0,0.0,1308.45,24.783749,1,0,14,0,13,3,0,0,3,2,213.92
960,30.68,120.0,2,28800.0,0.833,1.0,0.833,1.0,0.0,0.0,0.0,0.0,1308.45,24.783749,1,0,2,1,13,3,0,1,3,2,201.07
988,14.73,123.5,4,28800.0,0.4367,1.0,0.4367,1.0,4.0,4.0,0.0,0.0,1308.45,24.783749,1,0,11,1,13,3,0,0,3,2,192.8
989,15.76,123.62,4,28800.0,0.4327,1.0,0.4327,1.0,4.0,4.0,0.0,0.0,1308.45,24.783749,1,0,14,1,13,3,0,0,3,2,189.12
1050,32.93,131.25,0,28800.0,0.9565,1.0,1.0,1.0,4.0,4.0,0.0,0.0,1308.45,24.783749,1,0,1,2,13,3,0,1,3,2,178.3
1050,35.56,131.25,4,28800.0,1.0,1.0,1.0,1.0,4.0,4.0,0.0,0.0,1308.45,24.783749,1,0,11,2,13,3,0,0,3,2,168.6
1050,29.56,131.25,3,28800.0,1.0,1.0,1.0,1.0,3.0,3.0,0.0,0.0,1308.45,24.783749,1,0,20,2,13,3,0,0,3,2,159.45
789,20.92,98.62,4,28800.0,0.5011,1.0,0.5011,1.0,4.0,4.0,0.0,0.0,1308.45,24.783749,1,0,22,2,13,3,0,1,3,2,157.42
977,48.48,122.12,3,28800.0,1.0,1.0,1.0,1.0,3.0,3.0,0.0,0.0,1308.45,24.783749,1,0,7,3,13,3,0,0,3,2,148.04
955,44.34,119.38,3,28800.0,1.0,1.0,1.0,1.0,3.0,3.0,0.0,0.0,1308.45,24.783749,0,0,18,3,13,3,0,0,3,2,137.32
1019,40.91,127.38,3,28800.0,1.0,1.0,1.0,1.0,4.0,4.0,0.0,0.0,1308.45,24.783749,0,0,4,4,13,3,0,1,3,2,127.17
888,24.91,111.0,6,28800.0,0.5877,1.0,0.5877,1.0,6.0,6.0,0.0,0.0,1308.45,24.783749,0,0,9,4,13,3,0,0,3,2,122.89
909,18.33,113.62,4,28800.0,0.5653,1.0,0.5653,1.0,4.0,4.0,0.0,0.0,1308.45,24.783749,0,0,14,4,13,3,0,0,3,2,117.9
931,34.56,116.38,4,28800.0,0.9048,1.0,0.9048,1.0,4.0,4.0,0.0,0.0,1308.45,24.783749,0,0,3,5,13,3,1,1,3,2,104.7
1002,44.56,125.25,2,28800.0,1.0,1.0,1.0,1.0,2.0,2.0,0.0,0.0,1308.45,24.783749,0,0,11,5,13,3,1,0,3,2,96.7
1050,43.71,131.25,5,28800.0,1.0,1.0,1.0,1.0,5.0,5.0,0.0,0.0,1308.45,24.783749,0,0,18,5,13,3,1,0,3,2,88.99
995,43.02,124.38,4,28800.0,1.0,1.0,1.0,1.0,4.0,4.0,0.0,0.0,1308.45,24.783749,0,0,0,6,13,3,1,1,3,2,83.72
864,37.06,112.65,3,27612.0,0.8856,0.9587,0.9237,1.0,3.0,3.0,0.0,0.0,1308.45,24.783749,0,0,8,6,13,3,1,0,3,2,75.02
938,21.06,120.03,3,28134.0,0.6175,0.9769,0.6321,1.0,3.0,3.0,0.0,0.0,1379.67,24.783749,0,0,20,6,13,3,1,0,3,2,63.32
1050,31.19,131.25,5,28800.0,0.7544,1.0,0.9053,1.0,6.0,5.0,0.0,0.0,1379.67,24.783749,0,0,6,0,14,3,0,0,3,2,53.55
1050,40.23,131.25,2,28800.0,1.0,1.0,1.0,1.0,2.0,2.0,0.0,0.0,1379.67,24.783749,0,0,16,0,14,3,0,0,3,2,43.49
1010,17.34,126.25,2,28800.0,0.5829,1.0,0.5829,1.0,6.0,6.0,0.0,0.0,1379.67,24.783749,0,0,3,1,14,3,0,1,3,2,32.07
865,42.79,108.12,3,28800.0,1.0,1.0,1.0,1.0,3.0,3.0,0.0,0.0,1379.67,24.783749,0,0,13,1,14,3,0,0,3,2,22.35
884,25.46,110.5,6,28800.0,0.6455,1.0,0.6455,1.0,6.0,6.0,0.0,0.0,1379.67,24.783749,0,0,21,1,14,3,0,0,3,2,14.59
992,18.44,124.0,6,28800.0,0.6228,1.0,0.6228,1.0,3.0,3.0,0.0,0.0,1379.67,24.783749,0,0,2,2,14,4,0,1,3,2,9.15
1050,19.48,167.89,4,25715.625,0.6347,0.8929374999999999,0.8119,1.0,4.0,4.0,0.0,0.0,1379.67,24.783749,0,0,11,2,14,4,0,0,3,2,0.5
947,17.06,143.38,4,25715.625,0.3601,0.8929374999999999,0.5452,1.0,5.0,4.0,0.0,0.0,1407.27,0.01,1,1,21,2,14,4,0,0,3,2,202.34
892,31.3,137.07,3,25715.625,0.8134,0.8929374999999999,1.0,1.0,4.0,4.0,0.0,0.0,1407.27,0.1,1,1,0,3,14,4,0,1,3,2,200.08
1050,44.03,139.46,3,27104.0,0.9411,0.9411,1.0,1.0,3.0,3.0,0.0,0.0,1407.27,0.56,1,1,10,3,14,4,0,0,3,2,189.19
807,10.7,109.74,5,26474.0,0.2656,0.9192,0.289,1.0,5.0,5.0,0.0,0.0,1407.27,0.83,1,1,17,3,14,4,0,0,3,2,182.69
957,15.9,128.6,4,26791.0,0.4373,0.9302,0.4701,1.0,5.0,5.0,0.0,0.0,1500.15,1.19,2,1,2,4,14,4,0,1,3,2,173.93
876,24.71,109.5,4,28800.0,0.7416,1.0,0.7416,1.0,4.0,4.0,0.0,0.0,1500.15,1.5,2,1,9,4,14,4,0,0,3,2,166.63
1050,46.51,131.25,6,28800.0,1.0,1.0,1.0,1.0,6.0,6.0,0.0,0.0,1500.15,1.95,2,1,20,4,14,4,0,0,3,2,155.65
925,40.82,115.62,5,28800.0,1.0,1.0,1.0,1.0,4.0,4.0,0.0,0.0,1500.15,2.25,2,1,3,5,14,4,1,1,3,2,148.63
901,13.24,112.62,3,28800.0,0.3132,1.0,0.3132,1.0,3.0,3.0,0.0,0.0,1500.15,2.61,2,1,12,5,14,4,1,0,3,2,139.81
1050,37.32,131.25,5,28800.0,0.8333,1.0,1.0,1.0,6.0,5.0,0.0,0.0,1500.15,2.74,2,1,15,5,14,4,1,0,3,2,136.66
947,25.79,118.38,4,28800.0,0.6915,1.0,0.6915,1.0,7.0,7.0,0.0,0.0,1500.15,3.25,2,1,3,6,14,4,1,1,3,2,124.48
1050,36.17,131.25,4,28800.0,1.0,1.0,1.0,1.0,4.0,4.0,0.0,0.0,1500.15,3.4,2,1,7,6,14,4,1,0,3,2,120.91
1050,19.78,131.25,3,28800.0,0.4506,1.0,0.6008,1.0,4.0,3.0,0.0,0.0,1500.15,3.96,2,1,20,6,14,4,1,0,3,2,107.51
851,30.8,106.38,7,28800.0,0.7588,1.0,0.7588,1.0,4.0,4.0,0.0,0.0,1500.15,4.15,2,1,1,0,15,4,0,1,3,2,102.88
929,10.65,121.11,3,27614.0,0.3116,0.9588,0.325,1.0,3.0,3.0,0.0,0.0,1500.15,4.63,2,1,12,0,15,4,0,0,3,2,91.41
1045,42.82,134.68,4,27933.0,0.9699,0.9699,1.0,1.0,4.0,4.0,0.0,0.0,1500.15,4.81,2,1,17,0,15,4,0,0,3,2,87.03
1050,23.51,138.85,4,27223.0,0.7254,0.9452,0.7675,1.0,4.0,4.0,0.0,0.0,1574.52,5.04,2,1,22,0,15,4,0,1,3,2,81.51
1000,10.34,125.0,6,28800.0,0.3097,1.0,0.3097,1.0,6.0,6.0,0.0,0.0,1574.52,5.67,2,1,13,1,15,4,0,0,3,2,66.38
1003,14.51,125.38,6,28800.0,0.4785,1.0,0.4785,1.0,6.0,6.0,0.0,0.0,1574.52,5.9,2,1,19,1,15,4,0,0,3,2,60.91
949,28.88,118.62,1,28800.0,0.7351,1.0,0.7351,1.0,1.0,1.0,0.0,0.0,1574.52,6.05,2,1,22,1,15,4,0,1,3,2,57.34
993,26.97,124.12,2,28800.0,0.9282,1.0,0.9282,1.0,2.0,2.0,0.0,0.0,1574.52,6.44,2,1,8,2,15,4,0,0,3,2,47.86
1028,33.33,128.5,4,28800.0,1.0,1.0,1.0,1.0,4.0,4.0,0.0,0.0,1574.52,6.7,1,1,14,2,15,4,0,0,3,2,41.71
970,14.73,121.25,4,28800.0,0.2674,1.0,0.4011,1.0,6.0,4.0,0.0,0.0,1574.52,7.05,1,1,22,2,15,4,0,1,3,2,33.21
896,26.12,120.78,5,26706.0,0.6098,0.9273,0.6576,1.0,5.0,5.0,0.0,0.0,1574.52,7.58,1,1,11,3,15,4,0,0,3,2,20.61
860,20.2,116.24,4,26634.0,0.5288,0.9248,0.5718,1.0,4.0,4.0,0.0,0.0,1574.52,7.73,1,1,15,3,15,4,0,0,3,2,16.89
1050,30.33,143.32,3,26375.0,0.9158,0.9158,1.0,1.0,2.0,2.0,0.0,0.0,1582.23,0.12,0,2,3,4,15,4,0,1,3,2,4.83
1023,19.88,148.38,5,25715.625,0.5818,0.8929374999999999,0.6751,1.0,5.0,5.0,0.0,0.0,1689.86,0.55,1,2,13,4,15,4,0,0,3,2,226.22
1001,51.42,144.22,6,25715.625,0.8676,0.8929374999999999,1.0,1.0,6.0,6.0,0.0,0.0,1689.86,0.8,1,2,19,4,15,4,0,0,3,2,220.15
1014,35.33,147.46,2,25715.625,0.8596,0.8929374999999999,1.0,1.0,2.0,2.0,0.0,0.0,1689.86,0.99,1,2,0,5,15,4,1,1,3,2,215.58
1050,18.87,131.25,5,28800.0,0.4353,1.0,0.5224,1.0,6.0,5.0,0.0,0.0,1689.86,1.38,1,2,9,5,15,4,1,0,3,2,206.35
867,41.89,108.38,5,28800.0,1.0,1.0,1.0,1.0,5.0,5.0,0.0,0.0,1689.86,1.84,1,2,20,5,15,4,1,0,3,2,195.27
810,44.16,101.25,2,28800.0,1.0,1.0,1.0,1.0,2.0,2.0,0.0,0.0,1689.86,1.91,1,2,22,5,15,4,1,1,3,2,193.47
1005,42.19,125.62,4,28800.0,1.0,1.0,1.0,1.0,4.0,4.0,0.0,0.0,1689.86,2.31,1,2,7,6,15,4,1,0,3,2,184.02
983,24.56,122.88,4,28800.0,0.7512,1.0,0.7512,1.0,4.0,4.0,0.0,0.0,1689.86,2.57,1,2,14,6,15,4,1,0,3,2,177.62
1025,25.2,128.12,7,28800.0,0.8132,1.0,0.8132,1.0,3.0,3.0,0.0,0.0,1689.86,3.16,1,2,4,0,16,4,0,1,3,2,163.55
1050,12.78,131.25,3,28800.0,0.412,1.0,0.412,1.0,3.0,3.0,0.0,0.0,1689.86,3.35,1,2,8,0,16,4,0,0,3,2,158.9
907,33.26,113.38,3,28800.0,0.7013,1.0,0.935,1.0,4.0,3.0,0.0,0.0,1689.86,3.61,1,2,15,0,16,4,0,0,3,2,152.8
932,43.31,116.5,3,28800.0,1.0,1.0,1.0,1.0,8.0,8.0,0.0,0.0,1689.86,4.19,1,2,5,1,16,4,0,1,3,2,138.8
845,29.21,140.93,5,25715.625,0.7495,0.8929374999999999,1.0,1.0,5.0,5.0,0.0,0.0,1689.86,4.52,1,2,12,1,16,4,0,0,3,2,130.92
1050,44.46,150.15,3,25715.625,0.8741,0.8929374999999999,1.0,1.0,3.0,3.0,0.0,0.0,1689.86,4.57,1,2,14,1,16,4,0,0,3,2,129.8
923,44.85,144.87,8,25715.625,0.7964,0.8929374999999999,1.0,1.0,8.0,8.0,0.0,0.0,1689.86,4.91,1,3,22,1,16,4,0,1,3,2,121.53
1050,19.07,131.25,5,28800.0,0.5301,1.0,0.6362,1.0,6.0,5.0,0.0,0.0,1746.83,0.47,1,3,13,2,16,4,0,0,3,2,106.28
1041,14.98,130.12,5,28800.0,0.4804,1.0,0.4804,1.0,5.0,5.0,0.0,0.0,1746.83,0.61,1,3,16,2,16,4,0,0,3,2,103.1
1007,38.08,125.88,0,28800.0,0.0,1.0,1.0,1.0,3.0,3.0,0.0,0.0,1746.83,1.15,1,3,5,3,16,4,0,1,3,2,90.07
1032,9.72,129.0,5,28800.0,0.32,1.0,0.32,1.0,5.0,5.0,0.0,0.0,1746.83,1.34,1,3,10,3,16,4,0,0,3,2,85.47
1050,47.14,131.25,3,28800.0,1.0,1.0,1.0,1.0,3.0,3.0,0.0,0.0,1746.83,1.68,1,3,18,3,16,4,0,0,3,2,77.43
999,34.79,124.88,3,28800.0,1.0,1.0,1.0,1.0,3.0,3.0,0.0,0.0,1746.83,1.87,1,3,23,3,16,4,0,1,3,2,72.8
891,36.04,121.85,3,26325.0,0.8558,0.9141,0.9362,1.0,3.0,3.0,0.0,0.0,1746.83,2.28,0,3,8,4,16,4,0,0,3,2,62.87
1044,9.97,140.68,5,26716.0,0.2891,0.9276,0.374,1.0,6.0,5.0,0.0,0.0,1805.0,0.16,0,4,17,4,16,4,0,0,3,2,54.43
1050,43.37,146.47,1,25807.0,0.8961,0.8961,1.0,1.0,3.0,3.0,0.0,0.0,1805.0,0.51,0,4,1,5,16,4,1,1,3,2,45.88
1050,37.81,131.25,3,28800.0,1.0,1.0,1.0,1.0,3.0,3.0,0.0,0.0,1805.0,0.93,0,4,11,5,16,4,1,0,3,2,35.92
958,14.48,119.75,2,28800.0,0.3912,1.0,0.3912,1.0,2.0,2.0,0.0,0.0,1805.0,1.15,0,4,17,5,16,4,1,0,3,2,30.57
870,29.79,108.75,3,28800.0,0.6743,1.0,0.6743,1.0,4.0,4.0,0.0,0.0,1805.0,1.58,0,4,3,6,16,4,1,1,3,2,20.23
910,28.68,120.0,5,27301.0,0.8099,0.948,0.8543,1.0,5.0,5.0,0.0,0.0,1805.0,1.89,0,4,11,6,16,4,1,0,3,2,12.8
1010,11.25,133.67,6,27201.0,0.3171,0.9445,0.3357,1.0,6.0,6.0,0.0,0.0,1805.0,2.2,0,4,18,6,16,4,1,0,3,2,5.43
911,17.95,113.88,3,28800.0,0.471,1.0,0.471,1.0,3.0,3.0,0.0,0.0,1836.55,2.89,1,4,11,0,17,4,0,0,3,2,467.19
858,22.46,107.25,3,28800.0,0.5488,1.0,0.5488,1.0,3.0,3.0,0.0,0.0,1836.55,3.16,1,4,17,0,17,4,0,0,3,2,460.79
1018,31.6,127.25,5,28800.0,0.9031,1.0,0.9031,1.0,3.0,3.0,0.0,0.0,1836.55,3.65,1,4,5,1,17,4,0,1,3,2,448.86
1050,23.94,137.45,2,27501.0,0.7259,0.9549,0.7602,1.0,2.0,2.0,0.0,0.0,2076.55,3.92,1,4,11,1,17,4,0,0,3,2,442.42
877,45.02,116.07,3,27201.0,0.9445,0.9445,1.0,1.0,3.0,3.0,0.0,0.0,2076.55,4.17,1,4,17,1,17,4,0,0,3,2,436.52
829,11.97,110.56,3,26993.0,0.2919,0.9373,0.3114,1.0,4.0,4.0,0.0,0.0,2076.55,4.45,1,4,0,2,17,4,0,1,3,2,429.86
1050,28.74,131.25,4,28800.0,0.8852,1.0,0.8852,1.0,4.0,4.0,0.0,0.0,2076.55,4.79,1,4,8,2,17,4,0,0,3,2,421.61
1050,17.03,131.25,2,28800.0,0.5265,1.0,0.5265,1.0,2.0,2.0,0.0,0.0,2076.55,5.24,1,4,19,2,17,4,0,0,3,2,410.71
893,34.44,111.62,4,28800.0,1.0,1.0,1.0,1.0,3.0,3.0,0.0,0.0,2076.55,5.64,1,4,5,3,17,4,0,1,3,2,401.19
964,16.19,120.5,6,28800.0,0.4904,1.0,0.4904,1.0,6.0,6.0,0.0,0.0,2076.55,5.74,1,4,7,3,17,4,0,0,3,2,398.87
1050,25.84,131.25,6,28800.0,0.7813,1.0,0.7813,1.0,6.0,6.0,0.0,0.0,2076.55,6.19,1,4,18,3,17,4,0,0,3,2,388.11
931,31.32,116.38,3,28800.0,0.771,1.0,0.771,1.0,3.0,3.0,0.0,0.0,2076.55,6.44,1,4,0,4,17,4,0,1,3,2,381.92
1050,41.62,131.25,5,28800.0,0.8333,1.0,1.0,1.0,6.0,5.0,0.0,0.0,2076.55,6.73,1,4,7,4,17,4,0,0,3,2,375.02
993,33.57,124.12,6,28800.0,1.0,1.0,1.0,1.0,6.0,6.0,0.0,0.0,2076.55,7.12,1,4,16,4,17,4,0,0,3,2,365.72
1029,20.22,128.62,3,28800.0,0.6985,1.0,0.6985,1.0,5.0,5.0,0.0,0.0,2076.55,7.55,1,4,2,5,17,4,1,1,3,2,355.24
774,39.6,96.75,5,28800.0,0.9293,1.0,0.9293,1.0,5.0,5.0,0.0,0.0,2076.55,7.83,1,4,9,5,17,4,1,0,3,2,348.72
1030,14.92,128.75,2,28800.0,0.4403,1.0,0.4403,1.0,2.0,2.0,0.0,0.0,2076.55,8.08,1,4,15,5,17,4,1,0,3,2,342.71
974,20.22,121.75,5,28800.0,0.6551,1.0,0.6551,1.0,5.0,5.0,0.0,0.0,2076.55,8.37,1,4,22,5,17,4,1,1,3,2,335.77
789,21.39,98.62,6,28800.0,0.5594,1.0,0.5594,1.0,6.0,6.0,0.0,0.0,2076.55,8.91,1,4,11,6,17,4,1,0,3,2,322.81
900,27.69,112.5,3,28800.0,0.5134,1.0,0.8556,1.0,5.0,3.0,0.0,0.0,2076.55,9.15,1,4,17,6,17,4,1,0,3,2,317.02
1050,17.33,131.25,1,28800.0,0.5097,1.0,0.5097,1.0,4.0,4.0,0.0,0.0,2076.55,9.49,0,4,1,0,18,4,0,1,3,2,308.81
953,16.59,119.12,6,28800.0,0.4973,1.0,0.4973,1.0,6.0,6.0,0.0,0.0,2076.55,9.92,0,4,11,0,18,4,0,0,3,2,298.47
1041,21.46,130.12,3,28800.0,0.578,1.0,0.578,1.0,3.0,3.0,0.0,0.0,2076.55,10.09,0,4,15,0,18,4,0,0,3,2,294.32
1040,46.98,130.0,6,28800.0,1.0,1.0,1.0,1.0,6.0,6.0,0.0,0.0,2076.55,10.97,0,4,13,1,18,4,0,0,3,2,273.21
1021,19.94,127.62,3,28800.0,0.552,1.0,0.552,1.0,3.0,3.0,0.0,0.0,2076.55,11.26,0,4,19,1,18,4,0,0,3,2,266.34
987,11.77,123.38,5,28800.0,0.3345,1.0,0.3345,1.0,3.0,3.0,0.0,0.0,2076.55,11.67,0,4,5,2,18,4,0,1,3,2,256.54
1003,31.8,125.38,2,28800.0,0.8727,1.0,0.8727,1.0,2.0,2.0,0.0,0.0,2076.55,11.89,0,4,11,2,18,4,0,0,3,2,251.09
939,35.69,117.38,5,28800.0,0.8771,1.0,0.8771,1.0,5.0,5.0,0.0,0.0,2076.55,12.2,0,4,18,2,18,4,0,0,3,2,243.67
899,19.48,112.38,3,28800.0,0.5578,1.0,0.5578,1.0,6.0,6.0,0.0,0.0,2076.55,12.44,0,4,0,3,18,4,0,1,3,2,238.01
971,38.92,121.38,5,28800.0,1.0,1.0,1.0,1.0,5.0,5.0,0.0,0.0,2076.55,12.95,0,4,12,3,18,4,0,0,3,2,225.87
970,37.71,121.25,6,28800.0,1.0,1.0,1.0,1.0,6.0,6.0,0.0,0.0,2076.55,13.08,0,4,15,3,18,4,0,0,3,2,222.74
1000,23.43,125.0,6,28800.0,0.6108,1.0,0.6108,1.0,6.0,6.0,0.0,0.0,2076.55,13.36,0,4,22,3,18,4,0,1,3,2,215.86
1050,13.62,151.16,6,25715.625,0.4091,0.8929374999999999,0.4711,1.0,6.0,6.0,0.0,0.0,2076.55,13.79,0,4,8,4,18,5,0,0,3,2,205.59
843,30.89,113.44,5,26752.0,0.7944,0.9289,0.8552,1.0,5.0,5.0,0.0,0.0,2188.93,0.06,1,4,20,4,18,5,0,0,3,2,193.94
1030,26.92,146.95,1,25715.625,0.8761,0.8929374999999999,1.0,1.0,6.0,6.0,0.0,0.0,2188.93,0.22,1,4,0,5,18,5,1,1,3,2,190.07
785,48.92,98.12,4,28800.0,1.0,1.0,1.0,1.0,4.0,4.0,0.0,0.0,2188.93,0.64,1,4,10,5,18,5,1,0,3,2,180.09
914,27.76,114.25,6,28800.0,0.709,1.0,0.709,1.0,6.0,6.0,0.0,0.0,2188.93,0.86,1,4,15,5,18,5,1,0,3,2,174.72
1050,38.94,131.25,6,28800.0,1.0,1.0,1.0,1.0,2.0,2.0,0.0,0.0,2188.93,1.42,1,4,4,6,18,5,1,1,3,2,161.49
973,15.4,121.62,2,28800.0,0.4199,1.0,0.4199,1.0,2.0,2.0,0.0,0.0,2188.93,1.52,1,4,7,6,18,5,1,0,3,2,159.07
888,28.78,111.0,6,28800.0,0.8307,1.0,0.8307,1.0,6.0,6.0,0.0,0.0,2188.93,1.84,1,4,14,6,18,5,1,0,3,2,151.41
1032,22.31,129.0,2,28800.0,0.659,1.0,0.659,1.0,2.0,2.0,0.0,0.0,2188.93,2.21,1,4,23,6,18,5,1,1,3,2,142.39
812,42.4,101.5,5,28800.0,1.0,1.0,1.0,1.0,5.0,5.0,0.0,0.0,2188.93,2.56,1,4,8,0,19,5,0,0,3,2,133.94
929,32.85,116.12,2,28800.0,0.8603,1.0,0.8603,1.0,2.0,2.0,0.0,0.0,2188.93,3.04,1,4,19,0,19,5,0,0,3,2,122.44
947,27.17,118.38,4,28800.0,0.753,1.0,0.753,1.0,4.0,4.0,0.0,0.0,2188.93,3.5,1,4,6,1,19,5,0,0,3,2,111.46
1050,36.56,131.25,6,28800.0,1.0,1.0,1.0,1.0,6.0,6.0,0.0,0.0,2188.93,3.81,1,4,14,1,19,5,0,0,3,2,103.91
1034,44.34,129.25,3,28800.0,1.0,1.0,1.0,1.0,6.0,6.0,0.0,0.0,2188.93,4.24,1,4,0,2,19,5,0,1,3,2,93.69
1050,21.7,168.55,3,25715.625,0.6596,0.8929374999999999,0.847,1.0,3.0,3.0,0.0,0.0,2188.93,4.55,1,5,8,2,19,5,0,0,3,2,86.21
882,37.25,132.75,4,25715.625,0.8305,0.8929374999999999,1.0,1.0,4.0,4.0,0.0,0.0,2259.74,0.44,1,6,20,2,19,5,0,0,3,2,74.02
1015,16.52,147.21,6,25715.625,0.4966,0.8929374999999999,0.5762,1.0,5.0,5.0,0.0,0.0,2259.74,0.74,1,6,3,3,19,5,0,1,3,2,66.69
985,39.44,123.12,6,28800.0,1.0,1.0,1.0,1.0,6.0,6.0,0.0,0.0,2259.74,0.86,1,6,6,3,19,5,0,0,3,2,63.96
1011,33.38,126.38,4,28800.0,1.0,1.0,1.0,1.0,4.0,4.0,0.0,0.0,2259.74,1.28,1,6,16,3,19,5,0,0,3,2,53.87
893,35.41,111.62,5,28800.0,1.0,1.0,1.0,1.0,6.0,6.0,0.0,0.0,2259.74,1.61,1,6,0,4,19,5,0,1,3,2,45.89
886,25.74,110.75,2,28800.0,0.3388,1.0,0.6777,1.0,4.0,2.0,0.0,0.0,2259.74,2.05,0,6,10,4,19,5,0,0,3,2,35.31
944,41.5,118.0,6,28800.0,1.0,1.0,1.0,1.0,6.0,6.0,0.0,0.0,2259.74,2.24,0,6,15,4,19,5,0,0,3,2,30.81
1019,24.16,127.38,6,28800.0,0.668,1.0,0.668,1.0,4.0,4.0,0.0,0.0,2259.74,2.79,0,6,4,5,19,5,1,1,3,2,17.61
1007,36.06,137.56,2,26354.0,0.9151,0.9151,1.0,1.0,2.0,2.0,0.0,0.0,2259.74,3.07,0,6,11,5,19,5,1,0,3,2,10.91
1050,21.46,160.55,4,25715.625,0.6843,0.8929374999999999,0.8371,1.0,6.0,5.0,0.0,0.0,2298.19,0.49,1,6,2,6,19,5,1,1,3,2,27.87
1038,12.47,129.75,2,28800.0,0.4408,1.0,0.4408,1.0,2.0,2.0,0.0,0.0,2298.19,1.18,1,6,19,6,19,5,1,0,3,2,11.32
840,25.17,105.0,5,28800.0,0.4715,1.0,0.5658,1.0,6.0,5.0,0.0,0.0,2298.19,1.5,1,6,3,0,20,5,0,1,3,2,3.57
1046,10.1,148.27,4,25715.625,0.3283,0.8929374999999999,0.3723,1.0,4.0,4.0,0.0,0.0,2329.74,1.78,2,6,10,0,20,5,0,0,3,2,31.24
939,15.4,127.03,2,26611.0,0.4066,0.924,0.44,1.0,2.0,2.0,0.0,0.0,2329.74,2.15,2,6,18,0,20,5,0,0,3,2,22.33
980,25.02,134.66,5,26200.0,0.5773,0.9097,0.7616,1.0,4.0,4.0,0.0,0.0,2329.74,2.48,2,6,2,1,20,5,0,1,3,2,14.33
1008,32.62,133.73,2,27135.0,0.9422,0.9422,1.0,1.0,2.0,2.0,0.0,0.0,2329.74,2.84,2,6,11,1,20,5,0,0,3,2,5.83
952,21.87,126.86,5,27015.0,0.5663,0.938,0.6037,1.0,5.0,5.0,0.0,0.0,2329.74,3.13,3,6,18,1,20,5,0,0,3,2,180.03
880,44.35,120.08,4,26382.0,0.916,0.916,1.0,1.0,5.0,5.0,0.0,0.0,2359.75,3.54,3,6,4,2,20,5,0,1,3,2,170.18
1050,44.92,131.25,5,28800.0,0.8333,1.0,1.0,1.0,6.0,5.0,0.0,0.0,2359.75,3.64,3,6,6,2,20,5,0,0,3,2,167.9
1050,39.33,131.25,2,28800.0,1.0,1.0,1.0,1.0,2.0,2.0,0.0,0.0,2359.75,4.03,3,6,16,2,20,5,0,0,3,2,158.5
938,36.09,117.25,5,28800.0,1.0,1.0,1.0,1.0,6.0,5.0,0.0,0.0,2365.54,4.57,3,6,5,3,20,5,0,1,3,2,145.43
919,10.93,131.21,3,25715.625,0.3067,0.8929374999999999,0.3503,1.0,3.0,3.0,0.0,0.0,2365.54,4.68,3,6,7,3,20,5,0,0,3,2,142.85
882,39.59,132.32,6,25715.625,0.8332,0.8929374999999999,1.0,1.0,6.0,6.0,0.0,0.0,2372.05,5.19,3,8,19,3,20,5,0,0,3,2,130.56
968,42.02,140.45,5,25715.625,0.7179,0.8929374999999999,1.0,1.0,6.0,5.0,0.0,0.0,2448.64,0.08,3,7,23,3,20,5,0,1,3,2,127.38
932,34.38,116.5,2,28800.0,0.6667,1.0,1.0,1.0,3.0,2.0,0.0,0.0,2448.64,0.42,3,7,7,4,20,5,0,0,3,2,119.31
1017,42.82,127.12,4,28800.0,1.0,1.0,1.0,1.0,4.0,4.0,0.0,0.0,2448.64,0.8,3,7,16,4,20,5,0,0,3,2,110.23
986,37.78,123.25,6,28800.0,1.0,1.0,1.0,1.0,4.0,4.0,0.0,0.0,2448.64,1.31,3,7,4,5,20,5,1,1,3,2,97.83
967,10.43,120.88,5,28800.0,0.322,1.0,0.322,1.0,5.0,5.0,0.0,0.0,2448.64,1.48,3,7,8,5,20,5,1,0,3,2,93.83
984,26.16,123.0,5,28800.0,0.6755,1.0,0.6755,1.0,5.0,5.0,0.0,0.0,2448.64,2.01,3,7,21,5,20,5,1,0,3,2,81.06
940,10.32,117.5,4,28800.0,0.2947,1.0,0.2947,1.0,5.0,5.0,0.0,0.0,2448.64,2.13,2,7,0,6,20,5,1,1,3,2,78.16
1018,34.41,127.25,3,28800.0,1.0,1.0,1.0,1.0,3.0,3.0,0.0,0.0,2448.64,2.57,2,7,10,6,20,5,1,0,3,2,67.61
976,39.25,122.0,3,28800.0,0.75,1.0,1.0,1.0,4.0,3.0,0.0,0.0,2448.64,2.81,2,6,16,6,20,5,1,0,3,2,61.81
1011,24.07,126.38,5,28800.0,0.6498,1.0,0.6498,1.0,3.0,3.0,0.0,0.0,2455.97,3.27,3,6,3,0,21,5,0,1,3,2,50.85
1050,41.23,141.03,4,26802.0,0.9306,0.9306,1.0,1.0,4.0,4.0,0.0,0.0,2455.97,3.49,2,6,8,0,21,5,0,0,3,2,45.61
1050,38.1,139.65,4,27068.0,0.9399,0.9399,1.0,1.0,4.0,4.0,0.0,0.0,2498.66,3.8,2,6,16,0,21,5,0,0,3,2,38.18
1050,41.29,139.84,3,27031.0,0.9386,0.9386,1.0,1.0,5.0,5.0,0.0,0.0,2498.66,4.33,2,6,5,1,21,5,0,1,3,2,25.35
1050,17.37,131.25,6,28800.0,0.5888,1.0,0.5888,1.0,6.0,6.0,0.0,0.0,2498.66,4.6,2,6,11,1,21,5,0,0,3,2,18.96
916,14.93,114.5,4,28800.0,0.4577,1.0,0.4577,1.0,4.0,4.0,0.0,0.0,2498.66,5.0,1,6,21,1,21,5,0,0,3,2,9.23
1037,20.21,129.62,5,28800.0,0.6355,1.0,0.6355,1.0,4.0,3.0,0.0,0.0,2498.66,5.22,1,6,2,2,21,5,0,1,3,2,4.08
1050,17.28,150.58,2,25715.625,0.5604,0.8929374999999999,0.6429,1.0,2.0,2.0,0.0,0.0,2498.66,5.38,1,6,6,2,21,5,0,0,3,2,0.16
979,45.03,135.42,3,26026.0,0.9037,0.9037,1.0,1.0,3.0,3.0,0.0,0.0,2679.06,5.77,2,6,15,2,21,5,0,0,3,2,175.08
924,8.93,148.45,3,25715.625,0.2125,0.8929374999999999,0.3641,1.0,3.0,3.0,0.0,0.0,2679.06,6.15,2,6,0,3,21,5,0,1,3,2,165.96
923,32.48,115.38,4,28800.0,1.0,1.0,1.0,1.0,4.0,4.0,0.0,0.0,2679.06,6.65,2,6,12,3,21,5,0,0,3,2,154.11
826,11.33,103.25,5,28800.0,0.3146,1.0,0.3146,1.0,5.0,5.0,0.0,0.0,2679.06,6.77,2,6,15,3,21,5,0,0,3,2,151.21
1050,22.81,131.25,3,28800.0,0.6829,1.0,0.6829,1.0,3.0,3.0,0.0,0.0,2679.06,7.06,2,6,22,3,21,5,0,1,3,2,144.18
965,35.47,120.62,6,28800.0,0.9677,1.0,0.9677,1.0,6.0,6.0,0.0,0.0,2679.06,7.5,2,6,9,4,21,5,0,0,3,2,133.51
1050,33.53,131.25,2,28800.0,1.0,1.0,1.0,1.0,2.0,2.0,0.0,0.0,2679.06,7.77,2,6,15,4,21,5,0,0,3,2,127.08
842,25.75,105.25,6,28800.0,0.5815,1.0,0.5815,1.0,3.0,3.0,0.0,0.0,2679.06,8.19,2,6,1,5,21,5,1,1,3,2,117.04
1001,33.11,125.12,6,28800.0,1.0,1.0,1.0,1.0,6.0,6.0,0.0,0.0,2679.06,8.97,2,6,20,5,21,5,1,0,3,2,98.41
1050,19.92,131.25,3,28800.0,0.6603,1.0,0.6603,1.0,3.0,3.0,0.0,0.0,2679.06,9.12,2,6,0,6,21,5,1,1,3,2,94.63
1050,34.78,131.25,5,28800.0,0.8333,1.0,1.0,1.0,6.0,5.0,0.0,0.0,2679.06,9.38,2,6,6,6,21,5,1,0,3,2,88.61
742,39.1,92.75,3,28800.0,0.9388,1.0,0.9388,1.0,3.0,3.0,0.0,0.0,2679.06,9.95,2,6,20,6,21,5,1,0,3,2,74.74
1050,13.96,131.25,3,28800.0,0.4743,1.0,0.4743,1.0,5.0,5.0,0.0,0.0,2679.06,10.27,1,6,3,0,22,5,0,1,3,2,67.14
1050,21.87,131.25,2,28800.0,0.7346,1.0,0.7346,1.0,2.0,2.0,0.0,0.0,2679.06,10.53,1,6,9,0,22,5,0,0,3,2,60.86
885,45.98,110.62,6,28800.0,1.0,1.0,1.0,1.0,6.0,6.0,0.0,0.0,2679.06,10.99,1,6,20,0,22,5,0,0,3,2,49.84
910,12.27,113.75,5,28800.0,0.3428,1.0,0.3428,1.0,3.0,3.0,0.0,0.0,2679.06,11.22,1,6,2,1,22,5,0,1,3,2,44.44
1050,12.18,131.25,3,28800.0,0.2934,1.0,0.3912,1.0,4.0,3.0,0.0,0.0,2679.06,11.57,1,6,10,1,22,5,0,0,3,2,35.99
1050,25.45,131.25,5,28800.0,0.8141,1.0,0.8141,1.0,5.0,5.0,0.0,0.0,2679.06,11.82,1,6,16,1,22,5,0,0,3,2,29.89
836,20.52,104.5,3,28800.0,0.5614,1.0,0.5614,1.0,3.0,3.0,0.0,0.0,2679.06,12.05,1,6,22,1,22,5,0,1,3,2,24.48
1050,35.87,140.31,3,26941.0,0.9355,0.9355,1.0,1.0,3.0,3.0,0.0,0.0,2679.06,12.4,0,6,6,2,22,5,0,0,3,2,15.96
858,37.09,113.2,3,27286.0,0.9474,0.9474,1.0,1.0,3.0,3.0,0.0,0.0,2679.06,12.91,0,6,18,2,22,5,0,0,3,2,3.88
924,43.45,124.92,3,26629.0,0.9246,0.9246,1.0,1.0,3.0,3.0,0.0,0.0,2679.06,13.09,1,6,23,2,22,5,0,1,3,2,133.06
1035,28.48,129.38,5,28800.0,0.6328,1.0,0.7594,1.0,6.0,5.0,0.0,0.0,2725.12,13.55,1,6,10,3,22,5,0,0,3,2,121.93
1050,23.38,131.25,5,28800.0,0.7288,1.0,0.7288,1.0,5.0,5.0,0.0,0.0,2725.12,13.72,1,6,14,3,22,5,0,0,3,2,117.75
768,32.36,96.0,6,28800.0,0.6931,1.0,0.6931,1.0,3.0,3.0,0.0,0.0,2725.12,14.36,1,6,5,4,22,5,0,1,3,2,102.55
947,31.04,130.98,3,26029.0,0.9038,0.9038,1.0,1.0,3.0,3.0,0.0,0.0,2725.12,14.43,1,6,7,4,22,5,0,0,3,2,100.73
1014,39.93,153.24,5,25715.625,0.8272,0.8929374999999999,1.0,1.0,5.0,5.0,0.0,0.0,2725.12,14.74,1,6,14,4,22,5,0,0,3,2,93.31
1050,14.56,150.67,3,25715.625,0.3981,0.8929374999999999,0.457,1.0,3.0,3.0,0.0,0.0,2725.12,15.11,1,7,23,4,22,5,0,1,3,2,84.6
1050,38.88,139.6,2,27078.0,0.4701,0.9402,1.0,1.0,4.0,2.0,0.0,0.0,2805.43,0.01,1,8,10,5,22,5,1,0,3,2,73.46
1050,11.03,146.17,4,25860.0,0.3974,0.8979,0.4426,1.0,4.0,4.0,0.0,0.0,2805.43,0.22,1,8,15,5,22,5,1,0,3,2,68.41
810,21.56,107.27,3,27183.0,0.5842,0.9439,0.6189,1.0,4.0,4.0,0.0,0.0,2805.43,0.74,1,8,4,6,22,5,1,1,3,2,56.1
1050,39.19,131.25,3,28800.0,1.0,1.0,1.0,1.0,3.0,3.0,0.0,0.0,2805.43,1.09,1,8,12,6,22,5,1,0,3,2,47.66
1050,25.1,131.25,4,28800.0,0.709,1.0,0.8863,1.0,5.0,4.0,0.0,0.0,2805.43,1.38,1,7,19,6,22,5,1,0,3,2,40.78
920,28.03,115.0,4,28800.0,0.873,1.0,0.873,1.0,4.0,4.0,0.0,0.0,2805.43,1.56,1,7,23,6,22,5,1,1,3,2,36.38
925,30.35,115.62,3,28800.0,0.6752,1.0,0.9003,1.0,4.0,3.0,0.0,0.0,2805.43,1.86,1,7,7,0,23,6,0,0,3,2,29.16
946,26.2,118.25,2,28800.0,0.7036,1.0,0.7036,1.0,2.0,2.0,0.0,0.0,2805.43,2.4,1,7,20,0,23,6,0,0,3,2,16.16
988,39.67,123.5,2,28800.0,1.0,1.0,1.0,1.0,2.0,2.0,0.0,0.0,2805.43,2.52,1,7,22,0,23,6,0,1,3,2,13.3
949,20.56,134.38,4,25715.625,0.5496,0.8929374999999999,0.6226,1.0,4.0,4.0,0.0,0.0,2805.43,2.82,1,7,6,1,23,6,0,0,3,2,6.1
1050,24.47,137.28,4,27534.0,0.7105,0.956,0.7432,1.0,4.0,4.0,0.0,0.0,2819.13,3.38,2,7,19,1,23,6,0,0,3,2,161.15
1050,37.7,145.61,3,25960.0,0.9014,0.9014,1.0,1.0,3.0,3.0,0.0,0.0,2819.13,3.55,2,7,23,1,23,6,0,1,3,2,156.97
1003,22.74,144.72,4,25715.625,0.722,0.8929374999999999,0.8333,1.0,4.0,4.0,0.0,0.0,2967.61,0.03,2,8,8,2,23,6,0,0,3,2,147.77
1028,38.77,169.79,3,25715.625,0.5676,0.8929374999999999,1.0,1.0,4.0,3.0,0.0,0.0,2967.61,0.34,2,8,16,2,23,6,0,0,3,2,140.27
777,30.9,123.53,1,25715.625,0.3525,0.8929374999999999,0.8966,1.0,2.0,1.0,0.0,0.0,2967.61,0.65,1,8,23,2,23,6,0,1,3,2,132.94
892,39.01,111.5,5,28800.0,0.8333,1.0,1.0,1.0,6.0,5.0,0.0,0.0,2967.61,1.2,1,8,12,3,23,6,0,0,3,2,119.77
909,27.29,113.62,2,28800.0,0.6732,1.0,0.6732,1.0,2.0,2.0,0.0,0.0,2967.61,1.38,1,8,17,3,23,6,0,0,3,2,115.45
953,32.48,119.12,4,28800.0,1.0,1.0,1.0,1.0,4.0,4.0,0.0,0.0,2967.61,1.79,1,8,3,4,23,6,0,1,3,2,105.59
1048,42.05,131.0,5,28800.0,1.0,1.0,1.0,1.0,5.0,5.0,0.0,0.0,2967.61,2.15,1,6,11,4,23,6,0,0,3,2,96.95
987,20.49,123.38,2,28800.0,0.5775,1.0,0.5775,1.0,2.0,2.0,0.0,0.0,2967.61,2.38,1,6,17,4,23,6,0,0,3,2,91.45
1012,14.73,126.5,4,28800.0,0.3925,1.0,0.3925,1.0,7.0,6.0,0.0,0.0,2967.61,2.82,1,6,3,5,23,6,1,1,3,2,80.85
1050,11.04,131.25,3,28800.0,0.3365,1.0,0.3365,1.0,3.0,3.0,0.0,0.0,2967.61,3.2,1,6,12,5,23,6,1,0,3,2,71.8
925,44.66,115.62,3,28800.0,1.0,1.0,1.0,1.0,3.0,3.0,0.0,0.0,2967.61,3.32,1,6,15,5,23,6,1,0,3,2,68.79
954,38.62,119.25,6,28800.0,0.8571,1.0,1.0,1.0,1.0,1.0,0.0,0.0,2967.61,3.66,1,6,0,6,23,6,1,1,3,2,60.57
1050,23.42,131.25,5,28800.0,0.6854,1.0,0.6854,1.0,5.0,5.0,0.0,0.0,2967.61,4.01,1,6,8,6,23,6,1,0,3,2,52.34
1050,16.73,131.25,3,28800.0,0.4776,1.0,0.4776,1.0,3.0,3.0,0.0,0.0,2967.61,4.39,1,6,17,6,23,6,1,0,3,2,43.17
1050,46.55,131.25,1,28800.0,1.0,1.0,1.0,1.0,6.0,6.0,0.0,0.0,2967.61,4.67,1,6,0,0,24,6,0,1,3,2,36.29
1050,19.04,131.25,4,28800.0,0.5425,1.0,0.5425,1.0,4.0,4.0,0.0,0.0,2967.61,5.07,1,6,10,0,24,6,0,0,3,2,26.7
975,25.26,121.88,2,28800.0,0.6971,1.0,0.6971,1.0,2.0,2.0,0.0,0.0,2967.61,5.32,1,5,15,0,24,6,0,0,3,2,20.84
1008,42.22,126.0,6,28800.0,1.0,1.0,1.0,1.0,4.0,4.0,0.0,0.0,2967.61,5.67,1,5,0,1,24,6,0,1,3,2,12.42
932,24.12,141.4,5,25715.625,0.7423,0.8929374999999999,0.901,1.0,5.0,5.0,0.0,0.0,2967.61,6.05,1,5,9,1,24,6,0,0,3,2,3.24
1050,44.91,163.86,3,25715.625,0.6008,0.8929374999999999,1.0,1.0,4.0,3.0,0.0,0.0,2967.61,6.26,1,5,14,1,24,6,0,0,3,2,33.01
835,34.61,122.61,4,25715.625,0.8512,0.8929374999999999,1.0,1.0,4.0,4.0,0.0,0.0,2999.16,6.7,1,5,1,2,24,6,0,1,3,2,22.38
931,28.02,126.19,5,26561.0,0.6543,0.9223,0.8514,1.0,6.0,5.0,0.0,0.0,2999.16,6.99,1,5,8,2,24,6,0,0,3,2,15.38
1014,10.59,136.39,3,26764.0,0.263,0.9293,0.3774,1.0,4.0,3.0,0.0,0.0,2999.16,7.39,1,5,17,2,24,6,0,0,3,2,5.96
1028,20.27,145.89,4,25715.625,0.7071,0.8929374999999999,0.8028,1.0,2.0,2.0,0.0,0.0,3239.16,7.85,2,5,4,3,24,6,0,1,3,2,446.47
926,16.73,115.75,6,28800.0,0.4395,1.0,0.4395,1.0,6.0,6.0,0.0,0.0,3239.16,8.19,2,5,12,3,24,6,0,0,3,2,438.32
1050,13.21,131.25,2,28800.0,0.4313,1.0,0.4313,1.0,2.0,2.0,0.0,0.0,3239.16,8.46,2,5,19,3,24,6,0,0,3,2,431.74
954,36.98,119.25,2,28800.0,0.9245,1.0,0.9245,1.0,2.0,2.0,0.0,0.0,3239.16,8.59,2,5,22,3,24,6,0,1,3,2,428.69
1036,19.49,129.5,3,28800.0,0.5392,1.0,0.5392,1.0,3.0,3.0,0.0,0.0,3239.16,8.94,2,5,6,4,24,6,0,0,3,2,420.24
996,39.8,124.5,5,28800.0,1.0,1.0,1.0,1.0,5.0,5.0,0.0,0.0,3239.16,9.54,2,5,21,4,24,6,0,0,3,2,405.99
794,9.77,99.25,4,28800.0,0.1928,1.0,0.241,1.0,2.0,1.0,0.0,0.0,3239.16,9.79,2,5,3,5,24,6,1,1,3,2,399.99
1050,22.26,131.25,6,28800.0,0.6081,1.0,0.6081,1.0,6.0,6.0,0.0,0.0,3239.16,10.16,2,4,12,5,24,6,1,0,3,2,391.05
1045,31.18,130.62,4,28800.0,1.0,1.0,1.0,1.0,4.0,4.0,0.0,0.0,3239.16,10.43,2,3,18,5,24,6,1,0,3,2,384.6
936,40.68,117.0,1,28800.0,0.5,1.0,1.0,1.0,3.0,3.0,0.0,0.0,3239.16,10.77,2,3,2,6,24,6,1,1,3,2,376.32
1050,31.54,131.25,5,28800.0,1.0,1.0,1.0,1.0,5.0,5.0,0.0,0.0,3239.16,11.02,2,3,8,6,24,6,1,0,3,2,370.32
1050,39.6,131.25,3,28800.0,1.0,1.0,1.0,1.0,5.0,4.0,0.0,0.0,3239.16,11.72,2,3,1,0,25,6,0,1,3,2,353.5
945,29.14,118.12,3,28800.0,0.9027,1.0,0.9027,1.0,3.0,3.0,0.0,0.0,3239.16,11.95,2,3,7,0,25,6,0,0,3,2,348.04
902,14.4,112.75,5,28800.0,0.2806,1.0,0.3367,1.0,6.0,5.0,0.0,0.0,3239.16,12.32,2,3,15,0,25,6,0,0,3,2,339.19
842,16.18,105.25,4,28800.0,0.3001,1.0,0.3751,1.0,5.0,4.0,0.0,0.0,3239.16,12.64,2,3,23,0,25,6,0,1,3,2,331.57
944,29.4,118.0,5,28800.0,0.8352,1.0,0.8352,1.0,5.0,5.0,0.0,0.0,3239.16,13.18,2,3,12,1,25,6,0,0,3,2,318.55
1047,10.61,130.88,2,28800.0,0.3257,1.0,0.3257,1.0,2.0,2.0,0.0,0.0,3239.16,13.43,1,3,18,1,25,6,0,0,3,2,312.45
959,36.36,119.88,3,28800.0,0.9127,1.0,0.9127,1.0,6.0,6.0,0.0,0.0,3239.16,13.78,1,3,3,2,25,6,0,1,3,2,304.05
1050,44.22,131.25,4,28800.0,1.0,1.0,1.0,1.0,4.0,4.0,0.0,0.0,3239.16,13.97,1,3,7,2,25,6,0,0,3,2,299.54
1046,10.96,130.75,4,28800.0,0.3015,1.0,0.3015,1.0,4.0,4.0,0.0,0.0,3239.16,14.38,1,3,17,2,25,6,0,0,3,2,289.72
1050,21.84,131.25,6,28800.0,0.7499,1.0,0.7499,1.0,5.0,4.0,0.0,0.0,3239.16,14.77,0,3,2,3,25,6,0,1,3,2,280.4
1050,47.37,131.25,3,28800.0,1.0,1.0,1.0,1.0,3.0,3.0,0.0,0.0,3239.16,14.93,0,3,6,3,25,6,0,0,3,2,276.64
760,21.78,95.0,4,28800.0,0.4373,1.0,0.4373,1.0,4.0,4.0,0.0,0.0,3239.16,15.56,0,3,21,3,25,6,0,0,3,2,261.45
956,15.9,119.5,4,28800.0,0.4116,1.0,0.5145,1.0,5.0,4.0,0.0,0.0,3239.16,15.61,0,3,22,3,25,6,0,1,3,2,260.14
942,41.11,117.75,4,28800.0,1.0,1.0,1.0,1.0,4.0,4.0,0.0,0.0,3239.16,16.05,0,3,9,4,25,6,0,0,3,2,249.57
1048,25.04,131.0,5,28800.0,0.8919,1.0,0.8919,1.0,5.0,5.0,0.0,0.0,3239.16,16.32,0,3,15,4,25,6,0,0,3,2,243.2
1029,18.81,128.62,3,28800.0,0.6388,1.0,0.6388,1.0,4.0,4.0,0.0,0.0,3239.16,16.77,0,3,2,5,25,6,1,1,3,2,232.32
973,38.56,121.62,2,28800.0,1.0,1.0,1.0,1.0,2.0,2.0,0.0,0.0,3239.16,16.95,0,3,7,5,25,6,1,0,3,2,227.99
1050,36.57,131.25,3,28800.0,1.0,1.0,1.0,1.0,3.0,3.0,0.0,0.0,3239.16,17.5,0,3,20,5,25,6,1,0,3,2,214.95
925,46.54,115.62,4,28800.0,1.0,1.0,1.0,1.0,4.0,4.0,0.0,0.0,3239.16,17.63,0,3,23,5,25,6,1,1,3,2,211.84
1050,14.21,141.22,6,26766.0,0.4171,0.9294,0.4488,1.0,6.0,6.0,0.0,0.0,3284.29,0.34,0,4,13,6,25,6,1,0,3,2,198.07
981,43.65,143.51,5,25715.625,0.8545,0.8929374999999999,1.0,1.0,5.0,5.0,0.0,0.0,3284.29,0.5,0,4,16,6,25,6,1,0,3,2,194.3
1007,20.4,135.07,2,26840.0,0.5874,0.9319,0.6303,1.0,4.0,4.0,0.0,0.0,3284.29,1.02,0,4,5,0,26,6,0,1,3,2,181.82
1023,33.15,127.88,3,28800.0,1.0,1.0,1.0,1.0,3.0,3.0,0.0,0.0,3284.29,1.25,0,4,10,0,26,6,0,0,3,2,176.3
1050,33.49,131.25,3,28800.0,0.7199,1.0,0.9599,1.0,4.0,3.0,0.0,0.0,3284.29,1.48,0,4,16,0,26,6,0,0,3,2,170.7
964,49.05,120.5,4,28800.0,1.0,1.0,1.0,1.0,4.0,4.0,0.0,0.0,3284.29,1.74,0,4,22,0,26,6,0,1,3,2,164.62
1013,30.77,130.56,3,27931.0,0.6452,0.9698,0.8871,1.0,4.0,3.0,0.0,0.0,3303.71,2.31,0,4,12,1,26,6,0,0,3,2,150.97
979,38.68,127.64,5,27612.0,0.7989,0.9587,1.0,1.0,6.0,5.0,0.0,0.0,3303.71,2.43,0,4,15,1,26,6,0,0,3,2,147.97
957,9.22,123.7,1,27852.0,0.305,0.9671,0.3154,1.0,1.0,1.0,0.0,0.0,3303.71,2.78,0,5,23,1,26,6,0,1,3,2,139.67
978,15.96,155.28,5,25715.625,0.49,0.8929374999999999,0.6224,1.0,5.0,5.0,0.0,0.0,3311.62,3.19,0,5,9,2,26,6,0,0,3,2,129.79
1050,15.64,153.42,5,25715.625,0.4583,0.8929374999999999,0.5357,1.0,5.0,5.0,0.0,0.0,3311.62,3.47,0,6,16,2,26,6,0,0,3,2,123.02
983,9.44,156.29,4,25715.625,0.3127,0.8929374999999999,0.3977,1.0,4.0,4.0,0.0,0.0,3381.07,0.24,0,6,23,2,26,6,0,1,3,2,115.49
1050,42.75,131.25,4,28800.0,0.8,1.0,1.0,1.0,5.0,4.0,0.0,0.0,3381.07,0.83,0,6,13,3,26,6,0,0,3,2,101.39
1023,34.4,127.88,6,28800.0,1.0,1.0,1.0,1.0,6.0,6.0,0.0,0.0,3381.07,1.15,0,6,21,3,26,6,0,0,3,2,93.65
941,29.33,117.62,2,28800.0,0.8547,1.0,0.8547,1.0,2.0,2.0,0.0,0.0,3381.07,1.45,0,6,4,4,26,6,0,1,3,2,86.5
873,29.91,109.12,4,28800.0,0.8527,1.0,0.8527,1.0,4.0,4.0,0.0,0.0,3381.07,1.7,0,6,10,4,26,6,0,0,3,2,80.49
1040,42.72,130.0,5,28800.0,1.0,1.0,1.0,1.0,5.0,5.0,0.0,0.0,3381.07,1.85,0,6,14,4,26,6,0,0,3,2,76.74
888,18.68,111.0,2,28800.0,0.5334,1.0,0.5334,1.0,4.0,3.0,0.0,0.0,3381.07,2.49,0,6,5,5,26,6,1,1,3,2,61.35
880,32.1,114.74,5,27610.0,0.6719,0.9587,0.8411,1.0,6.0,5.0,0.0,0.0,3381.07,2.63,0,6,8,5,26,6,1,0,3,2,58.19
1017,41.44,135.17,2,27086.0,0.627,0.9405,1.0,1.0,3.0,2.0,0.0,0.0,3381.07,2.9,0,6,15,5,26,6,1,0,3,2,51.64
1050,16.48,139.28,3,27140.0,0.4485,0.9424,0.6345,1.0,4.0,4.0,0.0,0.0,3416.01,3.32,0,6,1,6,26,6,1,1,3,2,41.64
992,43.94,124.0,5,28800.0,1.0,1.0,1.0,1.0,5.0,5.0,0.0,0.0,3416.01,3.57,0,6,7,6,26,6,1,0,3,2,35.5
1038,13.23,129.75,3,28800.0,0.368,1.0,0.368,1.0,3.0,3.0,0.0,0.0,3416.01,3.89,0,6,15,6,26,6,1,0,3,2,27.95
1030,29.57,128.75,4,28800.0,0.8505,1.0,0.8505,1.0,1.0,1.0,0.0,0.0,3416.01,4.38,0,5,2,0,27,6,0,1,3,2,16.2
1050,8.2,161.27,6,25715.625,0.2975,0.8929374999999999,0.3655,1.0,6.0,6.0,0.0,0.0,3430.55,0.2,0,5,9,0,27,6,0,0,3,2,9.8
1050,36.64,147.84,4,25715.625,0.8878,0.8929374999999999,1.0,1.0,4.0,4.0,0.0,0.0,3430.55,0.49,0,5,16,0,27,6,0,0,3,2,2.8
1050,12.28,156.24,1,25715.625,0.4269,0.8929374999999999,0.5082,1.0,3.0,2.0,0.0,0.0,3445.81,0.83,1,5,0,1,27,6,0,1,3,2,13.3
844,16.54,111.46,2,27259.0,0.4155,0.9465,0.439,1.0,2.0,2.0,0.0,0.0,3445.81,1.26,1,5,10,1,27,6,0,0,3,2,3.19
1017,38.43,133.18,5,27490.0,0.9545,0.9545,1.0,1.0,5.0,5.0,0.0,0.0,3481.57,1.64,3,5,19,1,27,6,0,0,3,2,333.59
1050,17.94,150.74,2,25715.625,0.3702,0.8929374999999999,0.6377,1.0,7.0,7.0,0.0,0.0,3481.57,1.91,3,5,2,2,27,7,0,1,3,2,326.99
1004,10.56,125.5,4,28800.0,0.3029,1.0,0.3029,1.0,4.0,4.0,0.0,0.0,3481.57,2.37,3,5,13,2,27,7,0,0,3,2,316.12
982,25.65,122.75,5,28800.0,0.6171,1.0,0.7406,1.0,6.0,5.0,0.0,0.0,3481.57,2.41,3,5,14,2,27,7,0,0,3,2,315.17
1003,11.18,125.38,7,28800.0,0.3221,1.0,0.3221,1.0,7.0,7.0,0.0,0.0,3481.57,2.79,3,5,23,2,27,7,0,1,3,2,305.91
1001,41.87,134.43,3,26807.0,0.9308,0.9308,1.0,1.0,3.0,3.0,0.0,0.0,3538.73,0.15,3,6,8,3,27,7,0,0,3,2,296.62
906,24.39,121.29,6,26891.0,0.6286,0.9337,0.6732,1.0,6.0,6.0,0.0,0.0,3538.73,0.61,3,6,20,3,27,7,0,0,3,2,285.49
886,38.29,114.92,4,27756.0,0.9115,0.9637,0.9458,1.0,5.0,4.0,0.0,0.0,3538.73,0.86,3,6,2,4,27,7,0,1,3,2,279.41
836,47.72,104.5,6,28800.0,1.0,1.0,1.0,1.0,6.0,6.0,0.0,0.0,3538.73,1.06,3,5,6,4,27,7,0,0,3,2,274.67
1050,23.71,131.25,4,28800.0,0.7718,1.0,0.7718,1.0,4.0,4.0,0.0,0.0,3538.73,1.45,3,5,16,4,27,7,0,0,3,2,265.29
841,32.96,105.12,4,28800.0,0.7139,1.0,0.8924,1.0,2.0,2.0,0.0,0.0,3538.73,1.94,3,5,3,5,27,7,1,1,3,2,253.64
1050,13.35,132.8,5,28463.0,0.428,0.9883,0.4331,1.0,5.0,5.0,0.0,0.0,3580.1,2.53,3,5,18,5,27,7,1,0,3,2,239.42
829,29.18,105.42,2,28310.0,0.6468,0.983,0.658,1.0,5.0,5.0,0.0,0.0,3580.1,2.86,3,5,2,6,27,7,1,1,3,2,231.46
994,21.36,124.25,4,28800.0,0.5577,1.0,0.5577,1.0,4.0,4.0,0.0,0.0,3580.1,3.11,3,5,8,6,27,7,1,0,3,2,225.47
926,27.97,115.75,3,28800.0,0.6258,1.0,0.8344,1.0,4.0,3.0,0.0,0.0,3580.1,3.48,3,5,16,6,27,7,1,0,3,2,216.57
1050,39.65,131.25,5,28800.0,1.0,1.0,1.0,1.0,5.0,5.0,0.0,0.0,3580.1,3.76,3,5,23,6,27,7,1,1,3,2,209.82
826,31.28,128.63,4,25715.625,0.7477,0.8929374999999999,0.9315,1.0,4.0,4.0,0.0,0.0,3580.1,4.12,3,5,8,0,28,7,0,0,3,2,201.29
893,42.94,124.54,6,25813.0,0.8963,0.8963,1.0,1.0,6.0,6.0,0.0,0.0,3777.85,0.37,2,6,20,0,28,7,0,0,3,2,188.89
976,46.55,144.92,3,25715.625,0.8418,0.8929374999999999,1.0,1.0,5.0,4.0,0.0,0.0,3777.85,0.56,2,6,1,1,28,7,0,1,3,2,184.32
753,23.23,94.12,4,28800.0,0.5823,1.0,0.5823,1.0,4.0,4.0,0.0,0.0,3777.85,0.83,2,6,7,1,28,7,0,0,3,2,177.87
967,11.23,120.88,5,28800.0,0.2572,1.0,0.3086,1.0,6.0,5.0,0.0,0.0,3777.85,1.39,0,6,21,1,28,7,0,0,3,2,164.46
1050,43.21,131.25,4,28800.0,0.8,1.0,1.0,1.0,3.0,3.0,0.0,0.0,3777.85,1.62,0,6,2,2,28,7,0,1,3,2,158.81
929,28.44,116.12,5,28800.0,0.7545,1.0,0.7545,1.0,5.0,5.0,0.0,0.0,3777.85,2.0,0,6,11,2,28,7,0,0,3,2,149.67
1050,39.43,131.25,3,28800.0,0.75,1.0,1.0,1.0,4.0,3.0,0.0,0.0,3777.85,2.12,0,6,14,2,28,7,0,0,3,2,146.84
1009,29.07,126.12,3,28800.0,0.9673,1.0,0.9673,1.0,5.0,5.0,0.0,0.0,3777.85,2.71,0,6,4,3,28,7,0,1,3,2,132.59
892,28.12,111.5,5,28800.0,0.6919,1.0,0.6919,1.0,5.0,5.0,0.0,0.0,3777.85,2.96,0,6,10,3,28,7,0,0,3,2,126.81
907,41.64,113.38,6,28800.0,1.0,1.0,1.0,1.0,6.0,6.0,0.0,0.0,3777.85,3.2,0,6,16,3,28,7,0,0,3,2,121.01
1050,44.37,131.25,5,28800.0,1.0,1.0,1.0,1.0,5.0,5.0,0.0,0.0,3777.85,3.44,0,6,22,3,28,7,0,1,3,2,115.07
832,40.14,104.0,4,28800.0,0.8852,1.0,0.8852,1.0,4.0,4.0,0.0,0.0,3777.85,3.91,0,6,9,4,28,7,0,0,3,2,103.84
901,14.66,112.62,3,28800.0,0.3717,1.0,0.3717,1.0,3.0,3.0,0.0,0.0,3777.85,4.35,0,6,20,4,28,7,0,0,3,2,93.24
909,44.98,113.62,4,28800.0,1.0,1.0,1.0,1.0,4.0,4.0,0.0,0.0,3777.85,4.51,0,6,0,5,28,7,1,1,3,2,89.51
946,9.35,118.25,5,28800.0,0.2277,1.0,0.2733,1.0,6.0,5.0,0.0,0.0,3777.85,5.06,0,6,13,5,28,7,1,0,3,2,76.34
904,35.53,113.0,2,28800.0,0.9181,1.0,0.9181,1.0,2.0,2.0,0.0,0.0,3777.85,5.31,0,6,19,5,28,7,1,0,3,2,70.19
926,39.17,115.75,4,28800.0,1.0,1.0,1.0,1.0,7.0,7.0,0.0,0.0,3777.85,5.53,0,6,0,6,28,7,1,1,3,2,65.11
1041,28.85,130.12,5,28800.0,0.8802,1.0,0.8802,1.0,5.0,5.0,0.0,0.0,3777.85,6.02,0,6,12,6,28,7,1,0,3,2,53.37
769,19.08,96.12,3,28800.0,0.4579,1.0,0.4579,1.0,3.0,3.0,0.0,0.0,3777.85,6.14,0,6,15,6,28,7,1,0,3,2,50.34
963,37.2,120.38,7,28800.0,1.0,1.0,1.0,1.0,7.0,7.0,0.0,0.0,3777.85,6.47,0,6,23,6,28,7,1,1,3,2,42.41
1050,19.17,131.25,4,28800.0,0.5629,1.0,0.5629,1.0,4.0,4.0,0.0,0.0,3777.85,6.9,0,6,9,0,29,7,0,0,3,2,32.19
954,32.08,119.25,5,28800.0,0.792,1.0,0.792,1.0,5.0,5.0,0.0,0.0,3777.85,7.1,0,6,14,0,29,7,0,0,3,2,27.37
1014,29.53,126.75,4,28800.0,0.9284,1.0,0.9284,1.0,1.0,1.0,0.0,0.0,3777.85,7.55,0,6,0,1,29,7,0,1,3,2,16.66
1040,27.38,138.12,3,27107.0,0.8323,0.9412,0.8843,1.0,3.0,3.0,0.0,0.0,3777.85,8.05,0,6,13,1,29,7,0,0,3,2,4.44
1050,12.88,140.55,5,26894.0,0.3602,0.9338,0.3857,1.0,5.0,5.0,0.0,0.0,3777.85,8.12,0,6,14,1,29,7,0,0,3,2,2.89
1050,14.91,137.16,1,27560.0,0.4514,0.9569,0.4717,1.0,4.0,4.0,0.0,0.0,3782.83,8.54,2,6,0,2,29,7,0,1,3,2,141.54
1050,42.87,152.97,3,25715.625,0.858,0.8929374999999999,1.0,1.0,3.0,3.0,0.0,0.0,3843.35,8.87,2,6,8,2,29,7,0,0,3,2,133.81
1050,14.15,153.27,5,25715.625,0.4146,0.8929374999999999,0.4841,1.0,5.0,5.0,0.0,0.0,3843.35,9.3,2,6,19,2,29,7,0,0,3,2,123.29
864,19.13,121.66,4,25715.625,0.5727,0.8929374999999999,0.6451,1.0,4.0,4.0,0.0,0.0,3843.35,9.45,2,6,22,2,29,7,0,1,3,2,119.82
965,15.86,120.62,4,28800.0,0.2877,1.0,0.4316,1.0,6.0,4.0,0.0,0.0,3843.35,9.84,2,6,7,3,29,7,0,0,3,2,110.41
898,29.39,112.25,6,28800.0,0.6984,1.0,0.6984,1.0,6.0,6.0,0.0,0.0,3843.35,10.28,2,6,18,3,29,7,0,0,3,2,99.89
958,17.29,119.75,3,28800.0,0.5515,1.0,0.5515,1.0,5.0,5.0,0.0,0.0,3843.35,10.73,2,6,5,4,29,7,0,1,3,2,89.11
830,25.71,156.08,2,25715.625,0.6547,0.8929374999999999,0.985,1.0,2.0,2.0,0.0,0.0,3843.35,10.99,2,6,11,4,29,7,0,0,3,2,82.82
1039,21.93,173.66124,5,25715.625,0.7045,0.8929374999999999,1.0,1.0,5.0,5.0,0.0,0.0,3843.35,11.19,2,7,16,4,29,7,0,0,3,2,78.06
972,41.31,158.28,5,25715.625,0.7676,0.8929374999999999,1.0,1.0,2.0,2.0,0.0,0.0,3870.57,0.16,2,8,4,5,29,7,1,1,3,2,65.99
963,39.39,120.38,6,28800.0,0.9804,1.0,0.9804,1.0,6.0,6.0,0.0,0.0,3870.57,0.4,2,8,10,5,29,7,1,0,3,2,60.32
880,19.93,110.0,2,28800.0,0.5029,1.0,0.5029,1.0,2.0,2.0,0.0,0.0,3870.57,0.82,2,8,20,5,29,7,1,0,3,2,50.32
894,11.9,111.75,2,28800.0,0.3219,1.0,0.3219,1.0,2.0,2.0,0.0,0.0,3870.57,1.19,2,9,5,6,29,7,1,1,3,2,41.27
1050,31.02,165.46,2,25715.625,0.7932,0.8929374999999999,1.0,1.0,2.0,2.0,0.0,0.0,3911.13,0.46,2,9,16,6,29,7,1,0,3,2,29.42
1021,12.32,159.1,2,25715.625,0.3326,0.8929374999999999,0.4146,1.0,6.0,6.0,0.0,0.0,3911.13,0.93,2,9,4,0,30,7,0,1,3,2,18.31
1050,46.4,145.23,5,26028.0,0.9038,0.9038,1.0,1.0,5.0,5.0,0.0,0.0,3911.13,1.23,2,9,11,0,30,7,0,0,3,2,11.12
1017,29.91,158.49,4,25715.625,0.8021,0.8929374999999999,1.0,1.0,4.0,4.0,0.0,0.0,3911.13,1.37,2,9,14,0,30,7,0,0,3,2,7.79
914,13.74,139.49,6,25715.625,0.372,0.8929374999999999,0.4541,1.0,6.0,6.0,0.0,0.0,3911.13,1.71,3,9,22,0,30,7,0,1,3,2,11.97
1050,17.65,151.46,2,25715.625,0.576,0.8929374999999999,0.6647,1.0,2.0,2.0,0.0,0.0,3920.35,2.28,4,8,12,1,30,7,0,0,3,2,31.71
903,28.49,133.02,6,25715.625,0.7792,0.8929374999999999,0.9182,1.0,6.0,6.0,0.0,0.0,3942.01,2.51,3,8,18,1,30,7,0,0,3,2,26.1
1050,36.83,156.76,3,25715.625,0.8373,0.8929374999999999,1.0,1.0,3.0,3.0,0.0,0.0,3942.01,2.68,3,8,22,1,30,7,0,1,3,2,22.05
962,32.81,160.74,4,25715.625,0.7481,0.8929374999999999,1.0,1.0,4.0,4.0,0.0,0.0,3942.01,3.18,2,8,10,2,30,7,0,0,3,2,10.16
1050,36.44,173.66124,4,25715.625,0.6405,0.8929374999999999,1.0,1.0,4.0,4.0,0.0,0.0,3946.65,0.21,3,9,20,2,30,7,0,0,3,2,82.0
928,15.03,173.66124,6,25715.625,0.436,0.8929374999999999,0.6733,1.0,2.0,2.0,0.0,0.0,4027.09,0.42,3,9,1,3,30,7,0,1,3,2,77.05
962,24.25,120.25,6,28800.0,0.7068,1.0,0.7068,1.0,6.0,6.0,0.0,0.0,4027.09,0.87,3,9,12,3,30,7,0,0,3,2,66.15
955,38.57,119.38,3,28800.0,1.0,1.0,1.0,1.0,3.0,3.0,0.0,0.0,4027.09,1.17,3,9,19,3,30,7,0,0,3,2,59.07
1020,32.37,127.5,2,28800.0,0.9212,1.0,0.9212,1.0,5.0,5.0,0.0,0.0,4027.09,1.39,3,8,0,4,30,7,0,1,3,2,53.78
1050,44.42,131.25,5,28800.0,1.0,1.0,1.0,1.0,5.0,5.0,0.0,0.0,4027.09,1.61,3,8,6,4,30,7,0,0,3,2,48.48
871,19.84,108.88,2,28800.0,0.5208,1.0,0.5208,1.0,2.0,2.0,0.0,0.0,4027.09,2.03,3,7,16,4,30,7,0,0,3,2,38.47
886,27.65,110.75,5,28800.0,0.7648,1.0,0.7648,1.0,3.0,3.0,0.0,0.0,4027.09,2.46,3,7,2,5,30,7,1,1,3,2,28.05
947,51.04,118.38,5,28800.0,1.0,1.0,1.0,1.0,5.0,5.0,0.0,0.0,4027.09,2.61,3,7,6,5,30,7,1,0,3,2,24.48
919,41.65,114.88,2,28800.0,1.0,1.0,1.0,1.0,2.0,2.0,0.0,0.0,4027.09,3.2,3,7,20,5,30,7,1,0,3,2,10.25
844,23.74,105.5,3,28800.0,0.6043,1.0,0.6043,1.0,3.0,3.0,0.0,0.0,4027.09,3.3,3,7,22,5,30,7,1,1,3,2,7.83
932,13.26,116.5,3,28800.0,0.4194,1.0,0.4194,1.0,3.0,3.0,0.0,0.0,58.04,,0,0,11,6,5,2,1,0,8,1,76.24
1006,12.78,125.75,5,28800.0,0.3766,1.0,0.3766,1.0,5.0,5.0,0.0,0.0,58.04,,0,0,14,6,5,2,1,0,8,1,72.91
1050,25.39,131.25,3,28800.0,0.708,1.0,0.708,1.0,3.0,3.0,0.0,0.0,58.04,,0,0,8,0,6,2,0,0,8,1,55.23
1050,13.73,131.25,2,28800.0,0.4488,1.0,0.4488,1.0,2.0,2.0,0.0,0.0,58.04,,0,0,14,0,6,2,0,0,8,1,49.23
1013,43.19,126.62,1,28800.0,1.0,1.0,1.0,1.0,3.0,3.0,0.0,0.0,58.04,,0,0,3,1,6,2,0,1,8,1,36.13
1050,8.76,138.95,2,27204.0,0.2939,0.9446,0.3111,1.0,2.0,2.0,0.0,0.0,58.04,,0,0,6,1,6,2,0,0,8,1,33.18
1033,28.46,132.92,3,27977.0,0.8346,0.9714,0.8592,1.0,3.0,3.0,0.0,0.0,86.34,,1,0,16,1,6,2,0,0,8,1,23.38
904,46.18,117.9,3,27603.0,0.9584,0.9584,1.0,1.0,3.0,3.0,0.0,0.0,86.34,,1,0,5,2,6,2,0,1,8,1,10.33
975,30.43,121.88,2,28800.0,0.9418,1.0,0.9418,1.0,2.0,2.0,0.0,0.0,86.34,,1,0,11,2,6,2,0,0,8,1,3.84
936,16.87,117.0,4,28800.0,0.4462,1.0,0.4462,1.0,4.0,4.0,0.0,0.0,86.34,,2,0,17,2,6,2,0,0,8,1,30.49
1050,34.66,131.25,3,28800.0,1.0,1.0,1.0,1.0,3.0,3.0,0.0,0.0,113.47,,2,0,22,2,6,2,0,1,8,1,26.22
1050,30.31,131.25,3,28800.0,1.0,1.0,1.0,1.0,3.0,3.0,0.0,0.0,113.47,,2,0,8,3,6,2,0,0,8,1,15.91
1050,13.66,131.25,4,28800.0,0.3697,1.0,0.3697,1.0,4.0,4.0,0.0,0.0,113.47,,2,0,21,3,6,2,0,0,8,1,2.54
872,38.49,109.0,3,28800.0,0.75,1.0,1.0,1.0,6.0,6.0,0.0,0.0,113.47,,2,0,0,4,6,2,0,1,8,1,0.09
991,25.46,137.33,2,25978.0,0.734,0.902,0.8137,1.0,2.0,2.0,0.0,0.0,143.11,,3,0,13,4,6,2,0,0,8,1,18.51
905,22.15,117.71,4,27678.0,0.6429,0.961,0.669,1.0,4.0,4.0,0.0,0.0,143.11,,3,0,17,4,6,2,0,0,8,1,14.47
1033,50.57,141.44,6,26293.0,0.913,0.913,1.0,1.0,4.0,4.0,0.0,0.0,143.11,,3,0,1,5,6,2,1,1,8,1,5.81
1046,14.9,138.22,3,27244.0,0.4352,0.946,0.46,1.0,3.0,3.0,0.0,0.0,189.82,,4,0,20,5,6,2,1,0,8,1,85.82
972,35.67,126.38,4,27688.0,0.9614,0.9614,1.0,1.0,4.0,4.0,0.0,0.0,189.82,,4,0,22,5,6,2,1,1,8,1,83.74
869,14.1,108.62,2,28800.0,0.3799,1.0,0.3799,1.0,2.0,2.0,0.0,0.0,189.82,,4,0,12,6,6,2,1,0,8,1,69.2
1050,10.9,131.25,4,28800.0,0.3354,1.0,0.3354,1.0,4.0,4.0,0.0,0.0,189.82,,4,0,15,6,6,2,1,0,8,1,66.44
1050,39.65,131.25,2,28800.0,1.0,1.0,1.0,1.0,3.0,3.0,0.0,0.0,189.82,,4,0,4,0,7,2,0,1,8,1,53.69
1023,31.81,155.38,3,25715.625,0.823,0.8929374999999999,1.0,1.0,3.0,3.0,0.0,0.0,189.82,,4,1,7,0,7,2,0,0,8,1,50.12
1050,48.4,146.61,6,25783.0,0.8952,0.8952,1.0,1.0,6.0,6.0,0.0,0.0,236.52,0.42,4,1,21,0,7,2,0,0,8,1,36.62
1050,21.22,142.61,3,26506.0,0.7018,0.9203,0.7626,1.0,3.0,3.0,0.0,0.0,236.52,0.57,4,1,0,1,7,2,0,1,8,1,32.99
987,12.53,123.38,4,28800.0,0.3972,1.0,0.3972,1.0,4.0,4.0,0.0,0.0,236.52,0.96,3,1,10,1,7,2,0,0,8,1,23.64
850,29.03,106.25,4,28800.0,0.646,1.0,0.8075,1.0,5.0,4.0,0.0,0.0,236.52,1.21,3,1,16,1,7,2,0,0,8,1,17.6
953,37.95,119.12,3,28800.0,1.0,1.0,1.0,1.0,5.0,5.0,0.0,0.0,236.52,1.54,3,1,0,2,7,2,0,1,8,1,9.8
1036,20.74,134.56,5,27716.0,0.7335,0.9624,0.7622,1.0,5.0,5.0,0.0,0.0,236.52,1.82,3,1,6,2,7,2,0,0,8,1,2.95
1050,43.47,138.62,5,27268.0,0.9468,0.9468,1.0,1.0,5.0,5.0,0.0,0.0,309.04,2.27,3,1,17,2,7,2,0,0,8,1,92.93
1015,20.49,132.97,5,27480.0,0.5452,0.9542,0.5714,1.0,4.0,4.0,0.0,0.0,309.04,2.64,3,1,2,3,7,2,0,1,8,1,84.02
1050,42.58,131.25,4,28800.0,1.0,1.0,1.0,1.0,4.0,4.0,0.0,0.0,309.04,2.86,3,1,7,3,7,2,0,0,8,1,78.63
1050,31.8,131.25,5,28800.0,1.0,1.0,1.0,1.0,5.0,5.0,0.0,0.0,309.04,3.33,3,1,19,3,7,2,0,0,8,1,67.52
1050,38.41,131.25,4,28800.0,1.0,1.0,1.0,1.0,4.0,4.0,0.0,0.0,309.04,3.47,3,1,22,3,7,2,0,1,8,1,63.95
1050,43.92,131.25,4,28800.0,1.0,1.0,1.0,1.0,4.0,4.0,0.0,0.0,309.04,3.91,2,1,9,4,7,2,0,0,8,1,53.5
1050,27.65,131.25,6,28800.0,0.7853,1.0,0.7853,1.0,6.0,6.0,0.0,0.0,309.04,4.15,2,1,14,4,7,2,0,0,8,1,47.68
1050,30.02,131.25,2,28800.0,0.9869,1.0,0.9869,1.0,6.0,4.0,0.0,0.0,309.04,4.68,2,1,3,5,7,2,1,1,8,1,35.12
1050,31.41,132.29,2,28573.0,0.9413,0.9921,0.9488,1.0,2.0,2.0,0.0,0.0,309.04,4.87,1,1,8,5,7,2,1,0,8,1,30.53
886,43.06,112.62,3,28321.0,0.9834,0.9834,1.0,1.0,3.0,3.0,0.0,0.0,317.2,5.26,1,2,17,5,7,2,1,0,8,1,21.08
1009,15.12,128.29,4,28313.0,0.3179,0.9831,0.485,1.0,2.0,2.0,0.0,0.0,333.35,5.73,2,2,4,6,7,2,1,1,8,1,9.73
931,44.61,127.28,2,26332.0,0.9143,0.9143,1.0,1.0,2.0,2.0,0.0,0.0,333.35,6.07,2,2,12,6,7,2,1,0,8,1,1.58
883,19.54,125.02,2,25715.625,0.5668,0.8929374999999999,0.6421,1.0,5.0,5.0,0.0,0.0,349.52,6.63,3,2,2,0,8,2,0,1,8,1,122.96
1050,22.17,134.39,5,28127.0,0.7765,0.9766,0.7951,1.0,5.0,5.0,0.0,0.0,384.94,6.99,4,2,11,0,8,2,0,0,8,1,114.35
1050,31.13,135.46,2,27905.0,0.9689,0.9689,1.0,1.0,2.0,2.0,0.0,0.0,384.94,7.34,4,2,19,0,8,2,0,0,8,1,105.93
1050,38.84,137.9,5,27412.0,0.9518,0.9518,1.0,1.0,2.0,2.0,0.0,0.0,384.94,7.71,4,2,4,1,8,2,0,1,8,1,97.05
960,42.29,120.88,5,28591.0,0.9927,0.9927,1.0,1.0,5.0,5.0,0.0,0.0,384.94,7.91,4,2,9,1,8,2,0,0,8,1,92.35
896,22.88,113.98,4,28299.0,0.5528,0.9826,0.5626,1.0,4.0,4.0,0.0,0.0,384.94,8.2,4,2,16,1,8,2,0,0,8,1,85.43
1012,37.97,127.99,2,28465.0,0.9884,0.9884,1.0,1.0,2.0,2.0,0.0,0.0,427.89,8.57,5,2,0,2,8,2,0,1,8,1,76.58
998,43.26,124.75,6,28800.0,1.0,1.0,1.0,1.0,6.0,6.0,0.0,0.0,427.89,8.79,5,2,6,2,8,2,0,0,8,1,71.25
1005,39.85,125.62,6,28800.0,1.0,1.0,1.0,1.0,6.0,6.0,0.0,0.0,427.89,9.15,4,2,14,2,8,2,0,0,8,1,62.5
1035,48.86,129.38,2,28800.0,1.0,1.0,1.0,1.0,2.0,2.0,0.0,0.0,427.89,9.51,4,2,23,2,8,2,0,1,8,1,53.93
859,32.49,116.46,5,26554.0,0.8292,0.922,0.8993,1.0,5.0,5.0,0.0,0.0,427.89,9.79,4,2,6,3,8,2,0,0,8,1,47.26
996,20.5,133.71,2,26817.0,0.5474,0.9311,0.5879,1.0,2.0,2.0,0.0,0.0,427.89,10.12,4,2,14,3,8,2,0,0,8,1,39.21
1002,47.53,130.05,3,27738.0,0.9631,0.9631,1.0,1.0,3.0,3.0,0.0,0.0,463.31,10.73,5,2,4,4,8,2,0,1,8,1,24.58
1003,19.6,125.38,6,28800.0,0.5384,1.0,0.5384,1.0,6.0,6.0,0.0,0.0,463.31,10.98,5,2,10,4,8,2,0,0,8,1,18.76
898,47.85,112.25,3,28800.0,0.75,1.0,1.0,1.0,4.0,3.0,0.0,0.0,463.31,11.31,5,2,18,4,8,2,0,0,8,1,10.83
1040,24.14,130.0,3,28800.0,0.7648,1.0,0.7648,1.0,4.0,4.0,0.0,0.0,463.31,11.61,5,2,2,5,8,2,1,1,8,1,3.43
957,37.14,134.25,2,25715.625,0.8911,0.8929374999999999,1.0,1.0,2.0,2.0,0.0,0.0,463.31,11.9,6,2,8,5,8,2,1,0,8,1,107.13
1008,30.21,149.36,4,25715.625,0.8436,0.8929374999999999,1.0,1.0,4.0,4.0,0.0,0.0,570.06,12.3,6,2,18,5,8,2,1,0,8,1,97.58
919,39.18,127.63,4,25921.0,0.9,0.9,1.0,1.0,2.0,2.0,0.0,0.0,570.06,12.54,5,2,0,6,8,2,1,1,8,1,91.84
883,18.85,110.38,2,28800.0,0.5638,1.0,0.5638,1.0,2.0,2.0,0.0,0.0,570.06,12.88,5,2,8,6,8,2,1,0,8,1,83.51
990,24.0,123.75,6,28800.0,0.7477,1.0,0.7477,1.0,6.0,6.0,0.0,0.0,570.06,13.39,4,2,20,6,8,2,1,0,8,1,71.33
884,43.04,110.5,2,28800.0,1.0,1.0,1.0,1.0,2.0,2.0,0.0,0.0,570.06,13.46,4,2,22,6,8,2,1,1,8,1,69.61
902,9.08,112.75,2,28800.0,0.2825,1.0,0.2825,1.0,2.0,2.0,0.0,0.0,570.06,14.07,3,2,12,0,9,2,0,0,8,1,55.08
1050,50.37,131.25,5,28800.0,1.0,1.0,1.0,1.0,5.0,5.0,0.0,0.0,570.06,14.37,3,2,20,0,9,2,0,0,8,1,47.74
947,23.24,118.38,4,28800.0,0.6672,1.0,0.6672,1.0,3.0,3.0,0.0,0.0,570.06,14.71,3,2,4,1,9,2,0,1,8,1,39.54
1050,41.27,131.25,6,28800.0,1.0,1.0,1.0,1.0,6.0,6.0,0.0,0.0,570.06,14.78,3,2,6,1,9,2,0,0,8,1,37.86
1050,17.32,131.25,5,28800.0,0.5057,1.0,0.5057,1.0,5.0,5.0,0.0,0.0,570.06,15.19,3,2,15,1,9,2,0,0,8,1,28.24
1009,25.48,126.12,3,28800.0,0.7939,1.0,0.7939,1.0,3.0,3.0,0.0,0.0,570.06,15.49,2,2,22,1,9,2,0,1,8,1,21.03
862,25.83,125.37,5,25715.625,0.6405,0.8929374999999999,0.7452,1.0,5.0,5.0,0.0,0.0,570.06,16.0,2,2,11,2,9,2,0,0,8,1,8.73
1033,28.54,145.31,4,25715.625,0.8328,0.8929374999999999,0.9372,1.0,4.0,4.0,0.0,0.0,570.06,16.2,2,2,16,2,9,2,0,0,8,1,3.93
1001,14.77,159.86,2,25715.625,0.431,0.8929374999999999,0.5506,1.0,2.0,2.0,0.0,0.0,570.06,16.5,3,2,23,2,9,2,0,1,8,1,27.33
1003,38.3,153.93,2,25715.625,0.8145,0.8929374999999999,1.0,1.0,2.0,2.0,0.0,0.0,590.45,16.8,3,2,6,3,9,2,0,0,8,1,20.28
886,28.96,142.8,3,25715.625,0.6876,0.8929374999999999,0.8866,1.0,3.0,3.0,0.0,0.0,590.45,17.32,2,2,18,3,9,2,0,0,8,1,7.73
846,13.08,148.38,4,25715.625,0.2899,0.8929374999999999,0.4068,1.0,4.0,4.0,0.0,0.0,633.95,0.18,3,3,4,4,9,2,0,1,8,1,85.39
933,35.61,117.91,3,28487.0,0.9891,0.9891,1.0,1.0,3.0,3.0,0.0,0.0,633.95,0.37,3,3,9,4,9,2,0,0,8,1,80.88
862,44.65,108.68,3,28554.0,0.7436,0.9915,1.0,1.0,4.0,3.0,0.0,0.0,633.95,0.81,3,3,20,4,9,2,0,0,8,1,70.33
1050,33.78,133.02,4,28417.0,0.9867,0.9867,1.0,1.0,6.0,6.0,0.0,0.0,633.95,1.17,3,3,4,5,9,2,1,1,8,1,61.63
979,30.29,141.5,6,25715.625,0.8532,0.8929374999999999,0.9866,1.0,6.0,6.0,0.0,0.0,633.95,1.27,2,3,7,5,9,2,1,0,8,1,59.33
843,18.48,130.82,3,25715.625,0.5067,0.8929374999999999,0.629,1.0,3.0,3.0,0.0,0.0,633.95,1.86,2,4,21,5,9,2,1,0,8,1,45.14
934,26.0,142.86,6,25715.625,0.7193,0.8929374999999999,0.8802,1.0,6.0,6.0,0.0,0.0,675.94,0.08,2,4,2,6,9,3,1,1,8,1,39.96
1050,41.21,131.25,3,28800.0,0.75,1.0,1.0,1.0,4.0,3.0,0.0,0.0,675.94,0.3,2,4,7,6,9,3,1,0,8,1,34.89
1005,10.28,125.62,6,28800.0,0.3493,1.0,0.3493,1.0,6.0,6.0,0.0,0.0,675.94,0.92,2,4,22,6,9,3,1,1,8,1,19.99
1017,26.31,134.32,3,27258.0,0.7885,0.9465,0.8331,1.0,3.0,3.0,0.0,0.0,675.94,1.44,2,4,10,0,10,3,0,0,8,1,7.54
965,42.85,125.09,5,27772.0,0.9643,0.9643,1.0,1.0,5.0,5.0,0.0,0.0,675.94,1.77,3,4,18,0,10,3,0,0,8,1,159.4
1028,21.89,134.91,4,27432.0,0.6907,0.9525,0.7251,1.0,4.0,4.0,0.0,0.0,698.03,1.91,3,4,22,0,10,3,0,1,8,1,156.08
834,10.93,109.7,5,27368.0,0.2319,0.9503,0.2929,1.0,6.0,5.0,0.0,0.0,698.03,2.41,3,4,10,1,10,3,0,0,8,1,144.03
921,27.05,128.82,3,25738.0,0.8149,0.8937,0.9118,1.0,3.0,3.0,0.0,0.0,698.03,2.64,3,4,15,1,10,3,0,0,8,1,138.41
1050,47.74,150.01,3,25715.625,0.875,0.8929374999999999,1.0,1.0,3.0,3.0,0.0,0.0,832.29,0.12,3,5,22,1,10,3,0,1,8,1,131.43
1001,51.87,125.12,2,28800.0,1.0,1.0,1.0,1.0,2.0,2.0,0.0,0.0,832.29,0.59,3,5,10,2,10,3,0,0,8,1,120.0
955,36.77,119.38,5,28800.0,1.0,1.0,1.0,1.0,5.0,5.0,0.0,0.0,832.29,0.82,3,5,15,2,10,3,0,0,8,1,114.48
902,18.1,112.75,4,28800.0,0.4933,1.0,0.4933,1.0,7.0,6.0,0.0,0.0,832.29,1.36,2,5,4,3,10,3,0,1,8,1,101.68
876,20.74,109.5,1,28800.0,0.2798,1.0,0.5597,1.0,2.0,1.0,0.0,0.0,832.29,1.63,2,5,11,3,10,3,0,0,8,1,95.05
1050,19.81,131.25,5,28800.0,0.6504,1.0,0.6504,1.0,5.0,5.0,0.0,0.0,832.29,1.88,2,5,17,3,10,3,0,0,8,1,89.11
992,17.31,124.0,6,28800.0,0.5022,1.0,0.5859,1.0,4.0,4.0,0.0,0.0,832.29,2.2,2,5,0,4,10,3,0,1,8,1,81.35
902,32.7,112.75,6,28800.0,0.9195,1.0,0.9195,1.0,6.0,6.0,0.0,0.0,832.29,2.52,1,5,8,4,10,3,0,0,8,1,73.81
1050,37.32,131.25,2,28800.0,1.0,1.0,1.0,1.0,2.0,2.0,0.0,0.0,832.29,2.86,1,5,16,4,10,3,0,0,8,1,65.51
1043,22.54,130.38,4,28800.0,0.6598,1.0,0.6598,1.0,2.0,2.0,0.0,0.0,832.29,3.26,1,5,2,5,10,3,1,1,8,1,56.0
1007,39.5,125.88,3,28800.0,1.0,1.0,1.0,1.0,3.0,3.0,0.0,0.0,832.29,3.51,1,5,8,5,10,3,1,0,8,1,49.96
896,14.63,112.0,6,28800.0,0.3478,1.0,0.3478,1.0,6.0,6.0,0.0,0.0,832.29,4.07,1,5,21,5,10,3,1,0,8,1,36.61
1001,39.47,125.12,2,28800.0,1.0,1.0,1.0,1.0,6.0,6.0,0.0,0.0,832.29,4.37,1,5,4,6,10,3,1,1,8,1,29.46
1003,52.62,125.38,6,28800.0,1.0,1.0,1.0,1.0,6.0,6.0,0.0,0.0,832.29,4.7,1,5,12,6,10,3,1,0,8,1,21.58
1050,19.2,131.25,2,28800.0,0.6183,1.0,0.6183,1.0,2.0,2.0,0.0,0.0,832.29,4.91,1,5,17,6,10,3,1,0,8,1,16.48
1045,18.43,130.62,6,28800.0,0.5221,1.0,0.5221,1.0,3.0,3.0,0.0,0.0,832.29,5.26,1,5,2,0,11,3,0,1,8,1,8.06
1043,40.99,145.61,6,25787.0,0.8954,0.8954,1.0,1.0,6.0,6.0,0.0,0.0,832.29,5.5,1,5,7,0,11,3,0,0,8,1,2.2
1018,22.18,135.57,6,27032.0,0.7628,0.9386,0.8127,1.0,6.0,6.0,0.0,0.0,850.0,5.87,2,5,16,0,11,3,0,0,8,1,50.38
1000,33.22,138.37,3,26017.0,0.9034,0.9034,1.0,1.0,2.0,2.0,0.0,0.0,850.0,6.33,1,5,3,1,11,3,0,1,8,1,39.43
1016,25.32,144.28,5,25715.625,0.7297,0.8929374999999999,0.9948,1.0,6.0,5.0,0.0,0.0,881.87,0.1,1,6,13,1,11,3,0,0,8,1,29.5
1038,42.64,149.77,3,25715.625,0.8663,0.8929374999999999,1.0,1.0,3.0,3.0,0.0,0.0,881.87,0.38,1,6,20,1,11,3,0,0,8,1,22.75
886,31.14,145.84,2,25715.625,0.7594,0.8929374999999999,1.0,1.0,2.0,2.0,0.0,0.0,881.87,0.44,1,6,22,1,11,3,0,1,8,1,21.23
1013,19.63,142.2,2,25715.625,0.5666,0.8929374999999999,0.6363,1.0,2.0,2.0,0.0,0.0,881.87,1.05,1,5,12,2,11,3,0,0,8,1,6.68
947,32.3,132.22,2,25784.0,0.8953,0.8953,1.0,1.0,2.0,2.0,0.0,0.0,881.87,1.43,2,5,21,2,11,3,0,0,8,1,141.07
992,12.41,134.66,2,26520.0,0.3817,0.9208,0.4145,1.0,4.0,4.0,0.0,0.0,1022.77,1.59,2,5,1,3,11,3,0,1,8,1,137.29
983,18.22,122.88,6,28800.0,0.6028,1.0,0.6028,1.0,6.0,6.0,0.0,0.0,1022.77,1.89,2,5,8,3,11,3,0,0,8,1,130.16
916,34.12,114.5,2,28800.0,1.0,1.0,1.0,1.0,2.0,2.0,0.0,0.0,1022.77,2.37,2,5,20,3,11,3,0,0,8,1,118.64
824,23.01,103.0,4,28800.0,0.586,1.0,0.586,1.0,4.0,4.0,0.0,0.0,1022.77,2.5,2,5,23,3,11,3,0,1,8,1,115.42
1050,40.71,131.25,6,28800.0,1.0,1.0,1.0,1.0,6.0,6.0,0.0,0.0,1022.77,3.05,2,5,12,4,11,3,0,0,8,1,102.19
1050,19.86,131.25,3,28800.0,0.7186,1.0,0.7186,1.0,3.0,3.0,0.0,0.0,1022.77,3.31,2,5,18,4,11,3,0,0,8,1,96.0
965,19.32,120.62,1,28800.0,0.4875,1.0,0.4875,1.0,6.0,6.0,0.0,0.0,1022.77,3.55,2,5,0,5,11,3,1,1,8,1,90.19
934,15.29,116.75,3,28800.0,0.4184,1.0,0.4184,1.0,3.0,3.0,0.0,0.0,1022.77,3.89,2,5,8,5,11,3,1,0,8,1,82.09
1050,50.7,131.25,6,28800.0,1.0,1.0,1.0,1.0,6.0,6.0,0.0,0.0,1022.77,4.24,2,5,17,5,11,3,1,0,8,1,73.77
1050,32.4,131.25,6,28800.0,1.0,1.0,1.0,1.0,6.0,6.0,0.0,0.0,1022.77,4.6,2,5,1,6,11,3,1,1,8,1,65.09
964,30.56,120.5,4,28800.0,0.9493,1.0,0.9493,1.0,4.0,4.0,0.0,0.0,1022.77,5.3,2,5,18,6,11,3,1,0,8,1,48.39
976,12.91,122.0,6,28800.0,0.3399,1.0,0.3399,1.0,1.0,1.0,0.0,0.0,1022.77,5.68,2,5,3,0,12,3,0,1,8,1,39.05
1025,25.62,128.12,2,28800.0,0.8033,1.0,0.8033,1.0,2.0,2.0,0.0,0.0,1022.77,5.91,2,5,9,0,12,3,0,0,8,1,33.76
1050,23.04,131.25,3,28800.0,0.7751,1.0,0.7751,1.0,3.0,3.0,0.0,0.0,1022.77,6.29,1,4,18,0,12,3,0,0,8,1,24.55
896,38.93,112.0,1,28800.0,1.0,1.0,1.0,1.0,5.0,5.0,0.0,0.0,1022.77,6.56,1,4,0,1,12,3,0,1,8,1,18.07
883,24.21,138.15,6,25715.625,0.5865,0.8929374999999999,0.7341,1.0,6.0,6.0,0.0,0.0,1022.77,6.78,1,4,6,1,12,3,0,0,8,1,12.65
802,34.2,127.41,2,25715.625,0.7825,0.8929374999999999,0.9945,1.0,2.0,2.0,0.0,0.0,1022.77,7.39,2,4,20,1,12,3,0,0,8,1,322.75
1050,12.93,165.88,5,25715.625,0.3642,0.8929374999999999,0.4603,1.0,5.0,4.0,0.0,0.0,1028.22,7.56,2,4,0,2,12,3,0,1,8,1,318.71
824,27.93,103.94,2,28540.0,0.6921,0.991,0.6984,1.0,2.0,2.0,0.0,0.0,1063.76,7.87,2,4,8,2,12,3,0,0,8,1,311.26
746,36.24,93.99,6,28574.0,0.8468,0.9922,0.8535,1.0,6.0,6.0,0.0,0.0,1063.76,8.17,2,4,15,2,12,3,0,0,8,1,304.18
960,19.31,120.86,4,28595.0,0.4034,0.9929,0.5079,1.0,6.0,6.0,0.0,0.0,1063.76,8.62,1,4,2,3,12,3,0,1,8,1,293.36
950,24.32,120.58,5,28362.0,0.7755,0.9848,0.7875,1.0,5.0,5.0,0.0,0.0,1063.76,8.89,1,4,8,3,12,3,0,0,8,1,286.93
1050,33.69,133.31,6,28356.0,0.9846,0.9846,1.0,1.0,6.0,6.0,0.0,0.0,1264.9,9.41,1,4,21,3,12,3,0,0,8,1,274.35
891,36.85,114.17,6,28094.0,0.9755,0.9755,1.0,1.0,5.0,5.0,0.0,0.0,1264.9,9.7,1,4,4,4,12,3,0,1,8,1,267.33
975,31.89,121.88,6,28800.0,0.9682,1.0,0.9682,1.0,6.0,6.0,0.0,0.0,1264.9,9.9,1,4,9,4,12,3,0,0,8,1,262.58
885,16.23,110.62,4,28800.0,0.44,1.0,0.44,1.0,4.0,4.0,0.0,0.0,1264.9,10.27,1,4,17,4,12,3,0,0,8,1,253.76
920,41.73,115.0,5,28800.0,1.0,1.0,1.0,1.0,5.0,5.0,0.0,0.0,1264.9,10.46,1,4,22,4,12,3,0,1,8,1,249.15
1000,15.69,125.0,4,28800.0,0.4733,1.0,0.4733,1.0,4.0,4.0,0.0,0.0,1264.9,10.82,1,4,7,5,12,3,1,0,8,1,240.46
1050,20.34,131.25,5,28800.0,0.7394,1.0,0.7394,1.0,5.0,5.0,0.0,0.0,1264.9,11.29,1,4,18,5,12,3,1,0,8,1,229.13
1025,22.81,128.12,2,28800.0,0.7317,1.0,0.7317,1.0,5.0,5.0,0.0,0.0,1264.9,11.67,1,4,3,6,12,3,1,1,8,1,220.0
1050,15.08,131.25,2,28800.0,0.5086,1.0,0.5086,1.0,2.0,2.0,0.0,0.0,1264.9,12.27,1,4,17,6,12,3,1,0,8,1,205.78
1012,39.78,126.5,5,28800.0,1.0,1.0,1.0,1.0,5.0,5.0,0.0,0.0,1264.9,12.47,1,4,22,6,12,3,1,1,8,1,200.98
985,33.56,123.12,2,28800.0,0.8814,1.0,0.8814,1.0,2.0,2.0,0.0,0.0,1264.9,12.96,1,4,10,0,13,3,0,0,8,1,189.06
1050,14.89,131.25,6,28800.0,0.4339,1.0,0.4339,1.0,6.0,6.0,0.0,0.0,1264.9,13.28,1,4,18,0,13,3,0,0,8,1,181.53
1050,19.2,131.25,4,28800.0,0.642,1.0,0.642,1.0,3.0,3.0,0.0,0.0,1264.9,13.7,1,4,4,1,13,3,0,1,8,1,171.43
1006,24.4,125.75,2,28800.0,0.7465,1.0,0.7465,1.0,2.0,2.0,0.0,0.0,1264.9,13.81,1,4,6,1,13,3,0,0,8,1,168.8
881,30.36,110.12,3,28800.0,0.8308,1.0,0.8308,1.0,3.0,3.0,0.0,0.0,1264.9,14.36,0,4,20,1,13,3,0,0,8,1,155.45
947,11.29,118.38,3,28800.0,0.3607,1.0,0.3607,1.0,4.0,3.0,0.0,0.0,1264.9,14.58,0,4,1,2,13,3,0,1,8,1,150.35
934,17.49,116.75,5,28800.0,0.4916,1.0,0.4916,1.0,5.0,5.0,0.0,0.0,1264.9,14.91,0,4,9,2,13,3,0,0,8,1,142.28
836,9.6,104.5,3,28800.0,0.2729,1.0,0.2729,1.0,3.0,3.0,0.0,0.0,1264.9,15.24,0,4,17,2,13,3,0,0,8,1,134.51
913,39.73,114.12,3,28800.0,0.75,1.0,1.0,1.0,4.0,3.0,0.0,0.0,1264.9,15.46,0,4,22,2,13,3,0,1,8,1,129.15
987,48.84,123.38,4,28800.0,1.0,1.0,1.0,1.0,4.0,4.0,0.0,0.0,1264.9,16.09,0,4,13,3,13,3,0,0,8,1,114.1
1050,12.8,131.25,6,28800.0,0.4663,1.0,0.4663,1.0,6.0,6.0,0.0,0.0,1264.9,16.18,0,4,15,3,13,3,0,0,8,1,111.98
883,8.51,110.38,2,28800.0,0.2539,1.0,0.2539,1.0,2.0,2.0,0.0,0.0,1264.9,16.46,0,4,22,3,13,3,0,1,8,1,105.11
933,44.09,116.62,2,28800.0,1.0,1.0,1.0,1.0,2.0,2.0,0.0,0.0,1264.9,16.8,0,4,6,4,13,3,0,0,8,1,96.9
871,25.48,108.88,5,28800.0,0.5837,1.0,0.5837,1.0,5.0,5.0,0.0,0.0,1264.9,17.26,0,4,17,4,13,3,0,0,8,1,85.96
809,42.14,101.12,7,28800.0,0.9261,1.0,0.9261,1.0,6.0,6.0,0.0,0.0,1264.9,17.55,0,4,0,5,13,3,1,1,8,1,79.03
1037,22.58,139.8,4,26703.0,0.66,0.9272,0.7118,1.0,4.0,4.0,0.0,0.0,1341.43,0.21,0,5,8,5,13,3,1,0,8,1,71.51
889,32.61,118.31,3,27050.0,0.8257,0.9392,0.8791,1.0,3.0,3.0,0.0,0.0,1341.43,0.48,0,5,14,5,13,3,1,0,8,1,65.1
975,19.93,129.22,6,27162.0,0.518,0.9431,0.5492,1.0,5.0,5.0,0.0,0.0,1341.43,1.02,0,4,3,6,13,3,1,1,8,1,52.05
1050,28.52,131.25,3,28800.0,0.9764,1.0,0.9764,1.0,3.0,3.0,0.0,0.0,1341.43,1.35,0,4,11,6,13,3,1,0,8,1,44.18
995,28.67,124.38,4,28800.0,0.9449,1.0,0.9449,1.0,4.0,4.0,0.0,0.0,1341.43,1.53,0,4,15,6,13,3,1,0,8,1,39.9
1050,23.6,131.25,5,28800.0,0.8141,1.0,0.8141,1.0,0.0,0.0,0.0,0.0,1341.43,1.98,0,4,2,0,14,3,0,1,8,1,29.11
1050,27.74,131.25,6,28800.0,0.7798,1.0,0.7798,1.0,6.0,6.0,0.0,0.0,1341.43,2.3,0,4,10,0,14,3,0,0,8,1,21.28
1015,46.2,126.88,2,28800.0,1.0,1.0,1.0,1.0,2.0,2.0,0.0,0.0,1341.43,2.67,0,4,19,0,14,3,0,0,8,1,12.46
850,17.02,106.25,0,28800.0,0.4554,1.0,0.4814,1.0,7.0,7.0,0.0,0.0,1341.43,2.91,0,3,0,1,14,3,0,1,8,1,6.63
1001,38.24,154.4,2,25715.625,0.8104,0.8929374999999999,1.0,1.0,2.0,2.0,0.0,0.0,1341.43,3.29,1,3,9,1,14,3,0,0,8,1,3.67
989,29.23,169.31,6,25715.625,0.7302,0.8929374999999999,1.0,1.0,6.0,6.0,0.0,0.0,1418.89,3.66,2,3,18,1,14,3,0,0,8,1,83.17
1050,36.63,159.18,7,25715.625,0.8245,0.8929374999999999,1.0,1.0,3.0,3.0,0.0,0.0,1418.89,3.94,2,3,1,2,14,4,0,1,8,1,76.42
898,25.99,112.25,5,28800.0,0.6847,1.0,0.6847,1.0,5.0,5.0,0.0,0.0,1418.89,4.36,2,3,11,2,14,4,0,0,8,1,66.43
1050,34.65,131.25,5,28800.0,0.8333,1.0,1.0,1.0,6.0,5.0,0.0,0.0,1418.89,4.69,2,3,19,2,14,4,0,0,8,1,58.32
909,17.63,113.62,3,28800.0,0.4207,1.0,0.4207,1.0,2.0,2.0,0.0,0.0,1418.89,4.88,2,3,0,3,14,4,0,1,8,1,53.78
894,26.32,111.75,4,28800.0,0.6159,1.0,0.6159,1.0,4.0,4.0,0.0,0.0,1418.89,5.13,2,3,6,3,14,4,0,0,8,1,47.82
1017,41.53,127.12,3,28800.0,1.0,1.0,1.0,1.0,3.0,3.0,0.0,0.0,1418.89,5.67,2,2,19,3,14,4,0,0,8,1,34.88
894,29.5,111.75,2,28800.0,0.8785,1.0,0.8785,1.0,3.0,3.0,0.0,0.0,1418.89,6.01,2,2,3,4,14,4,0,1,8,1,26.75
875,43.36,112.58,5,27980.0,0.9715,0.9715,1.0,1.0,5.0,5.0,0.0,0.0,1418.89,6.32,2,2,10,4,14,4,0,0,8,1,19.4
993,16.37,127.63,4,28009.0,0.4858,0.9725,0.4995,1.0,4.0,4.0,0.0,0.0,1429.65,0.0,2,3,19,4,14,4,0,0,8,1,10.68
904,37.81,115.89,3,28081.0,0.8833,0.975,0.9059,1.0,3.0,3.0,0.0,0.0,1429.65,0.35,2,3,3,5,14,4,1,1,8,1,2.42
1037,10.5,139.64,2,26735.0,0.3662,0.9283,0.3945,1.0,2.0,2.0,0.0,0.0,1624.16,0.61,3,3,10,5,14,4,1,0,8,1,199.51
1002,13.67,146.4,2,25715.625,0.4464,0.8929374999999999,0.5217,1.0,2.0,2.0,0.0,0.0,1624.16,1.02,3,3,19,5,14,4,1,0,8,1,189.88
945,38.29,131.68,3,25836.0,0.8971,0.8971,1.0,1.0,7.0,6.0,0.0,0.0,1624.16,1.39,3,3,4,6,14,4,1,1,8,1,180.91
920,31.44,115.0,6,28800.0,0.8635,1.0,0.8635,1.0,6.0,6.0,0.0,0.0,1624.16,1.61,3,3,9,6,14,4,1,0,8,1,175.61
963,44.39,120.38,3,28800.0,1.0,1.0,1.0,1.0,3.0,3.0,0.0,0.0,1624.16,1.97,3,3,18,6,14,4,1,0,8,1,166.95
1050,48.95,131.25,6,28800.0,0.8571,1.0,1.0,1.0,1.0,1.0,0.0,0.0,1624.16,2.23,3,3,0,0,15,4,0,1,8,1,160.68
1050,33.79,131.25,4,28800.0,0.7805,1.0,0.9756,1.0,5.0,4.0,0.0,0.0,1624.16,2.61,3,3,9,0,15,4,0,0,8,1,151.68
826,36.29,103.25,4,28800.0,0.9315,1.0,0.9315,1.0,4.0,4.0,0.0,0.0,1624.16,2.85,3,3,15,0,15,4,0,0,8,1,145.9
955,46.53,119.38,1,28800.0,1.0,1.0,1.0,1.0,4.0,4.0,0.0,0.0,1624.16,3.41,3,3,5,1,15,4,0,1,8,1,132.36
1050,17.09,131.25,6,28800.0,0.5079,1.0,0.5079,1.0,6.0,6.0,0.0,0.0,1624.16,3.56,2,3,8,1,15,4,0,0,8,1,128.81
1050,22.27,131.25,4,28800.0,0.6366,1.0,0.6366,1.0,4.0,4.0,0.0,0.0,1624.16,4.0,1,3,19,1,15,4,0,0,8,1,118.26
1050,15.78,131.25,4,28800.0,0.5633,1.0,0.5633,1.0,8.0,7.0,0.0,0.0,1624.16,4.23,1,3,0,2,15,4,0,1,8,1,112.75
989,30.07,123.62,2,28800.0,1.0,1.0,1.0,1.0,2.0,2.0,0.0,0.0,1624.16,4.7,1,3,12,2,15,4,0,0,8,1,101.38
965,34.44,120.62,5,28800.0,1.0,1.0,1.0,1.0,5.0,5.0,0.0,0.0,1624.16,4.86,1,3,15,2,15,4,0,0,8,1,97.56
865,36.68,108.12,7,28800.0,0.875,1.0,1.0,1.0,1.0,1.0,0.0,0.0,1624.16,5.43,1,3,5,3,15,4,0,1,8,1,83.88
1050,24.68,131.25,5,28800.0,0.7015,1.0,0.7015,1.0,5.0,5.0,0.0,0.0,1624.16,5.71,1,2,12,3,15,4,0,0,8,1,77.18
872,11.92,109.0,5,28800.0,0.3373,1.0,0.3373,1.0,5.0,5.0,0.0,0.0,1624.16,5.85,1,2,15,3,15,4,0,0,8,1,73.83
1050,42.63,131.25,1,28800.0,1.0,1.0,1.0,1.0,4.0,4.0,0.0,0.0,1624.16,6.23,1,2,0,4,15,4,0,1,8,1,64.81
981,28.03,122.62,5,28800.0,0.8448,1.0,0.8448,1.0,5.0,5.0,0.0,0.0,1624.16,6.67,1,2,11,4,15,4,0,0,8,1,54.08
909,37.35,113.62,6,28800.0,1.0,1.0,1.0,1.0,6.0,6.0,0.0,0.0,1624.16,6.8,1,2,14,4,15,4,0,0,8,1,51.15
1050,43.02,131.25,4,28800.0,1.0,1.0,1.0,1.0,5.0,5.0,0.0,0.0,1624.16,7.38,1,2,4,5,15,4,1,1,8,1,37.21
924,14.3,115.5,3,28800.0,0.2143,1.0,0.3571,1.0,5.0,3.0,0.0,0.0,1624.16,7.62,0,2,10,5,15,4,1,0,8,1,31.43
1050,47.71,131.25,6,28800.0,1.0,1.0,1.0,1.0,6.0,6.0,0.0,0.0,1624.16,7.79,0,2,14,5,15,4,1,0,8,1,27.23
1050,24.28,131.25,5,28800.0,0.7988,1.0,0.7988,1.0,0.0,0.0,0.0,0.0,1624.16,8.35,0,2,3,6,15,4,1,1,8,1,13.95
943,36.85,173.66124,2,25715.625,0.6513,0.8929374999999999,1.0,1.0,2.0,2.0,0.0,0.0,1626.16,0.02,0,3,15,6,15,4,1,0,8,1,1.56
963,47.55,173.66124,0,25715.625,0.621,0.8929374999999999,1.0,1.0,0.0,0.0,0.0,0.0,1705.65,0.32,1,3,23,6,15,4,1,1,8,1,75.12
909,34.41,113.62,5,28800.0,0.9649,1.0,0.9649,1.0,5.0,5.0,0.0,0.0,1705.65,0.78,1,3,10,0,16,4,0,0,8,1,64.09
990,22.94,123.75,4,28800.0,0.7318,1.0,0.7318,1.0,4.0,4.0,0.0,0.0,1705.65,1.24,1,3,21,0,16,4,0,0,8,1,53.01
1050,34.67,131.25,6,28800.0,1.0,1.0,1.0,1.0,5.0,5.0,0.0,0.0,1705.65,1.54,1,3,4,1,16,4,0,1,8,1,45.86
1039,23.81,129.88,3,28800.0,0.785,1.0,0.785,1.0,3.0,3.0,0.0,0.0,1705.65,1.82,1,3,11,1,16,4,0,0,8,1,39.11
1050,15.58,131.25,4,28800.0,0.5002,1.0,0.5002,1.0,4.0,4.0,0.0,0.0,1705.65,2.12,1,3,18,1,16,4,0,0,8,1,31.79
1050,25.2,131.25,5,28800.0,0.8983,1.0,0.8983,1.0,4.0,4.0,0.0,0.0,1705.65,2.4,1,3,1,2,16,4,0,1,8,1,25.16
993,18.09,124.12,3,28800.0,0.4979,1.0,0.4979,1.0,3.0,3.0,0.0,0.0,1705.65,2.92,1,3,13,2,16,4,0,0,8,1,12.64
988,35.16,123.5,4,28800.0,1.0,1.0,1.0,1.0,4.0,4.0,0.0,0.0,1705.65,3.13,1,3,18,2,16,4,0,0,8,1,7.57
957,25.75,119.62,4,28800.0,0.75,1.0,0.75,1.0,2.0,2.0,0.0,0.0,1705.65,3.49,2,3,3,3,16,4,0,1,8,1,9.39
927,25.44,135.41,2,25715.625,0.5255,0.8929374999999999,0.9212,1.0,3.0,2.0,0.0,0.0,1714.27,3.64,2,3,6,3,16,4,0,0,8,1,5.63
952,28.58,158.45,6,25715.625,0.751,0.8929374999999999,1.0,1.0,6.0,6.0,0.0,0.0,1735.12,4.03,3,3,16,3,16,4,0,0,8,1,154.36
1050,34.62,155.96,2,25715.625,0.8416,0.8929374999999999,1.0,1.0,2.0,2.0,0.0,0.0,1735.12,4.32,3,3,23,3,16,4,0,1,8,1,147.48
881,12.5,126.6,2,25715.625,0.3099,0.8929374999999999,0.3562,1.0,2.0,2.0,0.0,0.0,1735.12,4.82,3,3,11,4,16,4,0,0,8,1,135.41
1019,43.39,142.3,5,25779.0,0.8951,0.8951,1.0,1.0,5.0,5.0,0.0,0.0,1819.05,0.14,3,4,18,4,16,4,0,0,8,1,128.6
888,35.09,118.85,3,26898.0,0.934,0.934,1.0,1.0,3.0,3.0,0.0,0.0,1819.05,0.53,3,4,3,5,16,4,1,1,8,1,119.05
1050,16.58,131.25,4,28800.0,0.5746,1.0,0.5746,1.0,4.0,4.0,0.0,0.0,1819.05,0.87,3,4,11,5,16,4,1,0,8,1,110.91
862,12.06,107.75,4,28800.0,0.3595,1.0,0.3595,1.0,4.0,4.0,0.0,0.0,1819.05,1.03,3,4,15,5,16,4,1,0,8,1,107.03
1050,32.69,131.25,3,28800.0,1.0,1.0,1.0,1.0,3.0,3.0,0.0,0.0,1819.05,1.37,3,4,23,5,16,4,1,1,8,1,98.91
962,29.8,120.25,4,28800.0,0.9249,1.0,0.9249,1.0,4.0,4.0,0.0,0.0,1819.05,1.82,3,4,10,6,16,4,1,0,8,1,88.06
1050,50.82,131.25,3,28800.0,1.0,1.0,1.0,1.0,3.0,3.0,0.0,0.0,1819.05,2.03,3,4,15,6,16,4,1,0,8,1,83.05
1019,14.14,127.38,3,28800.0,0.391,1.0,0.391,1.0,6.0,6.0,0.0,0.0,1819.05,2.49,2,4,2,0,17,4,0,1,8,1,72.13
1050,26.63,131.25,4,28800.0,0.7263,1.0,0.7263,1.0,4.0,4.0,0.0,0.0,1819.05,2.67,2,4,6,0,17,4,0,0,8,1,67.83
895,34.38,111.88,4,28800.0,1.0,1.0,1.0,1.0,4.0,4.0,0.0,0.0,1819.05,3.11,2,4,17,0,17,4,0,0,8,1,57.21
945,35.05,118.12,6,28800.0,0.9542,1.0,0.9542,1.0,5.0,5.0,0.0,0.0,1819.05,3.4,2,4,0,1,17,4,0,1,8,1,50.23
982,26.3,131.28,5,26929.0,0.7454,0.935,0.7972,1.0,5.0,5.0,0.0,0.0,1841.97,0.27,2,5,10,1,17,4,0,0,8,1,39.71
984,20.3,134.98,4,26244.0,0.5621,0.9113,0.6168,1.0,4.0,4.0,0.0,0.0,1841.97,0.63,2,5,19,1,17,4,0,0,8,1,31.05
1050,17.42,144.98,5,26073.0,0.6311,0.9053,0.6971,1.0,5.0,5.0,0.0,0.0,1841.97,0.79,2,5,23,1,17,4,0,1,8,1,27.36
1032,9.59,173.66124,6,25715.625,0.3401,0.8929374999999999,0.5143,1.0,6.0,6.0,0.0,0.0,1841.97,1.08,2,6,6,2,17,4,0,0,8,1,20.33
1025,21.25,173.66124,3,25715.625,0.5637,0.8929374999999999,0.7748,1.0,3.0,3.0,0.0,0.0,1855.18,0.59,2,7,21,2,17,4,0,0,8,1,5.35
1050,36.82,158.36,5,25715.625,0.8288,0.8929374999999999,1.0,1.0,5.0,5.0,0.0,0.0,1859.73,0.07,2,7,23,2,17,4,0,1,8,1,2.78
1050,14.72,146.23,2,25850.0,0.4546,0.8976,0.5065,1.0,2.0,2.0,0.0,0.0,1866.5,0.6,2,7,12,3,17,4,0,0,8,1,281.27
902,32.91,132.59,2,25715.625,0.8503,0.8929374999999999,1.0,1.0,2.0,2.0,0.0,0.0,1905.1,0.81,2,7,17,3,17,4,0,0,8,1,276.27
766,16.16,124.46,3,25715.625,0.4226,0.8929374999999999,0.5493,1.0,2.0,1.0,0.0,0.0,1905.1,1.3,2,7,5,4,17,4,0,1,8,1,264.42
1050,18.02,131.25,3,28800.0,0.6501,1.0,0.6501,1.0,3.0,3.0,0.0,0.0,1905.1,1.59,2,7,12,4,17,4,0,0,8,1,257.45
1008,17.44,126.0,5,28800.0,0.4697,1.0,0.4697,1.0,5.0,5.0,0.0,0.0,1905.1,1.78,2,7,16,4,17,4,0,0,8,1,253.02
936,24.82,117.0,1,28800.0,0.3246,1.0,0.6493,1.0,4.0,3.0,0.0,0.0,1905.1,2.27,2,7,4,5,17,4,1,1,8,1,241.13
932,29.08,120.45,2,27855.0,0.7394,0.9672,0.7645,1.0,2.0,2.0,0.0,0.0,1931.86,0.47,2,8,17,5,17,4,1,0,8,1,228.58
968,15.19,129.76,3,26855.0,0.3428,0.9325,0.4902,1.0,4.0,4.0,0.0,0.0,1931.86,0.82,2,8,1,6,17,4,1,1,8,1,220.2
808,33.52,123.78,2,25715.625,0.8159,0.8929374999999999,1.0,1.0,2.0,2.0,0.0,0.0,1931.86,1.06,2,8,7,6,17,4,1,0,8,1,214.6
949,14.3,130.68,6,26143.0,0.4659,0.9077,0.5133,1.0,6.0,6.0,0.0,0.0,2140.74,0.14,2,9,16,6,17,4,1,0,8,1,205.62
1050,33.19,173.66124,4,25715.625,0.7482,0.8929374999999999,1.0,1.0,4.0,4.0,0.0,0.0,2140.74,0.69,2,8,5,0,18,4,0,1,8,1,192.22
981,24.68,122.62,6,28800.0,0.8005,1.0,0.8005,1.0,6.0,6.0,0.0,0.0,2140.74,0.93,2,8,11,0,18,4,0,0,8,1,186.53
998,11.04,124.75,6,28800.0,0.3552,1.0,0.3552,1.0,6.0,6.0,0.0,0.0,2140.74,1.13,2,8,16,0,18,4,0,0,8,1,181.68
1050,17.23,131.25,4,28800.0,0.5702,1.0,0.5702,1.0,4.0,4.0,0.0,0.0,2140.74,1.4,2,8,22,0,18,4,0,1,8,1,175.38
995,40.06,124.38,2,28800.0,1.0,1.0,1.0,1.0,2.0,2.0,0.0,0.0,2140.74,1.89,2,8,10,1,18,4,0,0,8,1,163.57
971,12.52,121.38,5,28800.0,0.2773,1.0,0.3328,1.0,6.0,5.0,0.0,0.0,2140.74,2.29,2,8,19,1,18,4,0,0,8,1,153.88
1050,47.6,131.25,2,28800.0,1.0,1.0,1.0,1.0,5.0,5.0,0.0,0.0,2140.74,2.63,2,8,4,2,18,4,0,1,8,1,145.65
1013,27.47,126.62,2,28800.0,0.828,1.0,0.828,1.0,2.0,2.0,0.0,0.0,2140.74,2.75,2,8,6,2,18,4,0,0,8,1,142.97
1050,25.38,131.25,3,28800.0,0.8794,1.0,0.8794,1.0,3.0,3.0,0.0,0.0,2140.74,3.05,2,8,14,2,18,4,0,0,8,1,135.7
1050,14.92,131.25,5,28800.0,0.5389,1.0,0.5389,1.0,6.0,6.0,0.0,0.0,2140.74,3.61,1,8,3,3,18,4,0,1,8,1,122.35
1036,27.63,129.5,2,28800.0,0.9702,1.0,0.9702,1.0,2.0,2.0,0.0,0.0,2140.74,3.85,1,8,9,3,18,4,0,0,8,1,116.38
792,21.79,99.0,3,28800.0,0.4447,1.0,0.4447,1.0,3.0,3.0,0.0,0.0,2140.74,4.22,0,8,18,3,18,4,0,0,8,1,107.67
1050,18.52,131.25,6,28800.0,0.5866,1.0,0.5866,1.0,6.0,6.0,0.0,0.0,2140.74,4.43,0,8,23,3,18,4,0,1,8,1,102.67
1050,22.75,131.25,5,28800.0,0.7882,1.0,0.7882,1.0,5.0,5.0,0.0,0.0,2140.74,4.74,0,8,6,4,18,5,0,0,8,1,95.18
869,13.4,108.62,3,28800.0,0.3313,1.0,0.3313,1.0,3.0,3.0,0.0,0.0,2140.74,5.21,0,8,18,4,18,5,0,0,8,1,83.78
830,18.78,103.75,4,28800.0,0.3686,1.0,0.4608,1.0,2.0,2.0,0.0,0.0,2140.74,5.59,0,8,3,5,18,5,1,1,8,1,74.72
1050,17.97,131.25,3,28800.0,0.6187,1.0,0.6187,1.0,3.0,3.0,0.0,0.0,2140.74,5.74,0,8,6,5,18,5,1,0,8,1,71.03
863,24.98,107.88,5,28800.0,0.5636,1.0,0.5636,1.0,5.0,5.0,0.0,0.0,2140.74,6.26,0,8,19,5,18,5,1,0,8,1,58.53
1024,25.4,128.0,2,28800.0,0.7865,1.0,0.7865,1.0,5.0,5.0,0.0,0.0,2140.74,6.54,0,8,1,6,18,5,1,1,8,1,51.97
1018,47.37,127.25,2,28800.0,0.5,1.0,1.0,1.0,4.0,2.0,0.0,0.0,2140.74,6.86,0,8,9,6,18,5,1,0,8,1,44.2
962,17.01,120.25,3,28800.0,0.5638,1.0,0.5638,1.0,3.0,3.0,0.0,0.0,2140.74,7.11,0,8,15,6,18,5,1,0,8,1,38.33
987,29.94,123.38,5,28800.0,1.0,1.0,1.0,1.0,5.0,5.0,0.0,0.0,2140.74,7.55,0,7,2,0,19,5,0,1,8,1,27.8
922,35.52,115.25,2,28800.0,1.0,1.0,1.0,1.0,2.0,2.0,0.0,0.0,2140.74,7.82,0,7,8,0,19,5,0,0,8,1,21.1
935,42.29,116.88,2,28800.0,1.0,1.0,1.0,1.0,2.0,2.0,0.0,0.0,2140.74,8.19,0,7,17,0,19,5,0,0,8,1,12.27
1004,33.17,125.5,5,28800.0,1.0,1.0,1.0,1.0,1.0,1.0,0.0,0.0,2140.74,8.69,0,7,5,1,19,5,0,1,8,1,0.37
763,10.31,104.02,1,26406.0,0.1166,0.9169,0.2543,1.0,2.0,1.0,0.0,0.0,2255.33,9.02,1,7,13,1,19,5,0,0,8,1,185.61
1004,12.67,136.93,4,26396.0,0.3479,0.9165,0.3796,1.0,4.0,4.0,0.0,0.0,2255.33,9.15,1,7,16,1,19,5,0,0,8,1,182.63
847,12.56,117.65,1,25918.0,0.3611,0.8999,0.4013,1.0,5.0,5.0,0.0,0.0,2255.33,9.62,1,7,3,2,19,5,0,1,8,1,171.38
837,14.67,104.62,3,28800.0,0.3261,1.0,0.3261,1.0,3.0,3.0,0.0,0.0,2255.33,9.9,1,7,10,2,19,5,0,0,8,1,164.46
1050,21.22,131.25,6,28800.0,0.6096,1.0,0.6096,1.0,6.0,6.0,0.0,0.0,2255.33,10.21,1,7,17,2,19,5,0,0,8,1,157.24
1050,26.6,131.25,5,28800.0,0.9516,1.0,0.9516,1.0,2.0,2.0,0.0,0.0,2255.33,10.58,1,7,2,3,19,5,0,1,8,1,148.18
1029,27.4,128.62,4,28800.0,0.8186,1.0,0.8186,1.0,4.0,4.0,0.0,0.0,2255.33,10.75,1,7,6,3,19,5,0,0,8,1,144.28
1047,43.45,130.88,2,28800.0,1.0,1.0,1.0,1.0,2.0,2.0,0.0,0.0,2255.33,11.05,1,7,14,3,19,5,0,0,8,1,136.98
1036,15.75,129.5,2,28800.0,0.4317,1.0,0.4317,1.0,2.0,2.0,0.0,0.0,2255.33,11.41,1,7,22,3,19,5,0,1,8,1,128.36
947,23.21,118.38,2,28800.0,0.657,1.0,0.657,1.0,2.0,2.0,0.0,0.0,2255.33,11.89,1,7,10,4,19,5,0,0,8,1,116.91
993,35.14,124.12,5,28800.0,0.8333,1.0,1.0,1.0,6.0,5.0,0.0,0.0,2255.33,12.11,1,7,15,4,19,5,0,0,8,1,111.59
940,16.93,117.5,3,28800.0,0.4377,1.0,0.4377,1.0,3.0,3.0,0.0,0.0,2255.33,12.39,1,7,22,4,19,5,0,1,8,1,104.71
1019,19.24,127.38,3,28800.0,0.5438,1.0,0.5438,1.0,3.0,3.0,0.0,0.0,2255.33,12.75,1,7,6,5,19,5,1,0,8,1,96.24
842,15.33,105.25,1,28800.0,0.1749,1.0,0.3497,1.0,2.0,1.0,0.0,0.0,2255.33,13.31,1,7,20,5,19,5,1,0,8,1,82.81
1050,22.64,131.25,4,28800.0,0.7467,1.0,0.7467,1.0,4.0,4.0,0.0,0.0,2255.33,13.4,1,7,22,5,19,5,1,1,8,1,80.53
1050,27.58,146.96,6,25722.0,0.7776,0.8931,0.8707,1.0,6.0,6.0,0.0,0.0,2326.04,0.08,1,8,10,6,19,5,1,0,8,1,68.86
1050,23.65,157.36,3,25715.625,0.5289,0.8929374999999999,0.8454,1.0,4.0,3.0,0.0,0.0,2326.04,0.27,1,8,14,6,19,5,1,0,8,1,64.28
994,35.71,143.33,2,25715.625,0.578,0.8929374999999999,1.0,1.0,3.0,2.0,0.0,0.0,2326.04,0.6,1,8,22,6,19,5,1,1,8,1,56.28
946,29.03,118.25,2,28800.0,0.8458,1.0,0.8458,1.0,2.0,2.0,0.0,0.0,2326.04,1.17,1,8,12,0,20,5,0,0,8,1,42.73
1031,14.17,128.88,6,28800.0,0.4382,1.0,0.4382,1.0,6.0,6.0,0.0,0.0,2326.04,1.47,1,8,19,0,20,5,0,0,8,1,35.53
943,26.74,117.88,6,28800.0,0.6761,1.0,0.6761,1.0,6.0,6.0,0.0,0.0,2326.04,1.6,1,8,22,0,20,5,0,1,8,1,32.23
1019,12.1,127.38,4,28800.0,0.368,1.0,0.368,1.0,4.0,4.0,0.0,0.0,2326.04,1.98,0,8,8,1,20,5,0,0,8,1,23.09
877,17.23,109.62,2,28800.0,0.4087,1.0,0.4087,1.0,2.0,2.0,0.0,0.0,2326.04,2.54,0,7,21,1,20,5,0,0,8,1,9.69
938,11.39,117.25,5,28800.0,0.3153,1.0,0.3153,1.0,5.0,5.0,0.0,0.0,2326.04,2.62,0,7,23,1,20,5,0,1,8,1,7.76
1050,13.69,136.34,2,27724.0,0.3729,0.9626,0.3874,1.0,2.0,2.0,0.0,0.0,2326.04,2.93,0,7,6,2,20,5,0,0,8,1,0.41
1050,10.79,137.67,6,27456.0,0.3893,0.9533,0.4084,1.0,6.0,6.0,0.0,0.0,2384.19,3.32,1,7,15,2,20,5,0,0,8,1,666.7
994,28.62,131.9,5,27129.0,0.942,0.942,1.0,1.0,4.0,4.0,0.0,0.0,2384.19,3.83,1,7,4,3,20,5,0,1,8,1,654.42
1014,16.89,126.75,1,28800.0,0.2547,1.0,0.5095,1.0,2.0,1.0,0.0,0.0,2384.19,4.02,1,7,8,3,20,5,0,0,8,1,649.9
1050,37.4,131.25,3,28800.0,1.0,1.0,1.0,1.0,3.0,3.0,0.0,0.0,2384.19,4.32,1,7,16,3,20,5,0,0,8,1,642.55
1005,38.1,125.62,4,28800.0,1.0,1.0,1.0,1.0,7.0,7.0,0.0,0.0,2384.19,4.71,1,7,1,4,20,5,0,1,8,1,633.2
891,25.48,117.26,3,27355.0,0.6054,0.9498,0.6374,1.0,3.0,3.0,0.0,0.0,2384.19,4.96,1,7,7,4,20,5,0,0,8,1,627.25
1050,23.56,140.76,3,26855.0,0.832,0.9325,0.8922,1.0,3.0,3.0,0.0,0.0,2384.19,5.46,1,8,19,4,20,5,0,0,8,1,615.32
1039,42.69,134.4,7,27830.0,0.9663,0.9663,1.0,1.0,4.0,3.0,0.0,0.0,2421.94,0.29,1,8,2,5,20,5,1,1,8,1,607.69
1050,10.45,131.25,6,28800.0,0.338,1.0,0.338,1.0,6.0,6.0,0.0,0.0,2421.94,0.57,1,8,9,5,20,5,1,0,8,1,600.95
1001,36.84,125.12,5,28800.0,0.9812,1.0,0.9812,1.0,5.0,5.0,0.0,0.0,2421.94,0.95,1,8,18,5,20,5,1,0,8,1,591.69
997,9.15,124.62,3,28800.0,0.2176,1.0,0.2901,1.0,1.0,1.0,0.0,0.0,2421.94,1.29,1,8,3,6,20,5,1,1,8,1,583.65
1047,38.34,130.88,5,28800.0,1.0,1.0,1.0,1.0,5.0,5.0,0.0,0.0,2421.94,1.65,1,9,11,6,20,5,1,0,8,1,574.95
1050,13.44,131.25,4,28800.0,0.4113,1.0,0.4113,1.0,4.0,4.0,0.0,0.0,2549.72,1.94,1,8,18,6,20,5,1,0,8,1,568.1
1050,32.91,131.25,1,28800.0,0.9902,1.0,0.9902,1.0,2.0,2.0,0.0,0.0,2549.72,2.34,1,8,4,0,21,5,0,1,8,1,558.32
1018,34.17,127.25,4,28800.0,1.0,1.0,1.0,1.0,4.0,4.0,0.0,0.0,2549.72,2.61,1,8,10,0,21,5,0,0,8,1,551.84
923,16.17,115.38,2,28800.0,0.4727,1.0,0.4727,1.0,2.0,2.0,0.0,0.0,2549.72,2.81,1,8,15,0,21,5,0,0,8,1,547.12
1050,33.1,131.25,2,28800.0,1.0,1.0,1.0,1.0,2.0,2.0,0.0,0.0,2549.72,3.22,1,8,1,1,21,5,0,1,8,1,537.37
958,14.79,119.75,4,28800.0,0.3719,1.0,0.3719,1.0,4.0,4.0,0.0,0.0,2549.72,3.48,1,8,7,1,21,5,0,0,8,1,531.05
931,10.58,116.38,3,28800.0,0.2764,1.0,0.2764,1.0,3.0,3.0,0.0,0.0,2549.72,3.76,1,8,14,1,21,5,0,0,8,1,524.39
945,24.26,118.12,2,28800.0,0.6162,1.0,0.6162,1.0,5.0,5.0,0.0,0.0,2549.72,4.27,1,8,2,2,21,5,0,1,8,1,512.02
983,29.25,122.88,2,28800.0,0.8888,1.0,0.8888,1.0,2.0,2.0,0.0,0.0,2549.72,4.44,1,8,6,2,21,5,0,0,8,1,508.07
906,22.0,113.25,2,28800.0,0.52,1.0,0.52,1.0,2.0,2.0,0.0,0.0,2549.72,4.8,0,8,15,2,21,5,0,0,8,1,499.27
986,28.73,123.25,5,28800.0,0.8018,1.0,0.8018,1.0,5.0,4.0,0.0,0.0,2549.72,5.36,0,7,4,3,21,5,0,1,8,1,485.95
945,10.65,118.12,6,28800.0,0.3058,1.0,0.3058,1.0,6.0,6.0,0.0,0.0,2549.72,5.54,0,7,9,3,21,5,0,0,8,1,481.65
996,14.27,124.5,2,28800.0,0.3676,1.0,0.3676,1.0,2.0,2.0,0.0,0.0,2549.72,5.87,0,7,16,3,21,5,0,0,8,1,473.74
1050,31.8,131.25,4,28800.0,0.7721,1.0,0.9651,1.0,1.0,1.0,0.0,0.0,2549.72,6.29,0,7,3,4,21,5,0,1,8,1,463.59
1050,16.43,140.21,6,26959.0,0.4718,0.9361,0.504,1.0,6.0,6.0,0.0,0.0,2549.72,6.64,0,6,11,4,21,5,0,0,8,1,455.12
952,45.07,130.01,2,26362.0,0.9153,0.9153,1.0,1.0,2.0,2.0,0.0,0.0,2549.72,6.99,0,6,19,4,21,5,0,0,8,1,446.75
1050,30.24,140.26,1,26950.0,0.9358,0.9358,1.0,1.0,3.0,3.0,0.0,0.0,2717.6,7.37,1,5,5,5,21,5,1,1,8,1,437.67
1050,45.37,131.25,5,28800.0,1.0,1.0,1.0,1.0,5.0,5.0,0.0,0.0,2717.6,7.42,1,5,6,5,21,5,1,0,8,1,436.49
1050,31.37,131.25,5,28800.0,0.999,1.0,0.999,1.0,5.0,5.0,0.0,0.0,2717.6,7.86,1,5,16,5,21,5,1,0,8,1,425.99
1025,48.28,128.12,3,28800.0,1.0,1.0,1.0,1.0,4.0,4.0,0.0,0.0,2717.6,8.3,1,5,3,6,21,5,1,1,8,1,415.45
869,35.3,108.62,5,28800.0,0.856,1.0,0.856,1.0,5.0,5.0,0.0,0.0,2717.6,8.61,1,5,10,6,21,5,1,0,8,1,407.94
816,12.2,102.0,2,28800.0,0.2816,1.0,0.2816,1.0,2.0,2.0,0.0,0.0,2717.6,9.03,1,5,20,6,21,5,1,0,8,1,397.74
942,41.27,117.75,4,28800.0,1.0,1.0,1.0,1.0,4.0,4.0,0.0,0.0,2717.6,9.09,1,5,22,6,21,5,1,1,8,1,396.5
961,39.45,120.12,3,28800.0,1.0,1.0,1.0,1.0,3.0,3.0,0.0,0.0,2717.6,9.65,1,4,11,0,22,5,0,0,8,1,383.02
930,19.7,116.25,3,28800.0,0.3647,1.0,0.4863,1.0,4.0,3.0,0.0,0.0,2717.6,10.07,1,4,21,0,22,5,0,0,8,1,372.9
1050,41.54,131.25,7,28800.0,0.7778,1.0,1.0,1.0,2.0,2.0,0.0,0.0,2717.6,10.25,1,4,2,1,22,5,0,1,8,1,368.64
943,37.2,117.88,5,28800.0,0.9096,1.0,0.9096,1.0,5.0,5.0,0.0,0.0,2717.6,10.63,1,3,11,1,22,5,0,0,8,1,359.52
955,37.09,119.38,3,28800.0,1.0,1.0,1.0,1.0,3.0,3.0,0.0,0.0,2717.6,11.01,1,3,20,1,22,5,0,0,8,1,350.45
1007,38.81,125.88,2,28800.0,1.0,1.0,1.0,1.0,2.0,2.0,0.0,0.0,2717.6,11.13,1,3,23,1,22,5,0,1,8,1,347.37
1048,32.43,131.0,2,28800.0,1.0,1.0,1.0,1.0,2.0,2.0,0.0,0.0,2717.6,11.63,1,3,11,2,22,5,0,0,8,1,335.44
1043,38.72,130.38,5,28800.0,1.0,1.0,1.0,1.0,5.0,5.0,0.0,0.0,2717.6,12.01,1,3,20,2,22,5,0,0,8,1,326.42
1016,20.82,127.0,3,28800.0,0.5549,1.0,0.5549,1.0,6.0,5.0,0.0,0.0,2717.6,12.31,1,3,3,3,22,5,0,1,8,1,319.07
906,9.09,113.25,4,28800.0,0.2844,1.0,0.2844,1.0,4.0,4.0,0.0,0.0,2717.6,12.44,1,3,6,3,22,5,0,0,8,1,315.94
998,40.13,124.75,4,28800.0,1.0,1.0,1.0,1.0,4.0,4.0,0.0,0.0,2717.6,13.02,1,3,20,3,22,5,0,0,8,1,302.19
919,31.45,114.88,5,28800.0,0.697,1.0,0.8364,1.0,6.0,5.0,0.0,0.0,2717.6,13.1,1,3,22,3,22,5,0,1,8,1,300.24
1050,41.39,140.22,2,26958.0,0.936,0.936,1.0,1.0,2.0,2.0,0.0,0.0,2717.6,13.5,1,3,8,4,22,5,0,0,8,1,290.5
947,19.83,136.6,5,25715.625,0.5745,0.8929374999999999,0.6629,1.0,5.0,5.0,0.0,0.0,2717.6,13.76,1,3,14,4,22,5,0,0,8,1,284.37
916,11.67,125.52,5,26271.0,0.3216,0.9122,0.3525,1.0,2.0,2.0,0.0,0.0,2847.98,0.2,0,4,5,5,22,5,1,1,8,1,269.09
1001,31.03,125.12,5,28800.0,0.8422,1.0,0.8422,1.0,5.0,5.0,0.0,0.0,2847.98,0.5,0,4,12,5,22,5,1,0,8,1,261.9
1019,10.11,127.38,2,28800.0,0.2951,1.0,0.2951,1.0,2.0,2.0,0.0,0.0,2847.98,0.91,0,4,22,5,22,5,1,1,8,1,252.05
1050,41.0,131.25,4,28800.0,1.0,1.0,1.0,1.0,4.0,4.0,0.0,0.0,2847.98,1.39,0,4,10,6,22,5,1,0,8,1,240.64
948,39.41,118.5,6,28800.0,1.0,1.0,1.0,1.0,6.0,6.0,0.0,0.0,2847.98,1.67,0,4,16,6,22,5,1,0,8,1,233.85
1050,9.0,131.25,1,28800.0,0.1572,1.0,0.3143,1.0,2.0,1.0,0.0,0.0,2847.98,2.48,0,4,12,0,23,6,0,0,8,1,214.5
975,24.62,121.88,3,28800.0,0.6456,1.0,0.6456,1.0,3.0,3.0,0.0,0.0,2847.98,2.72,0,4,18,0,23,6,0,0,8,1,208.67
982,18.91,122.75,5,28800.0,0.5295,1.0,0.5295,1.0,5.0,5.0,0.0,0.0,2847.98,2.89,0,4,22,0,23,6,0,1,8,1,204.55
976,37.25,122.0,5,28800.0,1.0,1.0,1.0,1.0,5.0,5.0,0.0,0.0,2847.98,3.34,0,4,8,1,23,6,0,0,8,1,193.7
1050,21.12,131.25,5,28800.0,0.7095,1.0,0.7095,1.0,5.0,5.0,0.0,0.0,2847.98,3.68,0,4,16,1,23,6,0,0,8,1,185.72
877,47.16,109.62,4,28800.0,1.0,1.0,1.0,1.0,3.0,3.0,0.0,0.0,2847.98,4.07,0,4,2,2,23,6,0,1,8,1,176.24
1050,48.84,131.25,5,28800.0,1.0,1.0,1.0,1.0,5.0,5.0,0.0,0.0,2847.98,4.54,0,4,13,2,23,6,0,0,8,1,165.05
965,21.63,120.62,3,28800.0,0.6293,1.0,0.6293,1.0,3.0,3.0,0.0,0.0,2847.98,4.74,0,4,18,2,23,6,0,0,8,1,160.14
953,38.05,119.12,3,28800.0,1.0,1.0,1.0,1.0,7.0,6.0,0.0,0.0,2847.98,5.11,0,4,3,3,23,6,0,1,8,1,151.2
1050,39.41,145.64,2,25955.0,0.9012,0.9012,1.0,1.0,2.0,2.0,0.0,0.0,2847.98,5.33,0,4,8,3,23,6,0,0,8,1,146.12
1050,41.09,144.59,6,26142.0,0.9077,0.9077,1.0,1.0,6.0,6.0,0.0,0.0,2989.26,0.06,0,5,14,3,23,6,0,0,8,1,139.74
850,19.34,114.86,6,26642.0,0.3926,0.9251,0.4952,1.0,2.0,2.0,0.0,0.0,2989.26,0.52,0,5,1,4,23,6,0,1,8,1,128.72
1018,15.34,127.25,5,28800.0,0.4737,1.0,0.4737,1.0,5.0,5.0,0.0,0.0,2989.26,0.72,0,5,6,4,23,6,0,0,8,1,124.02
824,31.72,103.0,6,28800.0,0.8818,1.0,0.8818,1.0,6.0,6.0,0.0,0.0,2989.26,1.07,0,5,15,4,23,6,0,0,8,1,115.49
974,24.98,121.75,2,28800.0,0.7061,1.0,0.7061,1.0,2.0,2.0,0.0,0.0,2989.26,1.41,0,5,23,4,23,6,0,1,8,1,107.34
1050,33.85,131.25,4,28800.0,1.0,1.0,1.0,1.0,4.0,4.0,0.0,0.0,2989.26,1.75,0,5,7,5,23,6,1,0,8,1,99.2
1050,28.56,131.25,6,28800.0,1.0,1.0,1.0,1.0,6.0,6.0,0.0,0.0,2989.26,2.17,0,5,17,5,23,6,1,0,8,1,89.1
969,15.05,121.12,5,28800.0,0.316,1.0,0.3792,1.0,8.0,8.0,0.0,0.0,2989.26,2.66,0,5,5,6,23,6,1,1,8,1,77.44
1036,18.3,129.5,5,28800.0,0.5048,1.0,0.6058,1.0,6.0,5.0,0.0,0.0,2989.26,2.79,0,5,8,6,23,6,1,0,8,1,74.24
885,25.17,110.62,6,28800.0,0.7701,1.0,0.7701,1.0,6.0,6.0,0.0,0.0,2989.26,3.27,0,5,19,6,23,6,1,0,8,1,62.69
918,20.64,114.75,8,28800.0,0.5323,1.0,0.5323,1.0,3.0,3.0,0.0,0.0,2989.26,3.54,0,5,2,0,24,6,0,1,8,1,56.35
987,18.09,123.38,2,28800.0,0.5857,1.0,0.5857,1.0,2.0,2.0,0.0,0.0,2989.26,3.79,0,5,8,0,24,6,0,0,8,1,50.32
935,29.89,116.88,2,28800.0,0.9132,1.0,0.9132,1.0,2.0,2.0,0.0,0.0,2989.26,4.15,0,5,16,0,24,6,0,0,8,1,41.79
1050,13.35,131.25,3,28800.0,0.4499,1.0,0.4499,1.0,5.0,5.0,0.0,0.0,2989.26,4.57,0,5,2,1,24,6,0,1,8,1,31.69
961,39.85,120.12,6,28800.0,1.0,1.0,1.0,1.0,6.0,6.0,0.0,0.0,2989.26,4.72,0,4,6,1,24,6,0,0,8,1,27.92
1050,13.58,131.25,4,28800.0,0.4094,1.0,0.4094,1.0,4.0,4.0,0.0,0.0,2989.26,5.08,0,4,15,1,24,6,0,0,8,1,19.32
1050,9.62,131.25,5,28800.0,0.3467,1.0,0.3467,1.0,4.0,4.0,0.0,0.0,2989.26,5.62,0,4,4,2,24,6,0,1,8,1,6.5
1025,25.14,145.77,2,25715.625,0.879,0.8929374999999999,1.0,1.0,2.0,2.0,0.0,0.0,2989.26,5.81,0,4,8,2,24,6,0,0,8,1,1.74
1050,28.16,143.67,3,26311.0,0.8379,0.9136,0.9171,1.0,3.0,3.0,0.0,0.0,3021.77,6.15,1,4,16,2,24,6,0,0,8,1,28.25
831,30.38,114.17,4,26203.0,0.8116,0.9098,0.8921,1.0,6.0,6.0,0.0,0.0,3021.77,6.55,1,4,2,3,24,6,0,1,8,1,18.55
980,11.67,125.24,2,28169.0,0.311,0.9781,0.318,1.0,2.0,2.0,0.0,0.0,3021.77,6.93,1,4,11,3,24,6,0,0,8,1,9.61
764,27.39,101.21,3,27176.0,0.5643,0.9436,0.598,1.0,3.0,3.0,0.0,0.0,3021.77,7.09,1,4,15,3,24,6,0,0,8,1,5.75
900,45.88,115.68,6,28009.0,0.9725,0.9725,1.0,1.0,6.0,6.0,0.0,0.0,3023.77,7.4,2,4,23,3,24,6,0,1,8,1,43.69
984,40.26,127.88,4,27700.0,0.9618,0.9618,1.0,1.0,4.0,4.0,0.0,0.0,3065.13,7.83,3,4,9,4,24,6,0,0,8,1,33.41
1050,35.63,136.34,2,27725.0,0.9627,0.9627,1.0,1.0,2.0,2.0,0.0,0.0,3065.13,8.21,3,4,18,4,24,6,0,0,8,1,24.19
965,33.35,129.84,5,26757.0,0.9188,0.9291,0.9889,1.0,2.0,2.0,0.0,0.0,3065.13,8.67,3,4,5,5,24,6,1,1,8,1,13.26
867,14.27,126.83,3,25715.625,0.3321,0.8929374999999999,0.3886,1.0,3.0,3.0,0.0,0.0,3065.13,8.72,3,4,6,5,24,6,1,0,8,1,12.07
1018,31.33,149.15,6,25715.625,0.8532,0.8929374999999999,1.0,1.0,6.0,6.0,0.0,0.0,3065.13,9.19,3,4,17,5,24,6,1,0,8,1,0.82
1050,44.28,149.28,2,25715.625,0.8792,0.8929374999999999,1.0,1.0,4.0,4.0,0.0,0.0,3116.94,9.59,4,4,3,6,24,6,1,1,8,1,75.92
1050,38.99,131.25,2,28800.0,0.6667,1.0,1.0,1.0,3.0,2.0,0.0,0.0,3116.94,9.94,4,4,12,6,24,6,1,0,8,1,67.39
1033,39.16,129.12,6,28800.0,1.0,1.0,1.0,1.0,6.0,6.0,0.0,0.0,3116.94,10.2,4,4,18,6,24,6,1,0,8,1,61.22
1050,27.78,131.25,4,28800.0,1.0,1.0,1.0,1.0,4.0,4.0,0.0,0.0,3116.94,10.43,4,3,23,6,24,6,1,1,8,1,55.67
979,48.67,122.38,2,28800.0,1.0,1.0,1.0,1.0,2.0,2.0,0.0,0.0,3116.94,10.85,4,3,9,0,25,6,0,0,8,1,45.56
1024,29.1,128.0,3,28800.0,0.998,1.0,0.998,1.0,3.0,3.0,0.0,0.0,3116.94,11.08,4,3,15,0,25,6,0,0,8,1,40.11
894,40.72,111.75,2,28800.0,1.0,1.0,1.0,1.0,2.0,2.0,0.0,0.0,3144.72,0.04,4,4,4,1,25,6,0,1,8,1,26.87
997,40.97,136.29,1,26335.0,0.3048,0.9144,1.0,1.0,3.0,1.0,0.0,0.0,3144.72,0.3,4,3,10,1,25,6,0,0,8,1,20.66
906,9.52,136.17,2,25715.625,0.2935,0.8929374999999999,0.3529,1.0,2.0,2.0,0.0,0.0,3144.72,0.48,4,3,15,1,25,6,0,0,8,1,16.27
964,39.37,137.73,2,25715.625,0.8749,0.8929374999999999,1.0,1.0,2.0,2.0,0.0,0.0,3144.72,0.77,4,3,22,1,25,6,0,1,8,1,9.31
951,12.07,122.04,5,28052.0,0.3411,0.974,0.3502,1.0,5.0,5.0,0.0,0.0,3194.0,1.21,5,3,8,2,25,6,0,0,8,1,48.71
1029,9.62,131.8,4,28106.0,0.3437,0.9759,0.3522,1.0,4.0,4.0,0.0,0.0,3194.0,1.63,4,3,18,2,25,6,0,0,8,1,38.46
959,27.12,122.99,3,28070.0,0.7313,0.9747,0.7503,1.0,2.0,2.0,0.0,0.0,3194.0,1.85,4,3,0,3,25,6,0,1,8,1,33.17
1040,38.14,130.0,5,28800.0,1.0,1.0,1.0,1.0,5.0,5.0,0.0,0.0,3194.0,2.13,4,3,6,3,25,6,0,0,8,1,26.52
1028,20.18,128.5,2,28800.0,0.6436,1.0,0.6436,1.0,2.0,2.0,0.0,0.0,3194.0,2.54,4,3,16,3,25,6,0,0,8,1,16.61
985,29.97,123.12,2,28800.0,0.9912,1.0,0.9912,1.0,2.0,2.0,0.0,0.0,3194.0,2.79,3,3,22,3,25,6,0,1,8,1,10.72
1050,17.96,139.17,6,27162.0,0.4962,0.9431,0.5261,1.0,6.0,6.0,0.0,0.0,3267.73,3.4,3,3,13,4,25,6,0,0,8,1,280.73
992,27.81,131.92,4,27070.0,0.7981,0.9399,0.8491,1.0,4.0,4.0,0.0,0.0,3267.73,3.61,3,3,18,4,25,6,0,0,8,1,275.5
998,33.31,134.64,2,26684.0,0.8836,0.9265,0.9537,1.0,2.0,2.0,0.0,0.0,3267.73,3.78,3,3,22,4,25,6,0,1,8,1,271.53
1050,18.55,131.25,3,28800.0,0.5243,1.0,0.5243,1.0,3.0,3.0,0.0,0.0,3267.73,4.32,3,3,11,5,25,6,1,0,8,1,258.5
848,38.16,106.0,3,28800.0,0.9042,1.0,0.9042,1.0,3.0,3.0,0.0,0.0,3267.73,4.63,3,3,18,5,25,6,1,0,8,1,251.21
896,27.16,112.0,3,28800.0,0.6484,1.0,0.6484,1.0,4.0,4.0,0.0,0.0,3267.73,5.08,2,3,5,6,25,6,1,1,8,1,240.36
1050,9.92,131.25,1,28800.0,0.153,1.0,0.3059,1.0,2.0,1.0,0.0,0.0,3267.73,5.3,2,3,10,6,25,6,1,0,8,1,235.03
1050,11.2,131.25,6,28800.0,0.3679,1.0,0.3679,1.0,6.0,6.0,0.0,0.0,3267.73,5.48,2,3,15,6,25,6,1,0,8,1,230.81
1050,30.41,131.25,4,28800.0,0.848,1.0,0.848,1.0,4.0,4.0,0.0,0.0,3267.73,6.06,2,3,5,0,26,6,0,1,8,1,216.91
1050,16.72,141.39,2,26734.0,0.4598,0.9283,0.4953,1.0,2.0,2.0,0.0,0.0,3267.73,6.27,2,3,10,0,26,6,0,0,8,1,211.86
1050,10.07,135.36,2,27926.0,0.3504,0.9697,0.3613,1.0,2.0,2.0,0.0,0.0,3361.11,6.75,2,3,21,0,26,6,0,0,8,1,200.16
939,14.95,126.19,4,26789.0,0.3629,0.9302,0.3901,1.0,1.0,1.0,0.0,0.0,3361.11,7.07,2,3,5,1,26,6,0,1,8,1,192.55
1050,34.9,131.25,2,28800.0,1.0,1.0,1.0,1.0,2.0,2.0,0.0,0.0,3361.11,7.34,2,3,11,1,26,6,0,0,8,1,186.08
966,15.94,120.75,6,28800.0,0.4334,1.0,0.4334,1.0,6.0,6.0,0.0,0.0,3361.11,7.46,2,3,14,1,26,6,0,0,8,1,183.16
1050,30.57,131.25,1,28800.0,1.0,1.0,1.0,1.0,8.0,8.0,0.0,0.0,3361.11,7.99,2,3,3,2,26,6,0,1,8,1,170.5
975,26.26,121.88,6,28800.0,0.7702,1.0,0.7702,1.0,6.0,6.0,0.0,0.0,3361.11,8.17,1,3,7,2,26,6,0,0,8,1,166.2
940,25.08,117.5,4,28800.0,0.6652,1.0,0.6652,1.0,4.0,4.0,0.0,0.0,3361.11,8.53,1,3,16,2,26,6,0,0,8,1,157.6
1050,27.02,131.25,8,28800.0,0.8484,1.0,0.8484,1.0,2.0,2.0,0.0,0.0,3361.11,9.06,1,3,5,3,26,6,0,1,8,1,144.7
1050,42.85,131.25,3,28800.0,0.75,1.0,1.0,1.0,4.0,3.0,0.0,0.0,3361.11,9.42,1,3,13,3,26,6,0,0,8,1,136.13
1018,42.68,127.25,6,28800.0,1.0,1.0,1.0,1.0,6.0,6.0,0.0,0.0,3361.11,9.56,1,3,17,3,26,6,0,0,8,1,132.76
1050,37.02,131.25,2,28800.0,1.0,1.0,1.0,1.0,2.0,2.0,0.0,0.0,3361.11,10.0,1,3,3,4,26,6,0,1,8,1,122.23
1022,31.61,133.3,4,27600.0,0.7035,0.9583,0.9176,1.0,5.0,4.0,0.0,0.0,3456.78,0.02,0,4,12,4,26,6,0,0,8,1,113.41
1050,37.81,135.14,5,27971.0,0.9712,0.9712,1.0,1.0,5.0,5.0,0.0,0.0,3456.78,0.22,0,4,17,4,26,6,0,0,8,1,108.7
1050,17.43,134.67,2,28068.0,0.5436,0.9746,0.5578,1.0,4.0,4.0,0.0,0.0,3456.78,0.7,0,4,4,5,26,6,1,1,8,1,97.08
880,14.61,110.0,2,28800.0,0.3697,1.0,0.3697,1.0,2.0,2.0,0.0,0.0,3456.78,0.83,0,4,7,5,26,6,1,0,8,1,94.03
779,20.08,97.38,4,28800.0,0.4055,1.0,0.5069,1.0,5.0,4.0,0.0,0.0,3456.78,1.21,0,4,17,5,26,6,1,0,8,1,84.8
928,22.01,116.0,4,28800.0,0.6003,1.0,0.6003,1.0,4.0,4.0,0.0,0.0,3456.78,1.44,0,4,22,5,26,6,1,1,8,1,79.25
1029,22.71,128.62,4,28800.0,0.7646,1.0,0.7646,1.0,4.0,4.0,0.0,0.0,3456.78,1.77,0,4,6,6,26,6,1,0,8,1,71.46
951,19.16,118.88,2,28800.0,0.5297,1.0,0.5297,1.0,2.0,2.0,0.0,0.0,3456.78,2.1,0,4,14,6,26,6,1,0,8,1,63.55
832,47.73,104.0,4,28800.0,1.0,1.0,1.0,1.0,3.0,3.0,0.0,0.0,3456.78,2.53,0,3,0,0,27,6,0,1,8,1,53.08
942,16.82,117.75,4,28800.0,0.4962,1.0,0.4962,1.0,4.0,4.0,0.0,0.0,3456.78,2.96,0,3,11,0,27,6,0,0,8,1,42.85
1003,13.84,125.38,3,28800.0,0.3601,1.0,0.3601,1.0,3.0,3.0,0.0,0.0,3456.78,3.23,0,3,17,0,27,6,0,0,8,1,36.31
992,15.39,124.0,3,28800.0,0.4399,1.0,0.4399,1.0,1.0,1.0,0.0,0.0,3456.78,3.68,0,3,4,1,27,6,0,1,8,1,25.51
1050,24.06,149.53,5,25715.625,0.8192,0.8929374999999999,0.9333,1.0,5.0,5.0,0.0,0.0,3456.78,3.99,0,4,11,1,27,6,0,0,8,1,18.06
1022,21.34,173.66124,3,25715.625,0.6692,0.8929374999999999,1.0,1.0,3.0,3.0,0.0,0.0,3458.78,0.14,0,5,16,1,27,6,0,0,8,1,12.98
733,14.32,115.09,1,25715.625,0.2782,0.8929374999999999,0.3494,1.0,6.0,6.0,0.0,0.0,3469.66,0.35,0,5,3,2,27,7,0,1,8,1,2.43
1011,27.42,173.66124,5,25715.625,0.706,0.8929374999999999,1.0,1.0,5.0,5.0,0.0,0.0,3472.83,0.68,1,5,11,2,27,7,0,0,8,1,91.29
869,24.35,127.99,5,25715.625,0.5772,0.8929374999999999,0.6801,1.0,5.0,5.0,0.0,0.0,3503.2,0.01,1,6,16,2,27,7,0,0,8,1,86.14
966,24.48,142.48,6,25715.625,0.7597,0.8929374999999999,0.8964,1.0,6.0,5.0,0.0,0.0,3503.2,0.57,1,6,5,3,27,7,0,1,8,1,72.85
757,26.75,116.78,6,25715.625,0.5528,0.8929374999999999,0.6822,1.0,6.0,6.0,0.0,0.0,3503.2,0.75,1,6,10,3,27,7,0,0,8,1,68.44
912,10.46,148.4,4,25715.625,0.2298,0.8929374999999999,0.3739,1.0,5.0,4.0,0.0,0.0,3503.2,0.96,1,6,15,3,27,7,0,0,8,1,63.35
822,35.11,143.99,5,25715.625,0.5946,0.8929374999999999,1.0,1.0,6.0,6.0,0.0,0.0,3503.2,1.45,1,7,2,4,27,7,0,1,8,1,51.59
834,33.77,104.25,3,28800.0,0.8105,1.0,0.8105,1.0,3.0,3.0,0.0,0.0,3544.08,0.39,1,7,12,4,27,7,0,0,8,1,42.12
1033,24.66,129.12,5,28800.0,0.7392,1.0,0.7392,1.0,5.0,5.0,0.0,0.0,3544.08,0.61,1,7,17,4,27,7,0,0,8,1,36.85
1050,35.23,131.25,6,28800.0,0.9993,1.0,0.9993,1.0,2.0,2.0,0.0,0.0,3544.08,0.92,1,7,1,5,27,7,1,1,8,1,29.25
984,17.69,144.25,4,25715.625,0.4711,0.8929374999999999,0.5525,1.0,4.0,4.0,0.0,0.0,3544.08,1.23,1,7,8,5,27,7,1,0,8,1,21.95
909,43.08,123.94,4,26404.0,0.9168,0.9168,1.0,1.0,4.0,4.0,0.0,0.0,3544.08,1.75,1,7,21,5,27,7,1,0,8,1,9.49
1024,16.04,147.88,2,25715.625,0.5135,0.8929374999999999,0.5932,1.0,2.0,2.0,0.0,0.0,3551.88,0.05,1,7,23,5,27,7,1,1,8,1,6.59
1050,41.82,131.25,5,28800.0,1.0,1.0,1.0,1.0,5.0,5.0,0.0,0.0,3551.88,0.44,2,7,9,6,27,7,1,0,8,1,38.41
876,41.86,109.5,5,28800.0,0.8333,1.0,1.0,1.0,6.0,5.0,0.0,0.0,3585.7,0.91,2,7,20,6,27,7,1,0,8,1,27.09
1050,11.52,131.25,6,28800.0,0.4054,1.0,0.4054,1.0,4.0,4.0,0.0,0.0,3585.7,1.07,2,7,0,0,28,7,0,1,8,1,23.36
1047,25.94,144.11,2,26155.0,0.9082,0.9082,1.0,1.0,2.0,2.0,0.0,0.0,3585.7,1.55,2,7,11,0,28,7,0,0,8,1,11.88
991,14.9,145.11,5,25715.625,0.4153,0.8929374999999999,0.4865,1.0,5.0,5.0,0.0,0.0,3585.7,1.74,2,7,16,0,28,7,0,0,8,1,7.36
1049,36.77,153.56,4,25715.625,0.8539,0.8929374999999999,1.0,1.0,2.0,2.0,0.0,0.0,3585.7,2.07,3,7,0,1,28,7,0,1,8,1,147.06
965,44.02,120.62,6,28800.0,1.0,1.0,1.0,1.0,6.0,6.0,0.0,0.0,3622.38,2.47,3,7,10,1,28,7,0,0,8,1,137.43
948,39.57,118.5,4,28800.0,1.0,1.0,1.0,1.0,4.0,4.0,0.0,0.0,3622.38,2.87,3,7,19,1,28,7,0,0,8,1,127.83
1050,41.03,131.25,2,28800.0,1.0,1.0,1.0,1.0,2.0,2.0,0.0,0.0,3622.38,3.24,3,7,4,2,28,7,0,1,8,1,118.86
949,32.13,149.36,5,25715.625,0.7942,0.8929374999999999,1.0,1.0,5.0,5.0,0.0,0.0,3622.38,3.51,2,7,11,2,28,7,0,0,8,1,112.38
892,22.75,133.53,4,25715.625,0.5302,0.8929374999999999,0.635,1.0,4.0,4.0,0.0,0.0,3622.38,3.79,2,8,17,2,28,7,0,0,8,1,105.83
996,38.28,165.25,2,25715.625,0.7534,0.8929374999999999,1.0,1.0,3.0,3.0,0.0,0.0,3688.47,0.39,2,8,4,3,28,7,0,1,8,1,94.61
1050,51.62,131.25,3,28800.0,1.0,1.0,1.0,1.0,3.0,3.0,0.0,0.0,3688.47,0.59,2,8,9,3,28,7,0,0,8,1,89.96
916,43.41,114.5,4,28800.0,1.0,1.0,1.0,1.0,4.0,4.0,0.0,0.0,3688.47,0.93,2,8,17,3,28,7,0,0,8,1,81.66
1050,39.13,131.25,3,28800.0,1.0,1.0,1.0,1.0,4.0,4.0,0.0,0.0,3688.47,1.27,2,8,1,4,28,7,0,1,8,1,73.49
1050,25.51,131.25,3,28800.0,0.7828,1.0,0.7828,1.0,3.0,3.0,0.0,0.0,3688.47,1.64,2,8,10,4,28,7,0,0,8,1,64.74
951,42.66,118.88,2,28800.0,1.0,1.0,1.0,1.0,2.0,2.0,0.0,0.0,3688.47,1.8,2,8,14,4,28,7,0,0,8,1,60.83
961,30.29,120.12,4,28800.0,0.8475,1.0,0.8475,1.0,1.0,1.0,0.0,0.0,3688.47,2.37,2,8,4,5,28,7,1,1,8,1,47.06
760,14.24,96.79,2,28266.0,0.2919,0.9815,0.2974,1.0,2.0,2.0,0.0,0.0,3688.47,2.52,2,8,7,5,28,7,1,0,8,1,43.48
960,44.14,122.3,2,28258.0,0.9812,0.9812,1.0,1.0,2.0,2.0,0.0,0.0,3725.74,0.2,2,9,18,5,28,7,1,0,8,1,32.54
1050,40.33,133.19,1,28381.0,0.9855,0.9855,1.0,1.0,1.0,1.0,0.0,0.0,3725.74,0.4,2,9,23,5,28,7,1,1,8,1,27.74
828,44.04,103.5,3,28800.0,1.0,1.0,1.0,1.0,3.0,3.0,0.0,0.0,3725.74,0.81,1,9,9,6,28,7,1,0,8,1,17.93
810,46.99,101.25,5,28800.0,1.0,1.0,1.0,1.0,5.0,5.0,0.0,0.0,3725.74,1.2,1,9,18,6,28,7,1,0,8,1,8.48
1050,46.18,150.71,3,25715.625,0.5225,0.8929374999999999,1.0,1.0,5.0,3.0,0.0,0.0,3769.52,1.7,2,9,7,0,29,7,0,0,8,1,48.69
870,36.63,119.34,3,26244.0,0.6628,0.9113,0.9697,1.0,4.0,3.0,0.0,0.0,3769.52,2.32,2,9,21,0,29,7,0,0,8,1,34.02
833,26.37,111.2,2,26968.0,0.4883,0.9364,0.7821,1.0,5.0,5.0,0.0,0.0,3769.52,2.57,1,9,3,1,29,7,0,1,8,1,27.82
969,10.72,121.12,5,28800.0,0.3469,1.0,0.3469,1.0,5.0,5.0,0.0,0.0,3769.52,2.83,1,9,10,1,29,7,0,0,8,1,21.74
1050,34.5,131.25,2,28800.0,1.0,1.0,1.0,1.0,2.0,2.0,0.0,0.0,3769.52,3.2,1,9,18,1,29,7,0,0,8,1,12.87
850,44.35,106.25,5,28800.0,0.9976,1.0,0.9976,1.0,5.0,5.0,0.0,0.0,3769.52,3.38,1,9,23,1,29,7,0,1,8,1,8.51
1050,27.91,132.72,2,28482.0,0.8729,0.989,0.8826,1.0,2.0,2.0,0.0,0.0,3836.76,3.8,2,10,9,2,29,7,0,0,8,1,62.99
1050,14.41,133.74,3,28264.0,0.327,0.9814,0.4443,1.0,4.0,3.0,0.0,0.0,3836.76,4.03,2,10,14,2,29,7,0,0,8,1,57.55
978,32.37,123.68,5,28467.0,0.8187,0.9884,0.8283,1.0,3.0,3.0,0.0,0.0,3836.76,4.47,2,9,1,3,29,7,0,1,8,1,46.94
905,31.32,113.12,5,28800.0,0.7532,1.0,0.7532,1.0,5.0,5.0,0.0,0.0,3836.76,4.9,2,9,11,3,29,7,0,0,8,1,36.59
1021,40.19,127.62,5,28800.0,1.0,1.0,1.0,1.0,5.0,5.0,0.0,0.0,3836.76,5.24,2,9,19,3,29,7,0,0,8,1,28.52
780,11.03,97.5,3,28800.0,0.2914,1.0,0.2914,1.0,3.0,3.0,0.0,0.0,3836.76,5.33,2,9,22,3,29,7,0,1,8,1,26.35
1000,41.8,125.0,3,28800.0,1.0,1.0,1.0,1.0,3.0,3.0,0.0,0.0,3836.76,5.89,2,9,11,4,29,7,0,0,8,1,12.82
1035,30.06,129.38,2,28800.0,0.9358,1.0,0.9358,1.0,2.0,2.0,0.0,0.0,3836.76,6.19,2,9,18,4,29,7,0,0,8,1,5.74
975,23.3,121.88,5,28800.0,0.7543,1.0,0.7543,1.0,2.0,2.0,0.0,0.0,3836.76,6.6,3,9,4,5,29,7,1,1,8,1,134.71
978,41.44,122.25,3,28800.0,1.0,1.0,1.0,1.0,3.0,3.0,0.0,0.0,3868.68,6.98,3,9,13,5,29,7,1,0,8,1,125.57
1050,19.82,131.25,2,28800.0,0.5461,1.0,0.5461,1.0,2.0,2.0,0.0,0.0,3868.68,7.59,3,9,4,6,29,7,1,1,8,1,111.06
878,36.38,115.27,4,27421.0,0.8436,0.9521,0.886,1.0,4.0,4.0,0.0,0.0,3969.63,8.17,3,9,18,6,29,7,1,0,8,1,97.16
1050,38.91,138.01,2,27390.0,0.951,0.951,1.0,1.0,4.0,4.0,0.0,0.0,3969.63,8.55,3,9,3,0,30,7,0,1,8,1,88.02
970,18.67,121.25,6,28800.0,0.5092,1.0,0.5092,1.0,6.0,6.0,0.0,0.0,3969.63,8.75,2,9,8,0,30,7,0,0,8,1,83.07
1050,26.32,131.25,5,28800.0,0.8513,1.0,0.8513,1.0,5.0,5.0,0.0,0.0,3969.63,9.25,2,9,20,0,30,7,0,0,8,1,71.09
1050,33.93,131.25,4,28800.0,1.0,1.0,1.0,1.0,3.0,3.0,0.0,0.0,3969.63,9.49,2,9,1,1,30,7,0,1,8,1,65.39
965,31.07,120.62,1,28800.0,0.5,1.0,1.0,1.0,2.0,1.0,0.0,0.0,3969.63,9.73,2,9,7,1,30,7,0,0,8,1,59.74
1050,34.77,131.25,6,28800.0,1.0,1.0,1.0,1.0,6.0,6.0,0.0,0.0,3969.63,10.15,2,9,17,1,30,7,0,0,8,1,49.66
890,24.56,111.25,3,28800.0,0.7222,1.0,0.7222,1.0,1.0,1.0,0.0,0.0,3969.63,10.41,2,9,0,2,30,7,0,1,8,1,43.24
1047,28.85,130.88,2,28800.0,0.802,1.0,0.802,1.0,2.0,2.0,0.0,0.0,3969.63,10.76,1,9,8,2,30,7,0,0,8,1,34.82
1034,46.36,129.25,2,28800.0,1.0,1.0,1.0,1.0,2.0,2.0,0.0,0.0,3969.63,11.29,1,9,21,2,30,7,0,0,8,1,22.31
1013,25.26,126.62,1,28800.0,0.7063,1.0,0.7063,1.0,8.0,8.0,0.0,0.0,3969.63,11.59,1,9,4,3,30,7,0,1,8,1,14.97
1050,33.08,141.32,6,26748.0,0.9287,0.9287,1.0,1.0,6.0,6.0,0.0,0.0,3969.63,11.72,1,9,7,3,30,7,0,0,8,1,11.96
1050,34.56,156.17,3,25715.625,0.8405,0.8929374999999999,1.0,1.0,3.0,3.0,0.0,0.0,23.64,,0,0,10,6,5,2,1,0,5,2,13.49
941,15.14,133.64,3,25715.625,0.3676,0.8929374999999999,0.4176,1.0,3.0,3.0,0.0,0.0,23.64,,0,0,18,6,5,2,1,0,5,2,4.74
1043,22.47,130.38,3,28800.0,0.4799,1.0,0.6399,1.0,4.0,3.0,0.0,0.0,134.05,,1,0,13,0,6,2,0,0,5,2,100.07
1033,38.46,129.12,2,28800.0,1.0,1.0,1.0,1.0,2.0,2.0,0.0,0.0,134.05,,1,0,19,0,6,2,0,0,5,2,93.95
978,9.28,122.25,4,28800.0,0.3148,1.0,0.3148,1.0,4.0,4.0,0.0,0.0,134.05,,1,0,23,0,6,2,0,1,5,2,90.35
1050,33.86,131.25,5,28800.0,1.0,1.0,1.0,1.0,5.0,5.0,0.0,0.0,134.05,,1,0,9,1,6,2,0,0,5,2,80.4
1050,20.71,131.25,5,28800.0,0.6344,1.0,0.6344,1.0,5.0,5.0,0.0,0.0,134.05,,1,0,16,1,6,2,0,0,5,2,72.95
1049,37.75,131.12,3,28800.0,1.0,1.0,1.0,1.0,2.0,2.0,0.0,0.0,134.05,,1,0,3,2,6,2,0,1,5,2,62.4
1048,17.07,131.0,5,28800.0,0.3848,1.0,0.4618,1.0,6.0,5.0,0.0,0.0,134.05,,1,0,10,2,6,2,0,0,5,2,54.95
1050,48.58,131.25,3,28800.0,1.0,1.0,1.0,1.0,3.0,3.0,0.0,0.0,134.05,,1,0,18,2,6,2,0,0,5,2,47.38
1050,37.27,131.25,2,28800.0,1.0,1.0,1.0,1.0,2.0,2.0,0.0,0.0,134.05,,1,0,23,2,6,2,0,1,5,2,41.98
875,21.5,109.38,2,28800.0,0.423,1.0,0.6344,1.0,3.0,2.0,0.0,0.0,134.05,,1,0,10,3,6,2,0,0,5,2,31.32
951,29.93,118.88,2,28800.0,0.8988,1.0,0.8988,1.0,2.0,2.0,0.0,0.0,134.05,,1,0,21,3,6,2,0,0,5,2,20.1
1013,39.65,126.62,3,28800.0,0.75,1.0,1.0,1.0,6.0,6.0,0.0,0.0,134.05,,1,0,2,4,6,2,0,1,5,2,15.05
1005,15.0,133.96,6,27008.0,0.476,0.9378,0.5076,1.0,6.0,6.0,0.0,0.0,134.05,,1,0,12,4,6,2,0,0,5,2,5.27
909,12.88,124.0,2,26391.0,0.3993,0.9164,0.4357,1.0,2.0,2.0,0.0,0.0,244.7,,2,0,19,4,6,2,0,0,5,2,110.45
955,14.19,130.91,6,26262.0,0.3963,0.9119,0.4346,1.0,6.0,6.0,0.0,0.0,244.7,,2,0,23,4,6,2,0,1,5,2,106.55
766,30.54,95.75,3,28800.0,0.6038,1.0,0.8051,1.0,4.0,3.0,0.0,0.0,244.7,,2,0,18,5,6,2,1,0,5,2,87.57
1050,34.83,131.25,4,28800.0,1.0,1.0,1.0,1.0,4.0,4.0,0.0,0.0,244.7,,2,0,5,6,6,2,1,1,5,2,76.65
1031,13.05,128.88,4,28800.0,0.4482,1.0,0.4482,1.0,4.0,4.0,0.0,0.0,244.7,,2,0,11,6,6,2,1,0,5,2,70.82
1050,12.2,131.25,3,28800.0,0.4091,1.0,0.4091,1.0,3.0,3.0,0.0,0.0,244.7,,1,0,10,0,7,2,0,0,5,2,48.27
1050,41.51,131.25,2,28800.0,1.0,1.0,1.0,1.0,2.0,2.0,0.0,0.0,244.7,,1,0,19,0,7,2,0,0,5,2,38.87
1046,19.05,130.75,6,28800.0,0.5993,1.0,0.5993,1.0,1.0,1.0,0.0,0.0,244.7,,1,0,3,1,7,2,0,1,5,2,31.07
828,32.72,103.5,4,28800.0,0.6164,1.0,0.7705,1.0,5.0,4.0,0.0,0.0,244.7,,1,0,10,1,7,2,0,0,5,2,24.14
1050,34.3,131.25,3,28800.0,0.9665,1.0,0.9665,1.0,3.0,3.0,0.0,0.0,244.7,,1,0,20,1,7,2,0,0,5,2,14.17
1050,33.78,131.25,1,28800.0,0.9352,1.0,0.9352,1.0,1.0,1.0,0.0,0.0,244.7,,1,0,22,1,7,2,0,1,5,2,11.47
935,25.52,146.95,5,25715.625,0.6217,0.8929374999999999,0.7817,1.0,5.0,5.0,0.0,0.0,244.7,,1,0,7,2,7,2,0,0,5,2,2.42
933,18.8,138.36,5,25715.625,0.5974,0.8929374999999999,0.7087,1.0,5.0,5.0,0.0,0.0,263.73,,2,0,16,2,7,2,0,0,5,2,16.11
1050,33.14,166.21,2,25715.625,0.7897,0.8929374999999999,1.0,1.0,3.0,2.0,0.0,0.0,263.73,,2,0,5,3,7,2,0,1,5,2,3.68
888,15.16,173.66124,5,25715.625,0.4237,0.8929374999999999,0.7268,1.0,5.0,5.0,0.0,0.0,263.73,,3,0,9,3,7,2,0,0,5,2,13.04
1050,29.07,173.66124,4,25715.625,0.5834,0.8929374999999999,1.0,1.0,5.0,4.0,0.0,0.0,272.89,0.0,3,1,15,3,7,2,0,0,5,2,7.16
991,21.73,173.66124,2,25715.625,0.412,0.8929374999999999,0.9995,1.0,1.0,1.0,0.0,0.0,275.97,0.49,4,1,2,4,7,2,0,1,5,2,141.96
910,37.58,113.75,6,28800.0,1.0,1.0,1.0,1.0,6.0,6.0,0.0,0.0,275.97,0.69,4,2,7,4,7,2,0,0,5,2,137.18
1050,23.42,131.25,2,28800.0,0.8203,1.0,0.8203,1.0,2.0,2.0,0.0,0.0,363.96,1.12,3,2,17,4,7,2,0,0,5,2,126.94
952,46.39,119.0,1,28800.0,1.0,1.0,1.0,1.0,3.0,3.0,0.0,0.0,363.96,1.38,3,2,0,5,7,2,1,1,5,2,120.49
1050,17.53,131.25,5,28800.0,0.5487,1.0,0.5487,1.0,5.0,5.0,0.0,0.0,363.96,1.63,3,2,6,5,7,2,1,0,5,2,114.54
1038,38.29,129.75,3,28800.0,0.75,1.0,1.0,1.0,4.0,3.0,0.0,0.0,363.96,2.04,3,2,16,5,7,2,1,0,5,2,104.69
1029,18.78,128.62,3,28800.0,0.6635,1.0,0.6635,1.0,3.0,3.0,0.0,0.0,363.96,2.34,3,2,23,5,7,2,1,1,5,2,97.44
1050,15.59,131.25,5,28800.0,0.4241,1.0,0.509,1.0,6.0,5.0,0.0,0.0,363.96,2.63,3,2,6,6,7,2,1,0,5,2,90.59
1050,11.94,131.25,4,28800.0,0.3296,1.0,0.3296,1.0,4.0,4.0,0.0,0.0,363.96,3.02,3,2,15,6,7,2,1,0,5,2,81.19
1050,31.32,131.25,6,28800.0,0.834,1.0,0.9731,1.0,7.0,7.0,0.0,0.0,363.96,3.62,3,2,5,0,8,2,0,1,5,2,66.91
1050,44.33,131.25,3,28800.0,1.0,1.0,1.0,1.0,3.0,3.0,0.0,0.0,363.96,3.88,3,2,12,0,8,2,0,0,5,2,60.49
1050,49.82,131.25,3,28800.0,1.0,1.0,1.0,1.0,3.0,3.0,0.0,0.0,363.96,4.14,3,2,18,0,8,2,0,0,5,2,54.24
1050,32.79,131.25,7,28800.0,0.9085,1.0,0.9085,1.0,7.0,7.0,0.0,0.0,363.96,4.34,3,2,23,0,8,2,0,1,5,2,49.49
939,27.85,126.63,4,26695.0,0.8072,0.9269,0.8709,1.0,4.0,4.0,0.0,0.0,409.26,0.21,3,3,8,1,8,2,0,0,5,2,40.21
1050,19.63,144.1,3,26232.0,0.4987,0.9108,0.7301,1.0,4.0,3.0,0.0,0.0,409.26,0.76,3,3,21,1,8,2,0,0,5,2,27.18
1050,21.62,142.47,5,26532.0,0.6315,0.9213,0.6854,1.0,3.0,3.0,0.0,0.0,409.26,0.9,3,3,0,2,8,2,0,1,5,2,23.73
1009,26.0,126.12,5,28800.0,0.8237,1.0,0.8237,1.0,5.0,5.0,0.0,0.0,409.26,1.18,3,3,7,2,8,2,0,0,5,2,16.91
1048,38.76,131.0,3,28800.0,1.0,1.0,1.0,1.0,3.0,3.0,0.0,0.0,409.26,1.67,2,3,19,2,8,2,0,0,5,2,5.29
1017,35.37,127.12,3,28800.0,1.0,1.0,1.0,1.0,4.0,4.0,0.0,0.0,424.28,2.01,3,3,3,3,8,2,0,1,5,2,14.0
939,40.24,136.89,4,25715.625,0.8575,0.8929374999999999,1.0,1.0,4.0,4.0,0.0,0.0,424.28,2.21,3,3,8,3,8,2,0,0,5,2,9.15
1019,19.51,154.23,3,25715.625,0.5386,0.8929374999999999,0.6521,1.0,3.0,3.0,0.0,0.0,424.28,2.52,2,3,15,3,8,2,0,0,5,2,1.79
1007,26.14,142.34,4,25715.625,0.8633,0.8929374999999999,0.9762,1.0,5.0,5.0,0.0,0.0,497.76,2.97,2,3,2,4,8,2,0,1,5,2,68.55
1050,15.67,131.25,2,28800.0,0.5141,1.0,0.5141,1.0,2.0,2.0,0.0,0.0,497.76,3.28,2,3,10,4,8,2,0,0,5,2,61.08
1033,15.2,129.12,5,28800.0,0.353,1.0,0.4236,1.0,6.0,5.0,0.0,0.0,497.76,3.6,2,3,17,4,8,2,0,0,5,2,53.38
1050,20.5,131.25,5,28800.0,0.5819,1.0,0.5819,1.0,4.0,4.0,0.0,0.0,497.76,4.08,2,3,5,5,8,2,1,1,5,2,41.7
1050,41.58,131.25,4,28800.0,1.0,1.0,1.0,1.0,4.0,4.0,0.0,0.0,497.76,4.33,2,3,11,5,8,2,1,0,5,2,35.75
1050,20.95,131.25,5,28800.0,0.5702,1.0,0.5702,1.0,5.0,5.0,0.0,0.0,497.76,4.56,2,3,16,5,8,2,1,0,5,2,30.31
1050,11.54,131.25,4,28800.0,0.3981,1.0,0.3981,1.0,3.0,3.0,0.0,0.0,497.76,5.01,2,3,3,6,8,2,1,1,5,2,19.51
1050,22.98,151.93,3,25715.625,0.7361,0.8929374999999999,0.8521,1.0,3.0,3.0,0.0,0.0,497.76,5.18,2,3,7,6,8,2,1,0,5,2,15.35
1034,40.92,144.6,4,25742.0,0.8938,0.8938,1.0,1.0,4.0,4.0,0.0,0.0,497.76,5.55,2,3,16,6,8,2,1,0,5,2,6.45
940,17.64,140.88,3,25715.625,0.5092,0.8929374999999999,0.6105,1.0,5.0,5.0,0.0,0.0,556.76,5.97,4,3,2,0,9,2,0,1,5,2,55.45
760,18.97,95.0,6,28800.0,0.3892,1.0,0.3892,1.0,6.0,6.0,0.0,0.0,556.76,6.32,4,3,10,0,9,2,0,0,5,2,47.2
1040,25.75,130.0,2,28800.0,0.8002,1.0,0.8002,1.0,2.0,2.0,0.0,0.0,556.76,6.47,4,3,14,0,9,2,0,0,5,2,43.43
898,12.71,112.25,5,28800.0,0.3053,1.0,0.3053,1.0,3.0,2.0,0.0,0.0,556.76,6.94,4,3,1,1,9,2,0,1,5,2,32.26
987,31.47,123.38,5,28800.0,1.0,1.0,1.0,1.0,5.0,5.0,0.0,0.0,556.76,7.4,4,3,13,1,9,2,0,0,5,2,21.08
941,26.16,117.62,4,28800.0,0.844,1.0,0.844,1.0,4.0,4.0,0.0,0.0,556.76,7.61,4,3,17,1,9,2,0,0,5,2,16.25
869,27.86,108.62,2,28800.0,0.5112,1.0,0.7667,1.0,0.0,0.0,0.0,0.0,556.76,8.0,4,3,3,2,9,2,0,1,5,2,6.75
929,28.36,122.36,4,27333.0,0.8184,0.9491,0.8623,1.0,4.0,4.0,0.0,0.0,556.76,8.22,4,3,8,2,9,2,0,0,5,2,1.45
1008,24.8,140.79,3,25774.0,0.578,0.8949,0.8612,1.0,4.0,3.0,0.0,0.0,582.32,8.7,5,3,20,2,9,2,0,0,5,2,17.32
970,23.36,129.68,0,26927.0,0.749,0.935,0.8094,1.0,3.0,3.0,0.0,0.0,582.32,9.05,4,3,4,3,9,2,0,1,5,2,8.84
944,40.31,133.74,2,25715.625,0.8823,0.8929374999999999,1.0,1.0,2.0,2.0,0.0,0.0,582.32,9.18,4,3,7,3,9,2,0,0,5,2,5.7
955,25.52,126.42,2,27194.0,0.8008,0.9442,0.8481,1.0,2.0,2.0,0.0,0.0,638.93,9.59,5,3,17,3,9,2,0,0,5,2,60.57
911,23.87,123.13,3,26636.0,0.6947,0.9249,0.7511,1.0,6.0,6.0,0.0,0.0,638.93,9.87,4,3,0,4,9,2,0,1,5,2,53.83
1050,11.75,131.25,3,28800.0,0.2628,1.0,0.3504,1.0,4.0,3.0,0.0,0.0,638.93,10.16,4,3,7,4,9,2,0,0,5,2,46.95
934,21.39,116.75,6,28800.0,0.622,1.0,0.622,1.0,6.0,6.0,0.0,0.0,638.93,10.73,4,3,20,4,9,2,0,0,5,2,33.32
1050,42.82,131.25,6,28800.0,1.0,1.0,1.0,1.0,3.0,3.0,0.0,0.0,638.93,10.99,4,3,3,5,9,2,1,1,5,2,27.08
993,19.2,124.12,6,28800.0,0.492,1.0,0.492,1.0,6.0,6.0,0.0,0.0,638.93,11.28,4,3,10,5,9,2,1,0,5,2,19.97
1050,15.5,131.25,4,28800.0,0.5243,1.0,0.5243,1.0,4.0,4.0,0.0,0.0,638.93,11.7,4,3,20,5,9,2,1,0,5,2,10.02
1050,15.31,131.25,3,28800.0,0.4842,1.0,0.4842,1.0,3.0,3.0,0.0,0.0,638.93,11.78,4,3,22,5,9,2,1,1,5,2,8.02
842,14.68,154.73,4,25715.625,0.3243,0.8929374999999999,0.4767,1.0,4.0,4.0,0.0,0.0,642.2,0.21,5,4,8,6,9,3,1,0,5,2,74.42
885,34.99,129.81,1,25715.625,0.4261,0.8929374999999999,0.9999,1.0,2.0,1.0,0.0,0.0,686.41,0.27,4,5,21,6,9,3,1,0,5,2,61.13
952,30.51,144.95,5,25715.625,0.7553,0.8929374999999999,0.92,1.0,2.0,2.0,0.0,0.0,686.41,0.38,3,5,0,0,10,3,0,1,5,2,58.38
1037,17.19,129.62,5,28800.0,0.5984,1.0,0.5984,1.0,5.0,5.0,0.0,0.0,686.41,0.89,3,5,12,0,10,3,0,0,5,2,46.18
954,32.18,119.25,2,28800.0,0.8059,1.0,0.8059,1.0,2.0,2.0,0.0,0.0,686.41,1.1,3,5,17,0,10,3,0,0,5,2,41.28
863,9.26,107.88,2,28800.0,0.2535,1.0,0.2535,1.0,4.0,4.0,0.0,0.0,686.41,1.58,3,5,4,1,10,3,0,1,5,2,29.66
1050,14.16,137.51,5,27489.0,0.3912,0.9545,0.4099,1.0,5.0,5.0,0.0,0.0,711.26,0.05,3,6,10,1,10,3,0,0,5,2,23.61
953,12.3,134.24,5,25715.625,0.3719,0.8929374999999999,0.4191,1.0,5.0,5.0,0.0,0.0,711.26,0.46,3,6,20,1,10,3,0,0,5,2,13.8
986,34.25,132.53,4,26784.0,0.93,0.93,1.0,1.0,3.0,3.0,0.0,0.0,711.26,0.8,3,6,4,2,10,3,0,1,5,2,5.73
1050,33.68,167.12,6,25715.625,0.7854,0.8929374999999999,1.0,1.0,6.0,6.0,0.0,0.0,711.26,0.95,3,6,8,2,10,3,0,0,5,2,2.06
988,31.74,155.99,1,25715.625,0.3958,0.8929374999999999,1.0,1.0,2.0,1.0,0.0,0.0,741.91,1.4,3,6,19,2,10,3,0,0,5,2,60.55
998,46.22,144.35,3,25715.625,0.8642,0.8929374999999999,1.0,1.0,3.0,3.0,0.0,0.0,741.91,1.56,3,6,23,2,10,3,0,1,5,2,56.7
930,39.54,142.49,4,25715.625,0.8159,0.8929374999999999,1.0,1.0,4.0,4.0,0.0,0.0,741.91,2.17,2,6,13,3,10,3,0,0,5,2,42.15
969,18.98,148.92,5,25715.625,0.5091,0.8929374999999999,0.7512,1.0,6.0,5.0,0.0,0.0,741.91,2.31,2,6,17,3,10,3,0,0,5,2,38.64
917,17.75,127.22,3,25948.0,0.5407,0.901,0.6001,1.0,3.0,3.0,0.0,0.0,741.91,2.55,2,7,22,3,10,3,0,1,5,2,32.85
1050,9.88,131.25,3,28800.0,0.3299,1.0,0.3299,1.0,3.0,3.0,0.0,0.0,772.97,0.33,2,7,8,4,10,3,0,0,5,2,23.22
1050,50.25,131.25,3,28800.0,1.0,1.0,1.0,1.0,3.0,3.0,0.0,0.0,772.97,0.61,2,7,15,4,10,3,0,0,5,2,16.47
1027,53.38,128.38,4,28800.0,1.0,1.0,1.0,1.0,6.0,6.0,0.0,0.0,772.97,0.98,2,7,0,5,10,3,1,1,5,2,7.47
932,42.9,125.51,5,26733.0,0.9282,0.9282,1.0,1.0,5.0,5.0,0.0,0.0,800.7,1.53,3,7,13,5,10,3,1,0,5,2,23.7
1050,41.17,136.82,5,27627.0,0.9593,0.9593,1.0,1.0,5.0,5.0,0.0,0.0,800.7,1.56,3,7,14,5,10,3,1,0,5,2,22.98
1030,12.25,138.36,6,26800.0,0.392,0.9306,0.4212,1.0,4.0,4.0,0.0,0.0,800.7,1.98,3,7,0,6,10,3,1,1,5,2,12.84
932,37.79,126.79,6,26463.0,0.9189,0.9189,1.0,1.0,6.0,6.0,0.0,0.0,800.7,2.31,2,7,8,6,10,3,1,0,5,2,5.07
1050,31.89,141.75,5,26666.0,0.9259,0.9259,1.0,1.0,5.0,5.0,0.0,0.0,847.55,2.68,3,7,16,6,10,3,1,0,5,2,79.46
1047,40.46,139.28,4,27063.0,0.9397,0.9397,1.0,1.0,3.0,3.0,0.0,0.0,847.55,3.06,3,7,2,0,11,3,0,1,5,2,70.37
880,29.09,110.0,4,28800.0,0.7721,1.0,0.7721,1.0,4.0,4.0,0.0,0.0,847.55,3.26,3,7,6,0,11,3,0,0,5,2,65.49
1050,38.85,131.25,2,28800.0,1.0,1.0,1.0,1.0,2.0,2.0,0.0,0.0,847.55,3.82,3,7,20,0,11,3,0,0,5,2,52.21
1036,9.01,129.5,3,28800.0,0.2957,1.0,0.2957,1.0,4.0,4.0,0.0,0.0,847.55,4.21,3,7,5,1,11,3,0,1,5,2,42.62
1016,28.21,145.62,3,25715.625,0.8721,0.8929374999999999,1.0,1.0,3.0,3.0,0.0,0.0,847.55,4.43,3,7,11,1,11,3,0,0,5,2,37.37
1009,12.02,142.0,3,25715.625,0.3493,0.8929374999999999,0.3933,1.0,3.0,3.0,0.0,0.0,854.17,0.0,3,8,15,1,11,3,0,0,5,2,33.11
1005,37.54,150.25,4,25715.625,0.8361,0.8929374999999999,1.0,1.0,5.0,4.0,0.0,0.0,879.67,0.21,3,9,3,2,11,3,0,1,5,2,20.52
967,26.87,120.88,3,28800.0,0.9005,1.0,0.9005,1.0,3.0,3.0,0.0,0.0,879.67,0.58,2,9,12,2,11,3,0,0,5,2,11.57
1050,12.9,131.25,4,28800.0,0.3544,1.0,0.3544,1.0,4.0,4.0,0.0,0.0,879.67,0.79,2,9,18,2,11,3,0,0,5,2,6.42
987,11.13,123.38,4,28800.0,0.2443,1.0,0.3054,1.0,5.0,4.0,0.0,0.0,879.67,1.03,2,9,23,2,11,3,0,1,5,2,0.76
912,23.76,117.62,2,27914.0,0.6087,0.9692,0.628,1.0,2.0,2.0,0.0,0.0,977.47,1.31,3,9,6,3,11,3,0,0,5,2,92.67
1050,18.43,135.06,3,27987.0,0.6337,0.9718,0.6521,1.0,3.0,3.0,0.0,0.0,977.47,1.85,3,9,19,3,11,3,0,0,5,2,79.77
1050,39.98,135.54,3,27888.0,0.7262,0.9683,1.0,1.0,5.0,5.0,0.0,0.0,977.47,2.2,3,9,3,4,11,3,0,1,5,2,71.42
1050,40.78,131.25,2,28800.0,1.0,1.0,1.0,1.0,2.0,2.0,0.0,0.0,977.47,2.61,3,9,13,4,11,3,0,0,5,2,61.59
1050,36.84,131.25,4,28800.0,1.0,1.0,1.0,1.0,4.0,4.0,0.0,0.0,977.47,2.94,3,9,21,4,11,3,0,0,5,2,53.59
1050,33.75,131.25,5,28800.0,0.9629,1.0,0.9629,1.0,4.0,3.0,0.0,0.0,977.47,3.12,3,9,1,5,11,3,1,1,5,2,49.14
985,31.45,123.12,3,28800.0,1.0,1.0,1.0,1.0,3.0,3.0,0.0,0.0,977.47,3.6,2,9,13,5,11,3,1,0,5,2,37.72
957,48.79,119.62,5,28800.0,1.0,1.0,1.0,1.0,5.0,5.0,0.0,0.0,977.47,3.79,2,8,17,5,11,3,1,0,5,2,33.26
975,24.62,121.88,3,28800.0,0.5652,1.0,0.7536,1.0,4.0,3.0,0.0,0.0,977.47,4.01,2,8,23,5,11,3,1,1,5,2,27.94
936,18.55,117.0,5,28800.0,0.5115,1.0,0.5115,1.0,5.0,5.0,0.0,0.0,977.47,4.34,2,7,7,6,11,3,1,0,5,2,19.99
1042,31.07,130.25,2,28800.0,0.9932,1.0,0.9932,1.0,2.0,2.0,0.0,0.0,977.47,4.86,1,7,19,6,11,3,1,0,5,2,7.47
934,27.03,116.75,2,28800.0,0.6522,1.0,0.6522,1.0,2.0,2.0,0.0,0.0,977.47,5.0,1,7,22,6,11,3,1,1,5,2,4.19
1050,22.85,169.52,4,25715.625,0.7742,0.8929374999999999,1.0,1.0,4.0,4.0,0.0,0.0,984.97,5.6,3,7,13,0,12,3,0,0,5,2,187.56
910,27.56,124.7,3,26272.0,0.6538,0.9122,0.7167,1.0,3.0,3.0,0.0,0.0,984.97,5.63,3,7,14,0,12,3,0,0,5,2,186.69
921,47.91,147.17,4,25715.625,0.7823,0.8929374999999999,1.0,1.0,4.0,4.0,0.0,0.0,1015.53,6.01,3,7,23,0,12,3,0,1,5,2,177.76
1045,37.85,132.94,4,28298.0,0.9826,0.9826,1.0,1.0,4.0,4.0,0.0,0.0,1015.53,6.59,3,7,13,1,12,3,0,0,5,2,163.71
916,33.25,120.36,6,27397.0,0.9446,0.9513,0.993,1.0,6.0,6.0,0.0,0.0,1015.53,6.85,3,7,19,1,12,3,0,0,5,2,157.51
1050,44.56,134.16,5,28176.0,0.9783,0.9783,1.0,1.0,6.0,6.0,0.0,0.0,1032.81,7.19,4,7,3,2,12,3,0,1,5,2,149.24
969,32.09,121.12,5,28800.0,0.859,1.0,0.859,1.0,5.0,5.0,0.0,0.0,1032.81,7.42,4,7,9,2,12,3,0,0,5,2,143.71
1050,17.0,131.25,5,28800.0,0.5053,1.0,0.5053,1.0,5.0,5.0,0.0,0.0,1032.81,7.95,4,8,21,2,12,3,0,0,5,2,131.11
1050,41.34,131.25,6,28800.0,1.0,1.0,1.0,1.0,6.0,6.0,0.0,0.0,1163.59,8.13,3,7,2,3,12,3,0,1,5,2,126.74
999,24.63,124.88,2,28800.0,0.6885,1.0,0.6885,1.0,2.0,2.0,0.0,0.0,1163.59,8.47,3,7,10,3,12,3,0,0,5,2,118.72
991,24.98,123.88,2,28800.0,0.4644,1.0,0.6965,1.0,3.0,2.0,0.0,0.0,1163.59,8.84,3,7,19,3,12,3,0,0,5,2,109.76
921,35.68,115.12,6,28800.0,0.8609,1.0,0.8609,1.0,2.0,2.0,0.0,0.0,1163.59,9.22,3,7,4,4,12,3,0,1,5,2,100.74
1050,24.33,131.25,6,28800.0,0.7492,1.0,0.7492,1.0,6.0,6.0,0.0,0.0,1163.59,9.46,3,7,10,4,12,3,0,0,5,2,94.82
881,35.89,110.12,4,28800.0,1.0,1.0,1.0,1.0,4.0,4.0,0.0,0.0,1163.59,9.93,3,7,21,4,12,3,0,0,5,2,83.62
1048,23.62,131.0,2,28800.0,0.7929,1.0,0.7929,1.0,4.0,4.0,0.0,0.0,1163.59,10.26,3,7,5,5,12,3,1,1,5,2,75.66
994,45.12,124.25,5,28800.0,1.0,1.0,1.0,1.0,5.0,5.0,0.0,0.0,1163.59,10.54,3,7,11,5,12,3,1,0,5,2,68.96
1017,22.44,127.12,4,28800.0,0.6988,1.0,0.6988,1.0,4.0,4.0,0.0,0.0,1163.59,10.82,3,7,18,5,12,3,1,0,5,2,62.17
1050,20.17,131.25,4,28800.0,0.5472,1.0,0.5472,1.0,1.0,1.0,0.0,0.0,1163.59,11.28,3,7,5,6,12,3,1,1,5,2,51.24
944,40.66,118.0,3,28800.0,1.0,1.0,1.0,1.0,3.0,3.0,0.0,0.0,1163.59,11.51,3,7,11,6,12,3,1,0,5,2,45.56
853,41.94,106.62,3,28800.0,0.9383,1.0,0.9383,1.0,3.0,3.0,0.0,0.0,1163.59,11.69,3,7,15,6,12,3,1,0,5,2,41.42
1050,42.62,131.25,1,28800.0,1.0,1.0,1.0,1.0,4.0,4.0,0.0,0.0,1163.59,12.12,3,7,1,0,13,3,0,1,5,2,31.06
980,41.45,122.5,4,28800.0,1.0,1.0,1.0,1.0,4.0,4.0,0.0,0.0,1163.59,12.34,2,7,7,0,13,3,0,0,5,2,25.64
898,13.09,112.25,2,28800.0,0.3891,1.0,0.3891,1.0,2.0,2.0,0.0,0.0,1163.59,12.91,1,7,20,0,13,3,0,0,5,2,12.14
832,21.98,134.53,2,25715.625,0.5888,0.8929374999999999,0.7616,1.0,2.0,2.0,0.0,0.0,1163.59,13.36,1,7,7,1,13,3,0,0,5,2,1.26
1050,31.51,166.24,5,25715.625,0.7895,0.8929374999999999,1.0,1.0,5.0,5.0,0.0,0.0,1192.99,13.65,2,7,14,1,13,3,0,0,5,2,68.46
915,17.44,126.96,3,25945.0,0.4141,0.9009,0.6129,1.0,3.0,2.0,0.0,0.0,1192.99,14.08,1,7,0,2,13,3,0,1,5,2,58.05
1050,28.49,145.32,4,26012.0,0.8032,0.9032,0.8893,1.0,4.0,4.0,0.0,0.0,1192.99,14.58,1,7,12,2,13,3,0,0,5,2,46.01
1050,22.61,155.24,6,25715.625,0.6891,0.8929374999999999,0.815,1.0,6.0,6.0,0.0,0.0,1192.99,14.7,1,7,15,2,13,3,0,0,5,2,43.21
1024,11.28,148.63,2,25715.625,0.2534,0.8929374999999999,0.4414,1.0,4.0,4.0,0.0,0.0,1196.48,0.1,1,8,0,3,13,3,0,1,5,2,34.83
1027,41.93,133.96,6,27599.0,0.9583,0.9583,1.0,1.0,6.0,6.0,0.0,0.0,1216.48,0.63,1,8,12,3,13,3,0,0,5,2,22.06
896,43.99,114.76,3,28108.0,0.976,0.976,1.0,1.0,3.0,3.0,0.0,0.0,1216.48,0.94,1,8,20,3,13,3,0,0,5,2,14.48
956,12.83,125.94,4,27328.0,0.388,0.9489,0.4089,1.0,6.0,6.0,0.0,0.0,1227.63,1.14,1,9,1,4,13,3,0,1,5,2,9.65
1050,18.45,136.64,6,27664.0,0.517,0.9606,0.5382,1.0,6.0,6.0,0.0,0.0,1227.63,1.35,1,9,6,4,13,3,0,0,5,2,4.65
1021,22.22,131.98,6,27849.0,0.7622,0.967,0.7882,1.0,6.0,6.0,0.0,0.0,1246.29,1.69,2,9,14,4,13,3,0,0,5,2,16.51
769,40.11,103.72,6,26692.0,0.8098,0.9268,0.8738,1.0,6.0,6.0,0.0,0.0,1246.29,2.08,2,9,23,4,13,3,0,1,5,2,7.18
984,28.26,134.13,4,26411.0,0.9101,0.917,0.9925,1.0,4.0,4.0,0.0,0.0,1270.02,2.57,3,9,11,5,13,3,1,0,5,2,136.24
1050,36.78,139.01,6,27192.0,0.9442,0.9442,1.0,1.0,6.0,6.0,0.0,0.0,1270.02,2.96,3,9,20,5,13,3,1,0,5,2,126.82
1000,11.69,140.4,7,25715.625,0.295,0.8929374999999999,0.3787,1.0,8.0,7.0,0.0,0.0,1270.02,3.05,3,9,22,5,13,3,1,1,5,2,124.87
894,30.35,114.19,5,28185.0,0.5977,0.9786,0.733,1.0,6.0,5.0,0.0,0.0,1270.02,3.38,3,9,6,6,13,3,1,0,5,2,116.92
766,16.61,97.37,2,28320.0,0.3683,0.9833,0.3746,1.0,3.0,3.0,0.0,0.0,1370.45,4.09,4,9,0,0,14,3,0,1,5,2,99.76
966,44.93,120.75,5,28800.0,1.0,1.0,1.0,1.0,5.0,5.0,0.0,0.0,1370.45,4.44,4,9,8,0,14,3,0,0,5,2,91.31
974,26.12,121.75,4,28800.0,0.675,1.0,0.675,1.0,4.0,4.0,0.0,0.0,1370.45,4.91,4,9,19,0,14,3,0,0,5,2,80.06
1050,22.43,131.25,3,28800.0,0.8021,1.0,0.8021,1.0,4.0,4.0,0.0,0.0,1370.45,5.3,4,8,4,1,14,3,0,1,5,2,70.82
1050,21.3,131.25,4,28800.0,0.5005,1.0,0.6256,1.0,5.0,4.0,0.0,0.0,1370.45,5.54,3,8,10,1,14,3,0,0,5,2,65.11
1050,13.21,131.25,3,28800.0,0.4404,1.0,0.4404,1.0,3.0,3.0,0.0,0.0,1370.45,5.97,3,7,21,1,14,3,0,0,5,2,54.61
1050,26.68,131.25,4,28800.0,0.8327,1.0,0.8327,1.0,1.0,1.0,0.0,0.0,1370.45,6.22,3,7,3,2,14,4,0,1,5,2,48.64
1050,25.8,131.25,4,28800.0,0.7117,1.0,0.7117,1.0,4.0,4.0,0.0,0.0,1370.45,6.43,3,7,8,2,14,4,0,0,5,2,43.62
1050,17.18,131.25,5,28800.0,0.5265,1.0,0.5265,1.0,5.0,5.0,0.0,0.0,1370.45,6.8,3,7,17,2,14,4,0,0,5,2,34.67
1045,21.12,130.62,1,28800.0,0.6651,1.0,0.6651,1.0,1.0,1.0,0.0,0.0,1370.45,7.04,3,7,22,2,14,4,0,1,5,2,29.07
962,44.43,124.32,5,27858.0,0.8061,0.9673,1.0,1.0,6.0,5.0,0.0,0.0,1370.45,7.43,3,6,8,3,14,4,0,0,5,2,19.76
1050,32.23,135.55,4,27886.0,0.9683,0.9683,1.0,1.0,4.0,4.0,0.0,0.0,1383.22,7.78,3,6,16,3,14,4,0,0,5,2,11.34
1042,35.51,132.8,6,28248.0,0.9808,0.9808,1.0,1.0,6.0,6.0,0.0,0.0,1383.22,8.03,3,6,22,3,14,4,0,1,5,2,5.17
995,24.29,127.22,3,28155.0,0.6972,0.9776,0.7132,1.0,3.0,3.0,0.0,0.0,1474.94,8.42,4,6,7,4,14,4,0,0,5,2,88.24
1050,28.16,134.42,3,28120.0,0.6043,0.9764,0.8252,1.0,4.0,3.0,0.0,0.0,1474.94,8.76,3,6,16,4,14,4,0,0,5,2,80.06
1050,22.08,134.98,2,28005.0,0.6632,0.9724,0.682,1.0,4.0,4.0,0.0,0.0,1474.94,9.24,3,6,3,5,14,4,1,1,5,2,68.61
854,51.25,106.75,6,28800.0,1.0,1.0,1.0,1.0,6.0,6.0,0.0,0.0,1474.94,9.69,2,6,14,5,14,4,1,0,5,2,57.79
810,20.3,101.25,4,28800.0,0.4871,1.0,0.4871,1.0,4.0,4.0,0.0,0.0,1474.94,10.25,2,5,3,6,14,4,1,1,5,2,44.26
1050,20.8,131.25,3,28800.0,0.6417,1.0,0.6417,1.0,3.0,3.0,0.0,0.0,1474.94,10.5,1,5,9,6,14,4,1,0,5,2,38.31
992,23.21,124.0,4,28800.0,0.7333,1.0,0.7333,1.0,4.0,4.0,0.0,0.0,1474.94,10.8,1,5,17,6,14,4,1,0,5,2,31.06
1014,20.47,126.75,5,28800.0,0.7003,1.0,0.7003,1.0,5.0,5.0,0.0,0.0,1474.94,11.54,1,5,10,0,15,4,0,0,5,2,13.38
919,36.42,114.88,6,28800.0,0.9589,1.0,0.9589,1.0,6.0,6.0,0.0,0.0,1474.94,11.91,1,5,19,0,15,4,0,0,5,2,4.51
1050,37.85,131.25,2,28800.0,1.0,1.0,1.0,1.0,2.0,2.0,0.0,0.0,1474.94,12.05,1,5,22,0,15,4,0,1,5,2,1.16
980,41.95,139.07,5,25715.625,0.8808,0.8929374999999999,1.0,1.0,5.0,5.0,0.0,0.0,1478.56,12.36,3,5,6,1,15,4,0,0,5,2,104.91
982,38.44,138.89,4,25715.625,0.707,0.8929374999999999,1.0,1.0,5.0,4.0,0.0,0.0,1562.31,12.93,3,5,20,1,15,4,0,0,5,2,91.18
906,18.34,133.21,6,25715.625,0.5751,0.8929374999999999,0.6764,1.0,1.0,1.0,0.0,0.0,1562.31,13.17,3,5,1,2,15,4,0,1,5,2,85.34
1030,15.69,128.75,2,28800.0,0.4324,1.0,0.4324,1.0,2.0,2.0,0.0,0.0,1562.31,13.54,3,5,10,2,15,4,0,0,5,2,76.48
1050,27.12,131.25,5,28800.0,0.9508,1.0,0.9508,1.0,5.0,5.0,0.0,0.0,1562.31,13.76,3,5,16,2,15,4,0,0,5,2,71.33
1024,15.91,128.0,1,28800.0,0.5426,1.0,0.5426,1.0,2.0,2.0,0.0,0.0,1562.31,14.12,3,5,0,3,15,4,0,1,5,2,62.56
1034,36.93,129.25,5,28800.0,0.9862,1.0,0.9862,1.0,5.0,5.0,0.0,0.0,1562.31,14.58,3,5,11,3,15,4,0,0,5,2,51.68
1050,45.29,131.25,6,28800.0,1.0,1.0,1.0,1.0,6.0,6.0,0.0,0.0,1562.31,14.82,3,4,17,3,15,4,0,0,5,2,45.93
860,34.81,107.5,2,28800.0,0.8155,1.0,0.8155,1.0,2.0,2.0,0.0,0.0,1562.31,15.06,3,3,23,3,15,4,0,1,5,2,40.09
1043,36.65,162.95,5,25715.625,0.8001,0.8929374999999999,1.0,1.0,5.0,5.0,0.0,0.0,1562.31,15.58,2,3,11,4,15,4,0,0,5,2,27.59
899,28.78,127.64,6,25715.625,0.8631,0.8929374999999999,0.9804,1.0,6.0,6.0,0.0,0.0,1562.31,16.0,2,4,21,4,15,4,0,0,5,2,17.53
956,12.06,132.85,6,25906.0,0.3996,0.8995,0.4443,1.0,5.0,5.0,0.0,0.0,1572.47,0.12,2,4,1,5,15,4,1,1,5,2,13.53
1050,21.17,173.66124,6,25715.625,0.6692,0.8929374999999999,1.0,1.0,6.0,6.0,0.0,0.0,1572.47,0.38,2,4,7,5,15,4,1,0,5,2,7.46
1050,30.47,173.66124,2,25715.625,0.6882,0.8929374999999999,1.0,1.0,2.0,2.0,0.0,0.0,1577.3,0.7,3,4,15,5,15,4,1,0,5,2,71.54
1050,36.59,155.27,5,25715.625,0.8453,0.8929374999999999,1.0,1.0,5.0,5.0,0.0,0.0,1645.31,1.06,3,4,0,6,15,4,1,1,5,2,63.05
875,37.09,109.38,2,28800.0,0.8704,1.0,0.8704,1.0,2.0,2.0,0.0,0.0,1645.31,1.49,3,4,10,6,15,4,1,0,5,2,52.6
932,11.73,116.5,6,28800.0,0.3226,1.0,0.3226,1.0,6.0,6.0,0.0,0.0,1645.31,1.78,3,4,17,6,15,4,1,0,5,2,45.75
1018,11.7,127.25,5,28800.0,0.3563,1.0,0.3563,1.0,6.0,6.0,0.0,0.0,1645.31,2.28,3,4,5,0,16,4,0,1,5,2,33.59
882,21.05,110.25,2,28800.0,0.6263,1.0,0.6263,1.0,2.0,2.0,0.0,0.0,1645.31,2.38,3,4,7,0,16,4,0,0,5,2,31.34
1042,21.29,130.25,3,28800.0,0.6437,1.0,0.6437,1.0,3.0,3.0,0.0,0.0,1645.31,2.67,3,4,15,0,16,4,0,0,5,2,24.22
1023,17.83,127.88,6,28800.0,0.5463,1.0,0.5463,1.0,2.0,2.0,0.0,0.0,1645.31,3.16,2,4,2,1,16,4,0,1,5,2,12.49
1050,53.38,139.97,4,27005.0,0.9377,0.9377,1.0,1.0,4.0,4.0,0.0,0.0,1645.31,3.47,1,4,10,1,16,4,0,0,5,2,5.12
1050,43.09,139.95,3,27009.0,0.9378,0.9378,1.0,1.0,3.0,3.0,0.0,0.0,1859.09,3.84,2,4,18,1,16,4,0,0,5,2,211.56
1050,11.45,142.89,2,26454.0,0.3792,0.9185,0.4128,1.0,4.0,4.0,0.0,0.0,1859.09,4.11,2,4,1,2,16,4,0,1,5,2,204.98
937,42.91,117.12,2,28800.0,1.0,1.0,1.0,1.0,2.0,2.0,0.0,0.0,1859.09,4.35,2,4,7,2,16,4,0,0,5,2,199.36
1050,36.71,131.25,5,28800.0,1.0,1.0,1.0,1.0,5.0,5.0,0.0,0.0,1859.09,4.77,2,4,17,2,16,4,0,0,5,2,189.15
1034,40.68,129.25,4,28800.0,1.0,1.0,1.0,1.0,3.0,3.0,0.0,0.0,1859.09,5.18,2,4,3,3,16,4,0,1,5,2,179.33
913,43.97,114.12,4,28800.0,1.0,1.0,1.0,1.0,4.0,4.0,0.0,0.0,1859.09,5.39,2,4,8,3,16,4,0,0,5,2,174.3
976,9.82,122.0,4,28800.0,0.2887,1.0,0.2887,1.0,4.0,4.0,0.0,0.0,1859.09,5.87,2,4,19,3,16,4,0,0,5,2,162.66
965,31.75,120.62,3,28800.0,0.8068,1.0,0.8068,1.0,7.0,7.0,0.0,0.0,1859.09,6.15,2,4,2,4,16,4,0,1,5,2,156.01
985,13.93,123.12,6,28800.0,0.4535,1.0,0.4535,1.0,6.0,6.0,0.0,0.0,1859.09,6.57,2,4,12,4,16,4,0,0,5,2,145.86
1050,34.32,131.25,3,28800.0,1.0,1.0,1.0,1.0,3.0,3.0,0.0,0.0,1859.09,6.9,2,3,20,4,16,4,0,0,5,2,138.11
1050,42.37,131.25,7,28800.0,1.0,1.0,1.0,1.0,5.0,5.0,0.0,0.0,1859.09,7.22,2,3,4,5,16,4,1,1,5,2,130.33
1023,41.4,127.88,5,28800.0,0.8333,1.0,1.0,1.0,6.0,5.0,0.0,0.0,1859.09,7.35,2,3,7,5,16,4,1,0,5,2,127.26
1050,16.91,131.25,4,28800.0,0.5636,1.0,0.5636,1.0,4.0,4.0,0.0,0.0,1859.09,7.67,2,3,14,5,16,4,1,0,5,2,119.51
1050,36.71,131.25,5,28800.0,1.0,1.0,1.0,1.0,3.0,3.0,0.0,0.0,1859.09,8.16,1,3,2,6,16,4,1,1,5,2,107.73
986,26.86,123.25,2,28800.0,0.9158,1.0,0.9158,1.0,2.0,2.0,0.0,0.0,1859.09,8.39,1,3,8,6,16,4,1,0,5,2,102.23
1050,34.75,131.25,3,28800.0,1.0,1.0,1.0,1.0,3.0,3.0,0.0,0.0,1859.09,9.01,1,3,23,6,16,4,1,1,5,2,87.38
1010,38.8,126.25,3,28800.0,1.0,1.0,1.0,1.0,3.0,3.0,0.0,0.0,1859.09,9.35,1,3,7,0,17,4,0,0,5,2,79.21
1037,48.29,129.62,6,28800.0,1.0,1.0,1.0,1.0,6.0,6.0,0.0,0.0,1859.09,9.93,1,3,21,0,17,4,0,0,5,2,65.41
1050,9.21,131.25,5,28800.0,0.3186,1.0,0.3186,1.0,4.0,4.0,0.0,0.0,1859.09,10.22,1,3,4,1,17,4,0,1,5,2,58.26
1001,47.05,125.12,5,28800.0,1.0,1.0,1.0,1.0,5.0,5.0,0.0,0.0,1859.09,10.52,1,3,11,1,17,4,0,0,5,2,51.08
860,31.86,107.5,2,28800.0,0.7268,1.0,0.7268,1.0,2.0,2.0,0.0,0.0,1859.09,10.64,1,3,14,1,17,4,0,0,5,2,48.31
974,37.56,121.75,4,28800.0,1.0,1.0,1.0,1.0,4.0,4.0,0.0,0.0,1859.09,11.1,0,3,1,2,17,4,0,1,5,2,37.33
977,27.41,122.12,2,28800.0,0.6981,1.0,0.6981,1.0,2.0,2.0,0.0,0.0,1859.09,11.5,0,3,10,2,17,4,0,0,5,2,27.65
959,31.68,119.88,5,28800.0,0.9577,1.0,0.9577,1.0,5.0,5.0,0.0,0.0,1859.09,11.95,0,3,21,2,17,4,0,0,5,2,16.81
1025,31.02,128.12,4,28800.0,1.0,1.0,1.0,1.0,8.0,8.0,0.0,0.0,1859.09,12.07,0,3,0,3,17,4,0,1,5,2,13.91
1050,16.62,139.93,3,27013.0,0.4784,0.938,0.51,1.0,3.0,3.0,0.0,0.0,1859.09,12.34,0,3,6,3,17,4,0,0,5,2,7.53
1038,18.39,139.77,5,26735.0,0.5774,0.9283,0.622,1.0,5.0,5.0,0.0,0.0,2047.42,12.83,1,3,18,3,17,4,0,0,5,2,186.84
982,10.4,147.2,8,25715.625,0.3386,0.8929374999999999,0.406,1.0,2.0,2.0,0.0,0.0,2047.42,13.15,1,3,2,4,17,4,0,1,5,2,179.04
947,36.65,118.38,4,28800.0,0.721,1.0,0.9013,1.0,5.0,4.0,0.0,0.0,2047.42,13.6,1,3,13,4,17,4,0,0,5,2,168.29
1050,41.13,131.25,4,28800.0,1.0,1.0,1.0,1.0,4.0,4.0,0.0,0.0,2047.42,13.69,1,3,15,4,17,4,0,0,5,2,166.11
1050,48.29,131.25,2,28800.0,1.0,1.0,1.0,1.0,7.0,7.0,0.0,0.0,2047.42,14.21,1,2,3,5,17,4,1,1,5,2,153.76
920,10.04,115.0,6,28800.0,0.2865,1.0,0.2865,1.0,6.0,6.0,0.0,0.0,2047.42,14.37,1,2,7,5,17,4,1,0,5,2,149.79
992,9.85,124.0,5,28800.0,0.3324,1.0,0.3324,1.0,5.0,5.0,0.0,0.0,2047.42,14.81,1,2,18,5,17,4,1,0,5,2,139.37
967,43.51,120.88,7,28800.0,1.0,1.0,1.0,1.0,2.0,2.0,0.0,0.0,2047.42,15.27,1,1,5,6,17,4,1,1,5,2,128.24
1050,42.36,131.25,2,28800.0,1.0,1.0,1.0,1.0,2.0,2.0,0.0,0.0,2047.42,16.04,1,1,23,6,17,4,1,1,5,2,109.66
1009,27.44,126.12,6,28800.0,0.7214,1.0,0.7214,1.0,6.0,6.0,0.0,0.0,2047.42,16.4,1,1,8,0,18,4,0,0,5,2,101.07
933,36.94,116.62,4,28800.0,0.9771,1.0,0.9771,1.0,4.0,4.0,0.0,0.0,2047.42,16.84,1,1,18,0,18,4,0,0,5,2,90.59
1033,27.3,129.12,6,28800.0,0.821,1.0,0.821,1.0,4.0,4.0,0.0,0.0,2047.42,17.18,1,1,3,1,18,4,0,1,5,2,82.51
1050,28.12,131.25,4,28800.0,0.852,1.0,0.852,1.0,4.0,4.0,0.0,0.0,2047.42,17.31,1,1,6,1,18,4,0,0,5,2,79.19
967,25.31,120.88,4,28800.0,0.8186,1.0,0.8186,1.0,4.0,4.0,0.0,0.0,2047.42,17.87,1,1,19,1,18,4,0,0,5,2,65.89
1027,21.89,128.38,4,28800.0,0.7292,1.0,0.7292,1.0,4.0,4.0,0.0,0.0,2047.42,18.02,1,1,23,1,18,4,0,1,5,2,62.21
1050,33.1,131.25,3,28800.0,1.0,1.0,1.0,1.0,3.0,3.0,0.0,0.0,2047.42,18.5,1,1,10,2,18,4,0,0,5,2,50.69
970,15.16,121.25,3,28800.0,0.3516,1.0,0.4688,1.0,4.0,3.0,0.0,0.0,2047.42,18.71,1,1,15,2,18,4,0,0,5,2,45.62
1050,10.87,131.25,1,28800.0,0.1482,1.0,0.2964,1.0,3.0,3.0,0.0,0.0,2047.42,19.15,1,1,2,3,18,4,0,1,5,2,35.07
950,28.26,118.75,5,28800.0,0.7946,1.0,0.7946,1.0,5.0,5.0,0.0,0.0,2047.42,19.36,1,1,7,3,18,4,0,0,5,2,30.12
1050,40.69,131.25,4,28800.0,1.0,1.0,1.0,1.0,4.0,4.0,0.0,0.0,2047.42,19.64,1,1,14,3,18,4,0,0,5,2,23.47
881,21.32,110.12,3,28800.0,0.5326,1.0,0.5326,1.0,8.0,7.0,0.0,0.0,2047.42,20.22,0,1,4,4,18,5,0,1,5,2,9.51
966,11.64,139.14,6,25715.625,0.3012,0.8929374999999999,0.3471,1.0,6.0,6.0,0.0,0.0,2047.42,20.45,0,1,9,4,18,5,0,0,5,2,3.97
896,14.22,119.05,3,27094.0,0.3519,0.9408,0.374,1.0,3.0,3.0,0.0,0.0,2068.46,20.79,1,1,17,4,18,5,0,0,5,2,19.64
1050,35.57,144.62,7,26137.0,0.7941,0.9075,1.0,1.0,5.0,5.0,0.0,0.0,2068.46,21.18,1,1,3,5,18,5,1,1,5,2,10.28
1050,36.16,150.41,6,25715.625,0.8726,0.8929374999999999,1.0,1.0,6.0,6.0,0.0,0.0,2068.46,21.6,1,1,13,5,18,5,1,0,5,2,0.14
1050,11.12,147.15,6,25715.625,0.3613,0.8929374999999999,0.4051,1.0,6.0,6.0,0.0,0.0,2105.79,21.79,2,1,17,5,18,5,1,0,5,2,37.55
1050,20.16,148.73,5,25715.625,0.7252,0.8929374999999999,0.8217,1.0,1.0,1.0,0.0,0.0,2105.79,22.1,2,1,1,6,18,5,1,1,5,2,30.22
1045,41.91,130.62,5,28800.0,1.0,1.0,1.0,1.0,5.0,5.0,0.0,0.0,2105.79,22.43,2,1,9,6,18,5,1,0,5,2,22.25
1050,9.82,131.25,4,28800.0,0.2949,1.0,0.2949,1.0,4.0,4.0,0.0,0.0,2105.79,22.92,2,1,21,6,18,5,1,0,5,2,10.38
1009,42.38,126.12,1,28800.0,1.0,1.0,1.0,1.0,4.0,4.0,0.0,0.0,2105.79,23.09,2,1,1,0,19,5,0,1,5,2,6.35
1018,45.35,145.74,2,25715.625,0.8731,0.8929374999999999,1.0,1.0,2.0,2.0,0.0,0.0,2107.79,23.43,3,1,9,0,19,5,0,0,5,2,120.39
949,18.65,132.65,3,25755.0,0.4614,0.8943,0.5159,1.0,3.0,3.0,0.0,0.0,2227.52,23.87,3,1,19,0,19,5,0,0,5,2,109.84
1003,48.73,125.38,6,28800.0,1.0,1.0,1.0,1.0,6.0,6.0,0.0,0.0,2227.52,24.44,3,1,9,1,19,5,0,0,5,2,96.08
1050,20.67,131.25,4,28800.0,0.5804,1.0,0.5804,1.0,4.0,4.0,0.0,0.0,2227.52,24.783749,3,1,18,1,19,5,0,0,5,2,87.43
957,21.22,119.62,5,28800.0,0.6726,1.0,0.6726,1.0,5.0,5.0,0.0,0.0,2227.52,24.783749,3,1,0,2,19,5,0,1,5,2,81.26
998,22.58,124.75,4,28800.0,0.6352,1.0,0.6352,1.0,4.0,4.0,0.0,0.0,2227.52,24.783749,3,1,7,2,19,5,0,0,5,2,74.21
999,24.58,124.88,4,28800.0,0.4288,1.0,0.6431,1.0,6.0,4.0,0.0,0.0,2227.52,24.783749,3,1,16,2,19,5,0,0,5,2,65.06
1050,17.8,131.25,5,28800.0,0.5214,1.0,0.5214,1.0,5.0,5.0,0.0,0.0,2227.52,24.783749,3,1,23,2,19,5,0,1,5,2,58.21
785,43.96,98.12,3,28800.0,1.0,1.0,1.0,1.0,3.0,3.0,0.0,0.0,2227.52,24.783749,3,1,8,3,19,5,0,0,5,2,48.76
963,47.07,120.38,4,28800.0,1.0,1.0,1.0,1.0,4.0,4.0,0.0,0.0,2227.52,24.783749,3,1,19,3,19,5,0,0,5,2,37.59
1006,15.83,125.75,4,28800.0,0.5299,1.0,0.5299,1.0,8.0,8.0,0.0,0.0,2227.52,24.783749,3,1,2,4,19,5,0,1,5,2,31.09
1026,34.8,128.25,6,28800.0,0.9555,1.0,0.9555,1.0,6.0,6.0,0.0,0.0,2227.52,24.783749,3,1,10,4,19,5,0,0,5,2,23.39
964,10.99,120.5,4,28800.0,0.2151,1.0,0.3227,1.0,6.0,4.0,0.0,0.0,2227.52,24.783749,2,1,19,4,19,5,0,0,5,2,13.69
872,41.54,109.0,8,28800.0,1.0,1.0,1.0,1.0,2.0,2.0,0.0,0.0,2227.52,24.783749,2,1,5,5,19,5,1,1,5,2,3.86
1050,40.87,147.38,1,25715.625,0.4453,0.8929374999999999,1.0,1.0,2.0,1.0,0.0,0.0,2421.7,24.783749,2,1,20,5,19,5,1,0,5,2,184.86
1007,10.1,140.14,2,25869.0,0.2797,0.8982,0.3114,1.0,2.0,2.0,0.0,0.0,2421.7,24.783749,2,1,23,5,19,5,1,1,5,2,182.06
1028,10.66,128.5,5,28800.0,0.3362,1.0,0.3362,1.0,5.0,5.0,0.0,0.0,2421.7,24.783749,2,0,19,6,19,5,1,0,5,2,162.26
840,27.07,105.0,1,28800.0,0.7347,1.0,0.7347,1.0,4.0,4.0,0.0,0.0,2421.7,24.783749,2,0,4,0,20,5,0,1,5,2,152.72
1050,26.34,131.25,4,28800.0,0.8156,1.0,0.8156,1.0,4.0,4.0,0.0,0.0,2421.7,24.783749,1,0,7,0,20,5,0,0,5,2,150.11
951,24.36,118.88,4,28800.0,0.4381,1.0,0.6571,1.0,6.0,4.0,0.0,0.0,2421.7,24.783749,1,0,20,0,20,5,0,0,5,2,136.97
1050,37.82,131.25,4,28800.0,1.0,1.0,1.0,1.0,6.0,6.0,0.0,0.0,2421.7,24.783749,1,0,0,1,20,5,0,1,5,2,133.51
1031,46.75,128.88,6,28800.0,1.0,1.0,1.0,1.0,6.0,6.0,0.0,0.0,2421.7,24.783749,1,0,7,1,20,5,0,0,5,2,126.24
1050,43.01,131.25,2,28800.0,1.0,1.0,1.0,1.0,2.0,2.0,0.0,0.0,2421.7,24.783749,1,0,19,1,20,5,0,0,5,2,113.76
915,42.0,114.38,6,28800.0,1.0,1.0,1.0,1.0,5.0,5.0,0.0,0.0,2421.7,24.783749,1,0,5,2,20,5,0,1,5,2,104.21
904,45.64,113.0,4,28800.0,1.0,1.0,1.0,1.0,4.0,4.0,0.0,0.0,2421.7,24.783749,1,0,6,2,20,5,0,0,5,2,103.14
930,33.89,116.25,3,28800.0,0.9894,1.0,0.9894,1.0,3.0,3.0,0.0,0.0,2421.7,24.783749,1,0,16,2,20,5,0,0,5,2,92.77
942,20.89,117.75,5,28800.0,0.6156,1.0,0.6156,1.0,1.0,1.0,0.0,0.0,2421.7,24.783749,1,0,0,3,20,5,0,1,5,2,85.26
923,37.75,115.38,4,28800.0,1.0,1.0,1.0,1.0,4.0,4.0,0.0,0.0,2421.7,24.783749,1,0,9,3,20,5,0,0,5,2,75.76
985,46.38,123.12,4,28800.0,0.8,1.0,1.0,1.0,5.0,4.0,0.0,0.0,2421.7,24.783749,1,0,20,3,20,5,0,0,5,2,65.32
983,13.17,122.88,1,28800.0,0.3522,1.0,0.3522,1.0,6.0,4.0,0.0,0.0,2421.7,24.783749,1,0,5,4,20,5,0,1,5,2,56.62
932,15.77,116.5,3,28800.0,0.5058,1.0,0.5058,1.0,3.0,3.0,0.0,0.0,2421.7,24.783749,1,0,8,4,20,5,0,0,5,2,53.01
1029,36.37,128.62,3,28800.0,1.0,1.0,1.0,1.0,3.0,3.0,0.0,0.0,2421.7,24.783749,1,0,20,4,20,5,0,0,5,2,41.61
1050,21.73,131.25,4,28800.0,0.5129,1.0,0.7693,1.0,1.0,1.0,0.0,0.0,2421.7,24.783749,1,0,2,5,20,5,1,1,5,2,34.89
1042,36.72,130.25,6,28800.0,1.0,1.0,1.0,1.0,6.0,6.0,0.0,0.0,2421.7,24.783749,1,0,8,5,20,5,1,0,5,2,28.66
977,35.3,122.12,2,28800.0,0.5,1.0,1.0,1.0,4.0,2.0,0.0,0.0,2421.7,24.783749,0,0,20,5,20,5,1,0,5,2,17.61
1050,38.27,131.25,1,28800.0,1.0,1.0,1.0,1.0,1.0,1.0,0.0,0.0,2421.7,24.783749,0,0,22,5,20,5,1,1,5,2,14.67
1017,42.58,127.12,2,28800.0,1.0,1.0,1.0,1.0,2.0,2.0,0.0,0.0,2421.7,24.783749,0,0,13,6,20,5,1,0,5,2,0.24
946,26.97,118.25,2,28800.0,0.8337,1.0,0.8337,1.0,2.0,2.0,0.0,0.0,2435.16,24.783749,0,0,19,6,20,5,1,0,5,2,13.11
1017,17.22,127.12,4,28800.0,0.5456,1.0,0.5456,1.0,4.0,4.0,0.0,0.0,2435.16,24.783749,0,0,3,0,21,5,0,1,5,2,5.33
1050,35.03,139.74,4,27050.0,0.9392,0.9392,1.0,1.0,4.0,4.0,0.0,0.0,2461.13,24.783749,1,0,11,0,21,5,0,0,5,2,24.9
854,14.73,116.26,4,26444.0,0.3763,0.9182,0.4098,1.0,4.0,4.0,0.0,0.0,2461.13,24.783749,1,0,20,0,21,5,0,0,5,2,15.57
1050,39.64,137.63,4,27465.0,0.9536,0.9536,1.0,1.0,1.0,1.0,0.0,0.0,2461.13,24.783749,1,0,1,1,21,5,0,1,5,2,10.09
979,20.17,123.69,2,28494.0,0.6571,0.9894,0.6641,1.0,2.0,2.0,0.0,0.0,2461.13,24.783749,1,0,8,1,21,5,0,0,5,2,3.32
1042,35.02,132.91,2,28223.0,0.98,0.98,1.0,1.0,2.0,2.0,0.0,0.0,2511.34,24.783749,2,0,18,1,21,5,0,0,5,2,103.91
927,53.29,118.69,1,28118.0,0.9763,0.9763,1.0,1.0,5.0,5.0,0.0,0.0,2511.34,24.783749,2,0,2,2,21,5,0,1,5,2,96.55
1050,19.05,131.25,4,28800.0,0.673,1.0,0.673,1.0,4.0,4.0,0.0,0.0,2511.34,24.783749,2,0,12,2,21,5,0,0,5,2,86.31
942,38.63,117.75,6,28800.0,0.9364,1.0,0.9364,1.0,6.0,6.0,0.0,0.0,2511.34,24.783749,2,0,21,2,21,5,0,0,5,2,77.05
1050,30.58,131.25,5,28800.0,1.0,1.0,1.0,1.0,2.0,2.0,0.0,0.0,2511.34,24.783749,2,0,1,3,21,5,0,1,5,2,73.71
1026,30.45,128.25,4,28800.0,1.0,1.0,1.0,1.0,4.0,4.0,0.0,0.0,2511.34,24.783749,2,0,7,3,21,5,0,0,5,2,67.78
1050,23.57,131.25,4,28800.0,0.8415,1.0,0.8415,1.0,4.0,4.0,0.0,0.0,2511.34,24.783749,2,1,15,3,21,5,0,0,5,2,59.38
1050,26.63,131.25,2,28800.0,0.8097,1.0,0.8097,1.0,8.0,8.0,0.0,0.0,2565.56,24.783749,2,1,5,4,21,5,0,1,5,2,45.68
901,15.05,112.62,2,28800.0,0.4421,1.0,0.4421,1.0,2.0,2.0,0.0,0.0,2565.56,24.783749,2,1,11,4,21,5,0,0,5,2,39.08
1005,20.99,125.62,4,28800.0,0.5786,1.0,0.5786,1.0,4.0,4.0,0.0,0.0,2565.56,24.783749,2,1,19,4,21,5,0,0,5,2,31.61
943,12.77,117.88,8,28800.0,0.4054,1.0,0.4054,1.0,2.0,2.0,0.0,0.0,2565.56,24.783749,2,1,4,5,21,5,1,1,5,2,21.93
1050,18.86,131.25,4,28800.0,0.669,1.0,0.669,1.0,4.0,4.0,0.0,0.0,2565.56,24.783749,2,1,7,5,21,5,1,0,5,2,19.63
1050,40.01,131.25,5,28800.0,1.0,1.0,1.0,1.0,5.0,5.0,0.0,0.0,2565.56,24.783749,2,1,20,5,21,5,1,0,5,2,6.05
1050,19.31,131.25,2,28800.0,0.692,1.0,0.692,1.0,2.0,2.0,0.0,0.0,2565.56,24.783749,2,1,22,5,21,5,1,1,5,2,3.83
1009,19.94,145.08,6,25715.625,0.5508,0.8929374999999999,0.6335,1.0,6.0,6.0,0.0,0.0,2627.91,24.783749,3,1,6,6,21,5,1,0,5,2,60.94
1012,42.01,133.1,6,27371.0,0.9504,0.9504,1.0,1.0,6.0,6.0,0.0,0.0,2627.91,24.783749,3,1,14,6,21,5,1,0,5,2,52.57
971,37.52,121.38,3,28800.0,0.9966,1.0,0.9966,1.0,3.0,3.0,0.0,0.0,2627.91,24.783749,3,1,7,0,22,5,0,0,5,2,35.79
1050,40.87,131.25,3,28800.0,1.0,1.0,1.0,1.0,3.0,3.0,0.0,0.0,2627.91,24.783749,2,1,20,0,22,5,0,0,5,2,22.6
889,42.42,111.12,3,28800.0,1.0,1.0,1.0,1.0,3.0,3.0,0.0,0.0,2627.91,24.783749,2,1,23,0,22,5,0,1,5,2,19.89
1050,24.95,137.92,5,27407.0,0.6252,0.9516,0.7884,1.0,6.0,5.0,0.0,0.0,2627.91,24.783749,2,1,6,1,22,5,0,0,5,2,13.35
1050,11.14,138.25,3,27341.0,0.3536,0.9493,0.3725,1.0,3.0,3.0,0.0,0.0,2627.91,24.783749,1,1,14,1,22,5,0,0,5,2,5.07
918,25.75,119.98,4,27545.0,0.7605,0.9564,0.7952,1.0,4.0,4.0,0.0,0.0,2639.95,24.783749,2,1,4,2,22,5,0,1,5,2,34.57
1050,19.66,172.5,3,25715.625,0.6945,0.8929374999999999,0.9128,1.0,3.0,3.0,0.0,0.0,2639.95,24.783749,2,1,7,2,22,5,0,0,5,2,31.5
966,32.0,163.76,3,25715.625,0.7374,0.8929374999999999,1.0,1.0,3.0,3.0,0.0,0.0,2665.12,0.2,2,2,18,2,22,5,0,0,5,2,20.32
1028,34.79,164.11,4,25715.625,0.783,0.8929374999999999,1.0,1.0,4.0,4.0,0.0,0.0,2665.12,0.42,2,2,23,2,22,5,0,1,5,2,15.02
928,24.3,139.59,3,25715.625,0.755,0.8929374999999999,0.9085,1.0,3.0,3.0,0.0,0.0,2665.12,0.95,2,2,12,3,22,5,0,0,5,2,2.42
1050,36.0,158.34,6,25715.625,0.8289,0.8929374999999999,1.0,1.0,6.0,6.0,0.0,0.0,2674.4,1.21,3,2,18,3,22,5,0,0,5,2,45.44
1050,45.95,150.36,3,25715.625,0.8729,0.8929374999999999,1.0,1.0,4.0,4.0,0.0,0.0,2674.4,1.47,3,2,0,4,22,5,0,1,5,2,39.13
890,35.17,133.05,5,25715.625,0.8279,0.8929374999999999,0.9901,1.0,5.0,5.0,0.0,0.0,2706.62,0.23,3,3,13,4,22,5,0,0,5,2,26.74
1050,41.78,173.66124,4,25715.625,0.7236,0.8929374999999999,1.0,1.0,4.0,4.0,0.0,0.0,2706.62,0.35,3,3,16,4,22,5,0,0,5,2,23.76
1050,21.15,173.66124,4,25715.625,0.7295,0.8929374999999999,1.0,1.0,4.0,4.0,0.0,0.0,2706.62,0.66,3,3,23,4,22,5,0,1,5,2,16.31
1005,38.4,144.2,6,25715.625,0.8712,0.8929374999999999,1.0,1.0,6.0,6.0,0.0,0.0,2706.62,1.16,3,3,11,5,22,5,1,0,5,2,4.48
864,10.36,117.36,4,26503.0,0.2895,0.9202,0.3146,1.0,4.0,4.0,0.0,0.0,2706.62,1.26,3,3,14,5,22,5,1,0,5,2,1.86
1050,11.83,164.33,2,25715.625,0.3325,0.8929374999999999,0.4163,1.0,2.0,2.0,0.0,0.0,2908.25,1.66,4,3,23,5,22,5,1,1,5,2,197.76
1050,11.11,131.25,6,28800.0,0.3208,1.0,0.3208,1.0,6.0,6.0,0.0,0.0,2908.25,2.07,3,3,9,6,22,5,1,0,5,2,187.79
992,26.04,124.0,5,28800.0,0.8711,1.0,0.8711,1.0,5.0,5.0,0.0,0.0,2908.25,2.27,3,3,14,6,22,5,1,0,5,2,183.13
807,41.27,100.88,3,28800.0,0.9168,1.0,0.9168,1.0,3.0,3.0,0.0,0.0,2908.25,3.1,3,3,10,0,23,6,0,0,5,2,163.28
931,39.77,116.38,4,28800.0,1.0,1.0,1.0,1.0,4.0,4.0,0.0,0.0,2908.25,3.54,3,3,20,0,23,6,0,0,5,2,152.53
953,42.83,119.12,3,28800.0,1.0,1.0,1.0,1.0,1.0,1.0,0.0,0.0,2908.25,3.85,3,3,4,1,23,6,0,1,5,2,145.21
945,47.88,118.12,3,28800.0,1.0,1.0,1.0,1.0,3.0,3.0,0.0,0.0,2908.25,4.13,3,3,11,1,23,6,0,0,5,2,138.34
980,34.6,122.5,4,28800.0,0.947,1.0,0.947,1.0,4.0,4.0,0.0,0.0,2908.25,4.26,3,3,14,1,23,6,0,0,5,2,135.43
1050,26.48,131.25,1,28800.0,0.8043,1.0,0.8043,1.0,3.0,3.0,0.0,0.0,2908.25,4.69,2,3,0,2,23,6,0,1,5,2,124.91
1047,39.95,130.88,6,28800.0,1.0,1.0,1.0,1.0,6.0,6.0,0.0,0.0,2908.25,4.98,2,3,7,2,23,6,0,0,5,2,118.03
1050,36.2,131.25,5,28800.0,1.0,1.0,1.0,1.0,5.0,5.0,0.0,0.0,2908.25,5.49,2,3,19,2,23,6,0,0,5,2,105.91
972,12.27,121.5,3,28800.0,0.4026,1.0,0.4026,1.0,3.0,2.0,0.0,0.0,2908.25,5.76,2,3,2,3,23,6,0,1,5,2,99.31
1050,35.75,131.25,6,28800.0,1.0,1.0,1.0,1.0,6.0,6.0,0.0,0.0,2908.25,6.06,2,3,9,3,23,6,0,0,5,2,92.09
988,31.99,123.5,4,28800.0,0.8573,1.0,0.8573,1.0,4.0,4.0,0.0,0.0,2908.25,6.31,1,3,15,3,23,6,0,0,5,2,86.14
1025,11.53,128.12,2,28800.0,0.2257,1.0,0.3385,1.0,3.0,2.0,0.0,0.0,2908.25,6.62,1,3,22,3,23,6,0,1,5,2,78.79
1050,13.54,131.25,3,28800.0,0.397,1.0,0.397,1.0,3.0,3.0,0.0,0.0,2908.25,7.05,1,3,9,4,23,6,0,0,5,2,68.28
1050,30.72,131.25,3,28800.0,0.75,1.0,1.0,1.0,4.0,3.0,0.0,0.0,2908.25,7.53,1,3,20,4,23,6,0,0,5,2,56.76
971,16.47,121.38,5,28800.0,0.5415,1.0,0.5415,1.0,6.0,6.0,0.0,0.0,2908.25,7.72,1,3,1,5,23,6,1,1,5,2,52.24
954,21.52,119.25,3,28800.0,0.6774,1.0,0.6774,1.0,3.0,3.0,0.0,0.0,2908.25,8.04,1,3,8,5,23,6,1,0,5,2,44.51
1050,30.41,131.25,3,28800.0,0.75,1.0,1.0,1.0,4.0,3.0,0.0,0.0,2908.25,8.58,0,3,21,5,23,6,1,0,5,2,31.73
1050,21.38,131.25,6,28800.0,0.6406,1.0,0.6406,1.0,2.0,2.0,0.0,0.0,2908.25,8.7,0,3,0,6,23,6,1,1,5,2,28.89
1050,15.96,131.25,5,28800.0,0.5731,1.0,0.5731,1.0,5.0,5.0,0.0,0.0,2908.25,9.23,0,3,13,6,23,6,1,0,5,2,16.09
1042,37.66,130.25,4,28800.0,1.0,1.0,1.0,1.0,4.0,4.0,0.0,0.0,2908.25,9.33,0,3,15,6,23,6,1,0,5,2,13.68
970,13.34,121.25,2,28800.0,0.4476,1.0,0.4476,1.0,5.0,5.0,0.0,0.0,2908.25,9.82,0,3,3,0,24,6,0,1,5,2,1.79
1032,25.54,132.33,3,28076.0,0.8797,0.9749,0.9024,1.0,3.0,3.0,0.0,0.0,2940.01,10.12,1,3,10,0,24,6,0,0,5,2,115.6
961,16.29,121.3,3,28521.0,0.5362,0.9903,0.5415,1.0,3.0,3.0,0.0,0.0,2940.01,10.33,1,3,15,0,24,6,0,0,5,2,110.67
1040,11.09,132.86,5,28179.0,0.308,0.9784,0.3148,1.0,6.0,6.0,0.0,0.0,2940.01,10.87,1,3,4,1,24,6,0,1,5,2,97.77
945,32.73,143.64,5,25715.625,0.8224,0.8929374999999999,1.0,1.0,5.0,5.0,0.0,0.0,2940.01,10.98,1,3,7,1,24,6,0,0,5,2,95.02
898,30.55,131.51,2,25715.625,0.7418,0.8929374999999999,0.869,1.0,2.0,2.0,0.0,0.0,2940.01,11.3,1,4,15,1,24,6,0,0,5,2,87.37
1050,37.24,148.74,6,25715.625,0.8824,0.8929374999999999,1.0,1.0,4.0,4.0,0.0,0.0,2960.62,0.07,1,5,1,2,24,6,0,1,5,2,76.85
991,30.66,145.21,4,25715.625,0.8283,0.8929374999999999,0.9709,1.0,4.0,4.0,0.0,0.0,2960.62,0.43,1,5,10,2,24,6,0,0,5,2,68.28
1002,35.29,138.11,4,26118.0,0.7255,0.9069,1.0,1.0,5.0,4.0,0.0,0.0,2960.62,0.74,1,6,17,2,24,6,0,0,5,2,60.8
1050,30.38,165.84,4,25715.625,0.7914,0.8929374999999999,1.0,1.0,4.0,4.0,0.0,0.0,2974.38,0.41,1,6,4,3,24,6,0,1,5,2,50.1
936,39.65,125.88,5,26768.0,0.9294,0.9294,1.0,1.0,5.0,5.0,0.0,0.0,2974.38,0.56,1,6,8,3,24,6,0,0,5,2,46.42
920,21.15,120.13,6,27570.0,0.5533,0.9573,0.578,1.0,6.0,6.0,0.0,0.0,3019.09,0.33,1,7,17,3,24,6,0,0,5,2,36.85
1004,14.59,132.9,4,27196.0,0.4657,0.9443,0.4932,1.0,5.0,5.0,0.0,0.0,3019.09,0.71,1,7,2,4,24,6,0,1,5,2,27.78
1010,14.45,126.25,6,28800.0,0.4103,1.0,0.4103,1.0,6.0,6.0,0.0,0.0,3019.09,0.92,1,7,7,4,24,6,0,0,5,2,22.65
1050,26.71,131.25,6,28800.0,0.7324,1.0,0.7324,1.0,6.0,6.0,0.0,0.0,3019.09,1.31,1,7,17,4,24,6,0,0,5,2,13.33
1050,36.55,131.25,5,28800.0,1.0,1.0,1.0,1.0,5.0,5.0,0.0,0.0,3019.09,1.57,1,7,23,4,24,6,0,1,5,2,7.1
976,14.66,126.37,2,27804.0,0.4398,0.9654,0.4556,1.0,2.0,2.0,0.0,0.0,3091.39,2.12,2,7,12,5,24,6,1,0,5,2,66.65
751,9.94,96.13,3,28124.0,0.2323,0.9765,0.2379,1.0,3.0,3.0,0.0,0.0,3091.39,2.26,2,7,15,5,24,6,1,0,5,2,63.43
1041,24.0,134.98,4,27764.0,0.6574,0.964,0.682,1.0,2.0,2.0,0.0,0.0,3091.39,2.8,2,7,4,6,24,6,1,1,5,2,50.43
1044,25.29,130.5,2,28800.0,0.8087,1.0,0.8087,1.0,2.0,2.0,0.0,0.0,3091.39,3.11,2,7,12,6,24,6,1,0,5,2,42.98
935,31.62,116.88,2,28800.0,1.0,1.0,1.0,1.0,2.0,2.0,0.0,0.0,3091.39,3.38,2,7,18,6,24,6,1,0,5,2,36.43
987,26.41,123.38,2,28800.0,0.6796,1.0,0.6796,1.0,4.0,4.0,0.0,0.0,3091.39,3.77,2,7,4,0,25,6,0,1,5,2,27.22
885,37.83,110.62,5,28800.0,1.0,1.0,1.0,1.0,5.0,5.0,0.0,0.0,3091.39,3.96,1,7,8,0,25,6,0,0,5,2,22.67
1023,29.28,127.88,4,28800.0,0.624,1.0,0.78,1.0,5.0,4.0,0.0,0.0,3091.39,4.35,1,7,18,0,25,6,0,0,5,2,13.27
941,35.9,117.62,4,28800.0,1.0,1.0,1.0,1.0,4.0,4.0,0.0,0.0,3091.39,4.7,1,7,2,1,25,6,0,1,5,2,4.82
1050,18.21,168.37,4,25715.625,0.599,0.8929374999999999,0.7684,1.0,4.0,4.0,0.0,0.0,3091.39,4.91,2,7,7,1,25,6,0,0,5,2,18.92
997,35.94,151.56,2,25715.625,0.8223,0.8929374999999999,1.0,1.0,2.0,2.0,0.0,0.0,3106.93,5.29,2,7,16,1,25,6,0,0,5,2,9.84
992,17.97,146.43,4,25715.625,0.5879,0.8929374999999999,0.6943,1.0,4.0,4.0,0.0,0.0,3106.93,5.54,2,7,22,1,25,6,0,1,5,2,3.91
893,16.68,114.38,2,28106.0,0.4099,0.9759,0.42,1.0,2.0,2.0,0.0,0.0,3172.85,5.85,3,7,6,2,25,6,0,0,5,2,62.86
882,23.27,114.04,3,27844.0,0.6851,0.9668,0.7086,1.0,3.0,3.0,0.0,0.0,3172.85,6.29,3,7,16,2,25,6,0,0,5,2,52.36
1001,46.46,128.77,2,27985.0,0.9717,0.9717,1.0,1.0,4.0,4.0,0.0,0.0,3172.85,6.77,3,7,4,3,25,6,0,1,5,2,40.81
982,18.56,122.75,5,28800.0,0.5684,1.0,0.5684,1.0,5.0,5.0,0.0,0.0,3172.85,6.86,3,7,6,3,25,6,0,0,5,2,38.71
879,39.07,109.88,6,28800.0,1.0,1.0,1.0,1.0,6.0,6.0,0.0,0.0,3172.85,7.31,3,7,17,3,25,6,0,0,5,2,27.77
1050,38.99,131.25,4,28800.0,1.0,1.0,1.0,1.0,4.0,4.0,0.0,0.0,3172.85,7.65,3,7,1,4,25,6,0,1,5,2,19.74
1050,32.56,143.49,3,26344.0,0.8906,0.9147,0.9737,1.0,3.0,3.0,0.0,0.0,3172.85,7.86,3,7,6,4,25,6,0,0,5,2,14.76
903,34.9,118.67,5,27393.0,0.9511,0.9511,1.0,1.0,5.0,5.0,0.0,0.0,3172.85,8.42,3,7,19,4,25,6,0,0,5,2,1.14
990,12.18,127.88,4,27870.0,0.3513,0.9677,0.363,1.0,7.0,7.0,0.0,0.0,3195.25,8.67,4,7,1,5,25,6,1,1,5,2,54.08
836,19.39,139.08,3,25715.625,0.324,0.8929374999999999,0.5749,1.0,4.0,3.0,0.0,0.0,3195.25,9.0,3,7,9,5,25,6,1,0,5,2,46.13
1050,40.2,147.73,6,25715.625,0.8885,0.8929374999999999,1.0,1.0,6.0,6.0,0.0,0.0,3195.25,9.29,3,6,16,5,25,6,1,0,5,2,39.21
1050,20.68,171.25,7,25715.625,0.7,0.8929374999999999,0.9133,1.0,3.0,3.0,0.0,0.0,3195.25,9.62,3,7,0,6,25,6,1,1,5,2,31.19
1050,17.53,131.25,5,28800.0,0.5028,1.0,0.5028,1.0,5.0,5.0,0.0,0.0,3225.78,0.35,3,7,9,6,25,6,1,0,5,2,22.04
1009,38.23,126.12,3,28800.0,1.0,1.0,1.0,1.0,3.0,3.0,0.0,0.0,3225.78,0.59,3,7,15,6,25,6,1,0,5,2,16.43
901,38.47,112.62,3,28800.0,1.0,1.0,1.0,1.0,4.0,4.0,0.0,0.0,3225.78,1.15,3,7,5,0,26,6,0,1,5,2,2.83
1050,12.35,163.09,4,25715.625,0.3252,0.8929374999999999,0.5051,1.0,5.0,4.0,0.0,0.0,3225.78,1.34,4,7,9,0,26,6,0,0,5,2,80.18
913,16.06,147.02,5,25715.625,0.432,0.8929374999999999,0.5566,1.0,5.0,5.0,0.0,0.0,3303.74,1.61,4,7,15,0,26,6,0,0,5,2,73.78
1050,13.33,131.25,5,28800.0,0.4648,1.0,0.4648,1.0,5.0,5.0,0.0,0.0,3303.74,2.27,3,7,7,1,26,6,0,0,5,2,57.88
980,9.98,122.5,3,28800.0,0.2797,1.0,0.2797,1.0,3.0,3.0,0.0,0.0,3303.74,2.85,3,7,21,1,26,6,0,0,5,2,43.95
923,14.45,115.38,5,28800.0,0.4455,1.0,0.4455,1.0,1.0,1.0,0.0,0.0,3303.74,3.01,3,7,1,2,26,6,0,1,5,2,40.01
1047,16.13,130.88,2,28800.0,0.4621,1.0,0.4621,1.0,2.0,2.0,0.0,0.0,3303.74,3.31,2,7,8,2,26,6,0,0,5,2,32.93
814,18.56,101.75,6,28800.0,0.5158,1.0,0.5158,1.0,6.0,6.0,0.0,0.0,3303.74,3.6,2,7,15,2,26,6,0,0,5,2,26.05
967,25.12,120.88,1,28800.0,0.7887,1.0,0.7887,1.0,6.0,6.0,0.0,0.0,3303.74,3.96,2,7,0,3,26,6,0,1,5,2,17.33
1050,14.75,150.66,6,25715.625,0.4145,0.8929374999999999,0.4758,1.0,6.0,6.0,0.0,0.0,3303.74,4.46,2,7,12,3,26,6,0,0,5,2,5.3
934,18.97,134.99,6,25715.625,0.4732,0.8929374999999999,0.5471,1.0,6.0,6.0,0.0,0.0,3303.74,4.55,2,7,14,3,26,6,0,0,5,2,3.23
968,22.27,137.06,6,25715.625,0.5653,0.8929374999999999,0.6404,1.0,2.0,2.0,0.0,0.0,3313.68,5.04,3,7,2,4,26,6,0,1,5,2,3.73
931,20.67,138.39,5,25715.625,0.4881,0.8929374999999999,0.6965,1.0,6.0,5.0,0.0,0.0,3313.68,5.26,4,7,7,4,26,6,0,0,5,2,17.67
958,51.25,130.15,4,26498.0,0.9201,0.9201,1.0,1.0,4.0,4.0,0.0,0.0,3329.78,5.85,3,6,21,4,26,6,0,0,5,2,3.5
1050,22.36,160.54,2,25715.625,0.6216,0.8929374999999999,0.7603,1.0,2.0,2.0,0.0,0.0,3329.78,5.98,3,6,1,5,26,6,1,1,5,2,0.22
901,22.85,123.14,6,26341.0,0.5737,0.9146,0.6273,1.0,6.0,6.0,0.0,0.0,3373.29,6.28,4,6,8,5,26,6,1,0,5,2,39.81
1016,48.49,155.71,6,25715.625,0.8156,0.8929374999999999,1.0,1.0,6.0,6.0,0.0,0.0,3373.29,6.78,4,6,20,5,26,6,1,0,5,2,27.86
1050,16.89,162.34,2,25715.625,0.5385,0.8929374999999999,0.666,1.0,4.0,4.0,0.0,0.0,3373.29,6.99,4,6,1,6,26,6,1,1,5,2,22.61
1050,27.53,135.49,4,27899.0,0.8972,0.9687,0.9262,1.0,4.0,4.0,0.0,0.0,3373.29,7.31,4,5,8,6,26,6,1,0,5,2,14.96
866,29.19,111.09,4,28064.0,0.7554,0.9744,0.7752,1.0,4.0,4.0,0.0,0.0,3373.29,7.89,4,5,22,6,26,6,1,1,5,2,1.24
1008,9.79,126.0,2,28800.0,0.321,1.0,0.321,1.0,2.0,2.0,0.0,0.0,3415.18,8.21,5,5,6,0,27,6,0,0,5,2,235.72
1020,22.87,127.5,6,28800.0,0.7416,1.0,0.7416,1.0,6.0,6.0,0.0,0.0,3415.18,8.74,4,5,19,0,27,6,0,0,5,2,222.94
1018,15.55,127.25,3,28800.0,0.3892,1.0,0.5189,1.0,4.0,3.0,0.0,0.0,3415.18,8.88,4,5,22,0,27,6,0,1,5,2,219.59
1025,37.58,128.94,3,28617.0,0.9936,0.9936,1.0,1.0,3.0,3.0,0.0,0.0,3415.18,9.43,4,5,11,1,27,6,0,0,5,2,206.49
1050,26.18,132.08,5,28618.0,0.9395,0.9937,0.9455,1.0,5.0,5.0,0.0,0.0,3614.9,9.74,4,5,19,1,27,6,0,0,5,2,199.0
1050,13.01,131.79,7,28682.0,0.4226,0.9959,0.4243,1.0,6.0,6.0,0.0,0.0,3614.9,10.01,4,5,1,2,27,7,0,1,5,2,192.45
1050,15.47,131.25,4,28800.0,0.3491,1.0,0.4364,1.0,5.0,4.0,0.0,0.0,3614.9,10.47,4,5,12,2,27,7,0,0,5,2,181.4
1009,22.7,126.12,3,28800.0,0.6145,1.0,0.6145,1.0,3.0,3.0,0.0,0.0,3614.9,10.85,4,5,21,2,27,7,0,0,5,2,172.4
972,26.7,121.5,6,28800.0,0.78,1.0,0.78,1.0,6.0,6.0,0.0,0.0,3614.9,10.87,4,5,22,2,27,7,0,1,5,2,171.92
977,33.3,122.12,2,28800.0,1.0,1.0,1.0,1.0,2.0,2.0,0.0,0.0,3614.9,11.42,4,5,11,3,27,7,0,0,5,2,158.62
1046,30.38,130.75,5,28800.0,1.0,1.0,1.0,1.0,5.0,5.0,0.0,0.0,3614.9,11.57,4,5,14,3,27,7,0,0,5,2,155.2
990,9.31,123.75,4,28800.0,0.2812,1.0,0.2812,1.0,3.0,3.0,0.0,0.0,3614.9,11.95,3,5,0,4,27,7,0,1,5,2,145.97
1050,24.47,131.25,3,28800.0,0.8739,1.0,0.8739,1.0,3.0,3.0,0.0,0.0,3614.9,12.51,2,5,13,4,27,7,0,0,5,2,132.55
1050,29.17,131.25,2,28800.0,0.9629,1.0,0.9629,1.0,2.0,2.0,0.0,0.0,3614.9,12.54,2,5,14,4,27,7,0,0,5,2,131.87
993,28.19,124.12,3,28800.0,0.8916,1.0,0.8916,1.0,3.0,3.0,0.0,0.0,3614.9,12.91,2,5,23,4,27,7,0,1,5,2,122.87
1050,36.43,131.25,4,28800.0,1.0,1.0,1.0,1.0,4.0,4.0,0.0,0.0,3614.9,13.38,1,5,10,5,27,7,1,0,5,2,111.75
1050,11.63,131.25,5,28800.0,0.4094,1.0,0.4094,1.0,5.0,5.0,0.0,0.0,3614.9,13.64,1,5,16,5,27,7,1,0,5,2,105.45
1050,23.22,131.25,3,28800.0,0.6694,1.0,0.6694,1.0,3.0,3.0,0.0,0.0,3614.9,13.9,1,5,23,5,27,7,1,1,5,2,99.19
918,32.0,114.75,5,28800.0,0.801,1.0,0.801,1.0,5.0,5.0,0.0,0.0,3614.9,14.26,1,5,7,6,27,7,1,0,5,2,90.49
977,12.04,122.12,4,28800.0,0.3101,1.0,0.3101,1.0,4.0,4.0,0.0,0.0,3614.9,14.6,1,5,15,6,27,7,1,0,5,2,82.27
929,38.7,116.12,3,28800.0,0.9445,1.0,0.9445,1.0,3.0,3.0,0.0,0.0,3614.9,15.28,0,5,8,0,28,7,0,0,5,2,65.99
1050,44.37,131.25,6,28800.0,1.0,1.0,1.0,1.0,6.0,6.0,0.0,0.0,3614.9,15.6,0,5,15,0,28,7,0,0,5,2,58.49
1050,42.44,131.25,4,28800.0,1.0,1.0,1.0,1.0,4.0,4.0,0.0,0.0,3614.9,16.24,0,5,7,1,28,7,0,0,5,2,43.02
1036,38.47,129.5,2,28800.0,1.0,1.0,1.0,1.0,2.0,2.0,0.0,0.0,3614.9,16.64,0,5,16,1,28,7,0,0,5,2,33.39
1035,9.32,129.38,5,28800.0,0.3303,1.0,0.3303,1.0,2.0,2.0,0.0,0.0,3614.9,17.1,0,5,3,2,28,7,0,1,5,2,22.27
1050,18.9,131.25,4,28800.0,0.6468,1.0,0.6468,1.0,4.0,4.0,0.0,0.0,3614.9,17.42,0,5,11,2,28,7,0,0,5,2,14.77
1033,41.46,129.12,4,28800.0,1.0,1.0,1.0,1.0,4.0,4.0,0.0,0.0,3614.9,17.81,0,5,20,2,28,7,0,0,5,2,5.35
926,36.55,115.75,2,28800.0,1.0,1.0,1.0,1.0,2.0,2.0,0.0,0.0,3614.9,17.87,0,5,22,2,28,7,0,1,5,2,3.85
962,38.02,127.15,2,27238.0,0.9458,0.9458,1.0,1.0,2.0,2.0,0.0,0.0,3681.16,18.35,1,5,9,3,28,7,0,0,5,2,87.59
1050,20.4,149.24,4,25715.625,0.6884,0.8929374999999999,0.7827,1.0,4.0,4.0,0.0,0.0,3681.16,18.72,1,4,18,3,28,7,0,0,5,2,78.74
1030,50.96,147.27,4,25715.625,0.8742,0.8929374999999999,1.0,1.0,4.0,4.0,0.0,0.0,3681.16,18.86,1,4,22,3,28,7,0,1,5,2,75.47
1050,16.5,131.25,2,28800.0,0.5465,1.0,0.5465,1.0,2.0,2.0,0.0,0.0,3681.16,19.31,1,3,8,4,28,7,0,0,5,2,64.66
912,15.96,114.0,4,28800.0,0.4041,1.0,0.4041,1.0,4.0,4.0,0.0,0.0,3681.16,19.53,1,3,14,4,28,7,0,0,5,2,59.37
1050,40.71,131.25,3,28800.0,0.75,1.0,1.0,1.0,1.0,1.0,0.0,0.0,3681.16,19.98,1,2,0,5,28,7,1,1,5,2,48.62
996,17.74,140.99,3,25715.625,0.5586,0.8929374999999999,0.6325,1.0,3.0,3.0,0.0,0.0,3681.16,20.51,1,1,13,5,28,7,1,0,5,2,35.72
909,35.99,123.33,5,26534.0,0.8664,0.9213,0.9404,1.0,5.0,5.0,0.0,0.0,3681.16,20.56,1,1,14,5,28,7,1,0,5,2,34.69
911,24.52,121.61,1,26968.0,0.7538,0.9364,0.805,1.0,1.0,1.0,0.0,0.0,3681.16,20.88,1,2,22,5,28,7,1,1,5,2,26.89
1050,35.13,131.25,6,28800.0,1.0,1.0,1.0,1.0,6.0,6.0,0.0,0.0,3705.55,0.39,1,2,10,6,28,7,1,0,5,2,15.12
949,41.79,118.62,1,28800.0,0.5,1.0,1.0,1.0,2.0,1.0,0.0,0.0,3705.55,0.56,1,2,14,6,28,7,1,0,5,2,10.89
1050,21.0,143.18,5,26401.0,0.5894,0.9167,0.7716,1.0,6.0,5.0,0.0,0.0,3718.53,1.24,2,2,6,0,29,7,0,0,5,2,8.02
979,36.56,138.08,2,25715.625,0.8863,0.8929374999999999,1.0,1.0,2.0,2.0,0.0,0.0,3718.53,1.58,2,2,14,0,29,7,0,0,5,2,0.0
926,28.58,127.06,2,26236.0,0.8624,0.911,0.9466,1.0,3.0,3.0,0.0,0.0,3779.69,2.01,3,2,1,1,29,7,0,1,5,2,52.56
1050,24.0,131.25,6,28800.0,0.6719,1.0,0.6719,1.0,6.0,6.0,0.0,0.0,3779.69,2.27,3,2,7,1,29,7,0,0,5,2,46.28
1050,19.6,131.25,6,28800.0,0.5808,1.0,0.5808,1.0,6.0,6.0,0.0,0.0,3779.69,2.86,3,2,21,1,29,7,0,0,5,2,32.08
1044,45.95,130.5,3,28800.0,1.0,1.0,1.0,1.0,2.0,2.0,0.0,0.0,3779.69,2.99,3,2,0,2,29,7,0,1,5,2,28.98
1028,25.86,128.5,3,28800.0,0.6871,1.0,0.6871,1.0,3.0,3.0,0.0,0.0,3779.69,3.23,3,2,6,2,29,7,0,0,5,2,23.25
1034,48.93,129.25,6,28800.0,1.0,1.0,1.0,1.0,6.0,6.0,0.0,0.0,3779.69,3.77,3,2,19,2,29,7,0,0,5,2,10.33
1050,20.32,131.25,2,28800.0,0.6708,1.0,0.6708,1.0,3.0,3.0,0.0,0.0,3779.69,4.08,2,2,2,3,29,7,0,1,5,2,2.96
1033,39.69,129.12,5,28800.0,1.0,1.0,1.0,1.0,5.0,5.0,0.0,0.0,3779.69,4.26,2,2,7,3,29,7,0,0,5,2,49.51
996,36.96,124.5,4,28800.0,1.0,1.0,1.0,1.0,4.0,4.0,0.0,0.0,3826.96,4.79,2,2,20,3,29,7,0,0,5,2,36.61
926,38.35,115.75,3,28800.0,1.0,1.0,1.0,1.0,5.0,5.0,0.0,0.0,3826.96,5.19,2,2,5,4,29,7,0,1,5,2,27.09
1011,42.72,126.38,2,28800.0,1.0,1.0,1.0,1.0,2.0,2.0,0.0,0.0,3826.96,5.39,2,2,10,4,29,7,0,0,5,2,22.36
1050,39.86,131.25,3,28800.0,0.75,1.0,1.0,1.0,4.0,3.0,0.0,0.0,3826.96,5.67,2,2,17,4,29,7,0,0,5,2,15.56
1050,35.94,131.25,5,28800.0,1.0,1.0,1.0,1.0,5.0,5.0,0.0,0.0,3826.96,6.09,2,2,3,5,29,7,1,1,5,2,5.59
984,16.67,133.76,3,26484.0,0.5286,0.9196,0.5748,1.0,3.0,3.0,0.0,0.0,3896.96,6.53,3,2,13,5,29,7,1,0,5,2,139.85
1050,40.34,142.37,1,26551.0,0.461,0.9219,1.0,1.0,2.0,1.0,0.0,0.0,3896.96,6.85,3,2,21,5,29,7,1,0,5,2,132.18
1050,15.2,138.88,5,27217.0,0.4888,0.945,0.5173,1.0,4.0,4.0,0.0,0.0,3896.96,6.97,3,2,0,6,29,7,1,1,5,2,129.1
1023,29.62,127.88,2,28800.0,1.0,1.0,1.0,1.0,2.0,2.0,0.0,0.0,3896.96,7.26,3,2,7,6,29,7,1,0,5,2,122.2
968,11.82,121.0,4,28800.0,0.3156,1.0,0.3156,1.0,4.0,4.0,0.0,0.0,3896.96,7.83,3,2,21,6,29,7,1,0,5,2,108.55
1007,23.21,125.88,4,28800.0,0.7647,1.0,0.7647,1.0,3.0,3.0,0.0,0.0,3896.96,8.03,2,2,1,0,30,7,0,1,5,2,103.76
1050,26.59,131.25,4,28800.0,0.6271,1.0,0.7839,1.0,5.0,4.0,0.0,0.0,3896.96,8.23,2,2,6,0,30,7,0,0,5,2,99.01
901,14.46,112.62,6,28800.0,0.3645,1.0,0.3645,1.0,6.0,6.0,0.0,0.0,3896.96,8.69,1,2,17,0,30,7,0,0,5,2,87.83
1044,39.4,130.5,3,28800.0,1.0,1.0,1.0,1.0,5.0,5.0,0.0,0.0,3896.96,9.03,1,1,1,1,30,7,0,1,5,2,79.71
990,11.26,133.43,6,26711.0,0.34,0.9275,0.3666,1.0,6.0,6.0,0.0,0.0,3952.01,0.02,1,2,12,1,30,7,0,0,5,2,69.11
815,15.97,108.2,3,27116.0,0.4089,0.9415,0.4343,1.0,3.0,3.0,0.0,0.0,3952.01,0.15,1,2,15,1,30,7,0,0,5,2,65.96
1050,31.28,145.57,5,25967.0,0.9016,0.9016,1.0,1.0,5.0,5.0,0.0,0.0,3952.01,0.69,1,2,4,2,30,7,0,1,5,2,53.11
974,40.76,121.75,2,28800.0,0.6667,1.0,1.0,1.0,3.0,2.0,0.0,0.0,3952.01,1.05,1,2,13,2,30,7,0,0,5,2,44.25
1050,51.01,131.25,5,28800.0,0.8333,1.0,1.0,1.0,6.0,5.0,0.0,0.0,3952.01,1.11,1,2,14,2,30,7,0,0,5,2,42.96
878,39.99,109.75,5,28800.0,1.0,1.0,1.0,1.0,2.0,2.0,0.0,0.0,3952.01,1.68,1,2,4,3,30,7,0,1,5,2,29.15
1050,27.91,155.61,2,25715.625,0.8434,0.8929374999999999,1.0,1.0,2.0,2.0,0.0,0.0,3952.01,1.87,1,2,8,3,30,7,0,0,5,2,24.76
789,24.99,118.93,4,25715.625,0.6506,0.8929374999999999,0.7846,1.0,4.0,4.0,0.0,0.0,3952.01,2.09,1,2,14,3,30,7,0,0,5,2,19.46
862,26.34,133.62,2,25715.625,0.7393,0.8929374999999999,0.9168,1.0,2.0,2.0,0.0,0.0,3962.7,0.05,1,3,23,3,30,7,0,1,5,2,9.56
1050,9.68,136.01,3,27792.0,0.3358,0.965,0.348,1.0,3.0,3.0,0.0,0.0,3962.7,0.35,1,3,7,4,30,7,0,0,5,2,2.25
1050,33.24,137.52,3,27486.0,0.9544,0.9544,1.0,1.0,3.0,3.0,0.0,0.0,4010.36,0.65,2,3,14,4,30,7,0,0,5,2,171.05
1050,9.86,136.76,6,27639.0,0.3267,0.9597,0.3404,1.0,7.0,7.0,0.0,0.0,4010.36,1.22,2,3,4,5,30,7,1,1,5,2,157.34
977,35.98,122.12,3,28800.0,0.9855,1.0,0.9855,1.0,3.0,3.0,0.0,0.0,4010.36,1.42,1,3,8,5,30,7,1,0,5,2,152.45
1050,18.84,131.25,7,28800.0,0.6501,1.0,0.6501,1.0,3.0,3.0,0.0,0.0,4010.36,2.09,1,3,1,6,30,7,1,1,5,2,136.29
918,25.3,127.32,4,25956.0,0.6983,0.9012,0.7749,1.0,4.0,4.0,0.0,0.0,4010.36,2.34,1,3,7,6,30,7,1,0,5,2,130.3
1050,19.89,173.66124,2,25715.625,0.556,0.8929374999999999,0.7663,1.0,2.0,2.0,0.0,0.0,4132.81,0.14,1,4,18,6,30,7,1,0,5,2,119.02
1050,36.47,163.44,3,25715.625,0.8031,0.8929374999999999,1.0,1.0,6.0,6.0,0.0,0.0,4132.81,0.52,1,4,3,0,31,7,0,1,5,2,110.05
840,33.23,105.0,2,28800.0,0.8193,1.0,0.8193,1.0,2.0,2.0,0.0,0.0,4132.81,0.86,1,4,11,0,31,7,0,0,5,2,101.85
957,27.17,119.62,6,28800.0,0.7962,1.0,0.7962,1.0,6.0,6.0,0.0,0.0,4132.81,1.02,1,4,15,0,31,7,0,0,5,2,97.89
978,30.13,122.25,6,28800.0,0.8632,1.0,0.8632,1.0,5.0,5.0,0.0,0.0,4132.81,1.49,1,4,2,1,31,7,0,1,5,2,86.67
1050,21.87,131.25,5,28800.0,0.7649,1.0,0.7649,1.0,5.0,5.0,0.0,0.0,4132.81,1.94,1,4,13,1,31,7,0,0,5,2,75.89
999,16.38,124.88,5,28800.0,0.4379,1.0,0.5255,1.0,6.0,5.0,0.0,0.0,4132.81,2.07,1,4,16,1,31,7,0,0,5,2,72.72
1003,29.55,125.38,5,28800.0,0.9724,1.0,0.9724,1.0,2.0,2.0,0.0,0.0,4132.81,2.43,1,4,1,2,31,7,0,1,5,2,64.2
1050,22.46,131.25,4,28800.0,0.7999,1.0,0.7999,1.0,4.0,4.0,0.0,0.0,4132.81,2.65,1,4,6,2,31,7,0,0,5,2,58.85
928,25.52,116.0,3,28800.0,0.4597,1.0,0.6129,1.0,4.0,3.0,0.0,0.0,4132.81,3.01,1,4,15,2,31,7,0,0,5,2,50.3
827,12.12,103.38,2,28800.0,0.28,1.0,0.28,1.0,3.0,3.0,0.0,0.0,4132.81,3.45,1,4,1,3,31,7,0,1,5,2,39.67
1050,8.87,131.25,5,28800.0,0.2982,1.0,0.2982,1.0,5.0,5.0,0.0,0.0,4132.81,3.7,1,4,7,3,31,7,0,0,5,2,33.69
1050,19.17,131.25,4,28800.0,0.6982,1.0,0.6982,1.0,4.0,4.0,0.0,0.0,4132.81,4.13,1,4,18,3,31,7,0,0,5,2,23.4
1050,23.98,131.25,3,28800.0,0.6559,1.0,0.6559,1.0,3.0,3.0,0.0,0.0,4132.81,4.32,1,4,22,3,31,7,0,1,5,2,18.87
1050,10.36,141.95,2,26630.0,0.3285,0.9247,0.3553,1.0,2.0,2.0,0.0,0.0,4132.81,4.7,1,4,7,4,31,7,0,0,5,2,9.57
785,36.41,98.12,6,28800.0,0.7414,1.0,0.7414,1.0,6.0,6.0,0.0,0.0,34.65,,0,0,8,6,5,2,1,0,4,2,51.48
695,34.75,86.88,5,28800.0,0.6364,1.0,0.6364,1.0,5.0,5.0,0.0,0.0,34.65,,0,0,19,6,5,2,1,0,4,2,40.36
866,28.43,133.22,2,25715.625,0.8126,0.8929374999999999,1.0,1.0,2.0,2.0,0.0,0.0,34.65,,0,1,11,0,6,2,0,0,4,2,24.16
794,15.69,125.78,6,25715.625,0.3347,0.8929374999999999,0.4242,1.0,6.0,6.0,0.0,0.0,55.36,0.09,0,1,17,0,6,2,0,0,4,2,18.45
741,14.29,96.05,3,27774.0,0.308,0.9644,0.3194,1.0,3.0,3.0,0.0,0.0,55.36,0.78,0,1,9,1,6,2,0,0,4,2,2.0
774,25.4,105.63,2,26380.0,0.6786,0.916,0.7408,1.0,2.0,2.0,0.0,0.0,211.93,1.15,1,1,18,1,6,2,0,0,4,2,207.29
771,20.87,105.0,3,26434.0,0.4915,0.9178,0.5355,1.0,4.0,4.0,0.0,0.0,211.93,1.41,1,1,0,2,6,2,0,1,4,2,201.17
705,10.34,88.12,2,28800.0,0.2206,1.0,0.2206,1.0,2.0,2.0,0.0,0.0,211.93,1.86,1,1,11,2,6,2,0,0,4,2,190.29
694,41.43,86.75,5,28800.0,0.9511,1.0,0.9511,1.0,5.0,5.0,0.0,0.0,211.93,2.21,1,1,19,2,6,2,0,0,4,2,182.02
760,42.61,95.0,4,28800.0,1.0,1.0,1.0,1.0,3.0,3.0,0.0,0.0,211.93,2.6,1,1,5,3,6,2,0,1,4,2,172.67
694,26.13,86.75,3,28800.0,0.4621,1.0,0.6162,1.0,4.0,3.0,0.0,0.0,211.93,2.72,1,1,8,3,6,2,0,0,4,2,169.75
707,18.02,88.38,5,28800.0,0.4195,1.0,0.4195,1.0,5.0,5.0,0.0,0.0,211.93,3.04,1,1,16,3,6,2,0,0,4,2,161.92
605,35.54,75.62,3,28800.0,0.7109,1.0,0.7109,1.0,3.0,3.0,0.0,0.0,211.93,3.46,1,1,2,4,6,2,0,1,4,2,152.0
724,28.16,90.5,4,28800.0,0.6458,1.0,0.6458,1.0,4.0,4.0,0.0,0.0,211.93,3.76,1,1,9,4,6,2,0,0,4,2,144.7
866,27.61,108.25,5,28800.0,0.7181,1.0,0.7181,1.0,5.0,5.0,0.0,0.0,211.93,4.02,1,1,15,4,6,2,0,0,4,2,138.45
692,30.38,86.5,3,28800.0,0.619,1.0,0.619,1.0,4.0,4.0,0.0,0.0,211.93,4.44,1,1,1,5,6,2,1,1,4,2,128.42
725,28.94,90.62,3,28800.0,0.684,1.0,0.684,1.0,3.0,3.0,0.0,0.0,211.93,4.69,1,1,7,5,6,2,1,0,4,2,122.34
907,36.77,113.38,3,28800.0,1.0,1.0,1.0,1.0,3.0,3.0,0.0,0.0,211.93,4.98,1,1,14,5,6,2,1,0,4,2,115.44
681,14.58,85.12,4,28800.0,0.2641,1.0,0.2641,1.0,2.0,2.0,0.0,0.0,211.93,5.45,1,1,1,6,6,2,1,1,4,2,104.17
804,37.89,100.5,4,28800.0,1.0,1.0,1.0,1.0,4.0,4.0,0.0,0.0,211.93,5.84,1,1,11,6,6,2,1,0,4,2,94.77
760,30.64,95.0,4,28800.0,0.4029,1.0,0.6043,1.0,6.0,4.0,0.0,0.0,211.93,6.15,1,1,18,6,6,2,1,0,4,2,87.44
809,24.04,101.12,2,28800.0,0.6514,1.0,0.6514,1.0,2.0,2.0,0.0,0.0,211.93,6.3,1,1,22,6,6,2,1,1,4,2,83.65
636,41.68,79.5,4,28800.0,0.7164,1.0,0.7164,1.0,4.0,4.0,0.0,0.0,211.93,6.67,1,1,7,0,7,2,0,0,4,2,74.8
776,36.92,97.0,3,28800.0,0.966,1.0,0.966,1.0,3.0,3.0,0.0,0.0,211.93,7.17,1,1,19,0,7,2,0,0,4,2,62.85
819,23.46,102.38,3,28800.0,0.5724,1.0,0.5724,1.0,3.0,3.0,0.0,0.0,211.93,7.42,1,1,1,1,7,2,0,1,4,2,56.95
817,13.69,109.81,3,26785.0,0.299,0.93,0.3215,1.0,3.0,3.0,0.0,0.0,266.92,7.71,2,1,8,1,7,2,0,0,4,2,49.87
732,17.99,95.25,4,27665.0,0.345,0.9606,0.3591,1.0,4.0,4.0,0.0,0.0,266.92,8.23,1,1,20,1,7,2,0,0,4,2,37.39
745,14.99,99.22,3,27031.0,0.3384,0.9386,0.3605,1.0,5.0,5.0,0.0,0.0,266.92,8.61,1,1,5,2,7,2,0,1,4,2,28.25
701,23.83,87.62,2,28800.0,0.4527,1.0,0.4527,1.0,2.0,2.0,0.0,0.0,266.92,8.68,1,1,7,2,7,2,0,0,4,2,26.72
832,19.28,104.0,6,28800.0,0.5012,1.0,0.5012,1.0,6.0,6.0,0.0,0.0,266.92,9.11,1,1,17,2,7,2,0,0,4,2,16.34
837,9.21,104.62,5,28800.0,0.2328,1.0,0.2328,1.0,5.0,5.0,0.0,0.0,266.92,9.37,1,1,23,2,7,2,0,1,4,2,10.05
819,47.91,111.36,4,26477.0,0.9193,0.9193,1.0,1.0,4.0,4.0,0.0,0.0,266.92,9.86,2,1,11,3,7,2,0,0,4,2,572.42
781,33.54,108.69,1,25868.0,0.4469,0.8982,0.9951,1.0,2.0,1.0,0.0,0.0,334.78,10.15,2,1,18,3,7,2,0,0,4,2,565.47
694,48.44,95.77,6,26087.0,0.9058,0.9058,1.0,1.0,6.0,6.0,0.0,0.0,334.78,10.3,2,1,22,3,7,2,0,1,4,2,561.84
794,23.07,99.25,5,28800.0,0.5677,1.0,0.5677,1.0,5.0,5.0,0.0,0.0,334.78,10.89,2,1,12,4,7,2,0,0,4,2,547.54
686,42.93,85.75,4,28800.0,0.8222,1.0,0.8222,1.0,4.0,4.0,0.0,0.0,334.78,11.22,2,1,20,4,7,2,0,0,4,2,539.66
813,18.52,101.62,3,28800.0,0.52,1.0,0.52,1.0,3.0,3.0,0.0,0.0,334.78,11.32,2,1,22,4,7,2,0,1,4,2,537.32
647,40.61,80.88,5,28800.0,0.7744,1.0,0.7744,1.0,5.0,5.0,0.0,0.0,334.78,11.82,2,1,10,5,7,2,1,0,4,2,525.34
768,19.14,96.0,3,28800.0,0.5051,1.0,0.5051,1.0,5.0,5.0,0.0,0.0,334.78,12.58,2,1,5,6,7,2,1,1,4,2,507.01
820,9.69,105.72,4,27923.0,0.1526,0.9695,0.2361,1.0,6.0,4.0,0.0,0.0,334.78,12.65,2,1,6,6,7,2,1,0,4,2,505.29
750,42.97,95.98,6,28131.0,0.9662,0.9768,0.9891,1.0,6.0,6.0,0.0,0.0,493.96,13.14,3,1,18,6,7,2,1,0,4,2,493.57
710,26.67,90.12,5,28362.0,0.5929,0.9848,0.6021,1.0,3.0,3.0,0.0,0.0,493.96,13.55,3,1,4,0,8,2,0,1,4,2,483.69
824,37.6,103.0,6,28800.0,0.8017,1.0,0.8017,1.0,6.0,6.0,0.0,0.0,493.96,13.72,3,1,8,0,8,2,0,0,4,2,479.71
730,19.19,91.25,4,28800.0,0.4497,1.0,0.4497,1.0,4.0,4.0,0.0,0.0,493.96,14.28,3,1,21,0,8,2,0,0,4,2,466.26
740,48.83,92.5,3,28800.0,1.0,1.0,1.0,1.0,4.0,4.0,0.0,0.0,493.96,14.38,3,1,0,1,8,2,0,1,4,2,463.91
745,29.87,93.12,6,28800.0,0.6847,1.0,0.6847,1.0,6.0,6.0,0.0,0.0,493.96,14.64,2,1,6,1,8,2,0,0,4,2,457.59
678,37.56,84.75,2,28800.0,0.5866,1.0,0.8798,1.0,3.0,2.0,0.0,0.0,493.96,15.06,2,1,16,1,8,2,0,0,4,2,447.47
707,43.99,88.38,4,28800.0,0.9405,1.0,0.9405,1.0,4.0,4.0,0.0,0.0,493.96,15.35,2,1,23,1,8,2,0,1,4,2,440.67
784,12.98,98.0,3,28800.0,0.2714,1.0,0.2714,1.0,3.0,3.0,0.0,0.0,493.96,15.81,2,1,10,2,8,2,0,0,4,2,429.44
731,38.45,91.38,3,28800.0,0.9252,1.0,0.9252,1.0,3.0,3.0,0.0,0.0,493.96,16.07,2,1,16,2,8,2,0,0,4,2,423.41
813,13.73,101.62,4,28800.0,0.3173,1.0,0.3173,1.0,1.0,1.0,0.0,0.0,493.96,16.5,2,1,3,3,8,2,0,1,4,2,412.86
885,16.57,110.62,5,28800.0,0.3896,1.0,0.3896,1.0,5.0,5.0,0.0,0.0,493.96,16.87,1,1,11,3,8,2,0,0,4,2,404.06
752,25.15,94.0,2,28800.0,0.5747,1.0,0.5747,1.0,2.0,2.0,0.0,0.0,493.96,17.16,1,1,18,3,8,2,0,0,4,2,397.04
808,49.61,101.0,1,28800.0,1.0,1.0,1.0,1.0,4.0,4.0,0.0,0.0,493.96,17.49,1,1,2,4,8,2,0,1,4,2,389.14
705,36.24,88.12,6,28800.0,0.7997,1.0,0.7997,1.0,6.0,6.0,0.0,0.0,493.96,17.92,1,1,13,4,8,2,0,0,4,2,378.99
664,26.4,83.0,5,28800.0,0.4486,1.0,0.5383,1.0,6.0,5.0,0.0,0.0,493.96,18.09,1,1,17,4,8,2,0,0,4,2,374.81
655,23.94,81.88,4,28800.0,0.408,1.0,0.408,1.0,2.0,2.0,0.0,0.0,493.96,18.54,1,1,3,5,8,2,1,1,4,2,364.11
777,20.65,98.49,5,28401.0,0.502,0.9861,0.5091,1.0,5.0,5.0,0.0,0.0,493.96,18.79,1,1,9,5,8,2,1,0,4,2,358.12
655,41.18,84.65,5,27855.0,0.6241,0.9672,0.7743,1.0,6.0,5.0,0.0,0.0,493.96,19.1,1,1,17,5,8,2,1,0,4,2,350.49
727,45.27,92.3,2,28356.0,0.8857,0.9846,0.8996,1.0,4.0,4.0,0.0,0.0,610.7,19.41,1,1,0,6,8,2,1,1,4,2,343.07
743,45.04,92.88,5,28800.0,0.9066,1.0,0.9066,1.0,5.0,5.0,0.0,0.0,610.7,19.86,0,1,11,6,8,2,1,0,4,2,332.42
698,26.32,87.25,6,28800.0,0.509,1.0,0.509,1.0,6.0,6.0,0.0,0.0,610.7,20.03,0,1,15,6,8,2,1,0,4,2,328.26
762,10.27,95.25,4,28800.0,0.2418,1.0,0.2418,1.0,5.0,5.0,0.0,0.0,610.7,20.58,0,1,5,0,9,2,0,1,4,2,314.99
751,49.88,93.88,5,28800.0,1.0,1.0,1.0,1.0,5.0,5.0,0.0,0.0,610.7,20.94,0,1,13,0,9,2,0,0,4,2,306.39
807,47.57,100.88,4,28800.0,1.0,1.0,1.0,1.0,4.0,4.0,0.0,0.0,610.7,21.14,0,1,18,0,9,2,0,0,4,2,301.64
744,17.69,93.0,5,28800.0,0.3787,1.0,0.3787,1.0,5.0,5.0,0.0,0.0,610.7,21.33,0,1,22,0,9,2,0,1,4,2,297.07
750,26.17,93.75,5,28800.0,0.5015,1.0,0.6018,1.0,6.0,5.0,0.0,0.0,610.7,21.78,0,1,9,1,9,2,0,0,4,2,286.29
781,17.46,97.62,5,28800.0,0.3787,1.0,0.4545,1.0,6.0,5.0,0.0,0.0,610.7,22.07,0,1,16,1,9,2,0,0,4,2,279.41
604,31.19,75.5,2,28800.0,0.6411,1.0,0.6411,1.0,2.0,2.0,0.0,0.0,610.7,22.34,0,1,23,1,9,2,0,1,4,2,272.82
737,32.99,92.12,5,28800.0,0.7219,1.0,0.7219,1.0,5.0,5.0,0.0,0.0,610.7,22.78,0,1,9,2,9,2,0,0,4,2,262.17
763,36.87,95.38,3,28800.0,0.9296,1.0,0.9296,1.0,3.0,3.0,0.0,0.0,610.7,23.04,0,1,15,2,9,2,0,0,4,2,256.09
727,15.67,90.88,4,28800.0,0.3605,1.0,0.3605,1.0,5.0,5.0,0.0,0.0,610.7,23.46,0,1,2,3,9,2,0,1,4,2,245.94
650,13.68,86.85,5,26944.0,0.1907,0.9356,0.2446,1.0,6.0,5.0,0.0,0.0,610.7,23.95,0,1,13,3,9,2,0,0,4,2,234.26
611,28.79,84.01,2,26182.0,0.3144,0.9091,0.5188,1.0,3.0,2.0,0.0,0.0,610.7,24.27,0,2,21,3,9,2,0,0,4,2,226.44
807,28.1,111.2,5,26125.0,0.6083,0.9071,0.6706,1.0,3.0,3.0,0.0,0.0,622.83,0.17,0,2,3,4,9,2,0,1,4,2,220.64
683,25.63,89.73,4,27403.0,0.5656,0.9515,0.5944,1.0,4.0,4.0,0.0,0.0,622.83,0.53,0,2,11,4,9,2,0,0,4,2,212.04
784,10.66,101.06,5,27927.0,0.2194,0.9697,0.2715,1.0,6.0,5.0,0.0,0.0,717.12,0.91,0,2,21,4,9,2,0,0,4,2,202.97
684,41.61,90.67,3,27159.0,0.7742,0.943,0.821,1.0,2.0,2.0,0.0,0.0,717.12,1.08,0,2,1,5,9,2,1,1,4,2,198.96
639,14.51,79.88,2,28800.0,0.2813,1.0,0.2813,1.0,2.0,2.0,0.0,0.0,717.12,1.36,0,2,7,5,9,2,1,0,4,2,192.02
733,11.92,91.62,3,28800.0,0.2578,1.0,0.2578,1.0,3.0,3.0,0.0,0.0,717.12,1.77,0,2,17,5,9,2,1,0,4,2,182.31
694,13.61,86.75,2,28800.0,0.2793,1.0,0.2793,1.0,2.0,2.0,0.0,0.0,717.12,2.02,0,2,23,5,9,2,1,1,4,2,176.37
736,43.2,92.0,2,28800.0,0.9619,1.0,0.9619,1.0,2.0,2.0,0.0,0.0,717.12,2.56,0,2,12,6,9,3,1,0,4,2,163.22
743,36.67,92.88,6,28800.0,0.9272,1.0,0.9272,1.0,6.0,6.0,0.0,0.0,717.12,2.72,0,2,16,6,9,3,1,0,4,2,159.37
762,37.6,95.25,5,28800.0,0.9708,1.0,0.9708,1.0,5.0,5.0,0.0,0.0,717.12,3.48,0,2,10,0,10,3,0,0,4,2,141.27
700,41.29,87.5,4,28800.0,0.9572,1.0,0.9572,1.0,4.0,4.0,0.0,0.0,717.12,3.77,0,2,17,0,10,3,0,0,4,2,134.26
667,45.61,83.38,4,28800.0,0.7962,1.0,0.7962,1.0,4.0,4.0,0.0,0.0,717.12,4.52,0,3,11,1,10,3,0,0,4,2,116.34
825,15.23,103.12,3,28800.0,0.3263,1.0,0.4351,1.0,4.0,3.0,0.0,0.0,820.92,4.93,0,3,21,1,10,3,0,0,4,2,106.54
807,22.02,100.88,3,28800.0,0.5823,1.0,0.5823,1.0,3.0,3.0,0.0,0.0,820.92,4.98,0,3,22,1,10,3,0,1,4,2,105.24
804,14.84,100.5,3,28800.0,0.3894,1.0,0.3894,1.0,3.0,3.0,0.0,0.0,820.92,5.31,0,3,6,2,10,3,0,0,4,2,97.29
637,9.05,79.62,3,28800.0,0.1838,1.0,0.1838,1.0,3.0,3.0,0.0,0.0,820.92,5.79,0,2,18,2,10,3,0,0,4,2,85.84
516,32.81,64.5,4,28800.0,0.4504,1.0,0.4504,1.0,4.0,4.0,0.0,0.0,820.92,5.98,0,2,22,2,10,3,0,1,4,2,81.26
858,20.84,107.25,4,28800.0,0.378,1.0,0.4725,1.0,5.0,4.0,0.0,0.0,820.92,6.56,0,2,12,3,10,3,0,0,4,2,67.32
788,24.27,98.5,5,28800.0,0.4985,1.0,0.4985,1.0,5.0,5.0,0.0,0.0,820.92,6.66,0,2,15,3,10,3,0,0,4,2,64.91
829,47.12,103.62,5,28800.0,1.0,1.0,1.0,1.0,5.0,5.0,0.0,0.0,820.92,7.0,0,2,23,3,10,3,0,1,4,2,56.87
560,35.16,70.0,6,28800.0,0.6286,1.0,0.6286,1.0,6.0,6.0,0.0,0.0,820.92,7.58,0,2,13,4,10,3,0,0,4,2,42.84
735,41.46,91.88,5,28800.0,0.9961,1.0,0.9961,1.0,5.0,5.0,0.0,0.0,820.92,7.63,0,2,14,4,10,3,0,0,4,2,41.59
713,29.09,89.12,5,28800.0,0.6377,1.0,0.6377,1.0,5.0,5.0,0.0,0.0,820.92,7.96,0,2,22,4,10,3,0,1,4,2,33.64
757,10.9,94.62,3,28800.0,0.245,1.0,0.245,1.0,3.0,3.0,0.0,0.0,820.92,8.56,0,2,12,5,10,3,1,0,4,2,19.39
686,27.17,85.75,2,28800.0,0.5162,1.0,0.5162,1.0,2.0,2.0,0.0,0.0,820.92,8.69,0,2,15,5,10,3,1,0,4,2,16.19
764,41.82,95.5,5,28800.0,1.0,1.0,1.0,1.0,4.0,4.0,0.0,0.0,828.34,9.13,1,2,2,6,10,3,1,1,4,2,5.57
674,34.21,92.5,5,26232.0,0.5655,0.9108,0.7451,1.0,6.0,5.0,0.0,0.0,852.19,9.52,2,2,11,6,10,3,1,0,4,2,42.97
744,31.57,97.74,2,27403.0,0.6045,0.9515,0.6353,1.0,2.0,2.0,0.0,0.0,852.19,9.79,2,2,18,6,10,3,1,0,4,2,36.5
671,32.67,93.1,4,25945.0,0.6757,0.9009,0.75,1.0,5.0,5.0,0.0,0.0,852.19,10.1,2,2,1,0,11,3,0,1,4,2,29.17
807,31.34,104.28,6,27860.0,0.8541,0.9674,0.8829,1.0,6.0,6.0,0.0,0.0,852.19,10.32,2,2,6,0,11,3,0,0,4,2,23.77
649,21.05,86.02,2,27161.0,0.3581,0.9431,0.3797,1.0,2.0,2.0,0.0,0.0,872.28,10.63,2,2,14,0,11,3,0,0,4,2,16.38
756,16.53,97.79,5,27832.0,0.4336,0.9664,0.4487,1.0,4.0,4.0,0.0,0.0,872.28,11.12,2,2,2,1,11,3,0,1,4,2,4.7
786,14.11,100.05,3,28282.0,0.3355,0.982,0.3416,1.0,3.0,3.0,0.0,0.0,913.27,11.41,3,2,9,1,11,3,0,0,4,2,39.2
783,44.95,99.7,2,28274.0,0.9056,0.9817,0.9225,1.0,2.0,2.0,0.0,0.0,913.27,11.65,3,2,14,1,11,3,0,0,4,2,33.34
840,47.77,108.22,4,27943.0,0.9702,0.9702,1.0,1.0,6.0,6.0,0.0,0.0,913.27,12.26,3,2,5,2,11,3,0,1,4,2,18.89
629,9.16,78.62,2,28800.0,0.1767,1.0,0.1767,1.0,2.0,2.0,0.0,0.0,913.27,12.58,3,2,13,2,11,3,0,0,4,2,11.07
702,25.52,87.75,6,28800.0,0.4643,1.0,0.4643,1.0,6.0,6.0,0.0,0.0,913.27,12.79,3,2,18,2,11,3,0,0,4,2,6.1
780,10.9,97.5,6,28800.0,0.2576,1.0,0.2576,1.0,3.0,3.0,0.0,0.0,994.35,13.11,4,2,1,3,11,3,0,1,4,2,154.33
764,41.48,97.08,2,28330.0,0.8261,0.9837,0.8398,1.0,2.0,2.0,0.0,0.0,994.35,13.5,4,2,11,3,11,3,0,0,4,2,145.08
785,41.11,99.16,2,28499.0,0.9895,0.9895,1.0,1.0,2.0,2.0,0.0,0.0,994.35,13.65,4,2,14,3,11,3,0,0,4,2,141.38
703,16.84,89.52,3,28272.0,0.3061,0.9817,0.3118,1.0,8.0,8.0,0.0,0.0,994.35,14.19,4,2,3,4,11,3,0,1,4,2,128.39
875,33.25,109.38,3,28800.0,0.7474,1.0,0.9965,1.0,4.0,3.0,0.0,0.0,994.35,14.51,4,2,11,4,11,3,0,0,4,2,120.79
609,25.59,76.12,2,28800.0,0.4737,1.0,0.4737,1.0,2.0,2.0,0.0,0.0,994.35,14.89,4,2,20,4,11,3,0,0,4,2,111.56
789,37.18,98.62,8,28800.0,0.7624,1.0,0.7624,1.0,4.0,4.0,0.0,0.0,994.35,15.1,4,2,1,5,11,3,1,1,4,2,106.69
745,20.08,93.12,6,28800.0,0.4886,1.0,0.4886,1.0,6.0,6.0,0.0,0.0,994.35,15.37,4,2,8,5,11,3,1,0,4,2,100.06
745,44.78,93.12,6,28800.0,0.9106,1.0,0.9106,1.0,6.0,6.0,0.0,0.0,994.35,15.77,4,2,17,5,11,3,1,0,4,2,90.51
795,42.39,99.38,4,28800.0,0.8958,1.0,0.8958,1.0,5.0,5.0,0.0,0.0,994.35,16.23,3,2,4,6,11,3,1,1,4,2,79.48
671,51.26,84.92,4,28447.0,0.9016,0.9877,0.9128,1.0,4.0,4.0,0.0,0.0,1068.52,16.6,2,2,13,6,11,3,1,0,4,2,70.64
790,14.44,99.56,5,28565.0,0.3895,0.9918,0.3927,1.0,5.0,5.0,0.0,0.0,1068.52,16.92,2,2,21,6,11,3,1,0,4,2,62.89
714,35.98,89.9,5,28591.0,0.8216,0.9927,0.8276,1.0,6.0,5.0,0.0,0.0,1068.52,17.1,2,2,1,0,12,3,0,1,4,2,58.58
774,9.25,96.75,6,28800.0,0.2408,1.0,0.2408,1.0,6.0,6.0,0.0,0.0,1068.52,17.55,2,2,12,0,12,3,0,0,4,2,47.71
845,40.13,105.62,2,28800.0,0.9095,1.0,0.9095,1.0,2.0,2.0,0.0,0.0,1068.52,17.72,2,2,16,0,12,3,0,0,4,2,43.83
840,31.36,105.0,5,28800.0,0.7272,1.0,0.8727,1.0,6.0,6.0,0.0,0.0,1068.52,18.06,2,2,0,1,12,3,0,1,4,2,35.51
639,52.13,79.88,4,28800.0,0.8698,1.0,0.8698,1.0,4.0,4.0,0.0,0.0,1068.52,18.48,1,2,10,1,12,3,0,0,4,2,25.49
747,39.2,93.38,5,28800.0,0.9963,1.0,0.9963,1.0,5.0,5.0,0.0,0.0,1068.52,18.87,1,2,20,1,12,3,0,0,4,2,16.13
703,29.94,87.88,6,28800.0,0.5736,1.0,0.5736,1.0,6.0,6.0,0.0,0.0,1068.52,19.02,1,2,23,1,12,3,0,1,4,2,12.58
636,15.33,87.79,5,26081.0,0.2902,0.9056,0.3204,1.0,5.0,5.0,0.0,0.0,1068.52,19.29,1,2,6,2,12,3,0,0,4,2,6.06
804,30.01,116.87,5,25715.625,0.783,0.8929374999999999,0.9106,1.0,5.0,5.0,0.0,0.0,1109.32,19.69,2,2,15,2,12,3,0,0,4,2,75.42
803,9.85,120.28,2,25715.625,0.2549,0.8929374999999999,0.3054,1.0,6.0,6.0,0.0,0.0,1109.32,20.26,1,2,5,3,12,3,0,1,4,2,61.82
879,11.72,109.88,4,28800.0,0.3028,1.0,0.3028,1.0,4.0,4.0,0.0,0.0,1109.32,20.47,1,2,10,3,12,3,0,0,4,2,56.84
774,21.03,96.75,4,28800.0,0.5034,1.0,0.5034,1.0,4.0,4.0,0.0,0.0,1109.32,20.75,1,2,17,3,12,3,0,0,4,2,50.02
784,18.3,98.0,6,28800.0,0.3923,1.0,0.3923,1.0,2.0,2.0,0.0,0.0,1109.32,21.05,1,2,0,4,12,3,0,1,4,2,42.81
857,24.61,109.95,2,28060.0,0.6085,0.9743,0.6246,1.0,2.0,2.0,0.0,0.0,1109.32,21.29,1,2,6,4,12,3,0,0,4,2,36.94
787,47.26,101.38,6,27946.0,0.9703,0.9703,1.0,1.0,6.0,6.0,0.0,0.0,1143.5,21.63,1,2,14,4,12,3,0,0,4,2,28.91
685,26.43,88.47,2,27873.0,0.499,0.9678,0.5156,1.0,4.0,3.0,0.0,0.0,1143.5,22.16,1,2,3,5,12,3,1,1,4,2,16.19
857,40.22,109.44,3,28190.0,0.9141,0.9788,0.9339,1.0,3.0,3.0,0.0,0.0,1143.5,22.55,1,2,12,5,12,3,1,0,4,2,6.81
792,12.82,101.79,2,28010.0,0.3003,0.9726,0.3088,1.0,2.0,2.0,0.0,0.0,1143.5,22.83,1,2,19,5,12,3,1,0,4,2,0.06
865,9.6,110.94,3,28069.0,0.216,0.9746,0.2955,1.0,1.0,1.0,0.0,0.0,1217.11,23.21,2,2,4,6,12,3,1,1,4,2,65.19
683,32.58,85.38,3,28800.0,0.7518,1.0,0.7518,1.0,3.0,3.0,0.0,0.0,1217.11,23.44,2,2,9,6,12,3,1,0,4,2,59.48
731,50.0,91.38,3,28800.0,0.9896,1.0,0.9896,1.0,3.0,3.0,0.0,0.0,1217.11,23.78,2,2,18,6,12,3,1,0,4,2,51.31
785,45.66,98.12,1,28800.0,1.0,1.0,1.0,1.0,5.0,5.0,0.0,0.0,1217.11,24.16,2,2,3,0,13,3,0,1,4,2,42.28
843,25.64,105.38,6,28800.0,0.5752,1.0,0.5752,1.0,6.0,6.0,0.0,0.0,1217.11,24.54,2,2,12,0,13,3,0,0,4,2,33.28
812,33.0,101.5,5,28800.0,0.7291,1.0,0.7291,1.0,5.0,5.0,0.0,0.0,1217.11,24.783749,2,2,18,0,13,3,0,0,4,2,26.96
713,19.69,89.12,5,28800.0,0.3815,1.0,0.3815,1.0,4.0,4.0,0.0,0.0,1217.11,24.783749,2,2,2,1,13,3,0,1,4,2,19.19
722,20.45,96.37,3,26971.0,0.4407,0.9365,0.4706,1.0,3.0,3.0,0.0,0.0,1217.11,24.783749,2,2,8,1,13,3,0,0,4,2,13.13
749,35.57,100.33,4,26875.0,0.8018,0.9332,0.8592,1.0,4.0,4.0,0.0,0.0,1217.11,24.783749,2,2,17,1,13,3,0,0,4,2,4.18
783,20.27,104.85,4,26884.0,0.494,0.9335,0.5292,1.0,3.0,3.0,0.0,0.0,1422.63,24.783749,3,2,0,2,13,3,0,1,4,2,203.45
847,23.62,105.88,2,28800.0,0.6441,1.0,0.6441,1.0,2.0,2.0,0.0,0.0,1422.63,24.783749,3,2,6,2,13,3,0,0,4,2,197.89
814,42.99,101.75,2,28800.0,1.0,1.0,1.0,1.0,2.0,2.0,0.0,0.0,1422.63,24.783749,2,2,15,2,13,3,0,0,4,2,188.39
705,37.8,88.12,3,28800.0,0.8761,1.0,0.8761,1.0,3.0,2.0,0.0,0.0,1422.63,24.783749,2,2,3,3,13,3,0,1,4,2,176.74
702,15.76,87.75,3,28800.0,0.3503,1.0,0.3503,1.0,3.0,3.0,0.0,0.0,1422.63,24.783749,2,2,12,3,13,3,0,0,4,2,167.65
775,30.07,96.88,2,28800.0,0.8078,1.0,0.8078,1.0,2.0,2.0,0.0,0.0,1422.63,24.783749,2,2,15,3,13,3,0,0,4,2,164.35
606,26.66,75.75,2,28800.0,0.3075,1.0,0.4612,1.0,5.0,5.0,0.0,0.0,1422.63,24.783749,2,2,3,4,13,3,0,1,4,2,152.87
742,11.16,92.75,4,28800.0,0.2373,1.0,0.2373,1.0,4.0,4.0,0.0,0.0,1422.63,24.783749,2,2,8,4,13,3,0,0,4,2,147.14
679,20.98,84.88,3,28800.0,0.4927,1.0,0.4927,1.0,3.0,3.0,0.0,0.0,1422.63,24.783749,2,2,18,4,13,3,0,0,4,2,137.24
708,19.65,88.5,5,28800.0,0.4233,1.0,0.4233,1.0,6.0,6.0,0.0,0.0,1422.63,24.783749,2,2,2,5,13,3,1,1,4,2,129.3
664,43.77,83.0,2,28800.0,0.9222,1.0,0.9222,1.0,2.0,2.0,0.0,0.0,1422.63,24.783749,2,2,7,5,13,3,1,0,4,2,124.32
797,25.45,99.62,4,28800.0,0.6564,1.0,0.6564,1.0,4.0,4.0,0.0,0.0,1422.63,24.783749,2,2,15,5,13,3,1,0,4,2,116.99
778,29.54,97.25,6,28800.0,0.7977,1.0,0.7977,1.0,4.0,4.0,0.0,0.0,1422.63,24.783749,1,1,2,6,13,3,1,1,4,2,105.75
820,20.56,102.5,4,28800.0,0.4778,1.0,0.4778,1.0,4.0,4.0,0.0,0.0,1422.63,24.783749,1,1,11,6,13,3,1,0,4,2,96.24
691,29.2,86.38,5,28800.0,0.523,1.0,0.523,1.0,5.0,5.0,0.0,0.0,1422.63,24.783749,1,1,17,6,13,3,1,0,4,2,90.75
661,21.51,82.62,4,28800.0,0.4161,1.0,0.4161,1.0,4.0,4.0,0.0,0.0,1422.63,24.783749,1,1,5,0,14,3,0,1,4,2,78.94
728,30.72,91.0,4,28800.0,0.3864,1.0,0.5796,1.0,6.0,4.0,0.0,0.0,1422.63,24.783749,1,1,12,0,14,3,0,0,4,2,71.72
791,11.01,98.88,4,28800.0,0.2453,1.0,0.2453,1.0,4.0,4.0,0.0,0.0,1422.63,24.783749,1,1,20,0,14,3,0,0,4,2,63.59
866,28.97,108.25,4,28800.0,0.7911,1.0,0.7911,1.0,8.0,8.0,0.0,0.0,1422.63,24.783749,1,1,3,1,14,3,0,1,4,2,57.02
862,21.52,107.75,3,28800.0,0.5229,1.0,0.5229,1.0,3.0,3.0,0.0,0.0,1422.63,24.783749,1,1,8,1,14,3,0,0,4,2,51.22
787,10.03,98.38,2,28800.0,0.1643,1.0,0.2465,1.0,3.0,2.0,0.0,0.0,1422.63,24.783749,1,1,15,1,14,3,0,0,4,2,44.72
702,22.66,87.75,8,28800.0,0.5392,1.0,0.5392,1.0,3.0,2.0,0.0,0.0,1422.63,24.783749,0,1,4,2,14,4,0,1,4,2,31.19
666,19.81,83.25,2,28800.0,0.3642,1.0,0.3642,1.0,2.0,2.0,0.0,0.0,1422.63,24.783749,0,1,10,2,14,4,0,0,4,2,25.34
681,19.78,85.12,3,28800.0,0.4474,1.0,0.4474,1.0,3.0,3.0,0.0,0.0,1422.63,24.783749,0,1,18,2,14,4,0,0,4,2,17.55
632,18.84,79.0,2,28800.0,0.2338,1.0,0.3507,1.0,0.0,0.0,0.0,0.0,1422.63,24.783749,0,1,5,3,14,4,0,1,4,2,6.37
777,21.14,98.72,6,28335.0,0.5628,0.9839,0.572,1.0,6.0,6.0,0.0,0.0,1422.63,24.783749,0,1,9,3,14,4,0,0,4,2,2.3
691,19.48,87.84,2,28320.0,0.3052,0.9833,0.4655,1.0,3.0,2.0,0.0,0.0,1478.28,24.783749,1,0,16,3,14,4,0,0,4,2,149.71
820,10.42,106.27,0,27777.0,0.2242,0.9645,0.2444,1.0,0.0,0.0,0.0,0.0,1478.28,24.783749,1,0,22,3,14,4,0,1,4,2,144.18
674,41.51,84.25,6,28800.0,0.8767,1.0,0.8767,1.0,6.0,6.0,0.0,0.0,1478.28,24.783749,1,0,9,4,14,4,0,0,4,2,132.83
742,16.65,92.75,4,28800.0,0.3615,1.0,0.3615,1.0,4.0,4.0,0.0,0.0,1478.28,24.783749,1,0,20,4,14,4,0,0,4,2,122.36
814,45.65,101.75,3,28800.0,1.0,1.0,1.0,1.0,1.0,1.0,0.0,0.0,1478.28,24.783749,1,0,3,5,14,4,1,1,4,2,114.95
641,20.96,82.9,4,27837.0,0.3913,0.9666,0.4048,1.0,4.0,4.0,0.0,0.0,1478.28,24.783749,1,0,6,5,14,4,1,0,4,2,112.05
755,14.72,97.86,2,27774.0,0.3022,0.9644,0.3134,1.0,2.0,2.0,0.0,0.0,1478.28,24.783749,1,0,14,5,14,4,1,0,4,2,104.33
664,21.87,84.64,1,28243.0,0.4862,0.9807,0.4958,1.0,5.0,5.0,0.0,0.0,1486.34,24.783749,2,0,2,6,14,4,1,1,4,2,91.61
841,17.96,111.16,2,27237.0,0.4153,0.9457,0.4391,1.0,2.0,2.0,0.0,0.0,1574.58,24.783749,2,0,14,6,14,4,1,0,4,2,79.91
737,28.82,95.91,5,27664.0,0.5812,0.9606,0.605,1.0,4.0,4.0,0.0,0.0,1574.58,24.783749,2,0,5,0,15,4,0,1,4,2,64.86
731,47.68,91.38,2,28800.0,0.9155,1.0,0.9155,1.0,2.0,2.0,0.0,0.0,1574.58,24.783749,2,0,7,0,15,4,0,0,4,2,62.6
639,11.09,79.88,3,28800.0,0.1835,1.0,0.1835,1.0,3.0,3.0,0.0,0.0,1574.58,24.783749,2,0,17,0,15,4,0,0,4,2,52.66
707,36.85,88.38,2,28800.0,0.489,1.0,0.7335,1.0,3.0,2.0,0.0,0.0,1574.58,24.783749,2,0,12,1,15,4,0,0,4,2,33.56
741,34.88,92.62,3,28800.0,0.8002,1.0,0.8002,1.0,3.0,3.0,0.0,0.0,1574.58,24.783749,2,0,18,1,15,4,0,0,4,2,27.56
797,36.48,99.62,6,28800.0,0.8197,1.0,0.9564,1.0,6.0,6.0,0.0,0.0,1574.58,24.783749,2,0,0,2,15,4,0,1,4,2,21.71
637,31.76,79.62,2,28800.0,0.5932,1.0,0.5932,1.0,2.0,2.0,0.0,0.0,1574.58,24.783749,2,0,9,2,15,4,0,0,4,2,13.08
764,37.6,95.5,3,28800.0,0.8123,1.0,0.8123,1.0,3.0,3.0,0.0,0.0,1574.58,24.783749,2,0,15,2,15,4,0,0,4,2,7.18
844,22.55,105.5,6,28800.0,0.5058,1.0,0.5058,1.0,2.0,2.0,0.0,0.0,1574.58,24.783749,2,0,1,3,15,4,0,1,4,2,98.78
748,15.02,97.17,5,27712.0,0.3272,0.9622,0.3401,1.0,5.0,5.0,0.0,0.0,1585.39,24.783749,2,0,10,3,15,4,0,0,4,2,90.38
825,33.72,106.69,3,27837.0,0.5926,0.9666,0.8174,1.0,4.0,3.0,0.0,0.0,1606.45,0.27,1,1,21,3,15,4,0,0,4,2,78.65
784,17.93,99.95,2,28237.0,0.4176,0.9805,0.4259,1.0,4.0,4.0,0.0,0.0,1606.45,0.46,1,1,2,4,15,4,0,1,4,2,74.28
779,44.94,101.44,3,27645.0,0.9362,0.9599,0.9753,1.0,3.0,3.0,0.0,0.0,1606.45,0.62,1,1,6,4,15,4,0,0,4,2,70.28
623,23.52,81.42,3,27545.0,0.4341,0.9564,0.4539,1.0,3.0,3.0,0.0,0.0,1669.73,1.04,2,1,16,4,15,4,0,0,4,2,60.33
748,16.39,97.63,4,27581.0,0.3553,0.9577,0.371,1.0,3.0,3.0,0.0,0.0,1669.73,1.58,2,1,5,5,15,4,1,1,4,2,47.32
797,37.63,99.62,4,28800.0,0.9232,1.0,0.9232,1.0,4.0,4.0,0.0,0.0,1669.73,1.81,2,1,10,5,15,4,1,0,4,2,41.65
768,16.85,96.0,6,28800.0,0.3984,1.0,0.3984,1.0,6.0,6.0,0.0,0.0,1669.73,1.98,2,1,14,5,15,4,1,0,4,2,37.68
740,34.94,92.5,3,28800.0,0.6696,1.0,0.6696,1.0,6.0,6.0,0.0,0.0,1669.73,2.51,1,1,3,6,15,4,1,1,4,2,25.07
804,16.2,100.5,2,28800.0,0.34,1.0,0.34,1.0,2.0,2.0,0.0,0.0,1669.73,2.87,1,1,12,6,15,4,1,0,4,2,16.28
751,10.52,93.88,3,28800.0,0.2287,1.0,0.2287,1.0,3.0,3.0,0.0,0.0,1669.73,3.04,1,1,16,6,15,4,1,0,4,2,12.25
804,36.06,100.5,6,28800.0,0.8562,1.0,0.8562,1.0,1.0,1.0,0.0,0.0,1669.73,3.55,2,1,4,0,16,4,0,1,4,2,21.16
709,37.61,94.62,4,26975.0,0.7808,0.9366,0.8337,1.0,4.0,4.0,0.0,0.0,1689.21,3.77,2,1,9,0,16,4,0,0,4,2,15.91
808,38.15,105.78,2,27498.0,0.9098,0.9548,0.9529,1.0,2.0,2.0,0.0,0.0,1689.21,4.1,2,1,17,0,16,4,0,0,4,2,7.91
725,49.01,101.5,1,25715.625,0.8929,0.8929374999999999,1.0,1.0,6.0,6.0,0.0,0.0,1692.76,4.47,3,1,2,1,16,4,0,1,4,2,2.94
686,33.65,98.85,4,25715.625,0.6248,0.8929374999999999,0.7202,1.0,4.0,4.0,0.0,0.0,1757.04,4.91,4,1,13,1,16,4,0,0,4,2,171.13
724,35.63,100.07,3,26047.0,0.7255,0.9044,0.8022,1.0,3.0,3.0,0.0,0.0,1757.04,5.11,4,1,17,1,16,4,0,0,4,2,166.4
828,39.88,120.32,6,25715.625,0.8602,0.8929374999999999,1.0,1.0,2.0,2.0,0.0,0.0,1757.04,5.4,4,1,0,2,16,4,0,1,4,2,159.4
771,12.84,96.38,6,28800.0,0.264,1.0,0.264,1.0,6.0,6.0,0.0,0.0,1757.04,5.91,4,1,13,2,16,4,0,0,4,2,147.3
783,13.17,97.88,2,28800.0,0.2716,1.0,0.2716,1.0,2.0,2.0,0.0,0.0,1757.04,6.05,4,1,16,2,16,4,0,0,4,2,143.83
720,42.87,90.0,2,28800.0,0.9183,1.0,0.9183,1.0,3.0,3.0,0.0,0.0,1757.04,6.46,4,1,2,3,16,4,0,1,4,2,134.15
781,29.09,97.62,1,28800.0,0.3909,1.0,0.7818,1.0,2.0,1.0,0.0,0.0,1757.04,6.65,4,1,6,3,16,4,0,0,4,2,129.45
629,16.65,78.62,2,28800.0,0.3031,1.0,0.3031,1.0,2.0,2.0,0.0,0.0,1757.04,7.0,4,1,15,3,16,4,0,0,4,2,121.2
826,23.64,103.25,3,28800.0,0.5429,1.0,0.5429,1.0,2.0,2.0,0.0,0.0,1757.04,7.46,4,2,2,4,16,4,0,1,4,2,109.98
729,43.09,111.68,2,25715.625,0.816,0.8929374999999999,1.0,1.0,2.0,2.0,0.0,0.0,1791.42,0.09,4,2,6,4,16,4,0,0,4,2,105.63
767,19.6,105.5,4,26173.0,0.3194,0.9088,0.4393,1.0,5.0,4.0,0.0,0.0,1791.42,0.51,3,2,16,4,16,4,0,0,4,2,95.61
720,38.63,107.81,2,25715.625,0.806,0.8929374999999999,0.9655,1.0,3.0,3.0,0.0,0.0,1791.42,0.89,3,2,2,5,16,4,1,1,4,2,86.33
714,42.63,101.24,6,25715.625,0.8325,0.8929374999999999,0.9444,1.0,6.0,6.0,0.0,0.0,1791.42,1.34,3,2,12,5,16,4,1,0,4,2,75.58
750,38.69,116.02,3,25715.625,0.6061,0.8929374999999999,1.0,1.0,4.0,3.0,0.0,0.0,1791.42,1.48,3,3,16,5,16,4,1,0,4,2,72.35
863,16.3,154.06,3,25715.625,0.3878,0.8929374999999999,0.5538,1.0,3.0,3.0,0.0,0.0,1859.89,0.16,3,3,23,5,16,4,1,1,4,2,64.75
910,21.76,113.75,4,28800.0,0.6496,1.0,0.6496,1.0,4.0,4.0,0.0,0.0,1859.89,0.52,3,3,8,6,16,4,1,0,4,2,55.88
734,30.05,91.75,1,28800.0,0.3459,1.0,0.6919,1.0,2.0,1.0,0.0,0.0,1859.89,1.02,3,3,20,6,16,4,1,0,4,2,43.9
732,24.43,91.5,5,28800.0,0.5986,1.0,0.5986,1.0,4.0,4.0,0.0,0.0,1859.89,1.23,3,3,1,0,17,4,0,1,4,2,38.88
772,37.05,96.5,4,28800.0,0.895,1.0,0.895,1.0,4.0,4.0,0.0,0.0,1859.89,1.74,2,3,13,0,17,4,0,0,4,2,26.75
779,40.72,97.38,5,28800.0,0.8333,1.0,1.0,1.0,6.0,5.0,0.0,0.0,1859.89,2.08,2,3,21,0,17,4,0,0,4,2,18.6
718,27.81,89.75,4,28800.0,0.5213,1.0,0.5213,1.0,5.0,5.0,0.0,0.0,1859.89,2.41,0,3,5,1,17,4,0,1,4,2,10.65
740,18.63,108.13,3,25715.625,0.4363,0.8929374999999999,0.51,1.0,3.0,3.0,0.0,0.0,1859.89,2.58,0,3,9,1,17,4,0,0,4,2,6.58
808,30.06,111.24,5,26148.0,0.6024,0.9079,0.7963,1.0,6.0,5.0,0.0,0.0,1859.89,2.88,1,3,16,1,17,4,0,0,4,2,77.62
598,14.28,83.76,5,25715.625,0.2928,0.8929374999999999,0.3281,1.0,2.0,2.0,0.0,0.0,1871.98,3.33,1,3,3,2,17,4,0,1,4,2,66.76
677,24.43,88.27,3,27612.0,0.465,0.9587,0.485,1.0,3.0,3.0,0.0,0.0,1871.98,3.56,1,4,9,2,17,4,0,0,4,2,61.19
827,33.76,115.24,3,25835.0,0.7902,0.897,0.8809,1.0,3.0,3.0,0.0,0.0,1932.87,0.44,1,4,20,2,17,4,0,0,4,2,50.29
751,40.21,100.77,2,26830.0,0.7982,0.9316,0.8568,1.0,4.0,4.0,0.0,0.0,1932.87,0.61,1,4,0,3,17,4,0,1,4,2,46.34
683,30.56,85.38,1,28800.0,0.318,1.0,0.636,1.0,2.0,1.0,0.0,0.0,1932.87,0.88,1,4,6,3,17,4,0,0,4,2,39.87
828,44.75,103.5,4,28800.0,0.8,1.0,1.0,1.0,5.0,4.0,0.0,0.0,1932.87,1.39,1,4,18,3,17,4,0,0,4,2,27.61
719,10.93,89.88,4,28800.0,0.2202,1.0,0.2202,1.0,4.0,4.0,0.0,0.0,1932.87,1.52,1,4,22,3,17,4,0,1,4,2,24.34
688,33.28,102.04,2,25715.625,0.714,0.8929374999999999,0.8472,1.0,2.0,2.0,0.0,0.0,1932.87,1.91,1,4,7,4,17,4,0,0,4,2,15.04
787,34.33,105.25,3,26920.0,0.5888,0.9347,0.8399,1.0,4.0,3.0,0.0,0.0,1932.87,2.18,1,4,14,4,17,4,0,0,4,2,8.49
835,35.93,123.32,7,25715.625,0.8162,0.8929374999999999,0.9643,1.0,7.0,7.0,0.0,0.0,1932.87,2.58,2,4,23,4,17,4,0,1,4,2,11.63
697,21.4,93.98,5,26700.0,0.3446,0.9271,0.4461,1.0,6.0,5.0,0.0,0.0,2017.29,3.19,3,4,14,5,17,4,1,0,4,2,73.17
697,17.47,92.97,3,26989.0,0.3502,0.9371,0.3737,1.0,2.0,0.0,0.0,0.0,2017.29,3.76,3,4,3,6,17,4,1,1,4,2,59.51
768,18.24,96.0,2,28800.0,0.3861,1.0,0.3861,1.0,2.0,2.0,0.0,0.0,2017.29,3.94,3,4,8,6,17,4,1,0,4,2,55.31
701,18.03,87.62,4,28800.0,0.3472,1.0,0.434,1.0,5.0,4.0,0.0,0.0,2017.29,4.22,3,4,14,6,17,4,1,0,4,2,48.59
712,45.95,89.0,0,28800.0,0.0,1.0,0.8959,1.0,5.0,5.0,0.0,0.0,2017.29,4.83,3,4,5,0,18,4,0,1,4,2,33.79
757,19.75,94.62,3,28800.0,0.399,1.0,0.399,1.0,3.0,3.0,0.0,0.0,2017.29,5.08,3,4,11,0,18,4,0,0,4,2,27.89
789,28.73,98.62,3,28800.0,0.6589,1.0,0.6589,1.0,3.0,3.0,0.0,0.0,2017.29,5.33,3,4,17,0,18,4,0,0,4,2,21.76
669,21.07,83.62,5,28800.0,0.4774,1.0,0.4774,1.0,5.0,5.0,0.0,0.0,2017.29,5.53,3,4,22,0,18,4,0,1,4,2,17.02
711,38.05,103.88,4,25715.625,0.6971,0.8929374999999999,0.8149,1.0,4.0,4.0,0.0,0.0,2017.29,6.13,3,4,12,1,18,4,0,0,4,2,2.71
695,10.27,106.62,4,25715.625,0.2003,0.8929374999999999,0.2458,1.0,4.0,4.0,0.0,0.0,2094.5,6.43,3,4,19,1,18,4,0,0,4,2,75.91
761,16.97,116.35,4,25715.625,0.3387,0.8929374999999999,0.4143,1.0,4.0,4.0,0.0,0.0,2094.5,6.52,3,4,22,1,18,4,0,1,4,2,73.56
690,16.18,86.25,4,28800.0,0.3764,1.0,0.3764,1.0,4.0,4.0,0.0,0.0,2094.5,7.13,3,4,12,2,18,4,0,0,4,2,59.12
708,9.24,88.5,6,28800.0,0.1991,1.0,0.1991,1.0,6.0,6.0,0.0,0.0,2094.5,7.33,3,4,17,2,18,4,0,0,4,2,54.29
756,39.56,94.5,4,28800.0,0.8,1.0,1.0,1.0,4.0,4.0,0.0,0.0,2094.5,7.79,3,4,4,3,18,4,0,1,4,2,43.27
757,27.24,94.62,6,28800.0,0.5538,1.0,0.5538,1.0,6.0,6.0,0.0,0.0,2094.5,7.99,3,4,9,3,18,4,0,0,4,2,38.42
723,18.6,90.38,6,28800.0,0.3663,1.0,0.3663,1.0,6.0,6.0,0.0,0.0,2094.5,8.27,3,4,16,3,18,4,0,0,4,2,31.64
927,28.37,115.88,4,28800.0,0.8565,1.0,0.8565,1.0,5.0,5.0,0.0,0.0,2094.5,8.79,3,4,4,4,18,5,0,1,4,2,19.09
832,35.68,116.09,3,25801.0,0.8638,0.8959,0.9642,1.0,3.0,3.0,0.0,0.0,2094.5,9.12,3,4,12,4,18,5,0,0,4,2,11.34
750,43.95,116.09,5,25715.625,0.8076,0.8929374999999999,1.0,1.0,5.0,5.0,0.0,0.0,2094.5,9.48,3,4,21,4,18,5,0,0,4,2,2.57
752,30.46,107.14,5,25715.625,0.6582,0.8929374999999999,0.7502,1.0,7.0,6.0,0.0,0.0,2106.91,9.75,3,4,3,5,18,5,1,1,4,2,122.18
778,14.03,97.25,4,28800.0,0.2803,1.0,0.3504,1.0,5.0,4.0,0.0,0.0,2106.91,9.9,3,4,7,5,18,5,1,0,4,2,118.66
736,12.92,92.0,5,28800.0,0.3133,1.0,0.3133,1.0,5.0,5.0,0.0,0.0,2125.87,10.37,2,5,18,5,18,5,1,0,4,2,107.24
806,29.64,100.75,6,28800.0,0.5413,1.0,0.6316,1.0,2.0,2.0,0.0,0.0,2125.87,10.74,2,5,3,6,18,5,1,1,4,2,98.43
748,35.16,109.76,5,25715.625,0.7491,0.8929374999999999,0.8793,1.0,5.0,5.0,0.0,0.0,2210.86,0.1,2,6,19,6,18,5,1,0,4,2,82.66
913,12.14,144.85,2,25715.625,0.3484,0.8929374999999999,0.4422,1.0,6.0,6.0,0.0,0.0,2210.86,0.52,2,6,5,0,19,5,0,1,4,2,72.54
771,40.57,96.38,2,28800.0,0.553,1.0,0.8294,1.0,3.0,2.0,0.0,0.0,2210.86,0.72,2,6,10,0,19,5,0,0,4,2,67.63
769,44.24,96.12,2,28800.0,0.9682,1.0,0.9682,1.0,2.0,2.0,0.0,0.0,2210.86,1.19,2,6,21,0,19,5,0,0,4,2,56.48
796,17.48,99.5,6,28800.0,0.3773,1.0,0.3773,1.0,6.0,6.0,0.0,0.0,2210.86,1.23,2,6,22,0,19,5,0,1,4,2,55.58
729,34.65,91.12,5,28800.0,0.7528,1.0,0.7528,1.0,5.0,5.0,0.0,0.0,2210.86,1.71,2,6,9,1,19,5,0,0,4,2,43.98
756,47.03,94.5,5,28800.0,0.9915,1.0,0.9915,1.0,5.0,5.0,0.0,0.0,2210.86,2.03,1,6,17,1,19,5,0,0,4,2,36.34
693,11.49,86.62,3,28800.0,0.2065,1.0,0.2065,1.0,7.0,7.0,0.0,0.0,2210.86,2.5,1,6,4,2,19,5,0,1,4,2,24.94
795,11.08,99.38,2,28800.0,0.2015,1.0,0.3023,1.0,3.0,2.0,0.0,0.0,2210.86,2.74,1,6,10,2,19,5,0,0,4,2,19.26
631,35.94,78.88,2,28800.0,0.7579,1.0,0.7579,1.0,2.0,2.0,0.0,0.0,2210.86,3.2,1,6,21,2,19,5,0,0,4,2,8.21
847,13.11,105.88,7,28800.0,0.3167,1.0,0.3167,1.0,7.0,7.0,0.0,0.0,2210.86,3.25,1,6,22,2,19,5,0,1,4,2,6.96
759,12.15,102.96,3,26539.0,0.2865,0.9215,0.3109,1.0,3.0,3.0,0.0,0.0,2323.75,3.87,2,6,13,3,19,5,0,0,4,2,197.09
842,39.72,114.21,3,26541.0,0.9216,0.9216,1.0,1.0,3.0,3.0,0.0,0.0,2323.75,4.12,2,6,19,3,19,5,0,0,4,2,190.87
759,21.08,98.6,3,27711.0,0.414,0.9622,0.4303,1.0,3.0,3.0,0.0,0.0,2323.75,4.26,2,6,23,3,19,5,0,1,4,2,187.59
799,42.24,99.88,4,28800.0,0.8,1.0,1.0,1.0,5.0,4.0,0.0,0.0,2323.75,4.64,2,6,8,4,19,5,0,0,4,2,178.62
807,9.54,100.88,2,28800.0,0.2494,1.0,0.2494,1.0,2.0,2.0,0.0,0.0,2323.75,5.0,2,6,16,4,19,5,0,0,4,2,169.89
762,34.1,95.25,1,28800.0,0.3495,1.0,0.699,1.0,2.0,2.0,0.0,0.0,2323.75,5.37,1,6,1,5,19,5,1,1,4,2,160.91
900,29.8,112.5,3,28800.0,0.6227,1.0,0.8303,1.0,4.0,3.0,0.0,0.0,2323.75,5.68,1,6,9,5,19,5,1,0,4,2,153.59
649,17.85,81.12,2,28800.0,0.3702,1.0,0.3702,1.0,4.0,3.0,0.0,0.0,2323.75,6.5,1,5,5,6,19,5,1,1,4,2,133.77
657,33.94,82.12,5,28800.0,0.706,1.0,0.706,1.0,5.0,5.0,0.0,0.0,2323.75,6.78,1,5,11,6,19,5,1,0,4,2,127.17
784,17.19,98.0,4,28800.0,0.37,1.0,0.37,1.0,4.0,4.0,0.0,0.0,2323.75,7.04,1,5,17,6,19,5,1,0,4,2,120.84
599,31.4,74.88,3,28800.0,0.4672,1.0,0.6229,1.0,4.0,4.0,0.0,0.0,2323.75,7.38,1,5,2,0,20,5,0,1,4,2,112.79
836,28.59,104.5,2,28800.0,0.7396,1.0,0.7396,1.0,2.0,2.0,0.0,0.0,2323.75,7.76,1,5,11,0,20,5,0,0,4,2,103.66
802,14.38,100.25,4,28800.0,0.3489,1.0,0.3489,1.0,4.0,4.0,0.0,0.0,2323.75,8.1,1,5,19,0,20,5,0,0,4,2,95.56
750,37.46,93.75,4,28800.0,0.9458,1.0,0.9458,1.0,4.0,4.0,0.0,0.0,2323.75,8.27,1,5,23,0,20,5,0,1,4,2,91.31
851,44.63,126.57,6,25715.625,0.8405,0.8929374999999999,1.0,1.0,6.0,6.0,0.0,0.0,2333.86,0.28,1,6,11,1,20,5,0,0,4,2,79.57
785,14.4,117.21,3,25715.625,0.3156,0.8929374999999999,0.377,1.0,3.0,3.0,0.0,0.0,2333.86,0.49,1,7,16,1,20,5,0,0,4,2,74.64
824,18.85,130.93,2,25715.625,0.2758,0.8929374999999999,0.5259,1.0,3.0,2.0,0.0,0.0,2375.32,0.77,1,7,22,1,20,5,0,1,4,2,67.87
819,9.36,102.38,5,28800.0,0.2176,1.0,0.2611,1.0,6.0,5.0,0.0,0.0,2375.32,1.26,1,7,10,2,20,5,0,0,4,2,56.22
744,40.18,93.0,3,28800.0,0.9104,1.0,0.9104,1.0,3.0,3.0,0.0,0.0,2375.32,1.52,1,7,16,2,20,5,0,0,4,2,50.04
757,38.2,94.62,2,28800.0,0.7817,1.0,0.7817,1.0,3.0,3.0,0.0,0.0,2375.32,1.96,1,7,3,3,20,5,0,1,4,2,39.47
674,13.22,100.01,3,25715.625,0.2539,0.8929374999999999,0.3014,1.0,3.0,3.0,0.0,0.0,2375.32,2.3,0,7,11,3,20,5,0,0,4,2,31.21
770,33.56,129.83,2,25715.625,0.7414,0.8929374999999999,1.0,1.0,2.0,2.0,0.0,0.0,2375.32,2.5,0,8,16,3,20,5,0,0,4,2,26.47
799,37.74,127.11,3,25715.625,0.7858,0.8929374999999999,1.0,1.0,6.0,6.0,0.0,0.0,2399.37,0.22,0,8,0,4,20,5,0,1,4,2,18.77
872,34.57,124.75,3,25715.625,0.8738,0.8929374999999999,1.0,1.0,3.0,3.0,0.0,0.0,2399.37,0.77,0,8,13,4,20,5,0,0,4,2,5.67
821,33.51,121.71,4,25715.625,0.5303,0.8929374999999999,0.9433,1.0,6.0,4.0,0.0,0.0,2399.37,1.02,1,8,19,4,20,5,0,0,4,2,288.01
894,31.36,133.93,6,25715.625,0.8344,0.8929374999999999,1.0,1.0,6.0,6.0,0.0,0.0,2567.3,1.21,1,8,23,4,20,5,0,1,4,2,283.45
774,12.34,96.75,2,28800.0,0.3303,1.0,0.3303,1.0,2.0,2.0,0.0,0.0,2567.3,1.47,1,8,6,5,20,5,1,0,4,2,277.01
774,18.49,96.75,4,28800.0,0.398,1.0,0.398,1.0,4.0,4.0,0.0,0.0,2567.3,1.91,1,8,16,5,20,5,1,0,4,2,266.53
767,14.36,95.88,3,28800.0,0.3073,1.0,0.3073,1.0,3.0,3.0,0.0,0.0,2567.3,2.15,1,8,22,5,20,5,1,1,4,2,260.66
863,33.45,107.88,3,28800.0,0.5584,1.0,0.9307,1.0,5.0,3.0,0.0,0.0,2567.3,2.78,1,7,13,6,20,5,1,0,4,2,245.75
794,9.25,99.25,2,28800.0,0.2467,1.0,0.2467,1.0,2.0,2.0,0.0,0.0,2567.3,2.97,1,7,17,6,20,5,1,0,4,2,241.15
778,44.92,97.25,6,28800.0,0.9379,1.0,0.9379,1.0,3.0,3.0,0.0,0.0,2567.3,3.43,1,7,5,0,21,5,0,1,4,2,230.11
671,21.02,83.88,3,28800.0,0.4508,1.0,0.4508,1.0,3.0,3.0,0.0,0.0,2567.3,3.54,1,7,7,0,21,5,0,0,4,2,227.38
814,11.6,101.75,2,28800.0,0.2792,1.0,0.2792,1.0,2.0,2.0,0.0,0.0,2567.3,3.89,1,6,16,0,21,5,0,0,4,2,218.9
699,22.16,87.38,3,28800.0,0.4959,1.0,0.4959,1.0,2.0,2.0,0.0,0.0,2567.3,4.43,1,6,5,1,21,5,0,1,4,2,206.05
741,30.99,92.62,5,28800.0,0.7366,1.0,0.7366,1.0,5.0,5.0,0.0,0.0,2567.3,4.63,1,6,9,1,21,5,0,0,4,2,201.28
927,40.97,115.88,4,28800.0,0.8,1.0,1.0,1.0,5.0,4.0,0.0,0.0,2567.3,4.95,1,6,17,1,21,5,0,0,4,2,193.63
894,25.32,111.75,2,28800.0,0.6876,1.0,0.6876,1.0,2.0,2.0,0.0,0.0,2567.3,5.16,1,6,22,1,21,5,0,1,4,2,188.5
750,45.11,93.75,3,28800.0,1.0,1.0,1.0,1.0,3.0,3.0,0.0,0.0,2567.3,5.76,1,6,13,2,21,5,0,0,4,2,174.05
672,23.74,84.0,3,28800.0,0.5392,1.0,0.5392,1.0,3.0,3.0,0.0,0.0,2567.3,5.85,1,6,15,2,21,5,0,0,4,2,172.01
748,31.52,93.5,2,28800.0,0.5155,1.0,0.7732,1.0,3.0,2.0,0.0,0.0,2567.3,6.2,1,6,23,2,21,5,0,1,4,2,163.51
613,9.68,76.62,3,28800.0,0.1913,1.0,0.1913,1.0,3.0,3.0,0.0,0.0,2567.3,6.52,1,6,7,3,21,5,0,0,4,2,155.9
626,39.52,78.25,3,28800.0,0.7716,1.0,0.7716,1.0,3.0,3.0,0.0,0.0,2567.3,6.97,1,6,18,3,21,5,0,0,4,2,145.08
839,52.62,104.88,3,28800.0,0.75,1.0,1.0,1.0,4.0,3.0,0.0,0.0,2567.3,7.18,1,6,23,3,21,5,0,1,4,2,140.1
763,41.19,95.89,5,28645.0,0.9946,0.9946,1.0,1.0,5.0,5.0,0.0,0.0,2567.3,7.69,1,5,11,4,21,5,0,0,4,2,127.73
840,26.45,106.11,6,28498.0,0.651,0.9895,0.6579,1.0,6.0,6.0,0.0,0.0,2567.3,7.87,1,5,15,4,21,5,0,0,4,2,123.51
695,24.68,87.27,2,28669.0,0.347,0.9955,0.5229,1.0,3.0,2.0,0.0,0.0,2569.3,8.21,0,5,23,4,21,5,0,1,4,2,115.4
927,10.78,136.28,6,25715.625,0.2987,0.8929374999999999,0.3513,1.0,6.0,6.0,0.0,0.0,2597.83,0.15,1,6,7,5,21,5,1,0,4,2,107.48
841,28.85,120.26,3,25715.625,0.8104,0.8929374999999999,0.927,1.0,3.0,3.0,0.0,0.0,2597.83,0.68,1,6,20,5,21,5,1,0,4,2,94.75
871,12.79,137.59,1,25715.625,0.3744,0.8929374999999999,0.4732,1.0,6.0,5.0,0.0,0.0,2597.83,0.86,1,6,0,6,21,5,1,1,4,2,90.41
762,43.25,97.18,5,28229.0,0.8837,0.9802,0.9016,1.0,5.0,5.0,0.0,0.0,2597.83,1.18,1,6,8,6,21,5,1,0,4,2,82.75
671,9.34,85.94,2,28108.0,0.2036,0.976,0.2086,1.0,2.0,2.0,0.0,0.0,2679.16,1.6,2,6,18,6,21,5,1,0,4,2,72.6
754,27.66,96.62,5,28094.0,0.5245,0.9755,0.6452,1.0,1.0,1.0,0.0,0.0,2679.16,2.05,2,6,5,0,22,5,0,1,4,2,61.78
759,19.25,94.88,3,28800.0,0.4159,1.0,0.4159,1.0,3.0,3.0,0.0,0.0,2679.16,2.27,2,6,10,0,22,5,0,0,4,2,56.53
776,31.17,97.0,4,28800.0,0.7596,1.0,0.7596,1.0,4.0,4.0,0.0,0.0,2679.16,2.52,2,6,16,0,22,5,0,0,4,2,50.43
763,22.19,95.38,1,28800.0,0.5087,1.0,0.5087,1.0,5.0,5.0,0.0,0.0,2679.16,2.85,2,6,0,1,22,5,0,1,4,2,42.7
748,12.8,93.5,3,28800.0,0.195,1.0,0.26,1.0,4.0,3.0,0.0,0.0,2679.16,3.35,2,6,12,1,22,5,0,0,4,2,30.63
752,20.68,94.0,6,28800.0,0.4603,1.0,0.4603,1.0,6.0,6.0,0.0,0.0,2679.16,3.68,2,6,20,1,22,5,0,0,4,2,22.73
865,23.86,108.12,5,28800.0,0.5818,1.0,0.5818,1.0,4.0,4.0,0.0,0.0,2679.16,4.02,2,6,4,2,22,5,0,1,4,2,14.55
765,50.2,95.62,4,28800.0,0.9942,1.0,0.9942,1.0,4.0,4.0,0.0,0.0,2679.16,4.19,2,6,8,2,22,5,0,0,4,2,10.51
851,15.29,106.38,5,28800.0,0.3597,1.0,0.4317,1.0,6.0,5.0,0.0,0.0,2679.16,4.56,2,6,17,2,22,5,0,0,4,2,1.56
836,29.41,104.5,4,28800.0,0.6912,1.0,0.6912,1.0,4.0,4.0,0.0,0.0,2711.26,4.9,3,6,1,3,22,5,0,1,4,2,160.81
744,23.51,93.0,2,28800.0,0.4606,1.0,0.4606,1.0,2.0,2.0,0.0,0.0,2711.26,5.38,3,6,13,3,22,5,0,0,4,2,149.31
798,38.36,99.75,4,28800.0,0.8623,1.0,0.8623,1.0,4.0,4.0,0.0,0.0,2711.26,5.62,3,6,18,3,22,5,0,0,4,2,143.63
817,25.21,102.12,4,28800.0,0.5835,1.0,0.5835,1.0,0.0,0.0,0.0,0.0,2711.26,5.89,3,6,1,4,22,5,0,1,4,2,137.19
790,20.64,104.58,2,27195.0,0.4383,0.9443,0.4642,1.0,2.0,2.0,0.0,0.0,2842.7,6.32,3,6,11,4,22,5,0,0,4,2,126.76
732,38.98,94.44,6,27902.0,0.7892,0.9688,0.8146,1.0,6.0,6.0,0.0,0.0,2842.7,6.43,3,6,14,4,22,5,0,0,4,2,124.04
783,39.21,102.7,0,27446.0,0.7947,0.953,0.8587,1.0,3.0,3.0,0.0,0.0,2842.7,6.94,3,6,2,5,22,5,1,1,4,2,111.99
763,17.02,95.38,6,28800.0,0.3815,1.0,0.3815,1.0,6.0,6.0,0.0,0.0,2842.7,7.49,2,6,15,5,22,5,1,0,4,2,98.63
691,11.75,86.38,3,28800.0,0.2625,1.0,0.2625,1.0,4.0,4.0,0.0,0.0,2842.7,8.04,2,6,5,6,22,5,1,1,4,2,85.43
739,34.58,92.38,4,28800.0,0.8021,1.0,0.8021,1.0,4.0,4.0,0.0,0.0,2842.7,8.08,2,6,6,6,22,5,1,0,4,2,84.49
850,38.68,106.25,3,28800.0,1.0,1.0,1.0,1.0,3.0,3.0,0.0,0.0,2842.7,8.49,1,6,15,6,22,5,1,0,4,2,74.61
717,14.19,89.62,4,28800.0,0.2828,1.0,0.2828,1.0,4.0,4.0,0.0,0.0,2842.7,9.34,1,6,12,0,23,6,0,0,4,2,54.39
755,16.8,94.38,3,28800.0,0.3497,1.0,0.3497,1.0,3.0,3.0,0.0,0.0,2842.7,9.73,1,5,21,0,23,6,0,0,4,2,44.89
874,36.88,109.25,2,28800.0,1.0,1.0,1.0,1.0,2.0,2.0,0.0,0.0,2842.7,9.89,1,5,1,1,23,6,0,1,4,2,41.11
751,14.92,93.88,6,28800.0,0.3447,1.0,0.3447,1.0,6.0,6.0,0.0,0.0,2842.7,10.32,1,5,11,1,23,6,0,0,4,2,30.78
822,33.5,102.75,4,28800.0,0.7261,1.0,0.7261,1.0,4.0,4.0,0.0,0.0,2842.7,10.51,1,4,16,1,23,6,0,0,4,2,26.19
828,27.04,103.5,2,28800.0,0.6687,1.0,0.6687,1.0,2.0,2.0,0.0,0.0,2842.7,11.0,1,4,4,2,23,6,0,1,4,2,14.56
724,40.4,97.55,4,26718.0,0.8884,0.9277,0.9576,1.0,4.0,4.0,0.0,0.0,2842.7,11.23,1,4,9,2,23,6,0,0,4,2,8.93
710,30.97,101.23,3,25715.625,0.6131,0.8929374999999999,0.6993,1.0,3.0,3.0,0.0,0.0,2842.7,11.49,1,4,15,2,23,6,0,0,4,2,2.71
731,29.25,104.19,2,25715.625,0.5635,0.8929374999999999,0.6425,1.0,2.0,2.0,0.0,0.0,2899.79,11.77,1,4,22,2,23,6,0,1,4,2,55.08
861,30.62,107.62,3,28800.0,0.7552,1.0,0.7552,1.0,3.0,3.0,0.0,0.0,2899.79,12.13,1,4,7,3,23,6,0,0,4,2,46.53
649,13.35,81.12,3,28800.0,0.2729,1.0,0.2729,1.0,3.0,3.0,0.0,0.0,2899.79,12.42,1,4,14,3,23,6,0,0,4,2,39.47
784,33.37,98.0,5,28800.0,0.7027,1.0,0.8433,1.0,3.0,3.0,0.0,0.0,2899.79,12.88,1,4,1,4,23,6,0,1,4,2,28.55
867,27.35,108.38,4,28800.0,0.5337,1.0,0.6671,1.0,5.0,4.0,0.0,0.0,2899.79,13.09,1,4,6,4,23,6,0,0,4,2,23.33
746,45.18,93.25,4,28800.0,0.8872,1.0,0.8872,1.0,4.0,4.0,0.0,0.0,2899.79,13.73,1,4,21,4,23,6,0,0,4,2,8.0
668,20.78,83.5,3,28800.0,0.4119,1.0,0.4119,1.0,5.0,4.0,0.0,0.0,2899.79,14.0,1,4,4,5,23,6,1,1,4,2,1.58
645,44.98,81.8,3,28386.0,0.8421,0.9856,0.8544,1.0,3.0,3.0,0.0,0.0,2922.85,14.33,2,4,12,5,23,6,1,0,4,2,16.99
787,31.55,99.58,3,28452.0,0.7681,0.9879,0.7775,1.0,3.0,3.0,0.0,0.0,2922.85,14.46,2,4,15,5,23,6,1,0,4,2,14.06
831,47.29,106.23,4,28161.0,0.7822,0.9778,1.0,1.0,1.0,1.0,0.0,0.0,2922.85,14.9,2,4,1,6,23,6,1,1,4,2,3.36
636,31.78,86.75,3,26394.0,0.5535,0.9165,0.6039,1.0,3.0,3.0,0.0,0.0,2922.85,15.12,3,4,6,6,23,6,1,0,4,2,77.24
787,24.29,102.95,2,27520.0,0.6545,0.9556,0.6849,1.0,2.0,2.0,0.0,0.0,3000.03,15.51,3,4,16,6,23,6,1,0,4,2,67.87
863,40.92,115.9,1,26807.0,0.9308,0.9308,1.0,1.0,1.0,1.0,0.0,0.0,3000.03,15.81,3,4,23,6,23,6,1,1,4,2,60.74
836,35.79,104.5,5,28800.0,1.0,1.0,1.0,1.0,5.0,5.0,0.0,0.0,3000.03,16.1,3,4,6,0,24,6,0,0,4,2,53.64
666,27.76,83.25,5,28800.0,0.4997,1.0,0.4997,1.0,5.0,5.0,0.0,0.0,3000.03,16.68,3,4,20,0,24,6,0,0,4,2,39.71
612,24.32,76.5,3,28800.0,0.4711,1.0,0.4711,1.0,3.0,3.0,0.0,0.0,3000.03,17.3,3,4,11,1,24,6,0,0,4,2,24.96
927,31.59,115.88,2,28800.0,0.8375,1.0,0.8375,1.0,2.0,2.0,0.0,0.0,3000.03,17.68,3,4,20,1,24,6,0,0,4,2,15.69
750,20.12,93.75,4,28800.0,0.3924,1.0,0.3924,1.0,4.0,4.0,0.0,0.0,3000.03,17.99,3,4,3,2,24,6,0,1,4,2,8.39
808,21.4,113.74,2,25715.625,0.2761,0.8929374999999999,0.6218,1.0,4.0,2.0,0.0,0.0,3000.03,18.14,3,4,7,2,24,6,0,0,4,2,4.79
785,40.74,109.42,4,25828.0,0.8434,0.8968,0.9404,1.0,4.0,4.0,0.0,0.0,3110.86,18.45,4,4,14,2,24,6,0,0,4,2,110.77
715,41.5,94.88,4,27128.0,0.7748,0.9419,0.8226,1.0,4.0,3.0,0.0,0.0,3110.86,18.88,3,3,1,3,24,6,0,1,4,2,100.34
736,10.91,92.0,5,28800.0,0.2632,1.0,0.2632,1.0,5.0,5.0,0.0,0.0,3110.86,19.3,3,3,11,3,24,6,0,0,4,2,90.3
817,48.24,102.12,3,28800.0,1.0,1.0,1.0,1.0,3.0,3.0,0.0,0.0,3110.86,19.69,3,2,20,3,24,6,0,0,4,2,80.9
872,46.71,109.0,3,28800.0,0.75,1.0,1.0,1.0,2.0,2.0,0.0,0.0,3110.86,20.06,3,2,5,4,24,6,0,1,4,2,72.1
813,12.93,101.62,2,28800.0,0.3111,1.0,0.3111,1.0,2.0,2.0,0.0,0.0,3110.86,20.39,3,2,13,4,24,6,0,0,4,2,64.05
780,18.55,97.5,6,28800.0,0.4008,1.0,0.4008,1.0,6.0,6.0,0.0,0.0,3110.86,20.58,3,2,17,4,24,6,0,0,4,2,59.65
677,32.05,84.62,2,28800.0,0.6434,1.0,0.6434,1.0,2.0,2.0,0.0,0.0,3110.86,20.81,3,2,23,4,24,6,0,1,4,2,54.1
832,11.53,104.0,3,28800.0,0.3259,1.0,0.3259,1.0,3.0,3.0,0.0,0.0,3110.86,21.1,2,2,6,5,24,6,1,0,4,2,47.07
732,32.24,91.5,5,28800.0,0.7577,1.0,0.7577,1.0,5.0,5.0,0.0,0.0,3110.86,21.47,2,1,15,5,24,6,1,0,4,2,38.2
696,19.03,87.0,2,28800.0,0.4391,1.0,0.4391,1.0,2.0,2.0,0.0,0.0,3110.86,21.77,2,1,22,5,24,6,1,1,4,2,30.94
787,23.36,98.38,3,28800.0,0.5192,1.0,0.5192,1.0,3.0,3.0,0.0,0.0,3110.86,22.32,1,1,11,6,24,6,1,0,4,2,17.74
729,36.22,91.12,6,28800.0,0.7285,1.0,0.7285,1.0,6.0,6.0,0.0,0.0,3110.86,22.73,1,1,21,6,24,6,1,0,4,2,8.1
894,12.26,111.75,4,28800.0,0.251,1.0,0.3138,1.0,5.0,4.0,0.0,0.0,3110.86,22.8,1,1,23,6,24,6,1,1,4,2,6.32
652,13.74,85.41,2,27482.0,0.2703,0.9542,0.2833,1.0,2.0,2.0,0.0,0.0,3124.77,23.24,2,1,9,0,25,6,0,0,4,2,80.7
740,27.39,100.62,4,26477.0,0.7014,0.9193,0.763,1.0,4.0,4.0,0.0,0.0,3124.77,23.58,2,1,18,0,25,6,0,0,4,2,72.47
774,17.97,108.46,5,25715.625,0.427,0.8929374999999999,0.4787,1.0,3.0,3.0,0.0,0.0,3194.09,0.35,2,2,5,1,25,6,0,1,4,2,60.93
776,42.83,97.0,3,28800.0,0.75,1.0,1.0,1.0,4.0,3.0,0.0,0.0,3194.09,0.48,2,2,8,1,25,6,0,0,4,2,57.92
782,39.52,97.75,6,28800.0,0.823,1.0,0.823,1.0,6.0,6.0,0.0,0.0,3194.09,0.81,2,2,16,1,25,6,0,0,4,2,49.8
665,31.96,83.12,3,28800.0,0.5489,1.0,0.5489,1.0,6.0,6.0,0.0,0.0,3194.09,1.15,2,2,0,2,25,6,0,1,4,2,41.78
757,48.63,94.62,5,28800.0,0.9512,1.0,0.9512,1.0,5.0,5.0,0.0,0.0,3194.09,1.41,2,2,7,2,25,6,0,0,4,2,35.53
737,20.25,92.12,4,28800.0,0.5034,1.0,0.5034,1.0,4.0,4.0,0.0,0.0,3194.09,1.85,1,2,17,2,25,6,0,0,4,2,24.92
746,34.98,93.25,6,28800.0,0.7605,1.0,0.7605,1.0,6.0,6.0,0.0,0.0,3194.09,2.24,1,2,3,3,25,6,0,1,4,2,15.52
881,15.22,118.88,6,26678.0,0.3784,0.9263,0.4085,1.0,6.0,6.0,0.0,0.0,3194.09,2.65,1,2,13,3,25,6,0,0,4,2,5.6
766,42.17,100.98,6,27309.0,0.9482,0.9482,1.0,1.0,6.0,6.0,0.0,0.0,3194.09,2.91,2,2,19,3,25,6,0,0,4,2,161.83
778,11.37,107.07,6,26159.0,0.2599,0.9083,0.2861,1.0,2.0,2.0,0.0,0.0,3333.09,3.24,2,2,2,4,25,6,0,1,4,2,153.93
870,12.02,108.75,6,28800.0,0.2831,1.0,0.2831,1.0,6.0,6.0,0.0,0.0,3333.09,3.38,2,2,6,4,25,6,0,0,4,2,150.53
715,41.5,89.38,5,28800.0,0.8344,1.0,0.8344,1.0,5.0,5.0,0.0,0.0,3333.09,3.88,2,2,18,4,25,6,0,0,4,2,138.6
810,40.71,101.25,2,28800.0,0.8682,1.0,0.8682,1.0,4.0,3.0,0.0,0.0,3333.09,4.3,2,2,4,5,25,6,1,1,4,2,128.53
726,35.75,90.75,5,28800.0,0.7739,1.0,0.7739,1.0,5.0,5.0,0.0,0.0,3333.09,4.45,2,2,8,5,25,6,1,0,4,2,124.76
775,38.0,96.88,3,28800.0,0.92,1.0,0.92,1.0,3.0,3.0,0.0,0.0,3333.09,4.89,2,2,18,5,25,6,1,0,4,2,114.35
665,33.84,83.12,3,28800.0,0.4946,1.0,0.6595,1.0,3.0,2.0,0.0,0.0,3333.09,5.25,2,2,3,6,25,6,1,1,4,2,105.65
741,9.6,92.62,2,28800.0,0.2282,1.0,0.2282,1.0,2.0,2.0,0.0,0.0,3333.09,5.46,2,2,8,6,25,6,1,0,4,2,100.5
842,34.6,105.25,3,28800.0,0.6424,1.0,0.8566,1.0,4.0,3.0,0.0,0.0,3333.09,5.75,2,2,15,6,25,6,1,0,4,2,93.6
674,9.2,84.25,2,28800.0,0.1403,1.0,0.2104,1.0,3.0,2.0,0.0,0.0,3333.09,6.08,2,2,23,6,25,6,1,1,4,2,85.7
888,38.96,111.0,4,28800.0,0.9139,1.0,0.9139,1.0,4.0,4.0,0.0,0.0,3333.09,6.55,1,1,10,0,26,6,0,0,4,2,74.31
604,9.79,75.5,4,28800.0,0.1785,1.0,0.1785,1.0,4.0,4.0,0.0,0.0,3333.09,6.93,1,1,19,0,26,6,0,0,4,2,65.36
709,22.35,88.62,4,28800.0,0.3348,1.0,0.4185,1.0,5.0,4.0,0.0,0.0,3333.09,7.55,1,1,10,1,26,6,0,0,4,2,50.35
717,19.4,89.62,6,28800.0,0.4362,1.0,0.4362,1.0,6.0,6.0,0.0,0.0,3333.09,7.77,1,1,15,1,26,6,0,0,4,2,45.15
846,19.83,105.75,5,28800.0,0.3556,1.0,0.4979,1.0,1.0,0.0,0.0,0.0,3333.09,8.34,1,1,5,2,26,6,0,1,4,2,31.55
757,32.13,102.15,3,26679.0,0.526,0.9264,0.757,1.0,4.0,3.0,0.0,0.0,3333.09,8.51,1,1,9,2,26,6,0,0,4,2,27.28
692,28.15,92.31,6,26987.0,0.5147,0.937,0.5493,1.0,6.0,6.0,0.0,0.0,3333.09,8.77,1,2,15,2,26,6,0,0,4,2,21.15
843,21.52,110.04,0,27580.0,0.0,0.9576,0.571,1.0,4.0,4.0,0.0,0.0,3353.27,0.34,1,2,0,3,26,6,0,1,4,2,12.0
622,25.09,94.54,3,25715.625,0.4346,0.8929374999999999,0.5284,1.0,3.0,3.0,0.0,0.0,3353.27,0.79,1,2,11,3,26,6,0,0,4,2,1.23
795,43.37,111.02,5,25780.0,0.8951,0.8951,1.0,1.0,5.0,5.0,0.0,0.0,3353.27,0.96,2,2,15,3,26,6,0,0,4,2,57.28
716,41.48,116.1,4,25715.625,0.7709,0.8929374999999999,1.0,1.0,4.0,4.0,0.0,0.0,3401.94,1.31,1,2,0,4,26,6,0,1,4,2,48.81
694,21.18,86.75,5,28800.0,0.4933,1.0,0.4933,1.0,5.0,5.0,0.0,0.0,3401.94,1.6,1,2,7,4,26,6,0,0,4,2,41.73
801,13.78,100.12,6,28800.0,0.378,1.0,0.378,1.0,6.0,6.0,0.0,0.0,3401.94,2.05,1,2,17,4,26,6,0,0,4,2,31.05
775,18.36,96.88,4,28800.0,0.3679,1.0,0.3679,1.0,6.0,5.0,0.0,0.0,3401.94,2.48,1,2,4,5,26,6,1,1,4,2,20.8
733,22.15,94.91,6,27802.0,0.4823,0.9653,0.4996,1.0,6.0,6.0,0.0,0.0,3401.94,2.84,1,2,12,5,26,6,1,0,4,2,12.0
725,13.46,93.69,5,27859.0,0.3119,0.9673,0.3224,1.0,5.0,5.0,0.0,0.0,3401.94,2.98,1,2,16,5,26,6,1,0,4,2,8.63
825,14.9,105.26,5,28217.0,0.2698,0.9798,0.3304,1.0,6.0,5.0,0.0,0.0,3408.77,0.21,1,3,23,5,26,6,1,1,4,2,1.75
743,32.38,105.97,2,25715.625,0.8171,0.8929374999999999,0.9323,1.0,2.0,2.0,0.0,0.0,3432.07,0.57,2,3,7,6,26,6,1,0,4,2,296.72
751,46.95,102.79,5,26303.0,0.9133,0.9133,1.0,1.0,5.0,5.0,0.0,0.0,3432.07,1.08,2,3,20,6,26,6,1,0,4,2,284.43
680,34.55,97.33,3,25715.625,0.7103,0.8929374999999999,0.8133,1.0,3.0,3.0,0.0,0.0,3432.07,1.17,2,3,22,6,26,6,1,1,4,2,282.37
843,38.44,142.57,4,25715.625,0.7391,0.8929374999999999,1.0,1.0,4.0,4.0,0.0,0.0,3495.95,0.08,2,4,8,0,27,6,0,0,4,2,271.55
780,12.64,109.87,6,25715.625,0.2597,0.8929374999999999,0.2927,1.0,6.0,6.0,0.0,0.0,3495.95,0.6,2,4,21,0,27,6,0,0,4,2,259.12
849,14.86,120.28,4,25715.625,0.3361,0.8929374999999999,0.3809,1.0,5.0,5.0,0.0,0.0,3495.95,0.83,2,4,2,1,27,6,0,1,4,2,253.55
870,45.12,108.75,2,28800.0,1.0,1.0,1.0,1.0,2.0,2.0,0.0,0.0,3495.95,1.23,2,4,12,1,27,6,0,0,4,2,243.8
714,25.33,89.25,4,28800.0,0.3344,1.0,0.5015,1.0,6.0,4.0,0.0,0.0,3495.95,1.33,2,4,14,1,27,6,0,0,4,2,241.6
727,13.45,90.88,5,28800.0,0.2994,1.0,0.2994,1.0,1.0,1.0,0.0,0.0,3495.95,1.88,2,4,4,2,27,7,0,1,4,2,228.37
881,13.77,110.12,5,28800.0,0.4188,1.0,0.4188,1.0,5.0,5.0,0.0,0.0,3495.95,1.99,2,4,6,2,27,7,0,0,4,2,225.77
661,33.17,82.62,2,28800.0,0.712,1.0,0.712,1.0,2.0,2.0,0.0,0.0,3495.95,2.56,2,4,20,2,27,7,0,0,4,2,212.03
822,25.72,102.75,1,28800.0,0.6331,1.0,0.6331,1.0,3.0,3.0,0.0,0.0,3495.95,2.71,2,5,0,3,27,7,0,1,4,2,208.42
836,39.92,104.5,2,28800.0,1.0,1.0,1.0,1.0,2.0,2.0,0.0,0.0,3683.39,2.99,2,5,6,3,27,7,0,0,4,2,201.75
786,45.41,98.25,6,28800.0,0.9372,1.0,0.9372,1.0,6.0,6.0,0.0,0.0,3683.39,3.56,1,5,20,3,27,7,0,0,4,2,187.88
798,16.17,99.75,3,28800.0,0.4334,1.0,0.4334,1.0,3.0,3.0,0.0,0.0,3683.39,3.63,1,5,22,3,27,7,0,1,4,2,186.37
683,48.73,85.38,2,28800.0,0.617,1.0,0.9254,1.0,3.0,2.0,0.0,0.0,3683.39,4.25,1,5,13,4,27,7,0,0,4,2,171.38
664,38.96,83.0,2,28800.0,0.6688,1.0,0.6688,1.0,2.0,2.0,0.0,0.0,3683.39,4.48,1,5,18,4,27,7,0,0,4,2,165.87
666,18.07,83.25,4,28800.0,0.2822,1.0,0.3527,1.0,6.0,6.0,0.0,0.0,3683.39,4.73,1,5,0,5,27,7,1,1,4,2,159.92
764,38.02,95.5,6,28800.0,0.9221,1.0,0.9221,1.0,6.0,6.0,0.0,0.0,3683.39,5.27,1,5,13,5,27,7,1,0,4,2,146.85
794,34.53,99.25,3,28800.0,0.7157,1.0,0.7157,1.0,3.0,3.0,0.0,0.0,3683.39,5.38,1,5,16,5,27,7,1,0,4,2,144.25
622,30.53,77.75,6,28800.0,0.5462,1.0,0.5462,1.0,7.0,6.0,0.0,0.0,3683.39,5.79,0,5,2,6,27,7,1,1,4,2,134.4
806,15.87,100.75,2,28800.0,0.443,1.0,0.443,1.0,2.0,2.0,0.0,0.0,3683.39,6.22,0,5,12,6,27,7,1,0,4,2,124.17
783,12.33,97.88,5,28800.0,0.2798,1.0,0.2798,1.0,5.0,5.0,0.0,0.0,3683.39,6.42,0,5,17,6,27,7,1,0,4,2,119.32
632,51.2,79.0,6,28800.0,0.7494,1.0,0.8743,1.0,3.0,3.0,0.0,0.0,3683.39,6.93,0,5,5,0,28,7,0,1,4,2,107.0
853,41.42,106.62,2,28800.0,0.9673,1.0,0.9673,1.0,2.0,2.0,0.0,0.0,3683.39,7.26,0,5,13,0,28,7,0,0,4,2,99.23
890,19.24,111.25,6,28800.0,0.5445,1.0,0.5445,1.0,6.0,6.0,0.0,0.0,3683.39,7.34,0,5,15,0,28,7,0,0,4,2,97.17
818,33.87,102.25,3,28800.0,0.747,1.0,0.747,1.0,3.0,3.0,0.0,0.0,3683.39,7.8,0,5,2,1,28,7,0,1,4,2,86.17
646,28.98,80.75,4,28800.0,0.6202,1.0,0.6202,1.0,4.0,4.0,0.0,0.0,3683.39,8.06,0,5,8,1,28,7,0,0,4,2,79.93
867,30.5,108.38,3,28800.0,0.7598,1.0,0.7598,1.0,3.0,3.0,0.0,0.0,3683.39,8.31,0,5,14,1,28,7,0,0,4,2,73.87
704,15.07,88.0,3,28800.0,0.3305,1.0,0.3305,1.0,5.0,5.0,0.0,0.0,3683.39,8.8,0,5,2,2,28,7,0,1,4,2,62.17
753,35.26,94.12,5,28800.0,0.7271,1.0,0.7271,1.0,5.0,5.0,0.0,0.0,3683.39,9.02,0,5,7,2,28,7,0,0,4,2,57.02
789,53.43,98.62,2,28800.0,1.0,1.0,1.0,1.0,2.0,2.0,0.0,0.0,3683.39,9.6,0,5,21,2,28,7,0,0,4,2,43.07
686,12.16,85.75,5,28800.0,0.2611,1.0,0.2611,1.0,7.0,7.0,0.0,0.0,3683.39,9.84,0,5,3,3,28,7,0,1,4,2,37.18
803,37.23,100.38,6,28800.0,0.8549,1.0,0.8549,1.0,6.0,6.0,0.0,0.0,3683.39,10.25,0,5,13,3,28,7,0,0,4,2,27.47
889,30.35,111.12,4,28800.0,0.8958,1.0,0.8958,1.0,4.0,4.0,0.0,0.0,3683.39,10.36,0,5,15,3,28,7,0,0,4,2,24.83
771,47.3,96.38,7,28800.0,1.0,1.0,1.0,1.0,4.0,4.0,0.0,0.0,3683.39,10.75,0,5,1,4,28,7,0,1,4,2,15.4
695,14.5,96.85,5,25834.0,0.3371,0.897,0.3758,1.0,5.0,5.0,0.0,0.0,3697.77,11.1,0,5,9,4,28,7,0,0,4,2,6.97
830,23.04,127.39,5,25715.625,0.4339,0.8929374999999999,0.6394,1.0,6.0,5.0,0.0,0.0,3705.46,11.59,1,5,21,4,28,7,0,0,4,2,62.45
801,42.79,109.63,4,26302.0,0.9133,0.9133,1.0,1.0,4.0,4.0,0.0,0.0,3705.46,11.69,1,5,23,4,28,7,0,1,4,2,60.17
825,37.21,104.05,3,28543.0,0.8964,0.9911,0.9044,1.0,3.0,3.0,0.0,0.0,3751.09,12.14,2,5,10,5,28,7,1,0,4,2,49.29
779,21.06,98.13,3,28579.0,0.4414,0.9923,0.4448,1.0,3.0,3.0,0.0,0.0,3751.09,12.5,2,5,19,5,28,7,1,0,4,2,40.77
778,19.84,97.75,3,28653.0,0.4925,0.9949,0.495,1.0,3.0,3.0,0.0,0.0,3751.09,12.7,2,5,23,5,28,7,1,1,4,2,35.85
899,21.66,112.38,6,28800.0,0.5797,1.0,0.5797,1.0,6.0,6.0,0.0,0.0,3751.09,13.09,2,5,9,6,28,7,1,0,4,2,26.67
716,14.79,89.5,2,28800.0,0.315,1.0,0.315,1.0,2.0,2.0,0.0,0.0,3751.09,13.37,2,5,16,6,28,7,1,0,4,2,19.8
731,11.59,91.38,6,28800.0,0.2721,1.0,0.2721,1.0,6.0,6.0,0.0,0.0,3751.09,13.62,2,5,22,6,28,7,1,1,4,2,13.75
749,21.76,105.98,6,25715.625,0.4673,0.8929374999999999,0.529,1.0,6.0,6.0,0.0,0.0,3761.13,14.14,2,5,10,0,29,7,0,0,4,2,1.29
778,18.67,108.55,5,25802.0,0.4115,0.8959,0.5512,1.0,6.0,5.0,0.0,0.0,3803.94,14.4,3,5,16,0,29,7,0,0,4,2,59.99
755,22.11,107.35,6,25715.625,0.4861,0.8929374999999999,0.5529,1.0,4.0,4.0,0.0,0.0,3803.94,14.94,3,5,5,1,29,7,0,1,4,2,46.91
619,40.1,77.38,2,28800.0,0.7445,1.0,0.7445,1.0,2.0,2.0,0.0,0.0,3803.94,15.22,3,5,12,1,29,7,0,0,4,2,40.36
755,42.02,94.38,4,28800.0,0.8696,1.0,0.8696,1.0,4.0,4.0,0.0,0.0,3803.94,15.57,3,5,20,1,29,7,0,0,4,2,31.86
911,14.8,113.88,4,28800.0,0.3771,1.0,0.3771,1.0,3.0,3.0,0.0,0.0,3803.94,15.8,3,5,2,2,29,7,0,1,4,2,26.29
781,39.98,99.9,3,28145.0,0.9489,0.9773,0.9709,1.0,3.0,3.0,0.0,0.0,3803.94,16.02,3,5,7,2,29,7,0,0,4,2,21.14
712,17.35,90.3,3,28386.0,0.3753,0.9856,0.3808,1.0,3.0,3.0,0.0,0.0,3824.33,16.52,3,5,19,2,29,7,0,0,4,2,9.16
862,24.17,109.1,3,28444.0,0.5986,0.9876,0.6061,1.0,5.0,5.0,0.0,0.0,3824.33,16.77,3,4,1,3,29,7,0,1,4,2,3.21
891,40.46,117.94,3,27197.0,0.9443,0.9443,1.0,1.0,3.0,3.0,0.0,0.0,3933.73,17.1,4,4,9,3,29,7,0,0,4,2,106.89
673,36.9,95.5,5,25715.625,0.702,0.8929374999999999,0.7969,1.0,5.0,5.0,0.0,0.0,3933.73,17.48,4,4,18,3,29,7,0,0,4,2,97.89
919,17.33,131.42,5,25715.625,0.435,0.8929374999999999,0.4976,1.0,4.0,4.0,0.0,0.0,3933.73,17.89,4,4,4,4,29,7,0,1,4,2,87.97
917,31.86,114.62,5,28800.0,0.6931,1.0,0.8317,1.0,6.0,5.0,0.0,0.0,3933.73,18.15,4,4,10,4,29,7,0,0,4,2,81.89
822,20.27,102.75,4,28800.0,0.4318,1.0,0.4318,1.0,4.0,4.0,0.0,0.0,3933.73,18.55,3,4,20,4,29,7,0,0,4,2,72.14
614,11.07,76.75,4,28800.0,0.2062,1.0,0.2062,1.0,2.0,2.0,0.0,0.0,3933.73,18.92,2,4,5,5,29,7,1,1,4,2,63.27
688,33.98,86.0,4,28800.0,0.6546,1.0,0.6546,1.0,4.0,4.0,0.0,0.0,3933.73,19.16,2,4,10,5,29,7,1,0,4,2,57.65
756,22.53,94.5,6,28800.0,0.5295,1.0,0.5295,1.0,6.0,6.0,0.0,0.0,3933.73,19.53,2,4,19,5,29,7,1,0,4,2,48.55
651,31.76,81.38,2,28800.0,0.5323,1.0,0.5323,1.0,2.0,2.0,0.0,0.0,3933.73,19.68,2,4,23,5,29,7,1,1,4,2,45.02
833,9.19,104.12,4,28800.0,0.2528,1.0,0.2528,1.0,4.0,4.0,0.0,0.0,3933.73,20.26,2,4,13,6,29,7,1,0,4,2,31.14
756,26.46,94.5,3,28800.0,0.5381,1.0,0.5381,1.0,4.0,4.0,0.0,0.0,3933.73,20.76,2,4,1,0,30,7,0,1,4,2,19.12
815,29.81,110.8,6,26481.0,0.7043,0.9195,0.766,1.0,6.0,6.0,0.0,0.0,3933.73,21.24,1,4,12,0,30,7,0,0,4,2,7.72
850,9.94,116.22,4,26330.0,0.1658,0.9142,0.2721,1.0,6.0,4.0,0.0,0.0,3933.73,21.47,1,4,18,0,30,7,0,0,4,2,2.0
706,14.47,96.23,4,26412.0,0.3302,0.9171,0.3601,1.0,4.0,4.0,0.0,0.0,3940.57,21.93,2,4,5,1,30,7,0,1,4,2,99.92
720,10.13,91.33,5,28380.0,0.2258,0.9854,0.2291,1.0,5.0,5.0,0.0,0.0,4039.36,22.13,3,4,10,1,30,7,0,0,4,2,95.32
801,13.06,102.59,5,28109.0,0.3271,0.976,0.3351,1.0,5.0,5.0,0.0,0.0,4039.36,22.5,3,4,19,1,30,7,0,0,4,2,86.34
917,17.65,115.78,4,28512.0,0.5346,0.99,0.54,1.0,5.0,5.0,0.0,0.0,4039.36,22.73,3,4,0,2,30,7,0,1,4,2,80.74
718,47.0,89.75,5,28800.0,0.8938,1.0,0.8938,1.0,5.0,5.0,0.0,0.0,4039.36,23.17,3,4,11,2,30,7,0,0,4,2,70.26
709,22.84,88.62,3,28800.0,0.5012,1.0,0.5012,1.0,3.0,3.0,0.0,0.0,4039.36,23.37,3,4,15,2,30,7,0,0,4,2,65.57
658,14.82,82.25,5,28800.0,0.2522,1.0,0.2522,1.0,2.0,2.0,0.0,0.0,4039.36,23.78,3,4,1,3,30,7,0,1,4,2,55.74
741,41.52,92.62,4,28800.0,0.9244,1.0,0.9244,1.0,4.0,4.0,0.0,0.0,4039.36,24.22,2,4,12,3,30,7,0,0,4,2,45.12
704,27.46,88.0,4,28800.0,0.662,1.0,0.662,1.0,4.0,4.0,0.0,0.0,4039.36,24.44,2,4,17,3,30,7,0,0,4,2,39.74
855,9.56,106.88,2,28800.0,0.2565,1.0,0.2565,1.0,5.0,5.0,0.0,0.0,4039.36,24.74,2,4,0,4,30,7,0,1,4,2,32.52
719,15.79,89.88,1,28800.0,0.1671,1.0,0.3343,1.0,2.0,1.0,0.0,0.0,4039.36,24.783749,2,4,7,4,30,7,0,0,4,2,25.76
899,18.58,112.38,6,28800.0,0.5229,1.0,0.5229,1.0,6.0,6.0,0.0,0.0,4039.36,24.783749,2,4,15,4,30,7,0,0,4,2,18.21
828,42.02,103.5,5,28800.0,0.9189,1.0,0.9189,1.0,5.0,5.0,0.0,0.0,4039.36,24.783749,2,3,23,4,30,7,0,1,4,2,9.51
694,17.13,96.34,3,25932.0,0.3588,0.9004,0.3985,1.0,3.0,3.0,0.0,0.0,4039.36,24.783749,2,3,8,5,30,7,1,0,4,2,1.21
761,48.85,111.79,3,25715.625,0.5105,0.8929374999999999,1.0,1.0,5.0,3.0,0.0,0.0,4110.23,24.783749,3,3,18,5,30,7,1,0,4,2,64.41
714,30.79,108.06,2,25715.625,0.7135,0.8929374999999999,0.8639,1.0,4.0,4.0,0.0,0.0,4110.23,24.783749,3,3,1,6,30,7,1,1,4,2,57.97
894,9.4,111.75,5,28800.0,0.2137,1.0,0.2564,1.0,6.0,5.0,0.0,0.0,4110.23,24.783749,3,3,6,6,30,7,1,0,4,2,52.82
769,37.34,96.12,3,28800.0,0.949,1.0,0.949,1.0,3.0,3.0,0.0,0.0,4110.23,24.783749,3,3,15,6,30,7,1,0,4,2,43.26
695,35.72,86.88,3,28800.0,0.6443,1.0,0.6443,1.0,3.0,3.0,0.0,0.0,4110.23,24.783749,3,3,13,0,31,7,0,0,4,2,21.79
831,46.06,103.88,5,28800.0,1.0,1.0,1.0,1.0,5.0,5.0,0.0,0.0,4110.23,24.783749,3,2,20,0,31,7,0,0,4,2,15.19
848,24.17,106.0,4,28800.0,0.5821,1.0,0.5821,1.0,3.0,3.0,0.0,0.0,4110.23,24.783749,2,2,0,1,31,7,0,1,4,2,10.92
690,38.37,89.27,6,27826.0,0.6883,0.9662,0.7124,1.0,6.0,6.0,0.0,0.0,4110.23,24.783749,1,2,10,1,31,7,0,0,4,2,0.51
992,22.73,124.0,4,28800.0,0.7082,1.0,0.7082,1.0,4.0,4.0,0.0,0.0,38.7,,0,0,11,6,5,2,1,0,11,0,188.15
907,32.71,113.38,4,28800.0,0.6667,1.0,1.0,1.0,6.0,4.0,0.0,0.0,38.7,,0,0,16,6,5,2,1,0,11,0,183.3
950,20.57,132.37,3,25837.0,0.6119,0.8971,0.6821,1.0,3.0,3.0,0.0,0.0,38.7,,0,0,8,0,6,2,0,0,11,0,167.08
777,37.74,105.74,2,26454.0,0.9073,0.9185,0.9878,1.0,2.0,2.0,0.0,0.0,155.03,0.04,0,1,17,0,6,2,0,0,11,0,158.36
915,50.35,121.8,3,27045.0,0.9391,0.9391,1.0,1.0,3.0,3.0,0.0,0.0,155.03,0.46,0,1,3,1,6,2,0,1,11,0,148.38
1002,23.22,125.25,5,28800.0,0.7748,1.0,0.7748,1.0,5.0,5.0,0.0,0.0,155.03,0.87,0,1,13,1,6,2,0,0,11,0,138.6
856,24.87,107.0,5,28800.0,0.7145,1.0,0.7145,1.0,5.0,5.0,0.0,0.0,155.03,0.96,0,1,15,1,6,2,0,0,11,0,136.31
952,22.18,119.0,3,28800.0,0.6231,1.0,0.6231,1.0,7.0,7.0,0.0,0.0,155.03,1.51,0,1,4,2,6,2,0,1,11,0,123.11
1046,45.95,130.75,5,28800.0,1.0,1.0,1.0,1.0,5.0,5.0,0.0,0.0,155.03,1.58,0,1,6,2,6,2,0,0,11,0,121.6
862,49.43,107.75,6,28800.0,1.0,1.0,1.0,1.0,6.0,6.0,0.0,0.0,155.03,2.06,0,1,17,2,6,2,0,0,11,0,110.01
977,14.43,122.12,7,28800.0,0.4814,1.0,0.4814,1.0,2.0,2.0,0.0,0.0,155.03,2.39,0,1,1,3,6,2,0,1,11,0,102.01
796,24.02,99.5,4,28800.0,0.5058,1.0,0.5058,1.0,4.0,4.0,0.0,0.0,155.03,2.61,0,1,7,3,6,2,0,0,11,0,96.8
892,43.95,111.5,3,28800.0,1.0,1.0,1.0,1.0,3.0,3.0,0.0,0.0,155.03,3.21,0,1,21,3,6,2,0,0,11,0,82.48
1030,40.46,128.75,2,28800.0,1.0,1.0,1.0,1.0,7.0,6.0,0.0,0.0,155.03,3.45,0,1,3,4,6,2,0,1,11,0,76.71
927,20.07,115.88,6,28800.0,0.5704,1.0,0.5704,1.0,6.0,6.0,0.0,0.0,155.03,3.56,0,1,6,4,6,2,0,0,11,0,73.86
1012,51.61,126.5,3,28800.0,1.0,1.0,1.0,1.0,3.0,3.0,0.0,0.0,155.03,4.02,0,1,16,4,6,2,0,0,11,0,63.01
1050,39.33,131.25,6,28800.0,0.8571,1.0,1.0,1.0,3.0,3.0,0.0,0.0,155.03,4.46,0,1,3,5,6,2,1,1,11,0,52.28
989,25.41,164.34,2,25715.625,0.7523,0.8929374999999999,1.0,1.0,2.0,2.0,0.0,0.0,155.03,4.84,0,1,12,5,6,2,1,0,11,0,43.25
958,12.64,152.53,3,25715.625,0.3752,0.8929374999999999,0.4779,1.0,3.0,3.0,0.0,0.0,193.7,0.38,0,2,2,6,6,2,1,1,11,0,29.56
962,33.68,120.25,4,28800.0,0.9086,1.0,0.9086,1.0,4.0,4.0,0.0,0.0,193.7,0.99,0,2,17,6,6,2,1,0,11,0,14.88
1050,36.91,131.25,3,28800.0,1.0,1.0,1.0,1.0,4.0,4.0,0.0,0.0,193.7,1.39,0,2,2,0,7,2,0,1,11,0,5.38
1025,36.59,137.11,2,26912.0,0.9344,0.9344,1.0,1.0,2.0,2.0,0.0,0.0,254.82,1.72,1,2,10,0,7,2,0,0,11,0,60.11
952,22.38,127.32,2,26919.0,0.3996,0.9347,0.6412,1.0,3.0,2.0,0.0,0.0,254.82,2.18,1,2,21,0,7,2,0,0,11,0,49.09
759,37.62,94.88,2,28800.0,0.7435,1.0,0.7435,1.0,2.0,2.0,0.0,0.0,254.82,2.68,1,2,9,1,7,2,0,0,11,0,36.98
846,19.62,105.75,4,28800.0,0.5276,1.0,0.5276,1.0,4.0,4.0,0.0,0.0,254.82,3.11,1,2,19,1,7,2,0,0,11,0,26.71
840,34.93,105.0,0,28800.0,0.9175,1.0,0.9453,1.0,7.0,7.0,0.0,0.0,254.82,3.5,1,2,5,2,7,2,0,1,11,0,17.33
973,17.49,131.24,3,26690.0,0.4885,0.9267,0.5271,1.0,3.0,3.0,0.0,0.0,254.82,3.63,1,2,8,2,7,2,0,0,11,0,14.38
907,38.0,124.85,3,26153.0,0.9081,0.9081,1.0,1.0,3.0,3.0,0.0,0.0,254.82,3.95,1,2,16,2,7,2,0,0,11,0,6.63
986,38.39,138.27,7,25715.625,0.8914,0.8929374999999999,1.0,1.0,5.0,5.0,0.0,0.0,308.07,4.47,2,2,4,3,7,2,0,1,11,0,49.33
1050,18.03,131.25,3,28800.0,0.5305,1.0,0.5305,1.0,3.0,3.0,0.0,0.0,308.07,4.78,2,2,12,3,7,2,0,0,11,0,41.91
1017,30.4,127.12,3,28800.0,0.8853,1.0,0.8853,1.0,3.0,3.0,0.0,0.0,308.07,4.91,2,2,15,3,7,2,0,0,11,0,38.88
850,41.9,106.25,5,28800.0,0.9226,1.0,0.9226,1.0,3.0,2.0,0.0,0.0,308.07,5.35,2,2,1,4,7,2,0,1,11,0,28.23
908,18.62,113.5,5,28800.0,0.4978,1.0,0.4978,1.0,5.0,5.0,0.0,0.0,308.07,5.55,2,2,6,4,7,2,0,0,11,0,23.48
967,14.92,120.88,4,28800.0,0.3965,1.0,0.3965,1.0,4.0,4.0,0.0,0.0,308.07,6.16,2,2,21,4,7,2,0,0,11,0,8.94
964,13.76,120.5,2,28800.0,0.2546,1.0,0.3819,1.0,5.0,4.0,0.0,0.0,308.07,6.5,2,2,5,5,7,2,1,1,11,0,0.71
827,19.31,104.58,5,28467.0,0.397,0.9884,0.482,1.0,6.0,5.0,0.0,0.0,345.84,6.82,3,2,12,5,7,2,1,0,11,0,36.91
868,36.53,109.96,6,28417.0,0.9867,0.9867,1.0,1.0,6.0,6.0,0.0,0.0,345.84,6.9,3,2,14,5,7,2,1,0,11,0,34.98
996,16.93,126.16,4,28421.0,0.3793,0.9868,0.4805,1.0,1.0,1.0,0.0,0.0,345.84,7.47,3,2,4,6,7,2,1,1,11,0,21.35
1031,26.38,131.27,2,28275.0,0.9161,0.9818,0.9331,1.0,2.0,2.0,0.0,0.0,345.84,7.7,3,2,10,6,7,2,1,0,11,0,15.78
767,9.75,100.91,5,27364.0,0.2466,0.9501,0.2596,1.0,5.0,5.0,0.0,0.0,345.84,8.08,3,2,19,6,7,2,1,0,11,0,6.66
896,10.56,117.81,1,27380.0,0.2961,0.9507,0.3115,1.0,4.0,4.0,0.0,0.0,350.83,8.28,3,2,0,0,8,2,0,1,11,0,1.81
865,28.06,114.26,3,27253.0,0.6274,0.9463,0.663,1.0,3.0,3.0,0.0,0.0,415.75,8.74,3,2,11,0,8,2,0,0,11,0,277.17
1050,39.06,138.07,3,27377.0,0.9506,0.9506,1.0,1.0,3.0,3.0,0.0,0.0,415.75,8.93,3,2,15,0,8,2,0,0,11,0,272.69
904,27.39,113.0,3,28800.0,0.7496,1.0,0.7496,1.0,3.0,3.0,0.0,0.0,415.75,9.7,3,2,10,1,8,2,0,0,11,0,254.1
1009,19.72,126.12,5,28800.0,0.5074,1.0,0.6089,1.0,6.0,5.0,0.0,0.0,415.75,10.07,3,2,18,1,8,2,0,0,11,0,245.44
914,23.5,114.25,4,28800.0,0.5928,1.0,0.5928,1.0,3.0,3.0,0.0,0.0,415.75,10.33,3,2,1,2,8,2,0,1,11,0,239.09
929,40.29,161.07,6,25715.625,0.721,0.8929374999999999,1.0,1.0,6.0,6.0,0.0,0.0,415.75,10.83,3,2,13,2,8,2,0,0,11,0,227.02
859,30.02,123.0,3,25715.625,0.873,0.8929374999999999,1.0,1.0,3.0,3.0,0.0,0.0,415.75,11.14,3,3,20,2,8,2,0,0,11,0,219.67
947,13.48,144.94,3,25715.625,0.3978,0.8929374999999999,0.4871,1.0,8.0,8.0,0.0,0.0,415.75,11.28,2,3,0,3,8,2,0,1,11,0,216.19
952,27.88,119.0,4,28800.0,0.8056,1.0,0.8056,1.0,4.0,4.0,0.0,0.0,474.67,0.39,2,3,10,3,8,2,0,0,11,0,205.99
933,14.57,116.62,6,28800.0,0.4454,1.0,0.4454,1.0,6.0,6.0,0.0,0.0,474.67,0.65,2,3,16,3,8,2,0,0,11,0,199.69
901,15.9,112.62,8,28800.0,0.4023,1.0,0.4023,1.0,4.0,4.0,0.0,0.0,474.67,1.1,2,3,3,4,8,2,0,1,11,0,188.92
923,47.96,115.38,4,28800.0,1.0,1.0,1.0,1.0,4.0,4.0,0.0,0.0,474.67,1.3,2,3,8,4,8,2,0,0,11,0,184.27
1008,32.82,126.0,5,28800.0,0.8333,1.0,1.0,1.0,6.0,5.0,0.0,0.0,474.67,1.82,2,3,20,4,8,2,0,0,11,0,171.7
963,10.6,120.38,4,28800.0,0.2949,1.0,0.2949,1.0,3.0,2.0,0.0,0.0,474.67,2.09,2,3,3,5,8,2,1,1,11,0,165.17
840,9.12,114.96,5,26305.0,0.1959,0.9134,0.2574,1.0,6.0,5.0,0.0,0.0,474.67,2.47,1,4,12,5,8,2,1,0,11,0,156.19
888,13.91,123.97,5,25786.0,0.3052,0.8953,0.4091,1.0,6.0,5.0,0.0,0.0,479.78,0.15,1,4,16,5,8,2,1,0,11,0,151.37
1014,40.84,140.68,2,25949.0,0.6007,0.901,1.0,1.0,3.0,2.0,0.0,0.0,628.4,0.39,2,4,22,5,8,2,1,1,11,0,145.62
794,20.18,99.25,4,28800.0,0.4144,1.0,0.4144,1.0,4.0,4.0,0.0,0.0,628.4,0.77,2,4,7,6,8,2,1,0,11,0,136.47
1034,26.47,129.25,6,28800.0,0.7626,1.0,0.7626,1.0,6.0,6.0,0.0,0.0,628.4,1.34,2,4,21,6,8,2,1,0,11,0,122.84
868,11.65,108.5,4,28800.0,0.2611,1.0,0.3264,1.0,4.0,4.0,0.0,0.0,628.4,1.68,1,4,5,0,9,2,0,1,11,0,114.62
1027,48.44,128.38,2,28800.0,1.0,1.0,1.0,1.0,2.0,2.0,0.0,0.0,628.4,1.99,1,4,13,0,9,2,0,0,11,0,107.05
1015,14.45,126.88,5,28800.0,0.4546,1.0,0.4546,1.0,5.0,5.0,0.0,0.0,628.4,2.25,1,4,19,0,9,2,0,0,11,0,100.92
887,29.16,110.88,4,28800.0,0.7884,1.0,0.7884,1.0,2.0,2.0,0.0,0.0,628.4,2.66,1,4,5,1,9,2,0,1,11,0,91.15
991,22.15,123.88,4,28800.0,0.6056,1.0,0.6056,1.0,4.0,4.0,0.0,0.0,628.4,2.98,1,4,12,1,9,2,0,0,11,0,83.39
1035,17.81,129.38,2,28800.0,0.5056,1.0,0.5056,1.0,2.0,2.0,0.0,0.0,628.4,3.11,1,4,15,1,9,2,0,0,11,0,80.34
730,24.46,91.25,2,28800.0,0.5739,1.0,0.5739,1.0,2.0,2.0,0.0,0.0,628.4,3.42,1,4,23,1,9,2,0,1,11,0,72.79
928,44.13,116.0,5,28800.0,1.0,1.0,1.0,1.0,5.0,5.0,0.0,0.0,628.4,3.77,1,4,7,2,9,2,0,0,11,0,64.39
1050,24.29,131.25,3,28800.0,0.7674,1.0,0.7674,1.0,3.0,3.0,0.0,0.0,628.4,4.16,1,4,17,2,9,2,0,0,11,0,55.14
899,24.11,112.38,4,28800.0,0.6309,1.0,0.6309,1.0,8.0,8.0,0.0,0.0,628.4,4.6,1,4,3,3,9,2,0,1,11,0,44.47
1023,15.03,127.88,5,28800.0,0.4108,1.0,0.493,1.0,6.0,5.0,0.0,0.0,628.4,4.71,1,4,6,3,9,2,0,0,11,0,41.85
1050,17.8,131.25,5,28800.0,0.634,1.0,0.634,1.0,5.0,5.0,0.0,0.0,628.4,5.22,1,4,18,3,9,2,0,0,11,0,29.67
1028,48.87,128.5,8,28800.0,1.0,1.0,1.0,1.0,3.0,3.0,0.0,0.0,628.4,5.62,1,4,4,4,9,2,0,1,11,0,20.05
913,36.23,114.12,3,28800.0,0.75,1.0,1.0,1.0,4.0,3.0,0.0,0.0,628.4,5.79,1,4,8,4,9,2,0,0,11,0,16.0
991,18.33,123.88,2,28800.0,0.5784,1.0,0.5784,1.0,2.0,2.0,0.0,0.0,628.4,6.05,1,4,14,4,9,2,0,0,11,0,9.79
851,19.83,106.38,3,28800.0,0.5638,1.0,0.5638,1.0,2.0,2.0,0.0,0.0,632.71,6.66,2,4,5,5,9,2,1,1,11,0,2.36
1036,41.83,162.3,4,25715.625,0.7979,0.8929374999999999,1.0,1.0,4.0,4.0,0.0,0.0,639.23,7.28,2,4,20,5,9,2,1,0,11,0,54.12
1050,49.98,173.66124,2,25715.625,0.7155,0.8929374999999999,1.0,1.0,7.0,7.0,0.0,0.0,688.91,7.48,2,4,0,6,9,3,1,1,11,0,49.37
934,22.73,116.75,2,28800.0,0.6305,1.0,0.6305,1.0,2.0,2.0,0.0,0.0,688.91,8.01,2,4,13,6,9,3,1,0,11,0,36.6
846,27.0,105.75,5,28800.0,0.67,1.0,0.67,1.0,5.0,5.0,0.0,0.0,688.91,8.05,2,4,14,6,9,3,1,0,11,0,35.63
924,19.02,115.5,7,28800.0,0.5643,1.0,0.5643,1.0,7.0,7.0,0.0,0.0,688.91,8.44,2,4,23,6,9,3,1,1,11,0,26.3
982,40.77,122.75,4,28800.0,1.0,1.0,1.0,1.0,4.0,4.0,0.0,0.0,688.91,8.87,2,4,10,0,10,3,0,0,11,0,15.88
966,41.09,120.75,3,28800.0,1.0,1.0,1.0,1.0,3.0,3.0,0.0,0.0,688.91,9.04,2,4,14,0,10,3,0,0,11,0,11.85
1020,28.76,127.5,1,28800.0,0.9173,1.0,0.9173,1.0,3.0,3.0,0.0,0.0,688.91,9.45,2,4,0,1,10,3,0,1,11,0,1.97
1050,13.88,139.53,2,27090.0,0.4918,0.9406,0.5229,1.0,2.0,2.0,0.0,0.0,798.43,9.87,3,4,10,1,10,3,0,0,11,0,104.27
987,35.41,147.29,2,25715.625,0.8376,0.8929374999999999,1.0,1.0,2.0,2.0,0.0,0.0,798.43,10.24,3,4,19,1,10,3,0,0,11,0,95.35
827,24.4,110.45,3,26954.0,0.6691,0.9359,0.7149,1.0,3.0,3.0,0.0,0.0,798.43,10.42,3,4,23,1,10,3,0,1,11,0,91.17
1038,29.57,129.75,3,28800.0,0.8938,1.0,0.8938,1.0,3.0,3.0,0.0,0.0,798.43,10.88,3,4,10,2,10,3,0,0,11,0,80.05
865,25.81,108.12,6,28800.0,0.6842,1.0,0.6842,1.0,6.0,6.0,0.0,0.0,798.43,11.23,3,3,18,2,10,3,0,0,11,0,71.65
1040,46.21,130.0,4,28800.0,1.0,1.0,1.0,1.0,5.0,5.0,0.0,0.0,798.43,11.61,3,3,4,3,10,3,0,1,11,0,62.52
1047,34.33,130.88,2,28800.0,1.0,1.0,1.0,1.0,2.0,2.0,0.0,0.0,798.43,11.96,3,3,12,3,10,3,0,0,11,0,54.07
973,23.57,121.62,4,28800.0,0.6382,1.0,0.6382,1.0,4.0,4.0,0.0,0.0,798.43,12.23,3,3,18,3,10,3,0,0,11,0,47.7
970,20.67,121.25,5,28800.0,0.6211,1.0,0.6211,1.0,1.0,1.0,0.0,0.0,798.43,12.62,3,3,4,4,10,3,0,1,11,0,38.28
849,42.56,106.12,5,28800.0,1.0,1.0,1.0,1.0,5.0,5.0,0.0,0.0,798.43,13.01,3,3,13,4,10,3,0,0,11,0,28.97
885,34.33,110.62,4,28800.0,1.0,1.0,1.0,1.0,4.0,4.0,0.0,0.0,798.43,13.2,3,3,18,4,10,3,0,0,11,0,24.4
1050,36.51,131.25,1,28800.0,1.0,1.0,1.0,1.0,1.0,1.0,0.0,0.0,798.43,13.4,3,3,23,4,10,3,0,1,11,0,19.52
889,11.57,111.12,6,28800.0,0.2988,1.0,0.2988,1.0,6.0,6.0,0.0,0.0,798.43,13.71,2,3,6,5,10,3,1,0,11,0,12.08
946,29.92,118.25,2,28800.0,0.8974,1.0,0.8974,1.0,2.0,2.0,0.0,0.0,798.43,14.08,1,3,15,5,10,3,1,0,11,0,3.28
1050,24.89,131.25,7,28800.0,0.7434,1.0,0.7434,1.0,7.0,7.0,0.0,0.0,838.67,14.53,2,3,2,6,10,3,1,1,11,0,39.51
1050,39.27,131.25,6,28800.0,1.0,1.0,1.0,1.0,6.0,6.0,0.0,0.0,838.67,15.18,2,3,17,6,10,3,1,0,11,0,23.84
799,36.54,99.88,7,28800.0,0.9297,1.0,0.9297,1.0,4.0,4.0,0.0,0.0,838.67,15.68,2,3,5,0,11,3,0,1,11,0,11.79
991,41.06,146.46,5,25715.625,0.7048,0.8929374999999999,1.0,1.0,6.0,5.0,0.0,0.0,838.67,15.91,2,3,11,0,11,3,0,0,11,0,6.44
1001,15.13,152.13,4,25715.625,0.3994,0.8929374999999999,0.4856,1.0,4.0,4.0,0.0,0.0,838.67,16.07,2,2,15,0,11,3,0,0,11,0,2.41
1034,40.35,161.29,4,25715.625,0.8014,0.8929374999999999,1.0,1.0,2.0,2.0,0.0,0.0,922.01,16.6,2,2,3,1,11,3,0,1,11,0,76.28
1050,15.13,131.25,6,28800.0,0.4699,1.0,0.4699,1.0,6.0,6.0,0.0,0.0,922.01,16.83,2,2,9,1,11,3,0,0,11,0,70.83
977,19.62,122.12,5,28800.0,0.6351,1.0,0.6351,1.0,5.0,5.0,0.0,0.0,922.01,17.16,2,2,17,1,11,3,0,0,11,0,62.83
947,24.39,118.38,2,28800.0,0.6182,1.0,0.6182,1.0,4.0,4.0,0.0,0.0,922.01,17.48,2,2,0,2,11,3,0,1,11,0,55.26
963,40.85,120.38,4,28800.0,1.0,1.0,1.0,1.0,4.0,4.0,0.0,0.0,922.01,17.87,2,2,10,2,11,3,0,0,11,0,45.94
858,28.9,107.25,2,28800.0,0.7963,1.0,0.7963,1.0,2.0,2.0,0.0,0.0,922.01,18.17,2,2,17,2,11,3,0,0,11,0,38.56
904,25.46,113.0,4,28800.0,0.7646,1.0,0.7646,1.0,5.0,5.0,0.0,0.0,922.01,18.6,2,2,3,3,11,3,0,1,11,0,28.31
997,29.79,124.62,4,28800.0,0.7982,1.0,0.9977,1.0,5.0,4.0,0.0,0.0,922.01,18.95,2,2,12,3,11,3,0,0,11,0,19.99
915,17.1,114.38,3,28800.0,0.4432,1.0,0.4432,1.0,3.0,3.0,0.0,0.0,922.01,19.22,2,2,18,3,11,3,0,0,11,0,13.39
1050,13.95,131.25,5,28800.0,0.4794,1.0,0.4794,1.0,5.0,5.0,0.0,0.0,922.01,19.37,2,2,22,3,11,3,0,1,11,0,9.74
791,37.27,107.67,4,26447.0,0.6255,0.9183,0.8515,1.0,5.0,4.0,0.0,0.0,922.01,19.89,3,2,10,4,11,3,0,0,11,0,76.04
1050,25.71,164.68,4,25715.625,0.797,0.8929374999999999,1.0,1.0,4.0,4.0,0.0,0.0,997.27,20.08,3,2,15,4,11,3,0,0,11,0,71.62
950,41.91,131.42,4,26023.0,0.7229,0.9036,1.0,1.0,4.0,4.0,0.0,0.0,997.27,20.55,3,2,2,5,11,3,1,1,11,0,60.19
1010,29.72,126.25,6,28800.0,0.8631,1.0,0.8631,1.0,6.0,6.0,0.0,0.0,997.27,20.96,3,2,12,5,11,3,1,0,11,0,50.55
1001,23.1,125.12,2,28800.0,0.6632,1.0,0.6632,1.0,2.0,2.0,0.0,0.0,997.27,21.03,3,2,14,5,11,3,1,0,11,0,48.87
910,25.47,113.75,4,28800.0,0.6389,1.0,0.6389,1.0,2.0,2.0,0.0,0.0,997.27,21.51,2,2,1,6,11,3,1,1,11,0,37.29
1030,38.8,128.75,3,28800.0,1.0,1.0,1.0,1.0,3.0,3.0,0.0,0.0,997.27,21.84,2,2,9,6,11,3,1,0,11,0,29.24
1050,26.88,131.25,6,28800.0,0.7758,1.0,0.7758,1.0,6.0,6.0,0.0,0.0,997.27,22.1,2,2,15,6,11,3,1,0,11,0,23.09
808,41.06,101.0,2,28800.0,1.0,1.0,1.0,1.0,5.0,4.0,0.0,0.0,997.27,22.46,2,2,0,0,12,3,0,1,11,0,14.45
1050,31.64,141.46,4,26722.0,0.9278,0.9278,1.0,1.0,4.0,4.0,0.0,0.0,997.27,22.91,2,2,11,0,12,3,0,0,11,0,3.6
976,32.06,125.95,4,27896.0,0.8902,0.9686,0.9191,1.0,4.0,4.0,0.0,0.0,1104.69,23.27,2,2,19,0,12,3,0,0,11,0,213.45
679,9.11,92.48,4,26432.0,0.1626,0.9178,0.2214,1.0,2.0,2.0,0.0,0.0,1104.69,23.65,2,2,4,1,12,3,0,1,11,0,204.4
1020,11.4,127.5,2,28800.0,0.3921,1.0,0.3921,1.0,2.0,2.0,0.0,0.0,1104.69,23.9,2,2,11,1,12,3,0,0,11,0,198.18
945,38.54,118.12,6,28800.0,1.0,1.0,1.0,1.0,6.0,6.0,0.0,0.0,1104.69,24.17,2,2,17,1,12,3,0,0,11,0,191.87
733,32.47,91.62,2,28800.0,0.6516,1.0,0.6516,1.0,6.0,6.0,0.0,0.0,1104.69,24.51,2,2,1,2,12,3,0,1,11,0,183.55
892,20.67,111.5,3,28800.0,0.3953,1.0,0.5271,1.0,4.0,3.0,0.0,0.0,1104.69,24.783749,2,2,11,2,12,3,0,0,11,0,174.22
1050,50.19,131.25,4,28800.0,1.0,1.0,1.0,1.0,4.0,4.0,0.0,0.0,1104.69,24.783749,2,2,17,2,12,3,0,0,11,0,168.07
864,38.39,108.0,6,28800.0,0.8655,1.0,0.8655,1.0,8.0,8.0,0.0,0.0,1104.69,24.783749,2,2,0,3,12,3,0,1,11,0,160.72
955,32.02,119.38,2,28800.0,0.8933,1.0,0.8933,1.0,2.0,2.0,0.0,0.0,1104.69,24.783749,2,2,6,3,12,3,0,0,11,0,154.33
1023,24.42,127.88,4,28800.0,0.7243,1.0,0.7243,1.0,4.0,4.0,0.0,0.0,1104.69,24.783749,2,2,16,3,12,3,0,0,11,0,144.57
837,50.04,104.62,8,28800.0,1.0,1.0,1.0,1.0,8.0,8.0,0.0,0.0,1104.69,24.783749,2,2,22,3,12,3,0,1,11,0,138.85
970,41.48,121.25,3,28800.0,1.0,1.0,1.0,1.0,3.0,3.0,0.0,0.0,1104.69,24.783749,1,2,9,4,12,3,0,0,11,0,127.47
895,13.56,111.88,3,28800.0,0.3549,1.0,0.3549,1.0,3.0,3.0,0.0,0.0,1104.69,24.783749,1,2,18,4,12,3,0,0,11,0,118.32
908,40.94,113.5,2,28800.0,1.0,1.0,1.0,1.0,5.0,5.0,0.0,0.0,1104.69,24.783749,1,1,0,5,12,3,1,1,11,0,112.62
1009,26.09,127.07,3,28586.0,0.8146,0.9926,0.8207,1.0,3.0,3.0,0.0,0.0,1214.03,24.783749,1,1,9,5,12,3,1,0,11,0,103.43
758,13.42,95.77,5,28494.0,0.3366,0.9894,0.3402,1.0,3.0,3.0,0.0,0.0,1214.03,24.783749,1,1,1,6,12,3,1,1,11,0,87.78
985,39.51,123.12,4,28800.0,0.8,1.0,1.0,1.0,5.0,4.0,0.0,0.0,1214.03,24.783749,1,1,6,6,12,3,1,0,11,0,83.2
1050,12.61,131.25,6,28800.0,0.4415,1.0,0.4415,1.0,6.0,6.0,0.0,0.0,1214.03,24.783749,1,1,14,6,12,3,1,0,11,0,74.38
987,37.61,123.38,3,28800.0,1.0,1.0,1.0,1.0,3.0,3.0,0.0,0.0,1214.03,24.783749,1,1,23,6,12,3,1,1,11,0,65.8
881,23.41,110.12,5,28800.0,0.7079,1.0,0.7079,1.0,5.0,5.0,0.0,0.0,1214.03,24.783749,1,1,8,0,13,3,0,0,11,0,56.32
902,9.04,112.75,2,28800.0,0.2672,1.0,0.2672,1.0,2.0,2.0,0.0,0.0,1214.03,24.783749,0,0,18,0,13,3,0,0,11,0,46.72
987,16.61,123.38,4,28800.0,0.5494,1.0,0.5494,1.0,3.0,3.0,0.0,0.0,1214.03,24.783749,0,0,2,1,13,3,0,1,11,0,38.88
870,49.21,108.75,6,28800.0,1.0,1.0,1.0,1.0,6.0,6.0,0.0,0.0,1214.03,24.783749,0,0,7,1,13,3,0,0,11,0,33.4
943,21.59,117.88,5,28800.0,0.5249,1.0,0.5249,1.0,5.0,5.0,0.0,0.0,1214.03,24.783749,0,0,20,1,13,3,0,0,11,0,20.83
870,12.7,108.75,3,28800.0,0.309,1.0,0.309,1.0,3.0,3.0,0.0,0.0,1214.03,24.783749,0,0,4,2,13,3,0,1,11,0,12.82
928,25.66,125.17,6,26690.0,0.8229,0.9267,0.888,1.0,6.0,6.0,0.0,0.0,1214.03,24.783749,0,0,7,2,13,3,0,0,11,0,10.17
892,33.05,137.85,3,25715.625,0.8089,0.8929374999999999,1.0,1.0,3.0,3.0,0.0,0.0,1214.03,24.783749,0,0,14,2,13,3,0,0,11,0,2.95
974,19.61,137.59,3,25715.625,0.5077,0.8929374999999999,0.5737,1.0,3.0,3.0,0.0,0.0,1320.68,24.783749,1,0,22,2,13,3,0,1,11,0,104.62
1009,19.97,126.12,5,28800.0,0.5476,1.0,0.5476,1.0,5.0,5.0,0.0,0.0,1320.68,24.783749,1,0,8,3,13,3,0,0,11,0,94.63
988,30.6,123.5,2,28800.0,0.7856,1.0,0.7856,1.0,2.0,2.0,0.0,0.0,1320.68,24.783749,1,0,21,3,13,3,0,0,11,0,81.5
1005,16.83,125.62,4,28800.0,0.5088,1.0,0.5088,1.0,4.0,4.0,0.0,0.0,1320.68,24.783749,1,0,22,3,13,3,0,1,11,0,80.68
876,30.79,109.5,4,28800.0,0.8337,1.0,0.8337,1.0,4.0,4.0,0.0,0.0,1320.68,24.783749,1,0,10,4,13,3,0,0,11,0,68.65
824,15.92,103.0,3,28800.0,0.4134,1.0,0.4134,1.0,3.0,3.0,0.0,0.0,1320.68,24.783749,1,0,14,4,13,3,0,0,11,0,64.68
1031,42.12,128.88,5,28800.0,1.0,1.0,1.0,1.0,2.0,2.0,0.0,0.0,1320.68,24.783749,1,0,3,5,13,3,1,1,11,0,51.78
979,23.39,122.38,6,28800.0,0.686,1.0,0.686,1.0,6.0,6.0,0.0,0.0,1320.68,24.783749,1,0,8,5,13,3,1,0,11,0,46.8
906,12.03,113.25,4,28800.0,0.3083,1.0,0.3083,1.0,4.0,4.0,0.0,0.0,1320.68,24.783749,1,0,18,5,13,3,1,0,11,0,37.07
825,35.59,103.12,2,28800.0,0.9576,1.0,0.9576,1.0,2.0,2.0,0.0,0.0,1320.68,24.783749,1,0,4,6,13,3,1,1,11,0,26.48
1003,23.73,125.38,3,28800.0,0.6422,1.0,0.6422,1.0,3.0,3.0,0.0,0.0,1320.68,24.783749,1,0,11,6,13,3,1,0,11,0,20.18
948,24.55,118.5,6,28800.0,0.7525,1.0,0.7525,1.0,6.0,6.0,0.0,0.0,1320.68,24.783749,1,0,18,6,13,3,1,0,11,0,12.68
692,27.05,86.5,2,28800.0,0.6442,1.0,0.6442,1.0,8.0,8.0,0.0,0.0,1320.68,24.783749,1,0,2,0,14,3,0,1,11,0,4.27
1021,34.35,135.43,4,27141.0,0.9424,0.9424,1.0,1.0,4.0,4.0,0.0,0.0,1361.12,24.783749,2,0,11,0,14,3,0,0,11,0,37.27
803,31.59,107.44,6,26906.0,0.8462,0.9342,0.9058,1.0,6.0,6.0,0.0,0.0,1361.12,24.783749,2,0,18,0,14,3,0,0,11,0,30.84
1050,42.34,143.51,8,26340.0,0.813,0.9146,1.0,1.0,3.0,3.0,0.0,0.0,1361.12,24.783749,2,0,2,1,14,3,0,1,11,0,22.22
845,18.43,105.62,5,28800.0,0.4718,1.0,0.4718,1.0,5.0,5.0,0.0,0.0,1361.12,24.783749,2,0,8,1,14,3,0,0,11,0,16.54
990,38.38,123.75,4,28800.0,0.991,1.0,0.991,1.0,4.0,4.0,0.0,0.0,1361.12,24.783749,2,0,14,1,14,3,0,0,11,0,10.47
865,29.7,108.12,3,28800.0,0.8719,1.0,0.8719,1.0,4.0,4.0,0.0,0.0,1361.12,24.783749,2,0,0,2,14,4,0,1,11,0,0.91
986,39.85,137.41,4,25832.0,0.7175,0.8969,1.0,1.0,5.0,4.0,0.0,0.0,1409.79,24.783749,3,0,11,2,14,4,0,0,11,0,41.43
973,28.33,140.17,5,25715.625,0.8677,0.8929374999999999,1.0,1.0,5.0,5.0,0.0,0.0,1409.79,24.783749,2,0,21,2,14,4,0,0,11,0,31.7
1050,12.81,148.37,4,25715.625,0.3861,0.8929374999999999,0.4365,1.0,3.0,3.0,0.0,0.0,1409.79,24.783749,2,0,2,3,14,4,0,1,11,0,26.43
997,14.13,124.62,2,28800.0,0.2537,1.0,0.3805,1.0,3.0,2.0,0.0,0.0,1409.79,24.783749,2,0,12,3,14,4,0,0,11,0,17.0
992,24.01,124.0,3,28800.0,0.7574,1.0,0.7574,1.0,3.0,3.0,0.0,0.0,1409.79,24.783749,2,0,18,3,14,4,0,0,11,0,10.53
1004,47.25,125.5,3,28800.0,1.0,1.0,1.0,1.0,3.0,3.0,0.0,0.0,1409.79,24.783749,2,0,22,3,14,4,0,1,11,0,6.91
1050,40.56,142.19,4,26585.0,0.9231,0.9231,1.0,1.0,4.0,4.0,0.0,0.0,1409.79,24.783749,3,0,7,4,14,4,0,0,11,0,132.98
944,22.71,132.39,3,25715.625,0.6831,0.8929374999999999,0.7664,1.0,3.0,3.0,0.0,0.0,1515.28,24.783749,3,0,14,4,14,4,0,0,11,0,125.58
893,42.86,127.57,1,25715.625,0.875,0.8929374999999999,1.0,1.0,6.0,6.0,0.0,0.0,1515.28,24.783749,3,0,2,5,14,4,1,1,11,0,113.58
928,32.22,116.0,6,28800.0,1.0,1.0,1.0,1.0,6.0,6.0,0.0,0.0,1515.28,24.783749,3,0,13,5,14,4,1,0,11,0,103.18
965,33.0,120.62,2,28800.0,1.0,1.0,1.0,1.0,2.0,2.0,0.0,0.0,1515.28,24.783749,3,0,19,5,14,4,1,0,11,0,97.42
862,38.11,107.75,6,28800.0,0.921,1.0,0.921,1.0,8.0,7.0,0.0,0.0,1515.28,24.783749,3,0,5,6,14,4,1,1,11,0,87.33
935,26.34,116.88,5,28800.0,0.784,1.0,0.784,1.0,5.0,5.0,0.0,0.0,1515.28,24.783749,3,0,13,6,14,4,1,0,11,0,79.4
960,46.25,120.0,6,28800.0,1.0,1.0,1.0,1.0,6.0,6.0,0.0,0.0,1515.28,24.783749,3,0,21,6,14,4,1,0,11,0,71.37
872,18.33,109.0,7,28800.0,0.4271,1.0,0.4881,1.0,4.0,4.0,0.0,0.0,1515.28,24.783749,3,0,0,0,15,4,0,1,11,0,67.85
957,33.12,119.62,3,28800.0,0.9364,1.0,0.9364,1.0,3.0,3.0,0.0,0.0,1515.28,24.783749,2,0,9,0,15,4,0,0,11,0,59.0
953,8.79,119.12,5,28800.0,0.272,1.0,0.272,1.0,5.0,5.0,0.0,0.0,1515.28,24.783749,2,0,16,0,15,4,0,0,11,0,51.75
1045,45.04,130.62,4,28800.0,1.0,1.0,1.0,1.0,4.0,4.0,0.0,0.0,1515.28,24.783749,2,0,22,0,15,4,0,1,11,0,46.38
835,31.16,123.6,5,25715.625,0.6504,0.8929374999999999,0.9243,1.0,6.0,5.0,0.0,0.0,1515.28,24.783749,2,0,13,1,15,4,0,0,11,0,31.15
892,26.09,136.2,3,25715.625,0.6541,0.8929374999999999,0.799,1.0,3.0,3.0,0.0,0.0,1515.28,24.783749,2,0,16,1,15,4,0,0,11,0,27.58
1038,17.09,141.18,3,26469.0,0.577,0.9191,0.6278,1.0,3.0,3.0,0.0,0.0,1539.78,0.09,2,1,22,1,15,4,0,1,11,0,22.3
941,39.86,137.8,3,25715.625,0.8536,0.8929374999999999,1.0,1.0,3.0,3.0,0.0,0.0,1539.78,0.6,1,1,10,2,15,4,0,0,11,0,10.12
738,38.49,113.12,3,25715.625,0.8155,0.8929374999999999,1.0,1.0,3.0,3.0,0.0,0.0,1539.78,1.02,1,1,20,2,15,4,0,0,11,0,0.02
778,21.98,116.96,2,25715.625,0.446,0.8929374999999999,0.5364,1.0,4.0,3.0,0.0,0.0,1559.55,1.2,2,1,0,3,15,4,0,1,11,0,67.19
1050,33.26,162.72,2,25715.625,0.8066,0.8929374999999999,1.0,1.0,2.0,2.0,0.0,0.0,1559.55,1.47,2,1,7,3,15,4,0,0,11,0,60.7
955,23.48,165.06,3,25715.625,0.7232,0.8929374999999999,1.0,1.0,3.0,3.0,0.0,0.0,1559.55,2.06,2,2,21,3,15,4,0,0,11,0,46.48
942,27.88,152.04,3,25715.625,0.5809,0.8929374999999999,1.0,1.0,2.0,2.0,0.0,0.0,1603.27,0.2,2,2,5,4,15,4,0,1,11,0,38.91
962,35.5,120.25,5,28800.0,1.0,1.0,1.0,1.0,5.0,5.0,0.0,0.0,1603.27,0.43,1,2,10,4,15,4,0,0,11,0,33.34
1002,35.41,125.25,4,28800.0,0.8,1.0,1.0,1.0,5.0,4.0,0.0,0.0,1603.27,0.85,1,2,20,4,15,4,0,0,11,0,23.43
914,29.82,114.25,2,28800.0,0.8889,1.0,0.8889,1.0,3.0,3.0,0.0,0.0,1603.27,1.09,1,2,2,5,15,4,1,1,11,0,17.45
797,28.99,117.99,2,25715.625,0.6601,0.8929374999999999,0.7817,1.0,2.0,2.0,0.0,0.0,1603.27,1.37,1,2,9,5,15,4,1,0,11,0,10.78
850,34.7,129.75,6,25715.625,0.8189,0.8929374999999999,1.0,1.0,6.0,6.0,0.0,0.0,1603.27,1.76,1,2,18,5,15,4,1,0,11,0,1.38
838,24.24,121.0,3,25715.625,0.5939,0.8929374999999999,0.686,1.0,2.0,2.0,0.0,0.0,1779.57,2.12,2,2,3,6,15,4,1,1,11,0,172.13
907,45.62,113.38,5,28800.0,1.0,1.0,1.0,1.0,5.0,5.0,0.0,0.0,1779.57,2.37,2,2,9,6,15,4,1,0,11,0,166.18
987,25.25,123.38,5,28800.0,0.62,1.0,0.744,1.0,6.0,5.0,0.0,0.0,1779.57,2.64,2,2,15,6,15,4,1,0,11,0,159.68
974,9.71,121.75,2,28800.0,0.2787,1.0,0.2787,1.0,7.0,7.0,0.0,0.0,1779.57,3.13,2,2,3,0,16,4,0,1,11,0,148.06
871,15.95,108.88,2,28800.0,0.4425,1.0,0.4425,1.0,2.0,2.0,0.0,0.0,1779.57,3.33,2,2,8,0,16,4,0,0,11,0,143.06
926,51.39,115.75,3,28800.0,1.0,1.0,1.0,1.0,3.0,3.0,0.0,0.0,1779.57,3.79,2,2,19,0,16,4,0,0,11,0,132.11
902,33.71,112.75,7,28800.0,0.9158,1.0,0.9158,1.0,3.0,3.0,0.0,0.0,1779.57,4.19,2,2,4,1,16,4,0,1,11,0,122.61
805,31.7,100.62,4,28800.0,0.6868,1.0,0.6868,1.0,4.0,4.0,0.0,0.0,1779.57,4.25,2,2,6,1,16,4,0,0,11,0,121.11
1042,30.44,130.25,5,28800.0,0.7377,1.0,0.8853,1.0,6.0,5.0,0.0,0.0,1779.57,4.77,2,2,18,1,16,4,0,0,11,0,108.68
1050,13.79,131.25,3,28800.0,0.4102,1.0,0.4102,1.0,6.0,6.0,0.0,0.0,1779.57,5.21,2,2,5,2,16,4,0,1,11,0,98.06
983,28.3,122.88,4,28800.0,0.7102,1.0,0.8878,1.0,5.0,4.0,0.0,0.0,1779.57,5.48,2,2,11,2,16,4,0,0,11,0,91.58
1044,23.82,130.5,2,28800.0,0.7507,1.0,0.7507,1.0,2.0,2.0,0.0,0.0,1779.57,5.7,2,2,17,2,16,4,0,0,11,0,86.29
907,12.71,113.38,6,28800.0,0.3112,1.0,0.3112,1.0,6.0,6.0,0.0,0.0,1779.57,5.97,1,2,23,2,16,4,0,1,11,0,79.83
950,25.15,118.75,2,28800.0,0.7636,1.0,0.7636,1.0,2.0,2.0,0.0,0.0,1779.57,6.45,1,2,11,3,16,4,0,0,11,0,68.29
1026,16.29,128.25,4,28800.0,0.5736,1.0,0.5736,1.0,4.0,4.0,0.0,0.0,1779.57,6.65,1,2,15,3,16,4,0,0,11,0,63.51
862,21.42,107.75,2,28800.0,0.3702,1.0,0.5552,1.0,6.0,6.0,0.0,0.0,1779.57,7.12,1,2,3,4,16,4,0,1,11,0,52.13
822,37.9,102.75,3,28800.0,0.8797,1.0,0.8797,1.0,3.0,3.0,0.0,0.0,1779.57,7.52,1,2,12,4,16,4,0,0,11,0,42.66
968,45.25,121.0,4,28800.0,1.0,1.0,1.0,1.0,4.0,4.0,0.0,0.0,1779.57,7.58,1,2,14,4,16,4,0,0,11,0,41.13
1050,12.0,131.25,6,28800.0,0.3748,1.0,0.3748,1.0,6.0,6.0,0.0,0.0,1779.57,7.97,1,2,23,4,16,4,0,1,11,0,31.71
873,49.39,109.12,3,28800.0,1.0,1.0,1.0,1.0,3.0,3.0,0.0,0.0,1779.57,8.35,1,2,8,5,16,4,1,0,11,0,22.58
980,27.2,122.5,4,28800.0,0.8126,1.0,0.8126,1.0,4.0,4.0,0.0,0.0,1779.57,8.64,1,2,15,5,16,4,1,0,11,0,15.79
990,36.45,123.75,2,28800.0,1.0,1.0,1.0,1.0,7.0,7.0,0.0,0.0,1779.57,9.21,0,2,5,6,16,4,1,1,11,0,1.93
1002,43.29,127.49,3,28295.0,0.9825,0.9825,1.0,1.0,3.0,3.0,0.0,0.0,1861.19,9.49,1,2,11,6,16,4,1,0,11,0,103.74
932,28.08,120.71,5,27795.0,0.576,0.9651,0.7162,1.0,6.0,5.0,0.0,0.0,1861.19,9.71,1,2,17,6,16,4,1,0,11,0,98.31
881,11.14,113.93,7,27839.0,0.2579,0.9666,0.2668,1.0,2.0,2.0,0.0,0.0,1861.19,10.01,1,2,0,0,17,4,0,1,11,0,91.11
1050,16.87,131.25,2,28800.0,0.5305,1.0,0.5305,1.0,2.0,2.0,0.0,0.0,1861.19,10.34,1,2,8,0,17,4,0,0,11,0,83.16
913,27.77,114.12,5,28800.0,0.77,1.0,0.77,1.0,5.0,5.0,0.0,0.0,1861.19,10.82,1,2,19,0,17,4,0,0,11,0,71.76
899,22.96,112.38,2,28800.0,0.6864,1.0,0.6864,1.0,2.0,2.0,0.0,0.0,1861.19,10.96,1,2,23,0,17,4,0,1,11,0,68.29
1050,31.06,131.25,3,28800.0,1.0,1.0,1.0,1.0,3.0,3.0,0.0,0.0,1861.19,11.24,1,2,6,1,17,4,0,0,11,0,61.58
943,19.76,117.88,2,28800.0,0.52,1.0,0.52,1.0,2.0,2.0,0.0,0.0,1861.19,11.87,1,2,21,1,17,4,0,0,11,0,46.53
1029,16.75,128.62,7,28800.0,0.4455,1.0,0.4455,1.0,5.0,5.0,0.0,0.0,1861.19,12.08,1,2,2,2,17,4,0,1,11,0,41.36
924,44.89,130.71,2,25715.625,0.8836,0.8929374999999999,1.0,1.0,2.0,2.0,0.0,0.0,1861.19,12.46,1,2,11,2,17,4,0,0,11,0,32.36
905,15.66,129.84,6,25715.625,0.3755,0.8929374999999999,0.431,1.0,6.0,6.0,0.0,0.0,1861.19,12.73,1,3,17,2,17,4,0,0,11,0,25.93
1013,9.99,141.56,5,25762.0,0.2997,0.8945,0.335,1.0,2.0,2.0,0.0,0.0,1882.64,0.1,1,3,0,3,17,4,0,1,11,0,19.03
923,33.81,144.56,6,25715.625,0.7981,0.8929374999999999,1.0,1.0,6.0,6.0,0.0,0.0,1882.64,0.51,1,3,10,3,17,4,0,0,11,0,9.29
1044,22.74,165.09,2,25715.625,0.6586,0.8929374999999999,0.8332,1.0,2.0,2.0,0.0,0.0,1882.64,0.77,1,3,16,3,17,4,0,0,11,0,2.91
702,21.82,99.74,2,25715.625,0.5277,0.8929374999999999,0.5998,1.0,2.0,2.0,0.0,0.0,2003.59,1.08,2,3,0,4,17,4,0,1,11,0,170.36
735,13.96,91.88,3,28800.0,0.2971,1.0,0.2971,1.0,3.0,3.0,0.0,0.0,2003.59,1.49,2,3,10,4,17,4,0,0,11,0,160.4
828,28.63,103.5,5,28800.0,0.6311,1.0,0.6311,1.0,5.0,5.0,0.0,0.0,2003.59,1.83,2,3,18,4,17,4,0,0,11,0,152.38
1037,46.23,129.62,2,28800.0,1.0,1.0,1.0,1.0,3.0,3.0,0.0,0.0,2003.59,2.21,2,3,3,5,17,4,1,1,11,0,143.26
999,51.77,124.88,4,28800.0,0.8,1.0,1.0,1.0,5.0,4.0,0.0,0.0,2003.59,2.53,2,3,10,5,17,4,1,0,11,0,135.46
869,19.5,108.62,2,28800.0,0.5504,1.0,0.5504,1.0,2.0,2.0,0.0,0.0,2003.59,2.71,2,3,15,5,17,4,1,0,11,0,131.23
912,18.91,114.0,3,28800.0,0.4798,1.0,0.4798,1.0,3.0,3.0,0.0,0.0,2003.59,3.0,2,3,22,5,17,4,1,1,11,0,124.21
981,38.05,122.62,1,28800.0,0.3333,1.0,1.0,1.0,3.0,1.0,0.0,0.0,2003.59,3.41,1,3,7,6,17,4,1,0,11,0,114.46
873,32.43,109.12,3,28800.0,0.8627,1.0,0.8627,1.0,3.0,3.0,0.0,0.0,2003.59,3.69,1,3,14,6,17,4,1,0,11,0,107.73
1047,23.25,130.88,3,28800.0,0.3872,1.0,0.6453,1.0,4.0,3.0,0.0,0.0,2003.59,4.2,1,3,3,0,18,4,0,1,11,0,95.33
870,38.92,108.75,2,28800.0,0.9993,1.0,0.9993,1.0,2.0,2.0,0.0,0.0,2003.59,4.51,1,3,10,0,18,4,0,0,11,0,87.88
829,25.77,103.62,6,28800.0,0.7262,1.0,0.7262,1.0,6.0,6.0,0.0,0.0,2003.59,4.93,1,3,20,0,18,4,0,0,11,0,77.98
915,13.57,114.38,3,28800.0,0.3155,1.0,0.4206,1.0,3.0,3.0,0.0,0.0,2003.59,5.15,1,3,1,1,18,4,0,1,11,0,72.65
1050,23.7,131.25,5,28800.0,0.5386,1.0,0.6464,1.0,6.0,5.0,0.0,0.0,2003.59,5.51,1,3,10,1,18,4,0,0,11,0,63.98
1027,18.09,128.38,5,28800.0,0.5581,1.0,0.5581,1.0,5.0,5.0,0.0,0.0,2003.59,5.94,1,3,20,1,18,4,0,0,11,0,53.75
1032,49.71,129.0,3,28800.0,1.0,1.0,1.0,1.0,3.0,3.0,0.0,0.0,2003.59,6.16,1,4,1,2,18,4,0,1,11,0,48.48
1050,37.0,158.07,6,25715.625,0.8303,0.8929374999999999,1.0,1.0,6.0,6.0,0.0,0.0,2050.14,0.24,1,4,9,2,18,4,0,0,11,0,40.76
860,31.5,126.58,6,25715.625,0.7185,0.8929374999999999,0.846,1.0,6.0,6.0,0.0,0.0,2050.14,0.64,1,4,19,2,18,4,0,0,11,0,31.3
872,25.1,142.54,3,25715.625,0.585,0.8929374999999999,0.765,1.0,4.0,4.0,0.0,0.0,2050.14,1.0,1,4,3,3,18,4,0,1,11,0,22.63
829,32.61,103.62,6,28800.0,0.8756,1.0,0.8756,1.0,6.0,6.0,0.0,0.0,2050.14,1.3,1,4,11,3,18,4,0,0,11,0,15.38
970,29.53,121.25,5,28800.0,0.7817,1.0,0.7817,1.0,5.0,5.0,0.0,0.0,2050.14,1.56,1,4,17,3,18,4,0,0,11,0,9.05
978,31.14,122.25,4,28800.0,1.0,1.0,1.0,1.0,5.0,5.0,0.0,0.0,2050.14,1.95,1,4,2,4,18,5,0,1,11,0,121.98
967,22.7,133.98,4,25983.0,0.5907,0.9022,0.8184,1.0,5.0,4.0,0.0,0.0,2052.14,2.09,1,4,6,4,18,5,0,0,11,0,118.54
1000,38.44,145.57,4,25715.625,0.8587,0.8929374999999999,1.0,1.0,4.0,4.0,0.0,0.0,2087.91,2.49,2,4,15,4,18,5,0,0,11,0,108.86
885,11.37,137.79,5,25715.625,0.2692,0.8929374999999999,0.3353,1.0,5.0,4.0,0.0,0.0,2087.91,2.99,2,4,3,5,18,5,1,1,11,0,96.88
879,34.15,117.11,5,27020.0,0.9382,0.9382,1.0,1.0,5.0,5.0,0.0,0.0,2087.91,3.39,2,4,13,5,18,5,1,0,11,0,87.43
931,29.51,121.54,5,27575.0,0.6783,0.9575,0.8501,1.0,6.0,5.0,0.0,0.0,2087.91,3.54,2,4,16,5,18,5,1,0,11,0,83.76
994,18.79,127.89,4,27981.0,0.4498,0.9716,0.5787,1.0,5.0,4.0,0.0,0.0,2167.59,0.1,2,5,23,5,18,5,1,1,11,0,77.38
999,16.63,124.88,4,28800.0,0.5713,1.0,0.5713,1.0,4.0,4.0,0.0,0.0,2167.59,0.49,2,5,8,6,18,5,1,0,11,0,67.81
1050,20.08,131.25,3,28800.0,0.6708,1.0,0.6708,1.0,3.0,3.0,0.0,0.0,2167.59,0.74,2,5,14,6,18,5,1,0,11,0,62.01
1037,11.72,129.62,0,28800.0,0.0,1.0,0.3129,1.0,3.0,3.0,0.0,0.0,2167.59,1.32,2,5,4,0,19,5,0,1,11,0,47.88
965,31.93,120.62,6,28800.0,0.9945,1.0,0.9945,1.0,6.0,6.0,0.0,0.0,2167.59,1.64,2,5,12,0,19,5,0,0,11,0,40.29
906,38.6,113.25,3,28800.0,1.0,1.0,1.0,1.0,3.0,3.0,0.0,0.0,2167.59,1.8,2,5,16,0,19,5,0,0,11,0,36.46
901,39.8,112.62,3,28800.0,1.0,1.0,1.0,1.0,3.0,3.0,0.0,0.0,2167.59,2.07,2,5,22,0,19,5,0,1,11,0,29.96
883,43.11,110.38,4,28800.0,1.0,1.0,1.0,1.0,4.0,4.0,0.0,0.0,2167.59,2.6,2,5,11,1,19,5,0,0,11,0,17.28
1050,41.51,131.25,6,28800.0,1.0,1.0,1.0,1.0,6.0,6.0,0.0,0.0,2167.59,2.86,2,5,17,1,19,5,0,0,11,0,10.96
911,49.69,113.88,5,28800.0,1.0,1.0,1.0,1.0,4.0,4.0,0.0,0.0,2167.59,3.18,2,5,1,2,19,5,0,1,11,0,3.24
950,34.59,151.27,3,25715.625,0.785,0.8929374999999999,1.0,1.0,3.0,3.0,0.0,0.0,2173.94,3.69,3,6,13,2,19,5,0,0,11,0,16.56
980,22.89,137.21,2,25715.625,0.7762,0.8929374999999999,0.8694,1.0,2.0,2.0,0.0,0.0,2189.19,0.27,3,6,21,2,19,5,0,0,11,0,8.84
800,38.53,109.06,4,26407.0,0.9169,0.9169,1.0,1.0,4.0,4.0,0.0,0.0,2189.19,0.34,3,6,22,2,19,5,0,1,11,0,7.06
825,38.17,104.4,4,28449.0,0.7902,0.9878,1.0,1.0,5.0,4.0,0.0,0.0,2349.58,0.7,4,6,7,3,19,5,0,0,11,0,211.09
781,26.21,99.25,5,28329.0,0.5811,0.9836,0.5908,1.0,5.0,5.0,0.0,0.0,2349.58,0.97,4,6,14,3,19,5,0,0,11,0,204.7
1044,19.41,131.49,3,28584.0,0.6757,0.9925,0.6808,1.0,7.0,7.0,0.0,0.0,2349.58,1.6,3,5,5,4,19,5,0,1,11,0,189.65
960,21.28,120.0,4,28800.0,0.5403,1.0,0.5403,1.0,4.0,4.0,0.0,0.0,2349.58,1.79,2,5,9,4,19,5,0,0,11,0,185.04
896,12.37,112.0,2,28800.0,0.3068,1.0,0.3068,1.0,2.0,2.0,0.0,0.0,2349.58,2.23,2,5,20,4,19,5,0,0,11,0,174.5
1050,29.87,131.25,7,28800.0,0.9505,1.0,0.9505,1.0,7.0,7.0,0.0,0.0,2349.58,2.36,2,5,23,4,19,5,0,1,11,0,171.27
1050,18.27,131.25,3,28800.0,0.583,1.0,0.583,1.0,3.0,3.0,0.0,0.0,2349.58,3.09,2,5,16,5,19,5,1,0,11,0,153.85
969,25.01,121.12,2,28800.0,0.45,1.0,0.6749,1.0,1.0,1.0,0.0,0.0,2349.58,3.39,2,4,0,6,19,5,1,1,11,0,146.64
861,10.43,107.62,4,28800.0,0.284,1.0,0.284,1.0,4.0,4.0,0.0,0.0,2349.58,3.89,2,4,12,6,19,5,1,0,11,0,134.57
832,38.26,104.0,5,28800.0,1.0,1.0,1.0,1.0,5.0,5.0,0.0,0.0,2349.58,4.11,2,4,17,6,19,5,1,0,11,0,129.25
925,18.43,115.62,1,28800.0,0.5149,1.0,0.5149,1.0,3.0,3.0,0.0,0.0,2349.58,4.55,2,4,4,0,20,5,0,1,11,0,118.69
964,44.37,120.5,4,28800.0,1.0,1.0,1.0,1.0,4.0,4.0,0.0,0.0,2349.58,4.95,2,4,13,0,20,5,0,0,11,0,109.12
924,25.84,115.5,5,28800.0,0.7864,1.0,0.7864,1.0,5.0,5.0,0.0,0.0,2349.58,5.05,2,4,16,0,20,5,0,0,11,0,106.72
946,38.74,118.25,3,28800.0,1.0,1.0,1.0,1.0,3.0,3.0,0.0,0.0,2349.58,5.44,2,4,1,1,20,5,0,1,11,0,97.42
920,35.03,115.0,4,28800.0,1.0,1.0,1.0,1.0,4.0,4.0,0.0,0.0,2349.58,5.71,2,4,7,1,20,5,0,0,11,0,90.92
770,47.35,96.25,6,28800.0,1.0,1.0,1.0,1.0,6.0,6.0,0.0,0.0,2349.58,6.23,2,4,20,1,20,5,0,0,11,0,78.35
905,40.81,113.12,3,28800.0,1.0,1.0,1.0,1.0,3.0,3.0,0.0,0.0,2349.58,6.51,2,4,3,2,20,5,0,1,11,0,71.59
1050,37.92,137.51,3,27489.0,0.9545,0.9545,1.0,1.0,3.0,3.0,0.0,0.0,2349.58,6.95,1,4,13,2,20,5,0,0,11,0,61.24
941,43.48,125.19,4,27059.0,0.9395,0.9395,1.0,1.0,4.0,4.0,0.0,0.0,2349.58,6.97,1,4,14,2,20,5,0,0,11,0,60.65
950,11.49,128.19,3,26679.0,0.3352,0.9264,0.3618,1.0,5.0,5.0,0.0,0.0,2393.67,7.6,2,4,5,3,20,5,0,1,11,0,45.55
920,10.09,115.0,0,28800.0,0.0,1.0,0.2584,1.0,2.0,0.0,0.0,0.0,2393.67,7.74,1,4,8,3,20,5,0,0,11,0,42.14
880,26.9,110.0,2,28800.0,0.6817,1.0,0.6817,1.0,2.0,2.0,0.0,0.0,2393.67,8.05,1,4,16,3,20,5,0,0,11,0,34.7
958,29.88,119.75,5,28800.0,0.7963,1.0,0.7963,1.0,7.0,7.0,0.0,0.0,2393.67,8.6,1,4,5,4,20,5,0,1,11,0,21.59
1024,43.45,144.3,2,25715.625,0.887,0.8929374999999999,1.0,1.0,2.0,2.0,0.0,0.0,2393.67,8.86,1,4,11,4,20,5,0,0,11,0,15.2
907,36.36,131.85,2,25715.625,0.8599,0.8929374999999999,1.0,1.0,2.0,2.0,0.0,0.0,2393.67,9.04,1,4,15,4,20,5,0,0,11,0,10.9
776,18.82,105.47,7,26488.0,0.4408,0.9197,0.4793,1.0,6.0,6.0,0.0,0.0,2397.38,0.15,1,5,2,5,20,5,1,1,11,0,0.15
1050,36.61,136.31,2,27730.0,0.9628,0.9628,1.0,1.0,2.0,2.0,0.0,0.0,2580.58,0.52,2,5,11,5,20,5,1,0,11,0,788.31
874,18.2,113.51,3,27718.0,0.4861,0.9624,0.5051,1.0,3.0,3.0,0.0,0.0,2580.58,0.78,2,5,17,5,20,5,1,0,11,0,782.17
931,25.25,119.55,6,28035.0,0.7474,0.9734,0.7678,1.0,6.0,6.0,0.0,0.0,2580.58,1.03,2,5,23,5,20,5,1,1,11,0,776.07
942,11.47,117.75,4,28800.0,0.3657,1.0,0.3657,1.0,4.0,4.0,0.0,0.0,2580.58,1.5,2,5,11,6,20,5,1,0,11,0,764.71
1011,38.7,126.38,3,28800.0,1.0,1.0,1.0,1.0,3.0,3.0,0.0,0.0,2580.58,1.93,2,5,21,6,20,5,1,0,11,0,754.56
1022,27.91,127.75,2,28800.0,0.5503,1.0,0.8254,1.0,3.0,2.0,0.0,0.0,2580.58,2.01,2,5,23,6,20,5,1,1,11,0,752.67
904,38.09,113.0,5,28800.0,0.8266,1.0,0.9919,1.0,6.0,5.0,0.0,0.0,2580.58,2.55,2,5,12,0,21,5,0,0,11,0,739.54
1024,12.44,128.0,2,28800.0,0.3964,1.0,0.3964,1.0,2.0,2.0,0.0,0.0,2580.58,2.71,2,5,16,0,21,5,0,0,11,0,735.71
908,35.13,113.5,7,28800.0,0.9834,1.0,0.9834,1.0,7.0,7.0,0.0,0.0,2580.58,2.99,2,5,22,0,21,5,0,1,11,0,729.06
825,41.44,103.12,6,28800.0,1.0,1.0,1.0,1.0,6.0,6.0,0.0,0.0,2580.58,3.42,2,5,9,1,21,5,0,0,11,0,718.71
1029,13.04,128.62,4,28800.0,0.373,1.0,0.373,1.0,4.0,4.0,0.0,0.0,2580.58,3.89,2,5,20,1,21,5,0,0,11,0,707.39
936,23.95,117.0,7,28800.0,0.7439,1.0,0.7439,1.0,0.0,0.0,0.0,0.0,2580.58,4.07,2,5,0,2,21,5,0,1,11,0,703.09
954,19.47,119.25,2,28800.0,0.5018,1.0,0.5018,1.0,2.0,2.0,0.0,0.0,2580.58,4.3,2,5,6,2,21,5,0,0,11,0,697.54
1004,14.62,125.5,4,28800.0,0.3992,1.0,0.3992,1.0,4.0,4.0,0.0,0.0,2580.58,4.65,2,5,14,2,21,5,0,0,11,0,689.27
926,15.79,115.75,0,28800.0,0.4016,1.0,0.4135,1.0,0.0,0.0,0.0,0.0,2580.58,4.99,2,5,22,2,21,5,0,1,11,0,681.16
907,45.78,113.38,6,28800.0,1.0,1.0,1.0,1.0,6.0,6.0,0.0,0.0,2580.58,5.5,1,5,10,3,21,5,0,0,11,0,668.91
842,36.49,105.25,4,28800.0,0.8607,1.0,0.8607,1.0,4.0,4.0,0.0,0.0,2580.58,5.66,1,5,14,3,21,5,0,0,11,0,664.86
893,13.89,111.62,4,28800.0,0.3569,1.0,0.3569,1.0,5.0,5.0,0.0,0.0,2580.58,6.09,1,5,1,4,21,5,0,1,11,0,654.71
835,32.27,104.38,3,28800.0,0.9162,1.0,0.9162,1.0,3.0,3.0,0.0,0.0,2580.58,6.45,1,5,9,4,21,5,0,0,11,0,646.09
1050,31.41,131.25,2,28800.0,0.8892,1.0,0.8892,1.0,2.0,2.0,0.0,0.0,2580.58,6.73,1,5,16,4,21,5,0,0,11,0,639.41
788,12.35,98.5,5,28800.0,0.255,1.0,0.255,1.0,4.0,4.0,0.0,0.0,2580.58,7.06,1,4,0,5,21,5,1,1,11,0,631.34
888,42.16,119.29,2,26799.0,0.9305,0.9305,1.0,1.0,2.0,2.0,0.0,0.0,2580.58,7.42,0,4,9,5,21,5,1,0,11,0,622.71
955,15.48,128.13,4,26832.0,0.4679,0.9317,0.5022,1.0,2.0,2.0,0.0,0.0,2694.97,8.24,1,4,4,6,21,5,1,1,11,0,603.12
906,13.7,113.25,6,28800.0,0.3725,1.0,0.3725,1.0,6.0,6.0,0.0,0.0,2694.97,8.55,1,4,12,6,21,5,1,0,11,0,595.66
833,36.46,104.12,2,28800.0,0.9099,1.0,0.9099,1.0,2.0,2.0,0.0,0.0,2694.97,8.94,1,4,21,6,21,5,1,0,11,0,586.34
1050,36.84,131.25,2,28800.0,1.0,1.0,1.0,1.0,2.0,2.0,0.0,0.0,2694.97,9.18,1,4,3,0,22,5,0,1,11,0,580.41
942,19.23,117.75,3,28800.0,0.54,1.0,0.54,1.0,3.0,3.0,0.0,0.0,2694.97,9.42,1,4,9,0,22,5,0,0,11,0,574.69
891,35.07,111.38,3,28800.0,0.9142,1.0,0.9142,1.0,3.0,3.0,0.0,0.0,2694.97,9.78,1,4,17,0,22,5,0,0,11,0,566.02
886,27.97,110.75,2,28800.0,0.8328,1.0,0.8328,1.0,3.0,3.0,0.0,0.0,2694.97,10.15,1,4,2,1,22,5,0,1,11,0,557.32
1018,44.37,127.25,2,28800.0,1.0,1.0,1.0,1.0,2.0,2.0,0.0,0.0,2694.97,10.4,1,4,8,1,22,5,0,0,11,0,551.29
995,17.25,124.38,6,28800.0,0.5248,1.0,0.5248,1.0,6.0,6.0,0.0,0.0,2694.97,10.81,1,4,18,1,22,5,0,0,11,0,541.41
1050,37.81,131.25,3,28800.0,1.0,1.0,1.0,1.0,4.0,4.0,0.0,0.0,2694.97,11.13,1,4,2,2,22,5,0,1,11,0,533.64
902,36.78,112.75,5,28800.0,1.0,1.0,1.0,1.0,5.0,5.0,0.0,0.0,2694.97,11.51,1,4,11,2,22,5,0,0,11,0,524.57
954,32.33,119.25,6,28800.0,1.0,1.0,1.0,1.0,6.0,6.0,0.0,0.0,2694.97,11.88,1,4,20,2,22,5,0,0,11,0,515.59
781,32.03,97.62,4,28800.0,0.7238,1.0,0.7238,1.0,5.0,5.0,0.0,0.0,2694.97,12.13,1,4,2,3,22,5,0,1,11,0,509.64
854,11.34,112.54,2,27318.0,0.2639,0.9485,0.2782,1.0,2.0,2.0,0.0,0.0,2694.97,12.46,1,4,10,3,22,5,0,0,11,0,501.81
969,23.49,128.11,4,27229.0,0.5475,0.9455,0.7238,1.0,5.0,4.0,0.0,0.0,2694.97,12.63,1,4,14,3,22,5,0,0,11,0,497.69
1038,28.09,138.46,5,26989.0,0.8016,0.9371,0.8554,1.0,5.0,5.0,0.0,0.0,2861.01,0.34,1,5,23,3,22,5,0,1,11,0,488.27
1015,23.19,126.88,1,28800.0,0.2274,1.0,0.6823,1.0,3.0,1.0,0.0,0.0,2861.01,0.78,1,4,10,4,22,5,0,0,11,0,477.54
793,25.69,99.12,2,28800.0,0.6636,1.0,0.6636,1.0,2.0,2.0,0.0,0.0,2861.01,1.13,1,4,18,4,22,5,0,0,11,0,469.32
1050,38.73,131.25,3,28800.0,1.0,1.0,1.0,1.0,3.0,3.0,0.0,0.0,2861.01,1.34,1,4,23,4,22,5,0,1,11,0,464.11
989,28.54,123.62,6,28800.0,0.7737,1.0,0.7737,1.0,6.0,6.0,0.0,0.0,2861.01,2.25,0,4,21,5,22,5,1,0,11,0,442.27
941,31.27,117.62,4,28800.0,0.785,1.0,0.9812,1.0,5.0,4.0,0.0,0.0,2861.01,2.36,0,4,0,6,22,5,1,1,11,0,439.66
977,17.4,122.12,4,28800.0,0.4407,1.0,0.4407,1.0,4.0,4.0,0.0,0.0,2861.01,3.22,0,4,20,6,22,5,1,0,11,0,418.99
1034,14.42,129.25,4,28800.0,0.3912,1.0,0.489,1.0,5.0,5.0,0.0,0.0,2861.01,3.41,0,4,1,0,23,6,0,1,11,0,414.61
916,37.86,114.5,2,28800.0,1.0,1.0,1.0,1.0,2.0,2.0,0.0,0.0,2861.01,3.72,0,4,8,0,23,6,0,0,11,0,407.14
900,34.09,112.5,5,28800.0,0.8772,1.0,0.8772,1.0,5.0,5.0,0.0,0.0,2861.01,4.1,0,4,17,0,23,6,0,0,11,0,397.97
938,23.59,117.25,5,28800.0,0.6358,1.0,0.6358,1.0,4.0,4.0,0.0,0.0,2861.01,4.46,0,3,2,1,23,6,0,1,11,0,389.36
942,22.89,117.75,2,28800.0,0.7408,1.0,0.7408,1.0,2.0,2.0,0.0,0.0,2861.01,4.71,0,3,8,1,23,6,0,0,11,0,383.17
1017,44.51,127.12,2,28800.0,1.0,1.0,1.0,1.0,2.0,2.0,0.0,0.0,2861.01,5.13,0,3,18,1,23,6,0,0,11,0,373.26
1000,28.83,125.0,4,28800.0,0.8007,1.0,0.8007,1.0,8.0,7.0,0.0,0.0,2861.01,5.47,0,3,2,2,23,6,0,1,11,0,365.12
976,12.57,122.0,5,28800.0,0.3545,1.0,0.3545,1.0,5.0,5.0,0.0,0.0,2861.01,5.79,0,3,10,2,23,6,0,0,11,0,357.36
867,21.19,108.38,6,28800.0,0.6093,1.0,0.6093,1.0,6.0,6.0,0.0,0.0,2861.01,5.95,0,3,14,2,23,6,0,0,11,0,353.57
850,34.91,106.25,7,28800.0,0.6929,1.0,0.7919,1.0,3.0,3.0,0.0,0.0,2861.01,6.41,0,3,1,3,23,6,0,1,11,0,342.42
1049,39.53,136.55,4,27655.0,0.9602,0.9602,1.0,1.0,4.0,4.0,0.0,0.0,2861.01,6.88,0,3,12,3,23,6,0,0,11,0,331.29
1005,38.0,133.31,4,27140.0,0.9424,0.9424,1.0,1.0,4.0,4.0,0.0,0.0,2922.24,7.21,1,3,20,3,23,6,0,0,11,0,323.17
1050,43.09,141.55,3,26704.0,0.9272,0.9272,1.0,1.0,6.0,5.0,0.0,0.0,2922.24,7.58,1,3,5,4,23,6,0,1,11,0,314.36
809,37.19,101.12,4,28800.0,0.6713,1.0,0.8391,1.0,5.0,4.0,0.0,0.0,2922.24,7.88,1,3,12,4,23,6,0,0,11,0,307.12
913,26.66,114.12,6,28800.0,0.6778,1.0,0.6778,1.0,6.0,6.0,0.0,0.0,2922.24,7.96,1,2,14,4,23,6,0,0,11,0,305.31
792,21.37,99.0,5,28800.0,0.4604,1.0,0.5525,1.0,5.0,5.0,0.0,0.0,2922.24,8.4,1,2,1,5,23,6,1,1,11,0,294.82
786,43.39,98.25,2,28800.0,0.6303,1.0,0.9454,1.0,3.0,2.0,0.0,0.0,2922.24,9.11,1,2,18,5,23,6,1,0,11,0,277.71
975,21.66,121.88,5,28800.0,0.5698,1.0,0.5698,1.0,5.0,5.0,0.0,0.0,2922.24,9.3,1,2,22,5,23,6,1,1,11,0,273.02
988,19.85,149.09,6,25715.625,0.6683,0.8929374999999999,0.8068,1.0,6.0,6.0,0.0,0.0,3162.24,0.16,1,3,10,6,23,6,1,0,11,0,260.96
1002,23.19,140.49,5,25715.625,0.7845,0.8929374999999999,0.88,1.0,5.0,5.0,0.0,0.0,3162.24,0.58,1,3,21,6,23,6,1,0,11,0,250.74
934,36.97,135.72,5,25715.625,0.8602,0.8929374999999999,1.0,1.0,5.0,5.0,0.0,0.0,3162.24,0.67,1,3,23,6,23,6,1,1,11,0,248.76
964,12.42,120.5,4,28800.0,0.3799,1.0,0.3799,1.0,4.0,4.0,0.0,0.0,3162.24,1.15,1,3,10,0,24,6,0,0,11,0,237.09
910,40.78,113.75,4,28800.0,1.0,1.0,1.0,1.0,4.0,4.0,0.0,0.0,3162.24,1.34,1,3,15,0,24,6,0,0,11,0,232.66
934,37.29,116.75,2,28800.0,0.9801,1.0,0.9801,1.0,3.0,3.0,0.0,0.0,3162.24,1.72,1,3,0,1,24,6,0,1,11,0,223.56
877,36.8,109.62,5,28800.0,0.7225,1.0,0.867,1.0,6.0,5.0,0.0,0.0,3162.24,2.27,1,3,13,1,24,6,0,0,11,0,210.27
963,17.76,120.38,4,28800.0,0.4497,1.0,0.5621,1.0,5.0,4.0,0.0,0.0,3162.24,2.57,1,3,20,1,24,6,0,0,11,0,202.97
977,42.62,122.12,3,28800.0,1.0,1.0,1.0,1.0,5.0,5.0,0.0,0.0,3162.24,2.89,1,3,4,2,24,6,0,1,11,0,195.34
922,11.0,115.25,4,28800.0,0.274,1.0,0.274,1.0,4.0,4.0,0.0,0.0,3162.24,3.15,1,3,10,2,24,6,0,0,11,0,189.17
938,27.75,117.25,4,28800.0,0.7921,1.0,0.7921,1.0,4.0,4.0,0.0,0.0,3162.24,3.57,1,3,20,2,24,6,0,0,11,0,178.97
908,35.23,113.5,5,28800.0,0.8686,1.0,0.8686,1.0,2.0,2.0,0.0,0.0,3162.24,3.72,1,3,0,3,24,6,0,1,11,0,175.46
899,41.51,112.38,6,28800.0,1.0,1.0,1.0,1.0,6.0,6.0,0.0,0.0,3162.24,4.23,1,3,12,3,24,6,0,0,11,0,163.22
908,14.85,113.5,5,28800.0,0.3378,1.0,0.4054,1.0,6.0,5.0,0.0,0.0,3162.24,4.61,0,3,21,3,24,6,0,0,11,0,154.22
953,34.8,119.12,2,28800.0,0.9252,1.0,0.9252,1.0,3.0,3.0,0.0,0.0,3162.24,4.86,0,3,3,4,24,6,0,1,11,0,148.04
931,30.73,116.38,3,28800.0,0.8654,1.0,0.8654,1.0,3.0,3.0,0.0,0.0,3162.24,5.07,0,3,8,4,24,6,0,0,11,0,143.01
809,37.73,101.12,6,28800.0,0.9781,1.0,0.9781,1.0,6.0,6.0,0.0,0.0,3162.24,5.39,0,3,16,4,24,6,0,0,11,0,135.29
1019,23.45,127.38,3,28800.0,0.7653,1.0,0.7653,1.0,3.0,3.0,0.0,0.0,3162.24,5.64,0,3,22,4,24,6,0,1,11,0,129.34
1004,33.14,125.5,2,28800.0,1.0,1.0,1.0,1.0,2.0,2.0,0.0,0.0,3162.24,6.1,0,3,9,5,24,6,1,0,11,0,118.37
927,15.37,115.88,1,28800.0,0.3843,1.0,0.3843,1.0,4.0,4.0,0.0,0.0,3162.24,6.83,0,3,2,6,24,6,1,1,11,0,100.94
1014,31.33,126.75,3,28800.0,0.8918,1.0,0.8918,1.0,3.0,3.0,0.0,0.0,3162.24,7.13,0,3,10,6,24,6,1,0,11,0,93.74
936,9.38,117.0,5,28800.0,0.2814,1.0,0.2814,1.0,5.0,5.0,0.0,0.0,3162.24,7.59,0,2,21,6,24,6,1,0,11,0,82.56
1011,36.68,126.38,3,28800.0,0.9906,1.0,0.9906,1.0,3.0,3.0,0.0,0.0,3162.24,8.14,0,2,10,0,25,6,0,0,11,0,69.46
1050,20.21,131.25,6,28800.0,0.5534,1.0,0.5534,1.0,6.0,6.0,0.0,0.0,3162.24,8.6,0,2,21,0,25,6,0,0,11,0,58.41
861,25.85,107.62,3,28800.0,0.5791,1.0,0.5791,1.0,3.0,3.0,0.0,0.0,3162.24,8.69,0,2,23,0,25,6,0,1,11,0,56.27
936,13.44,117.0,6,28800.0,0.3513,1.0,0.3513,1.0,6.0,6.0,0.0,0.0,3162.24,9.19,0,2,11,1,25,6,0,0,11,0,44.17
945,18.9,118.12,3,28800.0,0.5716,1.0,0.5716,1.0,3.0,3.0,0.0,0.0,3162.24,9.49,0,2,18,1,25,6,0,0,11,0,36.97
926,24.8,115.75,2,28800.0,0.6752,1.0,0.6752,1.0,4.0,4.0,0.0,0.0,3162.24,9.8,0,2,2,2,25,6,0,1,11,0,29.57
1050,36.54,134.54,4,28095.0,0.9755,0.9755,1.0,1.0,4.0,4.0,0.0,0.0,3162.24,9.96,0,2,6,2,25,6,0,0,11,0,25.82
924,41.18,118.18,2,28147.0,0.9773,0.9773,1.0,1.0,2.0,2.0,0.0,0.0,3179.91,10.33,1,2,14,2,25,6,0,0,11,0,16.86
982,25.7,124.88,4,28308.0,0.876,0.9829,0.8912,1.0,4.0,4.0,0.0,0.0,3182.8,0.0,1,3,5,3,25,6,0,1,11,0,2.81
872,33.56,131.7,2,25715.625,0.7978,0.8929374999999999,0.964,1.0,2.0,2.0,0.0,0.0,3222.11,0.26,2,3,11,3,25,6,0,0,11,0,472.15
967,10.09,142.5,6,25715.625,0.2743,0.8929374999999999,0.3234,1.0,6.0,6.0,0.0,0.0,3222.11,0.53,2,3,17,3,25,6,0,0,11,0,465.8
834,17.18,143.92,4,25715.625,0.4752,0.8929374999999999,0.656,1.0,4.0,4.0,0.0,0.0,3222.11,0.94,2,3,3,4,25,6,0,1,11,0,455.8
1009,22.88,126.12,3,28800.0,0.7907,1.0,0.7907,1.0,3.0,3.0,0.0,0.0,3222.11,1.18,2,3,9,4,25,6,0,0,11,0,450.18
930,26.3,116.25,6,28800.0,0.6746,1.0,0.6746,1.0,6.0,6.0,0.0,0.0,3222.11,1.56,2,3,18,4,25,6,0,0,11,0,441.02
970,47.16,121.25,4,28800.0,1.0,1.0,1.0,1.0,4.0,4.0,0.0,0.0,3222.11,1.82,2,3,0,5,25,6,1,1,11,0,434.78
781,19.31,104.49,2,26909.0,0.477,0.9343,0.5105,1.0,2.0,2.0,0.0,0.0,3335.97,0.24,2,4,10,5,25,6,1,0,11,0,424.9
1001,20.58,139.86,6,25765.0,0.5426,0.8946,0.6065,1.0,6.0,6.0,0.0,0.0,3335.97,0.66,2,4,20,5,25,6,1,0,11,0,414.78
917,32.98,128.69,4,25715.625,0.8907,0.8929374999999999,1.0,1.0,5.0,5.0,0.0,0.0,3335.97,0.84,2,4,0,6,25,6,1,1,11,0,410.47
903,31.12,112.88,6,28800.0,0.7365,1.0,0.7365,1.0,6.0,6.0,0.0,0.0,3335.97,1.19,2,4,9,6,25,6,1,0,11,0,401.97
983,34.9,122.88,3,28800.0,1.0,1.0,1.0,1.0,3.0,3.0,0.0,0.0,3335.97,1.44,2,4,15,6,25,6,1,0,11,0,396.02
1040,31.57,130.0,5,28800.0,1.0,1.0,1.0,1.0,3.0,3.0,0.0,0.0,3335.97,1.88,2,4,2,0,26,6,0,1,11,0,385.33
903,43.23,112.88,4,28800.0,1.0,1.0,1.0,1.0,4.0,4.0,0.0,0.0,3335.97,2.2,2,4,9,0,26,6,0,0,11,0,377.75
841,18.18,105.12,2,28800.0,0.4675,1.0,0.4675,1.0,2.0,2.0,0.0,0.0,3335.97,2.41,2,4,14,0,26,6,0,0,11,0,372.68
792,17.36,99.0,3,28800.0,0.3737,1.0,0.3737,1.0,3.0,3.0,0.0,0.0,3335.97,2.72,2,4,22,0,26,6,0,1,11,0,365.37
1005,15.98,125.62,4,28800.0,0.4512,1.0,0.4512,1.0,4.0,4.0,0.0,0.0,3335.97,3.29,2,4,11,1,26,6,0,0,11,0,351.67
954,29.33,119.25,4,28800.0,0.905,1.0,0.905,1.0,4.0,4.0,0.0,0.0,3335.97,3.45,2,4,15,1,26,6,0,0,11,0,347.68
895,39.92,111.88,6,28800.0,0.9966,1.0,0.9966,1.0,5.0,5.0,0.0,0.0,3335.97,3.95,2,4,3,2,26,6,0,1,11,0,335.63
1050,24.96,135.28,3,27943.0,0.6748,0.9702,0.9274,1.0,4.0,3.0,0.0,0.0,3335.97,4.37,1,4,13,2,26,6,0,0,11,0,325.65
882,33.88,111.71,4,28424.0,0.9869,0.9869,1.0,1.0,4.0,4.0,0.0,0.0,3335.97,4.46,1,4,15,2,26,6,0,0,11,0,323.62
841,28.89,106.5,5,28429.0,0.6354,0.9871,0.6437,1.0,5.0,5.0,0.0,0.0,3335.97,4.75,1,4,22,2,26,6,0,1,11,0,316.43
803,26.79,100.38,6,28800.0,0.6463,1.0,0.6463,1.0,6.0,6.0,0.0,0.0,3436.46,5.35,0,4,13,3,26,6,0,0,11,0,302.17
877,17.72,109.62,2,28800.0,0.5082,1.0,0.5082,1.0,2.0,2.0,0.0,0.0,3436.46,5.49,0,4,16,3,26,6,0,0,11,0,298.67
1050,11.85,131.25,4,28800.0,0.4018,1.0,0.4018,1.0,4.0,4.0,0.0,0.0,3436.46,5.78,0,4,23,3,26,6,0,1,11,0,291.72
1050,20.26,131.25,2,28800.0,0.6511,1.0,0.6511,1.0,2.0,2.0,0.0,0.0,3436.46,6.2,0,4,9,4,26,6,0,0,11,0,281.67
975,49.6,121.88,2,28800.0,1.0,1.0,1.0,1.0,2.0,2.0,0.0,0.0,3436.46,6.41,0,4,14,4,26,6,0,0,11,0,276.72
1047,37.63,130.88,3,28800.0,1.0,1.0,1.0,1.0,6.0,5.0,0.0,0.0,3436.46,6.94,0,4,3,5,26,6,1,1,11,0,264.08
1050,12.17,131.25,6,28800.0,0.4025,1.0,0.4025,1.0,6.0,6.0,0.0,0.0,3436.46,7.14,0,4,8,5,26,6,1,0,11,0,259.08
871,25.75,108.88,5,28800.0,0.7159,1.0,0.7159,1.0,5.0,5.0,0.0,0.0,3436.46,7.69,0,3,21,5,26,6,1,0,11,0,245.93
924,29.66,115.5,5,28800.0,0.6887,1.0,0.8265,1.0,2.0,2.0,0.0,0.0,3436.46,7.98,0,3,4,6,26,6,1,1,11,0,239.08
1018,24.42,127.25,3,28800.0,0.6734,1.0,0.6734,1.0,3.0,3.0,0.0,0.0,3436.46,8.28,0,3,11,6,26,6,1,0,11,0,231.8
968,34.19,121.0,3,28800.0,0.8904,1.0,0.8904,1.0,3.0,3.0,0.0,0.0,3436.46,8.68,0,3,21,6,26,6,1,0,11,0,222.22
870,14.25,108.75,2,28800.0,0.4081,1.0,0.4081,1.0,3.0,3.0,0.0,0.0,3436.46,9.04,0,4,5,0,27,6,0,1,11,0,213.65
1032,47.63,140.28,2,26484.0,0.9196,0.9196,1.0,1.0,2.0,2.0,0.0,0.0,3577.22,0.07,0,4,8,0,27,6,0,0,11,0,210.75
901,26.72,140.11,4,25715.625,0.6111,0.8929374999999999,0.9504,1.0,5.0,4.0,0.0,0.0,3577.22,0.4,0,4,16,0,27,6,0,0,11,0,202.72
615,28.63,93.99,3,25715.625,0.5365,0.8929374999999999,0.6559,1.0,3.0,3.0,0.0,0.0,3577.22,0.87,0,4,3,1,27,6,0,1,11,0,191.53
982,13.63,122.75,5,28800.0,0.3635,1.0,0.3635,1.0,5.0,5.0,0.0,0.0,3577.22,1.04,0,4,7,1,27,6,0,0,11,0,187.43
822,24.24,102.75,1,28800.0,0.3388,1.0,0.6776,1.0,2.0,1.0,0.0,0.0,3577.22,1.51,0,4,19,1,27,6,0,0,11,0,176.2
1045,15.65,130.62,3,28800.0,0.4829,1.0,0.4829,1.0,3.0,3.0,0.0,0.0,3577.22,1.63,0,4,22,1,27,6,0,1,11,0,173.17
943,32.06,117.88,5,28800.0,0.9106,1.0,0.9106,1.0,5.0,5.0,0.0,0.0,3577.22,2.14,0,4,10,2,27,7,0,0,11,0,160.9
1024,26.3,128.0,5,28800.0,0.794,1.0,0.794,1.0,5.0,5.0,0.0,0.0,3577.22,2.37,0,4,16,2,27,7,0,0,11,0,155.38
923,31.36,115.38,2,28800.0,0.7644,1.0,0.7644,1.0,3.0,3.0,0.0,0.0,3577.22,2.88,0,4,4,3,27,7,0,1,11,0,143.17
770,42.79,96.25,2,28800.0,0.9344,1.0,0.9344,1.0,2.0,2.0,0.0,0.0,3577.22,3.11,0,4,9,3,27,7,0,0,11,0,137.65
833,41.75,104.12,2,28800.0,0.6667,1.0,1.0,1.0,3.0,2.0,0.0,0.0,3577.22,3.49,0,4,18,3,27,7,0,0,11,0,128.62
1050,39.36,131.25,3,28800.0,1.0,1.0,1.0,1.0,3.0,3.0,0.0,0.0,3577.22,3.63,0,4,22,3,27,7,0,1,11,0,125.23
1050,52.01,131.25,4,28800.0,1.0,1.0,1.0,1.0,4.0,4.0,0.0,0.0,3577.22,4.02,0,4,7,4,27,7,0,0,11,0,115.95
1004,27.9,125.5,4,28800.0,0.9019,1.0,0.9019,1.0,4.0,4.0,0.0,0.0,3577.22,4.55,0,4,20,4,27,7,0,0,11,0,103.12
1019,32.64,127.38,7,28800.0,0.8941,1.0,0.8941,1.0,6.0,6.0,0.0,0.0,3577.22,4.71,0,4,0,5,27,7,1,1,11,0,99.23
923,22.03,115.38,5,28800.0,0.5407,1.0,0.5407,1.0,5.0,5.0,0.0,0.0,3577.22,5.09,0,4,9,5,27,7,1,0,11,0,90.13
929,8.6,116.12,6,28800.0,0.269,1.0,0.269,1.0,6.0,6.0,0.0,0.0,3577.22,5.34,0,4,15,5,27,7,1,0,11,0,84.25
865,45.32,108.12,6,28800.0,1.0,1.0,1.0,1.0,3.0,3.0,0.0,0.0,3577.22,5.76,0,4,1,6,27,7,1,1,11,0,74.1
1037,33.8,146.84,5,25715.625,0.8827,0.8929374999999999,1.0,1.0,5.0,5.0,0.0,0.0,3592.53,0.17,0,5,10,6,27,7,1,0,11,0,65.08
829,19.18,123.28,3,25715.625,0.4114,0.8929374999999999,0.4894,1.0,3.0,3.0,0.0,0.0,3644.18,0.0,0,6,23,6,27,7,1,1,11,0,51.55
1050,33.27,131.25,5,28800.0,1.0,1.0,1.0,1.0,5.0,5.0,0.0,0.0,3644.18,0.55,0,6,12,0,28,7,0,0,11,0,38.45
932,15.55,116.5,3,28800.0,0.4841,1.0,0.4841,1.0,3.0,3.0,0.0,0.0,3644.18,0.9,0,6,21,0,28,7,0,0,11,0,30.08
769,25.23,96.12,2,28800.0,0.5143,1.0,0.5143,1.0,3.0,2.0,0.0,0.0,3644.18,1.22,0,5,5,1,28,7,0,1,11,0,22.28
1050,13.84,131.25,2,28800.0,0.4776,1.0,0.4776,1.0,2.0,2.0,0.0,0.0,3644.18,1.3,0,5,7,1,28,7,0,0,11,0,20.38
1011,32.07,126.38,5,28800.0,1.0,1.0,1.0,1.0,5.0,5.0,0.0,0.0,3644.18,1.77,0,5,18,1,28,7,0,0,11,0,9.08
1050,22.36,131.25,2,28800.0,0.4485,1.0,0.6727,1.0,3.0,3.0,0.0,0.0,3644.18,2.06,0,5,1,2,28,7,0,1,11,0,2.25
929,46.27,117.55,2,28451.0,0.6586,0.9879,1.0,1.0,3.0,2.0,0.0,0.0,3672.87,2.51,1,5,12,2,28,7,0,0,11,0,20.36
1050,12.73,132.16,6,28602.0,0.4564,0.9931,0.4596,1.0,6.0,6.0,0.0,0.0,3672.87,2.85,1,5,20,2,28,7,0,0,11,0,12.21
896,22.7,112.76,3,28606.0,0.6944,0.9933,0.6991,1.0,4.0,4.0,0.0,0.0,3672.87,3.23,1,5,5,3,28,7,0,1,11,0,3.11
948,14.98,147.89,4,25715.625,0.4816,0.8929374999999999,0.601,1.0,4.0,4.0,0.0,0.0,3672.87,3.44,2,5,10,3,28,7,0,0,11,0,56.73
884,22.98,136.72,3,25715.625,0.3939,0.8929374999999999,0.6498,1.0,4.0,3.0,0.0,0.0,3685.47,3.84,2,5,19,3,28,7,0,0,11,0,47.08
968,38.96,134.92,4,25829.0,0.8968,0.8968,1.0,1.0,2.0,2.0,0.0,0.0,3727.08,0.12,2,6,4,4,28,7,0,1,11,0,38.62
990,29.72,123.75,2,28800.0,0.8711,1.0,0.8711,1.0,2.0,2.0,0.0,0.0,3727.08,0.4,2,6,10,4,28,7,0,0,11,0,32.02
914,26.68,114.25,3,28800.0,0.7468,1.0,0.7468,1.0,3.0,3.0,0.0,0.0,3727.08,0.58,2,6,15,4,28,7,0,0,11,0,27.73
858,50.37,107.25,2,28800.0,1.0,1.0,1.0,1.0,5.0,5.0,0.0,0.0,3727.08,1.1,2,6,3,5,28,7,1,1,11,0,15.23
881,28.78,117.68,6,26951.0,0.6639,0.9358,0.7094,1.0,6.0,6.0,0.0,0.0,3727.08,1.35,2,6,9,5,28,7,1,0,11,0,9.22
864,17.09,123.05,4,25715.625,0.4923,0.8929374999999999,0.5609,1.0,4.0,4.0,0.0,0.0,3727.08,1.7,2,6,18,5,28,7,1,0,11,0,0.72
976,44.66,140.08,5,25715.625,0.8709,0.8929374999999999,1.0,1.0,5.0,5.0,0.0,0.0,3734.19,1.9,3,6,22,5,28,7,1,1,11,0,5.25
748,24.69,106.66,6,25715.625,0.5898,0.8929374999999999,0.6728,1.0,6.0,6.0,0.0,0.0,3846.81,2.37,4,6,10,6,28,7,1,0,11,0,179.84
988,35.79,139.82,4,25715.625,0.8833,0.8929374999999999,1.0,1.0,4.0,4.0,0.0,0.0,3846.81,2.68,4,6,17,6,28,7,1,0,11,0,172.34
835,30.52,116.45,4,25813.0,0.8449,0.8963,0.9426,1.0,4.0,4.0,0.0,0.0,3846.81,2.91,4,6,23,6,28,7,1,1,11,0,166.81
926,16.48,115.75,6,28800.0,0.5141,1.0,0.5141,1.0,6.0,6.0,0.0,0.0,3846.81,3.45,4,6,12,0,29,7,0,0,11,0,153.93
1050,41.85,131.25,1,28800.0,0.5,1.0,1.0,1.0,2.0,1.0,0.0,0.0,3846.81,3.76,4,6,19,0,29,7,0,0,11,0,146.39
1030,8.45,128.75,6,28800.0,0.2922,1.0,0.2922,1.0,3.0,2.0,0.0,0.0,3846.81,4.07,4,6,3,1,29,7,0,1,11,0,138.88
930,21.22,116.25,2,28800.0,0.6323,1.0,0.6323,1.0,2.0,2.0,0.0,0.0,3846.81,4.25,4,6,7,1,29,7,0,0,11,0,134.56
823,18.49,102.88,2,28800.0,0.4958,1.0,0.4958,1.0,2.0,2.0,0.0,0.0,3846.81,4.55,4,6,14,1,29,7,0,0,11,0,127.38
871,10.56,108.88,2,28800.0,0.172,1.0,0.258,1.0,5.0,5.0,0.0,0.0,3846.81,5.15,3,6,4,2,29,7,0,1,11,0,113.03
828,41.21,103.5,5,28800.0,0.97,1.0,0.97,1.0,5.0,5.0,0.0,0.0,3846.81,5.42,3,6,11,2,29,7,0,0,11,0,106.58
856,38.66,107.0,6,28800.0,1.0,1.0,1.0,1.0,6.0,6.0,0.0,0.0,3846.81,5.66,3,6,17,2,29,7,0,0,11,0,100.94
1050,16.04,131.25,5,28800.0,0.5644,1.0,0.5644,1.0,3.0,3.0,0.0,0.0,3846.81,5.99,3,6,1,3,29,7,0,1,11,0,92.83
1050,22.52,133.0,5,28420.0,0.6992,0.9868,0.7086,1.0,5.0,5.0,0.0,0.0,3846.81,6.25,3,6,7,3,29,7,0,0,11,0,86.78
938,13.12,117.91,6,28639.0,0.3879,0.9944,0.3901,1.0,6.0,6.0,0.0,0.0,3846.81,6.67,2,6,17,3,29,7,0,0,11,0,76.64
959,45.3,121.13,3,28502.0,0.9897,0.9897,1.0,1.0,4.0,4.0,0.0,0.0,3917.29,7.09,2,6,3,4,29,7,0,1,11,0,66.41
986,13.02,123.25,3,28800.0,0.3564,1.0,0.3564,1.0,3.0,3.0,0.0,0.0,3917.29,7.49,2,6,13,4,29,7,0,0,11,0,56.94
985,24.83,123.12,5,28800.0,0.6659,1.0,0.6659,1.0,5.0,5.0,0.0,0.0,3917.29,7.56,2,6,14,4,29,7,0,0,11,0,55.33
1031,26.01,128.88,4,28800.0,0.8284,1.0,0.8284,1.0,3.0,3.0,0.0,0.0,3917.29,7.95,2,6,0,5,29,7,1,1,11,0,45.79
963,16.08,120.38,4,28800.0,0.4487,1.0,0.4487,1.0,4.0,4.0,0.0,0.0,3917.29,8.32,2,5,8,5,29,7,1,0,11,0,37.03
1026,33.01,128.25,3,28800.0,1.0,1.0,1.0,1.0,3.0,3.0,0.0,0.0,3917.29,8.59,2,5,15,5,29,7,1,0,11,0,30.53
1050,50.9,131.25,3,28800.0,1.0,1.0,1.0,1.0,5.0,5.0,0.0,0.0,3917.29,9.11,1,5,3,6,29,7,1,1,11,0,18.01
861,28.01,132.39,2,25715.625,0.7145,0.8929374999999999,0.8789,1.0,2.0,2.0,0.0,0.0,3917.29,9.37,0,5,10,6,29,7,1,0,11,0,11.81
900,19.06,131.81,1,25715.625,0.2278,0.8929374999999999,0.5338,1.0,2.0,1.0,0.0,0.0,3917.29,9.78,0,5,20,6,29,7,1,0,11,0,1.94
909,21.94,125.67,5,26040.0,0.6654,0.9042,0.7359,1.0,2.0,2.0,0.0,0.0,3931.36,10.0,1,5,1,0,30,7,0,1,11,0,13.9
1047,14.68,134.73,3,27976.0,0.3394,0.9714,0.4659,1.0,4.0,3.0,0.0,0.0,3931.36,10.5,1,4,13,0,30,7,0,0,11,0,1.94
1042,41.11,139.63,3,26866.0,0.9328,0.9328,1.0,1.0,3.0,3.0,0.0,0.0,3976.13,10.83,2,4,21,0,30,7,0,0,11,0,248.57
876,27.44,116.92,2,26972.0,0.827,0.9365,0.8831,1.0,7.0,6.0,0.0,0.0,3976.13,11.17,2,4,5,1,30,7,0,1,11,0,240.25
882,15.3,110.25,1,28800.0,0.1923,1.0,0.3846,1.0,2.0,1.0,0.0,0.0,3976.13,11.5,2,4,13,1,30,7,0,0,11,0,232.48
912,27.23,114.0,2,28800.0,0.6872,1.0,0.6872,1.0,2.0,2.0,0.0,0.0,3976.13,11.68,2,4,17,1,30,7,0,0,11,0,228.17
835,52.4,104.38,6,28800.0,0.8571,1.0,1.0,1.0,6.0,5.0,0.0,0.0,3976.13,12.09,2,4,3,2,30,7,0,1,11,0,218.27
948,42.43,118.5,6,28800.0,1.0,1.0,1.0,1.0,6.0,6.0,0.0,0.0,3976.13,12.47,2,4,12,2,30,7,0,0,11,0,209.0
903,41.54,112.88,4,28800.0,1.0,1.0,1.0,1.0,4.0,4.0,0.0,0.0,4022.47,12.81,2,5,20,2,30,7,0,0,11,0,200.87
893,49.51,111.62,5,28800.0,0.8333,1.0,1.0,1.0,0.0,0.0,0.0,0.0,4022.47,13.14,2,5,4,3,30,7,0,1,11,0,193.12
776,27.73,97.0,5,28800.0,0.6588,1.0,0.6588,1.0,5.0,5.0,0.0,0.0,4022.47,13.25,2,5,7,3,30,7,0,0,11,0,190.47
983,11.21,122.88,3,28800.0,0.1726,1.0,0.2877,1.0,5.0,3.0,0.0,0.0,4022.47,13.79,2,5,20,3,30,7,0,0,11,0,177.33
1050,34.47,131.25,0,28800.0,0.9411,1.0,1.0,1.0,4.0,4.0,0.0,0.0,4022.47,14.18,2,5,5,4,30,7,0,1,11,0,168.02
978,21.45,144.35,5,25715.625,0.6404,0.8929374999999999,0.7562,1.0,5.0,5.0,0.0,0.0,4022.47,14.42,2,5,11,4,30,7,0,0,11,0,162.37
956,22.42,141.47,4,25715.625,0.5697,0.8929374999999999,0.6744,1.0,4.0,4.0,0.0,0.0,4022.47,14.57,2,6,15,4,30,7,0,0,11,0,158.65
899,14.01,138.33,4,25715.625,0.358,0.8929374999999999,0.4407,1.0,5.0,5.0,0.0,0.0,4091.15,0.44,2,6,2,5,30,7,1,1,11,0,147.0
922,20.82,115.25,3,28800.0,0.6294,1.0,0.6294,1.0,3.0,3.0,0.0,0.0,4091.15,0.65,2,6,7,5,30,7,1,0,11,0,141.88
857,11.05,107.12,6,28800.0,0.2532,1.0,0.2532,1.0,6.0,6.0,0.0,0.0,4091.15,1.16,2,6,20,5,30,7,1,0,11,0,129.5
875,33.1,109.38,5,28800.0,0.9747,1.0,0.9747,1.0,5.0,5.0,0.0,0.0,4091.15,1.49,2,6,3,6,30,7,1,1,11,0,121.78
777,33.51,97.12,5,28800.0,0.7538,1.0,0.7538,1.0,5.0,5.0,0.0,0.0,4091.15,1.86,2,6,12,6,30,7,1,0,11,0,112.83
946,43.25,118.25,2,28800.0,1.0,1.0,1.0,1.0,2.0,2.0,0.0,0.0,4091.15,2.02,2,6,16,6,30,7,1,0,11,0,108.92
803,44.49,100.38,5,28800.0,1.0,1.0,1.0,1.0,5.0,5.0,0.0,0.0,4091.15,2.28,1,6,22,6,30,7,1,1,11,0,102.82
878,18.07,112.88,2,28001.0,0.2813,0.9723,0.434,1.0,3.0,2.0,0.0,0.0,4091.15,2.6,1,6,6,0,31,7,0,0,11,0,95.13
1012,24.27,129.86,5,28054.0,0.7608,0.9741,0.781,1.0,5.0,5.0,0.0,0.0,4179.43,0.19,0,7,17,0,31,7,0,0,11,0,83.77
805,48.49,102.9,3,28163.0,0.9779,0.9779,1.0,1.0,6.0,6.0,0.0,0.0,4179.43,0.56,0,7,3,1,31,7,0,1,11,0,74.72
879,35.5,109.88,2,28800.0,0.94,1.0,0.94,1.0,2.0,2.0,0.0,0.0,4179.43,0.93,0,7,11,1,31,7,0,0,11,0,65.97
856,35.67,107.0,2,28800.0,0.8328,1.0,0.8328,1.0,2.0,2.0,0.0,0.0,4179.43,1.13,0,7,16,1,31,7,0,0,11,0,61.03
942,49.4,117.75,6,28800.0,1.0,1.0,1.0,1.0,6.0,6.0,0.0,0.0,4179.43,1.41,0,7,23,1,31,7,0,1,11,0,54.52
1009,13.25,126.12,6,28800.0,0.4211,1.0,0.4211,1.0,6.0,6.0,0.0,0.0,4179.43,1.71,0,6,6,2,31,7,0,0,11,0,47.22
866,48.4,108.25,4,28800.0,1.0,1.0,1.0,1.0,4.0,4.0,0.0,0.0,4179.43,2.26,0,6,19,2,31,7,0,0,11,0,33.93
1050,27.26,131.25,5,28800.0,0.9902,1.0,0.9902,1.0,5.0,5.0,0.0,0.0,4179.43,2.53,0,6,2,3,31,7,0,1,11,0,27.67
1050,15.47,131.25,4,28800.0,0.5516,1.0,0.5516,1.0,4.0,4.0,0.0,0.0,4179.43,3.01,0,6,13,3,31,7,0,0,11,0,16.13
952,27.23,119.0,3,28800.0,0.7097,1.0,0.7097,1.0,3.0,3.0,0.0,0.0,4179.43,3.04,0,6,14,3,31,7,0,0,11,0,15.22
999,39.95,124.88,5,28800.0,1.0,1.0,1.0,1.0,0.0,0.0,0.0,0.0,4179.43,3.56,0,6,2,4,31,7,0,1,11,0,2.83
641,32.84,80.12,6,28800.0,0.7,1.0,0.7,1.0,6.0,6.0,0.0,0.0,110.58,,0,0,11,6,5,2,1,0,2,3,98.95
745,13.67,93.12,2,28800.0,0.2644,1.0,0.2644,1.0,2.0,2.0,0.0,0.0,110.58,,0,0,6,0,6,2,0,0,2,3,79.87
737,41.02,92.12,5,28800.0,0.7833,1.0,0.7833,1.0,5.0,5.0,0.0,0.0,110.58,,0,0,17,0,6,2,0,0,2,3,68.77
765,26.97,95.62,7,28800.0,0.6858,1.0,0.6858,1.0,7.0,7.0,0.0,0.0,110.58,,0,0,23,0,6,2,0,1,2,3,63.23
717,33.05,89.62,6,28800.0,0.725,1.0,0.725,1.0,6.0,6.0,0.0,0.0,110.58,,0,0,6,1,6,2,0,0,2,3,55.78
776,34.46,97.0,5,28800.0,0.7674,1.0,0.7674,1.0,5.0,5.0,0.0,0.0,110.58,,0,0,14,1,6,2,0,0,2,3,47.83
795,37.02,99.38,5,28800.0,0.7628,1.0,0.9154,1.0,6.0,5.0,0.0,0.0,110.58,,0,0,22,1,6,2,0,1,2,3,40.02
746,15.4,93.25,2,28800.0,0.3424,1.0,0.3424,1.0,2.0,2.0,0.0,0.0,110.58,,0,0,9,2,6,2,0,0,2,3,29.53
729,35.34,91.12,5,28800.0,0.7082,1.0,0.7082,1.0,5.0,5.0,0.0,0.0,110.58,,0,0,18,2,6,2,0,0,2,3,19.73
723,21.85,90.38,3,28800.0,0.4155,1.0,0.4155,1.0,3.0,3.0,0.0,0.0,110.58,,0,0,22,2,6,2,0,1,2,3,15.98
581,14.14,81.96,4,25715.625,0.2019,0.8929374999999999,0.2848,1.0,5.0,4.0,0.0,0.0,110.58,,0,0,9,3,6,2,0,0,2,3,4.68
788,39.88,105.67,2,26846.0,0.6215,0.9322,1.0,1.0,3.0,2.0,0.0,0.0,110.58,,1,0,14,3,6,2,0,0,2,3,40.18
594,19.73,79.66,5,26843.0,0.319,0.932,0.3423,1.0,5.0,5.0,0.0,0.0,147.85,,1,0,22,3,6,2,0,1,2,3,32.08
665,37.11,83.12,5,28800.0,0.7749,1.0,0.7749,1.0,5.0,5.0,0.0,0.0,147.85,,1,0,10,4,6,2,0,0,2,3,20.13
642,13.81,80.25,3,28800.0,0.2494,1.0,0.2494,1.0,3.0,3.0,0.0,0.0,147.85,,1,0,19,4,6,2,0,0,2,3,11.35
693,21.29,86.62,4,28800.0,0.4022,1.0,0.5027,1.0,7.0,7.0,0.0,0.0,147.85,,1,0,0,5,6,2,1,1,2,3,6.17
642,22.01,101.84,5,25715.625,0.4668,0.8929374999999999,0.5924,1.0,5.0,5.0,0.0,0.0,147.85,,2,0,8,5,6,2,1,0,2,3,149.19
585,12.69,79.25,4,26574.0,0.2204,0.9227,0.2389,1.0,4.0,4.0,0.0,0.0,294.89,,2,0,16,5,6,2,1,0,2,3,141.39
614,10.69,87.42,7,25715.625,0.2004,0.8929374999999999,0.2283,1.0,4.0,4.0,0.0,0.0,294.89,,2,0,3,6,6,2,1,1,2,3,130.35
728,21.19,91.0,2,28800.0,0.4608,1.0,0.4608,1.0,2.0,2.0,0.0,0.0,294.89,,2,0,7,6,6,2,1,0,2,3,126.42
664,28.92,83.0,2,28800.0,0.6393,1.0,0.6393,1.0,2.0,2.0,0.0,0.0,294.89,,2,0,20,6,6,2,1,0,2,3,113.1
625,24.46,78.12,4,28800.0,0.4271,1.0,0.4271,1.0,3.0,3.0,0.0,0.0,294.89,,2,0,5,0,7,2,0,1,2,3,104.25
707,15.72,88.38,1,28800.0,0.1552,1.0,0.3105,1.0,2.0,1.0,0.0,0.0,294.89,,2,0,8,0,7,2,0,0,2,3,100.67
708,15.84,88.5,3,28800.0,0.245,1.0,0.3267,1.0,4.0,3.0,0.0,0.0,294.89,,2,0,16,0,7,2,0,0,2,3,93.0
689,41.43,86.12,3,28800.0,0.9517,1.0,0.9517,1.0,2.0,2.0,0.0,0.0,294.89,,2,0,5,1,7,2,0,1,2,3,80.27
624,36.56,78.0,4,28800.0,0.7705,1.0,0.7705,1.0,4.0,4.0,0.0,0.0,294.89,,2,0,7,1,7,2,0,0,2,3,77.95
706,33.97,88.25,5,28800.0,0.6034,1.0,0.7241,1.0,6.0,5.0,0.0,0.0,294.89,,2,0,17,1,7,2,0,0,2,3,67.57
760,33.86,95.0,2,28800.0,0.8761,1.0,0.8761,1.0,5.0,5.0,0.0,0.0,294.89,,2,0,0,2,7,2,0,1,2,3,61.45
710,16.27,88.75,2,28800.0,0.3513,1.0,0.3513,1.0,2.0,2.0,0.0,0.0,294.89,,2,0,8,2,7,2,0,0,2,3,53.17
751,13.59,93.88,4,28800.0,0.3283,1.0,0.3283,1.0,4.0,4.0,0.0,0.0,294.89,,2,0,19,2,7,2,0,0,2,3,42.4
690,19.46,86.25,5,28800.0,0.3852,1.0,0.3852,1.0,4.0,4.0,0.0,0.0,294.89,,2,0,5,3,7,2,0,1,2,3,31.92
715,31.55,89.38,2,28800.0,0.6971,1.0,0.6971,1.0,2.0,2.0,0.0,0.0,294.89,,2,0,7,3,7,2,0,0,2,3,29.64
691,11.92,86.38,2,28800.0,0.2258,1.0,0.2258,1.0,2.0,2.0,0.0,0.0,294.89,,1,0,18,3,7,2,0,0,2,3,19.44
711,15.72,88.88,4,28800.0,0.32,1.0,0.32,1.0,4.0,4.0,0.0,0.0,294.89,,1,0,23,3,7,2,0,1,2,3,13.89
685,48.86,96.4,3,25715.625,0.6662,0.8929374999999999,1.0,1.0,4.0,3.0,0.0,0.0,294.89,,1,0,10,4,7,2,0,0,2,3,3.37
787,27.6,126.57,2,25715.625,0.6408,0.8929374999999999,0.8244,1.0,2.0,2.0,0.0,0.0,294.89,,2,0,14,4,7,2,0,0,2,3,80.99
696,49.07,104.43,3,25715.625,0.8331,0.8929374999999999,1.0,1.0,5.0,4.0,0.0,0.0,373.38,,2,0,4,5,7,2,1,1,2,3,66.73
671,9.58,83.88,1,28800.0,0.095,1.0,0.1899,1.0,2.0,1.0,0.0,0.0,373.38,,1,0,15,5,7,2,1,0,2,3,56.14
621,33.81,77.62,4,28800.0,0.4778,1.0,0.5973,1.0,3.0,2.0,0.0,0.0,373.38,,1,0,3,6,7,2,1,1,2,3,44.08
646,36.01,80.75,6,28800.0,0.6763,1.0,0.6763,1.0,6.0,6.0,0.0,0.0,373.38,,1,0,8,6,7,2,1,0,2,3,38.99
628,36.02,78.5,6,28800.0,0.6055,1.0,0.6055,1.0,6.0,6.0,0.0,0.0,373.38,,1,0,16,6,7,2,1,0,2,3,31.63
734,28.21,91.75,2,28800.0,0.3754,1.0,0.563,1.0,6.0,5.0,0.0,0.0,373.38,,1,0,3,0,8,2,0,1,2,3,20.08
804,35.54,106.88,6,27080.0,0.9053,0.9403,0.9628,1.0,6.0,6.0,0.0,0.0,373.38,,1,0,10,0,8,2,0,0,2,3,13.39
698,16.37,93.01,5,27017.0,0.3229,0.9381,0.4131,1.0,6.0,5.0,0.0,0.0,373.38,,1,0,17,0,8,2,0,0,2,3,6.19
719,13.64,92.31,5,28040.0,0.259,0.9736,0.3192,1.0,6.0,5.0,0.0,0.0,373.38,,2,0,23,0,8,2,0,1,2,3,254.82
842,41.19,113.77,2,26643.0,0.9251,0.9251,1.0,1.0,2.0,2.0,0.0,0.0,385.92,,3,0,13,1,8,2,0,0,2,3,241.06
625,16.04,81.56,4,27587.0,0.3435,0.9579,0.3586,1.0,4.0,4.0,0.0,0.0,625.92,,3,0,19,1,8,2,0,0,2,3,235.16
581,26.76,75.06,4,27865.0,0.5253,0.9675,0.5429,1.0,5.0,4.0,0.0,0.0,625.92,,3,0,1,2,8,2,0,1,2,3,229.47
698,20.54,87.25,2,28800.0,0.2471,1.0,0.3706,1.0,3.0,2.0,0.0,0.0,625.92,,3,0,7,2,8,2,0,0,2,3,223.46
734,41.51,91.75,2,28800.0,0.8635,1.0,0.8635,1.0,2.0,2.0,0.0,0.0,625.92,,3,0,17,2,8,2,0,0,2,3,212.86
723,9.47,90.38,4,28800.0,0.1834,1.0,0.2292,1.0,4.0,4.0,0.0,0.0,625.92,,3,0,4,3,8,2,0,1,2,3,202.51
719,16.47,89.88,5,28800.0,0.3488,1.0,0.3488,1.0,5.0,5.0,0.0,0.0,625.92,,3,0,6,3,8,2,0,0,2,3,200.17
769,13.78,96.12,6,28800.0,0.2878,1.0,0.2878,1.0,6.0,6.0,0.0,0.0,625.92,,3,0,21,3,8,2,0,0,2,3,185.66
772,36.91,96.5,4,28800.0,0.8404,1.0,0.8404,1.0,4.0,3.0,0.0,0.0,625.92,,3,0,5,4,8,2,0,1,2,3,177.14
748,18.54,93.5,2,28800.0,0.4187,1.0,0.4187,1.0,2.0,2.0,0.0,0.0,625.92,,3,0,7,4,8,2,0,0,2,3,175.66
564,27.05,70.5,3,28800.0,0.4342,1.0,0.4342,1.0,3.0,3.0,0.0,0.0,625.92,,2,0,21,4,8,2,0,0,2,3,161.17
789,21.77,98.62,3,28800.0,0.3626,1.0,0.4835,1.0,4.0,4.0,0.0,0.0,625.92,,2,0,4,5,8,2,1,1,2,3,154.52
556,36.54,69.5,2,28800.0,0.5462,1.0,0.5462,1.0,2.0,2.0,0.0,0.0,625.92,,2,0,8,5,8,2,1,0,2,3,150.57
652,23.94,81.5,2,28800.0,0.4503,1.0,0.4503,1.0,2.0,2.0,0.0,0.0,625.92,,2,0,20,5,8,2,1,0,2,3,138.31
785,24.89,98.12,4,28800.0,0.5097,1.0,0.5097,1.0,6.0,5.0,0.0,0.0,625.92,,2,0,0,6,8,2,1,1,2,3,134.07
718,34.51,89.75,3,28800.0,0.8576,1.0,0.8576,1.0,3.0,3.0,0.0,0.0,625.92,,2,0,12,6,8,2,1,0,2,3,122.42
727,40.07,90.88,3,28800.0,0.9411,1.0,0.9411,1.0,3.0,3.0,0.0,0.0,625.92,,2,0,17,6,8,2,1,0,2,3,117.72
619,20.74,77.38,5,28800.0,0.3202,1.0,0.3843,1.0,6.0,6.0,0.0,0.0,625.92,,2,0,1,0,9,2,0,1,2,3,109.34
677,22.67,84.62,2,28800.0,0.5223,1.0,0.5223,1.0,2.0,2.0,0.0,0.0,625.92,,2,0,7,0,9,2,0,0,2,3,103.51
690,45.54,86.25,3,28800.0,0.8309,1.0,0.8309,1.0,3.0,3.0,0.0,0.0,625.92,,2,0,17,0,9,2,0,0,2,3,93.11
539,48.25,67.38,6,28800.0,0.7363,1.0,0.7363,1.0,4.0,4.0,0.0,0.0,625.92,,1,0,4,1,9,2,0,1,2,3,82.64
733,12.7,91.62,2,28800.0,0.2744,1.0,0.2744,1.0,2.0,2.0,0.0,0.0,625.92,,1,0,12,1,9,2,0,0,2,3,74.11
726,25.91,90.75,3,28800.0,0.5838,1.0,0.5838,1.0,3.0,3.0,0.0,0.0,625.92,,0,0,16,1,9,2,0,0,2,3,70.62
654,43.04,81.75,4,28800.0,0.7687,1.0,0.7687,1.0,4.0,4.0,0.0,0.0,625.92,,0,0,23,1,9,2,0,1,2,3,63.62
690,11.76,86.25,2,28800.0,0.2489,1.0,0.2489,1.0,2.0,2.0,0.0,0.0,625.92,,0,0,11,2,9,2,0,0,2,3,51.39
827,19.35,103.38,4,28800.0,0.4126,1.0,0.4126,1.0,4.0,4.0,0.0,0.0,625.92,,0,0,20,2,9,2,0,0,2,3,42.49
497,24.34,62.12,3,28800.0,0.3232,1.0,0.3232,1.0,7.0,6.0,0.0,0.0,625.92,,0,0,1,3,9,2,0,1,2,3,36.86
701,11.12,87.62,2,28800.0,0.2049,1.0,0.2049,1.0,2.0,2.0,0.0,0.0,625.92,,0,0,6,3,9,2,0,0,2,3,32.52
782,22.15,97.75,5,28800.0,0.5846,1.0,0.5846,1.0,5.0,5.0,0.0,0.0,625.92,,0,0,18,3,9,2,0,0,2,3,20.21
750,17.72,93.75,6,28800.0,0.294,1.0,0.343,1.0,7.0,6.0,0.0,0.0,625.92,,0,0,22,3,9,2,0,1,2,3,16.47
762,28.64,106.14,5,25845.0,0.7064,0.8974,0.7872,1.0,5.0,5.0,0.0,0.0,625.92,,0,0,8,4,9,2,0,0,2,3,6.64
570,38.84,78.82,3,26034.0,0.6102,0.904,0.675,1.0,3.0,3.0,0.0,0.0,637.1,,1,0,20,4,9,2,0,0,2,3,166.22
668,11.74,96.3,3,25715.625,0.218,0.8929374999999999,0.2514,1.0,3.0,2.0,0.0,0.0,637.1,,1,0,0,5,9,2,1,1,2,3,161.92
760,14.26,99.91,6,27385.0,0.2839,0.9509,0.2986,1.0,6.0,6.0,0.0,0.0,793.45,0.02,1,1,6,5,9,2,1,0,2,3,155.94
642,45.41,84.18,5,27454.0,0.8101,0.9533,0.8498,1.0,5.0,5.0,0.0,0.0,793.45,0.41,1,1,16,5,9,2,1,0,2,3,146.45
647,24.25,82.62,2,28193.0,0.2979,0.9789,0.4565,1.0,5.0,5.0,0.0,0.0,793.45,0.89,1,1,3,6,9,3,1,1,2,3,135.09
644,14.15,80.5,5,28800.0,0.2943,1.0,0.2943,1.0,4.0,4.0,0.0,0.0,793.45,1.96,1,1,5,0,10,3,0,1,2,3,109.34
782,19.72,97.75,3,28800.0,0.4301,1.0,0.4301,1.0,3.0,3.0,0.0,0.0,793.45,2.11,1,1,9,0,10,3,0,0,2,3,105.67
685,19.34,85.62,4,28800.0,0.2667,1.0,0.4001,1.0,6.0,4.0,0.0,0.0,793.45,2.33,1,1,14,0,10,3,0,0,2,3,100.34
718,45.25,89.75,4,28800.0,0.8519,1.0,0.8519,1.0,6.0,6.0,0.0,0.0,793.45,2.88,1,1,3,1,10,3,0,1,2,3,87.34
754,25.48,94.25,3,28800.0,0.5959,1.0,0.5959,1.0,3.0,3.0,0.0,0.0,793.45,3.23,1,1,12,1,10,3,0,0,2,3,78.9
619,33.28,77.38,3,28800.0,0.6431,1.0,0.6431,1.0,3.0,3.0,0.0,0.0,793.45,3.56,1,1,20,1,10,3,0,0,2,3,70.9
795,38.66,99.38,6,28800.0,0.9788,1.0,0.9788,1.0,3.0,3.0,0.0,0.0,793.45,3.84,1,1,2,2,10,3,0,1,2,3,64.12
736,16.95,92.0,2,28800.0,0.3217,1.0,0.3217,1.0,2.0,2.0,0.0,0.0,793.45,4.07,1,1,8,2,10,3,0,0,2,3,58.79
683,12.45,85.38,5,28800.0,0.2718,1.0,0.2718,1.0,5.0,5.0,0.0,0.0,793.45,4.52,1,1,19,2,10,3,0,0,2,3,47.82
667,16.98,83.38,3,28800.0,0.3138,1.0,0.3138,1.0,4.0,4.0,0.0,0.0,793.45,4.92,1,1,4,3,10,3,0,1,2,3,38.22
673,49.22,84.12,6,28800.0,0.8969,1.0,0.8969,1.0,6.0,6.0,0.0,0.0,793.45,4.99,1,1,6,3,10,3,0,0,2,3,36.6
644,25.76,80.5,5,28800.0,0.5127,1.0,0.5127,1.0,5.0,5.0,0.0,0.0,793.45,5.49,1,1,18,3,10,3,0,0,2,3,24.7
850,33.19,106.25,4,28800.0,0.9353,1.0,0.9353,1.0,6.0,5.0,0.0,0.0,793.45,5.81,1,1,1,4,10,3,0,1,2,3,16.92
737,12.74,110.02,2,25715.625,0.2552,0.8929374999999999,0.3047,1.0,2.0,2.0,0.0,0.0,793.45,6.24,1,1,12,4,10,3,0,0,2,3,6.49
727,11.41,102.98,5,25715.625,0.2494,0.8929374999999999,0.2826,1.0,5.0,5.0,0.0,0.0,793.45,6.44,0,1,17,4,10,3,0,0,2,3,1.82
627,33.83,87.8,5,25715.625,0.5002,0.8929374999999999,0.6724,1.0,3.0,3.0,0.0,0.0,986.99,6.92,1,1,4,5,10,3,1,1,2,3,196.09
662,16.61,82.75,4,28800.0,0.323,1.0,0.323,1.0,4.0,4.0,0.0,0.0,986.99,7.0,1,1,6,5,10,3,1,0,2,3,194.01
696,37.87,87.0,6,28800.0,0.8226,1.0,0.8226,1.0,6.0,6.0,0.0,0.0,986.99,7.31,1,1,14,5,10,3,1,0,2,3,186.61
738,18.06,92.25,3,28800.0,0.3759,1.0,0.3759,1.0,6.0,6.0,0.0,0.0,986.99,7.8,1,1,1,6,10,3,1,1,2,3,174.94
682,17.72,85.25,3,28800.0,0.4111,1.0,0.4111,1.0,3.0,3.0,0.0,0.0,986.99,8.03,1,1,7,6,10,3,1,0,2,3,169.46
757,47.48,94.62,6,28800.0,0.9463,1.0,0.9463,1.0,6.0,6.0,0.0,0.0,986.99,8.62,1,1,21,6,10,3,1,0,2,3,155.26
699,16.04,87.38,6,28800.0,0.2925,1.0,0.2925,1.0,3.0,3.0,0.0,0.0,986.99,8.76,1,1,0,0,11,3,0,1,2,3,151.74
587,35.44,73.38,2,28800.0,0.6689,1.0,0.6689,1.0,2.0,2.0,0.0,0.0,986.99,9.23,1,1,12,0,11,3,0,0,2,3,140.61
697,18.09,87.12,3,28800.0,0.416,1.0,0.416,1.0,3.0,3.0,0.0,0.0,986.99,9.35,1,1,14,0,11,3,0,0,2,3,137.74
705,19.22,88.12,3,28800.0,0.3562,1.0,0.3562,1.0,6.0,5.0,0.0,0.0,986.99,9.87,1,1,3,1,11,3,0,1,2,3,125.21
655,37.55,81.88,6,28800.0,0.685,1.0,0.685,1.0,6.0,6.0,0.0,0.0,986.99,10.08,1,1,8,1,11,3,0,0,2,3,120.14
657,23.36,82.12,2,28800.0,0.5297,1.0,0.5297,1.0,2.0,2.0,0.0,0.0,986.99,10.53,1,1,19,1,11,3,0,0,2,3,109.26
761,20.04,95.12,5,28800.0,0.3787,1.0,0.4545,1.0,3.0,3.0,0.0,0.0,986.99,10.88,1,1,3,2,11,3,0,1,2,3,100.97
622,44.62,77.75,6,28800.0,0.8129,1.0,0.8129,1.0,6.0,6.0,0.0,0.0,986.99,11.27,1,1,13,2,11,3,0,0,2,3,91.57
776,32.72,97.0,5,28800.0,0.7542,1.0,0.7542,1.0,5.0,5.0,0.0,0.0,986.99,11.58,1,1,20,2,11,3,0,0,2,3,84.12
767,26.91,95.88,3,28800.0,0.6935,1.0,0.6935,1.0,3.0,3.0,0.0,0.0,986.99,11.92,1,1,4,3,11,3,0,1,2,3,75.91
698,28.62,87.25,2,28800.0,0.681,1.0,0.681,1.0,2.0,2.0,0.0,0.0,986.99,12.28,1,1,13,3,11,3,0,0,2,3,67.31
538,27.15,67.25,3,28800.0,0.4113,1.0,0.4113,1.0,3.0,3.0,0.0,0.0,986.99,12.37,1,1,15,3,11,3,0,0,2,3,65.22
742,17.67,92.75,3,28800.0,0.4323,1.0,0.4323,1.0,5.0,5.0,0.0,0.0,986.99,12.76,1,1,0,4,11,3,0,1,2,3,55.91
688,25.73,86.0,6,28800.0,0.4895,1.0,0.4895,1.0,6.0,6.0,0.0,0.0,986.99,12.98,1,1,6,4,11,3,0,0,2,3,50.47
759,13.35,94.88,5,28800.0,0.2904,1.0,0.2904,1.0,5.0,5.0,0.0,0.0,986.99,13.53,0,1,19,4,11,3,0,0,2,3,37.47
690,30.67,86.25,5,28800.0,0.713,1.0,0.713,1.0,1.0,1.0,0.0,0.0,986.99,13.84,0,1,2,5,11,3,1,1,2,3,29.91
668,30.45,97.74,3,25715.625,0.5293,0.8929374999999999,0.6196,1.0,3.0,3.0,0.0,0.0,986.99,14.0,0,1,6,5,11,3,1,0,2,3,26.21
726,37.26,102.43,2,25715.625,0.8859,0.8929374999999999,1.0,1.0,2.0,2.0,0.0,0.0,986.99,14.61,0,1,21,5,11,3,1,0,2,3,11.44
730,32.86,103.84,1,25715.625,0.7313,0.8929374999999999,0.8322,1.0,2.0,1.0,0.0,0.0,986.99,14.77,0,2,1,6,11,3,1,1,2,3,7.49
701,14.22,97.92,2,25771.0,0.2974,0.8948,0.3324,1.0,2.0,2.0,0.0,0.0,1001.01,0.49,1,2,14,6,11,3,1,0,2,3,3.81
819,51.85,111.36,1,26476.0,0.4597,0.9193,1.0,1.0,3.0,3.0,0.0,0.0,1074.45,0.99,2,2,2,0,12,3,0,1,2,3,119.01
568,20.92,71.0,2,28800.0,0.2341,1.0,0.3511,1.0,3.0,2.0,0.0,0.0,1074.45,1.16,2,2,6,0,12,3,0,0,2,3,114.91
627,10.92,78.38,4,28800.0,0.2051,1.0,0.2051,1.0,4.0,4.0,0.0,0.0,1074.45,1.57,2,2,16,0,12,3,0,0,2,3,105.09
617,12.78,77.12,3,28800.0,0.2395,1.0,0.2395,1.0,3.0,3.0,0.0,0.0,1074.45,1.84,2,2,22,0,12,3,0,1,2,3,98.58
662,25.81,82.75,6,28800.0,0.5501,1.0,0.5501,1.0,6.0,6.0,0.0,0.0,1074.45,2.24,2,2,7,1,12,3,0,0,2,3,89.19
682,44.87,85.25,3,28800.0,0.9008,1.0,0.9008,1.0,3.0,3.0,0.0,0.0,1074.45,2.81,2,2,21,1,12,3,0,0,2,3,75.46
724,22.57,90.5,2,28800.0,0.456,1.0,0.456,1.0,2.0,2.0,0.0,0.0,1074.45,2.97,2,2,1,2,12,3,0,1,2,3,71.66
731,39.42,119.31,6,25715.625,0.7658,0.8929374999999999,1.0,1.0,6.0,6.0,0.0,0.0,1074.45,3.46,2,2,13,2,12,3,0,0,2,3,59.91
731,31.44,116.25,3,25715.625,0.7642,0.8929374999999999,0.9723,1.0,3.0,3.0,0.0,0.0,1074.45,3.62,2,2,17,2,12,3,0,0,2,3,56.03
745,35.72,122.22,2,25715.625,0.7619,0.8929374999999999,1.0,1.0,3.0,3.0,0.0,0.0,1122.39,0.19,2,3,5,3,12,3,0,1,2,3,43.38
557,40.69,69.62,6,28800.0,0.6707,1.0,0.6707,1.0,6.0,6.0,0.0,0.0,1122.39,0.46,2,3,12,3,12,3,0,0,2,3,36.94
655,33.43,81.88,5,28800.0,0.6063,1.0,0.6063,1.0,5.0,5.0,0.0,0.0,1122.39,0.79,2,3,20,3,12,3,0,0,2,3,29.08
648,34.48,81.0,3,28800.0,0.6804,1.0,0.6804,1.0,3.0,3.0,0.0,0.0,1122.39,0.99,2,3,0,4,12,3,0,1,2,3,24.16
701,38.49,87.62,3,28800.0,0.7884,1.0,0.7884,1.0,3.0,3.0,0.0,0.0,1122.39,1.34,2,3,9,4,12,3,0,0,2,3,15.89
671,44.9,83.88,3,28800.0,0.9068,1.0,0.9068,1.0,3.0,3.0,0.0,0.0,1122.39,1.66,2,3,16,4,12,3,0,0,2,3,8.21
853,9.65,106.62,3,28800.0,0.2547,1.0,0.2547,1.0,6.0,6.0,0.0,0.0,1122.39,2.0,3,3,1,5,12,3,1,1,2,3,218.18
698,38.45,99.26,3,25715.625,0.879,0.8929374999999999,1.0,1.0,3.0,3.0,0.0,0.0,1275.11,2.31,3,3,8,5,12,3,1,0,2,3,210.88
619,42.51,94.59,4,25715.625,0.807,0.8929374999999999,0.9866,1.0,4.0,4.0,0.0,0.0,1275.11,2.7,3,3,17,5,12,3,1,0,2,3,201.45
502,37.74,74.01,6,25715.625,0.5286,0.8929374999999999,0.6235,1.0,6.0,6.0,0.0,0.0,1275.11,2.91,3,3,22,5,12,3,1,1,2,3,196.47
670,27.13,83.75,6,28800.0,0.5641,1.0,0.5641,1.0,6.0,6.0,0.0,0.0,1275.11,3.44,2,3,11,6,12,3,1,0,2,3,183.58
746,40.18,93.25,2,28800.0,0.9162,1.0,0.9162,1.0,2.0,2.0,0.0,0.0,1275.11,3.81,1,3,20,6,12,3,1,0,2,3,174.78
750,51.76,93.75,2,28800.0,1.0,1.0,1.0,1.0,4.0,4.0,0.0,0.0,1275.11,3.95,1,3,0,0,13,3,0,1,2,3,171.37
522,38.14,65.25,3,28800.0,0.6668,1.0,0.6668,1.0,3.0,3.0,0.0,0.0,1275.11,4.41,1,3,10,0,13,3,0,0,2,3,160.5
781,39.23,97.62,5,28800.0,0.7902,1.0,0.7902,1.0,5.0,5.0,0.0,0.0,1275.11,4.63,1,3,16,0,13,3,0,0,2,3,155.17
736,42.22,92.0,4,28800.0,0.9657,1.0,0.9657,1.0,5.0,4.0,0.0,0.0,1275.11,4.96,1,3,0,1,13,3,0,1,2,3,147.25
752,9.93,94.0,4,28800.0,0.2206,1.0,0.2206,1.0,4.0,4.0,0.0,0.0,1275.11,5.29,1,3,8,1,13,3,0,0,2,3,139.22
603,46.18,75.38,4,28800.0,0.8245,1.0,0.8245,1.0,4.0,4.0,0.0,0.0,1275.11,5.69,1,3,17,1,13,3,0,0,2,3,129.77
808,31.32,101.0,4,28800.0,0.5369,1.0,0.6711,1.0,3.0,2.0,0.0,0.0,1275.11,5.95,1,3,0,2,13,3,0,1,2,3,123.42
718,8.91,89.75,5,28800.0,0.2054,1.0,0.2054,1.0,5.0,5.0,0.0,0.0,1275.11,6.27,1,3,7,2,13,3,0,0,2,3,115.8
685,24.72,85.62,2,28800.0,0.3262,1.0,0.4893,1.0,3.0,2.0,0.0,0.0,1275.11,6.59,1,3,15,2,13,3,0,0,2,3,107.98
473,39.99,59.12,2,28800.0,0.4322,1.0,0.6482,1.0,5.0,5.0,0.0,0.0,1275.11,7.18,1,3,5,3,13,3,0,1,2,3,93.9
779,43.87,97.38,3,28800.0,0.9873,1.0,0.9873,1.0,3.0,3.0,0.0,0.0,1275.11,7.34,1,3,9,3,13,3,0,0,2,3,90.1
750,15.24,93.75,5,28800.0,0.3354,1.0,0.3354,1.0,5.0,5.0,0.0,0.0,1275.11,7.59,1,3,15,3,13,3,0,0,2,3,84.15
780,18.1,97.5,5,28800.0,0.41,1.0,0.41,1.0,5.0,5.0,0.0,0.0,1275.11,7.96,1,3,0,4,13,3,0,1,2,3,75.18
730,19.47,97.39,3,26985.0,0.3297,0.937,0.4691,1.0,4.0,3.0,0.0,0.0,1275.11,8.28,1,3,7,4,13,3,0,0,2,3,67.53
749,38.53,96.06,2,28069.0,0.8447,0.9746,0.8667,1.0,2.0,2.0,0.0,0.0,1336.1,0.25,1,4,20,4,13,3,0,0,2,3,54.87
627,16.97,84.05,5,26855.0,0.3375,0.9325,0.3619,1.0,4.0,4.0,0.0,0.0,1336.1,0.44,1,4,1,5,13,3,1,1,2,3,50.43
607,29.79,75.88,2,28800.0,0.3191,1.0,0.4786,1.0,3.0,2.0,0.0,0.0,1336.1,0.92,0,4,12,5,13,3,1,0,2,3,38.9
715,12.11,89.38,3,28800.0,0.2937,1.0,0.2937,1.0,3.0,3.0,0.0,0.0,1336.1,1.09,0,4,16,5,13,3,1,0,2,3,34.87
733,16.36,91.62,4,28800.0,0.3128,1.0,0.3128,1.0,5.0,4.0,0.0,0.0,1336.1,1.44,0,4,0,6,13,3,1,1,2,3,26.5
691,21.36,86.38,4,28800.0,0.4336,1.0,0.4336,1.0,4.0,4.0,0.0,0.0,1336.1,1.85,0,4,10,6,13,3,1,0,2,3,16.63
710,30.62,88.75,2,28800.0,0.7213,1.0,0.7213,1.0,2.0,2.0,0.0,0.0,1336.1,2.15,0,4,18,6,13,3,1,0,2,3,9.27
655,13.89,81.88,4,28800.0,0.2353,1.0,0.2941,1.0,4.0,4.0,0.0,0.0,1336.1,2.43,0,4,0,0,14,3,0,1,2,3,2.55
666,39.85,101.07,5,25715.625,0.6238,0.8929374999999999,0.9088,1.0,6.0,5.0,0.0,0.0,1360.79,2.72,1,3,7,0,14,3,0,0,2,3,23.91
648,41.86,93.32,6,25715.625,0.7617,0.8929374999999999,0.8775,1.0,6.0,6.0,0.0,0.0,1360.79,3.28,1,3,21,0,14,3,0,0,2,3,10.64
660,31.22,105.31,4,25715.625,0.5441,0.8929374999999999,0.6945,1.0,4.0,4.0,0.0,0.0,1360.79,3.36,1,3,23,0,14,3,0,1,2,3,8.72
738,30.8,104.89,6,25715.625,0.7649,0.8929374999999999,0.8697,1.0,6.0,6.0,0.0,0.0,1360.79,3.73,2,3,8,1,14,3,0,0,2,3,27.79
744,40.35,112.5,5,25715.625,0.6503,0.8929374999999999,0.944,1.0,6.0,5.0,0.0,0.0,1380.41,4.31,2,3,21,1,14,3,0,0,2,3,14.01
770,29.7,113.15,1,25715.625,0.6396,0.8929374999999999,0.7518,1.0,4.0,3.0,0.0,0.0,1380.41,4.63,2,3,5,2,14,4,0,1,2,3,6.14
718,12.4,110.11,4,25715.625,0.2336,0.8929374999999999,0.3582,1.0,5.0,4.0,0.0,0.0,1382.41,4.83,2,4,10,2,14,4,0,0,2,3,1.39
753,24.31,131.8,5,25715.625,0.6267,0.8929374999999999,0.8775,1.0,5.0,5.0,0.0,0.0,1382.41,5.02,3,4,15,2,14,4,0,0,2,3,7.25
623,11.36,134.96,3,25715.625,0.1501,0.8929374999999999,0.3468,1.0,3.0,3.0,0.0,0.0,1446.07,5.57,4,4,4,3,14,4,0,1,2,3,54.19
721,47.49,90.12,3,28800.0,0.927,1.0,0.927,1.0,3.0,3.0,0.0,0.0,1446.07,5.89,4,4,11,3,14,4,0,0,2,3,46.48
799,33.28,99.88,2,28800.0,0.8001,1.0,0.8001,1.0,2.0,2.0,0.0,0.0,1446.07,6.29,4,4,21,3,14,4,0,0,2,3,37.01
694,27.79,86.75,3,28800.0,0.5234,1.0,0.5234,1.0,4.0,4.0,0.0,0.0,1446.07,6.56,4,4,3,4,14,4,0,1,2,3,30.41
675,24.92,84.38,3,28800.0,0.4842,1.0,0.4842,1.0,3.0,3.0,0.0,0.0,1446.07,6.95,4,4,13,4,14,4,0,0,2,3,20.98
698,42.51,87.25,5,28800.0,0.6566,1.0,0.7879,1.0,6.0,5.0,0.0,0.0,1446.07,7.11,4,4,17,4,14,4,0,0,2,3,17.14
720,10.91,90.0,4,28800.0,0.2125,1.0,0.2125,1.0,5.0,4.0,0.0,0.0,1446.07,7.45,4,4,1,5,14,4,1,1,2,3,9.04
569,44.01,74.32,2,27563.0,0.7083,0.957,0.7401,1.0,2.0,2.0,0.0,0.0,1578.89,7.91,5,4,12,5,14,4,1,0,2,3,221.86
824,34.14,105.82,4,28032.0,0.6912,0.9733,0.8877,1.0,4.0,3.0,0.0,0.0,1578.89,8.58,5,4,4,6,14,4,1,1,2,3,205.87
696,40.53,87.0,2,28800.0,0.5504,1.0,0.8255,1.0,3.0,2.0,0.0,0.0,1578.89,8.68,5,4,6,6,14,4,1,0,2,3,203.39
707,24.88,88.38,2,28800.0,0.5924,1.0,0.5924,1.0,2.0,2.0,0.0,0.0,1578.89,9.11,5,4,17,6,14,4,1,0,2,3,193.16
695,26.32,86.88,3,28800.0,0.4094,1.0,0.5459,1.0,4.0,4.0,0.0,0.0,1578.89,9.5,5,4,2,0,15,4,0,1,2,3,183.64
704,41.89,88.0,3,28800.0,0.9675,1.0,0.9675,1.0,3.0,3.0,0.0,0.0,1578.89,9.7,4,4,7,0,15,4,0,0,2,3,179.06
809,36.5,101.12,2,28800.0,0.8961,1.0,0.8961,1.0,2.0,2.0,0.0,0.0,1578.89,10.01,4,4,14,0,15,4,0,0,2,3,171.57
762,19.24,95.25,4,28800.0,0.4397,1.0,0.4397,1.0,3.0,3.0,0.0,0.0,1578.89,10.4,4,4,0,1,15,4,0,1,2,3,162.09
730,22.98,91.25,2,28800.0,0.55,1.0,0.55,1.0,2.0,2.0,0.0,0.0,1578.89,10.72,4,4,7,1,15,4,0,0,2,3,154.54
698,45.32,87.25,5,28800.0,0.6981,1.0,0.8378,1.0,6.0,5.0,0.0,0.0,1578.89,11.12,3,4,17,1,15,4,0,0,2,3,144.91
727,15.92,90.88,3,28800.0,0.3983,1.0,0.3983,1.0,3.0,3.0,0.0,0.0,1578.89,11.34,3,4,22,1,15,4,0,1,2,3,139.66
659,21.9,82.38,6,28800.0,0.416,1.0,0.416,1.0,6.0,6.0,0.0,0.0,1578.89,11.74,3,4,8,2,15,4,0,0,2,3,129.96
690,43.13,86.25,4,28800.0,0.8433,1.0,0.8433,1.0,4.0,4.0,0.0,0.0,1578.89,12.28,2,4,21,2,15,4,0,0,2,3,117.12
735,19.88,91.88,6,28800.0,0.3759,1.0,0.3759,1.0,2.0,2.0,0.0,0.0,1578.89,12.58,1,4,4,3,15,4,0,1,2,3,109.91
594,13.47,77.61,2,27552.0,0.2708,0.9567,0.2831,1.0,2.0,2.0,0.0,0.0,1578.89,12.96,1,4,13,3,15,4,0,0,2,3,100.74
663,36.63,87.76,3,27196.0,0.7975,0.9443,0.8445,1.0,3.0,3.0,0.0,0.0,1578.89,13.25,1,4,20,3,15,4,0,0,2,3,93.64
660,29.99,84.62,2,28078.0,0.622,0.9749,0.638,1.0,5.0,5.0,0.0,0.0,1593.15,13.57,1,4,4,4,15,4,0,1,2,3,86.14
623,8.83,95.85,2,25715.625,0.0921,0.8929374999999999,0.2268,1.0,4.0,2.0,0.0,0.0,1593.15,13.66,1,4,6,4,15,4,0,0,2,3,83.92
658,39.98,98.88,5,25715.625,0.6914,0.8929374999999999,0.8312,1.0,5.0,5.0,0.0,0.0,1593.15,14.1,1,5,16,4,15,4,0,0,2,3,73.34
619,38.35,94.77,5,25715.625,0.7379,0.8929374999999999,0.9037,1.0,3.0,3.0,0.0,0.0,1663.55,0.34,1,5,4,5,15,4,1,1,2,3,62.14
643,33.39,80.38,6,28800.0,0.6868,1.0,0.6868,1.0,6.0,6.0,0.0,0.0,1663.55,0.54,1,5,8,5,15,4,1,0,2,3,57.47
806,32.86,100.75,6,28800.0,0.813,1.0,0.813,1.0,6.0,6.0,0.0,0.0,1663.55,1.08,0,5,21,5,15,4,1,0,2,3,44.37
646,11.86,80.75,3,28800.0,0.2575,1.0,0.2575,1.0,3.0,3.0,0.0,0.0,1663.55,1.16,0,5,23,5,15,4,1,1,2,3,42.51
629,38.16,78.62,5,28800.0,0.6797,1.0,0.6797,1.0,5.0,5.0,0.0,0.0,1663.55,1.55,0,5,9,6,15,4,1,0,2,3,33.17
589,30.17,73.62,1,28800.0,0.2818,1.0,0.5636,1.0,2.0,1.0,0.0,0.0,1663.55,1.85,0,5,16,6,15,4,1,0,2,3,25.97
717,23.72,89.62,6,28800.0,0.4636,1.0,0.4636,1.0,6.0,6.0,0.0,0.0,1663.55,2.11,0,5,22,6,15,4,1,1,2,3,19.87
662,28.82,90.98,5,26194.0,0.5613,0.9095,0.6172,1.0,5.0,5.0,0.0,0.0,1663.55,2.67,0,5,11,0,16,4,0,0,2,3,6.39
654,12.95,92.5,3,25715.625,0.218,0.8929374999999999,0.3289,1.0,4.0,3.0,0.0,0.0,1663.55,2.97,1,5,19,0,16,4,0,0,2,3,269.64
587,11.16,81.55,1,25912.0,0.1889,0.8997,0.21,1.0,1.0,1.0,0.0,0.0,1796.9,3.17,1,4,23,0,16,4,0,1,2,3,264.84
749,34.86,93.62,4,28800.0,0.7204,1.0,0.7204,1.0,4.0,4.0,0.0,0.0,1796.9,3.48,1,4,7,1,16,4,0,0,2,3,257.54
653,22.15,81.62,3,28800.0,0.4687,1.0,0.4687,1.0,3.0,3.0,0.0,0.0,1796.9,3.83,1,4,15,1,16,4,0,0,2,3,249.12
628,35.19,78.5,3,28800.0,0.6369,1.0,0.6369,1.0,2.0,1.0,0.0,0.0,1796.9,4.23,1,4,1,2,16,4,0,1,2,3,239.42
806,17.94,100.75,5,28800.0,0.3797,1.0,0.4556,1.0,6.0,5.0,0.0,0.0,1796.9,4.5,1,4,7,2,16,4,0,0,2,3,232.94
764,16.1,95.5,3,28800.0,0.3189,1.0,0.3189,1.0,3.0,3.0,0.0,0.0,1796.9,4.78,1,4,14,2,16,4,0,0,2,3,226.21
843,50.35,105.38,1,28800.0,0.5,1.0,1.0,1.0,2.0,2.0,0.0,0.0,1796.9,5.29,1,4,2,3,16,4,0,1,2,3,213.97
647,39.67,80.88,5,28800.0,0.8822,1.0,0.8822,1.0,5.0,5.0,0.0,0.0,1796.9,5.66,1,4,11,3,16,4,0,0,2,3,205.11
750,42.13,93.75,5,28800.0,0.7417,1.0,0.8901,1.0,6.0,5.0,0.0,0.0,1796.9,5.99,1,4,19,3,16,4,0,0,2,3,197.31
648,25.66,81.0,2,28800.0,0.5508,1.0,0.5508,1.0,3.0,3.0,0.0,0.0,1796.9,6.4,1,4,5,4,16,4,0,1,2,3,187.52
692,24.77,86.5,4,28800.0,0.5582,1.0,0.5582,1.0,4.0,4.0,0.0,0.0,1796.9,6.69,1,4,12,4,16,4,0,0,2,3,180.52
715,23.14,89.38,6,28800.0,0.5161,1.0,0.5161,1.0,6.0,6.0,0.0,0.0,1796.9,7.05,1,3,21,4,16,4,0,0,2,3,171.81
718,30.33,89.75,3,28800.0,0.5819,1.0,0.5819,1.0,2.0,1.0,0.0,0.0,1796.9,7.33,1,3,3,5,16,4,1,1,2,3,165.09
637,29.56,79.62,3,28800.0,0.5549,1.0,0.5549,1.0,3.0,3.0,0.0,0.0,1796.9,7.58,1,3,9,5,16,4,1,0,2,3,159.07
720,27.35,90.0,5,28800.0,0.5532,1.0,0.5532,1.0,5.0,5.0,0.0,0.0,1796.9,7.96,1,3,18,5,16,4,1,0,2,3,149.89
683,10.93,85.38,1,28800.0,0.1241,1.0,0.2483,1.0,4.0,4.0,0.0,0.0,1796.9,8.24,1,3,1,6,16,4,1,1,2,3,143.22
549,9.12,73.58,4,26860.0,0.1716,0.9326,0.184,1.0,4.0,4.0,0.0,0.0,1893.57,8.66,1,3,11,6,16,4,1,0,2,3,133.26
735,18.85,97.95,6,27013.0,0.4773,0.938,0.5088,1.0,6.0,6.0,0.0,0.0,1893.57,8.92,1,3,17,6,16,4,1,0,2,3,126.96
754,46.55,101.61,4,26715.0,0.9276,0.9276,1.0,1.0,4.0,4.0,0.0,0.0,1893.57,9.27,1,3,2,0,17,4,0,1,2,3,118.67
772,15.32,96.5,6,28800.0,0.3745,1.0,0.3745,1.0,6.0,6.0,0.0,0.0,1893.57,9.52,1,3,8,0,17,4,0,0,2,3,112.54
717,36.5,89.62,4,28800.0,0.8621,1.0,0.8621,1.0,4.0,4.0,0.0,0.0,1893.57,9.79,1,3,14,0,17,4,0,0,2,3,106.02
716,23.71,89.5,4,28800.0,0.5368,1.0,0.5368,1.0,2.0,2.0,0.0,0.0,1893.57,10.38,0,3,4,1,17,4,0,1,2,3,91.92
563,9.54,70.38,2,28800.0,0.1687,1.0,0.1687,1.0,2.0,2.0,0.0,0.0,1893.57,10.61,0,3,10,1,17,4,0,0,2,3,86.44
665,29.57,83.12,5,28800.0,0.5239,1.0,0.5239,1.0,5.0,5.0,0.0,0.0,1893.57,10.81,0,3,15,1,17,4,0,0,2,3,81.59
794,49.65,99.25,2,28800.0,1.0,1.0,1.0,1.0,4.0,4.0,0.0,0.0,1893.57,11.31,0,3,3,2,17,4,0,1,2,3,69.62
717,28.74,89.62,5,28800.0,0.5696,1.0,0.5696,1.0,5.0,5.0,0.0,0.0,1893.57,11.69,0,3,12,2,17,4,0,0,2,3,60.57
604,36.37,75.5,4,28800.0,0.6938,1.0,0.6938,1.0,4.0,4.0,0.0,0.0,1893.57,11.88,0,3,16,2,17,4,0,0,2,3,55.96
739,11.17,92.38,4,28800.0,0.2689,1.0,0.2689,1.0,4.0,4.0,0.0,0.0,1893.57,12.21,0,3,0,3,17,4,0,1,2,3,47.92
639,20.8,80.76,4,28483.0,0.4258,0.989,0.4305,1.0,4.0,4.0,0.0,0.0,1893.57,12.63,0,3,10,3,17,4,0,0,2,3,37.84
741,35.24,93.77,2,28448.0,0.7953,0.9878,0.8051,1.0,2.0,2.0,0.0,0.0,1930.32,12.9,0,3,17,3,17,4,0,0,2,3,31.37
660,19.14,83.18,4,28564.0,0.4205,0.9918,0.424,1.0,3.0,3.0,0.0,0.0,1930.32,13.32,0,3,3,4,17,4,0,1,2,3,21.24
688,37.64,86.0,1,28800.0,0.2208,1.0,0.8832,1.0,4.0,1.0,0.0,0.0,1930.32,13.68,0,3,12,4,17,4,0,0,2,3,12.77
638,31.87,79.75,6,28800.0,0.597,1.0,0.597,1.0,6.0,6.0,0.0,0.0,1930.32,13.83,0,3,15,4,17,4,0,0,2,3,9.07
753,42.76,94.12,3,28800.0,0.8544,1.0,0.8544,1.0,3.0,3.0,0.0,0.0,1930.32,14.11,0,3,22,4,17,4,0,1,2,3,2.31
741,33.97,92.62,5,28800.0,0.7788,1.0,0.7788,1.0,5.0,5.0,0.0,0.0,2088.3,14.57,1,3,9,5,17,4,1,0,2,3,160.48
665,29.23,83.12,6,28800.0,0.5124,1.0,0.5124,1.0,6.0,6.0,0.0,0.0,2088.3,14.92,1,3,17,5,17,4,1,0,2,3,151.98
758,13.09,94.75,3,28800.0,0.2595,1.0,0.2595,1.0,3.0,2.0,0.0,0.0,2088.3,15.22,1,3,1,6,17,4,1,1,2,3,144.83
729,35.29,91.12,5,28800.0,0.7723,1.0,0.7723,1.0,5.0,5.0,0.0,0.0,2088.3,15.5,1,3,7,6,17,4,1,0,2,3,138.05
745,42.32,93.12,3,28800.0,0.8242,1.0,0.8242,1.0,3.0,3.0,0.0,0.0,2088.3,16.05,1,2,20,6,17,4,1,0,2,3,124.91
814,47.91,101.75,2,28800.0,0.6667,1.0,1.0,1.0,3.0,2.0,0.0,0.0,2088.3,16.09,1,2,22,6,17,4,1,1,2,3,123.83
730,39.47,91.25,3,28800.0,0.9135,1.0,0.9135,1.0,3.0,3.0,0.0,0.0,2088.3,16.62,1,2,10,0,18,4,0,0,2,3,111.25
728,20.82,91.0,5,28800.0,0.4598,1.0,0.4598,1.0,5.0,5.0,0.0,0.0,2088.3,16.91,1,2,17,0,18,4,0,0,2,3,104.16
768,15.95,96.0,4,28800.0,0.4107,1.0,0.4107,1.0,4.0,4.0,0.0,0.0,2088.3,17.34,1,2,3,1,18,4,0,1,2,3,93.93
654,28.5,81.75,4,28800.0,0.5079,1.0,0.6349,1.0,5.0,4.0,0.0,0.0,2088.3,17.49,1,2,7,1,18,4,0,0,2,3,90.36
694,11.87,86.75,2,28800.0,0.2509,1.0,0.2509,1.0,2.0,2.0,0.0,0.0,2088.3,18.05,1,2,21,1,18,4,0,0,2,3,76.75
650,20.71,81.25,4,28800.0,0.381,1.0,0.381,1.0,2.0,2.0,0.0,0.0,2088.3,18.22,1,2,0,2,18,4,0,1,2,3,72.85
591,50.8,73.88,2,28800.0,0.8161,1.0,0.8161,1.0,2.0,2.0,0.0,0.0,2088.3,18.44,1,2,6,2,18,4,0,0,2,3,67.53
710,32.05,88.75,5,28800.0,0.5896,1.0,0.7075,1.0,6.0,5.0,0.0,0.0,2088.3,19.05,1,2,20,2,18,4,0,0,2,3,52.9
648,42.26,81.0,2,28800.0,0.7592,1.0,0.7592,1.0,2.0,2.0,0.0,0.0,2088.3,19.11,1,2,22,2,18,4,0,1,2,3,51.46
681,32.06,85.12,3,28800.0,0.6299,1.0,0.6299,1.0,3.0,3.0,0.0,0.0,2088.3,19.61,1,2,10,3,18,4,0,0,2,3,39.48
694,12.74,86.75,6,28800.0,0.2822,1.0,0.2822,1.0,6.0,6.0,0.0,0.0,2088.3,20.04,1,2,20,3,18,4,0,0,2,3,29.0
699,37.75,87.38,2,28800.0,0.6888,1.0,0.6888,1.0,2.0,2.0,0.0,0.0,2088.3,20.17,1,2,23,3,18,4,0,1,2,3,25.96
700,16.54,91.58,3,27516.0,0.2492,0.9554,0.3478,1.0,4.0,3.0,0.0,0.0,2088.3,20.51,1,1,8,4,18,5,0,0,2,3,17.75
758,28.03,97.61,3,27957.0,0.6113,0.9707,0.6298,1.0,3.0,3.0,0.0,0.0,2096.04,21.03,2,1,20,4,18,5,0,0,2,3,5.21
806,10.23,105.54,3,27492.0,0.244,0.9546,0.2556,1.0,3.0,3.0,0.0,0.0,2096.04,21.09,2,1,22,4,18,5,0,1,2,3,3.78
654,18.98,98.7,6,25715.625,0.3497,0.8929374999999999,0.4222,1.0,6.0,6.0,0.0,0.0,2155.6,21.53,2,1,8,5,18,5,1,0,2,3,493.23
736,15.56,106.51,2,25715.625,0.2251,0.8929374999999999,0.3908,1.0,3.0,2.0,0.0,0.0,2155.6,21.95,2,1,18,5,18,5,1,0,2,3,483.21
777,20.13,111.7,7,25715.625,0.5213,0.8929374999999999,0.5995,1.0,7.0,7.0,0.0,0.0,2155.6,22.13,2,1,22,5,18,5,1,1,2,3,479.01
844,32.29,105.5,5,28800.0,0.9167,1.0,0.9167,1.0,5.0,5.0,0.0,0.0,2155.6,22.61,2,1,10,6,18,5,1,0,2,3,467.41
719,33.47,89.88,3,28800.0,0.7789,1.0,0.7789,1.0,3.0,3.0,0.0,0.0,2155.6,22.78,2,1,14,6,18,5,1,0,2,3,463.23
704,35.57,88.0,1,28800.0,0.835,1.0,0.835,1.0,1.0,1.0,0.0,0.0,2155.6,23.28,2,1,2,0,19,5,0,1,2,3,451.34
751,37.56,105.34,5,25715.625,0.6806,0.8929374999999999,0.9165,1.0,6.0,5.0,0.0,0.0,2155.6,23.72,2,1,13,0,19,5,0,0,2,3,440.81
660,22.14,89.9,5,26428.0,0.4193,0.9176,0.457,1.0,5.0,5.0,0.0,0.0,2155.6,23.89,2,2,17,0,19,5,0,0,2,3,436.59
599,31.23,81.47,1,26469.0,0.6434,0.9191,0.7,1.0,6.0,6.0,0.0,0.0,2349.47,0.25,2,2,0,1,19,5,0,1,2,3,429.24
720,34.64,90.0,5,28800.0,0.6707,1.0,0.6707,1.0,5.0,5.0,0.0,0.0,2349.47,0.51,2,2,6,1,19,5,0,0,2,3,423.11
673,44.8,84.12,2,28800.0,0.92,1.0,0.92,1.0,2.0,2.0,0.0,0.0,2349.47,0.87,2,2,15,1,19,5,0,0,2,3,414.44
729,37.45,91.12,6,28800.0,0.7622,1.0,0.7622,1.0,6.0,6.0,0.0,0.0,2349.47,1.44,2,2,5,2,19,5,0,1,2,3,400.56
591,23.0,73.88,4,28800.0,0.4707,1.0,0.4707,1.0,4.0,4.0,0.0,0.0,2349.47,1.52,2,2,6,2,19,5,0,0,2,3,398.86
681,35.51,85.12,6,28800.0,0.6907,1.0,0.6907,1.0,6.0,6.0,0.0,0.0,2349.47,2.13,2,2,21,2,19,5,0,0,2,3,384.11
734,22.81,91.75,6,28800.0,0.485,1.0,0.485,1.0,4.0,4.0,0.0,0.0,2349.47,2.24,2,2,0,3,19,5,0,1,2,3,381.39
731,35.32,91.38,5,28800.0,0.6745,1.0,0.8094,1.0,6.0,5.0,0.0,0.0,2349.47,2.78,2,2,13,3,19,5,0,0,2,3,368.54
707,27.45,88.38,2,28800.0,0.6635,1.0,0.6635,1.0,2.0,2.0,0.0,0.0,2349.47,2.95,2,2,17,3,19,5,0,0,2,3,364.33
717,39.43,89.62,4,28800.0,0.7962,1.0,0.7962,1.0,2.0,2.0,0.0,0.0,2349.47,3.29,2,2,1,4,19,5,0,1,2,3,356.23
818,45.62,102.25,6,28800.0,0.9629,1.0,0.9629,1.0,6.0,6.0,0.0,0.0,2349.47,3.66,2,2,10,4,19,5,0,0,2,3,347.33
650,24.13,81.25,4,28800.0,0.4713,1.0,0.4713,1.0,4.0,4.0,0.0,0.0,2349.47,3.99,1,2,18,4,19,5,0,0,2,3,339.59
653,17.99,81.62,2,28800.0,0.3408,1.0,0.3408,1.0,2.0,2.0,0.0,0.0,2349.47,4.41,0,2,4,5,19,5,1,1,2,3,329.49
589,28.91,73.62,0,28800.0,0.0,1.0,0.5229,1.0,2.0,0.0,0.0,0.0,2349.47,4.72,0,2,11,5,19,5,1,0,2,3,322.06
736,18.75,92.0,3,28800.0,0.3744,1.0,0.3744,1.0,3.0,3.0,0.0,0.0,2349.47,4.97,0,2,17,5,19,5,1,0,2,3,316.03
706,26.74,88.25,2,28800.0,0.5163,1.0,0.5163,1.0,2.0,2.0,0.0,0.0,2349.47,5.29,0,2,1,6,19,5,1,1,2,3,308.28
620,9.43,77.5,5,28800.0,0.181,1.0,0.181,1.0,5.0,5.0,0.0,0.0,2349.47,5.8,0,2,13,6,19,5,1,0,2,3,296.01
722,31.19,90.25,4,28800.0,0.5866,1.0,0.5866,1.0,4.0,4.0,0.0,0.0,2349.47,6.01,0,1,18,6,19,5,1,0,2,3,290.96
626,43.49,78.25,2,28800.0,0.8255,1.0,0.8255,1.0,2.0,2.0,0.0,0.0,2349.47,6.21,0,1,23,6,19,5,1,1,2,3,286.11
703,14.88,87.88,2,28800.0,0.2849,1.0,0.2849,1.0,2.0,2.0,0.0,0.0,2349.47,6.56,0,1,8,0,20,5,0,0,2,3,277.74
644,10.92,80.5,5,28800.0,0.2026,1.0,0.2026,1.0,5.0,5.0,0.0,0.0,2349.47,6.94,0,1,17,0,20,5,0,0,2,3,268.61
599,43.86,74.88,3,28800.0,0.7662,1.0,0.7662,1.0,3.0,3.0,0.0,0.0,2349.47,7.2,0,1,23,0,20,5,0,1,2,3,262.49
779,29.77,129.62,3,25715.625,0.7512,0.8929374999999999,1.0,1.0,3.0,3.0,0.0,0.0,2349.47,7.75,0,1,12,1,20,5,0,0,2,3,249.31
747,49.31,112.36,5,25715.625,0.831,0.8929374999999999,1.0,1.0,5.0,5.0,0.0,0.0,2349.47,7.97,0,1,17,1,20,5,0,0,2,3,243.96
629,9.44,90.11,1,25715.625,0.1931,0.8929374999999999,0.2213,1.0,2.0,2.0,0.0,0.0,2446.56,0.19,0,2,5,2,20,5,0,1,2,3,232.66
821,52.17,102.62,2,28800.0,1.0,1.0,1.0,1.0,2.0,2.0,0.0,0.0,2446.56,0.36,0,2,9,2,20,5,0,0,2,3,228.49
760,36.45,95.0,4,28800.0,0.722,1.0,0.9025,1.0,5.0,4.0,0.0,0.0,2446.56,0.85,0,2,21,2,20,5,0,0,2,3,216.81
626,38.09,78.25,2,28800.0,0.8112,1.0,0.8112,1.0,4.0,4.0,0.0,0.0,2446.56,1.15,0,2,4,3,20,5,0,1,2,3,209.51
669,16.2,83.62,6,28800.0,0.338,1.0,0.338,1.0,6.0,6.0,0.0,0.0,2446.56,1.23,0,2,6,3,20,5,0,0,2,3,207.71
762,41.26,95.25,4,28800.0,0.8676,1.0,0.8676,1.0,4.0,4.0,0.0,0.0,2446.56,1.6,0,2,15,3,20,5,0,0,2,3,198.73
617,10.99,77.12,4,28800.0,0.2275,1.0,0.2275,1.0,4.0,3.0,0.0,0.0,2446.56,2.13,0,2,3,4,20,5,0,1,2,3,185.93
642,41.01,80.25,6,28800.0,0.8622,1.0,0.8622,1.0,6.0,6.0,0.0,0.0,2446.56,2.41,0,2,10,4,20,5,0,0,2,3,179.16
709,20.89,88.62,4,28800.0,0.4074,1.0,0.4074,1.0,4.0,4.0,0.0,0.0,2446.56,2.84,0,2,20,4,20,5,0,0,2,3,168.99
720,27.96,90.0,3,28800.0,0.4787,1.0,0.6383,1.0,5.0,5.0,0.0,0.0,2446.56,3.09,0,2,2,5,20,5,1,1,2,3,163.06
770,14.5,96.25,2,28800.0,0.2922,1.0,0.2922,1.0,2.0,2.0,0.0,0.0,2446.56,3.27,0,2,7,5,20,5,1,0,2,3,158.56
783,9.81,97.88,6,28800.0,0.2626,1.0,0.2626,1.0,6.0,6.0,0.0,0.0,2446.56,3.83,0,2,20,5,20,5,1,0,2,3,145.26
845,39.85,105.62,5,28800.0,0.997,1.0,0.997,1.0,5.0,5.0,0.0,0.0,2446.56,3.95,0,2,23,5,20,5,1,1,2,3,142.26
741,9.39,101.01,6,26408.0,0.2403,0.9169,0.2621,1.0,6.0,6.0,0.0,0.0,2584.89,0.31,0,3,11,6,20,5,1,0,2,3,130.78
754,39.0,105.41,4,25750.0,0.8941,0.8941,1.0,1.0,4.0,4.0,0.0,0.0,2584.89,0.48,0,3,15,6,20,5,1,0,2,3,126.74
677,32.85,88.17,6,27641.0,0.6998,0.9598,0.7291,1.0,4.0,3.0,0.0,0.0,2584.89,0.9,0,3,1,0,21,5,0,1,2,3,116.61
688,40.32,86.0,5,28800.0,0.8366,1.0,0.8366,1.0,5.0,5.0,0.0,0.0,2584.89,1.34,0,3,11,0,21,5,0,0,2,3,106.26
631,26.14,78.88,4,28800.0,0.4533,1.0,0.4533,1.0,4.0,4.0,0.0,0.0,2584.89,1.51,0,3,15,0,21,5,0,0,2,3,102.19
640,11.17,80.0,3,28800.0,0.1633,1.0,0.2178,1.0,3.0,3.0,0.0,0.0,2584.89,1.87,0,3,0,1,21,5,0,1,2,3,93.36
637,46.37,79.62,2,28800.0,0.7708,1.0,0.7708,1.0,2.0,2.0,0.0,0.0,2584.89,2.12,0,3,6,1,21,5,0,0,2,3,87.53
666,41.63,83.25,6,28800.0,0.7583,1.0,0.7583,1.0,6.0,6.0,0.0,0.0,2584.89,2.62,0,3,18,1,21,5,0,0,2,3,75.48
638,32.92,79.75,3,28800.0,0.6907,1.0,0.6907,1.0,3.0,3.0,0.0,0.0,2584.89,3.07,0,3,5,2,21,5,0,1,2,3,64.61
698,33.9,87.25,2,28800.0,0.6987,1.0,0.6987,1.0,2.0,2.0,0.0,0.0,2584.89,3.4,0,3,13,2,21,5,0,0,2,3,56.68
717,15.55,89.62,5,28800.0,0.3739,1.0,0.3739,1.0,5.0,5.0,0.0,0.0,2584.89,3.48,0,3,14,2,21,5,0,0,2,3,54.83
680,31.09,85.0,3,28800.0,0.6991,1.0,0.6991,1.0,4.0,4.0,0.0,0.0,2584.89,4.09,0,3,5,3,21,5,0,1,2,3,40.13
616,34.84,77.0,2,28800.0,0.6752,1.0,0.6752,1.0,2.0,2.0,0.0,0.0,2584.89,4.29,0,3,10,3,21,5,0,0,2,3,35.29
571,9.62,71.38,2,28800.0,0.183,1.0,0.183,1.0,2.0,2.0,0.0,0.0,2584.89,4.7,0,3,20,3,21,5,0,0,2,3,25.54
762,18.96,95.25,4,28800.0,0.4151,1.0,0.4151,1.0,4.0,4.0,0.0,0.0,2584.89,4.87,0,3,0,4,21,5,0,1,2,3,21.38
702,46.41,98.51,6,25715.625,0.8907,0.8929374999999999,1.0,1.0,6.0,6.0,0.0,0.0,2584.89,5.31,0,3,11,4,21,5,0,0,2,3,10.79
632,30.12,85.59,4,26584.0,0.58,0.9231,0.6283,1.0,4.0,4.0,0.0,0.0,2584.89,5.65,0,3,19,4,21,5,0,0,2,3,2.71
823,19.03,107.42,4,27582.0,0.4144,0.9577,0.4327,1.0,3.0,3.0,0.0,0.0,2645.54,6.03,1,3,4,5,21,5,1,1,2,3,56.2
699,40.05,87.38,3,28800.0,0.8609,1.0,0.8609,1.0,3.0,3.0,0.0,0.0,2645.54,6.14,1,3,6,5,21,5,1,0,2,3,53.43
853,19.25,106.62,6,28800.0,0.5026,1.0,0.5026,1.0,6.0,6.0,0.0,0.0,2645.54,6.64,1,3,18,5,21,5,1,0,2,3,41.36
735,40.9,91.88,3,28800.0,0.7947,1.0,0.7947,1.0,6.0,6.0,0.0,0.0,2645.54,7.05,1,3,4,6,21,5,1,1,2,3,31.75
694,39.46,86.75,2,28800.0,0.8292,1.0,0.8292,1.0,2.0,2.0,0.0,0.0,2645.54,7.38,1,3,12,6,21,5,1,0,2,3,23.75
674,39.1,84.25,2,28800.0,0.7592,1.0,0.7592,1.0,2.0,2.0,0.0,0.0,2645.54,7.57,1,3,17,6,21,5,1,0,2,3,19.18
672,32.12,84.0,6,28800.0,0.7252,1.0,0.7252,1.0,6.0,6.0,0.0,0.0,2645.54,7.82,1,3,23,6,21,5,1,1,2,3,13.25
712,34.15,97.05,5,26410.0,0.7695,0.917,0.8392,1.0,5.0,5.0,0.0,0.0,2645.54,8.24,1,3,9,0,22,5,0,0,2,3,3.11
588,14.12,83.43,3,25715.625,0.2307,0.8929374999999999,0.2619,1.0,3.0,3.0,0.0,0.0,2734.12,8.59,2,3,17,0,22,5,0,0,2,3,171.18
816,37.81,110.87,4,26497.0,0.92,0.92,1.0,1.0,3.0,3.0,0.0,0.0,2734.12,8.92,2,3,1,1,22,5,0,1,2,3,163.25
762,46.87,95.25,4,28800.0,1.0,1.0,1.0,1.0,4.0,4.0,0.0,0.0,2734.12,9.34,2,3,11,1,22,5,0,0,2,3,153.23
704,15.58,88.0,5,28800.0,0.3063,1.0,0.3063,1.0,5.0,5.0,0.0,0.0,2734.12,9.69,2,3,19,1,22,5,0,0,2,3,144.96
688,9.61,86.0,3,28800.0,0.2023,1.0,0.2023,1.0,3.0,3.0,0.0,0.0,2734.12,9.84,2,3,23,1,22,5,0,1,2,3,141.23
598,34.2,74.75,3,28800.0,0.4285,1.0,0.5714,1.0,4.0,3.0,0.0,0.0,2734.12,10.3,2,3,10,2,22,5,0,0,2,3,130.13
721,21.13,90.12,5,28800.0,0.3973,1.0,0.3973,1.0,5.0,5.0,0.0,0.0,2734.12,10.58,2,3,17,2,22,5,0,0,2,3,123.46
696,29.45,87.0,3,28800.0,0.6131,1.0,0.6131,1.0,2.0,2.0,0.0,0.0,2734.12,10.97,2,3,2,3,22,5,0,1,2,3,114.1
713,16.74,89.12,3,28800.0,0.41,1.0,0.41,1.0,3.0,3.0,0.0,0.0,2734.12,11.28,2,3,10,3,22,5,0,0,2,3,106.8
674,25.3,84.25,3,28800.0,0.4636,1.0,0.4636,1.0,3.0,3.0,0.0,0.0,2734.12,11.74,2,3,21,3,22,5,0,0,2,3,95.71
684,48.28,85.5,2,28800.0,0.946,1.0,0.946,1.0,6.0,6.0,0.0,0.0,2734.12,11.91,2,3,1,4,22,5,0,1,2,3,91.55
731,46.73,110.36,2,25715.625,0.828,0.8929374999999999,1.0,1.0,2.0,2.0,0.0,0.0,2789.01,0.01,2,4,10,4,22,5,0,0,2,3,82.23
659,28.23,96.55,3,25715.625,0.5164,0.8929374999999999,0.6053,1.0,3.0,3.0,0.0,0.0,2789.01,0.28,2,4,17,4,22,5,0,0,2,3,75.6
613,13.4,86.75,6,25715.625,0.2516,0.8929374999999999,0.2848,1.0,6.0,6.0,0.0,0.0,2789.01,0.75,1,4,4,5,22,5,1,1,2,3,64.45
555,37.37,69.38,6,28800.0,0.6558,1.0,0.6558,1.0,6.0,6.0,0.0,0.0,2789.01,1.06,1,4,11,5,22,5,1,0,2,3,56.93
697,26.32,87.12,6,28800.0,0.5685,1.0,0.5685,1.0,6.0,6.0,0.0,0.0,2789.01,1.67,1,4,2,6,22,5,1,1,2,3,42.35
645,17.38,83.68,4,27747.0,0.3619,0.9634,0.3757,1.0,4.0,4.0,0.0,0.0,2789.01,2.0,1,4,10,6,22,5,1,0,2,3,34.28
633,41.32,84.83,2,26864.0,0.5376,0.9328,0.8645,1.0,3.0,2.0,0.0,0.0,2815.27,2.37,2,4,19,6,22,5,1,0,2,3,25.55
853,47.62,113.14,6,27142.0,0.9424,0.9424,1.0,1.0,5.0,5.0,0.0,0.0,2815.27,2.61,2,4,1,0,23,6,0,1,2,3,19.66
571,53.91,71.38,3,28800.0,0.5945,1.0,0.7927,1.0,4.0,3.0,0.0,0.0,2815.27,3.01,2,4,10,0,23,6,0,0,2,3,10.03
799,50.72,99.88,4,28800.0,1.0,1.0,1.0,1.0,4.0,4.0,0.0,0.0,2815.27,3.19,1,4,15,0,23,6,0,0,2,3,5.81
609,22.2,76.12,5,28800.0,0.4409,1.0,0.4409,1.0,3.0,3.0,0.0,0.0,2875.19,3.71,1,4,3,1,23,6,0,1,2,3,168.25
726,46.83,90.75,4,28800.0,1.0,1.0,1.0,1.0,4.0,4.0,0.0,0.0,2875.19,4.11,1,4,13,1,23,6,0,0,2,3,158.45
853,9.97,106.62,4,28800.0,0.2553,1.0,0.2553,1.0,4.0,4.0,0.0,0.0,2875.19,4.44,1,4,21,1,23,6,0,0,2,3,150.63
783,30.42,97.88,3,28800.0,0.6688,1.0,0.6688,1.0,5.0,4.0,0.0,0.0,2875.19,4.69,1,4,3,2,23,6,0,1,2,3,144.51
699,52.89,87.38,3,28800.0,0.9512,1.0,0.9512,1.0,3.0,3.0,0.0,0.0,2875.19,4.83,1,4,6,2,23,6,0,0,2,3,141.33
670,26.33,83.75,5,28800.0,0.4154,1.0,0.4985,1.0,6.0,5.0,0.0,0.0,2875.19,5.3,1,3,17,2,23,6,0,0,2,3,129.98
716,17.91,89.5,4,28800.0,0.2773,1.0,0.3466,1.0,6.0,6.0,0.0,0.0,2875.19,5.68,1,3,2,3,23,6,0,1,2,3,120.85
718,17.31,101.52,4,25715.625,0.3268,0.8929374999999999,0.3697,1.0,4.0,4.0,0.0,0.0,2875.19,5.87,1,3,7,3,23,6,0,0,2,3,116.21
782,41.34,112.16,6,25715.625,0.8715,0.8929374999999999,1.0,1.0,6.0,6.0,0.0,0.0,2984.19,0.01,1,4,14,3,23,6,0,0,2,3,108.85
564,35.0,78.69,6,25804.0,0.5393,0.896,0.6019,1.0,5.0,4.0,0.0,0.0,2984.19,0.49,1,4,2,4,23,6,0,1,2,3,97.35
754,40.98,94.25,5,28800.0,0.8624,1.0,0.8624,1.0,5.0,5.0,0.0,0.0,2984.19,0.92,1,4,12,4,23,6,0,0,2,3,86.88
699,34.67,87.38,5,28800.0,0.7832,1.0,0.7832,1.0,5.0,5.0,0.0,0.0,2984.19,1.06,1,4,16,4,23,6,0,0,2,3,83.65
777,18.61,97.12,4,28800.0,0.3033,1.0,0.3791,1.0,7.0,6.0,0.0,0.0,2984.19,1.52,1,4,3,5,23,6,1,1,2,3,72.5
708,13.24,88.5,4,28800.0,0.2081,1.0,0.2601,1.0,5.0,4.0,0.0,0.0,2984.19,1.73,1,4,8,5,23,6,1,0,2,3,67.45
764,17.72,95.5,6,28800.0,0.374,1.0,0.374,1.0,6.0,6.0,0.0,0.0,2984.19,2.21,1,4,19,5,23,6,1,0,2,3,55.95
697,28.6,87.12,6,28800.0,0.4669,1.0,0.5448,1.0,2.0,2.0,0.0,0.0,2984.19,2.57,1,4,4,6,23,6,1,1,2,3,47.36
693,28.2,86.62,6,28800.0,0.5087,1.0,0.5087,1.0,6.0,6.0,0.0,0.0,2984.19,2.89,1,4,12,6,23,6,1,0,2,3,39.6
571,13.77,71.38,2,28800.0,0.2655,1.0,0.2655,1.0,2.0,2.0,0.0,0.0,2984.19,3.07,1,4,16,6,23,6,1,0,2,3,35.28
647,36.24,80.88,2,28800.0,0.753,1.0,0.753,1.0,2.0,2.0,0.0,0.0,2984.19,3.35,0,4,23,6,23,6,1,1,2,3,28.68
726,15.15,90.75,2,28800.0,0.3199,1.0,0.3199,1.0,2.0,2.0,0.0,0.0,2984.19,3.72,0,4,7,0,24,6,0,0,2,3,19.73
660,37.11,82.5,3,28800.0,0.6359,1.0,0.6359,1.0,3.0,3.0,0.0,0.0,2984.19,4.25,0,4,20,0,24,6,0,0,2,3,6.95
640,44.53,93.64,6,25715.625,0.8495,0.8929374999999999,0.9944,1.0,6.0,6.0,0.0,0.0,2988.03,4.78,1,4,9,1,24,6,0,0,2,3,37.91
640,49.23,101.49,6,25715.625,0.7882,0.8929374999999999,1.0,1.0,6.0,6.0,0.0,0.0,3024.19,0.28,1,5,17,1,24,6,0,0,2,3,29.33
774,21.68,117.33,3,25715.625,0.4668,0.8929374999999999,0.5661,1.0,3.0,2.0,0.0,0.0,3024.19,0.69,1,5,3,2,24,6,0,1,2,3,19.63
667,37.37,86.32,3,27817.0,0.4973,0.9659,0.6865,1.0,4.0,3.0,0.0,0.0,3024.19,0.84,1,5,7,2,24,6,0,0,2,3,15.98
623,39.8,79.95,5,28051.0,0.6161,0.974,0.7591,1.0,6.0,5.0,0.0,0.0,3024.19,1.27,1,5,17,2,24,6,0,0,2,3,5.66
625,40.18,80.98,2,27785.0,0.5457,0.9648,0.8483,1.0,3.0,2.0,0.0,0.0,3024.19,1.51,2,5,23,2,24,6,0,1,2,3,617.33
727,25.7,90.88,5,28800.0,0.5985,1.0,0.5985,1.0,5.0,5.0,0.0,0.0,3082.27,1.92,2,5,9,3,24,6,0,0,2,3,607.56
748,37.87,93.5,5,28800.0,0.9441,1.0,0.9441,1.0,5.0,5.0,0.0,0.0,3082.27,2.3,2,5,18,3,24,6,0,0,2,3,598.43
618,22.57,77.25,3,28800.0,0.4184,1.0,0.4184,1.0,1.0,1.0,0.0,0.0,3082.27,2.71,2,4,4,4,24,6,0,1,2,3,588.64
596,15.81,74.5,3,28800.0,0.226,1.0,0.3013,1.0,4.0,3.0,0.0,0.0,3082.27,3.07,2,4,12,4,24,6,0,0,2,3,580.06
769,11.15,96.12,5,28800.0,0.2092,1.0,0.251,1.0,6.0,5.0,0.0,0.0,3082.27,3.38,2,4,20,4,24,6,0,0,2,3,572.41
767,17.33,95.88,1,28800.0,0.4077,1.0,0.4077,1.0,3.0,3.0,0.0,0.0,3082.27,3.69,2,4,3,5,24,6,1,1,2,3,564.99
608,26.69,78.7,3,27813.0,0.5157,0.9657,0.534,1.0,3.0,3.0,0.0,0.0,3090.93,4.12,2,4,14,5,24,6,1,0,2,3,554.64
713,28.25,93.96,3,27319.0,0.6851,0.9486,0.7222,1.0,3.0,3.0,0.0,0.0,3295.7,4.78,3,4,5,6,24,6,1,1,2,3,538.98
609,23.21,76.12,4,28800.0,0.3468,1.0,0.4335,1.0,5.0,4.0,0.0,0.0,3295.7,4.92,3,4,9,6,24,6,1,0,2,3,535.66
853,29.35,106.62,3,28800.0,0.7884,1.0,0.7884,1.0,3.0,3.0,0.0,0.0,3295.7,5.51,3,4,23,6,24,6,1,1,2,3,521.34
590,37.95,73.75,2,28800.0,0.6939,1.0,0.6939,1.0,2.0,2.0,0.0,0.0,3295.7,5.93,3,4,9,0,25,6,0,0,2,3,511.24
661,18.47,82.62,5,28800.0,0.423,1.0,0.423,1.0,5.0,5.0,0.0,0.0,3295.7,6.25,3,4,17,0,25,6,0,0,2,3,503.54
636,37.99,79.5,5,28800.0,0.74,1.0,0.74,1.0,2.0,2.0,0.0,0.0,3295.7,6.74,2,3,4,1,25,6,0,1,2,3,491.83
620,13.39,77.5,4,28800.0,0.2514,1.0,0.2514,1.0,4.0,4.0,0.0,0.0,3295.7,6.92,2,3,9,1,25,6,0,0,2,3,487.66
586,24.37,73.25,3,28800.0,0.4596,1.0,0.4596,1.0,3.0,3.0,0.0,0.0,3295.7,7.3,2,3,18,1,25,6,0,0,2,3,478.36
666,27.57,83.25,2,28800.0,0.5943,1.0,0.5943,1.0,2.0,2.0,0.0,0.0,3295.7,7.67,2,3,3,2,25,6,0,1,2,3,469.49
700,39.43,87.5,5,28800.0,0.719,1.0,0.719,1.0,5.0,5.0,0.0,0.0,3295.7,7.83,2,3,7,2,25,6,0,0,2,3,465.76
598,33.32,74.75,5,28800.0,0.5268,1.0,0.5268,1.0,5.0,5.0,0.0,0.0,3295.7,8.28,2,3,17,2,25,6,0,0,2,3,454.89
728,14.48,91.0,2,28800.0,0.3402,1.0,0.3402,1.0,2.0,2.0,0.0,0.0,3295.7,8.51,1,3,23,2,25,6,0,1,2,3,449.41
754,27.27,94.25,2,28800.0,0.5624,1.0,0.5624,1.0,2.0,2.0,0.0,0.0,3295.7,8.86,1,3,7,3,25,6,0,0,2,3,440.94
742,11.68,92.75,6,28800.0,0.2363,1.0,0.2363,1.0,6.0,6.0,0.0,0.0,3295.7,9.13,1,3,14,3,25,6,0,0,2,3,434.58
652,35.67,81.5,7,28800.0,0.5721,1.0,0.6538,1.0,3.0,3.0,0.0,0.0,3295.7,9.63,1,3,2,4,25,6,0,1,2,3,422.56
727,11.98,90.88,5,28800.0,0.2941,1.0,0.2941,1.0,5.0,5.0,0.0,0.0,3295.7,9.95,1,3,10,4,25,6,0,0,2,3,414.73
796,10.4,99.5,5,28800.0,0.2421,1.0,0.2421,1.0,5.0,5.0,0.0,0.0,3295.7,10.22,1,3,16,4,25,6,0,0,2,3,408.46
714,25.13,89.25,3,28800.0,0.5814,1.0,0.5814,1.0,3.0,2.0,0.0,0.0,3295.7,10.64,1,3,2,5,25,6,1,1,2,3,398.29
696,21.94,87.0,3,28800.0,0.4082,1.0,0.4082,1.0,3.0,3.0,0.0,0.0,3295.7,10.84,1,3,7,5,25,6,1,0,2,3,393.56
591,38.85,73.88,5,28800.0,0.7808,1.0,0.7808,1.0,5.0,5.0,0.0,0.0,3295.7,11.36,0,3,19,5,25,6,1,0,2,3,381.11
686,43.68,85.75,2,28800.0,0.5252,1.0,0.7877,1.0,3.0,2.0,0.0,0.0,3295.7,11.47,0,3,22,5,25,6,1,1,2,3,378.43
590,28.38,73.75,3,28800.0,0.5097,1.0,0.5097,1.0,3.0,3.0,0.0,0.0,3295.7,11.83,0,3,7,6,25,6,1,0,2,3,369.63
722,16.74,90.25,3,28800.0,0.3257,1.0,0.3257,1.0,3.0,3.0,0.0,0.0,3295.7,12.15,0,3,14,6,25,6,1,0,2,3,362.09
672,41.19,84.0,3,28800.0,0.5493,1.0,0.7324,1.0,5.0,5.0,0.0,0.0,3295.7,12.63,0,3,2,0,26,6,0,1,2,3,350.43
672,30.9,95.65,6,25715.625,0.6513,0.8929374999999999,0.7416,1.0,6.0,6.0,0.0,0.0,3295.7,13.0,0,4,11,0,26,6,0,0,2,3,341.59
748,32.28,116.39,5,25715.625,0.6694,0.8929374999999999,1.0,1.0,6.0,5.0,0.0,0.0,3396.64,0.34,0,4,21,0,26,6,0,0,2,3,331.69
714,28.95,105.58,5,25715.625,0.6684,0.8929374999999999,0.7907,1.0,5.0,5.0,0.0,0.0,3396.64,0.44,0,4,23,0,26,6,0,1,2,3,329.34
701,34.63,87.62,4,28800.0,0.6056,1.0,0.757,1.0,5.0,4.0,0.0,0.0,3396.64,0.74,0,4,6,1,26,6,0,0,2,3,322.26
786,23.72,98.25,1,28800.0,0.305,1.0,0.61,1.0,2.0,1.0,0.0,0.0,3396.64,1.28,0,4,19,1,26,6,0,0,2,3,309.21
647,31.63,80.88,3,28800.0,0.3816,1.0,0.636,1.0,7.0,7.0,0.0,0.0,3396.64,1.58,0,4,2,2,26,6,0,1,2,3,301.99
594,39.42,74.25,6,28800.0,0.6716,1.0,0.6716,1.0,6.0,6.0,0.0,0.0,3396.64,1.93,0,4,11,2,26,6,0,0,2,3,293.58
657,16.24,82.12,5,28800.0,0.3066,1.0,0.3066,1.0,5.0,5.0,0.0,0.0,3396.64,2.15,0,4,16,2,26,6,0,0,2,3,288.26
853,41.31,106.62,7,28800.0,0.9516,1.0,0.9516,1.0,4.0,4.0,0.0,0.0,3396.64,2.53,0,4,1,3,26,6,0,1,2,3,279.16
732,45.78,91.5,5,28800.0,0.8995,1.0,0.8995,1.0,5.0,5.0,0.0,0.0,3396.64,3.01,0,4,13,3,26,6,0,0,2,3,267.64
644,41.31,80.5,4,28800.0,0.6039,1.0,0.7549,1.0,5.0,4.0,0.0,0.0,3396.64,3.08,0,4,14,3,26,6,0,0,2,3,266.01
697,14.3,87.12,4,28800.0,0.2788,1.0,0.2788,1.0,4.0,4.0,0.0,0.0,3396.64,3.7,0,4,5,4,26,6,0,1,2,3,251.16
830,19.68,105.13,4,28421.0,0.3076,0.9868,0.4676,1.0,6.0,4.0,0.0,0.0,3396.64,4.02,0,4,13,4,26,6,0,0,2,3,243.39
709,21.73,90.48,4,28208.0,0.4401,0.9794,0.4494,1.0,4.0,4.0,0.0,0.0,3504.11,4.27,0,4,19,4,26,6,0,0,2,3,237.48
697,34.3,88.48,4,28360.0,0.8165,0.9847,0.8292,1.0,1.0,1.0,0.0,0.0,3504.11,4.53,0,4,1,5,26,6,1,1,2,3,231.16
713,16.49,89.12,4,28800.0,0.3097,1.0,0.3097,1.0,4.0,4.0,0.0,0.0,3504.11,4.94,0,4,11,5,26,6,1,0,2,3,221.36
616,39.91,77.0,3,28800.0,0.8017,1.0,0.8017,1.0,3.0,3.0,0.0,0.0,3504.11,5.15,0,4,16,5,26,6,1,0,2,3,216.26
653,18.17,81.62,1,28800.0,0.3381,1.0,0.3381,1.0,3.0,3.0,0.0,0.0,3504.11,5.5,0,4,0,6,26,6,1,1,2,3,207.98
798,24.41,99.75,5,28800.0,0.5531,1.0,0.5531,1.0,5.0,5.0,0.0,0.0,3504.11,5.79,0,3,7,6,26,6,1,0,2,3,200.94
827,41.57,103.38,4,28800.0,0.9433,1.0,0.9433,1.0,4.0,4.0,0.0,0.0,3504.11,6.05,0,3,14,6,26,6,1,0,2,3,194.66
733,31.55,91.62,3,28800.0,0.7159,1.0,0.7159,1.0,3.0,3.0,0.0,0.0,3504.11,6.41,0,3,22,6,26,6,1,1,2,3,186.04
701,34.19,87.62,2,28800.0,0.7139,1.0,0.7139,1.0,2.0,2.0,0.0,0.0,3504.11,6.73,0,3,6,0,27,6,0,0,2,3,178.46
643,24.65,80.38,3,28800.0,0.4968,1.0,0.4968,1.0,3.0,3.0,0.0,0.0,3504.11,7.31,0,3,20,0,27,6,0,0,2,3,164.46
657,31.88,82.12,6,28800.0,0.6862,1.0,0.6862,1.0,5.0,5.0,0.0,0.0,3504.11,7.7,0,3,5,1,27,6,0,1,2,3,155.04
805,17.15,100.62,3,28800.0,0.3611,1.0,0.3611,1.0,3.0,3.0,0.0,0.0,3504.11,7.78,0,3,7,1,27,6,0,0,2,3,153.16
746,28.48,93.25,4,28800.0,0.616,1.0,0.616,1.0,4.0,4.0,0.0,0.0,3504.11,8.1,0,3,15,1,27,6,0,0,2,3,145.66
671,43.44,83.88,5,28800.0,0.8846,1.0,0.8846,1.0,7.0,7.0,0.0,0.0,3504.11,8.53,0,3,1,2,27,7,0,1,2,3,135.24
804,13.26,102.16,2,28332.0,0.3476,0.9838,0.3533,1.0,2.0,2.0,0.0,0.0,3609.98,8.99,1,3,12,2,27,7,0,0,2,3,124.08
680,14.25,87.02,3,28130.0,0.3013,0.9767,0.3085,1.0,3.0,3.0,0.0,0.0,3609.98,9.33,1,3,20,2,27,7,0,0,2,3,116.06
841,45.95,107.17,7,28250.0,0.9809,0.9809,1.0,1.0,2.0,2.0,0.0,0.0,3609.98,9.53,1,3,1,3,27,7,0,1,2,3,111.29
704,26.67,88.0,4,28800.0,0.6473,1.0,0.6473,1.0,4.0,4.0,0.0,0.0,3609.98,10.03,1,3,13,3,27,7,0,0,2,3,99.18
662,28.35,82.75,5,28800.0,0.5032,1.0,0.5032,1.0,5.0,5.0,0.0,0.0,3609.98,10.25,1,3,18,3,27,7,0,0,2,3,94.01
715,27.69,89.38,2,28800.0,0.5894,1.0,0.5894,1.0,2.0,2.0,0.0,0.0,3609.98,10.41,1,3,22,3,27,7,0,1,2,3,90.16
809,38.72,101.12,4,28800.0,1.0,1.0,1.0,1.0,4.0,4.0,0.0,0.0,3609.98,10.77,1,3,7,4,27,7,0,0,2,3,81.44
771,45.5,96.38,5,28800.0,0.7656,1.0,0.9188,1.0,6.0,5.0,0.0,0.0,3609.98,11.13,1,3,15,4,27,7,0,0,2,3,72.88
673,33.12,84.12,4,28800.0,0.6471,1.0,0.6471,1.0,5.0,5.0,0.0,0.0,3609.98,11.64,1,3,4,5,27,7,1,1,2,3,60.68
618,14.43,77.25,2,28800.0,0.247,1.0,0.247,1.0,2.0,2.0,0.0,0.0,3609.98,11.8,1,3,7,5,27,7,1,0,2,3,56.83
769,34.88,96.12,3,28800.0,0.8713,1.0,0.8713,1.0,3.0,3.0,0.0,0.0,3609.98,12.22,1,2,18,5,27,7,1,0,2,3,46.76
549,25.55,68.62,5,28800.0,0.4543,1.0,0.4543,1.0,5.0,5.0,0.0,0.0,3609.98,12.42,1,2,22,5,27,7,1,1,2,3,41.86
710,39.65,88.75,3,28800.0,0.8779,1.0,0.8779,1.0,3.0,3.0,0.0,0.0,3609.98,12.79,1,2,7,6,27,7,1,0,2,3,33.09
730,9.48,91.25,2,28800.0,0.2109,1.0,0.2109,1.0,2.0,2.0,0.0,0.0,3609.98,13.24,1,3,18,6,27,7,1,0,2,3,22.08
600,9.35,75.0,6,28800.0,0.1715,1.0,0.1715,1.0,7.0,7.0,0.0,0.0,3631.79,13.51,1,3,1,0,28,7,0,1,2,3,15.61
728,32.72,91.0,6,28800.0,0.6921,1.0,0.6921,1.0,6.0,6.0,0.0,0.0,3631.79,13.99,1,3,12,0,28,7,0,0,2,3,4.08
731,49.87,91.38,6,28800.0,0.95,1.0,0.95,1.0,6.0,6.0,0.0,0.0,3631.79,14.15,1,3,16,0,28,7,0,0,2,3,0.41
607,28.07,75.88,7,28800.0,0.5887,1.0,0.5887,1.0,4.0,4.0,0.0,0.0,3667.57,14.68,1,3,5,1,28,7,0,1,2,3,24.83
840,42.43,105.0,3,28800.0,1.0,1.0,1.0,1.0,3.0,3.0,0.0,0.0,3667.57,14.82,1,3,8,1,28,7,0,0,2,3,21.68
707,10.38,88.38,3,28800.0,0.2298,1.0,0.2298,1.0,3.0,3.0,0.0,0.0,3667.57,15.35,1,3,21,1,28,7,0,0,2,3,8.81
652,19.26,81.5,4,28800.0,0.4014,1.0,0.4014,1.0,4.0,4.0,0.0,0.0,3667.57,15.45,1,3,23,1,28,7,0,1,2,3,6.34
592,13.81,74.59,6,28571.0,0.2444,0.992,0.2464,1.0,6.0,6.0,0.0,0.0,3732.28,15.92,1,3,10,2,28,7,0,0,2,3,60.18
691,19.67,86.97,2,28604.0,0.4449,0.9932,0.4479,1.0,2.0,2.0,0.0,0.0,3732.28,16.15,1,3,16,2,28,7,0,0,2,3,54.72
803,15.95,100.96,2,28634.0,0.3889,0.9942,0.3912,1.0,7.0,7.0,0.0,0.0,3732.28,16.55,1,3,2,3,28,7,0,1,2,3,45.0
784,45.55,98.0,4,28800.0,1.0,1.0,1.0,1.0,4.0,4.0,0.0,0.0,3732.28,16.97,1,2,12,3,28,7,0,0,2,3,34.9
759,27.15,94.88,3,28800.0,0.5574,1.0,0.5574,1.0,3.0,3.0,0.0,0.0,3732.28,17.19,1,2,17,3,28,7,0,0,2,3,29.6
740,23.1,92.5,7,28800.0,0.5247,1.0,0.5247,1.0,7.0,7.0,0.0,0.0,3732.28,17.41,1,2,22,3,28,7,0,1,2,3,24.33
565,33.04,76.37,6,26632.0,0.584,0.9247,0.6316,1.0,6.0,6.0,0.0,0.0,3732.28,17.76,1,2,7,4,28,7,0,0,2,3,16.03
720,27.41,104.5,3,25715.625,0.5212,0.8929374999999999,0.6052,1.0,3.0,3.0,0.0,0.0,3732.28,18.08,1,2,14,4,28,7,0,0,2,3,8.35
636,45.17,96.23,5,25715.625,0.7787,0.8929374999999999,0.9425,1.0,3.0,3.0,0.0,0.0,3740.49,18.65,2,2,4,5,28,7,1,1,2,3,135.58
834,20.9,105.59,3,28434.0,0.4738,0.9873,0.4799,1.0,3.0,3.0,0.0,0.0,3869.56,19.01,3,2,13,5,28,7,1,0,2,3,127.03
656,14.92,84.08,6,28089.0,0.2661,0.9753,0.2728,1.0,6.0,6.0,0.0,0.0,3869.56,19.13,3,2,15,5,28,7,1,0,2,3,124.1
663,33.38,84.57,3,28224.0,0.6089,0.98,0.6213,1.0,6.0,4.0,0.0,0.0,3869.56,19.69,3,2,5,6,28,7,1,1,2,3,110.65
576,33.99,72.0,4,28800.0,0.6422,1.0,0.6422,1.0,4.0,4.0,0.0,0.0,3869.56,19.85,3,2,9,6,28,7,1,0,2,3,106.75
576,35.35,72.0,3,28800.0,0.6634,1.0,0.6634,1.0,3.0,3.0,0.0,0.0,3869.56,20.18,3,2,17,6,28,7,1,0,2,3,98.95
740,13.81,92.5,4,28800.0,0.1802,1.0,0.2703,1.0,4.0,4.0,0.0,0.0,3869.56,20.66,3,2,4,0,29,7,0,1,2,3,87.32
689,24.95,86.12,6,28800.0,0.5852,1.0,0.5852,1.0,6.0,6.0,0.0,0.0,3869.56,20.89,3,2,10,0,29,7,0,0,2,3,81.77
673,23.35,84.12,5,28800.0,0.5094,1.0,0.5094,1.0,5.0,5.0,0.0,0.0,3869.56,21.16,3,2,16,0,29,7,0,0,2,3,75.32
721,14.94,90.12,4,28800.0,0.2884,1.0,0.2884,1.0,6.0,6.0,0.0,0.0,3869.56,21.55,3,2,2,1,29,7,0,1,2,3,66.08
723,11.5,90.38,2,28800.0,0.2746,1.0,0.2746,1.0,2.0,2.0,0.0,0.0,3869.56,21.91,3,2,10,1,29,7,0,0,2,3,57.3
698,19.15,87.25,5,28800.0,0.4064,1.0,0.4064,1.0,5.0,5.0,0.0,0.0,3869.56,22.32,3,2,20,1,29,7,0,0,2,3,47.55
698,29.78,87.25,6,28800.0,0.5906,1.0,0.5906,1.0,7.0,7.0,0.0,0.0,3869.56,22.63,3,2,3,2,29,7,0,1,2,3,40.18
676,49.69,84.5,3,28800.0,0.8969,1.0,0.8969,1.0,3.0,3.0,0.0,0.0,3869.56,22.93,2,2,11,2,29,7,0,0,2,3,32.93
775,44.37,96.88,6,28800.0,0.9905,1.0,0.9905,1.0,6.0,6.0,0.0,0.0,3869.56,23.22,2,2,18,2,29,7,0,0,2,3,25.85
658,24.35,82.25,7,28800.0,0.4563,1.0,0.4563,1.0,6.0,6.0,0.0,0.0,3869.56,23.69,2,2,5,3,29,7,0,1,2,3,14.62
751,35.32,93.88,6,28800.0,0.9161,1.0,0.9161,1.0,6.0,6.0,0.0,0.0,3869.56,24.04,2,2,13,3,29,7,0,0,2,3,6.3
614,15.1,76.75,2,28800.0,0.2437,1.0,0.2437,1.0,2.0,2.0,0.0,0.0,3869.56,24.31,2,2,20,3,29,7,0,0,2,3,72.11
743,32.44,92.88,6,28800.0,0.6914,1.0,0.6914,1.0,0.0,0.0,0.0,0.0,3869.56,24.48,2,2,0,4,29,7,0,1,2,3,67.99
701,42.88,87.62,6,28800.0,0.7774,1.0,0.7774,1.0,6.0,6.0,0.0,0.0,3937.2,24.77,2,2,7,4,29,7,0,0,2,3,60.87
741,20.99,92.62,6,28800.0,0.4827,1.0,0.4827,1.0,6.0,6.0,0.0,0.0,3937.2,24.783749,2,2,20,4,29,7,0,0,2,3,47.31
691,36.41,86.38,0,28800.0,0.6967,1.0,0.7258,1.0,4.0,4.0,0.0,0.0,3937.2,24.783749,1,2,2,5,29,7,1,1,2,3,42.17
754,44.0,94.25,3,28800.0,0.8757,1.0,0.8757,1.0,3.0,3.0,0.0,0.0,3937.2,24.783749,1,2,6,5,29,7,1,0,2,3,37.76
792,36.19,99.0,3,28800.0,0.8701,1.0,0.8701,1.0,3.0,3.0,0.0,0.0,3937.2,24.783749,0,2,14,5,29,7,1,0,2,3,29.57
672,44.45,84.0,4,28800.0,0.7845,1.0,0.7845,1.0,3.0,3.0,0.0,0.0,3937.2,24.783749,0,2,3,6,29,7,1,1,2,3,16.52
741,16.24,102.1,5,26128.0,0.3121,0.9072,0.344,1.0,5.0,5.0,0.0,0.0,3937.2,24.783749,0,2,8,6,29,7,1,0,2,3,11.92
724,16.49,98.45,2,26475.0,0.3741,0.9193,0.4069,1.0,2.0,2.0,0.0,0.0,3937.2,24.783749,0,2,15,6,29,7,1,0,2,3,4.61
798,38.39,111.67,3,25725.0,0.8932,0.8932,1.0,1.0,6.0,6.0,0.0,0.0,3981.56,24.783749,1,2,3,0,30,7,0,1,2,3,39.48
691,21.88,86.38,6,28800.0,0.4379,1.0,0.4379,1.0,6.0,6.0,0.0,0.0,3981.56,24.783749,1,2,12,0,30,7,0,0,2,3,31.01
638,40.57,79.75,2,28800.0,0.7448,1.0,0.7448,1.0,2.0,2.0,0.0,0.0,3981.56,24.783749,1,2,19,0,30,7,0,0,2,3,23.88
593,34.34,74.12,6,28800.0,0.5419,1.0,0.5419,1.0,5.0,5.0,0.0,0.0,3981.56,24.783749,1,2,0,1,30,7,0,1,2,3,19.01
698,41.56,87.25,6,28800.0,0.8122,1.0,0.8122,1.0,6.0,6.0,0.0,0.0,3981.56,24.783749,1,2,7,1,30,7,0,0,2,3,11.73
729,9.93,91.12,4,28800.0,0.2243,1.0,0.2243,1.0,4.0,4.0,0.0,0.0,3981.56,24.783749,1,2,18,1,30,7,0,0,2,3,0.68
827,30.79,103.38,5,28800.0,0.8256,1.0,0.8256,1.0,4.0,4.0,0.0,0.0,4161.89,24.783749,2,2,0,2,30,7,0,1,2,3,218.89
691,20.93,86.38,2,28800.0,0.3978,1.0,0.3978,1.0,2.0,2.0,0.0,0.0,4161.89,24.783749,2,1,12,2,30,7,0,0,2,3,206.17
723,13.62,90.38,2,28800.0,0.3078,1.0,0.3078,1.0,2.0,2.0,0.0,0.0,4161.89,24.783749,2,1,16,2,30,7,0,0,2,3,202.59
691,44.69,86.38,4,28800.0,0.8669,1.0,0.8669,1.0,4.0,4.0,0.0,0.0,4161.89,24.783749,2,1,0,3,30,7,0,1,2,3,194.14
618,34.32,77.25,4,28800.0,0.5251,1.0,0.6564,1.0,5.0,4.0,0.0,0.0,4161.89,24.783749,2,1,12,3,30,7,0,0,2,3,182.84
652,41.19,81.5,5,28800.0,0.6631,1.0,0.7958,1.0,6.0,5.0,0.0,0.0,4161.89,24.783749,2,1,16,3,30,7,0,0,2,3,178.25
736,26.47,92.0,4,28800.0,0.587,1.0,0.587,1.0,4.0,4.0,0.0,0.0,4161.89,24.783749,2,1,23,3,30,7,0,1,2,3,171.22
589,12.86,73.62,4,28800.0,0.2211,1.0,0.2211,1.0,4.0,4.0,0.0,0.0,4161.89,24.783749,2,1,12,4,30,7,0,0,2,3,158.59
685,22.82,85.62,4,28800.0,0.3712,1.0,0.464,1.0,5.0,4.0,0.0,0.0,4161.89,24.783749,2,1,17,4,30,7,0,0,2,3,153.54
525,32.53,65.62,3,28800.0,0.5159,1.0,0.5159,1.0,3.0,3.0,0.0,0.0,4161.89,24.783749,2,1,23,4,30,7,0,1,2,3,147.22
725,31.51,90.62,5,28800.0,0.6887,1.0,0.6887,1.0,5.0,5.0,0.0,0.0,4161.89,24.783749,2,1,9,5,30,7,1,0,2,3,137.22
796,36.58,99.5,2,28800.0,0.846,1.0,0.846,1.0,2.0,2.0,0.0,0.0,4161.89,24.783749,2,1,21,5,30,7,1,0,2,3,125.67
534,19.84,66.75,6,28800.0,0.27,1.0,0.315,1.0,7.0,6.0,0.0,0.0,4161.89,24.783749,2,1,22,5,30,7,1,1,2,3,124.42
745,36.13,93.12,6,28800.0,0.9287,1.0,0.9287,1.0,6.0,6.0,0.0,0.0,4161.89,24.783749,2,1,9,6,30,7,1,0,2,3,113.34
707,22.39,88.38,3,28800.0,0.5349,1.0,0.5349,1.0,3.0,3.0,0.0,0.0,4161.89,24.783749,2,1,15,6,30,7,1,0,2,3,108.04
789,39.07,98.62,2,28800.0,0.9983,1.0,0.9983,1.0,2.0,2.0,0.0,0.0,4161.89,24.783749,1,1,23,6,30,7,1,1,2,3,99.52
648,11.22,81.0,2,28800.0,0.1895,1.0,0.1895,1.0,2.0,2.0,0.0,0.0,4161.89,24.783749,1,1,8,0,31,7,0,0,2,3,90.95
606,39.52,75.75,4,28800.0,0.6496,1.0,0.812,1.0,5.0,4.0,0.0,0.0,4161.89,24.783749,1,1,17,0,31,7,0,0,2,3,81.75
712,47.29,89.0,4,28800.0,0.9382,1.0,0.9382,1.0,4.0,4.0,0.0,0.0,4161.89,24.783749,1,1,11,1,31,7,0,0,2,3,63.85
680,27.67,85.0,2,28800.0,0.5584,1.0,0.5584,1.0,2.0,2.0,0.0,0.0,4161.89,24.783749,1,1,18,1,31,7,0,0,2,3,56.74
630,40.5,78.75,7,28800.0,0.695,1.0,0.695,1.0,6.0,6.0,0.0,0.0,4161.89,24.783749,0,1,4,2,31,7,0,1,2,3,46.7
627,31.67,81.61,5,27660.0,0.5391,0.9604,0.5613,1.0,5.0,5.0,0.0,0.0,4161.89,24.783749,0,1,8,2,31,7,0,0,2,3,42.85
796,23.26,108.17,4,26491.0,0.513,0.9198,0.5577,1.0,4.0,4.0,0.0,0.0,4199.61,0.12,0,2,16,2,31,7,0,0,2,3,34.8
632,50.71,85.53,6,26600.0,0.8365,0.9236,0.9057,1.0,4.0,4.0,0.0,0.0,4199.61,0.58,0,2,3,3,31,7,0,1,2,3,23.74
723,29.27,90.38,3,28800.0,0.6464,1.0,0.6464,1.0,3.0,3.0,0.0,0.0,4199.61,0.69,0,2,6,3,31,7,0,0,2,3,21.1
612,45.32,76.5,5,28800.0,0.8211,1.0,0.8211,1.0,5.0,5.0,0.0,0.0,4199.61,1.32,0,2,21,3,31,7,0,0,2,3,5.95
902,18.07,112.75,4,28800.0,0.4613,1.0,0.4613,1.0,4.0,4.0,0.0,0.0,29.71,,0,0,10,6,5,2,1,0,9,3,398.9
913,26.9,114.12,2,28800.0,0.8112,1.0,0.8112,1.0,2.0,2.0,0.0,0.0,29.71,,0,0,14,6,5,2,1,0,9,3,394.65
814,40.28,108.76,3,26944.0,0.8731,0.9356,0.9332,1.0,3.0,3.0,0.0,0.0,78.64,,1,0,11,0,6,2,0,0,9,3,374.26
928,33.0,121.13,2,27581.0,0.9577,0.9577,1.0,1.0,2.0,2.0,0.0,0.0,78.64,,1,0,19,0,6,2,0,0,9,3,366.4
979,32.75,126.88,4,27778.0,0.8788,0.9645,0.9111,1.0,4.0,4.0,0.0,0.0,78.64,,1,0,3,1,6,2,0,1,9,3,358.38
950,38.62,118.75,4,28800.0,1.0,1.0,1.0,1.0,4.0,4.0,0.0,0.0,78.64,,1,0,10,1,6,2,0,0,9,3,351.5
928,42.73,116.0,3,28800.0,1.0,1.0,1.0,1.0,3.0,3.0,0.0,0.0,78.64,,1,0,16,1,6,2,0,0,9,3,345.21
989,14.22,123.62,4,28800.0,0.3671,1.0,0.3671,1.0,6.0,6.0,0.0,0.0,78.64,,1,0,1,2,6,2,0,1,9,3,335.88
939,49.49,121.79,6,27756.0,0.9637,0.9637,1.0,1.0,6.0,6.0,0.0,0.0,78.64,,1,0,9,2,6,2,0,0,9,3,328.43
1050,21.76,137.19,3,27553.0,0.7361,0.9567,0.7694,1.0,3.0,3.0,0.0,0.0,105.8,,1,0,14,2,6,2,0,0,9,3,322.8
751,42.83,97.74,6,27660.0,0.8962,0.9604,0.9332,1.0,5.0,5.0,0.0,0.0,105.8,,1,0,3,3,6,2,0,1,9,3,309.75
859,45.13,126.64,5,25715.625,0.8478,0.8929374999999999,1.0,1.0,5.0,5.0,0.0,0.0,105.8,,1,0,7,3,6,2,0,0,9,3,306.33
869,47.69,117.7,6,26580.0,0.9229,0.9229,1.0,1.0,6.0,6.0,0.0,0.0,159.68,0.28,1,1,21,3,6,2,0,0,9,3,291.85
827,32.19,110.21,5,27014.0,0.7741,0.938,0.8253,1.0,2.0,2.0,0.0,0.0,159.68,0.42,1,1,1,4,6,2,0,1,9,3,288.46
951,29.89,118.88,4,28800.0,0.8292,1.0,0.8292,1.0,4.0,4.0,0.0,0.0,159.68,0.8,1,1,10,4,6,2,0,0,9,3,279.21
939,37.49,117.38,2,28800.0,1.0,1.0,1.0,1.0,2.0,2.0,0.0,0.0,159.68,1.24,1,1,20,4,6,2,0,0,9,3,268.65
776,24.88,97.0,2,28800.0,0.5149,1.0,0.5149,1.0,2.0,2.0,0.0,0.0,159.68,1.56,1,1,4,5,6,2,1,1,9,3,261.01
789,14.87,121.07,2,25715.625,0.3961,0.8929374999999999,0.4863,1.0,2.0,2.0,0.0,0.0,159.68,1.87,1,1,12,5,6,2,1,0,9,3,253.5
984,22.47,136.59,6,25935.0,0.5866,0.9005,0.6514,1.0,6.0,6.0,0.0,0.0,159.68,1.97,1,1,14,5,6,2,1,0,9,3,251.21
970,42.07,151.81,2,25715.625,0.7987,0.8929374999999999,1.0,1.0,2.0,2.0,0.0,0.0,159.68,2.33,1,2,22,5,6,2,1,1,9,3,242.65
1050,32.99,131.25,6,28800.0,1.0,1.0,1.0,1.0,6.0,6.0,0.0,0.0,399.68,0.42,1,2,11,6,6,2,1,0,9,3,229.88
760,30.72,95.0,3,28800.0,0.7679,1.0,0.7679,1.0,3.0,3.0,0.0,0.0,399.68,0.7,1,2,18,6,6,2,1,0,9,3,223.1
938,29.73,117.25,7,28800.0,0.7882,1.0,0.7882,1.0,7.0,7.0,0.0,0.0,399.68,0.88,1,2,22,6,6,2,1,1,9,3,218.88
955,42.82,119.38,2,28800.0,1.0,1.0,1.0,1.0,2.0,2.0,0.0,0.0,399.68,1.19,0,2,6,0,7,2,0,0,9,3,211.38
1016,39.83,127.0,6,28800.0,1.0,1.0,1.0,1.0,6.0,6.0,0.0,0.0,399.68,1.84,0,2,21,0,7,2,0,0,9,3,195.81
721,32.65,90.12,2,28800.0,0.4844,1.0,0.7265,1.0,6.0,6.0,0.0,0.0,399.68,2.14,0,2,4,1,7,2,0,1,9,3,188.71
904,25.96,113.0,5,28800.0,0.8017,1.0,0.8017,1.0,5.0,5.0,0.0,0.0,399.68,2.33,0,2,9,1,7,2,0,0,9,3,184.0
962,46.14,120.25,3,28800.0,1.0,1.0,1.0,1.0,3.0,3.0,0.0,0.0,399.68,2.71,0,2,18,1,7,2,0,0,9,3,174.93
937,34.06,117.12,6,28800.0,0.992,1.0,0.992,1.0,2.0,2.0,0.0,0.0,399.68,3.06,0,2,3,2,7,2,0,1,9,3,166.51
938,26.42,117.25,5,28800.0,0.7126,1.0,0.7126,1.0,5.0,5.0,0.0,0.0,399.68,3.43,0,2,11,2,7,2,0,0,9,3,157.78
872,10.25,109.0,4,28800.0,0.2882,1.0,0.2882,1.0,4.0,4.0,0.0,0.0,399.68,3.65,0,2,17,2,7,2,0,0,9,3,152.48
868,32.06,108.5,2,28800.0,0.8023,1.0,0.8023,1.0,2.0,2.0,0.0,0.0,399.68,3.91,0,2,23,2,7,2,0,1,9,3,146.11
1050,42.27,131.25,6,28800.0,1.0,1.0,1.0,1.0,6.0,6.0,0.0,0.0,399.68,4.3,0,2,8,3,7,2,0,0,9,3,136.75
1050,38.77,131.25,6,28800.0,1.0,1.0,1.0,1.0,6.0,6.0,0.0,0.0,399.68,4.82,0,2,21,3,7,2,0,0,9,3,124.26
1010,46.73,126.25,5,28800.0,1.0,1.0,1.0,1.0,6.0,6.0,0.0,0.0,399.68,5.1,0,2,4,4,7,2,0,1,9,3,117.56
962,28.39,120.25,2,28800.0,0.7876,1.0,0.7876,1.0,2.0,2.0,0.0,0.0,399.68,5.3,0,2,8,4,7,2,0,0,9,3,112.85
948,39.69,118.5,2,28800.0,1.0,1.0,1.0,1.0,2.0,2.0,0.0,0.0,399.68,5.57,0,2,15,4,7,2,0,0,9,3,106.21
956,37.11,119.5,6,28800.0,1.0,1.0,1.0,1.0,6.0,6.0,0.0,0.0,399.68,6.15,0,2,5,5,7,2,1,1,9,3,92.43
967,20.13,120.88,2,28800.0,0.5282,1.0,0.5282,1.0,2.0,2.0,0.0,0.0,399.68,6.22,0,2,6,5,7,2,1,0,9,3,90.83
985,42.5,123.12,3,28800.0,1.0,1.0,1.0,1.0,3.0,3.0,0.0,0.0,399.68,6.56,0,2,15,5,7,2,1,0,9,3,82.45
904,32.95,113.0,6,28800.0,1.0,1.0,1.0,1.0,6.0,6.0,0.0,0.0,399.68,6.92,0,2,23,5,7,2,1,1,9,3,74.01
969,42.96,121.12,4,28800.0,0.8,1.0,1.0,1.0,5.0,4.0,0.0,0.0,399.68,7.32,0,2,9,6,7,2,1,0,9,3,64.43
937,32.27,117.12,1,28800.0,0.5,1.0,1.0,1.0,2.0,1.0,0.0,0.0,399.68,7.68,0,2,17,6,7,2,1,0,9,3,55.76
915,40.67,114.38,2,28800.0,1.0,1.0,1.0,1.0,5.0,5.0,0.0,0.0,399.68,8.12,0,2,4,0,8,2,0,1,9,3,45.13
896,33.17,112.0,4,28800.0,0.85,1.0,0.85,1.0,4.0,4.0,0.0,0.0,399.68,8.43,0,2,11,0,8,2,0,0,9,3,37.76
932,25.45,116.5,4,28800.0,0.8081,1.0,0.8081,1.0,4.0,4.0,0.0,0.0,399.68,8.76,0,2,19,0,8,2,0,0,9,3,29.8
1046,26.09,130.75,5,28800.0,0.9163,1.0,0.9163,1.0,5.0,5.0,0.0,0.0,399.68,8.93,0,2,23,0,8,2,0,1,9,3,25.7
948,39.84,118.5,4,28800.0,0.9865,1.0,0.9865,1.0,4.0,4.0,0.0,0.0,399.68,9.48,0,2,13,1,8,2,0,0,9,3,12.38
988,44.33,123.5,3,28800.0,1.0,1.0,1.0,1.0,3.0,3.0,0.0,0.0,399.68,9.81,0,2,21,1,8,2,0,0,9,3,4.45
1034,40.57,129.25,6,28800.0,1.0,1.0,1.0,1.0,6.0,6.0,0.0,0.0,399.68,9.92,0,2,23,1,8,2,0,1,9,3,1.9
933,17.38,136.63,2,25715.625,0.552,0.8929374999999999,0.6467,1.0,2.0,2.0,0.0,0.0,498.23,10.49,1,2,13,2,8,2,0,0,9,3,90.19
1049,28.17,150.65,3,25715.625,0.8704,0.8929374999999999,1.0,1.0,3.0,3.0,0.0,0.0,498.23,10.68,1,2,17,2,8,2,0,0,9,3,85.66
845,42.06,125.92,3,25715.625,0.6292,0.8929374999999999,1.0,1.0,4.0,3.0,0.0,0.0,498.23,10.88,1,2,22,2,8,2,0,1,9,3,80.89
1048,20.29,131.0,6,28800.0,0.7376,1.0,0.7376,1.0,6.0,6.0,0.0,0.0,498.23,11.23,1,2,7,3,8,2,0,0,9,3,72.44
1048,37.84,131.0,2,28800.0,0.6667,1.0,1.0,1.0,3.0,2.0,0.0,0.0,498.23,11.82,1,2,21,3,8,2,0,0,9,3,58.19
977,44.49,122.12,5,28800.0,1.0,1.0,1.0,1.0,5.0,5.0,0.0,0.0,498.23,11.91,1,2,23,3,8,2,0,1,9,3,56.08
1029,21.05,128.62,3,28800.0,0.7046,1.0,0.7046,1.0,3.0,3.0,0.0,0.0,498.23,12.43,1,2,11,4,8,2,0,0,9,3,43.69
858,37.04,107.25,1,28800.0,0.4553,1.0,0.9107,1.0,2.0,1.0,0.0,0.0,498.23,12.58,1,2,15,4,8,2,0,0,9,3,40.08
1029,11.44,128.62,3,28800.0,0.3123,1.0,0.3123,1.0,5.0,5.0,0.0,0.0,498.23,13.15,1,2,5,5,8,2,1,1,9,3,26.44
951,46.75,118.88,3,28800.0,1.0,1.0,1.0,1.0,3.0,3.0,0.0,0.0,498.23,13.26,1,2,7,5,8,2,1,0,9,3,23.76
988,16.25,123.5,5,28800.0,0.4329,1.0,0.4329,1.0,3.0,3.0,0.0,0.0,498.23,14.02,1,2,2,6,8,2,1,1,9,3,5.38
1011,28.6,153.43,5,25715.625,0.6257,0.8929374999999999,0.9116,1.0,6.0,5.0,0.0,0.0,511.71,14.61,2,2,16,6,8,2,1,0,9,3,6.0
920,17.29,136.94,3,25715.625,0.4443,0.8929374999999999,0.5291,1.0,5.0,5.0,0.0,0.0,521.15,15.11,3,2,4,0,9,2,0,1,9,3,7.1
888,33.83,126.24,6,25715.625,0.8476,0.8929374999999999,0.964,1.0,6.0,6.0,0.0,0.0,521.15,15.41,4,2,11,0,9,2,0,0,9,3,9.72
794,38.82,113.03,5,25715.625,0.6814,0.8929374999999999,0.9312,1.0,6.0,5.0,0.0,0.0,527.17,15.77,4,2,20,0,9,2,0,0,9,3,1.14
935,34.63,170.05,5,25715.625,0.6873,0.8929374999999999,1.0,1.0,5.0,5.0,0.0,0.0,545.55,15.93,5,2,23,0,9,2,0,1,9,3,17.1
920,38.55,127.11,3,26056.0,0.6785,0.9047,1.0,1.0,4.0,3.0,0.0,0.0,545.55,16.36,5,2,10,1,9,2,0,0,9,3,6.82
1050,26.71,138.71,2,27251.0,0.7875,0.9462,0.8323,1.0,2.0,2.0,0.0,0.0,545.55,16.58,5,2,15,1,9,2,0,0,9,3,1.34
1024,24.98,138.8,5,26559.0,0.6691,0.9222,0.7256,1.0,2.0,1.0,0.0,0.0,577.21,17.09,5,2,3,2,9,2,0,1,9,3,187.07
1050,11.93,131.25,6,28800.0,0.4302,1.0,0.4302,1.0,6.0,6.0,0.0,0.0,577.21,17.33,5,2,9,2,9,2,0,0,9,3,181.12
1002,45.43,125.25,4,28800.0,1.0,1.0,1.0,1.0,4.0,4.0,0.0,0.0,577.21,17.56,5,2,15,2,9,2,0,0,9,3,175.69
1050,38.62,131.25,1,28800.0,0.5,1.0,1.0,1.0,2.0,1.0,0.0,0.0,577.21,17.9,5,2,23,2,9,2,0,1,9,3,167.61
825,9.75,113.2,5,26236.0,0.206,0.911,0.2714,1.0,6.0,5.0,0.0,0.0,627.69,0.12,5,3,7,3,9,2,0,0,9,3,159.49
942,27.6,136.02,2,25715.625,0.5735,0.8929374999999999,0.9937,1.0,3.0,2.0,0.0,0.0,627.69,0.6,5,3,18,3,9,2,0,0,9,3,148.07
938,52.48,126.73,8,26645.0,0.9252,0.9252,1.0,1.0,2.0,1.0,0.0,0.0,627.69,1.03,5,3,5,4,9,2,0,1,9,3,137.54
1016,51.44,127.0,5,28800.0,1.0,1.0,1.0,1.0,5.0,5.0,0.0,0.0,627.69,1.17,5,3,8,4,9,2,0,0,9,3,134.21
1019,37.1,127.38,5,28800.0,0.8333,1.0,1.0,1.0,6.0,5.0,0.0,0.0,627.69,1.67,5,3,20,4,9,2,0,0,9,3,122.39
1014,9.38,126.75,1,28800.0,0.1434,1.0,0.2869,1.0,8.0,8.0,0.0,0.0,627.69,2.06,5,3,5,5,9,2,1,1,9,3,113.04
1050,39.87,136.18,6,27757.0,0.9638,0.9638,1.0,1.0,6.0,6.0,0.0,0.0,662.64,2.38,5,3,13,5,9,2,1,0,9,3,105.17
888,16.23,113.64,4,28131.0,0.297,0.9768,0.3801,1.0,5.0,4.0,0.0,0.0,662.64,2.5,5,3,16,5,9,2,1,0,9,3,102.31
895,9.9,115.24,8,27960.0,0.2647,0.9708,0.2727,1.0,2.0,2.0,0.0,0.0,662.64,3.04,5,3,5,6,9,3,1,1,9,3,89.44
1050,26.87,145.09,4,26053.0,0.8776,0.9046,0.9701,1.0,4.0,4.0,0.0,0.0,662.64,3.08,5,3,6,6,9,3,1,0,9,3,88.51
1050,40.37,141.44,6,26725.0,0.928,0.928,1.0,1.0,6.0,6.0,0.0,0.0,662.64,3.52,4,3,16,6,9,3,1,0,9,3,77.88
888,28.45,119.67,2,26714.0,0.7258,0.9276,0.7825,1.0,6.0,5.0,0.0,0.0,692.78,0.28,3,4,4,0,10,3,0,1,9,3,66.66
1032,48.78,129.0,4,28800.0,1.0,1.0,1.0,1.0,4.0,4.0,0.0,0.0,692.78,0.41,3,4,7,0,10,3,0,0,9,3,63.73
861,10.28,107.62,5,28800.0,0.2768,1.0,0.2768,1.0,5.0,5.0,0.0,0.0,692.78,0.87,2,4,18,0,10,3,0,0,9,3,52.56
1050,46.11,131.25,5,28800.0,0.8333,1.0,1.0,1.0,2.0,2.0,0.0,0.0,692.78,1.3,1,5,4,1,10,3,0,1,9,3,42.31
1050,29.9,135.97,1,27800.0,0.4271,0.9653,0.8849,1.0,2.0,1.0,0.0,0.0,734.71,0.18,1,5,9,1,10,3,0,0,9,3,37.61
1050,17.8,143.1,3,26415.0,0.4988,0.9172,0.5438,1.0,3.0,3.0,0.0,0.0,734.71,0.67,0,5,20,1,10,3,0,0,9,3,25.88
934,30.75,127.8,2,26309.0,0.8273,0.9135,0.9056,1.0,3.0,3.0,0.0,0.0,734.71,1.0,0,5,4,2,10,3,0,1,9,3,17.99
979,19.37,139.26,5,25715.625,0.5144,0.8929374999999999,0.5853,1.0,5.0,5.0,0.0,0.0,734.71,1.23,0,5,10,2,10,3,0,0,9,3,12.44
995,23.25,141.15,4,25715.625,0.7169,0.8929374999999999,0.8136,1.0,4.0,4.0,0.0,0.0,734.71,1.46,0,5,15,2,10,3,0,0,9,3,6.88
1035,14.77,139.94,3,26625.0,0.524,0.9245,0.5668,1.0,5.0,5.0,0.0,0.0,734.71,1.82,1,5,0,3,10,3,0,1,9,3,8.69
821,11.08,111.39,2,26533.0,0.18,0.9213,0.293,1.0,3.0,2.0,0.0,0.0,742.66,2.31,2,5,12,3,10,3,0,0,9,3,41.6
993,17.1,153.84,2,25715.625,0.3878,0.8929374999999999,0.7209,1.0,3.0,2.0,0.0,0.0,784.04,2.54,2,5,17,3,10,3,0,0,9,3,36.09
978,36.46,136.12,5,25866.0,0.8981,0.8981,1.0,1.0,5.0,5.0,0.0,0.0,784.04,2.77,2,5,23,3,10,3,0,1,9,3,30.4
847,29.59,105.88,2,28800.0,0.5631,1.0,0.8446,1.0,3.0,2.0,0.0,0.0,784.04,3.18,2,5,9,4,10,3,0,0,9,3,20.67
847,38.72,105.88,4,28800.0,0.9643,1.0,0.9643,1.0,4.0,4.0,0.0,0.0,784.04,3.54,2,5,17,4,10,3,0,0,9,3,12.07
875,13.42,109.38,4,28800.0,0.2564,1.0,0.3205,1.0,2.0,2.0,0.0,0.0,784.04,4.0,2,5,4,5,10,3,1,1,9,3,0.89
1013,45.99,139.19,4,26200.0,0.7278,0.9097,1.0,1.0,5.0,4.0,0.0,0.0,830.59,4.27,3,5,11,5,10,3,1,0,9,3,72.75
961,14.19,140.68,6,25715.625,0.3577,0.8929374999999999,0.4189,1.0,6.0,6.0,0.0,0.0,830.59,4.66,3,4,20,5,10,3,1,0,9,3,63.45
942,13.44,137.06,2,25715.625,0.3621,0.8929374999999999,0.4215,1.0,3.0,3.0,0.0,0.0,830.59,4.88,3,4,1,6,10,3,1,1,9,3,58.12
805,49.85,100.62,6,28800.0,1.0,1.0,1.0,1.0,6.0,6.0,0.0,0.0,830.59,5.21,3,4,9,6,10,3,1,0,9,3,50.33
781,18.66,97.62,4,28800.0,0.3938,1.0,0.3938,1.0,4.0,4.0,0.0,0.0,830.59,5.67,3,4,20,6,10,3,1,0,9,3,39.32
897,38.74,112.12,3,28800.0,1.0,1.0,1.0,1.0,4.0,4.0,0.0,0.0,830.59,5.86,3,4,1,0,11,3,0,1,9,3,34.57
1050,43.42,136.98,2,27595.0,0.9582,0.9582,1.0,1.0,2.0,2.0,0.0,0.0,854.04,6.23,4,4,10,0,11,3,0,0,9,3,25.77
815,46.73,105.8,3,27731.0,0.7222,0.9629,1.0,1.0,4.0,3.0,0.0,0.0,854.04,6.47,4,4,16,0,11,3,0,0,9,3,19.98
993,53.3,129.1,4,27690.0,0.9615,0.9615,1.0,1.0,5.0,5.0,0.0,0.0,854.04,7.0,4,3,4,1,11,3,0,1,9,3,7.3
889,28.43,136.22,6,25715.625,0.8158,0.8929374999999999,1.0,1.0,6.0,6.0,0.0,0.0,858.63,7.18,4,3,9,1,11,3,0,0,9,3,3.0
856,13.0,121.31,5,25715.625,0.3088,0.8929374999999999,0.4202,1.0,6.0,5.0,0.0,0.0,858.63,7.38,5,3,14,1,11,3,0,0,9,3,67.36
1050,28.43,166.38,5,25715.625,0.7889,0.8929374999999999,1.0,1.0,5.0,5.0,0.0,0.0,869.91,7.8,5,3,23,1,11,3,0,1,9,3,57.43
875,25.31,117.76,4,26750.0,0.669,0.9288,0.7203,1.0,4.0,4.0,0.0,0.0,889.36,8.15,6,3,8,2,11,3,0,0,9,3,48.9
933,28.47,127.86,2,26269.0,0.8407,0.9121,0.9217,1.0,2.0,2.0,0.0,0.0,889.36,8.55,6,3,17,2,11,3,0,0,9,3,39.41
1028,21.45,142.78,3,25920.0,0.5861,0.9,0.6512,1.0,3.0,3.0,0.0,0.0,922.29,9.0,5,3,4,3,11,3,0,1,9,3,28.7
1050,42.98,131.25,2,28800.0,1.0,1.0,1.0,1.0,2.0,2.0,0.0,0.0,922.29,9.16,5,3,8,3,11,3,0,0,9,3,24.75
982,17.13,122.75,5,28800.0,0.4869,1.0,0.4869,1.0,5.0,5.0,0.0,0.0,922.29,9.51,4,3,17,3,11,3,0,0,9,3,16.26
914,17.11,114.25,3,28800.0,0.4354,1.0,0.4354,1.0,3.0,3.0,0.0,0.0,922.29,9.92,4,3,2,4,11,3,0,1,9,3,6.55
1006,22.15,146.37,4,25715.625,0.6239,0.8929374999999999,0.7262,1.0,4.0,4.0,0.0,0.0,922.29,10.15,4,3,8,4,11,3,0,0,9,3,0.98
1048,25.04,151.53,4,25715.625,0.7019,0.8929374999999999,0.8119,1.0,4.0,4.0,0.0,0.0,931.27,10.52,5,3,17,4,11,3,0,0,9,3,42.97
941,50.87,136.0,3,25715.625,0.8649,0.8929374999999999,1.0,1.0,3.0,3.0,0.0,0.0,931.27,10.77,5,4,23,4,11,3,0,1,9,3,36.8
869,23.22,114.34,2,27361.0,0.6263,0.95,0.6593,1.0,2.0,2.0,0.0,0.0,966.87,0.47,5,4,10,5,11,3,1,0,9,3,25.24
905,9.08,118.23,2,27556.0,0.257,0.9568,0.2686,1.0,2.0,2.0,0.0,0.0,966.87,0.61,5,4,14,5,11,3,1,0,9,3,22.0
1034,45.13,137.09,1,27152.0,0.9428,0.9428,1.0,1.0,1.0,1.0,0.0,0.0,966.87,0.98,5,4,23,5,11,3,1,1,9,3,13.0
946,31.72,122.03,2,27907.0,0.7926,0.969,0.818,1.0,2.0,2.0,0.0,0.0,966.87,1.44,5,4,10,6,11,3,1,0,9,3,2.09
934,15.59,119.12,1,28226.0,0.1969,0.9801,0.4017,1.0,2.0,1.0,0.0,0.0,993.58,1.85,6,4,20,6,11,3,1,0,9,3,19.47
918,30.18,122.05,4,27078.0,0.7097,0.9402,0.9435,1.0,5.0,4.0,0.0,0.0,993.58,2.52,5,4,12,0,12,3,0,0,9,3,3.35
917,9.87,127.48,3,25896.0,0.3095,0.8992,0.3442,1.0,3.0,3.0,0.0,0.0,993.58,2.74,6,4,17,0,12,3,0,0,9,3,99.74
1028,35.9,128.5,6,28800.0,0.953,1.0,0.953,1.0,6.0,6.0,0.0,0.0,1025.86,3.54,5,4,12,1,12,3,0,0,9,3,80.5
982,39.11,122.75,5,28800.0,1.0,1.0,1.0,1.0,5.0,5.0,0.0,0.0,1025.86,3.86,5,4,20,1,12,3,0,0,9,3,72.84
790,34.45,98.75,4,28800.0,0.7977,1.0,0.7977,1.0,5.0,5.0,0.0,0.0,1090.65,4.22,4,5,4,2,12,3,0,1,9,3,64.25
944,13.66,118.0,4,28800.0,0.337,1.0,0.337,1.0,4.0,4.0,0.0,0.0,1090.65,4.34,4,5,7,2,12,3,0,0,9,3,61.42
1050,45.83,131.25,5,28800.0,1.0,1.0,1.0,1.0,5.0,5.0,0.0,0.0,1090.65,4.87,4,5,20,2,12,3,0,0,9,3,48.64
823,10.29,102.88,5,28800.0,0.2826,1.0,0.2826,1.0,2.0,2.0,0.0,0.0,1090.65,5.19,4,5,4,3,12,3,0,1,9,3,40.89
921,19.77,115.12,5,28800.0,0.5261,1.0,0.5261,1.0,5.0,5.0,0.0,0.0,1090.65,5.43,4,5,9,3,12,3,0,0,9,3,35.29
997,38.88,124.62,6,28800.0,1.0,1.0,1.0,1.0,6.0,6.0,0.0,0.0,1090.65,5.62,4,5,14,3,12,3,0,0,9,3,30.64
969,33.39,121.12,2,28800.0,0.8438,1.0,0.8438,1.0,5.0,5.0,0.0,0.0,1090.65,6.23,4,5,5,4,12,3,0,1,9,3,16.09
869,34.95,111.13,5,28150.0,0.7427,0.9774,0.9119,1.0,6.0,5.0,0.0,0.0,1090.65,6.58,3,5,13,4,12,3,0,0,9,3,7.54
847,17.61,110.93,5,27488.0,0.4058,0.9544,0.4252,1.0,5.0,5.0,0.0,0.0,1090.65,6.63,3,5,14,4,12,3,0,0,9,3,6.47
1050,39.3,136.38,5,27717.0,0.9624,0.9624,1.0,1.0,5.0,5.0,0.0,0.0,1201.35,7.18,4,5,4,5,12,3,1,1,9,3,104.96
1050,42.14,131.25,5,28800.0,1.0,1.0,1.0,1.0,5.0,5.0,0.0,0.0,1201.35,7.52,3,5,12,5,12,3,1,0,9,3,96.84
827,29.02,103.38,3,28800.0,0.7506,1.0,0.7506,1.0,3.0,3.0,0.0,0.0,1201.35,7.82,3,5,19,5,12,3,1,0,9,3,89.66
972,21.03,121.5,5,28800.0,0.6615,1.0,0.6615,1.0,5.0,5.0,0.0,0.0,1201.35,7.94,3,5,22,5,12,3,1,1,9,3,86.67
919,20.8,114.88,6,28800.0,0.6175,1.0,0.6175,1.0,6.0,6.0,0.0,0.0,1201.35,8.5,3,5,11,6,12,3,1,0,9,3,73.42
942,28.43,117.75,3,28800.0,0.8776,1.0,0.8776,1.0,3.0,3.0,0.0,0.0,1201.35,8.72,2,5,16,6,12,3,1,0,9,3,68.11
874,39.46,109.25,4,28800.0,1.0,1.0,1.0,1.0,5.0,5.0,0.0,0.0,1201.35,9.13,2,5,2,0,13,3,0,1,9,3,58.14
1050,42.96,131.25,2,28800.0,0.6667,1.0,1.0,1.0,3.0,2.0,0.0,0.0,1201.35,9.42,2,5,9,0,13,3,0,0,9,3,51.24
991,38.9,123.88,5,28800.0,1.0,1.0,1.0,1.0,5.0,5.0,0.0,0.0,1201.35,9.73,1,5,17,0,13,3,0,0,9,3,43.87
998,31.14,124.75,5,28800.0,0.9765,1.0,0.9765,1.0,4.0,3.0,0.0,0.0,1201.35,10.05,1,5,0,1,13,3,0,1,9,3,36.16
985,12.93,123.12,2,28800.0,0.3786,1.0,0.3786,1.0,2.0,2.0,0.0,0.0,1201.35,10.45,1,5,10,1,13,3,0,0,9,3,26.56
971,21.18,121.38,4,28800.0,0.6001,1.0,0.6001,1.0,4.0,4.0,0.0,0.0,1201.35,10.89,1,5,20,1,13,3,0,0,9,3,15.99
1050,26.39,131.25,3,28800.0,0.6109,1.0,0.8145,1.0,3.0,3.0,0.0,0.0,1201.35,11.08,1,5,1,2,13,3,0,1,9,3,11.49
965,15.64,127.6,5,27225.0,0.3702,0.9453,0.47,1.0,6.0,5.0,0.0,0.0,1201.35,11.56,2,5,13,2,13,3,0,0,9,3,16.71
888,26.52,114.82,6,27843.0,0.7132,0.9668,0.7377,1.0,6.0,6.0,0.0,0.0,1216.94,11.79,2,5,18,2,13,3,0,0,9,3,11.22
983,27.11,128.42,3,27556.0,0.7649,0.9568,0.7994,1.0,3.0,3.0,0.0,0.0,1216.94,12.01,2,5,23,2,13,3,0,1,9,3,5.77
1050,16.08,145.16,4,26041.0,0.4812,0.9042,0.5322,1.0,4.0,4.0,0.0,0.0,1226.28,12.58,3,5,13,3,13,3,0,0,9,3,158.09
1050,11.67,145.01,5,26068.0,0.2858,0.9051,0.379,1.0,6.0,5.0,0.0,0.0,1226.28,12.73,3,5,17,3,13,3,0,0,9,3,154.37
1025,28.51,140.75,2,26217.0,0.7755,0.9103,0.8519,1.0,2.0,2.0,0.0,0.0,1246.47,13.23,4,6,5,4,13,3,0,1,9,3,142.49
1050,41.53,158.3,4,25715.625,0.8291,0.8929374999999999,1.0,1.0,4.0,4.0,0.0,0.0,1246.47,13.55,4,6,12,4,13,3,0,0,9,3,134.71
1050,19.03,148.91,3,25715.625,0.5272,0.8929374999999999,0.5981,1.0,3.0,3.0,0.0,0.0,1246.47,13.82,4,7,19,4,13,3,0,0,9,3,128.24
894,40.71,130.77,2,25715.625,0.8545,0.8929374999999999,1.0,1.0,2.0,2.0,0.0,0.0,1246.47,13.94,3,7,22,4,13,3,0,1,9,3,125.32
934,32.11,116.75,5,28800.0,0.9797,1.0,0.9797,1.0,5.0,5.0,0.0,0.0,1370.45,0.52,3,6,12,5,13,3,1,0,9,3,111.44
904,50.81,113.0,4,28800.0,1.0,1.0,1.0,1.0,4.0,4.0,0.0,0.0,1370.45,0.74,3,6,17,5,13,3,1,0,9,3,106.21
788,39.91,98.5,2,28800.0,1.0,1.0,1.0,1.0,6.0,5.0,0.0,0.0,1370.45,1.04,3,6,0,6,13,3,1,1,9,3,98.99
981,14.01,122.62,3,28800.0,0.4173,1.0,0.4173,1.0,3.0,3.0,0.0,0.0,1370.45,1.33,3,6,7,6,13,3,1,0,9,3,92.04
1050,30.28,131.25,4,28800.0,0.8316,1.0,0.8316,1.0,4.0,4.0,0.0,0.0,1370.45,1.82,3,6,19,6,13,3,1,0,9,3,80.32
900,41.31,112.5,5,28800.0,0.8333,1.0,1.0,1.0,6.0,6.0,0.0,0.0,1370.45,2.2,3,6,4,0,14,3,0,1,9,3,71.12
971,14.72,121.38,4,28800.0,0.4127,1.0,0.4127,1.0,4.0,4.0,0.0,0.0,1370.45,2.35,3,6,8,0,14,3,0,0,9,3,67.56
1050,12.87,131.25,4,28800.0,0.3799,1.0,0.3799,1.0,4.0,4.0,0.0,0.0,1370.45,2.69,3,6,16,0,14,3,0,0,9,3,59.34
995,27.61,124.38,6,28800.0,0.882,1.0,0.882,1.0,3.0,3.0,0.0,0.0,1370.45,3.09,3,6,1,1,14,3,0,1,9,3,49.86
1048,10.94,131.0,3,28800.0,0.3224,1.0,0.3224,1.0,3.0,3.0,0.0,0.0,1370.45,3.27,3,6,6,1,14,3,0,0,9,3,45.46
973,20.4,121.62,4,28800.0,0.6419,1.0,0.6419,1.0,4.0,4.0,0.0,0.0,1370.45,3.74,3,6,17,1,14,3,0,0,9,3,34.14
1026,21.83,128.25,3,28800.0,0.5921,1.0,0.5921,1.0,4.0,4.0,0.0,0.0,1370.45,4.05,3,5,0,2,14,4,0,1,9,3,26.67
869,16.86,108.62,3,28800.0,0.4043,1.0,0.4043,1.0,3.0,3.0,0.0,0.0,1370.45,4.4,3,5,9,2,14,4,0,0,9,3,18.34
911,21.24,113.88,3,28800.0,0.4645,1.0,0.6194,1.0,4.0,3.0,0.0,0.0,1370.45,4.91,2,5,21,2,14,4,0,0,9,3,6.22
1050,32.66,131.25,4,28800.0,1.0,1.0,1.0,1.0,4.0,4.0,0.0,0.0,1370.45,5.0,2,5,23,2,14,4,0,1,9,3,3.94
780,37.42,125.73,6,25715.625,0.7755,0.8929374999999999,1.0,1.0,6.0,6.0,0.0,0.0,1375.95,5.41,2,4,9,3,14,4,0,0,9,3,2.07
928,25.47,151.0,6,25715.625,0.6693,0.8929374999999999,0.8712,1.0,6.0,6.0,0.0,0.0,1484.68,5.69,3,4,16,3,14,4,0,0,9,3,105.5
1044,18.93,150.79,4,25715.625,0.5854,0.8929374999999999,0.6765,1.0,4.0,4.0,0.0,0.0,1484.68,6.07,2,4,1,4,14,4,0,1,9,3,96.39
976,9.56,122.0,6,28800.0,0.3145,1.0,0.3145,1.0,6.0,6.0,0.0,0.0,1484.68,6.53,2,4,12,4,14,4,0,0,9,3,85.45
940,51.99,117.5,4,28800.0,0.8,1.0,1.0,1.0,5.0,4.0,0.0,0.0,1484.68,6.61,2,4,14,4,14,4,0,0,9,3,83.32
1033,19.21,129.12,4,28800.0,0.6485,1.0,0.6485,1.0,1.0,0.0,0.0,0.0,1484.68,7.06,2,4,1,5,14,4,1,1,9,3,72.69
979,36.64,122.38,4,28800.0,1.0,1.0,1.0,1.0,4.0,4.0,0.0,0.0,1484.68,7.46,2,4,10,5,14,4,1,0,9,3,63.05
1050,17.53,131.25,6,28800.0,0.5753,1.0,0.5753,1.0,6.0,6.0,0.0,0.0,1484.68,7.91,2,4,21,5,14,4,1,0,9,3,52.12
998,27.87,124.75,0,28800.0,0.0,1.0,0.9315,1.0,4.0,4.0,0.0,0.0,1484.68,8.07,2,4,1,6,14,4,1,1,9,3,48.3
1050,11.38,131.25,5,28800.0,0.3602,1.0,0.3602,1.0,5.0,5.0,0.0,0.0,1484.68,8.27,2,4,6,6,14,4,1,0,9,3,43.69
1001,14.06,125.12,3,28800.0,0.3452,1.0,0.4602,1.0,4.0,3.0,0.0,0.0,1484.68,8.75,2,4,17,6,14,4,1,0,9,3,32.04
964,17.29,120.5,2,28800.0,0.5566,1.0,0.5566,1.0,2.0,2.0,0.0,0.0,1484.68,9.34,2,4,7,0,15,4,0,0,9,3,17.97
1050,11.32,131.25,5,28800.0,0.2883,1.0,0.346,1.0,6.0,5.0,0.0,0.0,1484.68,9.71,2,4,16,0,15,4,0,0,9,3,9.07
780,44.89,115.0,5,25715.625,0.8478,0.8929374999999999,1.0,1.0,5.0,5.0,0.0,0.0,1558.49,10.38,3,4,8,1,15,4,0,0,9,3,69.66
867,40.36,123.74,3,25715.625,0.8758,0.8929374999999999,1.0,1.0,3.0,3.0,0.0,0.0,1558.49,10.61,3,4,14,1,15,4,0,0,9,3,64.33
1003,40.73,141.36,5,25715.625,0.8869,0.8929374999999999,1.0,1.0,5.0,5.0,0.0,0.0,1558.49,11.05,3,4,0,2,15,4,0,1,9,3,53.76
894,13.89,111.75,3,28800.0,0.2512,1.0,0.3349,1.0,4.0,3.0,0.0,0.0,1558.49,11.56,3,4,13,2,15,4,0,0,9,3,41.51
889,10.88,111.12,3,28800.0,0.3016,1.0,0.3016,1.0,3.0,3.0,0.0,0.0,1558.49,11.75,3,4,17,2,15,4,0,0,9,3,36.89
1013,31.04,126.62,5,28800.0,0.8822,1.0,0.8822,1.0,6.0,6.0,0.0,0.0,1558.49,12.15,3,4,3,3,15,4,0,1,9,3,27.29
1050,32.92,131.25,4,28800.0,0.9293,1.0,0.9293,1.0,4.0,4.0,0.0,0.0,1558.49,12.35,2,4,8,3,15,4,0,0,9,3,22.48
1050,12.03,131.25,3,28800.0,0.3409,1.0,0.3409,1.0,3.0,3.0,0.0,0.0,1558.49,12.62,1,4,14,3,15,4,0,0,9,3,15.91
1020,12.32,127.5,6,28800.0,0.3375,1.0,0.3375,1.0,6.0,6.0,0.0,0.0,1558.49,13.0,1,4,23,3,15,4,0,1,9,3,6.98
997,31.99,128.79,6,27869.0,0.9677,0.9677,1.0,1.0,6.0,6.0,0.0,0.0,1599.11,13.48,2,4,11,4,15,4,0,0,9,3,194.91
886,35.1,114.97,6,27744.0,0.8398,0.9633,0.8718,1.0,6.0,6.0,0.0,0.0,1599.11,13.81,2,4,19,4,15,4,0,0,9,3,187.01
1003,19.43,127.25,1,28376.0,0.2854,0.9853,0.5793,1.0,6.0,6.0,0.0,0.0,1599.11,14.17,2,4,3,5,15,4,1,1,9,3,178.38
996,9.37,157.8,4,25715.625,0.278,0.8929374999999999,0.3524,1.0,4.0,4.0,0.0,0.0,1599.11,14.54,2,4,12,5,15,4,1,0,9,3,169.53
995,28.38,148.87,5,25715.625,0.8355,0.8929374999999999,1.0,1.0,5.0,5.0,0.0,0.0,1599.11,14.83,2,4,19,5,15,4,1,0,9,3,162.7
931,16.55,133.31,6,25715.625,0.5188,0.8929374999999999,0.5943,1.0,4.0,4.0,0.0,0.0,1754.03,0.01,2,5,3,6,15,4,1,1,9,3,154.7
852,29.17,106.5,3,28800.0,0.7526,1.0,0.7526,1.0,3.0,3.0,0.0,0.0,1754.03,0.37,2,5,12,6,15,4,1,0,9,3,146.1
970,27.51,121.25,2,28800.0,0.7194,1.0,0.7194,1.0,2.0,2.0,0.0,0.0,1754.03,0.65,2,5,18,6,15,4,1,0,9,3,139.41
745,43.31,93.12,4,28800.0,0.9701,1.0,0.9701,1.0,4.0,4.0,0.0,0.0,1754.03,0.87,2,4,0,0,16,4,0,1,9,3,134.13
958,27.04,119.75,3,28800.0,0.6995,1.0,0.6995,1.0,3.0,3.0,0.0,0.0,1754.03,1.22,2,4,8,0,16,4,0,0,9,3,125.6
987,46.38,123.38,6,28800.0,1.0,1.0,1.0,1.0,6.0,6.0,0.0,0.0,1754.03,1.47,2,4,14,0,16,4,0,0,9,3,119.51
974,23.21,121.75,4,28800.0,0.481,1.0,0.6013,1.0,5.0,4.0,0.0,0.0,1754.03,2.42,1,4,13,1,16,4,0,0,9,3,96.78
1050,26.09,131.25,4,28800.0,0.8356,1.0,0.8356,1.0,4.0,4.0,0.0,0.0,1754.03,2.69,1,4,19,1,16,4,0,0,9,3,90.3
1039,12.96,129.88,3,28800.0,0.3976,1.0,0.3976,1.0,3.0,3.0,0.0,0.0,1754.03,3.0,1,4,3,2,16,4,0,1,9,3,82.98
977,41.63,122.12,4,28800.0,1.0,1.0,1.0,1.0,4.0,4.0,0.0,0.0,1754.03,3.36,1,4,11,2,16,4,0,0,9,3,74.28
1005,11.62,125.62,4,28800.0,0.3005,1.0,0.3005,1.0,4.0,4.0,0.0,0.0,1754.03,3.76,1,4,21,2,16,4,0,0,9,3,64.7
929,14.02,116.12,3,28800.0,0.3461,1.0,0.3461,1.0,6.0,6.0,0.0,0.0,1754.03,3.93,1,4,1,3,16,4,0,1,9,3,60.51
1000,29.26,125.0,4,28800.0,0.9743,1.0,0.9743,1.0,4.0,4.0,0.0,0.0,1754.03,4.33,1,4,11,3,16,4,0,0,9,3,51.01
959,15.08,119.88,6,28800.0,0.4975,1.0,0.4975,1.0,6.0,6.0,0.0,0.0,1754.03,4.55,1,4,16,3,16,4,0,0,9,3,45.76
854,41.18,106.75,6,28800.0,1.0,1.0,1.0,1.0,3.0,3.0,0.0,0.0,1754.03,4.94,1,4,1,4,16,4,0,1,9,3,36.28
788,13.76,98.5,5,28800.0,0.2878,1.0,0.2878,1.0,5.0,5.0,0.0,0.0,1754.03,5.15,0,3,6,4,16,4,0,0,9,3,31.21
825,19.57,103.12,4,28800.0,0.4526,1.0,0.4526,1.0,4.0,4.0,0.0,0.0,1754.03,5.72,0,3,20,4,16,4,0,0,9,3,17.68
830,33.94,103.75,3,28800.0,0.9623,1.0,0.9623,1.0,3.0,3.0,0.0,0.0,1754.03,5.85,0,3,23,4,16,4,0,1,9,3,14.45
986,44.89,141.94,5,25715.625,0.8683,0.8929374999999999,1.0,1.0,5.0,5.0,0.0,0.0,1754.03,6.4,0,3,12,5,16,4,1,0,9,3,1.38
846,25.57,123.05,2,25715.625,0.7356,0.8929374999999999,0.8559,1.0,2.0,2.0,0.0,0.0,1754.03,6.49,1,3,15,5,16,4,1,0,9,3,33.54
962,50.21,138.38,3,25715.625,0.6518,0.8929374999999999,1.0,1.0,4.0,4.0,0.0,0.0,1785.69,6.97,2,3,2,6,16,4,1,1,9,3,22.21
722,33.4,90.25,2,28800.0,0.8135,1.0,0.8135,1.0,2.0,2.0,0.0,0.0,1785.69,7.2,2,3,8,6,16,4,1,0,9,3,16.58
960,38.36,120.0,4,28800.0,1.0,1.0,1.0,1.0,6.0,6.0,0.0,0.0,1785.69,8.08,3,3,5,0,17,4,0,1,9,3,161.69
1012,48.72,126.5,4,28800.0,0.8,1.0,1.0,1.0,5.0,4.0,0.0,0.0,1818.12,8.43,3,3,13,0,17,4,0,0,9,3,153.07
1015,41.01,126.88,3,28800.0,1.0,1.0,1.0,1.0,3.0,3.0,0.0,0.0,1818.12,8.55,3,3,16,0,17,4,0,0,9,3,150.2
970,22.8,121.25,6,28800.0,0.6638,1.0,0.6638,1.0,3.0,2.0,0.0,0.0,1818.12,9.05,3,3,4,1,17,4,0,1,9,3,138.39
1006,11.05,125.75,5,28800.0,0.2472,1.0,0.2966,1.0,6.0,5.0,0.0,0.0,1818.12,9.2,3,3,8,1,17,4,0,0,9,3,134.59
974,40.23,121.75,4,28800.0,1.0,1.0,1.0,1.0,4.0,4.0,0.0,0.0,1818.12,9.48,3,3,14,1,17,4,0,0,9,3,127.95
954,13.58,119.25,2,28800.0,0.2672,1.0,0.4008,1.0,5.0,5.0,0.0,0.0,1855.37,10.0,3,4,3,2,17,4,0,1,9,3,115.42
930,33.39,116.25,6,28800.0,0.9516,1.0,0.9516,1.0,6.0,6.0,0.0,0.0,1855.37,10.42,3,4,13,2,17,4,0,0,9,3,105.52
832,35.98,104.0,5,28800.0,1.0,1.0,1.0,1.0,5.0,5.0,0.0,0.0,1855.37,10.65,3,4,18,2,17,4,0,0,9,3,99.82
904,11.41,113.0,5,28800.0,0.2706,1.0,0.2706,1.0,6.0,6.0,0.0,0.0,1855.37,11.01,3,4,3,3,17,4,0,1,9,3,91.27
919,39.06,165.18,4,25715.625,0.5564,0.8929374999999999,1.0,1.0,5.0,4.0,0.0,0.0,1855.37,11.31,3,5,10,3,17,4,0,0,9,3,84.0
721,29.04,111.16,5,25715.625,0.4956,0.8929374999999999,0.7336,1.0,6.0,5.0,0.0,0.0,1888.8,0.18,3,5,18,3,17,4,0,0,9,3,76.29
924,19.81,145.43,6,25715.625,0.5114,0.8929374999999999,0.6439,1.0,3.0,3.0,0.0,0.0,1888.8,0.59,3,5,4,4,17,4,0,1,9,3,66.5
863,29.51,128.84,3,25715.625,0.6961,0.8929374999999999,0.8314,1.0,3.0,3.0,0.0,0.0,1888.8,0.79,3,5,8,4,17,4,0,0,9,3,61.74
986,16.31,145.12,6,25715.625,0.4917,0.8929374999999999,0.5789,1.0,6.0,6.0,0.0,0.0,1888.8,1.23,3,5,19,4,17,4,0,0,9,3,51.02
1034,10.2,153.89,3,25715.625,0.3655,0.8929374999999999,0.4352,1.0,3.0,3.0,0.0,0.0,1931.83,0.01,3,6,4,5,17,4,1,1,9,3,42.72
762,10.63,95.25,3,28800.0,0.2572,1.0,0.2572,1.0,3.0,3.0,0.0,0.0,1931.83,0.11,3,6,6,5,17,4,1,0,9,3,40.34
720,17.92,90.0,2,28800.0,0.4338,1.0,0.4338,1.0,2.0,2.0,0.0,0.0,1931.83,0.54,2,6,16,5,17,4,1,0,9,3,30.02
952,29.66,119.0,3,28800.0,0.878,1.0,0.878,1.0,3.0,3.0,0.0,0.0,1931.83,1.08,1,5,5,6,17,4,1,1,9,3,17.0
969,34.59,135.57,5,25732.0,0.8935,0.8935,1.0,1.0,5.0,5.0,0.0,0.0,1931.83,1.48,1,5,15,6,17,4,1,0,9,3,7.49
1035,43.0,141.66,3,26302.0,0.9133,0.9133,1.0,1.0,4.0,4.0,0.0,0.0,1931.83,1.85,2,4,0,0,18,4,0,1,9,3,62.26
1036,24.28,131.84,2,28289.0,0.7742,0.9823,0.7881,1.0,2.0,2.0,0.0,0.0,1993.0,0.03,1,5,6,0,18,4,0,0,9,3,55.52
1050,21.43,133.8,4,28252.0,0.669,0.981,0.682,1.0,4.0,4.0,0.0,0.0,1993.0,0.54,1,5,19,0,18,4,0,0,9,3,43.12
959,27.58,119.88,2,28800.0,0.8208,1.0,0.8208,1.0,2.0,2.0,0.0,0.0,1993.0,1.24,1,5,11,1,18,4,0,0,9,3,26.39
941,9.5,117.62,6,28800.0,0.283,1.0,0.283,1.0,6.0,6.0,0.0,0.0,1993.0,1.54,1,5,19,1,18,4,0,0,9,3,19.17
963,13.29,120.38,4,28800.0,0.3658,1.0,0.3658,1.0,7.0,7.0,0.0,0.0,1993.0,1.79,1,5,1,2,18,4,0,1,9,3,13.31
764,32.42,99.04,3,27770.0,0.655,0.9642,0.6793,1.0,3.0,3.0,0.0,0.0,1993.0,2.27,1,5,12,2,18,4,0,0,9,3,1.61
896,40.09,116.51,2,27685.0,0.9613,0.9613,1.0,1.0,2.0,2.0,0.0,0.0,1993.0,2.36,2,5,14,2,18,4,0,0,9,3,16.7
1049,26.71,135.49,7,27873.0,0.9055,0.9678,0.9356,1.0,3.0,3.0,0.0,0.0,2009.03,2.82,2,5,1,3,18,4,0,1,9,3,5.71
1002,14.2,134.04,4,26911.0,0.367,0.9344,0.3928,1.0,4.0,4.0,0.0,0.0,2009.03,3.04,2,5,7,3,18,4,0,0,9,3,0.28
1050,22.71,137.37,5,27516.0,0.8119,0.9554,0.8498,1.0,5.0,5.0,0.0,0.0,2089.52,3.63,3,5,21,3,18,4,0,0,9,3,129.09
946,34.57,125.21,3,27200.0,0.9444,0.9444,1.0,1.0,5.0,5.0,0.0,0.0,2089.52,3.78,3,5,0,4,18,5,0,1,9,3,125.45
1024,22.81,128.0,3,28800.0,0.757,1.0,0.757,1.0,3.0,3.0,0.0,0.0,2089.52,4.31,3,5,13,4,18,5,0,0,9,3,112.67
980,23.93,122.5,5,28800.0,0.7078,1.0,0.7078,1.0,5.0,5.0,0.0,0.0,2089.52,4.61,3,5,20,4,18,5,0,0,9,3,105.42
1050,10.78,131.25,5,28800.0,0.3059,1.0,0.3059,1.0,5.0,5.0,0.0,0.0,2089.52,4.67,3,5,22,4,18,5,0,1,9,3,104.04
901,35.39,112.62,3,28800.0,0.9511,1.0,0.9511,1.0,3.0,3.0,0.0,0.0,2089.52,5.31,3,5,13,5,18,5,1,0,9,3,88.8
933,10.46,116.62,2,28800.0,0.3372,1.0,0.3372,1.0,2.0,2.0,0.0,0.0,2089.52,5.57,3,5,19,5,18,5,1,0,9,3,82.35
919,31.81,114.88,3,28800.0,0.7563,1.0,0.7563,1.0,1.0,1.0,0.0,0.0,2089.52,5.81,3,5,1,6,18,5,1,1,9,3,76.7
970,37.46,126.36,6,27635.0,0.9595,0.9595,1.0,1.0,6.0,6.0,0.0,0.0,2089.52,6.24,3,5,11,6,18,5,1,0,9,3,66.4
972,51.45,126.14,4,27741.0,0.7706,0.9632,1.0,1.0,5.0,4.0,0.0,0.0,2149.56,6.53,4,5,18,6,18,5,1,0,9,3,59.3
795,21.33,103.27,1,27715.0,0.5173,0.9623,0.5376,1.0,2.0,1.0,0.0,0.0,2149.56,6.75,3,5,0,0,19,5,0,1,9,3,54.04
1050,18.06,131.25,3,28800.0,0.5921,1.0,0.5921,1.0,3.0,3.0,0.0,0.0,2149.56,7.16,3,5,9,0,19,5,0,0,9,3,44.34
1048,10.39,131.0,2,28800.0,0.3577,1.0,0.3577,1.0,2.0,2.0,0.0,0.0,2149.56,7.54,3,5,19,0,19,5,0,0,9,3,35.12
1050,24.57,131.25,1,28800.0,0.3782,1.0,0.7565,1.0,5.0,5.0,0.0,0.0,2149.56,7.98,3,5,5,1,19,5,0,1,9,3,24.67
863,14.08,107.88,4,28800.0,0.2958,1.0,0.3698,1.0,5.0,4.0,0.0,0.0,2149.56,8.15,3,5,9,1,19,5,0,0,9,3,20.64
1001,23.81,125.12,5,28800.0,0.6343,1.0,0.6343,1.0,5.0,5.0,0.0,0.0,2149.56,8.55,3,5,19,1,19,5,0,0,9,3,11.04
975,33.63,121.88,5,28800.0,1.0,1.0,1.0,1.0,3.0,3.0,0.0,0.0,2149.56,8.86,3,5,2,2,19,5,0,1,9,3,3.52
912,45.41,147.44,4,25715.625,0.7732,0.8929374999999999,1.0,1.0,4.0,4.0,0.0,0.0,2149.56,9.09,4,5,8,2,19,5,0,0,9,3,10.27
1050,13.13,158.03,6,25715.625,0.4303,0.8929374999999999,0.518,1.0,6.0,6.0,0.0,0.0,2158.53,9.47,3,5,17,2,19,5,0,0,9,3,1.25
1050,36.92,162.82,3,25715.625,0.8061,0.8929374999999999,1.0,1.0,6.0,6.0,0.0,0.0,2186.43,9.85,4,5,2,3,19,5,0,1,9,3,21.34
1050,35.14,159.64,2,25715.625,0.8222,0.8929374999999999,1.0,1.0,2.0,2.0,0.0,0.0,2186.43,10.25,3,5,12,3,19,5,0,0,9,3,11.59
900,36.7,130.19,4,25715.625,0.8641,0.8929374999999999,1.0,1.0,4.0,4.0,0.0,0.0,2186.43,10.42,3,5,16,3,19,5,0,0,9,3,7.52
1015,22.15,154.17,6,25715.625,0.6062,0.8929374999999999,0.7366,1.0,5.0,5.0,0.0,0.0,2272.67,10.88,4,5,3,4,19,5,0,1,9,3,85.68
1043,15.74,130.38,6,28800.0,0.4487,1.0,0.4487,1.0,6.0,6.0,0.0,0.0,2272.67,11.0,4,5,6,4,19,5,0,0,9,3,82.86
1024,25.11,128.0,5,28800.0,0.7957,1.0,0.7957,1.0,5.0,5.0,0.0,0.0,2272.67,11.42,4,5,16,4,19,5,0,0,9,3,72.74
1018,18.29,127.25,5,28800.0,0.6041,1.0,0.6041,1.0,1.0,1.0,0.0,0.0,2272.67,11.87,4,5,2,5,19,5,1,1,9,3,61.98
817,22.74,102.12,4,28800.0,0.4931,1.0,0.6164,1.0,5.0,4.0,0.0,0.0,2272.67,12.29,4,5,13,5,19,5,1,0,9,3,51.79
910,25.39,113.75,3,28800.0,0.644,1.0,0.644,1.0,3.0,3.0,0.0,0.0,2272.67,12.52,4,5,18,5,19,5,1,0,9,3,46.16
930,26.95,116.25,1,28800.0,0.6652,1.0,0.6652,1.0,5.0,4.0,0.0,0.0,2272.67,12.84,4,5,2,6,19,5,1,1,9,3,38.63
783,29.89,97.88,6,28800.0,0.7243,1.0,0.7243,1.0,6.0,6.0,0.0,0.0,2272.67,13.06,4,5,7,6,19,5,1,0,9,3,33.21
951,37.12,118.88,4,28800.0,1.0,1.0,1.0,1.0,4.0,4.0,0.0,0.0,2272.67,13.65,3,5,21,6,19,5,1,0,9,3,19.14
1000,42.03,125.0,4,28800.0,0.8,1.0,1.0,1.0,5.0,4.0,0.0,0.0,2272.67,13.67,3,5,22,6,19,5,1,1,9,3,18.59
932,38.56,125.4,6,26756.0,0.929,0.929,1.0,1.0,6.0,6.0,0.0,0.0,2272.67,14.17,3,5,10,0,20,5,0,0,9,3,6.59
966,40.2,126.23,4,27550.0,0.9566,0.9566,1.0,1.0,4.0,4.0,0.0,0.0,2327.2,14.65,4,5,21,0,20,5,0,0,9,3,50.99
904,46.18,120.76,2,26950.0,0.6239,0.9358,1.0,1.0,5.0,4.0,0.0,0.0,2327.2,14.85,4,4,2,1,20,5,0,1,9,3,46.07
1050,38.28,131.25,4,28800.0,1.0,1.0,1.0,1.0,4.0,4.0,0.0,0.0,2327.2,15.06,4,4,7,1,20,5,0,0,9,3,41.07
1017,26.72,127.12,3,28800.0,0.6298,1.0,0.8397,1.0,4.0,3.0,0.0,0.0,2327.2,15.36,4,4,14,1,20,5,0,0,9,3,33.87
1029,26.68,128.62,4,28800.0,0.6151,1.0,0.7689,1.0,4.0,3.0,0.0,0.0,2327.2,15.86,4,4,2,2,20,5,0,1,9,3,21.86
950,24.67,118.75,2,28800.0,0.8009,1.0,0.8009,1.0,2.0,2.0,0.0,0.0,2327.2,16.21,3,4,11,2,20,5,0,0,9,3,13.49
937,46.18,117.12,4,28800.0,1.0,1.0,1.0,1.0,4.0,4.0,0.0,0.0,2327.2,16.34,3,4,14,2,20,5,0,0,9,3,10.22
975,19.2,121.88,3,28800.0,0.3872,1.0,0.5163,1.0,4.0,4.0,0.0,0.0,2369.83,16.97,3,4,5,3,20,5,0,1,9,3,155.9
922,32.49,128.35,2,25861.0,0.898,0.898,1.0,1.0,2.0,2.0,0.0,0.0,2369.83,17.04,3,4,7,3,20,5,0,0,9,3,154.15
879,38.47,130.74,4,25715.625,0.8404,0.8929374999999999,1.0,1.0,4.0,4.0,0.0,0.0,2369.83,17.42,3,4,16,3,20,5,0,0,9,3,145.08
875,14.24,125.19,4,25715.625,0.4102,0.8929374999999999,0.4695,1.0,5.0,5.0,0.0,0.0,2369.83,17.81,2,4,1,4,20,5,0,1,9,3,135.7
990,41.93,172.42,3,25715.625,0.7177,0.8929374999999999,1.0,1.0,3.0,3.0,0.0,0.0,2369.83,18.24,2,4,11,4,20,5,0,0,9,3,125.51
1050,38.46,173.66124,5,25715.625,0.7139,0.8929374999999999,1.0,1.0,5.0,5.0,0.0,0.0,2369.83,18.54,2,4,19,4,20,5,0,0,9,3,118.1
1005,17.9,158.57,5,25715.625,0.6002,0.8929374999999999,0.7576,1.0,7.0,7.0,0.0,0.0,2479.42,0.04,2,5,4,5,20,5,1,1,9,3,108.58
1027,14.53,128.38,6,28800.0,0.4604,1.0,0.4604,1.0,6.0,6.0,0.0,0.0,2479.42,0.3,2,5,10,5,20,5,1,0,9,3,102.43
981,31.74,122.62,4,28800.0,0.8192,1.0,0.8192,1.0,4.0,4.0,0.0,0.0,2479.42,0.46,2,5,14,5,20,5,1,0,9,3,98.48
959,42.98,119.88,7,28800.0,1.0,1.0,1.0,1.0,5.0,5.0,0.0,0.0,2479.42,1.05,2,5,4,6,20,5,1,1,9,3,84.43
810,34.46,101.25,2,28800.0,0.7692,1.0,0.7692,1.0,2.0,2.0,0.0,0.0,2479.42,1.55,2,5,16,6,20,5,1,0,9,3,72.35
1050,49.78,131.25,5,28800.0,1.0,1.0,1.0,1.0,5.0,5.0,0.0,0.0,2479.42,1.8,2,5,23,6,20,5,1,1,9,3,66.28
944,8.92,118.0,3,28800.0,0.2743,1.0,0.2743,1.0,3.0,3.0,0.0,0.0,2479.42,2.32,2,5,11,0,21,5,0,0,9,3,53.85
879,34.5,109.88,3,28800.0,0.89,1.0,0.89,1.0,3.0,3.0,0.0,0.0,2479.42,2.47,2,5,14,0,21,5,0,0,9,3,50.4
1050,33.82,131.25,4,28800.0,1.0,1.0,1.0,1.0,6.0,5.0,0.0,0.0,2479.42,2.98,1,5,3,1,21,5,0,1,9,3,38.18
960,25.92,120.0,3,28800.0,0.777,1.0,0.777,1.0,3.0,3.0,0.0,0.0,2479.42,3.3,1,5,10,1,21,5,0,0,9,3,30.46
879,27.06,109.88,2,28800.0,0.7697,1.0,0.7697,1.0,2.0,2.0,0.0,0.0,2479.42,3.59,1,5,17,1,21,5,0,0,9,3,23.38
1011,32.09,126.38,5,28800.0,0.8333,1.0,1.0,1.0,3.0,3.0,0.0,0.0,2479.42,3.94,1,5,2,2,21,5,0,1,9,3,14.95
1034,41.67,156.67,2,25715.625,0.825,0.8929374999999999,1.0,1.0,2.0,2.0,0.0,0.0,2479.42,4.21,1,5,8,2,21,5,0,0,9,3,8.51
809,24.62,119.18,4,25715.625,0.5727,0.8929374999999999,0.675,1.0,4.0,4.0,0.0,0.0,2610.62,4.73,2,5,21,2,21,5,0,0,9,3,131.06
1050,47.75,167.74,3,25715.625,0.7825,0.8929374999999999,1.0,1.0,3.0,2.0,0.0,0.0,2610.62,4.99,1,5,3,3,21,5,0,1,9,3,124.66
921,24.75,115.12,4,28800.0,0.5595,1.0,0.6994,1.0,5.0,4.0,0.0,0.0,2610.62,5.32,1,5,11,3,21,5,0,0,9,3,116.76
920,23.04,115.0,6,28800.0,0.6657,1.0,0.6657,1.0,6.0,6.0,0.0,0.0,2610.62,5.48,1,5,15,3,21,5,0,0,9,3,112.91
960,45.26,120.0,2,28800.0,0.6667,1.0,1.0,1.0,3.0,2.0,0.0,0.0,2610.62,5.99,1,4,3,4,21,5,0,1,9,3,100.76
818,22.52,102.25,3,28800.0,0.5516,1.0,0.5516,1.0,3.0,3.0,0.0,0.0,2610.62,6.37,1,4,12,4,21,5,0,0,9,3,91.71
939,23.63,117.38,6,28800.0,0.6902,1.0,0.6902,1.0,6.0,6.0,0.0,0.0,2610.62,6.45,1,4,14,4,21,5,0,0,9,3,89.81
1050,30.25,131.25,2,28800.0,0.6655,1.0,0.9982,1.0,3.0,2.0,0.0,0.0,2610.62,6.81,1,4,23,4,21,5,0,1,9,3,81.11
1015,9.68,126.88,3,28800.0,0.2437,1.0,0.3249,1.0,4.0,3.0,0.0,0.0,2610.62,7.16,1,4,7,5,21,5,1,0,9,3,72.61
1029,38.76,128.62,5,28800.0,1.0,1.0,1.0,1.0,1.0,1.0,0.0,0.0,2610.62,7.92,1,3,1,6,21,5,1,1,9,3,54.43
946,22.46,118.25,2,28800.0,0.5995,1.0,0.5995,1.0,2.0,2.0,0.0,0.0,2610.62,8.42,1,3,13,6,21,5,1,0,9,3,42.41
932,32.89,116.5,3,28800.0,0.5951,1.0,0.7935,1.0,4.0,3.0,0.0,0.0,2610.62,8.47,1,3,15,6,21,5,1,0,9,3,41.21
983,44.96,122.88,1,28800.0,1.0,1.0,1.0,1.0,6.0,6.0,0.0,0.0,2610.62,9.05,1,2,4,0,22,5,0,1,9,3,27.28
1050,40.07,131.25,5,28800.0,1.0,1.0,1.0,1.0,5.0,5.0,0.0,0.0,2610.62,9.31,1,2,11,0,22,5,0,0,9,3,21.13
934,23.92,116.75,6,28800.0,0.6152,1.0,0.6152,1.0,6.0,6.0,0.0,0.0,2610.62,9.52,1,2,16,0,22,5,0,0,9,3,15.98
1000,27.37,125.0,6,28800.0,0.8115,1.0,0.8115,1.0,1.0,1.0,0.0,0.0,2610.62,9.87,1,2,0,1,22,5,0,1,9,3,7.51
878,8.35,123.39,2,25715.625,0.249,0.8929374999999999,0.28,1.0,2.0,2.0,0.0,0.0,2610.62,10.13,1,2,6,1,22,5,0,0,9,3,1.33
1050,10.56,141.37,6,26738.0,0.3544,0.9284,0.3817,1.0,6.0,6.0,0.0,0.0,2668.87,10.47,2,2,15,1,22,5,0,0,9,3,53.64
937,38.92,130.53,1,25842.0,0.8973,0.8973,1.0,1.0,5.0,5.0,0.0,0.0,2668.87,10.93,2,2,2,2,22,5,0,1,9,3,42.61
835,22.85,104.38,2,28800.0,0.4398,1.0,0.6596,1.0,3.0,2.0,0.0,0.0,2668.87,11.21,2,1,8,2,22,5,0,0,9,3,35.91
959,11.77,119.88,5,28800.0,0.3716,1.0,0.3716,1.0,5.0,5.0,0.0,0.0,2668.87,11.72,1,1,21,2,22,5,0,0,9,3,23.64
952,34.38,119.0,5,28800.0,0.8713,1.0,0.8713,1.0,4.0,4.0,0.0,0.0,2668.87,11.85,1,1,0,3,22,5,0,1,9,3,20.59
884,39.92,115.42,5,27573.0,0.9574,0.9574,1.0,1.0,5.0,5.0,0.0,0.0,2668.87,12.12,1,1,6,3,22,5,0,0,9,3,14.21
1014,23.09,132.36,2,27579.0,0.745,0.9576,0.778,1.0,2.0,2.0,0.0,0.0,2668.87,12.57,1,1,17,3,22,5,0,0,9,3,3.37
1018,18.02,132.36,4,27689.0,0.5815,0.9614,0.6048,1.0,8.0,8.0,0.0,0.0,2732.36,13.02,2,1,4,4,22,5,0,1,9,3,57.36
1019,19.82,127.38,5,28800.0,0.5987,1.0,0.5987,1.0,5.0,5.0,0.0,0.0,2732.36,13.19,2,1,8,4,22,5,0,0,9,3,53.16
770,29.09,96.25,2,28800.0,0.7002,1.0,0.7002,1.0,2.0,2.0,0.0,0.0,2732.36,13.63,2,1,18,4,22,5,0,0,9,3,42.68
1014,25.19,126.75,8,28800.0,0.714,1.0,0.714,1.0,4.0,4.0,0.0,0.0,2732.36,13.98,2,1,3,5,22,5,1,1,9,3,34.21
887,34.59,110.88,5,28800.0,1.0,1.0,1.0,1.0,5.0,5.0,0.0,0.0,2732.36,14.32,2,1,11,5,22,5,1,0,9,3,26.05
1037,43.92,129.62,2,28800.0,0.6667,1.0,1.0,1.0,3.0,2.0,0.0,0.0,2732.36,14.49,2,1,15,5,22,5,1,0,9,3,22.11
964,19.74,120.5,4,28800.0,0.569,1.0,0.569,1.0,4.0,4.0,0.0,0.0,2732.36,14.89,2,1,0,6,22,5,1,1,9,3,12.56
1039,14.89,140.27,2,26666.0,0.4921,0.9259,0.5315,1.0,2.0,2.0,0.0,0.0,2732.36,15.14,2,1,7,6,22,5,1,0,9,3,6.36
921,28.49,121.51,1,27287.0,0.4218,0.9475,0.8904,1.0,2.0,1.0,0.0,0.0,2732.36,15.47,3,1,15,6,22,5,1,0,9,3,46.49
876,37.97,109.5,4,28800.0,0.7772,1.0,0.9715,1.0,5.0,4.0,0.0,0.0,2778.51,16.22,3,1,9,0,23,6,0,0,9,3,28.49
1050,16.7,131.25,6,28800.0,0.5265,1.0,0.5265,1.0,6.0,6.0,0.0,0.0,2778.51,16.62,3,1,18,0,23,6,0,0,9,3,18.92
897,42.99,112.12,6,28800.0,1.0,1.0,1.0,1.0,3.0,3.0,0.0,0.0,2778.51,17.02,3,1,4,1,23,6,0,1,9,3,9.37
1050,32.78,134.44,4,28116.0,0.9762,0.9762,1.0,1.0,4.0,4.0,0.0,0.0,2778.51,17.19,2,1,8,1,23,6,0,0,9,3,5.27
943,36.31,120.91,6,28077.0,0.9064,0.9749,0.9297,1.0,6.0,6.0,0.0,0.0,2830.05,17.51,3,1,16,1,23,6,0,0,9,3,147.5
840,19.11,107.77,3,28059.0,0.4781,0.9743,0.4907,1.0,1.0,1.0,0.0,0.0,2830.05,18.03,3,1,4,2,23,6,0,1,9,3,135.11
1050,32.55,131.25,5,28800.0,0.9403,1.0,0.9403,1.0,5.0,5.0,0.0,0.0,2830.05,18.24,3,1,9,2,23,6,0,0,9,3,130.06
1050,27.89,131.25,3,28800.0,0.6554,1.0,0.8739,1.0,4.0,3.0,0.0,0.0,2830.05,18.47,3,1,15,2,23,6,0,0,9,3,124.48
981,31.59,122.62,1,28800.0,0.9657,1.0,0.9657,1.0,2.0,2.0,0.0,0.0,2830.05,18.98,3,1,3,3,23,6,0,1,9,3,112.33
891,35.97,113.29,4,28313.0,0.9826,0.9831,0.9995,1.0,4.0,4.0,0.0,0.0,2830.05,19.21,3,1,8,3,23,6,0,0,9,3,106.75
929,11.89,119.74,2,27931.0,0.3578,0.9698,0.3689,1.0,2.0,2.0,0.0,0.0,2853.22,19.63,3,1,18,3,23,6,0,0,9,3,96.71
847,46.58,107.39,2,28395.0,0.9859,0.9859,1.0,1.0,6.0,6.0,0.0,0.0,2853.22,20.03,2,1,4,4,23,6,0,1,9,3,87.08
951,27.17,122.96,6,27843.0,0.6879,0.9668,0.7115,1.0,6.0,6.0,0.0,0.0,2853.22,20.31,2,1,11,4,23,6,0,0,9,3,80.26
964,15.12,129.5,2,26798.0,0.408,0.9305,0.4385,1.0,2.0,2.0,0.0,0.0,2922.46,0.08,2,2,20,4,23,6,0,0,9,3,71.28
1050,45.55,137.78,6,27435.0,0.9526,0.9526,1.0,1.0,6.0,6.0,0.0,0.0,2922.46,0.2,2,2,23,4,23,6,0,1,9,3,68.31
1050,28.1,131.25,2,28800.0,0.8349,1.0,0.8349,1.0,2.0,2.0,0.0,0.0,2922.46,0.72,2,2,11,5,23,6,1,0,9,3,55.88
1023,38.0,127.88,6,28800.0,1.0,1.0,1.0,1.0,6.0,6.0,0.0,0.0,2922.46,1.09,2,2,20,5,23,6,1,0,9,3,47.11
938,11.69,117.25,4,28800.0,0.3192,1.0,0.3192,1.0,4.0,4.0,0.0,0.0,2922.46,1.44,2,2,4,6,23,6,1,1,9,3,38.61
1050,34.7,131.25,3,28800.0,1.0,1.0,1.0,1.0,3.0,3.0,0.0,0.0,2922.46,1.67,2,2,10,6,23,6,1,0,9,3,33.2
802,23.82,100.25,6,28800.0,0.6126,1.0,0.6126,1.0,6.0,6.0,0.0,0.0,2922.46,1.94,1,2,16,6,23,6,1,0,9,3,26.6
1039,15.97,129.88,4,28800.0,0.531,1.0,0.531,1.0,4.0,4.0,0.0,0.0,2922.46,2.23,1,2,23,6,23,6,1,1,9,3,19.7
1050,44.53,155.72,3,25715.625,0.8428,0.8929374999999999,1.0,1.0,3.0,3.0,0.0,0.0,2922.46,2.79,1,2,13,0,24,6,0,0,9,3,6.23
1050,31.97,173.66124,5,25715.625,0.7401,0.8929374999999999,1.0,1.0,5.0,5.0,0.0,0.0,2924.46,0.03,1,3,18,0,24,6,0,0,9,3,1.25
986,30.32,142.06,2,25715.625,0.5784,0.8929374999999999,1.0,1.0,5.0,5.0,0.0,0.0,2995.11,0.43,2,3,3,1,24,6,0,1,9,3,66.07
851,35.77,106.38,4,28800.0,0.7845,1.0,0.7845,1.0,4.0,4.0,0.0,0.0,2995.11,0.59,2,3,7,1,24,6,0,0,9,3,62.32
945,27.54,118.12,2,28800.0,0.737,1.0,0.737,1.0,2.0,2.0,0.0,0.0,2995.11,1.11,1,3,20,1,24,6,0,0,9,3,49.97
891,17.61,111.38,5,28800.0,0.4938,1.0,0.4938,1.0,6.0,5.0,0.0,0.0,2995.11,1.4,1,3,3,2,24,6,0,1,9,3,42.9
948,29.46,118.5,4,28800.0,0.843,1.0,0.843,1.0,4.0,4.0,0.0,0.0,2995.11,1.84,1,3,13,2,24,6,0,0,9,3,32.25
1011,24.18,126.38,3,28800.0,0.754,1.0,0.754,1.0,3.0,3.0,0.0,0.0,2995.11,2.14,1,3,20,2,24,6,0,0,9,3,25.13
972,42.88,121.5,5,28800.0,0.8333,1.0,1.0,1.0,6.0,5.0,0.0,0.0,2995.11,2.2,1,3,22,2,24,6,0,1,9,3,23.73
872,21.29,126.51,2,25715.625,0.4987,0.8929374999999999,0.5788,1.0,2.0,2.0,0.0,0.0,2995.11,2.52,1,3,6,3,24,6,0,0,9,3,16.0
951,22.47,142.45,3,25715.625,0.7404,0.8929374999999999,0.8872,1.0,3.0,3.0,0.0,0.0,2995.11,3.03,1,3,18,3,24,6,0,0,9,3,3.7
1008,43.75,149.05,4,25715.625,0.6762,0.8929374999999999,1.0,1.0,7.0,6.0,0.0,0.0,2995.11,3.32,2,3,1,4,24,6,0,1,9,3,174.83
932,31.28,116.5,5,28800.0,0.795,1.0,0.954,1.0,6.0,5.0,0.0,0.0,3088.88,3.58,2,3,7,4,24,6,0,0,9,3,168.4
947,40.62,118.38,1,28800.0,0.5,1.0,1.0,1.0,2.0,1.0,0.0,0.0,3088.88,3.91,2,3,15,4,24,6,0,0,9,3,160.55
1050,26.27,131.25,6,28800.0,0.7387,1.0,0.8619,1.0,6.0,6.0,0.0,0.0,3088.88,4.44,2,3,4,5,24,6,1,1,9,3,147.82
1026,34.28,128.25,2,28800.0,0.9715,1.0,0.9715,1.0,2.0,2.0,0.0,0.0,3088.88,4.66,2,3,9,5,24,6,1,0,9,3,142.58
985,12.02,123.12,2,28800.0,0.3348,1.0,0.3348,1.0,2.0,2.0,0.0,0.0,3088.88,5.14,2,3,20,5,24,6,1,0,9,3,131.15
799,42.15,99.88,6,28800.0,1.0,1.0,1.0,1.0,6.0,6.0,0.0,0.0,3088.88,5.25,2,3,23,5,24,6,1,1,9,3,128.53
889,27.46,111.12,3,28800.0,0.7384,1.0,0.7384,1.0,3.0,3.0,0.0,0.0,3088.88,6.08,2,3,19,6,24,6,1,0,9,3,108.47
855,23.54,106.88,4,28800.0,0.6199,1.0,0.6199,1.0,5.0,5.0,0.0,0.0,3088.88,6.33,2,2,1,0,25,6,0,1,9,3,102.57
974,41.15,123.57,4,28376.0,0.9853,0.9853,1.0,1.0,4.0,4.0,0.0,0.0,3088.88,6.66,2,2,9,0,25,6,0,0,9,3,94.68
930,21.62,119.1,2,28112.0,0.6181,0.9761,0.6332,1.0,2.0,2.0,0.0,0.0,3088.88,6.9,2,2,15,0,25,6,0,0,9,3,88.9
950,31.18,120.15,5,28465.0,0.8379,0.9884,0.8477,1.0,4.0,4.0,0.0,0.0,3168.76,7.48,1,2,5,1,25,6,0,1,9,3,74.85
918,17.23,114.75,5,28800.0,0.4364,1.0,0.5237,1.0,6.0,5.0,0.0,0.0,3168.76,7.66,1,2,9,1,25,6,0,0,9,3,70.57
918,37.88,114.75,4,28800.0,0.7522,1.0,0.9403,1.0,5.0,4.0,0.0,0.0,3168.76,8.04,1,2,18,1,25,6,0,0,9,3,61.55
916,13.12,114.5,4,28800.0,0.4014,1.0,0.4014,1.0,6.0,5.0,0.0,0.0,3168.76,8.44,1,2,4,2,25,6,0,1,9,3,51.77
1050,27.65,131.25,5,28800.0,0.8488,1.0,0.8488,1.0,5.0,5.0,0.0,0.0,3168.76,8.59,1,2,7,2,25,6,0,0,9,3,48.25
835,34.72,104.38,6,28800.0,0.7759,1.0,0.7759,1.0,6.0,6.0,0.0,0.0,3168.76,9.13,1,2,20,2,25,6,0,0,9,3,35.42
1050,32.59,131.25,5,28800.0,0.8257,1.0,0.9909,1.0,5.0,4.0,0.0,0.0,3168.76,9.46,1,2,4,3,25,6,0,1,9,3,27.37
1042,13.4,130.25,2,28800.0,0.3944,1.0,0.3944,1.0,2.0,2.0,0.0,0.0,3168.76,9.59,1,2,7,3,25,6,0,0,9,3,24.15
861,37.94,107.62,2,28800.0,0.9612,1.0,0.9612,1.0,2.0,2.0,0.0,0.0,3168.76,9.87,1,2,14,3,25,6,0,0,9,3,17.5
933,43.72,116.62,4,28800.0,0.8,1.0,1.0,1.0,8.0,8.0,0.0,0.0,3168.76,10.37,0,2,2,4,25,6,0,1,9,3,5.55
997,12.97,155.01,5,25715.625,0.3318,0.8929374999999999,0.4952,1.0,6.0,5.0,0.0,0.0,3168.76,10.7,1,2,10,4,25,6,0,0,9,3,78.11
1031,38.53,142.44,6,26057.0,0.9048,0.9048,1.0,1.0,6.0,6.0,0.0,0.0,3191.81,11.09,1,2,19,4,25,6,0,0,9,3,68.75
858,40.86,119.82,8,25779.0,0.8951,0.8951,1.0,1.0,3.0,3.0,0.0,0.0,3191.81,11.41,1,2,3,5,25,6,1,1,9,3,61.06
1024,39.69,139.57,3,26412.0,0.6878,0.9171,1.0,1.0,4.0,3.0,0.0,0.0,3243.07,0.01,1,3,13,5,25,6,1,0,9,3,51.1
952,46.96,139.51,5,25715.625,0.853,0.8929374999999999,1.0,1.0,5.0,5.0,0.0,0.0,3243.07,0.14,1,3,16,5,25,6,1,0,9,3,47.8
967,33.32,132.13,3,26346.0,0.9148,0.9148,1.0,1.0,4.0,4.0,0.0,0.0,3243.07,0.58,1,3,2,6,25,6,1,1,9,3,37.36
1050,37.38,131.25,6,28800.0,1.0,1.0,1.0,1.0,6.0,6.0,0.0,0.0,3243.07,0.92,1,3,11,6,25,6,1,0,9,3,29.21
1006,39.91,125.75,2,28800.0,1.0,1.0,1.0,1.0,2.0,2.0,0.0,0.0,3243.07,1.28,1,3,19,6,25,6,1,0,9,3,20.55
941,37.13,144.82,4,25715.625,0.6498,0.8929374999999999,1.0,1.0,5.0,4.0,0.0,0.0,3243.07,1.91,1,3,10,0,26,6,0,0,9,3,5.48
937,21.25,129.34,3,26080.0,0.5319,0.9056,0.5874,1.0,3.0,3.0,0.0,0.0,3243.07,2.26,2,3,19,0,26,6,0,0,9,3,12.8
1050,34.91,141.35,4,26742.0,0.9285,0.9285,1.0,1.0,7.0,7.0,0.0,0.0,3255.64,2.67,2,3,5,1,26,6,0,1,9,3,2.75
954,39.25,138.43,4,25715.625,0.8614,0.8929374999999999,1.0,1.0,4.0,4.0,0.0,0.0,3255.64,2.8,3,3,8,1,26,6,0,0,9,3,17.57
856,12.11,133.93,2,25715.625,0.3383,0.8929374999999999,0.4234,1.0,2.0,2.0,0.0,0.0,3268.05,0.08,3,4,17,1,26,6,0,0,9,3,7.89
938,22.61,172.15,7,25715.625,0.6811,0.8929374999999999,1.0,1.0,7.0,7.0,0.0,0.0,3272.63,0.57,4,4,5,2,26,6,0,1,9,3,2.44
874,22.42,141.09,3,25715.625,0.4035,0.8929374999999999,0.6949,1.0,4.0,3.0,0.0,0.0,3272.63,0.64,4,4,7,2,26,6,0,0,9,3,0.71
820,35.34,120.29,4,25715.625,0.8282,0.8929374999999999,0.972,1.0,4.0,4.0,0.0,0.0,3296.75,1.23,5,4,21,2,26,6,0,0,9,3,25.93
799,24.6,129.29,7,25715.625,0.6433,0.8929374999999999,0.8328,1.0,1.0,1.0,0.0,0.0,3296.75,1.34,5,4,0,3,26,6,0,1,9,3,23.44
887,20.66,120.64,5,26469.0,0.5205,0.9191,0.6796,1.0,6.0,5.0,0.0,0.0,3308.08,0.02,5,5,12,3,26,6,0,0,9,3,10.84
990,22.41,140.74,5,25715.625,0.6407,0.8929374999999999,0.7287,1.0,5.0,5.0,0.0,0.0,3308.08,0.35,5,5,20,3,26,6,0,0,9,3,2.91
1050,22.56,146.89,1,25733.0,0.7273,0.8935,0.814,1.0,1.0,1.0,0.0,0.0,3308.08,0.46,5,5,23,3,26,6,0,1,9,3,0.31
856,30.5,107.0,2,28800.0,0.4536,1.0,0.6803,1.0,3.0,2.0,0.0,0.0,3334.43,0.81,6,5,7,4,26,6,0,0,9,3,19.29
941,32.54,117.62,3,28800.0,0.9452,1.0,0.9452,1.0,3.0,3.0,0.0,0.0,3334.43,1.25,5,5,18,4,26,6,0,0,9,3,8.87
1023,20.46,127.88,4,28800.0,0.5648,1.0,0.5648,1.0,7.0,7.0,0.0,0.0,3334.43,1.63,6,5,3,5,26,6,1,1,9,3,215.17
902,21.07,125.16,3,25944.0,0.6592,0.9008,0.7318,1.0,3.0,3.0,0.0,0.0,3548.29,1.94,6,5,10,5,26,6,1,0,9,3,207.85
1016,33.84,132.35,2,27635.0,0.9595,0.9595,1.0,1.0,2.0,2.0,0.0,0.0,3548.29,2.18,6,5,16,5,26,6,1,0,9,3,201.95
863,27.23,111.76,7,27798.0,0.6841,0.9652,0.7088,1.0,7.0,7.0,0.0,0.0,3548.29,2.46,6,5,23,5,26,6,1,1,9,3,195.4
1023,38.75,127.88,2,28800.0,1.0,1.0,1.0,1.0,2.0,2.0,0.0,0.0,3548.29,2.81,6,5,7,6,26,6,1,0,9,3,186.78
847,31.72,105.88,3,28800.0,0.6507,1.0,0.8676,1.0,4.0,3.0,0.0,0.0,3548.29,3.13,6,5,15,6,26,6,1,0,9,3,179.12
1034,36.16,129.25,4,28800.0,1.0,1.0,1.0,1.0,4.0,4.0,0.0,0.0,3548.29,3.42,6,5,22,6,26,6,1,1,9,3,172.37
902,19.62,112.75,6,28800.0,0.5287,1.0,0.5287,1.0,6.0,6.0,0.0,0.0,3548.29,3.75,6,5,6,0,27,6,0,0,9,3,164.43
961,41.64,120.12,3,28800.0,1.0,1.0,1.0,1.0,3.0,3.0,0.0,0.0,3548.29,4.13,6,5,15,0,27,6,0,0,9,3,155.18
913,42.13,114.12,3,28800.0,1.0,1.0,1.0,1.0,7.0,6.0,0.0,0.0,3548.29,4.71,5,5,5,1,27,6,0,1,9,3,141.22
808,39.16,101.0,5,28800.0,1.0,1.0,1.0,1.0,5.0,5.0,0.0,0.0,3548.29,4.96,4,5,11,1,27,6,0,0,9,3,135.4
862,33.43,107.75,3,28800.0,0.8725,1.0,0.8725,1.0,3.0,3.0,0.0,0.0,3548.29,5.16,4,5,15,1,27,6,0,0,9,3,130.53
836,26.28,104.5,6,28800.0,0.5493,1.0,0.6409,1.0,2.0,2.0,0.0,0.0,3548.29,5.62,3,5,3,2,27,7,0,1,9,3,119.45
916,33.02,114.5,6,28800.0,0.8222,1.0,0.8222,1.0,6.0,6.0,0.0,0.0,3548.29,5.76,3,5,6,2,27,7,0,0,9,3,116.0
944,20.57,118.0,3,28800.0,0.5782,1.0,0.5782,1.0,3.0,3.0,0.0,0.0,3548.29,6.32,2,5,19,2,27,7,0,0,9,3,102.62
1050,36.88,131.25,2,28800.0,1.0,1.0,1.0,1.0,2.0,2.0,0.0,0.0,3548.29,6.43,2,5,22,2,27,7,0,1,9,3,100.07
781,41.13,97.62,5,28800.0,0.7812,1.0,0.9375,1.0,6.0,5.0,0.0,0.0,3548.29,6.75,2,5,6,3,27,7,0,0,9,3,92.27
1037,38.36,129.62,6,28800.0,1.0,1.0,1.0,1.0,6.0,6.0,0.0,0.0,3548.29,7.19,2,5,16,3,27,7,0,0,9,3,81.68
968,33.04,121.0,4,28800.0,0.8991,1.0,0.8991,1.0,4.0,4.0,0.0,0.0,3548.29,7.44,2,5,22,3,27,7,0,1,9,3,75.68
1025,20.84,128.12,2,28800.0,0.6513,1.0,0.6513,1.0,2.0,2.0,0.0,0.0,3548.29,7.86,1,5,8,4,27,7,0,0,9,3,65.6
797,30.22,99.62,3,28800.0,0.6572,1.0,0.6572,1.0,3.0,3.0,0.0,0.0,3548.29,8.26,1,5,18,4,27,7,0,0,9,3,56.02
1009,12.99,126.12,4,28800.0,0.3868,1.0,0.3868,1.0,2.0,2.0,0.0,0.0,3548.29,8.66,0,5,3,5,27,7,1,1,9,3,46.6
1050,24.73,131.25,2,28800.0,0.7554,1.0,0.7554,1.0,2.0,2.0,0.0,0.0,3548.29,8.75,0,5,6,5,27,7,1,0,9,3,44.35
1050,29.95,131.25,3,28800.0,1.0,1.0,1.0,1.0,3.0,3.0,0.0,0.0,3548.29,9.37,0,5,21,5,27,7,1,0,9,3,29.37
854,34.19,106.75,2,28800.0,0.9922,1.0,0.9922,1.0,2.0,2.0,0.0,0.0,3548.29,9.47,0,5,23,5,27,7,1,1,9,3,27.07
971,36.86,121.38,4,28800.0,1.0,1.0,1.0,1.0,4.0,4.0,0.0,0.0,3548.29,9.95,0,5,10,6,27,7,1,0,9,3,15.5
916,34.77,114.5,3,28800.0,0.9427,1.0,0.9427,1.0,3.0,3.0,0.0,0.0,3548.29,10.11,0,5,14,6,27,7,1,0,9,3,11.62
890,21.88,119.96,6,26708.0,0.6499,0.9274,0.7008,1.0,6.0,6.0,0.0,0.0,3572.95,10.75,1,4,6,0,28,7,0,0,9,3,40.28
1050,21.95,142.32,4,26560.0,0.6646,0.9222,0.7207,1.0,4.0,4.0,0.0,0.0,3572.95,11.39,1,4,21,0,28,7,0,0,9,3,24.8
1025,15.9,137.7,4,26798.0,0.3949,0.9305,0.5305,1.0,4.0,3.0,0.0,0.0,3572.95,11.65,1,4,3,1,28,7,0,1,9,3,18.77
1050,49.89,133.38,4,28341.0,0.9841,0.9841,1.0,1.0,4.0,4.0,0.0,0.0,3572.95,11.87,1,5,8,1,28,7,0,0,9,3,13.42
906,36.57,116.2,4,28070.0,0.9747,0.9747,1.0,1.0,4.0,4.0,0.0,0.0,3583.29,12.31,1,5,19,1,28,7,0,0,9,3,2.88
977,33.77,125.37,3,28054.0,0.7306,0.9741,1.0,1.0,5.0,5.0,0.0,0.0,3593.87,12.6,2,5,2,2,28,7,0,1,9,3,6.89
1005,27.27,140.73,6,25715.625,0.8926,0.8929374999999999,1.0,1.0,6.0,6.0,0.0,0.0,3593.87,12.84,2,5,8,2,28,7,0,0,9,3,1.26
1008,34.87,136.96,2,26495.0,0.92,0.92,1.0,1.0,2.0,2.0,0.0,0.0,3611.7,13.13,3,5,15,2,28,7,0,0,9,3,201.83
941,43.53,130.4,5,25979.0,0.902,0.902,1.0,1.0,5.0,5.0,0.0,0.0,3611.7,13.46,3,4,23,2,28,7,0,1,9,3,193.91
1050,18.67,139.98,4,27004.0,0.5611,0.9376,0.5984,1.0,4.0,4.0,0.0,0.0,3611.7,13.8,3,5,7,3,28,7,0,0,9,3,185.93
1050,16.93,142.74,4,26481.0,0.476,0.9195,0.6471,1.0,5.0,4.0,0.0,0.0,3667.39,0.54,3,5,20,3,28,7,0,0,9,3,172.5
1050,38.0,145.6,6,25962.0,0.9015,0.9015,1.0,1.0,3.0,3.0,0.0,0.0,3667.39,0.69,3,5,0,4,28,7,0,1,9,3,168.81
917,33.98,114.62,4,28800.0,0.7069,1.0,0.8836,1.0,5.0,4.0,0.0,0.0,3667.39,1.2,3,5,12,4,28,7,0,0,9,3,156.55
914,43.54,114.25,6,28800.0,1.0,1.0,1.0,1.0,6.0,6.0,0.0,0.0,3667.39,1.38,3,5,17,4,28,7,0,0,9,3,152.16
1050,33.42,131.25,3,28800.0,1.0,1.0,1.0,1.0,3.0,3.0,0.0,0.0,3667.39,1.83,3,5,3,5,28,7,1,1,9,3,141.35
954,35.36,157.94,5,25715.625,0.755,0.8929374999999999,1.0,1.0,5.0,5.0,0.0,0.0,3667.39,2.07,3,5,9,5,28,7,1,0,9,3,135.63
1004,46.4,173.66124,3,25715.625,0.7212,0.8929374999999999,1.0,1.0,7.0,7.0,0.0,0.0,3721.19,0.4,3,6,5,6,28,7,1,1,9,3,115.4
862,15.82,107.75,5,28800.0,0.375,1.0,0.375,1.0,5.0,5.0,0.0,0.0,3721.19,0.71,3,6,13,6,28,7,1,0,9,3,107.9
931,47.16,116.38,3,28800.0,1.0,1.0,1.0,1.0,3.0,3.0,0.0,0.0,3721.19,0.95,3,6,19,6,28,7,1,0,9,3,102.2
1050,39.51,131.25,7,28800.0,1.0,1.0,1.0,1.0,2.0,2.0,0.0,0.0,3721.19,1.19,3,6,0,0,29,7,0,1,9,3,96.31
1050,14.69,131.25,2,28800.0,0.5265,1.0,0.5265,1.0,2.0,2.0,0.0,0.0,3721.19,1.44,2,6,6,0,29,7,0,0,9,3,90.46
1036,40.37,129.5,3,28800.0,0.75,1.0,1.0,1.0,4.0,3.0,0.0,0.0,3721.19,1.91,2,6,18,0,29,7,0,0,9,3,79.06
986,34.47,123.25,2,28800.0,1.0,1.0,1.0,1.0,3.0,3.0,0.0,0.0,3781.4,2.29,2,6,3,1,29,7,0,1,9,3,70.1
827,41.74,105.22,2,28295.0,0.9763,0.9825,0.9937,1.0,2.0,2.0,0.0,0.0,3781.4,2.48,2,6,7,1,29,7,0,0,9,3,65.45
1032,21.62,131.45,2,28263.0,0.6569,0.9814,0.6693,1.0,2.0,2.0,0.0,0.0,3781.4,2.84,2,6,16,1,29,7,0,0,9,3,56.86
1020,50.61,129.59,3,28336.0,0.9839,0.9839,1.0,1.0,7.0,5.0,0.0,0.0,3781.4,3.19,1,6,0,2,29,7,0,1,9,3,48.48
902,10.87,112.75,4,28800.0,0.2618,1.0,0.2618,1.0,4.0,4.0,0.0,0.0,3781.4,3.52,1,6,8,2,29,7,0,0,9,3,40.55
861,41.5,107.62,6,28800.0,1.0,1.0,1.0,1.0,6.0,6.0,0.0,0.0,3781.4,3.94,0,6,18,2,29,7,0,0,9,3,30.38
883,27.53,110.38,5,28800.0,0.6024,1.0,0.8434,1.0,7.0,7.0,0.0,0.0,3781.4,4.2,0,6,1,3,29,7,0,1,9,3,24.13
925,43.23,125.56,5,26522.0,0.9209,0.9209,1.0,1.0,5.0,5.0,0.0,0.0,3781.4,4.57,0,6,9,3,29,7,0,0,9,3,15.3
1050,23.56,144.53,3,26154.0,0.7386,0.9081,0.8134,1.0,3.0,3.0,0.0,0.0,3781.4,4.74,0,6,14,3,29,7,0,0,9,3,11.16
924,31.6,123.08,7,27027.0,0.9384,0.9384,1.0,1.0,7.0,7.0,0.0,0.0,3790.5,0.25,0,7,22,3,29,7,0,1,9,3,3.16
1013,41.47,149.61,2,25715.625,0.8464,0.8929374999999999,1.0,1.0,2.0,2.0,0.0,0.0,3835.19,0.59,1,7,6,4,29,7,0,0,9,3,54.02
956,13.64,128.37,4,26809.0,0.3771,0.9309,0.4051,1.0,4.0,4.0,0.0,0.0,3835.19,1.24,1,7,21,4,29,7,0,0,9,3,38.42
893,37.45,127.57,3,25715.625,0.875,0.8929374999999999,1.0,1.0,2.0,2.0,0.0,0.0,3835.19,1.57,1,7,5,5,29,7,1,1,9,3,30.5
1007,32.13,125.88,6,28800.0,0.8762,1.0,0.8762,1.0,6.0,6.0,0.0,0.0,3835.19,1.88,1,7,13,5,29,7,1,0,9,3,23.0
1048,20.06,131.0,3,28800.0,0.6383,1.0,0.6383,1.0,3.0,3.0,0.0,0.0,3835.19,2.09,1,7,18,5,29,7,1,0,9,3,17.82
831,21.57,103.88,2,28800.0,0.5347,1.0,0.5347,1.0,3.0,3.0,0.0,0.0,3835.19,2.34,1,7,0,6,29,7,1,1,9,3,11.83
1034,22.85,139.61,4,26662.0,0.6161,0.9258,0.6655,1.0,4.0,4.0,0.0,0.0,3846.37,2.88,2,7,13,6,29,7,1,0,9,3,41.86
948,18.78,146.25,3,25715.625,0.5849,0.8929374999999999,0.7219,1.0,3.0,3.0,0.0,0.0,3886.21,3.09,2,7,18,6,29,7,1,0,9,3,36.86
968,20.85,140.52,3,25715.625,0.5983,0.8929374999999999,0.6948,1.0,5.0,5.0,0.0,0.0,3886.21,3.33,2,7,0,0,30,7,0,1,9,3,30.99
1030,29.29,128.75,6,28800.0,1.0,1.0,1.0,1.0,6.0,6.0,0.0,0.0,3886.21,3.73,2,7,9,0,30,7,0,0,9,3,21.47
944,40.97,118.0,3,28800.0,1.0,1.0,1.0,1.0,3.0,3.0,0.0,0.0,3886.21,4.22,2,6,21,0,30,7,0,0,9,3,9.81
932,34.35,116.5,5,28800.0,0.8873,1.0,0.8873,1.0,5.0,5.0,0.0,0.0,3886.21,4.53,2,6,4,1,30,7,0,1,9,3,2.29
837,17.37,109.86,5,27428.0,0.4632,0.9524,0.4864,1.0,5.0,5.0,0.0,0.0,3886.21,4.66,3,6,7,1,30,7,0,0,9,3,57.65
749,42.28,103.8,3,25977.0,0.902,0.902,1.0,1.0,3.0,3.0,0.0,0.0,3942.97,5.14,3,6,19,1,30,7,0,0,9,3,46.1
915,40.66,119.73,5,27512.0,0.9553,0.9553,1.0,1.0,2.0,2.0,0.0,0.0,3942.97,5.55,3,6,5,2,30,7,0,1,9,3,36.37
1009,19.76,126.12,4,28800.0,0.6152,1.0,0.6152,1.0,4.0,4.0,0.0,0.0,3942.97,5.76,3,6,10,2,30,7,0,0,9,3,31.28
971,18.5,121.38,6,28800.0,0.5125,1.0,0.5125,1.0,6.0,6.0,0.0,0.0,3942.97,6.03,3,6,16,2,30,7,0,0,9,3,24.83
959,20.47,119.88,2,28800.0,0.5724,1.0,0.5724,1.0,4.0,4.0,0.0,0.0,3942.97,6.45,3,6,2,3,30,7,0,1,9,3,14.68
918,13.93,138.93,6,25715.625,0.423,0.8929374999999999,0.5121,1.0,6.0,6.0,0.0,0.0,3942.97,6.66,3,6,7,3,30,7,0,0,9,3,9.68
1026,33.4,140.16,4,26353.0,0.915,0.915,1.0,1.0,4.0,4.0,0.0,0.0,3942.97,7.15,4,5,19,3,30,7,0,0,9,3,97.9
1002,12.08,136.11,4,26503.0,0.4007,0.9202,0.4355,1.0,4.0,4.0,0.0,0.0,3958.61,7.28,4,5,22,3,30,7,0,1,9,3,94.79
872,42.85,116.56,4,26932.0,0.9351,0.9351,1.0,1.0,4.0,4.0,0.0,0.0,3958.61,7.84,3,5,12,4,30,7,0,0,9,3,81.32
651,19.4,85.02,2,27564.0,0.2686,0.9571,0.4209,1.0,3.0,2.0,0.0,0.0,4038.38,0.18,3,6,18,4,30,7,0,0,9,3,75.49
869,35.77,116.25,5,26912.0,0.7357,0.9344,0.9448,1.0,6.0,5.0,0.0,0.0,4038.38,0.42,3,6,23,4,30,7,0,1,9,3,69.75
989,38.57,123.62,5,28800.0,0.8333,1.0,1.0,1.0,6.0,5.0,0.0,0.0,4038.38,0.84,3,6,10,5,30,7,1,0,9,3,59.5
765,22.72,95.62,5,28800.0,0.4895,1.0,0.4895,1.0,5.0,5.0,0.0,0.0,4038.38,1.23,3,5,19,5,30,7,1,0,9,3,50.32
962,14.35,120.25,3,28800.0,0.4586,1.0,0.4586,1.0,7.0,6.0,0.0,0.0,4038.38,1.61,3,5,4,6,30,7,1,1,9,3,41.24
923,32.5,115.38,6,28800.0,0.8435,1.0,0.8435,1.0,6.0,6.0,0.0,0.0,4038.38,1.68,3,5,6,6,30,7,1,0,9,3,39.49
1036,9.37,129.5,4,28800.0,0.3338,1.0,0.3338,1.0,4.0,4.0,0.0,0.0,4038.38,2.15,2,5,17,6,30,7,1,0,9,3,28.07
825,40.77,103.12,6,28800.0,0.8571,1.0,1.0,1.0,7.0,6.0,0.0,0.0,4038.38,2.37,2,5,22,6,30,7,1,1,9,3,22.84
887,14.32,116.86,4,27324.0,0.4268,0.9487,0.4499,1.0,4.0,4.0,0.0,0.0,4038.38,2.74,2,5,7,0,31,7,0,0,9,3,13.95
943,33.06,122.24,2,27771.0,0.9643,0.9643,1.0,1.0,2.0,2.0,0.0,0.0,4038.38,3.22,2,5,19,0,31,7,0,0,9,3,2.47
