total_output,avg_cycle_time_sec,throughput_units_per_hour,shift_total_pass,operating_seconds,oee,availability,performance,quality,total_produced,total_pass,total_reject,defect_rate,cum_running_hours,days_since_last_maintenance,corrective_wo_last_7d,preventive_wo_last_30d,hour_of_day,day_of_week,week_of_year,month,is_weekend,is_night_shift,machine_encoded,line_encoded,risk_level_encoded
1046,23.11,145.76,5,25834.0,0.6271,0.897,0.8389,1.0,6.0,5.0,0.0,0.0,157.15,0.15,1,1,12,4,6,2,0,0,10,0,0
983,17.16,133.56,4,26496.0,0.4772,0.92,0.5187,1.0,4.0,4.0,0.0,0.0,157.15,0.45,1,1,19,4,6,2,0,0,10,0,3
1029,9.63,136.5,2,27139.0,0.2068,0.9423,0.3291,1.0,4.0,3.0,0.0,0.0,157.15,0.82,1,1,4,5,6,2,1,1,10,0,3
1050,43.62,154.39,6,25715.625,0.8501,0.8929374999999999,1.0,1.0,6.0,6.0,0.0,0.0,157.15,1.16,1,1,12,5,6,2,1,0,10,0,3
1050,32.44,152.14,6,25715.625,0.8627,0.8929374999999999,1.0,1.0,6.0,6.0,0.0,0.0,225.82,1.45,2,1,19,5,6,2,1,0,10,0,0
992,22.76,141.56,3,25715.625,0.5229,0.8929374999999999,0.7959,1.0,6.0,6.0,0.0,0.0,225.82,1.84,2,1,5,6,6,2,1,1,10,0,0
1050,25.93,131.25,4,28800.0,0.9439,1.0,0.9439,1.0,4.0,4.0,0.0,0.0,225.82,2.06,2,1,10,6,6,2,1,0,10,0,0
986,12.57,123.25,3,28800.0,0.321,1.0,0.428,1.0,4.0,3.0,0.0,0.0,225.82,2.46,2,1,19,6,6,2,1,0,10,0,0
899,33.56,112.38,6,28800.0,0.9589,1.0,0.9589,1.0,6.0,6.0,0.0,0.0,225.82,2.59,2,1,23,6,6,2,1,1,10,0,0
986,15.57,123.25,2,28800.0,0.4129,1.0,0.4129,1.0,2.0,2.0,0.0,0.0,225.82,2.88,2,1,6,0,7,2,0,0,10,0,0
960,10.28,120.0,4,28800.0,0.334,1.0,0.334,1.0,4.0,4.0,0.0,0.0,225.82,3.35,2,1,17,0,7,2,0,0,10,0,1
1050,26.47,131.25,4,28800.0,0.7857,1.0,0.7857,1.0,4.0,4.0,0.0,0.0,225.82,3.65,2,1,0,1,7,2,0,1,10,0,1
1050,11.33,135.64,4,27867.0,0.3258,0.9676,0.4209,1.0,5.0,4.0,0.0,0.0,225.82,3.92,2,1,7,1,7,2,0,0,10,0,1
1050,18.95,136.99,3,27593.0,0.6012,0.9581,0.6275,1.0,3.0,3.0,0.0,0.0,371.7,4.44,3,1,19,1,7,2,0,0,10,0,0
1050,20.9,136.45,4,27703.0,0.572,0.9619,0.5947,1.0,4.0,4.0,0.0,0.0,371.7,4.77,3,1,3,2,7,2,0,1,10,0,0
1047,33.3,130.88,5,28800.0,1.0,1.0,1.0,1.0,5.0,5.0,0.0,0.0,371.7,5.1,3,1,11,2,7,2,0,0,10,0,0
1050,40.63,131.25,4,28800.0,1.0,1.0,1.0,1.0,4.0,4.0,0.0,0.0,371.7,5.51,2,1,21,2,7,2,0,0,10,0,0
1050,25.56,131.25,4,28800.0,0.7386,1.0,0.7386,1.0,3.0,3.0,0.0,0.0,371.7,5.69,2,1,1,3,7,2,0,1,10,0,0
1007,23.52,125.88,5,28800.0,0.6601,1.0,0.6601,1.0,5.0,5.0,0.0,0.0,371.7,6.09,2,1,11,3,7,2,0,0,10,0,0
1050,31.95,131.25,5,28800.0,0.8714,1.0,0.8714,1.0,5.0,5.0,0.0,0.0,371.7,6.28,2,1,15,3,7,2,0,0,10,0,0
1050,43.48,131.25,3,28800.0,1.0,1.0,1.0,1.0,5.0,5.0,0.0,0.0,371.7,6.66,2,1,0,4,7,2,0,1,10,0,0
998,15.67,124.75,6,28800.0,0.4065,1.0,0.4065,1.0,6.0,6.0,0.0,0.0,371.7,6.91,2,1,6,4,7,2,0,0,10,0,0
947,47.97,118.38,3,28800.0,0.75,1.0,1.0,1.0,4.0,3.0,0.0,0.0,371.7,7.27,2,1,15,4,7,2,0,0,10,0,0
1050,36.75,131.25,5,28800.0,1.0,1.0,1.0,1.0,4.0,4.0,0.0,0.0,371.7,7.86,2,1,5,5,7,2,1,1,10,0,0
945,38.4,118.12,3,28800.0,1.0,1.0,1.0,1.0,3.0,3.0,0.0,0.0,371.7,7.89,2,1,6,5,7,2,1,0,10,0,0
1050,14.1,131.25,5,28800.0,0.4094,1.0,0.4094,1.0,5.0,5.0,0.0,0.0,371.7,8.36,1,1,17,5,7,2,1,0,10,0,0
1050,13.85,131.25,4,28800.0,0.4287,1.0,0.4287,1.0,5.0,5.0,0.0,0.0,371.7,8.73,1,1,2,6,7,2,1,1,10,0,0
934,16.88,116.75,5,28800.0,0.3546,1.0,0.4255,1.0,6.0,5.0,0.0,0.0,371.7,9.2,1,1,13,6,7,2,1,0,10,0,0
944,40.78,118.0,2,28800.0,1.0,1.0,1.0,1.0,2.0,2.0,0.0,0.0,371.7,9.41,1,1,18,6,7,2,1,0,10,0,0
1050,14.33,131.25,5,28800.0,0.4794,1.0,0.4794,1.0,3.0,3.0,0.0,0.0,371.7,9.68,1,1,1,0,8,2,0,1,10,0,0
1018,12.5,132.18,5,27725.0,0.3332,0.9627,0.4153,1.0,6.0,5.0,0.0,0.0,371.7,10.11,1,1,11,0,8,2,0,0,10,0,0
873,44.05,113.16,3,27772.0,0.9643,0.9643,1.0,1.0,3.0,3.0,0.0,0.0,371.7,10.38,1,1,17,0,8,2,0,0,10,0,0
1033,11.45,133.91,3,27770.0,0.3554,0.9642,0.3686,1.0,3.0,3.0,0.0,0.0,378.72,0.13,1,2,22,0,8,2,0,1,10,0,0
1050,33.57,131.25,3,28800.0,1.0,1.0,1.0,1.0,3.0,3.0,0.0,0.0,490.83,0.75,1,3,13,1,8,2,0,0,10,0,0
1000,32.51,125.0,4,28800.0,0.8517,1.0,0.8517,1.0,4.0,4.0,0.0,0.0,490.83,0.94,0,3,17,1,8,2,0,0,10,0,0
956,17.29,119.5,2,28800.0,0.5404,1.0,0.5404,1.0,7.0,7.0,0.0,0.0,490.83,1.25,0,3,1,2,8,2,0,1,10,0,0
997,30.6,124.62,3,28800.0,0.8024,1.0,0.8024,1.0,3.0,3.0,0.0,0.0,490.83,1.61,0,3,9,2,8,2,0,0,10,0,0
1050,50.28,131.25,4,28800.0,1.0,1.0,1.0,1.0,4.0,4.0,0.0,0.0,490.83,1.93,0,3,17,2,8,2,0,0,10,0,0
939,43.55,117.38,7,28800.0,1.0,1.0,1.0,1.0,4.0,4.0,0.0,0.0,490.83,2.31,0,3,2,3,8,2,0,1,10,0,0
1001,40.43,125.12,5,28800.0,1.0,1.0,1.0,1.0,5.0,5.0,0.0,0.0,490.83,2.72,0,3,12,3,8,2,0,0,10,0,0
923,15.3,115.38,3,28800.0,0.3862,1.0,0.3862,1.0,3.0,3.0,0.0,0.0,490.83,3.01,0,3,19,3,8,2,0,0,10,0,0
1050,20.55,131.25,4,28800.0,0.6132,1.0,0.6132,1.0,2.0,1.0,0.0,0.0,490.83,3.29,0,3,2,4,8,2,0,1,10,0,0
936,22.46,117.0,2,28800.0,0.5558,1.0,0.5558,1.0,2.0,2.0,0.0,0.0,490.83,3.65,0,3,10,4,8,2,0,0,10,0,0
1050,33.63,131.25,2,28800.0,1.0,1.0,1.0,1.0,2.0,2.0,0.0,0.0,490.83,3.85,0,3,15,4,8,2,0,0,10,0,0
994,39.38,124.25,1,28800.0,0.5,1.0,1.0,1.0,2.0,1.0,0.0,0.0,490.83,4.16,0,3,23,4,8,2,0,1,10,0,0
949,18.5,118.62,4,28800.0,0.3908,1.0,0.5862,1.0,6.0,4.0,0.0,0.0,490.83,4.5,0,3,7,5,8,2,1,0,10,0,1
1045,17.88,130.62,5,28800.0,0.586,1.0,0.586,1.0,5.0,5.0,0.0,0.0,490.83,5.09,0,3,21,5,8,2,1,0,10,0,1
1050,13.38,131.25,7,28800.0,0.3959,1.0,0.4524,1.0,4.0,3.0,0.0,0.0,552.25,5.28,1,3,2,6,8,2,1,1,10,0,0
1007,32.6,129.3,3,28037.0,0.9301,0.9735,0.9554,1.0,3.0,3.0,0.0,0.0,552.25,5.62,1,3,10,6,8,2,1,0,10,0,0
1050,45.32,140.03,2,26994.0,0.9373,0.9373,1.0,1.0,2.0,2.0,0.0,0.0,552.25,6.06,1,3,20,6,8,2,1,0,10,0,0
1050,13.22,139.93,3,27014.0,0.312,0.938,0.4435,1.0,4.0,3.0,0.0,0.0,552.25,6.15,1,3,22,6,8,2,1,1,10,0,0
1050,37.85,131.25,4,28800.0,1.0,1.0,1.0,1.0,4.0,4.0,0.0,0.0,552.25,6.48,1,3,6,0,9,2,0,0,10,0,0
1020,35.84,127.5,2,28800.0,1.0,1.0,1.0,1.0,2.0,2.0,0.0,0.0,552.25,6.92,1,3,17,0,9,2,0,0,10,0,0
971,12.38,121.38,3,28800.0,0.2911,1.0,0.3881,1.0,4.0,3.0,0.0,0.0,552.25,7.16,1,3,23,0,9,2,0,1,10,0,3
1006,23.0,155.74,3,25715.625,0.7359,0.8929374999999999,0.9115,1.0,3.0,3.0,0.0,0.0,552.25,7.64,1,3,10,1,9,2,0,0,10,0,3
881,20.08,145.38,2,25715.625,0.5265,0.8929374999999999,0.695,1.0,2.0,2.0,0.0,0.0,630.55,8.08,2,3,21,1,9,2,0,0,10,0,0
1050,29.14,144.16,3,26221.0,0.9105,0.9105,1.0,1.0,0.0,0.0,0.0,0.0,630.55,8.3,2,3,2,2,9,2,0,1,10,0,0
1050,33.42,131.25,4,28800.0,1.0,1.0,1.0,1.0,4.0,4.0,0.0,0.0,630.55,8.74,2,3,13,2,9,2,0,0,10,0,0
987,17.49,123.38,2,28800.0,0.5706,1.0,0.5706,1.0,2.0,2.0,0.0,0.0,630.55,8.96,2,3,18,2,9,2,0,0,10,0,0
1050,49.3,131.25,0,28800.0,0.9903,1.0,1.0,1.0,3.0,3.0,0.0,0.0,630.55,9.37,2,3,4,3,9,2,0,1,10,0,0
1039,20.64,129.88,3,28800.0,0.6227,1.0,0.6227,1.0,3.0,3.0,0.0,0.0,630.55,9.5,2,3,7,3,9,2,0,0,10,0,0
1035,22.81,129.38,3,28800.0,0.559,1.0,0.7453,1.0,4.0,3.0,0.0,0.0,630.55,9.87,2,3,16,3,9,2,0,0,10,0,0
1050,33.2,131.25,3,28800.0,1.0,1.0,1.0,1.0,3.0,3.0,0.0,0.0,630.55,10.13,2,3,22,3,9,2,0,1,10,0,0
904,48.3,113.0,3,28800.0,1.0,1.0,1.0,1.0,3.0,3.0,0.0,0.0,630.55,10.59,2,3,9,4,9,2,0,0,10,0,0
920,36.96,115.0,4,28800.0,0.9028,1.0,0.9028,1.0,4.0,4.0,0.0,0.0,630.55,11.08,2,3,21,4,9,2,0,0,10,0,0
921,45.99,115.12,7,28800.0,1.0,1.0,1.0,1.0,2.0,2.0,0.0,0.0,771.79,0.05,2,4,5,5,9,2,1,1,10,0,0
1021,15.8,156.78,2,25715.625,0.4223,0.8929374999999999,0.5187,1.0,2.0,2.0,0.0,0.0,771.79,0.3,2,4,11,5,9,2,1,0,10,0,0
1050,46.97,143.0,3,26433.0,0.9178,0.9178,1.0,1.0,3.0,3.0,0.0,0.0,771.79,0.54,2,4,16,5,9,2,1,0,10,0,0
942,30.79,127.96,2,26502.0,0.8429,0.9202,0.916,1.0,4.0,4.0,0.0,0.0,771.79,1.05,1,4,5,6,9,3,1,1,10,0,0
1046,21.27,130.75,5,28800.0,0.7518,1.0,0.7518,1.0,5.0,5.0,0.0,0.0,771.79,1.11,1,4,6,6,9,3,1,0,10,0,0
1046,29.93,130.75,2,28800.0,0.9276,1.0,0.9276,1.0,2.0,2.0,0.0,0.0,771.79,1.67,1,4,19,6,9,3,1,0,10,0,0
962,42.14,120.25,4,28800.0,1.0,1.0,1.0,1.0,3.0,3.0,0.0,0.0,771.79,2.01,1,4,4,0,10,3,0,1,10,0,0
1050,26.59,131.25,2,28800.0,0.4056,1.0,0.8112,1.0,4.0,2.0,0.0,0.0,771.79,2.1,1,4,6,0,10,3,0,0,10,0,0
1050,46.32,131.25,2,28800.0,1.0,1.0,1.0,1.0,2.0,2.0,0.0,0.0,771.79,2.44,1,4,14,0,10,3,0,0,10,0,0
845,34.17,105.62,3,28800.0,0.9002,1.0,0.9002,1.0,5.0,5.0,0.0,0.0,771.79,2.97,1,4,3,1,10,3,0,1,10,0,0
788,35.54,98.5,5,28800.0,0.7688,1.0,0.7688,1.0,5.0,5.0,0.0,0.0,771.79,3.34,1,4,11,1,10,3,0,0,10,0,0
865,25.6,108.12,3,28800.0,0.6469,1.0,0.6469,1.0,3.0,3.0,0.0,0.0,771.79,3.51,1,4,16,1,10,3,0,0,10,0,0
878,38.0,109.75,5,28800.0,0.8612,1.0,0.8612,1.0,4.0,4.0,0.0,0.0,771.79,3.92,0,4,1,2,10,3,0,1,10,0,0
1050,46.29,131.25,5,28800.0,1.0,1.0,1.0,1.0,5.0,5.0,0.0,0.0,771.79,4.18,0,4,8,2,10,3,0,0,10,0,0
1050,14.03,131.25,2,28800.0,0.4178,1.0,0.4178,1.0,2.0,2.0,0.0,0.0,771.79,4.52,0,4,16,2,10,3,0,0,10,0,0
840,41.63,105.0,4,28800.0,1.0,1.0,1.0,1.0,4.0,4.0,0.0,0.0,771.79,4.78,0,4,22,2,10,3,0,1,10,0,0
1000,31.21,125.0,2,28800.0,0.8382,1.0,0.8382,1.0,2.0,2.0,0.0,0.0,771.79,5.23,0,4,9,3,10,3,0,0,10,0,2
869,11.28,108.62,2,28800.0,0.2147,1.0,0.322,1.0,3.0,2.0,0.0,0.0,771.79,5.68,0,4,20,3,10,3,0,0,10,0,2
918,17.3,114.75,5,28800.0,0.4644,1.0,0.4644,1.0,6.0,6.0,0.0,0.0,797.79,6.07,1,4,5,4,10,3,0,1,10,0,0
940,40.68,131.5,4,25734.0,0.7148,0.8935,1.0,1.0,5.0,4.0,0.0,0.0,797.79,6.21,1,4,8,4,10,3,0,0,10,0,0
917,26.33,123.67,2,26693.0,0.7316,0.9268,0.7894,1.0,2.0,2.0,0.0,0.0,797.79,6.51,1,4,16,4,10,3,0,0,10,0,0
1025,40.05,147.35,6,25715.625,0.8695,0.8929374999999999,1.0,1.0,2.0,2.0,0.0,0.0,797.79,7.01,1,4,4,5,10,3,1,1,10,0,0
916,40.02,132.25,4,25715.625,0.6926,0.8929374999999999,1.0,1.0,5.0,4.0,0.0,0.0,1005.04,0.14,1,5,12,5,10,3,1,0,10,0,0
985,27.63,132.25,4,26813.0,0.8499,0.931,0.9129,1.0,4.0,4.0,0.0,0.0,1005.04,0.38,1,5,17,5,10,3,1,0,10,0,0
986,27.41,134.91,2,26311.0,0.821,0.9136,0.8986,1.0,2.0,2.0,0.0,0.0,1005.04,0.63,1,5,23,5,10,3,1,1,10,0,0
1045,44.23,130.62,5,28800.0,1.0,1.0,1.0,1.0,5.0,5.0,0.0,0.0,1005.04,1.19,1,4,12,6,10,3,1,0,10,0,0
1050,49.06,131.25,4,28800.0,1.0,1.0,1.0,1.0,4.0,4.0,0.0,0.0,1005.04,1.34,1,4,16,6,10,3,1,0,10,0,0
1025,19.39,128.12,8,28800.0,0.6865,1.0,0.6865,1.0,2.0,2.0,0.0,0.0,1005.04,1.71,1,4,1,0,11,3,0,1,10,0,0
1050,38.08,131.25,2,28800.0,1.0,1.0,1.0,1.0,2.0,2.0,0.0,0.0,1005.04,2.21,1,4,13,0,11,3,0,0,10,0,0
1050,51.27,131.25,2,28800.0,1.0,1.0,1.0,1.0,2.0,2.0,0.0,0.0,1005.04,2.24,1,4,14,0,11,3,0,0,10,0,0
1050,40.18,131.25,2,28800.0,1.0,1.0,1.0,1.0,5.0,5.0,0.0,0.0,1005.04,2.75,1,4,2,1,11,3,0,1,10,0,0
889,22.54,111.12,3,28800.0,0.5606,1.0,0.5606,1.0,3.0,3.0,0.0,0.0,1005.04,3.18,1,4,12,1,11,3,0,0,10,0,0
1050,22.53,131.25,2,28800.0,0.7667,1.0,0.7667,1.0,2.0,2.0,0.0,0.0,1005.04,3.43,1,4,18,1,11,3,0,0,10,0,0
989,32.9,123.62,5,28800.0,0.8372,1.0,0.8372,1.0,5.0,5.0,0.0,0.0,1005.04,3.86,1,4,5,2,11,3,0,1,10,0,0
934,27.59,116.75,6,28800.0,0.8623,1.0,0.8623,1.0,6.0,6.0,0.0,0.0,1005.04,4.0,1,4,8,2,11,3,0,0,10,0,0
1050,27.62,131.25,3,28800.0,0.8017,1.0,0.8017,1.0,3.0,3.0,0.0,0.0,1005.04,4.39,1,4,17,2,11,3,0,0,10,0,0
1050,28.29,131.25,5,28800.0,0.9053,1.0,0.9053,1.0,1.0,1.0,0.0,0.0,1005.04,4.66,1,4,0,3,11,3,0,1,10,0,0
951,12.41,118.88,2,28800.0,0.384,1.0,0.384,1.0,2.0,2.0,0.0,0.0,1005.04,5.19,1,4,13,3,11,3,0,0,10,0,0
1050,8.96,131.25,2,28800.0,0.303,1.0,0.303,1.0,2.0,2.0,0.0,0.0,1005.04,5.41,1,4,18,3,11,3,0,0,10,0,0
1050,14.02,131.25,1,28800.0,0.4346,1.0,0.4346,1.0,1.0,1.0,0.0,0.0,1005.04,5.6,1,4,22,3,11,3,0,1,10,0,0
989,29.6,123.62,2,28800.0,0.8623,1.0,0.8623,1.0,2.0,2.0,0.0,0.0,1005.04,6.21,0,4,13,4,11,3,0,0,10,0,0
1050,30.53,131.25,5,28800.0,0.8856,1.0,0.8856,1.0,5.0,5.0,0.0,0.0,1005.04,6.55,0,4,21,4,11,3,0,0,10,0,0
1050,16.94,131.25,5,28800.0,0.5086,1.0,0.6103,1.0,3.0,3.0,0.0,0.0,1005.04,6.86,0,4,5,5,11,3,1,1,10,0,0
981,37.85,122.62,6,28800.0,1.0,1.0,1.0,1.0,6.0,6.0,0.0,0.0,1005.04,7.19,0,4,13,5,11,3,1,0,10,0,0
1050,24.58,131.25,3,28800.0,0.6865,1.0,0.6865,1.0,4.0,4.0,0.0,0.0,1005.04,7.7,0,4,1,6,11,3,1,1,10,0,0
1037,45.95,139.15,5,26828.0,0.9315,0.9315,1.0,1.0,5.0,5.0,0.0,0.0,1005.04,8.18,0,4,12,6,11,3,1,0,10,0,0
1050,34.82,136.64,3,27664.0,0.9606,0.9606,1.0,1.0,3.0,3.0,0.0,0.0,1005.04,8.29,0,4,15,6,11,3,1,0,10,0,0
1050,28.87,139.62,4,27073.0,0.94,0.94,1.0,1.0,7.0,7.0,0.0,0.0,1025.68,0.11,0,5,3,0,12,3,0,1,10,0,0
938,25.45,127.28,2,26531.0,0.6722,0.9212,0.7297,1.0,2.0,2.0,0.0,0.0,1025.68,0.48,0,5,12,0,12,3,0,0,10,0,0
1050,19.4,142.62,4,26504.0,0.5371,0.9203,0.5836,1.0,4.0,4.0,0.0,0.0,1025.68,0.76,0,5,19,0,12,3,0,0,10,0,0
803,34.32,105.41,7,27425.0,0.7774,0.9523,0.8163,1.0,3.0,3.0,0.0,0.0,1037.39,1.15,1,5,4,1,12,3,0,1,10,0,0
1050,32.1,141.56,2,26702.0,0.9239,0.9272,0.9964,1.0,2.0,2.0,0.0,0.0,1037.39,1.35,1,5,9,1,12,3,0,0,10,0,0
924,20.59,124.56,3,26706.0,0.6134,0.9273,0.6615,1.0,3.0,3.0,0.0,0.0,1073.65,0.19,1,6,16,1,12,3,0,0,10,0,0
888,26.83,119.31,3,26793.0,0.7122,0.9303,0.7656,1.0,4.0,4.0,0.0,0.0,1073.65,0.62,1,6,2,2,12,3,0,1,10,0,0
755,21.45,94.38,6,28800.0,0.5025,1.0,0.5025,1.0,6.0,6.0,0.0,0.0,1073.65,1.05,1,6,13,2,12,3,0,0,10,0,0
902,31.24,112.75,3,28800.0,0.9665,1.0,0.9665,1.0,3.0,3.0,0.0,0.0,1073.65,1.25,1,6,17,2,12,3,0,0,10,0,0
923,31.58,115.38,4,28800.0,0.9156,1.0,0.9156,1.0,4.0,4.0,0.0,0.0,1073.65,1.47,1,5,23,2,12,3,0,1,10,0,0
916,10.2,122.18,4,26989.0,0.2821,0.9371,0.301,1.0,4.0,4.0,0.0,0.0,1249.54,1.79,2,4,6,3,12,3,0,0,10,0,0
1050,32.4,135.57,5,27882.0,0.8779,0.9681,0.9068,1.0,5.0,5.0,0.0,0.0,1249.54,2.22,2,4,17,3,12,3,0,0,10,0,0
1050,29.02,139.15,6,27164.0,0.9297,0.9432,0.9857,1.0,6.0,5.0,0.0,0.0,1249.54,2.74,2,4,5,4,12,3,0,1,10,0,0
943,52.57,117.88,6,28800.0,1.0,1.0,1.0,1.0,6.0,6.0,0.0,0.0,1249.54,2.84,2,4,8,4,12,3,0,0,10,0,0
900,43.72,112.5,6,28800.0,1.0,1.0,1.0,1.0,6.0,6.0,0.0,0.0,1249.54,3.09,2,4,14,4,12,3,0,0,10,0,0
1050,9.66,131.25,5,28800.0,0.2783,1.0,0.334,1.0,6.0,5.0,0.0,0.0,1249.54,3.48,2,4,23,4,12,3,0,1,10,0,0
1007,38.45,125.88,6,28800.0,1.0,1.0,1.0,1.0,6.0,6.0,0.0,0.0,1249.54,4.04,2,4,13,5,12,3,1,0,10,0,0
1050,19.2,131.25,6,28800.0,0.5276,1.0,0.5276,1.0,6.0,6.0,0.0,0.0,1249.54,4.36,2,4,20,5,12,3,1,0,10,0,0
1050,48.79,131.25,4,28800.0,1.0,1.0,1.0,1.0,4.0,4.0,0.0,0.0,1249.54,4.42,2,4,22,5,12,3,1,1,10,0,0
1037,12.67,129.62,6,28800.0,0.4256,1.0,0.4256,1.0,6.0,6.0,0.0,0.0,1249.54,4.97,2,4,11,6,12,3,1,0,10,0,0
974,31.16,121.75,4,28800.0,0.695,1.0,0.8688,1.0,5.0,4.0,0.0,0.0,1249.54,5.34,2,4,20,6,12,3,1,0,10,0,0
959,43.94,119.88,6,28800.0,1.0,1.0,1.0,1.0,3.0,3.0,0.0,0.0,1249.54,5.69,2,4,4,0,13,3,0,1,10,0,0
984,14.3,123.0,2,28800.0,0.3977,1.0,0.3977,1.0,2.0,2.0,0.0,0.0,1249.54,6.01,2,4,12,0,13,3,0,0,10,0,0
1029,23.18,128.62,2,28800.0,0.766,1.0,0.766,1.0,2.0,2.0,0.0,0.0,1249.54,6.21,2,4,17,0,13,3,0,0,10,0,0
913,13.57,114.12,3,28800.0,0.3636,1.0,0.3636,1.0,8.0,8.0,0.0,0.0,1249.54,6.69,1,4,4,1,13,3,0,1,10,0,0
1013,35.83,126.62,3,28800.0,1.0,1.0,1.0,1.0,3.0,3.0,0.0,0.0,1249.54,6.95,1,4,10,1,13,3,0,0,10,0,0
921,41.83,115.12,4,28800.0,1.0,1.0,1.0,1.0,4.0,4.0,0.0,0.0,1249.54,7.2,1,4,16,1,13,3,0,0,10,0,0
985,32.4,123.12,8,28800.0,0.8803,1.0,0.8803,1.0,3.0,3.0,0.0,0.0,1249.54,7.55,1,4,1,2,13,3,0,1,10,0,0
1050,36.34,131.25,4,28800.0,0.8,1.0,1.0,1.0,5.0,4.0,0.0,0.0,1249.54,7.98,1,4,11,2,13,3,0,0,10,0,3
1050,47.26,131.25,6,28800.0,1.0,1.0,1.0,1.0,6.0,6.0,0.0,0.0,1249.54,8.22,1,4,17,2,13,3,0,0,10,0,3
922,13.89,115.25,3,28800.0,0.4168,1.0,0.4168,1.0,3.0,2.0,0.0,0.0,1249.54,8.73,0,4,5,3,13,3,0,1,10,0,3
960,17.92,148.56,5,25715.625,0.568,0.8929374999999999,0.7032,1.0,5.0,5.0,0.0,0.0,1249.54,9.04,1,4,13,3,13,3,0,0,10,0,3
902,28.81,126.79,3,25715.625,0.6868,0.8929374999999999,0.7724,1.0,3.0,3.0,0.0,0.0,1264.06,9.38,1,4,21,3,13,3,0,0,10,0,3
1050,17.21,166.56,2,25715.625,0.3347,0.8929374999999999,0.6371,1.0,5.0,4.0,0.0,0.0,1264.06,9.54,1,4,1,4,13,3,0,1,10,0,3
1003,37.21,136.18,4,26515.0,0.7366,0.9207,1.0,1.0,5.0,4.0,0.0,0.0,1304.93,9.94,2,4,10,4,13,3,0,0,10,0,0
919,35.07,134.6,3,25715.625,0.8535,0.8929374999999999,1.0,1.0,3.0,3.0,0.0,0.0,1304.93,10.24,2,4,17,4,13,3,0,0,10,0,0
1050,21.23,146.09,4,25875.0,0.6002,0.8984,0.8351,1.0,5.0,5.0,0.0,0.0,1304.93,10.52,2,4,0,5,13,3,1,1,10,0,0
1026,44.5,160.58,3,25715.625,0.4792,0.8929374999999999,1.0,1.0,5.0,3.0,0.0,0.0,1304.93,10.78,2,4,6,5,13,3,1,0,10,0,0
1044,26.33,159.42,5,25715.625,0.8186,0.8929374999999999,1.0,1.0,5.0,5.0,0.0,0.0,1304.93,11.26,2,4,18,5,13,3,1,0,10,0,0
1050,28.96,159.35,5,25715.625,0.8237,0.8929374999999999,1.0,1.0,5.0,5.0,0.0,0.0,1304.93,11.44,2,4,22,5,13,3,1,1,10,0,1
773,14.35,113.2,3,25715.625,0.3124,0.8929374999999999,0.366,1.0,3.0,3.0,0.0,0.0,1308.93,0.14,2,7,9,6,13,3,1,0,10,0,1
1020,39.61,139.68,2,26289.0,0.9128,0.9128,1.0,1.0,2.0,2.0,0.0,0.0,1320.59,0.34,2,7,17,6,13,3,1,0,10,0,1
1050,35.99,173.66124,1,25715.625,0.7501,0.8929374999999999,1.0,1.0,1.0,1.0,0.0,0.0,1322.79,0.59,3,7,23,6,13,3,1,1,10,0,1
966,15.12,153.86,6,25715.625,0.3908,0.8929374999999999,0.4979,1.0,6.0,6.0,0.0,0.0,1358.92,1.01,4,6,9,0,14,3,0,0,10,0,0
1050,37.7,145.71,2,25942.0,0.9008,0.9008,1.0,1.0,2.0,2.0,0.0,0.0,1358.92,1.5,4,6,21,0,14,3,0,0,10,0,1
947,10.68,141.57,3,25715.625,0.2933,0.8929374999999999,0.3508,1.0,4.0,4.0,0.0,0.0,1358.92,1.84,4,6,5,1,14,3,0,1,10,0,1
953,42.35,122.04,2,28111.0,0.9761,0.9761,1.0,1.0,2.0,2.0,0.0,0.0,1358.92,1.91,4,6,7,1,14,3,0,0,10,0,1
1050,37.85,134.38,4,28130.0,0.9767,0.9767,1.0,1.0,4.0,4.0,0.0,0.0,1358.92,2.22,4,6,14,1,14,3,0,0,10,0,1
1035,46.53,132.93,4,28029.0,0.9732,0.9732,1.0,1.0,5.0,5.0,0.0,0.0,1373.92,2.64,5,6,0,2,14,4,0,1,10,0,0
953,42.85,128.02,6,26799.0,0.9305,0.9305,1.0,1.0,6.0,6.0,0.0,0.0,1373.92,2.85,5,6,6,2,14,4,0,0,10,0,0
963,37.69,125.65,4,27590.0,0.958,0.958,1.0,1.0,4.0,4.0,0.0,0.0,1424.08,0.45,5,7,21,2,14,4,0,0,10,0,0
1005,45.87,135.33,5,26735.0,0.9283,0.9283,1.0,1.0,5.0,5.0,0.0,0.0,1424.08,0.53,5,7,23,2,14,4,0,1,10,0,0
880,14.3,110.0,3,28800.0,0.3468,1.0,0.3468,1.0,3.0,3.0,0.0,0.0,1424.08,0.83,5,7,6,3,14,4,0,0,10,0,0
1050,18.84,131.25,3,28800.0,0.5472,1.0,0.5472,1.0,3.0,3.0,0.0,0.0,1424.08,1.14,4,7,14,3,14,4,0,0,10,0,0
838,23.01,104.75,4,28800.0,0.4374,1.0,0.5467,1.0,3.0,3.0,0.0,0.0,1424.08,1.6,4,7,1,4,14,4,0,1,10,0,0
964,39.65,122.95,4,28225.0,0.98,0.98,1.0,1.0,4.0,4.0,0.0,0.0,1424.08,2.1,3,7,13,4,14,4,0,0,10,0,0
1050,26.56,133.38,5,28341.0,0.8659,0.9841,0.8799,1.0,5.0,5.0,0.0,0.0,1453.65,2.42,3,7,20,4,14,4,0,0,10,0,3
1050,36.68,132.67,3,28491.0,0.9893,0.9893,1.0,1.0,7.0,5.0,0.0,0.0,1453.65,2.72,3,7,4,5,14,4,1,1,10,0,3
1050,40.61,141.04,4,26800.0,0.9306,0.9306,1.0,1.0,4.0,4.0,0.0,0.0,1453.65,2.91,3,7,8,5,14,4,1,0,10,0,3
927,44.8,131.42,4,25715.625,0.7054,0.8929374999999999,1.0,1.0,5.0,4.0,0.0,0.0,1453.65,3.36,4,7,19,5,14,4,1,0,10,0,0
952,16.36,128.67,5,26635.0,0.3253,0.9248,0.4925,1.0,7.0,5.0,0.0,0.0,1493.81,3.52,4,7,23,5,14,4,1,1,10,0,0
972,25.07,121.5,5,28800.0,0.6625,1.0,0.6625,1.0,5.0,5.0,0.0,0.0,1493.81,3.93,4,7,9,6,14,4,1,0,10,0,0
922,28.54,115.25,6,28800.0,0.8445,1.0,0.8445,1.0,5.0,4.0,0.0,0.0,1493.81,4.69,2,7,3,0,15,4,0,1,10,0,3
899,27.17,127.85,6,25715.625,0.6531,0.8929374999999999,0.743,1.0,6.0,6.0,0.0,0.0,1493.81,4.84,2,6,7,0,15,4,0,0,10,0,3
901,25.36,123.53,2,26257.0,0.6782,0.9117,0.7439,1.0,2.0,2.0,0.0,0.0,1493.81,5.16,3,6,14,0,15,4,0,0,10,0,0
954,17.22,125.27,4,27417.0,0.3487,0.952,0.4579,1.0,7.0,7.0,0.0,0.0,1520.44,5.69,4,6,3,1,15,4,0,1,10,0,0
886,32.96,112.82,5,28271.0,0.8079,0.9816,0.823,1.0,5.0,5.0,0.0,0.0,1520.44,6.07,4,6,12,1,15,4,0,0,10,0,0
1029,16.51,129.84,4,28530.0,0.531,0.9906,0.536,1.0,4.0,4.0,0.0,0.0,1520.44,6.17,4,6,14,1,15,4,0,0,10,0,0
1050,11.85,133.03,7,28415.0,0.3555,0.9866,0.3603,1.0,4.0,4.0,0.0,0.0,1538.44,6.75,3,6,4,2,15,4,0,1,10,0,0
1050,43.74,133.73,4,28266.0,0.9815,0.9815,1.0,1.0,4.0,4.0,0.0,0.0,1538.44,6.93,3,6,9,2,15,4,0,0,10,0,0
1050,41.72,137.75,2,27442.0,0.9528,0.9528,1.0,1.0,2.0,2.0,0.0,0.0,1594.16,7.34,3,6,18,2,15,4,0,0,10,0,0
981,27.25,126.34,4,27953.0,0.7923,0.9706,0.8163,1.0,3.0,3.0,0.0,0.0,1594.16,7.67,3,6,2,3,15,4,0,1,10,0,0
965,15.8,120.62,2,28800.0,0.4081,1.0,0.4081,1.0,2.0,2.0,0.0,0.0,1594.16,7.97,3,6,10,3,15,4,0,0,10,0,0
1050,37.73,131.25,4,28800.0,1.0,1.0,1.0,1.0,4.0,4.0,0.0,0.0,1594.16,8.43,3,6,21,3,15,4,0,0,10,0,0
875,36.27,109.38,3,28800.0,0.9342,1.0,0.9342,1.0,1.0,1.0,0.0,0.0,1594.16,8.62,3,6,1,4,15,4,0,1,10,0,1
1050,42.22,139.96,5,27008.0,0.9378,0.9378,1.0,1.0,5.0,5.0,0.0,0.0,1594.16,8.88,3,6,7,4,15,4,0,0,10,0,1
1050,40.1,139.6,2,27078.0,0.9402,0.9402,1.0,1.0,2.0,2.0,0.0,0.0,1594.16,9.36,3,6,19,4,15,4,0,0,10,0,1
1005,30.31,143.01,1,25715.625,0.8784,0.8929374999999999,1.0,1.0,1.0,1.0,0.0,0.0,1594.16,9.53,4,6,23,4,15,4,0,1,10,0,0
848,35.61,106.0,3,28800.0,0.9472,1.0,0.9472,1.0,3.0,3.0,0.0,0.0,1640.09,9.82,4,6,6,5,15,4,1,0,10,0,0
1000,12.47,125.0,4,28800.0,0.2689,1.0,0.3361,1.0,5.0,4.0,0.0,0.0,1640.09,10.16,4,6,14,5,15,4,1,0,10,0,0
1005,46.52,125.62,4,28800.0,1.0,1.0,1.0,1.0,3.0,3.0,0.0,0.0,1640.09,10.6,3,6,1,6,15,4,1,1,10,0,3
777,40.41,100.1,2,27943.0,0.8115,0.9702,0.8364,1.0,2.0,2.0,0.0,0.0,1640.09,10.93,3,6,9,6,15,4,1,0,10,0,3
1016,17.42,131.35,3,27846.0,0.5553,0.9669,0.5743,1.0,5.0,5.0,0.0,0.0,1694.67,11.77,4,6,5,0,16,4,0,1,10,0,0
778,11.65,97.25,3,28800.0,0.2615,1.0,0.2615,1.0,3.0,3.0,0.0,0.0,1694.67,11.89,4,6,8,0,16,4,0,0,10,0,0
928,22.87,116.0,4,28800.0,0.5942,1.0,0.5942,1.0,4.0,4.0,0.0,0.0,1694.67,12.32,3,6,18,0,16,4,0,0,10,0,0
1018,34.74,127.25,5,28800.0,0.9204,1.0,0.9204,1.0,3.0,3.0,0.0,0.0,1694.67,12.7,2,6,3,1,16,4,0,1,10,0,0
970,34.56,121.25,6,28800.0,1.0,1.0,1.0,1.0,6.0,6.0,0.0,0.0,1694.67,12.99,2,6,10,1,16,4,0,0,10,0,3
1050,22.19,131.25,2,28800.0,0.7551,1.0,0.7551,1.0,2.0,2.0,0.0,0.0,1694.67,13.4,2,6,20,1,16,4,0,0,10,0,3
1050,15.91,131.25,3,28800.0,0.4495,1.0,0.4495,1.0,5.0,4.0,0.0,0.0,1694.67,13.77,2,5,5,2,16,4,0,1,10,0,3
982,45.36,136.43,4,25912.0,0.8997,0.8997,1.0,1.0,4.0,4.0,0.0,0.0,1814.35,13.89,3,5,8,2,16,4,0,0,10,0,0
840,18.89,118.8,4,25715.625,0.4157,0.8929374999999999,0.4703,1.0,4.0,4.0,0.0,0.0,1814.35,14.24,3,5,16,2,16,4,0,0,10,0,0
1032,49.51,136.46,4,27226.0,0.7562,0.9453,1.0,1.0,5.0,4.0,0.0,0.0,1814.35,14.54,3,5,23,2,16,4,0,1,10,0,0
1020,23.85,127.5,5,28800.0,0.6364,1.0,0.6364,1.0,5.0,5.0,0.0,0.0,1814.35,15.04,3,4,11,3,16,4,0,0,10,0,0
1050,34.54,131.25,1,28800.0,0.5,1.0,1.0,1.0,2.0,1.0,0.0,0.0,1814.35,15.21,3,4,15,3,16,4,0,0,10,0,0
985,30.03,123.12,4,28800.0,0.6235,1.0,0.7794,1.0,5.0,4.0,0.0,0.0,1814.35,15.49,3,4,22,3,16,4,0,1,10,0,0
854,32.1,106.75,3,28800.0,0.7274,1.0,0.7274,1.0,3.0,3.0,0.0,0.0,1814.35,16.01,3,4,11,4,16,4,0,0,10,0,0
1050,47.73,131.25,6,28800.0,1.0,1.0,1.0,1.0,6.0,6.0,0.0,0.0,1814.35,16.19,3,4,15,4,16,4,0,0,10,0,0
1050,29.17,131.25,3,28800.0,0.8127,1.0,0.8127,1.0,5.0,5.0,0.0,0.0,1814.35,16.66,2,4,2,5,16,4,1,1,10,0,0
1050,15.52,131.25,4,28800.0,0.4557,1.0,0.4557,1.0,4.0,4.0,0.0,0.0,1814.35,16.96,2,4,9,5,16,4,1,0,10,0,0
1050,23.9,131.25,4,28800.0,0.7102,1.0,0.7102,1.0,4.0,4.0,0.0,0.0,1814.35,17.41,2,4,20,5,16,4,1,0,10,0,0
893,30.46,111.62,5,28800.0,0.7854,1.0,0.7854,1.0,6.0,6.0,0.0,0.0,1814.35,17.64,2,4,2,6,16,4,1,1,10,0,0
947,30.76,118.38,2,28800.0,0.8891,1.0,0.8891,1.0,2.0,2.0,0.0,0.0,1814.35,17.94,2,4,9,6,16,4,1,0,10,0,0
1017,25.84,127.12,4,28800.0,0.6018,1.0,0.7522,1.0,5.0,4.0,0.0,0.0,1814.35,18.14,2,4,14,6,16,4,1,0,10,0,0
791,24.67,98.88,6,28800.0,0.5842,1.0,0.5842,1.0,3.0,3.0,0.0,0.0,1814.35,18.79,1,4,5,0,17,4,0,1,10,0,0
984,38.44,125.09,2,28318.0,0.9833,0.9833,1.0,1.0,2.0,2.0,0.0,0.0,1850.35,19.03,1,4,11,0,17,4,0,0,10,0,0
1050,24.22,133.16,2,28386.0,0.7532,0.9856,0.7642,1.0,2.0,2.0,0.0,0.0,1850.35,19.43,1,4,21,0,17,4,0,0,10,0,3
1026,18.1,130.97,3,28201.0,0.5162,0.9792,0.5272,1.0,4.0,4.0,0.0,0.0,1850.35,19.56,1,4,0,1,17,4,0,1,10,0,3
1027,33.03,134.12,6,27567.0,0.8844,0.9572,0.9239,1.0,6.0,6.0,0.0,0.0,1850.35,19.86,1,4,7,1,17,4,0,0,10,0,3
1050,17.56,143.03,6,26428.0,0.5505,0.9176,0.5999,1.0,6.0,6.0,0.0,0.0,1850.35,20.15,1,4,14,1,17,4,0,0,10,0,3
1050,33.66,143.34,4,26371.0,0.9157,0.9157,1.0,1.0,5.0,5.0,0.0,0.0,1903.53,20.77,2,4,5,2,17,4,0,1,10,0,0
1050,35.48,131.25,6,28800.0,1.0,1.0,1.0,1.0,6.0,6.0,0.0,0.0,1903.53,21.02,1,4,11,2,17,4,0,0,10,0,0
983,29.73,122.88,4,28800.0,0.8898,1.0,0.8898,1.0,4.0,4.0,0.0,0.0,1903.53,21.34,1,4,18,2,17,4,0,0,10,0,0
1019,42.85,127.38,5,28800.0,1.0,1.0,1.0,1.0,7.0,6.0,0.0,0.0,1903.53,21.56,1,4,0,3,17,4,0,1,10,0,0
989,19.15,123.62,3,28800.0,0.58,1.0,0.58,1.0,3.0,3.0,0.0,0.0,1903.53,21.92,1,4,8,3,17,4,0,0,10,0,3
800,19.25,100.0,1,28800.0,0.2442,1.0,0.4883,1.0,2.0,1.0,0.0,0.0,1903.53,22.38,1,4,20,3,17,4,0,0,10,0,3
967,38.87,120.88,6,28800.0,0.8571,1.0,1.0,1.0,6.0,6.0,0.0,0.0,1903.53,22.74,2,4,4,4,17,4,0,1,10,0,0
795,34.35,121.16,3,25715.625,0.8202,0.8929374999999999,1.0,1.0,3.0,3.0,0.0,0.0,1935.05,22.9,2,4,8,4,17,4,0,0,10,0,0
1033,35.17,146.51,3,25715.625,0.8814,0.8929374999999999,1.0,1.0,3.0,3.0,0.0,0.0,1935.05,23.21,2,4,15,4,17,4,0,0,10,0,3
745,22.27,109.95,6,25715.625,0.5489,0.8929374999999999,0.6481,1.0,3.0,3.0,0.0,0.0,1935.05,23.69,2,4,3,5,17,4,1,1,10,0,3
940,17.45,134.91,3,25715.625,0.4919,0.8929374999999999,0.5648,1.0,3.0,3.0,0.0,0.0,1935.05,23.98,2,4,10,5,17,4,1,0,10,0,3
857,19.52,113.91,4,27084.0,0.4966,0.9404,0.5281,1.0,4.0,4.0,0.0,0.0,1946.61,24.35,3,4,19,5,17,4,1,0,10,0,0
892,40.28,128.34,3,25715.625,0.8688,0.8929374999999999,1.0,1.0,4.0,4.0,0.0,0.0,2005.23,24.78,4,4,5,6,17,4,1,1,10,0,0
895,21.73,114.87,2,28050.0,0.5989,0.974,0.6149,1.0,2.0,2.0,0.0,0.0,2005.23,24.783749,4,4,9,6,17,4,1,0,10,0,0
863,10.02,111.77,3,27797.0,0.2871,0.9652,0.2974,1.0,3.0,3.0,0.0,0.0,2005.23,24.783749,4,4,18,6,17,4,1,0,10,0,0
1050,15.44,134.64,4,28074.0,0.4383,0.9748,0.4496,1.0,4.0,4.0,0.0,0.0,2005.23,24.783749,4,4,0,0,18,4,0,1,10,0,0
1009,24.34,126.12,4,28800.0,0.8447,1.0,0.8447,1.0,4.0,4.0,0.0,0.0,2005.23,24.783749,4,4,7,0,18,4,0,0,10,0,0
1001,37.24,125.12,3,28800.0,1.0,1.0,1.0,1.0,3.0,3.0,0.0,0.0,2005.23,24.783749,4,4,20,0,18,4,0,0,10,0,1
1004,44.27,134.54,5,26864.0,0.9328,0.9328,1.0,1.0,5.0,5.0,0.0,0.0,2005.23,24.783749,4,1,11,1,18,4,0,0,10,0,1
1050,26.62,139.44,6,27109.0,0.9359,0.9413,0.9943,1.0,6.0,6.0,0.0,0.0,2196.66,24.783749,5,1,17,1,18,4,0,0,10,0,0
976,29.47,128.25,2,27396.0,0.5312,0.9513,0.8376,1.0,2.0,2.0,0.0,0.0,2196.66,24.783749,4,1,1,2,18,4,0,1,10,0,0
1050,27.43,131.25,2,28800.0,0.762,1.0,0.762,1.0,2.0,2.0,0.0,0.0,2196.66,24.783749,4,1,8,2,18,4,0,0,10,0,0
948,42.33,118.5,4,28800.0,1.0,1.0,1.0,1.0,4.0,4.0,0.0,0.0,2196.66,24.783749,4,1,17,2,18,4,0,0,10,0,0
964,46.52,120.5,2,28800.0,1.0,1.0,1.0,1.0,4.0,4.0,0.0,0.0,2196.66,24.783749,4,1,0,3,18,4,0,1,10,0,0
1050,27.4,131.25,6,28800.0,0.7879,1.0,0.7879,1.0,6.0,6.0,0.0,0.0,2196.66,24.783749,4,1,11,3,18,4,0,0,10,0,0
980,22.86,122.5,5,28800.0,0.5965,1.0,0.5965,1.0,5.0,5.0,0.0,0.0,2196.66,24.783749,4,1,21,3,18,4,0,0,10,0,0
973,22.56,121.62,4,28800.0,0.7176,1.0,0.7176,1.0,3.0,3.0,0.0,0.0,2196.66,24.783749,4,1,0,4,18,5,0,1,10,0,0
1050,12.93,131.25,5,28800.0,0.3927,1.0,0.3927,1.0,5.0,5.0,0.0,0.0,2196.66,24.783749,3,1,8,4,18,5,0,0,10,0,0
1000,39.11,125.0,6,28800.0,1.0,1.0,1.0,1.0,6.0,6.0,0.0,0.0,2196.66,24.783749,3,0,18,4,18,5,0,0,10,0,0
1050,15.51,131.25,3,28800.0,0.4915,1.0,0.4915,1.0,3.0,3.0,0.0,0.0,2196.66,24.783749,3,0,23,4,18,5,0,1,10,0,0
928,15.66,116.0,2,28800.0,0.4588,1.0,0.4588,1.0,2.0,2.0,0.0,0.0,2196.66,24.783749,2,0,21,5,18,5,1,0,10,0,0
1050,50.25,131.25,4,28800.0,0.8,1.0,1.0,1.0,3.0,3.0,0.0,0.0,2196.66,24.783749,2,0,3,6,18,5,1,1,10,0,0
986,39.37,123.25,6,28800.0,1.0,1.0,1.0,1.0,6.0,6.0,0.0,0.0,2196.66,24.783749,1,0,9,6,18,5,1,0,10,0,0
1050,11.53,131.25,3,28800.0,0.3755,1.0,0.3755,1.0,3.0,3.0,0.0,0.0,2196.66,24.783749,1,0,22,6,18,5,1,1,10,0,0
1043,46.77,130.38,6,28800.0,1.0,1.0,1.0,1.0,6.0,6.0,0.0,0.0,2196.66,24.783749,1,0,6,0,19,5,0,0,10,0,0
855,12.23,106.88,4,28800.0,0.2957,1.0,0.2957,1.0,4.0,4.0,0.0,0.0,2196.66,24.783749,1,0,20,0,19,5,0,0,10,0,0
889,12.24,111.12,2,28800.0,0.3578,1.0,0.3578,1.0,7.0,7.0,0.0,0.0,2196.66,24.783749,1,0,4,1,19,5,0,1,10,0,0
948,34.44,118.5,6,28800.0,0.892,1.0,0.892,1.0,6.0,6.0,0.0,0.0,2196.66,24.783749,1,0,8,1,19,5,0,0,10,0,0
1003,25.98,125.38,4,28800.0,0.722,1.0,0.722,1.0,4.0,4.0,0.0,0.0,2196.66,24.783749,0,0,20,1,19,5,0,0,10,0,3
1050,34.46,131.25,7,28800.0,1.0,1.0,1.0,1.0,7.0,7.0,0.0,0.0,2196.66,24.783749,0,0,23,1,19,5,0,1,10,0,3
1002,38.04,125.25,4,28800.0,1.0,1.0,1.0,1.0,4.0,4.0,0.0,0.0,2196.66,24.783749,0,0,10,2,19,5,0,0,10,0,3
1009,27.93,126.12,3,28800.0,0.8601,1.0,0.8601,1.0,3.0,3.0,0.0,0.0,2196.66,24.783749,0,0,14,2,19,5,0,0,10,0,3
1050,21.14,131.25,3,28800.0,0.6358,1.0,0.6358,1.0,5.0,5.0,0.0,0.0,2266.35,24.783749,0,0,3,3,19,5,0,1,10,0,0
949,43.73,118.62,2,28800.0,1.0,1.0,1.0,1.0,2.0,2.0,0.0,0.0,2266.35,24.783749,0,0,13,3,19,5,0,0,10,0,0
1050,17.05,131.25,6,28800.0,0.5108,1.0,0.5108,1.0,6.0,6.0,0.0,0.0,2266.35,24.783749,0,0,21,3,19,5,0,0,10,0,0
940,23.19,117.5,5,28800.0,0.5705,1.0,0.5705,1.0,4.0,4.0,0.0,0.0,2266.35,24.783749,0,0,3,4,19,5,0,1,10,0,0
1050,38.85,131.25,3,28800.0,0.75,1.0,1.0,1.0,4.0,3.0,0.0,0.0,2266.35,24.783749,0,0,8,4,19,5,0,0,10,0,0
887,13.12,110.88,4,28800.0,0.3865,1.0,0.3865,1.0,4.0,4.0,0.0,0.0,2266.35,24.783749,0,0,16,4,19,5,0,0,10,0,0
1045,38.97,130.62,4,28800.0,1.0,1.0,1.0,1.0,5.0,5.0,0.0,0.0,2266.35,24.783749,0,0,0,5,19,5,1,1,10,0,3
1032,12.64,132.97,4,27940.0,0.3472,0.9701,0.3579,1.0,4.0,4.0,0.0,0.0,2266.35,24.783749,0,0,7,5,19,5,1,0,10,0,3
1050,40.56,135.51,5,27894.0,0.9685,0.9685,1.0,1.0,5.0,5.0,0.0,0.0,2266.35,24.783749,0,0,14,5,19,5,1,0,10,0,3
1007,35.57,132.19,5,27425.0,0.9523,0.9523,1.0,1.0,4.0,4.0,0.0,0.0,2397.26,24.783749,1,0,3,6,19,5,1,1,10,0,0
1019,24.11,127.38,5,28800.0,0.8028,1.0,0.8028,1.0,5.0,5.0,0.0,0.0,2397.26,24.783749,1,0,8,6,19,5,1,0,10,0,0
788,36.24,98.5,4,28800.0,0.7735,1.0,0.7735,1.0,4.0,4.0,0.0,0.0,2397.26,24.783749,1,0,15,6,19,5,1,0,10,0,0
1038,22.47,129.75,2,28800.0,0.6401,1.0,0.6401,1.0,2.0,2.0,0.0,0.0,2397.26,24.783749,1,0,13,0,20,5,0,0,10,0,0
924,14.14,115.5,5,28800.0,0.4261,1.0,0.4261,1.0,5.0,5.0,0.0,0.0,2397.26,24.783749,1,0,18,0,20,5,0,0,10,0,0
966,29.88,120.75,2,28800.0,0.8821,1.0,0.8821,1.0,2.0,2.0,0.0,0.0,2397.26,24.783749,1,0,9,1,20,5,0,0,10,0,0
1035,22.5,129.38,3,28800.0,0.4787,1.0,0.6383,1.0,4.0,3.0,0.0,0.0,2397.26,24.783749,1,0,19,1,20,5,0,0,10,0,0
1050,33.78,131.25,6,28800.0,1.0,1.0,1.0,1.0,5.0,4.0,0.0,0.0,2397.26,24.783749,1,0,5,2,20,5,0,1,10,0,0
941,52.47,117.62,2,28800.0,1.0,1.0,1.0,1.0,2.0,2.0,0.0,0.0,2397.26,24.783749,1,0,7,2,20,5,0,0,10,0,0
977,46.95,122.12,4,28800.0,1.0,1.0,1.0,1.0,4.0,4.0,0.0,0.0,2397.26,24.783749,1,0,15,2,20,5,0,0,10,0,0
951,33.54,118.88,4,28800.0,0.8,1.0,1.0,1.0,5.0,5.0,0.0,0.0,2397.26,24.783749,1,0,3,3,20,5,0,1,10,0,0
1012,24.62,126.5,6,28800.0,0.7003,1.0,0.7003,1.0,6.0,6.0,0.0,0.0,2397.26,24.783749,1,0,11,3,20,5,0,0,10,0,0
899,43.35,112.38,6,28800.0,1.0,1.0,1.0,1.0,6.0,6.0,0.0,0.0,2397.26,24.783749,1,0,19,3,20,5,0,0,10,0,0
1050,32.18,131.25,5,28800.0,1.0,1.0,1.0,1.0,4.0,4.0,0.0,0.0,2397.26,24.783749,1,0,0,4,20,5,0,1,10,0,0
981,44.39,130.29,3,27105.0,0.9411,0.9411,1.0,1.0,3.0,3.0,0.0,0.0,2417.45,0.18,1,1,11,4,20,5,0,0,10,0,3
972,25.13,134.29,4,26057.0,0.6359,0.9048,0.7028,1.0,4.0,4.0,0.0,0.0,2417.45,0.38,1,1,15,4,20,5,0,0,10,0,3
989,43.88,139.17,4,25715.625,0.8883,0.8929374999999999,1.0,1.0,7.0,7.0,0.0,0.0,2417.45,0.83,1,1,2,5,20,5,1,1,10,0,3
1050,16.18,146.72,3,25763.0,0.5297,0.8945,0.5922,1.0,3.0,3.0,0.0,0.0,2497.29,1.13,2,1,9,5,20,5,1,0,10,0,0
1050,39.32,147.03,2,25715.625,0.8927,0.8929374999999999,1.0,1.0,2.0,2.0,0.0,0.0,2497.29,1.32,2,1,14,5,20,5,1,0,10,0,0
1050,36.88,142.03,7,26615.0,0.9241,0.9241,1.0,1.0,2.0,2.0,0.0,0.0,2497.29,1.72,1,1,0,6,20,5,1,1,10,0,0
1024,15.05,128.0,2,28800.0,0.4864,1.0,0.4864,1.0,2.0,2.0,0.0,0.0,2497.29,2.01,1,1,6,6,20,5,1,0,10,0,0
990,40.23,123.75,2,28800.0,1.0,1.0,1.0,1.0,2.0,2.0,0.0,0.0,2497.29,2.35,1,1,15,6,20,5,1,0,10,0,0
1050,11.54,131.25,2,28800.0,0.4145,1.0,0.4145,1.0,2.0,2.0,0.0,0.0,2497.29,2.71,1,1,23,6,20,5,1,1,10,0,0
985,14.54,123.12,6,28800.0,0.4306,1.0,0.4306,1.0,6.0,6.0,0.0,0.0,2497.29,3.28,1,1,13,0,21,5,0,0,10,0,0
1050,33.87,131.25,2,28800.0,0.9829,1.0,0.9829,1.0,2.0,2.0,0.0,0.0,2497.29,3.32,1,1,14,0,21,5,0,0,10,0,3
1029,28.01,128.62,5,28800.0,0.766,1.0,0.766,1.0,5.0,5.0,0.0,0.0,2497.29,3.7,1,1,23,0,21,5,0,1,10,0,3
1041,20.95,138.92,3,26976.0,0.617,0.9367,0.6587,1.0,3.0,3.0,0.0,0.0,2497.29,4.01,1,1,6,1,21,5,0,0,10,0,3
956,10.08,126.68,4,27168.0,0.2785,0.9433,0.2952,1.0,4.0,4.0,0.0,0.0,2517.45,4.55,2,1,19,1,21,5,0,0,10,0,0
1050,29.74,137.95,3,27402.0,0.8226,0.9515,0.8645,1.0,3.0,3.0,0.0,0.0,2517.45,4.65,2,1,22,1,21,5,0,1,10,0,0
1050,12.12,137.91,2,27410.0,0.2549,0.9517,0.4018,1.0,3.0,2.0,0.0,0.0,2581.23,5.25,3,1,12,2,21,5,0,0,10,0,0
887,29.04,113.56,2,28120.0,0.469,0.9764,0.7205,1.0,3.0,2.0,0.0,0.0,2581.23,5.37,3,1,15,2,21,5,0,0,10,0,0
1050,22.08,134.43,2,28119.0,0.6756,0.9764,0.6919,1.0,4.0,4.0,0.0,0.0,2581.23,5.83,3,1,2,3,21,5,0,1,10,0,0
904,35.99,113.0,3,28800.0,0.6497,1.0,0.8663,1.0,4.0,3.0,0.0,0.0,2581.23,6.07,3,1,8,3,21,5,0,0,10,0,0
1050,25.14,131.25,3,28800.0,0.7853,1.0,0.7853,1.0,3.0,3.0,0.0,0.0,2581.23,6.49,3,1,18,3,21,5,0,0,10,0,0
1050,9.99,131.25,4,28800.0,0.3219,1.0,0.3219,1.0,3.0,3.0,0.0,0.0,2581.23,6.92,3,1,4,4,21,5,0,1,10,0,3
1036,26.39,129.5,4,28800.0,0.7589,1.0,0.9486,1.0,5.0,4.0,0.0,0.0,2581.23,6.98,3,1,6,4,21,5,0,0,10,0,3
1050,43.21,131.25,5,28800.0,1.0,1.0,1.0,1.0,5.0,5.0,0.0,0.0,2581.23,7.5,3,1,18,4,21,5,0,0,10,0,3
1050,22.47,131.25,3,28800.0,0.653,1.0,0.653,1.0,3.0,3.0,0.0,0.0,2581.23,7.65,3,1,22,4,21,5,0,1,10,0,3
1020,26.92,141.23,6,26001.0,0.8995,0.9028,0.9964,1.0,6.0,6.0,0.0,0.0,2591.12,8.33,2,1,14,5,21,5,1,0,10,0,2
1050,13.75,153.18,2,25715.625,0.4575,0.8929374999999999,0.534,1.0,4.0,4.0,0.0,0.0,2611.26,8.95,3,1,5,6,21,5,1,1,10,0,3
1050,21.0,149.8,5,25715.625,0.6989,0.8929374999999999,0.7977,1.0,5.0,5.0,0.0,0.0,2611.26,9.21,3,1,11,6,21,5,1,0,10,0,3
744,32.11,99.41,4,26944.0,0.6216,0.9356,0.6644,1.0,3.0,3.0,0.0,0.0,2791.49,9.94,4,1,5,0,22,5,0,1,10,0,0
1011,41.96,126.38,3,28800.0,1.0,1.0,1.0,1.0,3.0,3.0,0.0,0.0,2791.49,10.12,4,1,9,0,22,5,0,0,10,0,0
1043,36.45,130.38,3,28800.0,1.0,1.0,1.0,1.0,3.0,3.0,0.0,0.0,2791.49,10.4,4,1,16,0,22,5,0,0,10,0,0
927,38.75,115.88,3,28800.0,1.0,1.0,1.0,1.0,5.0,5.0,0.0,0.0,2791.49,10.82,4,1,2,1,22,5,0,1,10,0,0
1029,31.46,128.62,4,28800.0,0.8,1.0,1.0,1.0,5.0,4.0,0.0,0.0,2791.49,11.18,4,1,10,1,22,5,0,0,10,0,0
1050,38.24,131.25,3,28800.0,1.0,1.0,1.0,1.0,3.0,3.0,0.0,0.0,2791.49,11.39,3,1,15,1,22,5,0,0,10,0,0
1050,16.63,131.25,5,28800.0,0.5002,1.0,0.5002,1.0,5.0,5.0,0.0,0.0,2791.49,11.66,3,1,22,1,22,5,0,1,10,0,0
1050,32.0,131.25,5,28800.0,1.0,1.0,1.0,1.0,5.0,5.0,0.0,0.0,2791.49,11.97,3,1,6,2,22,5,0,0,10,0,0
894,46.63,111.75,2,28800.0,1.0,1.0,1.0,1.0,2.0,2.0,0.0,0.0,2791.49,12.49,2,1,18,2,22,5,0,0,10,0,0
1004,43.67,125.5,4,28800.0,1.0,1.0,1.0,1.0,2.0,2.0,0.0,0.0,2791.49,12.78,2,1,1,3,22,5,0,1,10,0,0
1050,20.37,131.25,5,28800.0,0.6171,1.0,0.7405,1.0,6.0,5.0,0.0,0.0,2791.49,13.08,2,1,8,3,22,5,0,0,10,0,0
900,25.42,112.5,3,28800.0,0.6787,1.0,0.6787,1.0,3.0,3.0,0.0,0.0,2791.49,13.5,2,1,18,3,22,5,0,0,10,0,0
1009,40.75,126.12,2,28800.0,1.0,1.0,1.0,1.0,5.0,5.0,0.0,0.0,2791.49,13.73,2,1,0,4,22,5,0,1,10,0,0
834,9.03,104.25,3,28800.0,0.2519,1.0,0.2519,1.0,3.0,3.0,0.0,0.0,2791.49,14.06,2,1,8,4,22,5,0,0,10,0,0
989,13.46,123.62,5,28800.0,0.3497,1.0,0.4196,1.0,6.0,5.0,0.0,0.0,2791.49,14.61,2,1,21,4,22,5,0,0,10,0,0
985,15.09,123.12,5,28800.0,0.5154,1.0,0.5154,1.0,3.0,3.0,0.0,0.0,2791.49,14.85,2,1,3,5,22,5,1,1,10,0,0
1010,31.56,126.25,1,28800.0,0.5,1.0,1.0,1.0,2.0,1.0,0.0,0.0,2791.49,15.18,2,1,10,5,22,5,1,0,10,0,0
1015,12.74,126.88,3,28800.0,0.3296,1.0,0.4395,1.0,4.0,3.0,0.0,0.0,2791.49,15.38,2,1,15,5,22,5,1,0,10,0,0
1050,25.59,131.25,3,28800.0,0.8334,1.0,0.8334,1.0,3.0,3.0,0.0,0.0,2791.49,15.72,1,1,23,5,22,5,1,1,10,0,0
1045,32.1,130.62,5,28800.0,0.9779,1.0,0.9779,1.0,5.0,5.0,0.0,0.0,2791.49,16.28,1,1,13,6,22,5,1,0,10,0,3
923,21.49,115.38,3,28800.0,0.5496,1.0,0.5496,1.0,3.0,3.0,0.0,0.0,2791.49,16.67,0,1,22,6,22,5,1,1,10,0,3
970,14.55,138.05,2,25715.625,0.4591,0.8929374999999999,0.5227,1.0,2.0,2.0,0.0,0.0,2791.49,17.1,1,1,9,0,23,6,0,0,10,0,0
1050,11.01,151.38,2,25715.625,0.3413,0.8929374999999999,0.3936,1.0,2.0,2.0,0.0,0.0,2849.79,17.63,1,1,21,0,23,6,0,0,10,0,0
1050,34.1,131.25,6,28800.0,1.0,1.0,1.0,1.0,6.0,6.0,0.0,0.0,2849.79,18.13,1,1,9,1,23,6,0,0,10,0,0
898,17.9,112.25,2,28800.0,0.4241,1.0,0.4241,1.0,2.0,2.0,0.0,0.0,2849.79,18.52,1,1,19,1,23,6,0,0,10,0,0
1050,42.01,131.25,2,28800.0,1.0,1.0,1.0,1.0,2.0,2.0,0.0,0.0,2849.79,18.64,1,1,22,1,23,6,0,1,10,0,3
974,12.13,127.4,2,27522.0,0.3239,0.9556,0.339,1.0,2.0,2.0,0.0,0.0,2849.79,19.19,1,1,11,2,23,6,0,0,10,0,3
1037,28.75,136.71,6,27308.0,0.9482,0.9482,1.0,1.0,6.0,6.0,0.0,0.0,2849.79,19.45,1,1,17,2,23,6,0,0,10,0,3
1027,23.17,141.87,5,26061.0,0.7267,0.9049,0.8031,1.0,5.0,4.0,0.0,0.0,2870.82,19.91,2,1,4,3,23,6,0,1,10,0,1
952,27.02,142.46,6,25715.625,0.7487,0.8929374999999999,0.8963,1.0,6.0,6.0,0.0,0.0,2870.82,20.23,2,1,12,3,23,6,0,0,10,0,1
944,16.18,148.3,5,25715.625,0.4586,0.8929374999999999,0.5763,1.0,5.0,5.0,0.0,0.0,2870.82,20.61,3,1,21,3,23,6,0,0,10,0,0
973,11.18,131.91,4,26555.0,0.267,0.922,0.362,1.0,6.0,4.0,0.0,0.0,2881.33,20.96,3,1,5,4,23,6,0,1,10,0,0
1050,50.5,168.25,4,25715.625,0.7801,0.8929374999999999,1.0,1.0,4.0,4.0,0.0,0.0,2881.33,21.1,3,2,9,4,23,6,0,0,10,0,0
889,15.34,173.66124,5,25715.625,0.4615,0.8929374999999999,0.7645,1.0,5.0,5.0,0.0,0.0,2883.33,0.04,3,2,14,4,23,6,0,0,10,0,0
1050,37.56,173.66124,4,25715.625,0.388,0.8929374999999999,1.0,1.0,2.0,2.0,0.0,0.0,2906.55,0.4,3,3,3,5,23,6,1,1,10,0,3
1050,40.94,135.16,2,27967.0,0.6474,0.9711,1.0,1.0,3.0,2.0,0.0,0.0,2906.55,0.52,3,3,6,5,23,6,1,0,10,0,3
1000,41.95,128.03,5,28119.0,0.9764,0.9764,1.0,1.0,5.0,5.0,0.0,0.0,3045.34,1.02,4,3,18,5,23,6,1,0,10,0,0
889,37.61,115.31,2,27754.0,0.9637,0.9637,1.0,1.0,5.0,5.0,0.0,0.0,3045.34,1.41,4,3,4,6,23,6,1,1,10,0,0
869,18.86,108.62,4,28800.0,0.5226,1.0,0.5226,1.0,4.0,4.0,0.0,0.0,3045.34,1.58,4,3,8,6,23,6,1,0,10,0,0
1022,37.68,127.75,3,28800.0,0.75,1.0,1.0,1.0,4.0,3.0,0.0,0.0,3045.34,2.1,4,3,20,6,23,6,1,0,10,0,0
958,31.11,119.75,5,28800.0,0.8842,1.0,0.8842,1.0,3.0,3.0,0.0,0.0,3045.34,2.48,4,3,5,0,24,6,0,1,10,0,0
1050,31.51,131.25,6,28800.0,0.9446,1.0,0.9446,1.0,6.0,6.0,0.0,0.0,3045.34,2.73,3,3,11,0,24,6,0,0,10,0,0
852,18.77,106.5,3,28800.0,0.4591,1.0,0.4591,1.0,3.0,3.0,0.0,0.0,3045.34,2.94,3,3,16,0,24,6,0,0,10,0,0
989,12.73,123.62,3,28800.0,0.4313,1.0,0.4313,1.0,5.0,5.0,0.0,0.0,3045.34,3.44,3,3,4,1,24,6,0,1,10,0,0
825,41.41,103.12,3,28800.0,0.9407,1.0,0.9407,1.0,3.0,3.0,0.0,0.0,3045.34,3.76,3,3,12,1,24,6,0,0,10,0,0
1050,41.0,131.25,3,28800.0,1.0,1.0,1.0,1.0,3.0,3.0,0.0,0.0,3045.34,4.09,3,3,20,1,24,6,0,0,10,0,0
922,14.57,115.25,5,28800.0,0.4197,1.0,0.4197,1.0,5.0,5.0,0.0,0.0,3045.34,4.16,3,3,22,1,24,6,0,1,10,0,0
1050,41.28,131.25,4,28800.0,1.0,1.0,1.0,1.0,4.0,4.0,0.0,0.0,3045.34,4.53,3,3,7,2,24,6,0,0,10,0,0
1050,36.85,131.25,2,28800.0,1.0,1.0,1.0,1.0,2.0,2.0,0.0,0.0,3045.34,5.13,2,3,21,2,24,6,0,0,10,0,0
847,43.75,105.88,0,28800.0,0.9666,1.0,1.0,1.0,4.0,3.0,0.0,0.0,3045.34,5.35,2,3,2,3,24,6,0,1,10,0,0
911,14.34,113.88,5,28800.0,0.3502,1.0,0.3502,1.0,5.0,5.0,0.0,0.0,3045.34,5.71,2,3,11,3,24,6,0,0,10,0,0
986,41.96,123.25,4,28800.0,1.0,1.0,1.0,1.0,4.0,4.0,0.0,0.0,3045.34,6.13,1,3,21,3,24,6,0,0,10,0,3
1040,45.14,130.0,3,28800.0,0.75,1.0,1.0,1.0,3.0,3.0,0.0,0.0,3045.34,6.44,1,3,4,4,24,6,0,1,10,0,3
873,9.14,112.07,3,28043.0,0.2628,0.9737,0.2699,1.0,3.0,3.0,0.0,0.0,3045.34,6.67,1,3,10,4,24,6,0,0,10,0,3
949,18.29,121.77,2,28056.0,0.4936,0.9742,0.5067,1.0,2.0,2.0,0.0,0.0,3240.08,7.03,2,3,18,4,24,6,0,0,10,0,0
1050,26.6,134.78,3,28046.0,0.9107,0.9738,0.9352,1.0,4.0,4.0,0.0,0.0,3240.08,7.3,2,3,1,5,24,6,1,1,10,0,0
1050,44.34,131.25,6,28800.0,1.0,1.0,1.0,1.0,6.0,6.0,0.0,0.0,3240.08,7.71,2,3,11,5,24,6,1,0,10,0,0
937,18.96,117.12,4,28800.0,0.5121,1.0,0.5121,1.0,4.0,4.0,0.0,0.0,3240.08,8.13,1,3,21,5,24,6,1,0,10,0,0
1050,34.48,131.25,4,28800.0,0.9483,1.0,0.9483,1.0,4.0,3.0,0.0,0.0,3240.08,8.41,1,3,4,6,24,6,1,1,10,0,0
1050,19.91,131.25,4,28800.0,0.6552,1.0,0.6552,1.0,4.0,4.0,0.0,0.0,3240.08,8.8,1,2,13,6,24,6,1,0,10,0,0
1001,12.55,125.12,4,28800.0,0.3691,1.0,0.3691,1.0,4.0,4.0,0.0,0.0,3240.08,9.14,1,2,21,6,24,6,1,0,10,0,0
995,42.16,124.38,3,28800.0,0.75,1.0,1.0,1.0,3.0,3.0,0.0,0.0,3240.08,9.46,1,2,5,0,25,6,0,1,10,0,0
1050,32.62,131.25,2,28800.0,1.0,1.0,1.0,1.0,2.0,2.0,0.0,0.0,3240.08,9.62,1,2,9,0,25,6,0,0,10,0,0
1044,42.67,130.5,6,28800.0,1.0,1.0,1.0,1.0,6.0,6.0,0.0,0.0,3240.08,9.95,1,2,17,0,25,6,0,0,10,0,0
1050,16.67,131.25,3,28800.0,0.5028,1.0,0.5028,1.0,3.0,3.0,0.0,0.0,3240.08,10.18,1,2,22,0,25,6,0,1,10,0,0
810,14.71,101.25,6,28800.0,0.3727,1.0,0.3727,1.0,6.0,6.0,0.0,0.0,3240.08,10.55,1,2,7,1,25,6,0,0,10,0,0
983,43.1,122.88,5,28800.0,0.8333,1.0,1.0,1.0,6.0,5.0,0.0,0.0,3240.08,11.05,1,2,19,1,25,6,0,0,10,0,0
954,42.93,119.25,5,28800.0,1.0,1.0,1.0,1.0,5.0,5.0,0.0,0.0,3240.08,11.21,1,2,23,1,25,6,0,1,10,0,0
1050,23.81,131.25,2,28800.0,0.7481,1.0,0.7481,1.0,2.0,2.0,0.0,0.0,3240.08,11.78,1,2,12,2,25,6,0,0,10,0,0
1050,30.6,131.25,3,28800.0,0.91,1.0,0.91,1.0,3.0,3.0,0.0,0.0,3240.08,11.98,1,2,17,2,25,6,0,0,10,0,0
1050,21.94,131.25,2,28800.0,0.7044,1.0,0.7044,1.0,2.0,2.0,0.0,0.0,3240.08,12.2,1,2,23,2,25,6,0,1,10,0,0
1050,37.35,131.25,4,28800.0,1.0,1.0,1.0,1.0,4.0,4.0,0.0,0.0,3240.08,12.73,1,2,11,3,25,6,0,0,10,0,0
1008,21.53,126.0,4,28800.0,0.624,1.0,0.624,1.0,4.0,4.0,0.0,0.0,3240.08,13.08,1,2,20,3,25,6,0,0,10,0,0
961,41.51,120.12,4,28800.0,1.0,1.0,1.0,1.0,1.0,1.0,0.0,0.0,3240.08,13.27,1,2,0,4,25,6,0,1,10,0,0
1050,24.98,131.25,6,28800.0,0.7536,1.0,0.7536,1.0,6.0,6.0,0.0,0.0,3240.08,13.79,1,2,13,4,25,6,0,0,10,0,0
1015,18.68,126.88,2,28800.0,0.5893,1.0,0.5893,1.0,2.0,2.0,0.0,0.0,3240.08,14.03,0,2,18,4,25,6,0,0,10,0,0
1050,11.69,131.25,1,28800.0,0.3442,1.0,0.3442,1.0,7.0,6.0,0.0,0.0,3240.08,14.43,0,2,4,5,25,6,1,1,10,0,0
1020,21.49,152.25,6,25715.625,0.5837,0.8929374999999999,0.697,1.0,6.0,6.0,0.0,0.0,3240.08,14.68,0,2,10,5,25,6,1,0,10,0,0
949,34.9,136.43,4,25715.625,0.8695,0.8929374999999999,1.0,1.0,4.0,4.0,0.0,0.0,3240.08,14.83,0,2,14,5,25,6,1,0,10,0,0
913,28.79,124.97,6,26301.0,0.6165,0.9132,0.7876,1.0,3.0,3.0,0.0,0.0,3260.44,0.28,0,3,2,6,25,6,1,1,10,0,1
854,32.44,116.36,2,26422.0,0.9154,0.9174,0.9978,1.0,2.0,2.0,0.0,0.0,3260.44,0.88,1,3,17,6,25,6,1,0,10,0,0
866,9.84,113.63,3,27436.0,0.2543,0.9526,0.267,1.0,2.0,2.0,0.0,0.0,3346.3,1.27,1,3,2,0,26,6,0,1,10,0,0
1010,21.63,126.25,5,28800.0,0.5851,1.0,0.7021,1.0,6.0,5.0,0.0,0.0,3346.3,1.46,1,3,7,0,26,6,0,0,10,0,0
995,18.81,124.38,2,28800.0,0.6271,1.0,0.6271,1.0,2.0,2.0,0.0,0.0,3346.3,1.97,1,3,19,0,26,6,0,0,10,0,0
1050,34.84,131.25,2,28800.0,0.9651,1.0,0.9651,1.0,8.0,7.0,0.0,0.0,3346.3,2.27,1,3,2,1,26,6,0,1,10,0,0
944,38.33,118.0,6,28800.0,0.9312,1.0,0.9312,1.0,6.0,6.0,0.0,0.0,3346.3,2.5,1,3,8,1,26,6,0,0,10,0,0
947,40.49,118.38,4,28800.0,1.0,1.0,1.0,1.0,4.0,4.0,0.0,0.0,3346.3,2.85,1,3,16,1,26,6,0,0,10,0,0
1050,32.68,131.25,7,28800.0,0.7724,1.0,0.8827,1.0,3.0,3.0,0.0,0.0,3346.3,3.27,1,3,2,2,26,6,0,1,10,0,0
1050,43.38,131.25,6,28800.0,1.0,1.0,1.0,1.0,6.0,6.0,0.0,0.0,3346.3,3.6,1,3,10,2,26,6,0,0,10,0,1
955,22.17,119.38,3,28800.0,0.5548,1.0,0.5548,1.0,3.0,3.0,0.0,0.0,3346.3,4.0,1,3,20,2,26,6,0,0,10,0,1
1050,28.26,131.25,3,28800.0,0.9658,1.0,0.9658,1.0,3.0,3.0,0.0,0.0,3346.3,4.37,1,3,5,3,26,6,0,1,10,0,1
1050,23.97,159.28,2,25715.625,0.7645,0.8929374999999999,0.9278,1.0,2.0,2.0,0.0,0.0,3346.3,4.6,2,3,10,3,26,6,0,0,10,0,3
792,18.53,114.03,5,25715.625,0.4265,0.8929374999999999,0.4913,1.0,5.0,5.0,0.0,0.0,3367.14,4.86,2,3,16,3,26,6,0,0,10,0,3
1050,15.9,143.18,3,26401.0,0.4608,0.9167,0.5027,1.0,5.0,4.0,0.0,0.0,3367.14,5.16,2,3,0,4,26,6,0,1,10,0,3
945,9.13,118.12,2,28800.0,0.2687,1.0,0.2687,1.0,2.0,2.0,0.0,0.0,3367.14,5.41,2,3,6,4,26,6,0,0,10,0,3
964,36.21,120.5,3,28800.0,1.0,1.0,1.0,1.0,3.0,3.0,0.0,0.0,3378.55,5.94,2,3,18,4,26,6,0,0,10,0,0
1050,26.88,131.25,4,28800.0,0.7429,1.0,0.9286,1.0,5.0,5.0,0.0,0.0,3378.55,6.16,2,3,0,5,26,6,1,1,10,0,0
989,38.92,131.16,3,27145.0,0.5655,0.9425,1.0,1.0,5.0,3.0,0.0,0.0,3618.55,0.46,2,4,16,5,26,6,1,0,10,0,0
904,11.92,118.97,5,27354.0,0.3402,0.9498,0.3582,1.0,3.0,3.0,0.0,0.0,3618.55,1.0,2,4,5,6,26,6,1,1,10,0,0
952,20.12,119.0,5,28800.0,0.5368,1.0,0.5368,1.0,5.0,5.0,0.0,0.0,3618.55,1.06,2,4,7,6,26,6,1,0,10,0,0
1012,44.81,126.5,3,28800.0,0.75,1.0,1.0,1.0,4.0,3.0,0.0,0.0,3618.55,1.39,2,4,15,6,26,6,1,0,10,0,0
1050,46.39,131.25,3,28800.0,1.0,1.0,1.0,1.0,7.0,7.0,0.0,0.0,3618.55,1.78,1,4,0,0,27,6,0,1,10,0,0
989,36.19,123.62,4,28800.0,1.0,1.0,1.0,1.0,4.0,4.0,0.0,0.0,3618.55,2.31,1,4,13,0,27,6,0,0,10,0,0
1050,29.12,131.25,6,28800.0,0.9428,1.0,0.9428,1.0,6.0,6.0,0.0,0.0,3618.55,2.57,1,4,19,0,27,6,0,0,10,0,0
1035,15.34,129.38,7,28800.0,0.4129,1.0,0.4129,1.0,6.0,4.0,0.0,0.0,3618.55,2.83,1,4,1,1,27,6,0,1,10,0,0
922,35.82,115.25,4,28800.0,0.9374,1.0,0.9374,1.0,4.0,4.0,0.0,0.0,3618.55,3.21,1,4,10,1,27,6,0,0,10,0,0
1046,24.07,130.75,5,28800.0,0.8415,1.0,0.8415,1.0,5.0,5.0,0.0,0.0,3618.55,3.58,1,4,19,1,27,6,0,0,10,0,0
927,28.08,115.88,4,28800.0,0.5504,1.0,0.8256,1.0,5.0,5.0,0.0,0.0,3618.55,3.87,1,4,2,2,27,7,0,1,10,0,0
943,42.61,117.88,5,28800.0,1.0,1.0,1.0,1.0,5.0,5.0,0.0,0.0,3618.55,4.16,1,4,9,2,27,7,0,0,10,0,0
1050,15.75,131.25,5,28800.0,0.4987,1.0,0.4987,1.0,5.0,5.0,0.0,0.0,3618.55,4.56,1,4,19,2,27,7,0,0,10,0,0
1031,19.57,128.88,5,28800.0,0.6225,1.0,0.6225,1.0,4.0,4.0,0.0,0.0,3618.55,4.92,1,4,3,3,27,7,0,1,10,0,0
1050,15.12,131.25,4,28800.0,0.4331,1.0,0.5414,1.0,5.0,4.0,0.0,0.0,3618.55,5.28,0,4,12,3,27,7,0,0,10,0,0
933,23.21,116.62,3,28800.0,0.7049,1.0,0.7049,1.0,3.0,3.0,0.0,0.0,3618.55,5.55,0,4,19,3,27,7,0,0,10,0,0
1050,32.74,131.25,4,28800.0,1.0,1.0,1.0,1.0,4.0,4.0,0.0,0.0,3618.55,5.73,0,4,23,3,27,7,0,1,10,0,0
925,13.25,115.62,3,28800.0,0.2638,1.0,0.3517,1.0,4.0,3.0,0.0,0.0,3618.55,6.12,0,4,8,4,27,7,0,0,10,0,0
897,12.06,112.12,3,28800.0,0.3255,1.0,0.3255,1.0,3.0,3.0,0.0,0.0,3618.55,6.62,0,4,20,4,27,7,0,0,10,0,0
1050,50.51,131.25,6,28800.0,1.0,1.0,1.0,1.0,3.0,3.0,0.0,0.0,3618.55,6.99,0,4,5,5,27,7,1,1,10,0,0
1050,34.42,131.25,4,28800.0,0.8,1.0,1.0,1.0,5.0,4.0,0.0,0.0,3618.55,7.32,0,4,13,5,27,7,1,0,10,0,0
1050,47.67,131.25,6,28800.0,1.0,1.0,1.0,1.0,6.0,6.0,0.0,0.0,3618.55,7.62,0,4,20,5,27,7,1,0,10,0,0
1017,13.03,127.12,3,28800.0,0.4347,1.0,0.4347,1.0,4.0,4.0,0.0,0.0,3618.55,7.83,0,4,1,6,27,7,1,1,10,0,0
1050,25.12,131.25,2,28800.0,0.8287,1.0,0.8287,1.0,2.0,2.0,0.0,0.0,3618.55,8.25,0,3,11,6,27,7,1,0,10,0,0
1004,16.79,125.5,3,28800.0,0.5682,1.0,0.5682,1.0,3.0,3.0,0.0,0.0,3618.55,8.48,0,2,17,6,27,7,1,0,10,0,0
1050,48.4,131.25,3,28800.0,1.0,1.0,1.0,1.0,3.0,3.0,0.0,0.0,3618.55,9.12,0,2,8,0,28,7,0,0,10,0,1
919,30.88,114.88,4,28800.0,0.7805,1.0,0.7805,1.0,4.0,4.0,0.0,0.0,3618.55,9.41,0,2,15,0,28,7,0,0,10,0,1
1050,41.79,131.25,1,28800.0,1.0,1.0,1.0,1.0,2.0,2.0,0.0,0.0,3618.55,9.94,0,2,4,1,28,7,0,1,10,0,1
1050,35.55,138.69,4,27256.0,0.631,0.9464,1.0,1.0,6.0,4.0,0.0,0.0,3643.74,10.23,1,2,11,1,28,7,0,0,10,0,2
866,37.24,113.47,2,27476.0,0.954,0.954,1.0,1.0,2.0,2.0,0.0,0.0,3643.74,10.42,1,2,16,1,28,7,0,0,10,0,2
775,18.98,107.02,2,26070.0,0.4515,0.9052,0.4988,1.0,2.0,2.0,0.0,0.0,3643.74,10.75,1,2,23,1,28,7,0,1,10,0,2
940,34.48,117.5,4,28800.0,0.8,1.0,1.0,1.0,5.0,4.0,0.0,0.0,3643.74,11.1,1,2,8,2,28,7,0,0,10,0,2
1050,37.94,131.25,5,28800.0,1.0,1.0,1.0,1.0,5.0,5.0,0.0,0.0,3689.52,11.48,1,2,17,2,28,7,0,0,10,0,0
1050,19.39,131.25,5,28800.0,0.5338,1.0,0.5338,1.0,5.0,5.0,0.0,0.0,3689.52,11.74,1,2,23,2,28,7,0,1,10,0,0
908,28.21,113.5,2,28800.0,0.5434,1.0,0.815,1.0,3.0,2.0,0.0,0.0,3689.52,12.3,1,2,13,3,28,7,0,0,10,0,0
918,18.15,114.75,3,28800.0,0.5524,1.0,0.5524,1.0,3.0,3.0,0.0,0.0,3689.52,12.66,1,2,21,3,28,7,0,0,10,0,0
1050,24.7,131.25,8,28800.0,0.7131,1.0,0.7131,1.0,3.0,3.0,0.0,0.0,3689.52,12.97,1,2,5,4,28,7,0,1,10,0,0
869,36.55,108.62,4,28800.0,0.9315,1.0,0.9315,1.0,4.0,4.0,0.0,0.0,3689.52,13.16,1,3,9,4,28,7,0,0,10,0,0
1004,31.13,125.5,6,28800.0,0.9123,1.0,0.9123,1.0,6.0,6.0,0.0,0.0,3785.08,13.58,1,3,19,4,28,7,0,0,10,0,0
1050,26.84,131.25,3,28800.0,0.8021,1.0,0.8021,1.0,5.0,5.0,0.0,0.0,3785.08,13.76,1,3,0,5,28,7,1,1,10,0,0
1008,8.73,126.0,2,28800.0,0.2947,1.0,0.2947,1.0,2.0,2.0,0.0,0.0,3785.08,14.04,1,3,6,5,28,7,1,0,10,0,0
983,13.91,122.88,6,28800.0,0.3587,1.0,0.3587,1.0,6.0,6.0,0.0,0.0,3785.08,14.62,1,3,20,5,28,7,1,0,10,0,0
1050,19.92,131.25,5,28800.0,0.6581,1.0,0.6581,1.0,6.0,6.0,0.0,0.0,3785.08,14.99,1,3,5,6,28,7,1,1,10,0,0
1050,26.79,131.25,5,28800.0,0.7587,1.0,0.7587,1.0,5.0,5.0,0.0,0.0,3785.08,15.2,1,3,10,6,28,7,1,0,10,0,0
1050,13.53,131.25,6,28800.0,0.4116,1.0,0.4116,1.0,6.0,6.0,0.0,0.0,3785.08,15.54,1,3,18,6,28,7,1,0,10,0,0
967,32.4,120.88,6,28800.0,0.8774,1.0,0.8774,1.0,3.0,3.0,0.0,0.0,3785.08,15.96,1,3,4,0,29,7,0,1,10,0,0
969,19.32,121.12,5,28800.0,0.5023,1.0,0.5023,1.0,5.0,5.0,0.0,0.0,3785.08,16.27,1,3,12,0,29,7,0,0,10,0,1
1004,16.48,125.5,4,28800.0,0.5111,1.0,0.5111,1.0,4.0,4.0,0.0,0.0,3785.08,16.61,1,3,20,0,29,7,0,0,10,0,1
1050,42.14,131.25,3,28800.0,1.0,1.0,1.0,1.0,3.0,3.0,0.0,0.0,3785.08,16.88,1,3,2,1,29,7,0,1,10,0,1
1050,20.33,144.08,3,26235.0,0.6336,0.9109,0.6956,1.0,3.0,3.0,0.0,0.0,3785.08,17.09,0,3,7,1,29,7,0,0,10,0,1
1050,39.71,140.83,2,26840.0,0.9319,0.9319,1.0,1.0,2.0,2.0,0.0,0.0,3819.9,17.45,1,3,16,1,29,7,0,0,10,0,0
967,18.79,129.38,3,26907.0,0.5305,0.9343,0.5678,1.0,4.0,4.0,0.0,0.0,3819.9,17.92,1,3,3,2,29,7,0,1,10,0,3
969,36.9,121.12,4,28800.0,0.9734,1.0,0.9734,1.0,4.0,4.0,0.0,0.0,3819.9,18.06,1,3,7,2,29,7,0,0,10,0,3
994,34.29,124.25,3,28800.0,0.877,1.0,0.877,1.0,3.0,3.0,0.0,0.0,3819.9,18.49,1,3,17,2,29,7,0,0,10,0,3
922,34.23,115.25,4,28800.0,0.9422,1.0,0.9422,1.0,4.0,4.0,0.0,0.0,3819.9,18.74,2,3,23,2,29,7,0,1,10,0,0
992,40.34,124.0,3,28800.0,1.0,1.0,1.0,1.0,3.0,3.0,0.0,0.0,3853.84,19.13,2,3,9,3,29,7,0,0,10,0,0
1050,44.64,131.25,2,28800.0,1.0,1.0,1.0,1.0,2.0,2.0,0.0,0.0,3853.84,19.47,2,3,17,3,29,7,0,0,10,0,2
1050,21.1,131.25,3,28800.0,0.7208,1.0,0.7208,1.0,3.0,2.0,0.0,0.0,3853.84,19.91,2,3,3,4,29,7,0,1,10,0,2
953,31.29,125.55,3,27327.0,0.8005,0.9489,0.8436,1.0,3.0,3.0,0.0,0.0,3853.84,20.16,2,3,9,4,29,7,0,0,10,0,2
1050,41.25,137.02,2,27587.0,0.9579,0.9579,1.0,1.0,2.0,2.0,0.0,0.0,3859.64,20.46,3,3,16,4,29,7,0,0,10,0,0
1050,25.03,140.96,2,26816.0,0.4511,0.9311,0.7267,1.0,3.0,2.0,0.0,0.0,3859.64,20.67,4,3,22,4,29,7,0,1,10,0,0
1050,37.09,131.25,3,28800.0,1.0,1.0,1.0,1.0,3.0,3.0,0.0,0.0,3900.17,21.03,4,3,6,5,29,7,1,0,10,0,0
912,39.96,114.0,6,28800.0,1.0,1.0,1.0,1.0,6.0,6.0,0.0,0.0,3900.17,21.61,4,3,20,5,29,7,1,0,10,0,3
1050,25.93,131.25,4,28800.0,0.8298,1.0,0.8298,1.0,4.0,4.0,0.0,0.0,3900.17,21.83,4,3,1,6,29,7,1,1,10,0,3
980,22.06,136.08,3,25925.0,0.5567,0.9002,0.6184,1.0,3.0,3.0,0.0,0.0,3900.17,22.32,4,3,13,6,29,7,1,0,10,0,3
908,15.29,113.5,2,28800.0,0.3768,1.0,0.3768,1.0,2.0,2.0,0.0,0.0,3999.5,23.2,5,3,10,0,30,7,0,0,10,0,0
822,34.5,102.75,5,28800.0,0.7321,1.0,0.7321,1.0,5.0,5.0,0.0,0.0,3999.5,23.35,5,3,14,0,30,7,0,0,10,0,0
960,39.45,120.0,2,28800.0,1.0,1.0,1.0,1.0,4.0,3.0,0.0,0.0,3999.5,23.95,5,2,4,1,30,7,0,1,10,0,0
1050,45.7,131.25,4,28800.0,1.0,1.0,1.0,1.0,4.0,4.0,0.0,0.0,3999.5,24.31,4,2,13,1,30,7,0,0,10,0,0
805,27.89,100.62,2,28800.0,0.585,1.0,0.585,1.0,2.0,2.0,0.0,0.0,3999.5,24.54,4,2,18,1,30,7,0,0,10,0,0
1050,33.49,131.25,3,28800.0,0.75,1.0,1.0,1.0,4.0,4.0,0.0,0.0,3999.5,24.76,4,2,0,2,30,7,0,1,10,0,0
1050,11.49,131.25,5,28800.0,0.3624,1.0,0.3624,1.0,5.0,5.0,0.0,0.0,3999.5,24.783749,4,2,6,2,30,7,0,0,10,0,0
788,44.83,98.5,4,28800.0,0.8,1.0,1.0,1.0,5.0,4.0,0.0,0.0,3999.5,24.783749,4,2,21,2,30,7,0,0,10,0,0
884,19.1,110.5,4,28800.0,0.4435,1.0,0.4435,1.0,4.0,4.0,0.0,0.0,3999.5,24.783749,4,2,22,2,30,7,0,1,10,0,0
946,36.89,122.23,6,27863.0,0.9675,0.9675,1.0,1.0,6.0,6.0,0.0,0.0,3999.5,24.783749,3,2,9,3,30,7,0,0,10,0,0
1050,19.15,139.25,3,27146.0,0.5458,0.9426,0.579,1.0,3.0,3.0,0.0,0.0,3999.5,24.783749,3,2,14,3,30,7,0,0,10,0,0
982,47.56,127.13,5,27808.0,0.9656,0.9656,1.0,1.0,5.0,3.0,0.0,0.0,4053.8,0.04,4,3,3,4,30,7,0,1,10,0,0
941,36.77,124.11,3,27296.0,0.9478,0.9478,1.0,1.0,3.0,3.0,0.0,0.0,4053.8,0.38,4,3,11,4,30,7,0,0,10,0,0
975,8.95,126.02,5,27852.0,0.2743,0.9671,0.2836,1.0,5.0,5.0,0.0,0.0,4053.8,0.6,3,3,17,4,30,7,0,0,10,0,0
906,42.83,121.53,3,26838.0,0.5591,0.9319,1.0,1.0,5.0,3.0,0.0,0.0,4053.8,0.82,2,3,22,4,30,7,0,1,10,0,0
1050,24.39,131.25,5,28800.0,0.6938,1.0,0.6938,1.0,5.0,5.0,0.0,0.0,4053.8,1.57,2,3,16,5,30,7,1,0,10,0,0
925,35.68,115.62,2,28800.0,1.0,1.0,1.0,1.0,5.0,5.0,0.0,0.0,4053.8,2.13,2,3,5,6,30,7,1,1,10,0,0
981,33.04,122.62,5,28800.0,0.8785,1.0,0.8785,1.0,5.0,5.0,0.0,0.0,4053.8,2.26,2,4,8,6,30,7,1,0,10,0,0
741,18.81,92.62,2,28800.0,0.3705,1.0,0.3705,1.0,2.0,2.0,0.0,0.0,4084.36,2.6,1,4,16,6,30,7,1,0,10,0,0
916,44.33,114.5,5,28800.0,1.0,1.0,1.0,1.0,4.0,4.0,0.0,0.0,4084.36,3.01,1,4,2,0,31,7,0,1,10,0,3
954,12.62,125.05,6,27465.0,0.4124,0.9536,0.4325,1.0,6.0,6.0,0.0,0.0,4084.36,3.46,1,3,13,0,31,7,0,0,10,0,3
914,26.94,122.08,4,26953.0,0.5383,0.9359,0.7189,1.0,5.0,4.0,0.0,0.0,4084.36,3.59,1,3,16,0,31,7,0,0,10,0,3
942,13.64,131.14,4,25859.0,0.3438,0.8979,0.3829,1.0,2.0,2.0,0.0,0.0,4148.41,3.97,2,3,1,1,31,7,0,1,10,0,0
910,20.95,113.75,4,28800.0,0.6417,1.0,0.6417,1.0,4.0,4.0,0.0,0.0,4148.41,4.41,2,3,12,1,31,7,0,0,10,0,0
898,36.05,112.25,5,28800.0,0.7111,1.0,0.8534,1.0,6.0,5.0,0.0,0.0,4148.41,4.77,2,3,21,1,31,7,0,0,10,0,0
1040,21.22,130.0,2,28800.0,0.6941,1.0,0.6941,1.0,7.0,7.0,0.0,0.0,4148.41,4.92,2,3,0,2,31,7,0,1,10,0,0
1018,38.4,127.25,2,28800.0,0.6667,1.0,1.0,1.0,3.0,2.0,0.0,0.0,4148.41,5.16,2,3,6,2,31,7,0,0,10,0,0
1021,12.46,127.62,3,28800.0,0.362,1.0,0.362,1.0,3.0,3.0,0.0,0.0,4148.41,5.72,2,3,19,2,31,7,0,0,10,0,0
1028,34.91,128.5,7,28800.0,1.0,1.0,1.0,1.0,4.0,4.0,0.0,0.0,4148.41,6.01,2,3,2,3,31,7,0,1,10,0,0
999,25.84,135.89,6,26466.0,0.8505,0.919,0.9255,1.0,6.0,6.0,0.0,0.0,4148.41,6.34,2,3,10,3,31,7,0,0,10,0,0
1050,35.84,146.19,3,25856.0,0.8978,0.8978,1.0,1.0,3.0,3.0,0.0,0.0,4179.37,0.06,2,4,18,3,31,7,0,0,10,0,0
842,26.61,115.93,4,26147.0,0.735,0.9079,0.8096,1.0,5.0,5.0,0.0,0.0,4179.37,0.41,1,4,2,4,31,7,0,1,10,0,0
927,49.3,115.88,3,28800.0,1.0,1.0,1.0,1.0,3.0,3.0,0.0,0.0,4179.37,0.83,1,4,13,4,31,7,0,0,10,0,0
935,25.55,116.88,5,28800.0,0.684,1.0,0.684,1.0,5.0,5.0,0.0,0.0,4179.37,0.98,1,4,16,4,31,7,0,0,10,0,0
1050,22.35,131.25,5,28800.0,0.8065,1.0,0.8065,1.0,5.0,5.0,0.0,0.0,4179.37,1.23,1,4,22,4,31,7,0,1,10,0,0
908,37.2,113.5,3,28800.0,0.75,1.0,1.0,1.0,4.0,4.0,0.0,0.0,4179.37,2.48,1,4,4,6,31,8,1,1,10,0,0
885,37.51,123.05,3,25892.0,0.899,0.899,1.0,1.0,2.0,2.0,0.0,0.0,221.12,0.39,0,1,5,0,7,2,0,1,6,3,0
849,16.83,106.12,6,28800.0,0.4121,1.0,0.4121,1.0,6.0,6.0,0.0,0.0,221.12,0.73,0,1,13,0,7,2,0,0,6,3,3
1017,35.04,127.12,6,28800.0,1.0,1.0,1.0,1.0,6.0,6.0,0.0,0.0,221.12,1.02,0,1,20,0,7,2,0,0,6,3,3
996,39.97,124.5,2,28800.0,1.0,1.0,1.0,1.0,2.0,2.0,0.0,0.0,221.12,1.14,0,1,23,0,7,2,0,1,6,3,3
1016,40.31,158.85,2,25715.625,0.533,0.8929374999999999,1.0,1.0,3.0,2.0,0.0,0.0,221.12,1.72,0,1,13,1,7,2,0,0,6,3,3
969,18.52,140.68,4,25715.625,0.4959,0.8929374999999999,0.576,1.0,4.0,4.0,0.0,0.0,238.71,2.0,1,1,19,1,7,2,0,0,6,3,3
921,39.8,126.13,2,26287.0,0.9127,0.9127,1.0,1.0,1.0,1.0,0.0,0.0,238.71,2.39,1,1,5,2,7,2,0,1,6,3,3
775,33.22,102.81,3,27138.0,0.5203,0.9423,0.7362,1.0,4.0,3.0,0.0,0.0,238.71,2.52,1,1,8,2,7,2,0,0,6,3,3
881,48.82,115.6,2,27437.0,0.9527,0.9527,1.0,1.0,2.0,2.0,0.0,0.0,433.52,2.96,2,1,18,2,7,2,0,0,6,3,0
953,18.45,130.12,1,26366.0,0.5698,0.9155,0.6224,1.0,2.0,2.0,0.0,0.0,433.52,3.41,2,1,5,3,7,2,0,1,6,3,0
839,41.41,104.88,3,28800.0,1.0,1.0,1.0,1.0,3.0,3.0,0.0,0.0,433.52,3.46,2,1,6,3,7,2,0,0,6,3,0
868,36.61,108.5,4,28800.0,0.8448,1.0,0.8448,1.0,4.0,4.0,0.0,0.0,433.52,3.94,2,1,18,3,7,2,0,0,6,3,0
1050,34.28,131.25,2,28800.0,1.0,1.0,1.0,1.0,7.0,7.0,0.0,0.0,433.52,4.28,2,1,2,4,7,2,0,1,6,3,0
968,50.24,121.0,5,28800.0,1.0,1.0,1.0,1.0,5.0,5.0,0.0,0.0,433.52,4.44,2,1,6,4,7,2,0,0,6,3,0
1049,38.18,131.12,4,28800.0,1.0,1.0,1.0,1.0,4.0,4.0,0.0,0.0,433.52,5.03,2,1,20,4,7,2,0,0,6,3,0
950,22.82,118.75,7,28800.0,0.6488,1.0,0.6488,1.0,1.0,1.0,0.0,0.0,433.52,5.37,2,1,4,5,7,2,1,1,6,3,0
898,33.91,112.25,5,28800.0,0.9747,1.0,0.9747,1.0,5.0,5.0,0.0,0.0,433.52,5.67,2,1,11,5,7,2,1,0,6,3,0
811,25.97,101.38,2,28800.0,0.3678,1.0,0.5516,1.0,3.0,2.0,0.0,0.0,433.52,5.85,2,1,16,5,7,2,1,0,6,3,0
1050,19.06,131.25,1,28800.0,0.6249,1.0,0.6249,1.0,1.0,1.0,0.0,0.0,433.52,6.16,2,1,23,5,7,2,1,1,6,3,0
1023,43.07,127.88,3,28800.0,1.0,1.0,1.0,1.0,3.0,3.0,0.0,0.0,433.52,6.61,2,1,10,6,7,2,1,0,6,3,0
896,31.52,112.0,2,28800.0,0.9489,1.0,0.9489,1.0,2.0,2.0,0.0,0.0,433.52,6.99,2,1,19,6,7,2,1,0,6,3,0
870,13.47,108.75,7,28800.0,0.3628,1.0,0.3628,1.0,3.0,3.0,0.0,0.0,433.52,7.37,2,1,4,0,8,2,0,1,6,3,0
1050,29.46,131.25,3,28800.0,1.0,1.0,1.0,1.0,3.0,3.0,0.0,0.0,433.52,7.68,2,1,12,0,8,2,0,0,6,3,0
866,39.74,108.25,6,28800.0,0.912,1.0,0.912,1.0,6.0,6.0,0.0,0.0,433.52,7.83,2,1,15,0,8,2,0,0,6,3,0
896,36.52,112.0,3,28800.0,0.9084,1.0,0.9084,1.0,3.0,3.0,0.0,0.0,433.52,8.12,2,1,22,0,8,2,0,1,6,3,0
967,37.84,120.88,2,28800.0,0.5,1.0,1.0,1.0,4.0,2.0,0.0,0.0,433.52,8.51,2,1,8,1,8,2,0,0,6,3,0
867,33.23,108.38,5,28800.0,0.7541,1.0,0.7541,1.0,5.0,5.0,0.0,0.0,433.52,8.93,1,1,18,1,8,2,0,0,6,3,0
891,8.72,111.38,4,28800.0,0.2531,1.0,0.2531,1.0,3.0,3.0,0.0,0.0,433.52,9.4,1,1,5,2,8,2,0,1,6,3,0
1001,11.03,125.12,6,28800.0,0.3066,1.0,0.3066,1.0,6.0,6.0,0.0,0.0,433.52,9.65,0,1,11,2,8,2,0,0,6,3,0
971,8.33,121.38,4,28800.0,0.2731,1.0,0.2731,1.0,4.0,4.0,0.0,0.0,433.52,10.04,0,1,20,2,8,2,0,0,6,3,3
723,24.65,90.38,3,28800.0,0.5405,1.0,0.5405,1.0,5.0,5.0,0.0,0.0,433.52,10.33,0,1,3,3,8,2,0,1,6,3,3
941,27.53,134.53,4,25715.625,0.5654,0.8929374999999999,0.8083,1.0,5.0,4.0,0.0,0.0,433.52,10.58,0,1,9,3,8,2,0,0,6,3,3
876,9.52,118.5,3,26612.0,0.2033,0.924,0.2933,1.0,4.0,3.0,0.0,0.0,489.38,11.05,1,1,20,3,8,2,0,0,6,3,0
902,13.29,132.84,5,25715.625,0.3154,0.8929374999999999,0.3716,1.0,2.0,2.0,0.0,0.0,489.38,11.33,1,1,3,4,8,2,0,1,6,3,0
970,37.73,121.25,2,28800.0,0.9784,1.0,0.9784,1.0,2.0,2.0,0.0,0.0,489.38,11.66,1,1,11,4,8,2,0,0,6,3,0
836,19.68,104.5,1,28800.0,0.2312,1.0,0.4624,1.0,2.0,1.0,0.0,0.0,489.38,11.94,1,1,18,4,8,2,0,0,6,3,0
871,24.63,108.88,2,28800.0,0.6502,1.0,0.6502,1.0,4.0,4.0,0.0,0.0,489.38,12.41,1,1,5,5,8,2,1,1,6,3,3
993,21.19,124.12,5,28800.0,0.6727,1.0,0.6727,1.0,5.0,5.0,0.0,0.0,489.38,12.67,1,1,11,5,8,2,1,0,6,3,3
807,20.4,100.88,2,28800.0,0.4991,1.0,0.4991,1.0,2.0,2.0,0.0,0.0,489.38,12.83,1,1,15,5,8,2,1,0,6,3,3
1050,33.48,131.25,4,28800.0,0.9322,1.0,0.9322,1.0,5.0,5.0,0.0,0.0,510.06,13.4,2,1,5,6,8,2,1,1,6,3,3
908,16.56,137.97,5,25715.625,0.4565,0.8929374999999999,0.5549,1.0,5.0,5.0,0.0,0.0,510.06,14.29,3,1,2,0,9,2,0,1,6,3,0
1044,41.38,130.5,3,28800.0,1.0,1.0,1.0,1.0,3.0,3.0,0.0,0.0,538.15,14.64,3,1,11,0,9,2,0,0,6,3,3
944,25.35,118.0,4,28800.0,0.7818,1.0,0.7818,1.0,4.0,4.0,0.0,0.0,538.15,15.08,3,1,21,0,9,2,0,0,6,3,3
841,45.16,105.12,5,28800.0,1.0,1.0,1.0,1.0,5.0,5.0,0.0,0.0,538.15,15.12,3,1,22,0,9,2,0,1,6,3,3
862,32.79,137.87,4,25715.625,0.7482,0.8929374999999999,0.9574,1.0,4.0,4.0,0.0,0.0,540.15,15.7,5,1,12,1,9,2,0,0,6,3,0
1012,37.52,156.56,3,25715.625,0.808,0.8929374999999999,1.0,1.0,3.0,3.0,0.0,0.0,606.79,15.85,5,1,16,1,9,2,0,0,6,3,0
908,27.62,150.17,5,25715.625,0.6753,0.8929374999999999,0.8935,1.0,5.0,5.0,0.0,0.0,606.79,16.31,5,1,3,2,9,2,0,1,6,3,0
837,23.77,104.62,4,28800.0,0.6039,1.0,0.6039,1.0,4.0,4.0,0.0,0.0,606.79,16.74,5,1,13,2,9,2,0,0,6,3,0
986,42.54,123.25,2,28800.0,1.0,1.0,1.0,1.0,2.0,2.0,0.0,0.0,606.79,16.87,5,1,16,2,9,2,0,0,6,3,0
868,32.26,108.5,5,28800.0,0.9569,1.0,0.9569,1.0,3.0,3.0,0.0,0.0,606.79,17.35,5,1,4,3,9,2,0,1,6,3,0
856,26.24,107.0,6,28800.0,0.6753,1.0,0.6753,1.0,6.0,6.0,0.0,0.0,606.79,17.61,5,1,10,3,9,2,0,0,6,3,0
790,13.28,98.75,4,28800.0,0.2664,1.0,0.333,1.0,5.0,4.0,0.0,0.0,606.79,17.81,4,1,15,3,9,2,0,0,6,3,0
867,22.34,108.38,3,28800.0,0.5172,1.0,0.5172,1.0,5.0,5.0,0.0,0.0,606.79,18.35,4,1,4,4,9,2,0,1,6,3,0
858,37.99,110.52,3,27948.0,0.9229,0.9704,0.9511,1.0,3.0,3.0,0.0,0.0,678.13,18.67,5,1,11,4,9,2,0,0,6,3,0
742,39.37,94.92,2,28142.0,0.9562,0.9772,0.9785,1.0,2.0,2.0,0.0,0.0,678.13,18.84,5,1,16,4,9,2,0,0,6,3,0
987,38.34,128.03,5,27753.0,0.9636,0.9636,1.0,1.0,5.0,5.0,0.0,0.0,678.13,19.12,5,1,22,4,9,2,0,1,6,3,0
888,27.95,111.0,4,28800.0,0.6651,1.0,0.6651,1.0,4.0,4.0,0.0,0.0,678.13,19.43,5,1,6,5,9,2,1,0,6,3,0
788,35.81,98.5,6,28800.0,0.7587,1.0,0.7587,1.0,6.0,6.0,0.0,0.0,678.13,20.04,5,1,20,5,9,2,1,0,6,3,0
786,20.24,98.25,3,28800.0,0.4427,1.0,0.4427,1.0,4.0,4.0,0.0,0.0,678.13,20.2,5,1,0,6,9,3,1,1,6,3,0
824,21.41,103.0,5,28800.0,0.5127,1.0,0.5127,1.0,5.0,5.0,0.0,0.0,678.13,21.06,4,1,21,6,9,3,1,0,6,3,3
806,31.37,100.75,4,28800.0,0.7618,1.0,0.7618,1.0,4.0,4.0,0.0,0.0,678.13,21.38,3,1,4,0,10,3,0,1,6,3,3
824,43.39,113.68,3,26094.0,0.906,0.906,1.0,1.0,3.0,3.0,0.0,0.0,678.13,21.52,3,1,8,0,10,3,0,0,6,3,3
961,28.9,140.14,2,25715.625,0.7665,0.8929374999999999,0.8942,1.0,2.0,2.0,0.0,0.0,727.2,21.99,4,1,19,0,10,3,0,0,6,3,0
974,29.87,148.09,4,25715.625,0.8222,0.8929374999999999,1.0,1.0,7.0,5.0,0.0,0.0,727.2,22.39,4,1,4,1,10,3,0,1,6,3,0
913,28.77,114.12,2,28800.0,0.6803,1.0,0.6803,1.0,2.0,2.0,0.0,0.0,727.2,22.73,2,1,13,1,10,3,0,0,6,3,0
897,41.65,112.12,5,28800.0,0.9783,1.0,0.9783,1.0,5.0,5.0,0.0,0.0,727.2,22.82,2,1,15,1,10,3,0,0,6,3,0
884,50.29,110.5,5,28800.0,0.7143,1.0,1.0,1.0,4.0,4.0,0.0,0.0,727.2,23.33,2,1,3,2,10,3,0,1,6,3,0
936,36.28,129.26,2,26068.0,0.9051,0.9051,1.0,1.0,2.0,2.0,0.0,0.0,727.2,23.65,2,1,11,2,10,3,0,0,6,3,0
1008,21.07,134.27,3,27027.0,0.6653,0.9384,0.709,1.0,3.0,3.0,0.0,0.0,739.24,0.18,2,2,21,2,10,3,0,0,6,3,0
904,41.33,125.12,4,26010.0,0.9031,0.9031,1.0,1.0,4.0,4.0,0.0,0.0,739.24,0.34,2,2,0,3,10,3,0,1,6,3,0
954,20.11,127.28,4,26983.0,0.6519,0.9369,0.6958,1.0,4.0,4.0,0.0,0.0,810.05,0.63,2,2,7,3,10,3,0,0,6,3,0
845,41.41,113.09,4,26900.0,0.7472,0.934,1.0,1.0,5.0,4.0,0.0,0.0,810.05,0.92,2,2,14,3,10,3,0,0,6,3,0
911,14.15,117.91,4,27814.0,0.3622,0.9658,0.375,1.0,4.0,4.0,0.0,0.0,810.05,1.38,2,2,1,4,10,3,0,1,6,3,0
957,20.36,119.62,2,28800.0,0.52,1.0,0.52,1.0,2.0,2.0,0.0,0.0,810.05,1.88,1,2,13,4,10,3,0,0,6,3,0
843,21.34,105.38,5,28800.0,0.4979,1.0,0.4979,1.0,5.0,5.0,0.0,0.0,810.05,2.03,1,2,17,4,10,3,0,0,6,3,0
990,15.65,123.75,4,28800.0,0.4596,1.0,0.4596,1.0,3.0,3.0,0.0,0.0,810.05,2.46,1,2,3,5,10,3,1,1,6,3,0
966,44.64,120.75,4,28800.0,1.0,1.0,1.0,1.0,4.0,4.0,0.0,0.0,810.05,2.74,1,2,10,5,10,3,1,0,6,3,3
881,20.66,110.12,4,28800.0,0.6198,1.0,0.6198,1.0,4.0,4.0,0.0,0.0,810.05,3.19,1,2,21,5,10,3,1,0,6,3,3
946,24.49,118.25,3,28800.0,0.7085,1.0,0.7085,1.0,3.0,3.0,0.0,0.0,810.05,3.3,1,2,23,5,10,3,1,1,6,3,3
846,21.23,116.64,5,26110.0,0.594,0.9066,0.6552,1.0,5.0,5.0,0.0,0.0,829.86,3.75,2,2,10,6,10,3,1,0,6,3,3
944,22.38,135.91,6,25715.625,0.6248,0.8929374999999999,0.7196,1.0,6.0,6.0,0.0,0.0,829.86,3.98,2,2,16,6,10,3,1,0,6,3,3
968,25.2,132.72,6,26257.0,0.773,0.9117,0.8479,1.0,3.0,3.0,0.0,0.0,829.86,4.39,2,2,2,0,11,3,0,1,6,3,3
991,38.36,170.49,5,25715.625,0.7266,0.8929374999999999,1.0,1.0,5.0,5.0,0.0,0.0,838.3,0.02,2,3,12,0,11,3,0,0,6,3,3
864,18.82,166.29,5,25715.625,0.387,0.8929374999999999,0.715,1.0,6.0,5.0,0.0,0.0,838.3,0.16,2,3,16,0,11,3,0,0,6,3,3
1046,31.48,173.66124,3,25715.625,0.57,0.8929374999999999,1.0,1.0,5.0,5.0,0.0,0.0,876.36,0.65,3,3,3,1,11,3,0,1,6,3,0
974,15.98,121.75,6,28800.0,0.5279,1.0,0.5279,1.0,6.0,6.0,0.0,0.0,876.36,0.87,3,3,9,1,11,3,0,0,6,3,0
1050,30.23,131.25,5,28800.0,0.9012,1.0,0.9012,1.0,5.0,5.0,0.0,0.0,876.36,1.36,3,2,20,1,11,3,0,0,6,3,0
858,27.33,107.25,5,28800.0,0.7934,1.0,0.7934,1.0,2.0,2.0,0.0,0.0,876.36,1.7,3,2,4,2,11,3,0,1,6,3,0
936,14.38,130.74,2,25773.0,0.4329,0.8949,0.4837,1.0,2.0,2.0,0.0,0.0,876.36,1.91,3,2,10,2,11,3,0,0,6,3,0
896,14.24,121.9,2,26460.0,0.3463,0.9187,0.3769,1.0,2.0,2.0,0.0,0.0,922.41,0.16,3,3,16,2,11,3,0,0,6,3,0
868,28.41,123.29,2,25715.625,0.6571,0.8929374999999999,0.7466,1.0,7.0,7.0,0.0,0.0,922.41,0.59,3,3,2,3,11,3,0,1,6,3,0
855,27.23,106.88,5,28800.0,0.6908,1.0,0.6908,1.0,5.0,5.0,0.0,0.0,922.41,0.85,3,3,9,3,11,3,0,0,6,3,0
852,25.79,106.5,4,28800.0,0.6396,1.0,0.6396,1.0,4.0,4.0,0.0,0.0,922.41,1.17,3,3,16,3,11,3,0,0,6,3,0
909,11.99,113.62,7,28800.0,0.3677,1.0,0.3677,1.0,3.0,2.0,0.0,0.0,922.41,1.65,3,3,4,4,11,3,0,1,6,3,0
927,15.83,126.76,3,26326.0,0.3963,0.9141,0.4335,1.0,3.0,3.0,0.0,0.0,922.41,2.03,3,4,13,4,11,3,0,0,6,3,0
718,28.01,98.05,4,26362.0,0.5519,0.9153,0.603,1.0,4.0,4.0,0.0,0.0,1015.88,0.2,3,4,19,4,11,3,0,0,6,3,0
906,14.79,133.13,2,25715.625,0.2683,0.8929374999999999,0.473,1.0,6.0,6.0,0.0,0.0,1015.88,0.53,3,4,3,5,11,3,1,1,6,3,0
787,22.88,98.38,3,28800.0,0.4834,1.0,0.4834,1.0,3.0,3.0,0.0,0.0,1015.88,0.86,3,4,11,5,11,3,1,0,6,3,0
904,28.65,113.0,6,28800.0,0.7627,1.0,0.7627,1.0,6.0,6.0,0.0,0.0,1015.88,1.13,3,4,18,5,11,3,1,0,6,3,0
860,32.48,107.5,6,28800.0,0.8254,1.0,0.8254,1.0,4.0,4.0,0.0,0.0,1015.88,1.56,3,4,4,6,11,3,1,1,6,3,0
839,14.16,104.88,5,28800.0,0.3292,1.0,0.3292,1.0,5.0,5.0,0.0,0.0,1015.88,1.82,2,4,10,6,11,3,1,0,6,3,0
965,21.08,120.62,3,28800.0,0.6688,1.0,0.6688,1.0,3.0,3.0,0.0,0.0,1015.88,2.15,2,4,18,6,11,3,1,0,6,3,0
951,35.41,118.88,4,28800.0,1.0,1.0,1.0,1.0,2.0,2.0,0.0,0.0,1015.88,2.54,1,4,3,0,12,3,0,1,6,3,0
915,18.6,114.38,4,28800.0,0.5099,1.0,0.5099,1.0,4.0,4.0,0.0,0.0,1015.88,2.78,1,4,9,0,12,3,0,0,6,3,0
934,38.1,116.75,4,28800.0,1.0,1.0,1.0,1.0,4.0,4.0,0.0,0.0,1015.88,2.99,1,4,14,0,12,3,0,0,6,3,0
961,21.45,120.12,2,28800.0,0.6393,1.0,0.6393,1.0,5.0,5.0,0.0,0.0,1015.88,3.6,0,4,5,1,12,3,0,1,6,3,0
905,13.41,117.29,3,27778.0,0.4051,0.9645,0.42,1.0,3.0,3.0,0.0,0.0,1015.88,3.71,0,4,7,1,12,3,0,0,6,3,0
851,19.76,111.84,2,27392.0,0.4884,0.9511,0.5135,1.0,2.0,2.0,0.0,0.0,1133.95,0.09,0,5,15,1,12,3,0,0,6,3,0
943,26.12,121.32,5,27983.0,0.7612,0.9716,0.7835,1.0,1.0,1.0,0.0,0.0,1133.95,0.65,0,5,4,2,12,3,0,1,6,3,0
754,22.86,94.25,4,28800.0,0.2995,1.0,0.4493,1.0,6.0,4.0,0.0,0.0,1133.95,0.9,0,5,10,2,12,3,0,0,6,3,0
832,20.17,104.0,6,28800.0,0.5047,1.0,0.5047,1.0,6.0,6.0,0.0,0.0,1133.95,1.32,0,5,20,2,12,3,0,0,6,3,0
849,41.29,106.12,1,28800.0,0.9304,1.0,0.9304,1.0,5.0,5.0,0.0,0.0,1133.95,1.6,0,5,3,3,12,3,0,1,6,3,0
938,21.4,117.25,6,28800.0,0.5963,1.0,0.5963,1.0,6.0,6.0,0.0,0.0,1133.95,1.81,0,5,8,3,12,3,0,0,6,3,0
918,12.97,114.75,3,28800.0,0.3108,1.0,0.3108,1.0,3.0,3.0,0.0,0.0,1133.95,2.09,0,5,15,3,12,3,0,0,6,3,0
1019,25.34,127.38,5,28800.0,0.7257,1.0,0.7257,1.0,5.0,5.0,0.0,0.0,1133.95,2.65,0,5,4,4,12,3,0,1,6,3,0
972,31.1,121.5,4,28800.0,0.6391,1.0,0.7989,1.0,5.0,4.0,0.0,0.0,1133.95,2.9,0,5,10,4,12,3,0,0,6,3,0
1027,9.79,128.38,5,28800.0,0.3188,1.0,0.3188,1.0,5.0,5.0,0.0,0.0,1133.95,3.16,0,5,16,4,12,3,0,0,6,3,0
779,31.8,97.38,5,28800.0,0.6578,1.0,0.6578,1.0,5.0,5.0,0.0,0.0,1133.95,3.62,0,5,4,5,12,3,1,1,6,3,0
887,34.76,110.88,5,28800.0,0.8119,1.0,0.8119,1.0,5.0,5.0,0.0,0.0,1133.95,3.72,0,5,6,5,12,3,1,0,6,3,0
1013,34.42,126.62,3,28800.0,0.9539,1.0,0.9539,1.0,3.0,3.0,0.0,0.0,1133.95,4.13,0,5,16,5,12,3,1,0,6,3,0
856,26.3,107.0,5,28800.0,0.6991,1.0,0.6991,1.0,5.0,5.0,0.0,0.0,1133.95,4.38,0,5,22,5,12,3,1,1,6,3,0
905,11.31,115.18,4,28285.0,0.3101,0.9821,0.3158,1.0,4.0,4.0,0.0,0.0,1133.95,4.82,0,5,8,6,12,3,1,0,6,3,0
1009,18.57,128.74,4,28214.0,0.6313,0.9797,0.6444,1.0,4.0,4.0,0.0,0.0,1186.14,0.13,0,6,14,6,12,3,1,0,6,3,0
870,25.97,112.4,4,27866.0,0.7541,0.9676,0.7793,1.0,4.0,4.0,0.0,0.0,1186.14,0.46,0,6,22,6,12,3,1,1,6,3,0
704,45.85,88.0,6,28800.0,0.9634,1.0,0.9634,1.0,6.0,6.0,0.0,0.0,1186.14,1.04,0,6,12,0,13,3,0,0,6,3,0
875,13.8,109.38,5,28800.0,0.3971,1.0,0.3971,1.0,5.0,5.0,0.0,0.0,1186.14,1.36,0,6,20,0,13,3,0,0,6,3,1
804,16.25,100.5,5,28800.0,0.3538,1.0,0.4246,1.0,3.0,3.0,0.0,0.0,1186.14,1.75,0,6,5,1,13,3,0,1,6,3,1
945,35.09,134.42,4,25715.625,0.8554,0.8929374999999999,0.9734,1.0,4.0,4.0,0.0,0.0,1186.14,2.05,0,6,12,1,13,3,0,0,6,3,1
840,24.69,124.23,4,25715.625,0.5883,0.8929374999999999,0.696,1.0,4.0,4.0,0.0,0.0,1186.14,2.26,1,6,18,1,13,3,0,0,6,3,0
959,32.79,144.17,3,25715.625,0.8315,0.8929374999999999,1.0,1.0,7.0,7.0,0.0,0.0,1216.87,2.72,1,6,5,2,13,3,0,1,6,3,0
935,35.53,116.88,5,28800.0,1.0,1.0,1.0,1.0,5.0,5.0,0.0,0.0,1216.87,2.87,1,6,8,2,13,3,0,0,6,3,0
766,37.06,95.75,6,28800.0,0.8008,1.0,0.8008,1.0,6.0,6.0,0.0,0.0,1216.87,3.15,1,6,15,2,13,3,0,0,6,3,0
1050,25.72,131.25,7,28800.0,0.8695,1.0,0.8695,1.0,3.0,3.0,0.0,0.0,1216.87,3.62,1,7,2,3,13,3,0,1,6,3,0
804,26.29,106.15,5,27267.0,0.546,0.9468,0.5767,1.0,5.0,5.0,0.0,0.0,1248.56,0.24,1,7,9,3,13,3,0,0,6,3,0
809,49.3,110.6,5,26333.0,0.9143,0.9143,1.0,1.0,5.0,5.0,0.0,0.0,1248.56,0.69,1,7,20,3,13,3,0,0,6,3,1
791,24.73,102.19,3,27866.0,0.5724,0.9676,0.5916,1.0,7.0,5.0,0.0,0.0,1248.56,1.02,1,7,4,4,13,3,0,1,6,3,1
1050,20.72,146.13,4,25868.0,0.7277,0.8982,0.8102,1.0,4.0,4.0,0.0,0.0,1248.56,1.21,1,7,8,4,13,3,0,0,6,3,1
691,14.03,93.21,2,26688.0,0.2503,0.9267,0.2701,1.0,2.0,2.0,0.0,0.0,1254.34,0.06,1,8,15,4,13,3,0,0,6,3,1
733,31.11,111.33,5,25715.625,0.4485,0.8929374999999999,0.7629,1.0,7.0,5.0,0.0,0.0,1302.61,0.39,2,8,23,4,13,3,0,1,6,3,0
932,29.39,116.5,5,28800.0,0.9239,1.0,0.9239,1.0,6.0,6.0,0.0,0.0,1302.61,1.46,2,8,1,6,13,3,1,1,6,3,3
979,32.65,136.29,4,25860.0,0.861,0.8979,0.9589,1.0,4.0,4.0,0.0,0.0,1302.61,1.82,2,8,10,6,13,3,1,0,6,3,3
1011,10.94,155.22,2,25715.625,0.304,0.8929374999999999,0.3734,1.0,2.0,2.0,0.0,0.0,1302.61,2.03,2,8,15,6,13,3,1,0,6,3,3
746,36.69,122.17,6,25715.625,0.7483,0.8929374999999999,0.9804,1.0,1.0,1.0,0.0,0.0,1302.61,2.41,3,8,0,0,14,3,0,1,6,3,0
952,28.22,119.0,6,28800.0,0.8542,1.0,0.8542,1.0,6.0,6.0,0.0,0.0,1366.11,2.66,3,8,6,0,14,3,0,0,6,3,0
980,11.77,122.5,4,28800.0,0.2382,1.0,0.2977,1.0,5.0,4.0,0.0,0.0,1366.11,3.24,3,8,20,0,14,3,0,0,6,3,0
858,12.45,107.25,1,28800.0,0.3036,1.0,0.3036,1.0,5.0,5.0,0.0,0.0,1366.11,3.49,3,8,2,1,14,3,0,1,6,3,0
983,18.23,122.88,2,28800.0,0.4854,1.0,0.4854,1.0,2.0,2.0,0.0,0.0,1366.11,3.86,3,8,11,1,14,3,0,0,6,3,0
1009,37.31,126.12,2,28800.0,0.6667,1.0,1.0,1.0,3.0,2.0,0.0,0.0,1366.11,4.21,2,8,19,1,14,3,0,0,6,3,3
884,46.55,110.5,5,28800.0,1.0,1.0,1.0,1.0,5.0,5.0,0.0,0.0,1366.11,4.53,2,8,3,2,14,4,0,1,6,3,3
860,29.93,123.27,4,25715.625,0.6868,0.8929374999999999,0.7876,1.0,4.0,4.0,0.0,0.0,1366.11,4.74,2,8,8,2,14,4,0,0,6,3,3
938,13.66,133.26,4,25715.625,0.3681,0.8929374999999999,0.4183,1.0,4.0,4.0,0.0,0.0,1366.11,4.99,2,8,14,2,14,4,0,0,6,3,3
649,27.85,94.55,5,25715.625,0.587,0.8929374999999999,0.6841,1.0,4.0,3.0,0.0,0.0,1400.11,5.53,3,8,3,3,14,4,0,1,6,3,0
783,14.89,97.88,6,28800.0,0.3559,1.0,0.3559,1.0,6.0,6.0,0.0,0.0,1400.11,5.89,3,8,11,3,14,4,0,0,6,3,0
914,13.23,114.25,5,28800.0,0.3764,1.0,0.3764,1.0,5.0,5.0,0.0,0.0,1400.11,6.07,3,8,16,3,14,4,0,0,6,3,0
938,41.47,117.25,3,28800.0,0.75,1.0,1.0,1.0,2.0,2.0,0.0,0.0,1400.11,6.46,3,8,1,4,14,4,0,1,6,3,2
910,34.67,173.66124,4,25715.625,0.5947,0.8929374999999999,1.0,1.0,4.0,4.0,0.0,0.0,1410.06,0.04,3,9,10,4,14,4,0,0,6,3,2
899,20.55,152.95,4,25715.625,0.4932,0.8929374999999999,0.6713,1.0,4.0,4.0,0.0,0.0,1410.06,0.32,3,8,17,4,14,4,0,0,6,3,2
882,42.13,167.37,2,25715.625,0.6587,0.8929374999999999,1.0,1.0,3.0,3.0,0.0,0.0,1467.8,0.79,3,8,4,5,14,4,1,1,6,3,0
719,26.04,89.88,4,28800.0,0.4038,1.0,0.5048,1.0,5.0,4.0,0.0,0.0,1467.8,0.99,3,8,9,5,14,4,1,0,6,3,0
786,26.93,98.25,2,28800.0,0.6154,1.0,0.6154,1.0,2.0,2.0,0.0,0.0,1467.8,1.41,3,8,19,5,14,4,1,0,6,3,0
912,16.7,114.0,3,28800.0,0.5253,1.0,0.5253,1.0,5.0,4.0,0.0,0.0,1467.8,1.73,3,8,3,6,14,4,1,1,6,3,0
917,36.02,114.62,3,28800.0,0.8711,1.0,0.8711,1.0,3.0,3.0,0.0,0.0,1467.8,1.9,3,8,7,6,14,4,1,0,6,3,0
851,35.65,106.38,2,28800.0,0.9624,1.0,0.9624,1.0,2.0,2.0,0.0,0.0,1467.8,2.29,3,8,16,6,14,4,1,0,6,3,0
882,36.48,110.25,4,28800.0,0.7688,1.0,0.961,1.0,4.0,4.0,0.0,0.0,1467.8,2.8,2,8,4,0,15,4,0,1,6,3,0
828,16.7,108.96,3,27356.0,0.368,0.9499,0.3874,1.0,3.0,3.0,0.0,0.0,1567.21,3.09,3,8,11,0,15,4,0,0,6,3,0
815,26.87,104.42,4,28099.0,0.727,0.9757,0.7451,1.0,4.0,4.0,0.0,0.0,1567.21,3.21,3,8,14,0,15,4,0,0,6,3,0
737,20.49,92.12,6,28800.0,0.456,1.0,0.456,1.0,6.0,6.0,0.0,0.0,1567.21,4.17,3,8,13,1,15,4,0,0,6,3,0
984,41.51,123.0,2,28800.0,1.0,1.0,1.0,1.0,2.0,2.0,0.0,0.0,1567.21,4.42,3,8,19,1,15,4,0,0,6,3,0
840,18.45,105.0,3,28800.0,0.5017,1.0,0.5017,1.0,5.0,5.0,0.0,0.0,1567.21,4.62,3,8,0,2,15,4,0,1,6,3,0
897,32.98,112.12,2,28800.0,0.8958,1.0,0.8958,1.0,2.0,2.0,0.0,0.0,1567.21,5.05,3,7,11,2,15,4,0,0,6,3,0
743,33.32,92.88,2,28800.0,0.7858,1.0,0.7858,1.0,2.0,2.0,0.0,0.0,1567.21,5.23,3,7,15,2,15,4,0,0,6,3,0
675,32.07,84.38,5,28800.0,0.739,1.0,0.739,1.0,4.0,4.0,0.0,0.0,1567.21,5.66,2,7,1,3,15,4,0,1,6,3,0
960,12.96,120.0,4,28800.0,0.3303,1.0,0.3303,1.0,4.0,4.0,0.0,0.0,1567.21,6.1,2,7,12,3,15,4,0,0,6,3,0
927,33.34,115.88,6,28800.0,0.9379,1.0,0.9379,1.0,6.0,6.0,0.0,0.0,1567.21,6.44,2,7,20,3,15,4,0,0,6,3,3
750,18.03,93.75,4,28800.0,0.3859,1.0,0.3859,1.0,2.0,2.0,0.0,0.0,1567.21,6.67,2,7,1,4,15,4,0,1,6,3,3
1003,31.98,132.3,6,27292.0,0.9476,0.9476,1.0,1.0,6.0,6.0,0.0,0.0,1567.21,6.9,2,7,7,4,15,4,0,0,6,3,3
941,16.34,128.18,4,26428.0,0.4725,0.9176,0.5149,1.0,4.0,4.0,0.0,0.0,1599.94,7.5,2,6,21,4,15,4,0,0,6,3,0
882,27.25,118.44,2,26809.0,0.7647,0.9309,0.8215,1.0,2.0,2.0,0.0,0.0,1599.94,7.56,2,6,23,4,15,4,0,1,6,3,3
832,15.01,106.98,5,27997.0,0.3611,0.9721,0.4458,1.0,6.0,5.0,0.0,0.0,1599.94,8.0,2,6,9,5,15,4,1,0,6,3,3
789,18.96,100.42,5,28286.0,0.395,0.9822,0.4022,1.0,5.0,5.0,0.0,0.0,1599.94,8.45,2,6,20,5,15,4,1,0,6,3,3
999,46.86,129.14,3,27848.0,0.9669,0.9669,1.0,1.0,5.0,5.0,0.0,0.0,1633.96,8.62,3,6,0,6,15,4,1,1,6,3,0
958,42.31,119.75,4,28800.0,0.8,1.0,1.0,1.0,5.0,4.0,0.0,0.0,1633.96,9.12,3,5,12,6,15,4,1,0,6,3,0
1005,43.43,125.62,6,28800.0,1.0,1.0,1.0,1.0,6.0,6.0,0.0,0.0,1633.96,9.27,3,5,16,6,15,4,1,0,6,3,0
839,17.65,104.88,5,28800.0,0.4145,1.0,0.4145,1.0,3.0,3.0,0.0,0.0,1633.96,9.7,3,5,2,0,16,4,0,1,6,3,0
808,49.37,104.55,6,27821.0,0.966,0.966,1.0,1.0,6.0,6.0,0.0,0.0,1633.96,10.03,2,6,10,0,16,4,0,0,6,3,0
750,17.71,102.15,3,26432.0,0.4583,0.9178,0.4994,1.0,3.0,3.0,0.0,0.0,1873.96,0.36,2,6,19,0,16,4,0,0,6,3,0
890,22.09,115.41,3,27761.0,0.6563,0.9639,0.6809,1.0,4.0,4.0,0.0,0.0,1873.96,0.57,2,6,0,1,16,4,0,1,6,3,0
820,27.57,102.5,3,28800.0,0.7653,1.0,0.7653,1.0,3.0,3.0,0.0,0.0,1873.96,0.98,2,6,10,1,16,4,0,0,6,3,0
795,38.53,99.38,4,28800.0,0.6375,1.0,0.7969,1.0,5.0,4.0,0.0,0.0,1873.96,1.42,2,6,21,1,16,4,0,0,6,3,0
855,51.38,106.88,4,28800.0,1.0,1.0,1.0,1.0,1.0,1.0,0.0,0.0,1873.96,1.67,2,6,3,2,16,4,0,1,6,3,0
864,25.61,108.0,3,28800.0,0.6213,1.0,0.6213,1.0,3.0,3.0,0.0,0.0,1873.96,1.87,2,6,7,2,16,4,0,0,6,3,0
921,20.62,115.12,6,28800.0,0.5695,1.0,0.5695,1.0,6.0,6.0,0.0,0.0,1873.96,2.24,2,6,16,2,16,4,0,0,6,3,0
873,40.31,109.12,1,28800.0,0.9085,1.0,0.9085,1.0,4.0,4.0,0.0,0.0,1873.96,2.68,2,6,3,3,16,4,0,1,6,3,0
792,23.43,99.0,5,28800.0,0.5973,1.0,0.5973,1.0,5.0,5.0,0.0,0.0,1873.96,2.87,2,6,7,3,16,4,0,0,6,3,0
962,13.71,120.25,2,28800.0,0.3831,1.0,0.3831,1.0,2.0,2.0,0.0,0.0,1873.96,3.38,2,5,20,3,16,4,0,0,6,3,0
841,39.31,105.12,4,28800.0,1.0,1.0,1.0,1.0,5.0,5.0,0.0,0.0,1873.96,3.66,2,5,3,4,16,4,0,1,6,3,0
951,21.72,118.88,5,28800.0,0.5316,1.0,0.5316,1.0,5.0,5.0,0.0,0.0,1873.96,3.81,2,5,6,4,16,4,0,0,6,3,0
990,24.36,123.75,4,28800.0,0.6284,1.0,0.6284,1.0,4.0,4.0,0.0,0.0,1873.96,4.27,1,5,17,4,16,4,0,0,6,3,0
823,28.41,102.88,5,28800.0,0.7458,1.0,0.7458,1.0,5.0,5.0,0.0,0.0,1873.96,4.62,1,5,2,5,16,4,1,1,6,3,0
662,13.68,82.75,4,28800.0,0.2577,1.0,0.2577,1.0,4.0,4.0,0.0,0.0,1873.96,5.1,1,5,13,5,16,4,1,0,6,3,0
946,14.6,118.25,6,28800.0,0.3662,1.0,0.3662,1.0,6.0,6.0,0.0,0.0,1873.96,5.39,1,5,20,5,16,4,1,0,6,3,0
819,36.77,102.38,5,28800.0,0.848,1.0,0.848,1.0,5.0,5.0,0.0,0.0,1873.96,5.48,1,5,22,5,16,4,1,1,6,3,0
885,28.06,110.62,5,28800.0,0.5324,1.0,0.6389,1.0,6.0,5.0,0.0,0.0,1873.96,5.94,0,5,9,6,16,4,1,0,6,3,0
900,43.3,112.5,3,28800.0,1.0,1.0,1.0,1.0,3.0,3.0,0.0,0.0,1873.96,6.13,0,5,14,6,16,4,1,0,6,3,0
1021,18.63,127.62,3,28800.0,0.5676,1.0,0.5676,1.0,7.0,7.0,0.0,0.0,1873.96,6.64,0,5,2,0,17,4,0,1,6,3,0
943,25.5,117.88,2,28800.0,0.6935,1.0,0.6935,1.0,2.0,2.0,0.0,0.0,1873.96,6.85,0,5,7,0,17,4,0,0,6,3,0
1050,27.09,131.25,5,28800.0,0.8655,1.0,0.8655,1.0,5.0,5.0,0.0,0.0,1873.96,7.15,0,5,14,0,17,4,0,0,6,3,0
900,22.28,112.5,7,28800.0,0.5797,1.0,0.5797,1.0,4.0,4.0,0.0,0.0,1873.96,7.56,0,5,0,1,17,4,0,1,6,3,0
999,39.11,124.88,3,28800.0,1.0,1.0,1.0,1.0,3.0,3.0,0.0,0.0,1873.96,7.88,0,5,8,1,17,4,0,0,6,3,0
799,10.42,99.88,4,28800.0,0.208,1.0,0.26,1.0,5.0,4.0,0.0,0.0,1873.96,8.38,0,4,20,1,17,4,0,0,6,3,0
886,20.82,110.75,4,28800.0,0.4993,1.0,0.4993,1.0,3.0,3.0,0.0,0.0,1873.96,8.75,0,4,5,2,17,4,0,1,6,3,0
861,19.37,107.62,3,28800.0,0.5145,1.0,0.5145,1.0,3.0,3.0,0.0,0.0,1873.96,8.8,0,4,6,2,17,4,0,0,6,3,0
912,30.22,114.0,2,28800.0,0.8569,1.0,0.8569,1.0,2.0,2.0,0.0,0.0,1873.96,9.18,0,4,15,2,17,4,0,0,6,3,0
775,14.11,96.88,3,28800.0,0.3003,1.0,0.3003,1.0,4.0,4.0,0.0,0.0,1873.96,9.58,0,4,0,3,17,4,0,1,6,3,0
859,32.07,117.05,2,26420.0,0.7087,0.9174,0.7725,1.0,2.0,2.0,0.0,0.0,1873.96,9.89,0,4,8,3,17,4,0,0,6,3,0
920,28.52,124.9,4,26517.0,0.8475,0.9207,0.9205,1.0,4.0,4.0,0.0,0.0,1993.49,0.11,0,5,15,3,17,4,0,0,6,3,0
872,35.41,114.99,4,27300.0,0.9479,0.9479,1.0,1.0,6.0,6.0,0.0,0.0,1993.49,0.62,0,5,3,4,17,4,0,1,6,3,0
863,36.93,107.88,5,28800.0,0.9466,1.0,0.9466,1.0,5.0,5.0,0.0,0.0,1993.49,1.01,0,5,13,4,17,4,0,0,6,3,0
823,31.17,102.88,3,28800.0,0.7261,1.0,0.7261,1.0,3.0,3.0,0.0,0.0,1993.49,1.33,0,5,20,4,17,4,0,0,6,3,0
861,45.56,107.62,6,28800.0,1.0,1.0,1.0,1.0,2.0,1.0,0.0,0.0,1993.49,1.63,0,4,4,5,17,4,1,1,6,3,0
901,27.68,112.62,4,28800.0,0.5529,1.0,0.6911,1.0,5.0,4.0,0.0,0.0,1993.49,1.73,0,4,6,5,17,4,1,0,6,3,0
851,40.8,106.38,2,28800.0,0.911,1.0,0.911,1.0,2.0,2.0,0.0,0.0,1993.49,2.14,0,4,16,5,17,4,1,0,6,3,0
979,32.44,122.38,1,28800.0,0.433,1.0,0.8661,1.0,3.0,3.0,0.0,0.0,1993.49,2.5,0,4,0,6,17,4,1,1,6,3,0
942,23.37,117.75,4,28800.0,0.6865,1.0,0.6865,1.0,4.0,4.0,0.0,0.0,1993.49,2.79,0,4,7,6,17,4,1,0,6,3,0
917,40.45,114.62,2,28800.0,1.0,1.0,1.0,1.0,2.0,2.0,0.0,0.0,1993.49,3.18,0,3,17,6,17,4,1,0,6,3,0
778,35.92,97.25,3,28800.0,0.8477,1.0,0.8477,1.0,4.0,4.0,0.0,0.0,1993.49,3.5,0,3,0,0,18,4,0,1,6,3,0
945,35.03,118.12,3,28800.0,1.0,1.0,1.0,1.0,3.0,3.0,0.0,0.0,1993.49,3.87,0,3,9,0,18,4,0,0,6,3,0
747,18.12,93.38,5,28800.0,0.4111,1.0,0.4111,1.0,5.0,5.0,0.0,0.0,1993.49,4.14,0,3,16,0,18,4,0,0,6,3,3
969,37.04,131.21,4,26587.0,0.7386,0.9232,1.0,1.0,5.0,4.0,0.0,0.0,1993.49,4.81,0,3,8,1,18,4,0,0,6,3,3
894,40.71,122.62,3,26246.0,0.9113,0.9113,1.0,1.0,3.0,3.0,0.0,0.0,1996.1,5.1,1,3,15,1,18,4,0,0,6,3,3
942,15.51,126.62,7,26782.0,0.4742,0.9299,0.51,1.0,3.0,2.0,0.0,0.0,2014.8,5.54,2,3,1,2,18,4,0,1,6,3,3
841,18.56,119.81,4,25715.625,0.5318,0.8929374999999999,0.606,1.0,4.0,4.0,0.0,0.0,2014.8,5.79,2,3,7,2,18,4,0,0,6,3,3
1043,14.45,158.87,2,25715.625,0.4259,0.8929374999999999,0.519,1.0,2.0,2.0,0.0,0.0,2014.8,6.08,3,3,14,2,18,4,0,0,6,3,0
913,34.15,134.76,2,25715.625,0.5646,0.8929374999999999,1.0,1.0,6.0,6.0,0.0,0.0,2047.43,6.47,3,3,0,3,18,4,0,1,6,3,0
929,11.84,136.0,5,25715.625,0.3235,0.8929374999999999,0.3789,1.0,5.0,5.0,0.0,0.0,2047.43,6.82,3,3,8,3,18,4,0,0,6,3,0
819,19.87,122.93,6,25715.625,0.4854,0.8929374999999999,0.5829,1.0,6.0,6.0,0.0,0.0,2047.43,7.16,3,3,16,3,18,4,0,0,6,3,0
835,38.93,141.59,6,25715.625,0.7372,0.8929374999999999,1.0,1.0,4.0,4.0,0.0,0.0,2130.2,0.06,3,4,5,4,18,5,0,1,6,3,0
726,13.51,90.75,3,28800.0,0.269,1.0,0.269,1.0,3.0,3.0,0.0,0.0,2130.2,0.29,3,4,10,4,18,5,0,0,6,3,0
969,41.04,121.12,3,28800.0,1.0,1.0,1.0,1.0,3.0,3.0,0.0,0.0,2130.2,0.73,3,4,21,4,18,5,0,0,6,3,0
901,37.94,112.62,4,28800.0,1.0,1.0,1.0,1.0,5.0,5.0,0.0,0.0,2130.2,0.9,3,4,1,5,18,5,1,1,6,3,0
876,28.34,109.5,2,28800.0,0.8146,1.0,0.8146,1.0,2.0,2.0,0.0,0.0,2130.2,1.52,3,4,16,5,18,5,1,0,6,3,0
884,14.82,110.5,5,28800.0,0.4003,1.0,0.4003,1.0,5.0,5.0,0.0,0.0,2130.2,1.76,3,4,22,5,18,5,1,1,6,3,0
989,9.53,123.62,5,28800.0,0.253,1.0,0.3036,1.0,6.0,5.0,0.0,0.0,2130.2,2.1,3,3,6,6,18,5,1,0,6,3,0
997,43.36,124.62,3,28800.0,1.0,1.0,1.0,1.0,3.0,3.0,0.0,0.0,2130.2,2.5,3,3,15,6,18,5,1,0,6,3,2
1033,30.93,129.12,6,28800.0,0.962,1.0,0.962,1.0,4.0,4.0,0.0,0.0,2130.2,3.03,3,3,4,0,19,5,0,1,6,3,2
741,30.12,98.91,2,26969.0,0.7261,0.9364,0.7754,1.0,2.0,2.0,0.0,0.0,2130.2,3.1,3,3,6,0,19,5,0,0,6,3,2
856,25.09,117.36,2,26257.0,0.5635,0.9117,0.6181,1.0,2.0,2.0,0.0,0.0,2130.2,3.47,4,3,15,0,19,5,0,0,6,3,0
783,49.95,107.98,4,26104.0,0.9064,0.9064,1.0,1.0,1.0,1.0,0.0,0.0,2142.82,3.9,4,3,1,1,19,5,0,1,6,3,0
865,47.46,116.09,5,26824.0,0.9314,0.9314,1.0,1.0,5.0,5.0,0.0,0.0,2207.33,4.11,4,3,6,1,19,5,0,0,6,3,0
842,23.1,109.84,3,27597.0,0.5596,0.9582,0.584,1.0,3.0,3.0,0.0,0.0,2207.33,4.52,2,3,16,1,19,5,0,0,6,3,0
795,18.37,106.47,1,26880.0,0.3881,0.9333,0.4158,1.0,5.0,5.0,0.0,0.0,2207.33,4.96,2,3,3,2,19,5,0,1,6,3,0
976,45.9,122.0,3,28800.0,0.75,1.0,1.0,1.0,4.0,3.0,0.0,0.0,2207.33,5.4,1,3,13,2,19,5,0,0,6,3,0
728,11.54,91.0,5,28800.0,0.2829,1.0,0.2829,1.0,5.0,5.0,0.0,0.0,2207.33,5.74,1,3,21,2,19,5,0,0,6,3,0
712,30.15,89.0,5,28800.0,0.689,1.0,0.689,1.0,5.0,5.0,0.0,0.0,2207.33,5.78,1,3,22,2,19,5,0,1,6,3,0
986,11.49,141.5,4,25715.625,0.3013,0.8929374999999999,0.3459,1.0,4.0,4.0,0.0,0.0,2207.33,6.12,1,3,6,3,19,5,0,0,6,3,3
953,25.67,141.78,4,25715.625,0.765,0.8929374999999999,0.9105,1.0,4.0,4.0,0.0,0.0,2207.33,6.51,1,3,16,3,19,5,0,0,6,3,3
959,38.84,127.6,6,27057.0,0.9395,0.9395,1.0,1.0,6.0,6.0,0.0,0.0,2207.33,6.76,1,3,22,3,19,5,0,1,6,3,3
965,42.2,120.62,3,28800.0,1.0,1.0,1.0,1.0,3.0,3.0,0.0,0.0,2235.51,7.2,2,3,8,4,19,5,0,0,6,3,0
763,16.87,95.38,4,28800.0,0.4194,1.0,0.4194,1.0,4.0,4.0,0.0,0.0,2235.51,7.65,2,3,19,4,19,5,0,0,6,3,0
961,24.48,120.12,2,28800.0,0.6307,1.0,0.6307,1.0,5.0,5.0,0.0,0.0,2235.51,7.93,2,3,2,5,19,5,1,1,6,3,2
778,19.87,98.57,6,28414.0,0.5292,0.9866,0.5364,1.0,6.0,6.0,0.0,0.0,2253.81,8.12,2,3,6,5,19,5,1,0,6,3,2
985,30.67,124.37,5,28512.0,0.8776,0.99,0.8865,1.0,5.0,5.0,0.0,0.0,2401.23,9.05,3,3,5,6,19,5,1,1,6,3,0
987,15.26,140.73,6,25715.625,0.4582,0.8929374999999999,0.5226,1.0,6.0,6.0,0.0,0.0,2401.23,9.54,3,3,16,6,19,5,1,0,6,3,0
981,11.34,139.62,5,25715.625,0.3117,0.8929374999999999,0.3549,1.0,3.0,3.0,0.0,0.0,2401.23,9.85,3,3,0,0,20,5,0,1,6,3,0
983,14.61,122.88,3,28800.0,0.4874,1.0,0.4874,1.0,3.0,3.0,0.0,0.0,2401.23,10.09,3,3,6,0,20,5,0,0,6,3,0
964,37.37,120.5,4,28800.0,1.0,1.0,1.0,1.0,4.0,4.0,0.0,0.0,2401.23,10.57,2,3,17,0,20,5,0,0,6,3,0
880,45.65,110.0,3,28800.0,1.0,1.0,1.0,1.0,5.0,5.0,0.0,0.0,2401.23,11.06,2,3,5,1,20,5,0,1,6,3,0
862,33.16,107.75,3,28800.0,0.8294,1.0,0.8294,1.0,3.0,3.0,0.0,0.0,2401.23,11.32,2,3,11,1,20,5,0,0,6,3,0
838,39.1,104.75,6,28800.0,0.8607,1.0,0.8607,1.0,6.0,6.0,0.0,0.0,2401.23,11.53,2,3,16,1,20,5,0,0,6,3,0
739,33.6,92.38,5,28800.0,0.8029,1.0,0.8029,1.0,5.0,5.0,0.0,0.0,2401.23,11.9,2,3,1,2,20,5,0,1,6,3,0
808,38.7,101.0,4,28800.0,0.8933,1.0,0.8933,1.0,4.0,4.0,0.0,0.0,2401.23,12.3,2,2,11,2,20,5,0,0,6,3,0
891,11.99,111.38,4,28800.0,0.3641,1.0,0.3641,1.0,4.0,4.0,0.0,0.0,2401.23,12.68,2,2,20,2,20,5,0,0,6,3,0
996,35.03,124.5,5,28800.0,0.9241,1.0,0.9241,1.0,5.0,5.0,0.0,0.0,2401.23,12.83,2,2,23,2,20,5,0,1,6,3,0
980,25.08,122.5,6,28800.0,0.8078,1.0,0.8078,1.0,6.0,6.0,0.0,0.0,2401.23,13.31,2,2,11,3,20,5,0,0,6,3,0
999,11.42,124.88,3,28800.0,0.3906,1.0,0.3906,1.0,3.0,3.0,0.0,0.0,2401.23,13.65,2,2,19,3,20,5,0,0,6,3,0
957,42.53,119.62,3,28800.0,0.75,1.0,1.0,1.0,6.0,6.0,0.0,0.0,2401.23,13.95,1,2,2,4,20,5,0,1,6,3,0
971,36.13,121.38,3,28800.0,1.0,1.0,1.0,1.0,3.0,3.0,0.0,0.0,2401.23,14.19,1,2,8,4,20,5,0,0,6,3,0
826,17.77,103.25,4,28800.0,0.3088,1.0,0.386,1.0,5.0,4.0,0.0,0.0,2401.23,14.55,1,2,17,4,20,5,0,0,6,3,0
832,30.71,104.0,6,28800.0,0.7182,1.0,0.7182,1.0,1.0,1.0,0.0,0.0,2401.23,14.98,1,2,3,5,20,5,1,1,6,3,0
879,41.34,129.3,3,25715.625,0.8498,0.8929374999999999,1.0,1.0,3.0,3.0,0.0,0.0,2401.23,15.13,1,3,7,5,20,5,1,0,6,3,0
842,16.02,127.56,2,25715.625,0.2682,0.8929374999999999,0.4876,1.0,3.0,2.0,0.0,0.0,2431.89,0.35,1,3,18,5,20,5,1,0,6,3,3
754,13.23,115.72,1,25715.625,0.3074,0.8929374999999999,0.3774,1.0,4.0,4.0,0.0,0.0,2431.89,0.57,1,3,0,6,20,5,1,1,6,3,3
982,39.4,138.89,5,25715.625,0.8838,0.8929374999999999,1.0,1.0,5.0,5.0,0.0,0.0,2431.89,1.11,0,3,13,6,20,5,1,0,6,3,3
886,21.56,130.64,2,25715.625,0.5224,0.8929374999999999,0.6162,1.0,2.0,2.0,0.0,0.0,2434.38,1.48,2,3,21,6,20,5,1,0,6,3,2
972,14.11,140.55,4,25715.625,0.3689,0.8929374999999999,0.4267,1.0,4.0,4.0,0.0,0.0,2434.38,1.49,2,3,22,6,20,5,1,1,6,3,2
1023,31.11,134.87,2,27306.0,0.9481,0.9481,1.0,1.0,2.0,2.0,0.0,0.0,2444.81,1.93,2,3,8,0,21,5,0,0,6,3,2
917,26.29,119.9,2,27534.0,0.7301,0.956,0.7637,1.0,2.0,2.0,0.0,0.0,2477.59,2.46,2,3,21,0,21,5,0,0,6,3,0
861,19.73,112.93,1,27448.0,0.5869,0.9531,0.6158,1.0,4.0,4.0,0.0,0.0,2477.59,2.75,2,3,4,1,21,5,0,1,6,3,0
815,28.99,101.88,4,28800.0,0.6447,1.0,0.8059,1.0,5.0,4.0,0.0,0.0,2477.59,2.99,2,3,10,1,21,5,0,0,6,3,0
929,40.78,116.12,2,28800.0,0.6667,1.0,1.0,1.0,3.0,2.0,0.0,0.0,2477.59,3.34,2,3,18,1,21,5,0,0,6,3,0
872,35.96,109.0,4,28800.0,1.0,1.0,1.0,1.0,3.0,3.0,0.0,0.0,2477.59,3.75,2,4,4,2,21,5,0,1,6,3,0
892,46.74,146.44,3,25715.625,0.7614,0.8929374999999999,1.0,1.0,3.0,3.0,0.0,0.0,2626.74,0.17,2,4,9,2,21,5,0,0,6,3,0
867,37.18,148.74,2,25715.625,0.7286,0.8929374999999999,1.0,1.0,2.0,2.0,0.0,0.0,2626.74,0.62,2,4,20,2,21,5,0,0,6,3,0
890,19.61,151.35,3,25715.625,0.4669,0.8929374999999999,0.6353,1.0,3.0,3.0,0.0,0.0,2626.74,0.74,2,4,23,2,21,5,0,1,6,3,0
837,10.42,104.62,4,28800.0,0.2099,1.0,0.2624,1.0,5.0,4.0,0.0,0.0,2626.74,1.25,2,4,11,3,21,5,0,0,6,3,0
820,45.94,102.5,5,28800.0,0.9769,1.0,0.9769,1.0,5.0,5.0,0.0,0.0,2626.74,1.65,2,4,21,3,21,5,0,0,6,3,0
905,15.86,113.12,4,28800.0,0.2971,1.0,0.3714,1.0,4.0,4.0,0.0,0.0,2626.74,1.86,2,4,2,4,21,5,0,1,6,3,0
736,23.31,92.0,5,28800.0,0.4208,1.0,0.505,1.0,6.0,5.0,0.0,0.0,2626.74,2.34,2,4,13,4,21,5,0,0,6,3,0
1050,34.48,131.25,3,28800.0,1.0,1.0,1.0,1.0,3.0,3.0,0.0,0.0,2626.74,2.6,2,4,19,4,21,5,0,0,6,3,0
836,16.98,104.5,4,28800.0,0.4064,1.0,0.4064,1.0,5.0,4.0,0.0,0.0,2626.74,2.77,2,4,0,5,21,5,1,1,6,3,0
867,26.7,108.38,5,28800.0,0.6945,1.0,0.6945,1.0,5.0,5.0,0.0,0.0,2626.74,3.22,2,4,10,5,21,5,1,0,6,3,0
886,19.7,110.75,5,28800.0,0.5116,1.0,0.5116,1.0,5.0,5.0,0.0,0.0,2626.74,3.36,2,3,14,5,21,5,1,0,6,3,0
809,10.99,101.12,4,28800.0,0.223,1.0,0.2787,1.0,5.0,4.0,0.0,0.0,2626.74,3.92,2,3,3,6,21,5,1,1,6,3,0
696,21.63,87.0,3,28800.0,0.4154,1.0,0.4154,1.0,3.0,3.0,0.0,0.0,2626.74,4.18,2,3,9,6,21,5,1,0,6,3,0
887,13.2,110.88,2,28800.0,0.3819,1.0,0.3819,1.0,2.0,2.0,0.0,0.0,2626.74,4.54,1,3,18,6,21,5,1,0,6,3,0
962,43.98,120.25,4,28800.0,0.8,1.0,1.0,1.0,5.0,4.0,0.0,0.0,2626.74,4.72,0,3,22,6,21,5,1,1,6,3,0
848,44.98,106.0,6,28800.0,1.0,1.0,1.0,1.0,6.0,6.0,0.0,0.0,2626.74,5.32,0,3,13,0,22,5,0,0,6,3,3
801,28.39,100.12,3,28800.0,0.6689,1.0,0.6689,1.0,3.0,3.0,0.0,0.0,2626.74,5.6,0,3,19,0,22,5,0,0,6,3,3
897,45.85,112.12,3,28800.0,1.0,1.0,1.0,1.0,5.0,5.0,0.0,0.0,2626.74,5.87,0,3,2,1,22,5,0,1,6,3,3
915,9.84,131.39,3,25715.625,0.297,0.8929374999999999,0.3412,1.0,3.0,3.0,0.0,0.0,2626.74,6.34,1,3,13,1,22,5,0,0,6,3,0
1018,37.41,143.63,5,25715.625,0.8859,0.8929374999999999,1.0,1.0,5.0,5.0,0.0,0.0,2738.33,6.36,1,3,14,1,22,5,0,0,6,3,0
814,23.77,110.52,5,26515.0,0.6416,0.9207,0.6969,1.0,5.0,5.0,0.0,0.0,2738.33,6.8,1,3,0,2,22,5,0,1,6,3,0
914,22.35,114.25,5,28800.0,0.5436,1.0,0.5436,1.0,5.0,5.0,0.0,0.0,2738.33,7.23,1,3,10,2,22,5,0,0,6,3,0
955,15.59,119.38,5,28800.0,0.4046,1.0,0.4855,1.0,6.0,5.0,0.0,0.0,2738.33,7.45,1,3,16,2,22,5,0,0,6,3,0
1050,44.91,131.25,5,28800.0,1.0,1.0,1.0,1.0,5.0,5.0,0.0,0.0,2738.33,7.95,1,3,4,3,22,5,0,1,6,3,0
912,36.29,114.0,3,28800.0,0.976,1.0,0.976,1.0,3.0,3.0,0.0,0.0,2738.33,8.18,1,3,9,3,22,5,0,0,6,3,0
896,31.34,112.0,4,28800.0,0.7286,1.0,0.7286,1.0,4.0,4.0,0.0,0.0,2738.33,8.6,1,3,19,3,22,5,0,0,6,3,0
828,35.85,103.5,5,28800.0,1.0,1.0,1.0,1.0,4.0,3.0,0.0,0.0,2738.33,8.9,1,3,3,4,22,5,0,1,6,3,0
858,27.1,107.25,6,28800.0,0.6089,1.0,0.6089,1.0,6.0,6.0,0.0,0.0,2738.33,9.31,1,3,12,4,22,5,0,0,6,3,0
891,20.09,111.38,5,28800.0,0.387,1.0,0.4644,1.0,6.0,5.0,0.0,0.0,2738.33,9.68,1,3,21,4,22,5,0,0,6,3,0
977,45.68,122.12,3,28800.0,0.75,1.0,1.0,1.0,4.0,3.0,0.0,0.0,2738.33,9.71,1,3,22,4,22,5,0,1,6,3,0
952,34.92,119.0,2,28800.0,1.0,1.0,1.0,1.0,2.0,2.0,0.0,0.0,2738.33,10.03,1,3,6,5,22,5,1,0,6,3,0
872,20.93,109.0,5,28800.0,0.4959,1.0,0.4959,1.0,5.0,5.0,0.0,0.0,2738.33,10.54,1,3,18,5,22,5,1,0,6,3,0
968,35.28,121.0,4,28800.0,1.0,1.0,1.0,1.0,3.0,2.0,0.0,0.0,2738.33,10.89,1,2,2,6,22,5,1,1,6,3,0
839,47.05,107.12,4,28196.0,0.979,0.979,1.0,1.0,4.0,4.0,0.0,0.0,2792.41,11.05,1,2,6,6,22,5,1,0,6,3,0
929,39.26,119.18,2,28062.0,0.6496,0.9744,1.0,1.0,3.0,2.0,0.0,0.0,2792.41,11.51,1,2,17,6,22,5,1,0,6,3,0
829,28.09,104.74,2,28493.0,0.4376,0.9893,0.6634,1.0,3.0,2.0,0.0,0.0,2792.41,11.71,1,2,22,6,22,5,1,1,6,3,0
828,27.01,103.5,3,28800.0,0.6541,1.0,0.6541,1.0,3.0,3.0,0.0,0.0,2792.41,12.16,1,2,9,0,23,6,0,0,6,3,0
975,14.06,121.88,2,28800.0,0.4587,1.0,0.4587,1.0,2.0,2.0,0.0,0.0,2792.41,12.4,1,2,15,0,23,6,0,0,6,3,0
936,34.91,117.0,4,28800.0,1.0,1.0,1.0,1.0,4.0,4.0,0.0,0.0,2792.41,12.74,1,2,23,0,23,6,0,1,6,3,0
841,28.18,120.7,4,25715.625,0.7183,0.8929374999999999,0.8248,1.0,4.0,4.0,0.0,0.0,2792.41,13.13,1,2,8,1,23,6,0,0,6,3,0
928,16.07,130.09,5,25715.625,0.5017,0.8929374999999999,0.5626,1.0,5.0,5.0,0.0,0.0,2939.22,0.03,0,3,15,1,23,6,0,0,6,3,0
931,15.75,133.46,1,25715.625,0.385,0.8929374999999999,0.4415,1.0,4.0,4.0,0.0,0.0,2939.22,0.45,0,3,1,2,23,6,0,1,6,3,0
1045,11.15,130.62,5,28800.0,0.3338,1.0,0.3338,1.0,5.0,5.0,0.0,0.0,2939.22,0.92,0,3,12,2,23,6,0,0,6,3,0
807,17.44,100.88,5,28800.0,0.3974,1.0,0.4769,1.0,6.0,5.0,0.0,0.0,2939.22,1.15,0,3,18,2,23,6,0,0,6,3,0
917,10.91,114.62,4,28800.0,0.3445,1.0,0.3445,1.0,3.0,2.0,0.0,0.0,2939.22,1.45,0,3,1,3,23,6,0,1,6,3,0
851,38.55,106.38,3,28800.0,1.0,1.0,1.0,1.0,3.0,3.0,0.0,0.0,2939.22,1.77,0,3,9,3,23,6,0,0,6,3,0
945,32.67,118.12,4,28800.0,0.5334,1.0,0.8,1.0,6.0,4.0,0.0,0.0,2939.22,2.01,0,3,15,3,23,6,0,0,6,3,0
931,17.75,116.38,2,28800.0,0.364,1.0,0.546,1.0,3.0,3.0,0.0,0.0,2939.22,2.53,0,3,3,4,23,6,0,1,6,3,0
994,37.72,124.25,2,28800.0,1.0,1.0,1.0,1.0,2.0,2.0,0.0,0.0,2939.22,2.65,0,3,6,4,23,6,0,0,6,3,0
840,14.26,105.0,2,28800.0,0.3681,1.0,0.3681,1.0,2.0,2.0,0.0,0.0,2939.22,3.08,0,3,16,4,23,6,0,0,6,3,0
808,37.63,101.0,3,28800.0,0.9385,1.0,0.9385,1.0,5.0,5.0,0.0,0.0,2939.22,3.5,0,3,2,5,23,6,1,1,6,3,0
866,22.23,108.25,6,28800.0,0.5915,1.0,0.5915,1.0,6.0,6.0,0.0,0.0,2939.22,3.92,0,3,13,5,23,6,1,0,6,3,0
849,19.49,106.12,3,28800.0,0.4277,1.0,0.4277,1.0,3.0,3.0,0.0,0.0,2939.22,3.98,0,3,14,5,23,6,1,0,6,3,0
880,15.72,110.0,5,28800.0,0.3942,1.0,0.3942,1.0,4.0,4.0,0.0,0.0,2939.22,4.45,0,3,1,6,23,6,1,1,6,3,0
944,50.7,118.0,4,28800.0,1.0,1.0,1.0,1.0,4.0,4.0,0.0,0.0,2939.22,4.68,0,3,7,6,23,6,1,0,6,3,0
876,18.49,109.5,5,28800.0,0.4222,1.0,0.5067,1.0,6.0,5.0,0.0,0.0,2939.22,5.01,0,3,15,6,23,6,1,0,6,3,0
1047,36.54,130.88,4,28800.0,1.0,1.0,1.0,1.0,3.0,3.0,0.0,0.0,2939.22,5.54,0,3,3,0,24,6,0,1,6,3,3
898,16.08,114.16,2,28318.0,0.4508,0.9833,0.4585,1.0,2.0,2.0,0.0,0.0,2939.22,5.81,0,3,10,0,24,6,0,0,6,3,3
1001,43.89,126.18,4,28559.0,0.9916,0.9916,1.0,1.0,4.0,4.0,0.0,0.0,2939.22,6.12,1,3,17,0,24,6,0,0,6,3,1
899,33.14,114.1,3,28365.0,0.884,0.9849,0.8976,1.0,1.0,1.0,0.0,0.0,2949.84,6.45,1,3,1,1,24,6,0,1,6,3,1
849,42.71,118.85,4,25716.0,0.7143,0.8929374999999999,1.0,1.0,5.0,4.0,0.0,0.0,3039.58,6.81,2,3,10,1,24,6,0,0,6,3,0
921,24.79,142.36,4,25715.625,0.7237,0.8929374999999999,0.8949,1.0,4.0,4.0,0.0,0.0,3039.58,6.98,2,3,14,1,24,6,0,0,6,3,0
926,34.46,145.53,1,25715.625,0.7954,0.8929374999999999,1.0,1.0,4.0,4.0,0.0,0.0,3039.58,7.53,2,3,3,2,24,6,0,1,6,3,0
836,32.74,104.5,6,28800.0,0.8589,1.0,0.8589,1.0,6.0,6.0,0.0,0.0,3039.58,7.66,2,3,6,2,24,6,0,0,6,3,0
975,18.61,121.88,4,28800.0,0.6036,1.0,0.6036,1.0,4.0,4.0,0.0,0.0,3039.58,8.18,2,3,19,2,24,6,0,0,6,3,0
904,51.63,113.0,4,28800.0,1.0,1.0,1.0,1.0,3.0,3.0,0.0,0.0,3039.58,8.38,2,3,0,3,24,6,0,1,6,3,0
918,38.37,114.75,3,28800.0,1.0,1.0,1.0,1.0,3.0,3.0,0.0,0.0,3039.58,8.67,2,3,6,3,24,6,0,0,6,3,0
865,41.07,108.12,3,28800.0,1.0,1.0,1.0,1.0,3.0,3.0,0.0,0.0,3039.58,9.16,2,3,18,3,24,6,0,0,6,3,0
961,38.27,120.12,3,28800.0,1.0,1.0,1.0,1.0,3.0,3.0,0.0,0.0,3039.58,9.32,2,3,22,3,24,6,0,1,6,3,0
757,39.38,94.62,4,28800.0,0.9817,1.0,0.9817,1.0,4.0,4.0,0.0,0.0,3039.58,9.9,2,3,12,4,24,6,0,0,6,3,0
722,8.91,90.25,3,28800.0,0.1309,1.0,0.2181,1.0,5.0,3.0,0.0,0.0,3039.58,10.18,2,3,19,4,24,6,0,0,6,3,0
863,27.75,107.88,2,28800.0,0.641,1.0,0.641,1.0,6.0,6.0,0.0,0.0,3039.58,10.43,2,3,1,5,24,6,1,1,6,3,0
890,28.93,114.07,6,28087.0,0.8887,0.9752,0.9113,1.0,6.0,6.0,0.0,0.0,3137.16,10.66,3,3,6,5,24,6,1,0,6,3,0
933,34.93,121.31,5,27687.0,0.9614,0.9614,1.0,1.0,5.0,5.0,0.0,0.0,3137.16,11.21,3,3,19,5,24,6,1,0,6,3,0
940,34.35,121.86,6,27769.0,0.9642,0.9642,1.0,1.0,4.0,4.0,0.0,0.0,3137.16,11.47,3,3,2,6,24,6,1,1,6,3,0
939,13.44,117.38,2,28800.0,0.3596,1.0,0.3596,1.0,2.0,2.0,0.0,0.0,3137.16,11.68,3,3,7,6,24,6,1,0,6,3,0
850,22.79,106.25,4,28800.0,0.6127,1.0,0.6127,1.0,4.0,4.0,0.0,0.0,3137.16,12.16,3,3,18,6,24,6,1,0,6,3,0
916,20.15,114.5,4,28800.0,0.5063,1.0,0.5063,1.0,2.0,2.0,0.0,0.0,3137.16,12.6,3,3,5,0,25,6,0,1,6,3,0
1050,16.13,131.25,4,28800.0,0.5272,1.0,0.5272,1.0,4.0,4.0,0.0,0.0,3137.16,12.75,3,2,8,0,25,6,0,0,6,3,0
877,22.69,109.62,4,28800.0,0.4609,1.0,0.5761,1.0,5.0,4.0,0.0,0.0,3137.16,13.08,3,2,16,0,25,6,0,0,6,3,0
1017,21.52,127.12,2,28800.0,0.7497,1.0,0.7497,1.0,3.0,3.0,0.0,0.0,3137.16,13.59,1,2,4,1,25,6,0,1,6,3,3
826,25.3,103.25,3,28800.0,0.6938,1.0,0.6938,1.0,3.0,3.0,0.0,0.0,3137.16,13.9,1,2,12,1,25,6,0,0,6,3,3
767,21.14,95.88,2,28800.0,0.51,1.0,0.51,1.0,2.0,2.0,0.0,0.0,3137.16,14.27,1,2,21,1,25,6,0,0,6,3,3
998,42.54,124.75,3,28800.0,1.0,1.0,1.0,1.0,6.0,6.0,0.0,0.0,3137.16,14.61,2,2,5,2,25,6,0,1,6,3,0
1049,18.5,140.36,5,26906.0,0.609,0.9342,0.6519,1.0,5.0,5.0,0.0,0.0,3219.12,14.75,2,2,8,2,25,6,0,0,6,3,0
1050,32.15,137.18,3,27556.0,0.9568,0.9568,1.0,1.0,3.0,3.0,0.0,0.0,3219.12,15.29,2,2,21,2,25,6,0,0,6,3,0
1050,44.87,136.72,6,27647.0,0.96,0.96,1.0,1.0,3.0,3.0,0.0,0.0,3219.12,15.44,2,2,1,3,25,6,0,1,6,3,0
1045,39.86,130.62,6,28800.0,1.0,1.0,1.0,1.0,6.0,6.0,0.0,0.0,3219.12,15.77,2,2,9,3,25,6,0,0,6,3,0
925,32.67,115.62,5,28800.0,0.8299,1.0,0.8299,1.0,5.0,5.0,0.0,0.0,3219.12,16.19,2,2,19,3,25,6,0,0,6,3,0
937,17.99,117.12,3,28800.0,0.4844,1.0,0.4844,1.0,3.0,3.0,0.0,0.0,3219.12,16.35,2,2,23,3,25,6,0,1,6,3,0
1050,30.97,131.25,4,28800.0,1.0,1.0,1.0,1.0,4.0,4.0,0.0,0.0,3219.12,16.73,2,1,8,4,25,6,0,0,6,3,0
834,26.86,104.25,3,28800.0,0.5977,1.0,0.5977,1.0,3.0,3.0,0.0,0.0,3219.12,17.16,2,1,18,4,25,6,0,0,6,3,3
799,18.46,99.88,5,28800.0,0.4591,1.0,0.4591,1.0,3.0,3.0,0.0,0.0,3219.12,17.56,1,1,4,5,25,6,1,1,6,3,3
1050,14.36,147.21,5,25715.625,0.5134,0.8929374999999999,0.5758,1.0,5.0,5.0,0.0,0.0,3219.12,17.92,1,1,12,5,25,6,1,0,6,3,3
834,32.85,126.43,2,25715.625,0.8245,0.8929374999999999,1.0,1.0,2.0,2.0,0.0,0.0,3219.12,18.01,1,1,15,5,25,6,1,0,6,3,3
872,27.57,137.05,3,25715.625,0.7766,0.8929374999999999,0.9765,1.0,4.0,4.0,0.0,0.0,3262.52,18.56,2,1,4,6,25,6,1,1,6,3,0
838,15.07,104.75,5,28800.0,0.3532,1.0,0.3532,1.0,5.0,5.0,0.0,0.0,3262.52,18.69,2,1,7,6,25,6,1,0,6,3,0
978,11.74,122.25,6,28800.0,0.38,1.0,0.38,1.0,6.0,6.0,0.0,0.0,3262.52,19.18,2,1,19,6,25,6,1,0,6,3,3
978,19.9,122.25,4,28800.0,0.541,1.0,0.541,1.0,3.0,2.0,0.0,0.0,3262.52,19.6,2,1,5,0,26,6,0,1,6,3,3
849,45.64,107.81,3,28351.0,0.9844,0.9844,1.0,1.0,3.0,3.0,0.0,0.0,3262.52,19.85,2,1,11,0,26,6,0,0,6,3,3
742,14.25,96.28,3,27743.0,0.3656,0.9633,0.3795,1.0,3.0,3.0,0.0,0.0,3262.52,19.99,2,1,14,0,26,6,0,0,6,3,3
850,23.7,108.62,2,28172.0,0.3817,0.9782,0.5853,1.0,2.0,2.0,0.0,0.0,3502.52,20.61,3,1,5,1,26,6,0,1,6,3,0
971,26.63,121.38,4,28800.0,0.7475,1.0,0.7475,1.0,4.0,4.0,0.0,0.0,3502.52,20.72,3,1,8,1,26,6,0,0,6,3,0
837,28.32,104.62,3,28800.0,0.8117,1.0,0.8117,1.0,3.0,3.0,0.0,0.0,3502.52,20.98,3,1,14,1,26,6,0,0,6,3,0
847,14.75,105.88,2,28800.0,0.3732,1.0,0.3732,1.0,3.0,3.0,0.0,0.0,3502.52,21.46,3,1,1,2,26,6,0,1,6,3,0
843,41.44,105.38,3,28800.0,0.7343,1.0,0.9791,1.0,4.0,3.0,0.0,0.0,3502.52,21.74,2,1,8,2,26,6,0,0,6,3,0
837,15.47,104.62,4,28800.0,0.3386,1.0,0.3386,1.0,4.0,4.0,0.0,0.0,3502.52,22.0,2,1,14,2,26,6,0,0,6,3,0
946,35.13,118.25,3,28800.0,1.0,1.0,1.0,1.0,3.0,3.0,0.0,0.0,3502.52,22.53,2,1,3,3,26,6,0,1,6,3,0
760,37.35,95.0,3,28800.0,0.8729,1.0,0.8729,1.0,3.0,3.0,0.0,0.0,3502.52,22.72,2,1,8,3,26,6,0,0,6,3,0
740,25.6,92.5,5,28800.0,0.5807,1.0,0.5807,1.0,5.0,5.0,0.0,0.0,3502.52,23.13,2,1,17,3,26,6,0,0,6,3,0
888,22.29,111.0,3,28800.0,0.5609,1.0,0.5609,1.0,4.0,4.0,0.0,0.0,3502.52,23.4,2,1,0,4,26,6,0,1,6,3,0
928,40.35,116.0,3,28800.0,1.0,1.0,1.0,1.0,3.0,3.0,0.0,0.0,3502.52,23.86,2,1,11,4,26,6,0,0,6,3,0
877,33.23,109.62,5,28800.0,0.9306,1.0,0.9306,1.0,5.0,5.0,0.0,0.0,3502.52,24.03,2,1,15,4,26,6,0,0,6,3,0
998,48.01,124.75,4,28800.0,1.0,1.0,1.0,1.0,3.0,2.0,0.0,0.0,3502.52,24.54,2,1,3,5,26,6,1,1,6,3,0
788,22.3,98.5,2,28800.0,0.5141,1.0,0.5141,1.0,2.0,2.0,0.0,0.0,3502.52,24.67,2,1,6,5,26,6,1,0,6,3,0
872,39.84,109.0,6,28800.0,0.9822,1.0,0.9822,1.0,6.0,6.0,0.0,0.0,3502.52,24.783749,1,1,20,5,26,6,1,0,6,3,0
951,27.05,118.88,2,28800.0,0.465,1.0,0.6974,1.0,5.0,5.0,0.0,0.0,3502.52,24.783749,1,1,2,6,26,6,1,1,6,3,0
976,36.55,122.0,2,28800.0,1.0,1.0,1.0,1.0,2.0,2.0,0.0,0.0,3502.52,24.783749,1,1,8,6,26,6,1,0,6,3,0
945,20.67,118.12,5,28800.0,0.672,1.0,0.672,1.0,5.0,5.0,0.0,0.0,3502.52,24.783749,1,1,16,6,26,6,1,0,6,3,0
1043,12.66,130.38,5,28800.0,0.4208,1.0,0.4208,1.0,6.0,5.0,0.0,0.0,3502.52,24.783749,1,1,1,0,27,6,0,1,6,3,0
899,10.78,112.38,5,28800.0,0.275,1.0,0.275,1.0,5.0,5.0,0.0,0.0,3502.52,24.783749,1,1,10,0,27,6,0,0,6,3,0
914,23.54,114.25,5,28800.0,0.6972,1.0,0.6972,1.0,5.0,5.0,0.0,0.0,3502.52,24.783749,0,1,19,0,27,6,0,0,6,3,0
864,19.39,108.0,5,28800.0,0.4557,1.0,0.5469,1.0,6.0,5.0,0.0,0.0,3502.52,24.783749,0,1,22,0,27,6,0,1,6,3,0
748,28.98,93.5,2,28800.0,0.6594,1.0,0.6594,1.0,2.0,2.0,0.0,0.0,3502.52,24.783749,0,1,6,1,27,6,0,0,6,3,0
971,23.87,121.38,5,28800.0,0.643,1.0,0.643,1.0,5.0,5.0,0.0,0.0,3502.52,24.783749,0,1,19,1,27,6,0,0,6,3,0
909,26.55,113.62,2,28800.0,0.4244,1.0,0.6366,1.0,2.0,2.0,0.0,0.0,3502.52,24.783749,0,1,5,2,27,7,0,1,6,3,0
1050,20.32,131.25,2,28800.0,0.5965,1.0,0.5965,1.0,2.0,2.0,0.0,0.0,3502.52,24.783749,0,1,13,2,27,7,0,0,6,3,0
937,26.04,117.12,3,28800.0,0.5827,1.0,0.7769,1.0,4.0,3.0,0.0,0.0,3502.52,24.783749,0,1,20,2,27,7,0,0,6,3,2
817,45.78,102.12,2,28800.0,1.0,1.0,1.0,1.0,3.0,3.0,0.0,0.0,3502.52,24.783749,0,1,4,3,27,7,0,1,6,3,2
807,33.27,106.28,2,27335.0,0.7248,0.9491,0.7637,1.0,2.0,2.0,0.0,0.0,3502.52,24.783749,0,1,6,3,27,7,0,0,6,3,2
939,25.79,123.18,3,27443.0,0.7082,0.9529,0.7432,1.0,3.0,3.0,0.0,0.0,3502.52,24.783749,1,0,16,3,27,7,0,0,6,3,0
884,26.61,113.85,3,27952.0,0.6311,0.9706,0.6502,1.0,3.0,2.0,0.0,0.0,3555.95,24.783749,1,0,2,4,27,7,0,1,6,3,0
888,33.68,111.0,3,28800.0,1.0,1.0,1.0,1.0,3.0,3.0,0.0,0.0,3555.95,24.783749,1,0,8,4,27,7,0,0,6,3,0
900,37.18,112.5,6,28800.0,0.9572,1.0,0.9572,1.0,6.0,6.0,0.0,0.0,3555.95,24.783749,1,0,20,4,27,7,0,0,6,3,0
796,22.83,99.5,2,28800.0,0.3219,1.0,0.4829,1.0,3.0,2.0,0.0,0.0,3555.95,24.783749,1,0,23,4,27,7,0,1,6,3,3
943,12.63,131.15,2,25885.0,0.274,0.8988,0.4572,1.0,3.0,2.0,0.0,0.0,3555.95,24.783749,1,0,11,5,27,7,1,0,6,3,3
876,24.04,120.08,6,26262.0,0.5885,0.9119,0.6454,1.0,6.0,6.0,0.0,0.0,3555.95,24.783749,1,0,20,5,27,7,1,0,6,3,3
923,34.13,121.44,5,27362.0,0.8906,0.9501,0.9374,1.0,5.0,5.0,0.0,0.0,3555.95,24.783749,2,0,23,5,27,7,1,1,6,3,0
983,33.28,122.88,6,28800.0,0.8847,1.0,0.8847,1.0,6.0,6.0,0.0,0.0,3632.88,24.783749,2,0,10,6,27,7,1,0,6,3,0
732,21.01,91.5,3,28800.0,0.5104,1.0,0.5104,1.0,3.0,3.0,0.0,0.0,3632.88,24.783749,2,0,20,6,27,7,1,0,6,3,0
749,25.95,93.62,2,28800.0,0.5711,1.0,0.5711,1.0,4.0,4.0,0.0,0.0,3632.88,24.783749,2,0,5,0,28,7,0,1,6,3,0
1009,26.69,126.12,6,28800.0,0.8188,1.0,0.8188,1.0,6.0,6.0,0.0,0.0,3632.88,24.783749,2,0,13,0,28,7,0,0,6,3,0
1002,36.97,125.25,6,28800.0,1.0,1.0,1.0,1.0,6.0,6.0,0.0,0.0,3632.88,24.783749,2,0,19,0,28,7,0,0,6,3,0
684,18.94,85.5,4,28800.0,0.4273,1.0,0.4273,1.0,3.0,3.0,0.0,0.0,3632.88,24.783749,2,0,2,1,28,7,0,1,6,3,0
791,15.07,98.88,3,28800.0,0.4117,1.0,0.4117,1.0,3.0,3.0,0.0,0.0,3632.88,24.783749,2,0,9,1,28,7,0,0,6,3,2
861,33.82,107.62,3,28800.0,0.9169,1.0,0.9169,1.0,3.0,3.0,0.0,0.0,3632.88,24.783749,2,0,20,1,28,7,0,0,6,3,2
817,46.45,102.12,3,28800.0,1.0,1.0,1.0,1.0,3.0,3.0,0.0,0.0,3632.88,24.783749,2,0,23,1,28,7,0,1,6,3,2
906,25.94,113.25,4,28800.0,0.5036,1.0,0.6295,1.0,5.0,4.0,0.0,0.0,3632.88,24.783749,3,0,6,2,28,7,0,0,6,3,0
802,17.8,100.25,6,28800.0,0.4222,1.0,0.4222,1.0,6.0,6.0,0.0,0.0,3678.55,24.783749,3,0,16,2,28,7,0,0,6,3,0
762,33.29,95.25,3,28800.0,0.8644,1.0,0.8644,1.0,6.0,6.0,0.0,0.0,3678.55,24.783749,3,0,4,3,28,7,0,1,6,3,0
963,11.15,120.38,5,28800.0,0.2956,1.0,0.2956,1.0,5.0,5.0,0.0,0.0,3678.55,24.783749,3,0,9,3,28,7,0,0,6,3,0
958,10.73,119.75,6,28800.0,0.2797,1.0,0.2797,1.0,6.0,6.0,0.0,0.0,3678.55,24.783749,2,0,21,3,28,7,0,0,6,3,0
750,36.4,93.75,6,28800.0,0.8216,1.0,0.8216,1.0,2.0,2.0,0.0,0.0,3678.55,24.783749,2,0,3,4,28,7,0,1,6,3,0
1014,27.35,169.67,2,25715.625,0.747,0.8929374999999999,1.0,1.0,2.0,2.0,0.0,0.0,3678.55,24.783749,2,0,6,4,28,7,0,0,6,3,0
908,47.81,152.43,2,25715.625,0.7446,0.8929374999999999,1.0,1.0,2.0,2.0,0.0,0.0,3678.55,24.783749,2,1,14,4,28,7,0,0,6,3,0
987,27.94,151.2,2,25715.625,0.816,0.8929374999999999,1.0,1.0,5.0,5.0,0.0,0.0,3700.11,0.55,2,1,3,5,28,7,1,1,6,3,0
819,13.04,102.38,6,28800.0,0.2906,1.0,0.2906,1.0,6.0,6.0,0.0,0.0,3700.11,0.8,2,1,9,5,28,7,1,0,6,3,0
1050,30.38,131.25,3,28800.0,0.9698,1.0,0.9698,1.0,3.0,3.0,0.0,0.0,3719.65,1.05,2,2,15,5,28,7,1,0,6,3,0
864,27.99,108.0,5,28800.0,0.6774,1.0,0.6774,1.0,3.0,3.0,0.0,0.0,3719.65,1.46,1,2,1,6,28,7,1,1,6,3,0
899,35.69,114.75,5,28203.0,0.9793,0.9793,1.0,1.0,5.0,5.0,0.0,0.0,3719.65,1.7,1,2,7,6,28,7,1,0,6,3,0
727,20.28,92.62,2,28257.0,0.395,0.9811,0.4026,1.0,2.0,2.0,0.0,0.0,3949.74,2.19,1,2,18,6,28,7,1,0,6,3,0
792,16.9,101.63,3,28054.0,0.4317,0.9741,0.4432,1.0,7.0,7.0,0.0,0.0,3949.74,2.4,1,2,0,0,29,7,0,1,6,3,0
935,46.32,116.88,6,28800.0,1.0,1.0,1.0,1.0,6.0,6.0,0.0,0.0,3949.74,2.86,1,2,10,0,29,7,0,0,6,3,0
786,21.3,98.25,6,28800.0,0.5188,1.0,0.5188,1.0,6.0,6.0,0.0,0.0,3949.74,3.05,1,2,15,0,29,7,0,0,6,3,0
819,23.61,102.38,7,28800.0,0.5855,1.0,0.5855,1.0,2.0,2.0,0.0,0.0,3949.74,3.58,1,2,4,1,29,7,0,1,6,3,0
1029,43.81,128.62,4,28800.0,1.0,1.0,1.0,1.0,4.0,4.0,0.0,0.0,3949.74,3.89,1,2,11,1,29,7,0,0,6,3,0
939,34.49,117.38,5,28800.0,0.7086,1.0,0.8503,1.0,6.0,5.0,0.0,0.0,3949.74,4.02,1,2,14,1,29,7,0,0,6,3,0
936,19.59,117.0,2,28800.0,0.5174,1.0,0.5174,1.0,4.0,4.0,0.0,0.0,3949.74,4.56,1,2,3,2,29,7,0,1,6,3,0
868,25.76,108.5,5,28800.0,0.6113,1.0,0.7336,1.0,6.0,5.0,0.0,0.0,3949.74,4.82,0,2,9,2,29,7,0,0,6,3,0
1027,32.95,128.38,2,28800.0,1.0,1.0,1.0,1.0,2.0,2.0,0.0,0.0,3949.74,5.27,0,2,20,2,29,7,0,0,6,3,0
993,12.38,124.12,4,28800.0,0.3296,1.0,0.3296,1.0,4.0,4.0,0.0,0.0,3949.74,5.58,0,2,4,3,29,7,0,1,6,3,0
876,43.49,109.5,6,28800.0,1.0,1.0,1.0,1.0,6.0,6.0,0.0,0.0,3949.74,5.78,0,2,8,3,29,7,0,0,6,3,0
966,22.53,120.75,3,28800.0,0.6886,1.0,0.6886,1.0,3.0,3.0,0.0,0.0,3949.74,6.28,0,2,21,3,29,7,0,0,6,3,0
854,45.92,106.75,4,28800.0,1.0,1.0,1.0,1.0,4.0,4.0,0.0,0.0,3949.74,6.37,0,2,23,3,29,7,0,1,6,3,0
790,21.3,98.75,4,28800.0,0.4069,1.0,0.5086,1.0,5.0,4.0,0.0,0.0,3949.74,6.89,0,2,11,4,29,7,0,0,6,3,0
727,29.41,90.88,2,28800.0,0.7093,1.0,0.7093,1.0,2.0,2.0,0.0,0.0,3949.74,7.19,0,2,18,4,29,7,0,0,6,3,0
864,11.37,108.0,5,28800.0,0.2664,1.0,0.2664,1.0,2.0,2.0,0.0,0.0,3949.74,7.59,0,2,4,5,29,7,1,1,6,3,0
981,24.01,122.62,5,28800.0,0.8001,1.0,0.8001,1.0,5.0,5.0,0.0,0.0,3949.74,7.82,0,2,10,5,29,7,1,0,6,3,0
714,10.32,89.25,5,28800.0,0.2417,1.0,0.2417,1.0,5.0,5.0,0.0,0.0,3949.74,8.3,0,2,21,5,29,7,1,0,6,3,0
654,25.96,81.75,2,28800.0,0.4367,1.0,0.4367,1.0,2.0,1.0,0.0,0.0,3949.74,8.56,0,2,3,6,29,7,1,1,6,3,0
831,35.96,103.88,6,28800.0,0.7987,1.0,0.7987,1.0,6.0,6.0,0.0,0.0,3949.74,9.08,0,2,16,6,29,7,1,0,6,3,0
818,30.11,102.25,1,28800.0,0.3912,1.0,0.7825,1.0,2.0,1.0,0.0,0.0,3949.74,9.33,0,2,22,6,29,7,1,1,6,3,0
614,33.04,76.75,4,28800.0,0.7001,1.0,0.7001,1.0,4.0,4.0,0.0,0.0,3949.74,9.74,0,2,8,0,30,7,0,0,6,3,0
839,9.54,104.88,4,28800.0,0.2441,1.0,0.2441,1.0,4.0,4.0,0.0,0.0,3949.74,10.28,0,2,21,0,30,7,0,0,6,3,0
922,15.24,115.25,3,28800.0,0.3851,1.0,0.3851,1.0,3.0,3.0,0.0,0.0,3949.74,10.87,0,2,11,1,30,7,0,0,6,3,0
960,19.64,120.0,5,28800.0,0.613,1.0,0.613,1.0,5.0,5.0,0.0,0.0,3949.74,11.11,0,2,17,1,30,7,0,0,6,3,0
888,25.93,111.0,4,28800.0,0.6685,1.0,0.6685,1.0,1.0,1.0,0.0,0.0,3949.74,11.46,1,2,1,2,30,7,0,1,6,3,0
948,34.01,128.1,3,26641.0,0.925,0.925,1.0,1.0,3.0,3.0,0.0,0.0,4010.03,11.72,1,2,7,2,30,7,0,0,6,3,0
918,28.34,122.02,4,27083.0,0.6914,0.9404,0.7352,1.0,4.0,4.0,0.0,0.0,4010.03,12.19,1,2,18,2,30,7,0,0,6,3,0
813,47.25,107.71,1,27174.0,0.9435,0.9435,1.0,1.0,3.0,3.0,0.0,0.0,4010.03,12.6,1,2,4,3,30,7,0,1,6,3,0
873,39.6,109.12,2,28800.0,1.0,1.0,1.0,1.0,2.0,2.0,0.0,0.0,4010.03,12.91,1,2,12,3,30,7,0,0,6,3,0
847,33.46,105.88,6,28800.0,0.8005,1.0,0.8005,1.0,6.0,6.0,0.0,0.0,4010.03,12.99,1,2,14,3,30,7,0,0,6,3,0
788,40.13,98.5,3,28800.0,0.9883,1.0,0.9883,1.0,3.0,2.0,0.0,0.0,4010.03,13.49,1,2,2,4,30,7,0,1,6,3,0
944,31.19,126.41,6,26885.0,0.9335,0.9335,1.0,1.0,6.0,6.0,0.0,0.0,4010.03,13.86,1,2,10,4,30,7,0,0,6,3,0
913,44.69,118.77,2,27673.0,0.9609,0.9609,1.0,1.0,2.0,2.0,0.0,0.0,4072.67,14.15,2,2,17,4,30,7,0,0,6,3,0
926,43.1,119.5,2,27897.0,0.6458,0.9686,1.0,1.0,4.0,4.0,0.0,0.0,4072.67,14.64,2,2,5,5,30,7,1,1,6,3,0
804,16.12,100.5,5,28800.0,0.4188,1.0,0.4188,1.0,5.0,5.0,0.0,0.0,4072.67,14.68,2,2,6,5,30,7,1,0,6,3,0
686,26.17,85.75,3,28800.0,0.6143,1.0,0.6143,1.0,3.0,3.0,0.0,0.0,4072.67,15.24,2,2,20,5,30,7,1,0,6,3,0
751,14.25,93.88,4,28800.0,0.363,1.0,0.363,1.0,3.0,3.0,0.0,0.0,4072.67,15.43,2,2,0,6,30,7,1,1,6,3,0
827,37.45,103.38,3,28800.0,0.9749,1.0,0.9749,1.0,3.0,3.0,0.0,0.0,4072.67,15.69,2,2,6,6,30,7,1,0,6,3,2
943,16.91,117.88,4,28800.0,0.4175,1.0,0.4175,1.0,4.0,4.0,0.0,0.0,4072.67,16.2,2,2,19,6,30,7,1,0,6,3,2
845,30.86,105.62,3,28800.0,0.7115,1.0,0.7115,1.0,4.0,4.0,0.0,0.0,4072.67,16.46,2,2,1,0,31,7,0,1,6,3,2
799,44.3,102.44,6,28078.0,0.9749,0.9749,1.0,1.0,6.0,6.0,0.0,0.0,4120.12,16.78,3,2,8,0,31,7,0,0,6,3,0
916,19.81,120.97,5,27259.0,0.541,0.9465,0.5716,1.0,5.0,5.0,0.0,0.0,4120.12,17.25,3,2,20,0,31,7,0,0,6,3,0
942,22.09,117.75,6,28800.0,0.613,1.0,0.613,1.0,6.0,6.0,0.0,0.0,4120.12,17.9,3,2,11,1,31,7,0,0,6,3,1
923,11.12,115.38,4,28800.0,0.2666,1.0,0.2666,1.0,4.0,4.0,0.0,0.0,4120.12,17.99,3,2,14,1,31,7,0,0,6,3,1
870,23.28,108.75,2,28800.0,0.6616,1.0,0.6616,1.0,3.0,3.0,0.0,0.0,4120.12,18.49,2,2,1,2,31,7,0,1,6,3,1
870,16.76,118.66,4,26394.0,0.4869,0.9165,0.5313,1.0,4.0,4.0,0.0,0.0,4183.54,18.81,3,2,9,2,31,7,0,0,6,3,0
852,41.53,113.89,2,26931.0,0.9351,0.9351,1.0,1.0,2.0,2.0,0.0,0.0,4183.54,19.23,3,2,19,2,31,7,0,0,6,3,0
892,22.97,116.18,3,27640.0,0.6776,0.9597,0.7061,1.0,5.0,4.0,0.0,0.0,4183.54,19.45,3,2,1,3,31,7,0,1,6,3,0
1050,27.81,131.25,6,28800.0,0.8455,1.0,0.8455,1.0,6.0,6.0,0.0,0.0,4183.54,19.75,3,2,8,3,31,7,0,0,6,3,0
655,35.28,81.88,2,28800.0,0.6912,1.0,0.6912,1.0,2.0,2.0,0.0,0.0,4183.54,20.23,3,2,19,3,31,7,0,0,6,3,0
902,36.99,112.75,4,28800.0,0.8,1.0,1.0,1.0,6.0,6.0,0.0,0.0,4183.54,20.56,3,2,3,4,31,7,0,1,6,3,0
888,17.95,111.0,2,28800.0,0.4388,1.0,0.4388,1.0,2.0,2.0,0.0,0.0,4183.54,20.96,3,2,13,4,31,7,0,0,6,3,0
786,16.23,98.25,4,28800.0,0.3927,1.0,0.3927,1.0,4.0,4.0,0.0,0.0,4183.54,21.17,2,2,18,4,31,7,0,0,6,3,0
1050,51.18,131.25,6,28800.0,1.0,1.0,1.0,1.0,0.0,0.0,0.0,0.0,4183.54,21.64,2,2,5,5,31,8,1,1,6,3,0
721,44.48,90.12,0,28800.0,0.9199,1.0,0.9428,1.0,0.0,0.0,0.0,0.0,4183.54,22.36,2,2,22,5,31,8,1,1,6,3,0
840,42.72,112.17,2,26959.0,0.9361,0.9361,1.0,1.0,2.0,2.0,0.0,0.0,279.2,0.12,0,1,22,0,7,2,0,1,0,1,0
784,43.92,98.0,4,28800.0,0.9547,1.0,0.9547,1.0,4.0,4.0,0.0,0.0,279.2,0.67,0,1,11,1,7,2,0,0,0,1,0
884,14.95,110.5,5,28800.0,0.4162,1.0,0.4162,1.0,5.0,5.0,0.0,0.0,279.2,0.87,0,1,16,1,7,2,0,0,0,1,0
802,17.84,100.25,6,28800.0,0.4283,1.0,0.4283,1.0,2.0,2.0,0.0,0.0,279.2,1.38,0,1,4,2,7,2,0,1,0,1,0
689,13.64,86.12,3,28800.0,0.3077,1.0,0.3077,1.0,3.0,3.0,0.0,0.0,279.2,1.68,0,1,11,2,7,2,0,0,0,1,0
959,15.96,119.88,5,28800.0,0.4718,1.0,0.4718,1.0,5.0,5.0,0.0,0.0,279.2,2.05,0,1,20,2,7,2,0,0,0,1,1
796,48.97,99.5,2,28800.0,1.0,1.0,1.0,1.0,4.0,4.0,0.0,0.0,279.2,2.39,0,1,4,3,7,2,0,1,0,1,1
770,39.19,122.03,6,25715.625,0.7887,0.8929374999999999,1.0,1.0,6.0,6.0,0.0,0.0,279.2,2.54,0,1,8,3,7,2,0,0,0,1,1
827,36.28,129.28,2,25715.625,0.7996,0.8929374999999999,1.0,1.0,2.0,2.0,0.0,0.0,279.2,2.8,0,1,14,3,7,2,0,0,0,1,1
916,33.29,135.04,4,25715.625,0.8479,0.8929374999999999,1.0,1.0,5.0,5.0,0.0,0.0,309.8,3.29,1,1,2,4,7,2,0,1,0,1,0
830,17.27,103.75,3,28800.0,0.4023,1.0,0.4023,1.0,3.0,3.0,0.0,0.0,309.8,3.58,1,1,9,4,7,2,0,0,0,1,0
846,15.6,105.75,6,28800.0,0.4092,1.0,0.4092,1.0,6.0,6.0,0.0,0.0,309.8,4.03,1,1,20,4,7,2,0,0,0,1,3
758,21.61,94.75,5,28800.0,0.4816,1.0,0.4816,1.0,3.0,3.0,0.0,0.0,309.8,4.27,1,1,1,5,7,2,1,1,0,1,3
752,40.75,108.37,5,25715.625,0.8552,0.8929374999999999,0.9859,1.0,5.0,5.0,0.0,0.0,324.08,0.16,1,2,9,5,7,2,1,0,0,1,3
710,26.56,102.05,3,25715.625,0.625,0.8929374999999999,0.7186,1.0,3.0,3.0,0.0,0.0,324.08,0.57,1,2,19,5,7,2,1,0,0,1,3
844,37.5,114.99,3,26423.0,0.9175,0.9175,1.0,1.0,6.0,5.0,0.0,0.0,370.7,0.92,1,2,3,6,7,2,1,1,0,1,0
844,28.13,105.5,4,28800.0,0.815,1.0,0.815,1.0,4.0,4.0,0.0,0.0,370.7,1.08,1,2,7,6,7,2,1,0,0,1,0
809,46.33,101.12,2,28800.0,1.0,1.0,1.0,1.0,2.0,2.0,0.0,0.0,370.7,1.52,1,2,17,6,7,2,1,0,0,1,0
814,49.72,101.75,5,28800.0,0.8333,1.0,1.0,1.0,6.0,5.0,0.0,0.0,370.7,1.72,1,2,22,6,7,2,1,1,0,1,0
729,8.25,97.88,6,26812.0,0.2032,0.931,0.2183,1.0,6.0,6.0,0.0,0.0,370.7,2.28,1,2,12,0,8,2,0,0,0,1,0
935,42.19,125.4,4,26842.0,0.932,0.932,1.0,1.0,4.0,4.0,0.0,0.0,370.7,2.62,1,2,20,0,8,2,0,0,0,1,0
847,26.16,111.68,2,27303.0,0.5929,0.948,0.6254,1.0,3.0,3.0,0.0,0.0,457.8,2.78,2,2,0,1,8,2,0,1,0,1,0
766,13.84,95.75,2,28800.0,0.3678,1.0,0.3678,1.0,2.0,2.0,0.0,0.0,457.8,3.22,2,2,10,1,8,2,0,0,0,1,0
743,18.87,92.88,4,28800.0,0.3587,1.0,0.4484,1.0,5.0,4.0,0.0,0.0,457.8,3.68,2,2,21,1,8,2,0,0,0,1,0
744,31.93,93.0,3,28800.0,0.6608,1.0,0.6608,1.0,5.0,5.0,0.0,0.0,457.8,3.96,2,2,4,2,8,2,0,1,0,1,0
770,19.76,96.25,2,28800.0,0.4155,1.0,0.4155,1.0,2.0,2.0,0.0,0.0,457.8,4.27,2,2,12,2,8,2,0,0,0,1,0
1049,25.99,131.12,2,28800.0,0.927,1.0,0.927,1.0,2.0,2.0,0.0,0.0,457.8,4.63,2,2,20,2,8,2,0,0,0,1,0
696,40.93,87.0,5,28800.0,0.8589,1.0,0.8589,1.0,5.0,5.0,0.0,0.0,457.8,4.73,2,2,23,2,8,2,0,1,0,1,0
725,44.36,90.62,3,28800.0,0.9664,1.0,0.9664,1.0,3.0,3.0,0.0,0.0,457.8,5.04,2,2,6,3,8,2,0,0,0,1,0
714,12.03,89.25,5,28800.0,0.2273,1.0,0.2273,1.0,5.0,5.0,0.0,0.0,457.8,5.66,1,2,21,3,8,2,0,0,0,1,3
733,12.12,91.62,3,28800.0,0.2522,1.0,0.2522,1.0,6.0,6.0,0.0,0.0,457.8,5.88,1,2,2,4,8,2,0,1,0,1,3
768,14.06,107.76,3,25715.625,0.3002,0.8929374999999999,0.337,1.0,3.0,3.0,0.0,0.0,457.8,6.29,1,2,12,4,8,2,0,0,0,1,3
856,14.1,133.96,5,25715.625,0.3281,0.8929374999999999,0.4108,1.0,5.0,5.0,0.0,0.0,503.0,6.62,2,2,20,4,8,2,0,0,0,1,0
776,38.19,118.95,6,25715.625,0.8155,0.8929374999999999,1.0,1.0,6.0,6.0,0.0,0.0,503.0,6.71,2,2,22,4,8,2,0,1,0,1,0
1019,22.87,127.38,4,28800.0,0.6355,1.0,0.6355,1.0,4.0,4.0,0.0,0.0,503.0,7.32,2,2,13,5,8,2,1,0,0,1,0
842,42.09,105.25,5,28800.0,1.0,1.0,1.0,1.0,5.0,5.0,0.0,0.0,503.0,7.36,2,2,14,5,8,2,1,0,0,1,0
822,48.06,102.75,5,28800.0,1.0,1.0,1.0,1.0,5.0,5.0,0.0,0.0,503.0,7.72,2,2,22,5,8,2,1,1,0,1,0
855,41.41,110.52,2,27850.0,0.967,0.967,1.0,1.0,2.0,2.0,0.0,0.0,503.0,8.17,2,2,9,6,8,2,1,0,0,1,0
890,9.64,118.4,4,27060.0,0.2889,0.9396,0.3075,1.0,4.0,4.0,0.0,0.0,557.19,8.9,2,2,3,0,9,2,0,1,0,1,0
909,38.36,113.62,6,28800.0,1.0,1.0,1.0,1.0,6.0,6.0,0.0,0.0,557.19,9.06,2,2,6,0,9,2,0,0,0,1,0
914,32.03,114.25,2,28800.0,0.7674,1.0,0.7674,1.0,2.0,2.0,0.0,0.0,557.19,9.51,2,2,17,0,9,2,0,0,0,1,0
739,12.79,92.38,4,28800.0,0.2694,1.0,0.2694,1.0,4.0,3.0,0.0,0.0,557.19,9.88,1,2,2,1,9,2,0,1,0,1,0
872,15.39,118.29,6,26539.0,0.4042,0.9215,0.4386,1.0,6.0,6.0,0.0,0.0,557.19,10.06,1,2,6,1,9,2,0,0,0,1,0
909,11.67,119.68,2,27342.0,0.2876,0.9494,0.3029,1.0,2.0,2.0,0.0,0.0,557.19,10.6,1,2,19,1,9,2,0,0,0,1,0
768,12.49,103.53,3,26706.0,0.2306,0.9273,0.3316,1.0,5.0,5.0,0.0,0.0,667.29,0.24,1,3,4,2,9,2,0,1,0,1,0
825,32.59,103.12,6,28800.0,0.9081,1.0,0.9081,1.0,6.0,6.0,0.0,0.0,667.29,0.33,1,3,6,2,9,2,0,0,0,1,0
942,15.46,117.75,3,28800.0,0.4975,1.0,0.4975,1.0,3.0,3.0,0.0,0.0,667.29,0.92,1,3,21,2,9,2,0,0,0,1,0
780,18.72,97.5,5,28800.0,0.4926,1.0,0.4926,1.0,4.0,4.0,0.0,0.0,667.29,1.13,1,3,2,3,9,2,0,1,0,1,0
995,31.85,124.38,5,28800.0,0.6846,1.0,0.8216,1.0,6.0,5.0,0.0,0.0,667.29,1.49,1,3,10,3,9,2,0,0,0,1,0
821,37.41,102.62,2,28800.0,0.9002,1.0,0.9002,1.0,2.0,2.0,0.0,0.0,667.29,1.75,1,3,17,3,9,2,0,0,0,1,0
932,11.62,116.5,4,28800.0,0.3725,1.0,0.3725,1.0,4.0,4.0,0.0,0.0,667.29,1.99,1,3,22,3,9,2,0,1,0,1,0
848,12.48,106.0,6,28800.0,0.2989,1.0,0.2989,1.0,6.0,6.0,0.0,0.0,667.29,2.43,1,3,9,4,9,2,0,0,0,1,0
837,33.45,104.62,6,28800.0,0.8408,1.0,0.8408,1.0,6.0,6.0,0.0,0.0,667.29,2.64,0,3,14,4,9,2,0,0,0,1,0
986,42.44,123.25,4,28800.0,1.0,1.0,1.0,1.0,7.0,7.0,0.0,0.0,667.29,3.14,0,3,2,5,9,2,1,1,0,1,0
812,35.35,101.5,6,28800.0,0.8219,1.0,0.8219,1.0,6.0,6.0,0.0,0.0,667.29,3.43,0,3,9,5,9,2,1,0,0,1,0
799,41.86,99.88,3,28800.0,1.0,1.0,1.0,1.0,3.0,3.0,0.0,0.0,667.29,3.78,0,3,17,5,9,2,1,0,0,1,3
975,12.04,121.88,7,28800.0,0.3328,1.0,0.3328,1.0,2.0,1.0,0.0,0.0,667.29,4.13,0,3,2,6,9,3,1,1,0,1,3
850,29.27,129.05,3,25715.625,0.6175,0.8929374999999999,1.0,1.0,4.0,3.0,0.0,0.0,667.29,4.44,0,3,9,6,9,3,1,0,0,1,3
758,8.26,108.36,3,25715.625,0.2127,0.8929374999999999,0.2432,1.0,3.0,3.0,0.0,0.0,693.82,4.75,1,3,17,6,9,3,1,0,0,1,0
1008,34.03,135.3,1,26820.0,0.4657,0.9313,1.0,1.0,6.0,6.0,0.0,0.0,693.82,5.15,1,3,2,0,10,3,0,1,0,1,3
1028,21.96,132.18,2,27998.0,0.7671,0.9722,0.789,1.0,2.0,2.0,0.0,0.0,693.82,5.41,1,3,8,0,10,3,0,0,0,1,3
707,38.89,89.96,2,28292.0,0.8875,0.9824,0.9034,1.0,2.0,2.0,0.0,0.0,726.72,5.88,2,3,20,0,10,3,0,0,0,1,0
667,18.46,84.85,6,28298.0,0.3314,0.9826,0.3373,1.0,0.0,0.0,0.0,0.0,726.72,6.11,2,3,1,1,10,3,0,1,0,1,0
707,17.34,88.38,2,28800.0,0.3866,1.0,0.3866,1.0,2.0,2.0,0.0,0.0,726.72,6.59,2,3,13,1,10,3,0,0,0,1,2
841,15.19,105.12,2,28800.0,0.3676,1.0,0.3676,1.0,2.0,2.0,0.0,0.0,726.72,6.62,2,3,14,1,10,3,0,0,0,1,2
955,25.17,119.38,0,28800.0,0.6877,1.0,0.7305,1.0,2.0,2.0,0.0,0.0,726.72,7.17,2,3,3,2,10,3,0,1,0,1,2
947,18.56,123.23,2,27666.0,0.3291,0.9606,0.5138,1.0,3.0,2.0,0.0,0.0,769.96,7.41,3,3,8,2,10,3,0,0,0,1,0
833,24.91,106.17,4,28246.0,0.5805,0.9808,0.5919,1.0,4.0,4.0,0.0,0.0,769.96,7.74,3,3,17,2,10,3,0,0,0,1,0
804,37.0,103.14,2,28064.0,0.8006,0.9744,0.8216,1.0,2.0,2.0,0.0,0.0,769.96,8.0,3,3,23,2,10,3,0,1,0,1,0
859,22.33,107.38,4,28800.0,0.4216,1.0,0.527,1.0,5.0,4.0,0.0,0.0,769.96,8.54,3,3,12,3,10,3,0,0,0,1,0
862,46.0,107.75,6,28800.0,1.0,1.0,1.0,1.0,6.0,6.0,0.0,0.0,769.96,8.8,3,3,18,3,10,3,0,0,0,1,0
729,22.22,91.12,6,28800.0,0.5361,1.0,0.5361,1.0,6.0,6.0,0.0,0.0,769.96,9.0,3,3,23,3,10,3,0,1,0,1,0
953,24.96,122.49,5,28008.0,0.6674,0.9725,0.6863,1.0,5.0,5.0,0.0,0.0,871.18,0.47,3,4,12,4,10,3,0,0,0,1,0
861,18.18,110.76,4,27985.0,0.4146,0.9717,0.4267,1.0,4.0,4.0,0.0,0.0,871.18,0.82,3,4,20,4,10,3,0,0,0,1,0
917,44.27,116.35,5,28373.0,0.9852,0.9852,1.0,1.0,6.0,6.0,0.0,0.0,871.18,1.03,3,4,1,5,10,3,1,1,0,1,0
879,37.52,109.88,2,28800.0,1.0,1.0,1.0,1.0,2.0,2.0,0.0,0.0,871.18,1.45,3,4,11,5,10,3,1,0,0,1,0
777,22.95,97.12,4,28800.0,0.6041,1.0,0.6041,1.0,4.0,4.0,0.0,0.0,871.18,1.8,3,4,20,5,10,3,1,0,0,1,0
744,22.57,93.0,6,28800.0,0.5244,1.0,0.5244,1.0,4.0,4.0,0.0,0.0,871.18,2.09,3,4,3,6,10,3,1,1,0,1,0
843,12.6,105.38,5,28800.0,0.3404,1.0,0.3404,1.0,5.0,5.0,0.0,0.0,871.18,2.37,3,4,9,6,10,3,1,0,0,1,0
948,22.66,118.5,3,28800.0,0.6432,1.0,0.6432,1.0,3.0,3.0,0.0,0.0,871.18,2.72,2,4,18,6,10,3,1,0,0,1,0
803,36.62,100.38,2,28800.0,0.5335,1.0,0.8002,1.0,3.0,2.0,0.0,0.0,871.18,3.5,2,4,12,0,11,3,0,0,0,1,0
1044,35.17,130.5,2,28800.0,0.999,1.0,0.999,1.0,2.0,2.0,0.0,0.0,871.18,3.6,2,4,15,0,11,3,0,0,0,1,0
809,43.38,101.12,4,28800.0,1.0,1.0,1.0,1.0,5.0,5.0,0.0,0.0,871.18,4.2,1,4,5,1,11,3,0,1,0,1,3
701,28.51,103.52,5,25715.625,0.5148,0.8929374999999999,0.6082,1.0,5.0,5.0,0.0,0.0,871.18,4.29,1,5,7,1,11,3,0,0,0,1,3
797,10.61,107.78,6,26620.0,0.2291,0.9243,0.2479,1.0,6.0,6.0,0.0,0.0,890.82,0.41,1,5,18,1,11,3,0,0,0,1,3
896,27.66,129.91,5,25715.625,0.7115,0.8929374999999999,0.8253,1.0,3.0,3.0,0.0,0.0,890.82,0.76,1,5,3,2,11,3,0,1,0,1,3
777,25.63,104.45,4,26781.0,0.6062,0.9299,0.6519,1.0,4.0,4.0,0.0,0.0,1040.64,1.14,1,5,12,2,11,3,0,0,0,1,0
804,19.79,112.23,4,25789.0,0.4249,0.8955,0.4745,1.0,4.0,4.0,0.0,0.0,1040.64,1.36,1,5,17,2,11,3,0,0,0,1,0
764,22.02,104.73,3,26261.0,0.4719,0.9118,0.5176,1.0,5.0,5.0,0.0,0.0,1040.64,1.82,1,4,4,3,11,3,0,1,0,1,0
849,36.57,106.12,4,28800.0,1.0,1.0,1.0,1.0,4.0,4.0,0.0,0.0,1040.64,2.15,1,4,12,3,11,3,0,0,0,1,0
806,22.13,100.75,3,28800.0,0.4286,1.0,0.5715,1.0,4.0,3.0,0.0,0.0,1040.64,2.31,1,4,16,3,11,3,0,0,0,1,0
816,21.02,102.0,5,28800.0,0.5193,1.0,0.5193,1.0,5.0,5.0,0.0,0.0,1040.64,2.58,1,4,22,3,11,3,0,1,0,1,0
846,40.59,105.75,4,28800.0,1.0,1.0,1.0,1.0,4.0,4.0,0.0,0.0,1040.64,3.14,1,4,12,4,11,3,0,0,0,1,0
777,48.26,97.12,5,28800.0,0.8195,1.0,0.9834,1.0,6.0,5.0,0.0,0.0,1040.64,3.24,1,4,14,4,11,3,0,0,0,1,0
771,12.79,96.38,4,28800.0,0.3132,1.0,0.3132,1.0,4.0,4.0,0.0,0.0,1040.64,3.58,1,4,22,4,11,3,0,1,0,1,0
925,22.28,115.62,4,28800.0,0.6003,1.0,0.6003,1.0,4.0,4.0,0.0,0.0,1040.64,3.93,1,4,6,5,11,3,1,0,0,1,0
737,32.73,92.12,3,28800.0,0.7738,1.0,0.7738,1.0,3.0,3.0,0.0,0.0,1040.64,4.51,1,4,20,5,11,3,1,0,0,1,0
843,40.17,105.38,4,28800.0,0.8974,1.0,0.8974,1.0,4.0,4.0,0.0,0.0,1040.64,4.64,1,4,23,5,11,3,1,1,0,1,0
944,11.74,118.0,3,28800.0,0.3216,1.0,0.3216,1.0,3.0,3.0,0.0,0.0,1040.64,4.94,1,4,7,6,11,3,1,0,0,1,0
761,43.86,95.12,5,28800.0,0.9526,1.0,0.9526,1.0,5.0,5.0,0.0,0.0,1040.64,5.29,1,4,15,6,11,3,1,0,0,1,0
1013,26.32,126.62,5,28800.0,0.7404,1.0,0.7404,1.0,4.0,4.0,0.0,0.0,1040.64,5.65,1,4,0,0,12,3,0,1,0,1,0
992,36.14,124.0,4,28800.0,1.0,1.0,1.0,1.0,4.0,4.0,0.0,0.0,1040.64,6.09,1,3,10,0,12,3,0,0,0,1,0
882,9.13,110.25,3,28800.0,0.2074,1.0,0.2765,1.0,4.0,3.0,0.0,0.0,1040.64,6.34,1,3,16,0,12,3,0,0,0,1,0
893,40.73,111.62,3,28800.0,0.9392,1.0,0.9392,1.0,3.0,3.0,0.0,0.0,1040.64,7.14,1,4,12,1,12,3,0,0,0,1,3
860,36.76,107.5,2,28800.0,0.6667,1.0,1.0,1.0,3.0,2.0,0.0,0.0,1052.75,7.43,1,4,19,1,12,3,0,0,0,1,3
820,30.33,102.5,4,28800.0,0.6588,1.0,0.6588,1.0,5.0,5.0,0.0,0.0,1052.75,7.74,1,4,2,2,12,3,0,1,0,1,3
945,14.94,125.53,3,27102.0,0.3098,0.941,0.439,1.0,4.0,3.0,0.0,0.0,1183.48,8.17,1,4,12,2,12,3,0,0,0,1,0
764,43.53,110.91,5,25715.625,0.7175,0.8929374999999999,1.0,1.0,6.0,5.0,0.0,0.0,1183.48,8.28,1,4,15,2,12,3,0,0,0,1,0
603,22.39,85.28,5,25715.625,0.4252,0.8929374999999999,0.4811,1.0,6.0,6.0,0.0,0.0,1183.48,8.86,1,4,5,3,12,3,0,1,0,1,0
858,15.23,107.25,5,28800.0,0.3387,1.0,0.3387,1.0,5.0,5.0,0.0,0.0,1183.48,8.99,1,4,8,3,12,3,0,0,0,1,0
950,35.7,118.75,6,28800.0,1.0,1.0,1.0,1.0,6.0,6.0,0.0,0.0,1183.48,9.38,1,4,17,3,12,3,0,0,0,1,0
765,27.89,95.62,6,28800.0,0.6675,1.0,0.6675,1.0,6.0,6.0,0.0,0.0,1183.48,9.57,1,4,22,3,12,3,0,1,0,1,0
908,27.74,113.5,4,28800.0,0.6778,1.0,0.6778,1.0,4.0,4.0,0.0,0.0,1183.48,10.12,1,4,11,4,12,3,0,0,0,1,0
822,11.82,102.75,6,28800.0,0.256,1.0,0.256,1.0,6.0,6.0,0.0,0.0,1183.48,10.51,1,4,21,4,12,3,0,0,0,1,0
850,16.38,106.25,5,28800.0,0.4135,1.0,0.4135,1.0,5.0,5.0,0.0,0.0,1183.48,10.57,1,4,22,4,12,3,0,1,0,1,0
923,45.91,115.38,4,28800.0,1.0,1.0,1.0,1.0,4.0,4.0,0.0,0.0,1183.48,11.02,1,4,9,5,12,3,1,0,0,1,0
740,30.0,92.5,6,28800.0,0.7439,1.0,0.7439,1.0,6.0,6.0,0.0,0.0,1183.48,11.4,1,4,18,5,12,3,1,0,0,1,0
852,29.11,106.5,4,28800.0,0.7174,1.0,0.7174,1.0,4.0,4.0,0.0,0.0,1183.48,11.75,1,4,2,6,12,3,1,1,0,1,0
932,12.55,116.5,6,28800.0,0.3621,1.0,0.3621,1.0,6.0,6.0,0.0,0.0,1183.48,12.08,1,4,10,6,12,3,1,0,0,1,0
838,38.65,104.75,2,28800.0,0.9294,1.0,0.9294,1.0,2.0,2.0,0.0,0.0,1183.48,12.25,1,4,14,6,12,3,1,0,0,1,0
837,21.32,104.62,4,28800.0,0.5342,1.0,0.5342,1.0,2.0,2.0,0.0,0.0,1183.48,12.66,1,4,0,0,13,3,0,1,0,1,0
687,50.3,90.73,2,27258.0,0.9465,0.9465,1.0,1.0,2.0,2.0,0.0,0.0,1183.48,13.03,1,4,9,0,13,3,0,0,0,1,0
835,24.86,108.6,4,27680.0,0.5436,0.9611,0.5656,1.0,4.0,4.0,0.0,0.0,1423.48,13.48,2,4,20,0,13,3,0,0,0,1,0
892,26.24,118.48,2,27104.0,0.6492,0.9411,0.6898,1.0,2.0,2.0,0.0,0.0,1423.48,13.61,2,4,23,0,13,3,0,1,0,1,0
766,25.52,95.75,6,28800.0,0.553,1.0,0.553,1.0,6.0,6.0,0.0,0.0,1423.48,14.05,2,4,9,1,13,3,0,0,0,1,0
998,13.54,124.75,1,28800.0,0.2346,1.0,0.4692,1.0,2.0,1.0,0.0,0.0,1423.48,14.37,2,4,17,1,13,3,0,0,0,1,0
885,21.29,110.62,7,28800.0,0.61,1.0,0.61,1.0,4.0,4.0,0.0,0.0,1423.48,14.69,2,4,1,2,13,3,0,1,0,1,0
837,27.86,104.62,1,28800.0,0.3579,1.0,0.7158,1.0,2.0,1.0,0.0,0.0,1423.48,15.02,1,4,9,2,13,3,0,0,0,1,0
969,23.16,121.12,4,28800.0,0.7005,1.0,0.7005,1.0,4.0,4.0,0.0,0.0,1423.48,15.42,1,4,18,2,13,3,0,0,0,1,0
938,34.18,117.25,4,28800.0,0.9256,1.0,0.9256,1.0,7.0,6.0,0.0,0.0,1423.48,15.64,1,4,0,3,13,3,0,1,0,1,0
843,19.94,105.38,5,28800.0,0.4493,1.0,0.4493,1.0,5.0,5.0,0.0,0.0,1423.48,16.01,1,4,8,3,13,3,0,0,0,1,0
777,39.3,97.12,3,28800.0,0.6581,1.0,0.8774,1.0,4.0,3.0,0.0,0.0,1423.48,16.45,1,4,19,3,13,3,0,0,0,1,0
798,46.4,99.75,6,28800.0,0.8355,1.0,0.9748,1.0,7.0,5.0,0.0,0.0,1423.48,16.79,1,3,3,4,13,3,0,1,0,1,0
856,39.49,107.0,5,28800.0,1.0,1.0,1.0,1.0,5.0,5.0,0.0,0.0,1423.48,16.89,1,3,6,4,13,3,0,0,0,1,0
866,27.76,108.25,3,28800.0,0.7325,1.0,0.7325,1.0,3.0,3.0,0.0,0.0,1423.48,17.51,1,3,21,4,13,3,0,0,0,1,0
806,17.32,100.75,5,28800.0,0.3084,1.0,0.4318,1.0,4.0,4.0,0.0,0.0,1423.48,17.76,1,3,3,5,13,3,1,1,0,1,0
736,9.75,92.0,5,28800.0,0.2223,1.0,0.2223,1.0,5.0,5.0,0.0,0.0,1423.48,18.1,1,3,11,5,13,3,1,0,0,1,0
987,31.45,123.38,6,28800.0,0.8941,1.0,0.8941,1.0,6.0,6.0,0.0,0.0,1423.48,18.34,1,3,16,5,13,3,1,0,0,1,0
930,8.67,116.25,4,28800.0,0.2722,1.0,0.2722,1.0,2.0,2.0,0.0,0.0,1423.48,18.64,1,3,0,6,13,3,1,1,0,1,0
699,33.98,87.38,2,28800.0,0.6177,1.0,0.6177,1.0,2.0,2.0,0.0,0.0,1423.48,19.06,1,3,10,6,13,3,1,0,0,1,0
990,18.99,123.75,6,28800.0,0.6284,1.0,0.6284,1.0,6.0,6.0,0.0,0.0,1423.48,19.28,1,3,15,6,13,3,1,0,0,1,0
833,21.89,104.12,2,28800.0,0.5961,1.0,0.5961,1.0,2.0,2.0,0.0,0.0,1423.48,19.55,1,3,22,6,13,3,1,1,0,1,0
827,42.25,103.38,5,28800.0,1.0,1.0,1.0,1.0,5.0,5.0,0.0,0.0,1423.48,20.12,1,3,11,0,14,3,0,0,0,1,0
838,36.8,104.75,2,28800.0,0.8432,1.0,0.8432,1.0,2.0,2.0,0.0,0.0,1423.48,20.34,1,3,16,0,14,3,0,0,0,1,0
1049,23.73,131.12,3,28800.0,0.7948,1.0,0.7948,1.0,3.0,3.0,0.0,0.0,1423.48,20.63,0,3,23,0,14,3,0,1,0,1,0
865,24.37,108.12,2,28800.0,0.5971,1.0,0.5971,1.0,2.0,2.0,0.0,0.0,1423.48,21.18,0,3,13,1,14,3,0,0,0,1,0
794,35.75,99.25,3,28800.0,0.7469,1.0,0.7469,1.0,3.0,3.0,0.0,0.0,1423.48,21.54,0,3,21,1,14,3,0,0,0,1,0
808,41.92,101.0,1,28800.0,0.9957,1.0,0.9957,1.0,1.0,1.0,0.0,0.0,1423.48,21.61,0,3,23,1,14,3,0,1,0,1,0
861,14.51,107.62,3,28800.0,0.3384,1.0,0.3384,1.0,3.0,3.0,0.0,0.0,1423.48,21.96,0,3,7,2,14,4,0,0,0,1,0
849,33.08,106.12,5,28800.0,0.8794,1.0,0.8794,1.0,5.0,5.0,0.0,0.0,1423.48,22.54,0,3,21,2,14,4,0,0,0,1,0
696,20.62,87.0,4,28800.0,0.4403,1.0,0.4403,1.0,1.0,1.0,0.0,0.0,1423.48,22.85,0,3,5,3,14,4,0,1,0,1,0
865,39.28,124.87,5,25715.625,0.8659,0.8929374999999999,1.0,1.0,5.0,5.0,0.0,0.0,1423.48,23.1,0,3,11,3,14,4,0,0,0,1,0
848,30.46,125.56,6,25715.625,0.7985,0.8929374999999999,0.9459,1.0,6.0,6.0,0.0,0.0,1423.48,23.5,0,4,20,3,14,4,0,0,0,1,0
776,16.77,112.94,1,25715.625,0.3668,0.8929374999999999,0.427,1.0,4.0,4.0,0.0,0.0,1425.48,0.07,0,4,0,4,14,4,0,1,0,1,0
853,28.08,115.61,4,26561.0,0.6975,0.9223,0.7563,1.0,4.0,4.0,0.0,0.0,1444.61,0.53,1,4,11,4,14,4,0,0,0,1,0
820,11.61,119.72,3,25715.625,0.2472,0.8929374999999999,0.2887,1.0,3.0,3.0,0.0,0.0,1444.61,0.66,1,4,14,4,14,4,0,0,0,1,0
749,21.48,108.64,4,25715.625,0.453,0.8929374999999999,0.5257,1.0,4.0,4.0,0.0,0.0,1464.28,1.01,1,4,22,4,14,4,0,1,0,1,0
793,12.21,110.41,4,25857.0,0.2172,0.8978,0.3024,1.0,5.0,4.0,0.0,0.0,1464.28,1.89,1,5,20,5,14,4,1,0,0,1,0
917,25.34,122.94,7,26853.0,0.6173,0.9324,0.6621,1.0,7.0,7.0,0.0,0.0,1508.38,0.12,1,5,23,5,14,4,1,1,0,1,0
919,41.55,114.88,4,28800.0,0.6667,1.0,1.0,1.0,6.0,4.0,0.0,0.0,1508.38,0.61,1,4,10,6,14,4,1,0,0,1,0
743,36.52,92.88,4,28800.0,0.7113,1.0,0.7113,1.0,4.0,4.0,0.0,0.0,1508.38,0.99,1,4,20,6,14,4,1,0,0,1,3
800,18.27,100.0,1,28800.0,0.4589,1.0,0.4589,1.0,4.0,4.0,0.0,0.0,1508.38,1.2,1,4,1,0,15,4,0,1,0,1,3
763,23.26,101.2,4,27142.0,0.5007,0.9424,0.5313,1.0,4.0,4.0,0.0,0.0,1508.38,1.56,1,4,9,0,15,4,0,0,0,1,3
951,34.36,123.64,3,27689.0,0.6652,0.9614,0.9225,1.0,4.0,3.0,0.0,0.0,1519.44,1.97,2,4,19,0,15,4,0,0,0,1,0
965,45.28,136.64,2,25715.625,0.5886,0.8929374999999999,1.0,1.0,3.0,2.0,0.0,0.0,1712.55,0.12,2,5,9,1,15,4,0,0,0,1,0
834,39.74,116.15,3,25850.0,0.8976,0.8976,1.0,1.0,3.0,3.0,0.0,0.0,1712.55,0.43,2,5,17,1,15,4,0,0,0,1,0
799,22.35,110.27,3,26086.0,0.5408,0.9058,0.597,1.0,3.0,3.0,0.0,0.0,1712.55,0.64,2,5,22,1,15,4,0,1,0,1,0
726,14.62,90.75,4,28800.0,0.2607,1.0,0.3259,1.0,5.0,4.0,0.0,0.0,1712.55,1.04,2,5,8,2,15,4,0,0,0,1,0
804,12.95,100.5,3,28800.0,0.3434,1.0,0.3434,1.0,3.0,3.0,0.0,0.0,1712.55,1.36,2,5,15,2,15,4,0,0,0,1,0
776,15.17,97.0,5,28800.0,0.308,1.0,0.308,1.0,5.0,5.0,0.0,0.0,1712.55,1.69,2,5,23,2,15,4,0,1,0,1,0
632,20.87,79.0,2,28800.0,0.4104,1.0,0.4104,1.0,2.0,2.0,0.0,0.0,1712.55,2.04,2,4,8,3,15,4,0,0,0,1,0
741,26.48,92.62,5,28800.0,0.5433,1.0,0.652,1.0,6.0,5.0,0.0,0.0,1712.55,2.56,2,4,20,3,15,4,0,0,0,1,0
824,21.99,103.0,2,28800.0,0.3638,1.0,0.5456,1.0,2.0,2.0,0.0,0.0,1712.55,2.94,1,4,5,4,15,4,0,1,0,1,0
858,20.88,107.25,6,28800.0,0.6089,1.0,0.6089,1.0,6.0,6.0,0.0,0.0,1712.55,2.96,1,4,6,4,15,4,0,0,0,1,0
791,48.91,98.88,5,28800.0,1.0,1.0,1.0,1.0,5.0,5.0,0.0,0.0,1712.55,3.47,1,4,18,4,15,4,0,0,0,1,0
909,34.04,113.62,2,28800.0,0.8664,1.0,0.8664,1.0,3.0,3.0,0.0,0.0,1712.55,3.75,1,4,1,5,15,4,1,1,0,1,0
993,42.93,124.12,3,28800.0,1.0,1.0,1.0,1.0,3.0,3.0,0.0,0.0,1712.55,4.17,1,4,11,5,15,4,1,0,0,1,0
866,28.07,108.25,6,28800.0,0.7193,1.0,0.7193,1.0,6.0,6.0,0.0,0.0,1712.55,4.44,1,4,17,5,15,4,1,0,0,1,0
643,20.83,80.38,3,28800.0,0.4476,1.0,0.4476,1.0,3.0,3.0,0.0,0.0,1712.55,4.85,1,4,3,6,15,4,1,1,0,1,0
943,14.41,117.88,5,28800.0,0.4695,1.0,0.4695,1.0,5.0,5.0,0.0,0.0,1712.55,5.12,1,4,10,6,15,4,1,0,0,1,0
796,40.81,99.5,2,28800.0,1.0,1.0,1.0,1.0,2.0,2.0,0.0,0.0,1712.55,5.47,1,4,18,6,15,4,1,0,0,1,0
793,23.2,99.12,3,28800.0,0.6019,1.0,0.6019,1.0,6.0,6.0,0.0,0.0,1712.55,5.94,1,4,5,0,16,4,0,1,0,1,0
881,22.89,110.12,4,28800.0,0.6467,1.0,0.6467,1.0,4.0,4.0,0.0,0.0,1712.55,6.28,1,4,13,0,16,4,0,0,0,1,0
793,23.85,99.12,5,28800.0,0.5188,1.0,0.6226,1.0,6.0,5.0,0.0,0.0,1712.55,6.3,1,4,14,0,16,4,0,0,0,1,0
862,22.03,107.75,6,28800.0,0.5073,1.0,0.5073,1.0,6.0,6.0,0.0,0.0,1712.55,6.81,0,4,2,1,16,4,0,1,0,1,0
983,45.22,122.88,3,28800.0,1.0,1.0,1.0,1.0,3.0,3.0,0.0,0.0,1712.55,7.04,0,4,8,1,16,4,0,0,0,1,0
964,13.08,120.5,6,28800.0,0.3759,1.0,0.3759,1.0,6.0,6.0,0.0,0.0,1712.55,7.5,0,4,19,1,16,4,0,0,0,1,1
970,37.81,121.25,6,28800.0,1.0,1.0,1.0,1.0,1.0,1.0,0.0,0.0,1712.55,7.92,0,4,5,2,16,4,0,1,0,1,1
848,16.96,111.05,4,27491.0,0.4352,0.9545,0.4559,1.0,4.0,4.0,0.0,0.0,1712.55,8.02,0,4,7,2,16,4,0,0,0,1,1
1041,21.33,142.02,5,26387.0,0.6257,0.9162,0.6829,1.0,5.0,5.0,0.0,0.0,1771.31,8.5,1,4,19,2,16,4,0,0,0,1,0
939,33.29,123.86,1,27292.0,0.9476,0.9476,1.0,1.0,3.0,2.0,0.0,0.0,1771.31,8.72,1,4,0,3,16,4,0,1,0,1,0
730,24.99,91.25,4,28800.0,0.5356,1.0,0.5356,1.0,4.0,4.0,0.0,0.0,1771.31,8.96,1,4,6,3,16,4,0,0,0,1,0
940,49.16,117.5,2,28800.0,1.0,1.0,1.0,1.0,2.0,2.0,0.0,0.0,1771.31,9.48,1,3,18,3,16,4,0,0,0,1,0
911,28.23,113.88,2,28800.0,0.5886,1.0,0.8828,1.0,1.0,1.0,0.0,0.0,1771.31,9.83,1,3,3,4,16,4,0,1,0,1,2
807,29.51,106.83,3,27195.0,0.5229,0.9443,0.7383,1.0,4.0,3.0,0.0,0.0,1771.31,10.08,1,3,8,4,16,4,0,0,0,1,2
821,31.9,109.89,3,26897.0,0.8161,0.9339,0.8739,1.0,3.0,3.0,0.0,0.0,1771.31,10.52,1,3,19,4,16,4,0,0,0,1,2
841,35.41,110.64,1,27364.0,0.7785,0.9501,0.8194,1.0,5.0,5.0,0.0,0.0,1808.66,10.79,2,3,2,5,16,4,1,1,0,1,0
1022,33.52,127.75,3,28800.0,1.0,1.0,1.0,1.0,3.0,3.0,0.0,0.0,1808.66,11.28,2,3,13,5,16,4,1,0,0,1,1
715,33.56,89.38,4,28800.0,0.5533,1.0,0.8299,1.0,6.0,4.0,0.0,0.0,1808.66,11.38,2,3,16,5,16,4,1,0,0,1,1
854,23.53,106.75,5,28800.0,0.5504,1.0,0.5504,1.0,5.0,4.0,0.0,0.0,1808.66,11.9,2,3,4,6,16,4,1,1,0,1,1
833,40.92,109.75,2,27324.0,0.9487,0.9487,1.0,1.0,2.0,2.0,0.0,0.0,1819.42,12.48,3,3,18,6,16,4,1,0,0,1,2
875,14.88,118.54,4,26573.0,0.3087,0.9227,0.4182,1.0,3.0,3.0,0.0,0.0,1819.42,12.79,4,3,2,0,17,4,0,1,0,1,0
894,43.9,121.88,5,26406.0,0.9169,0.9169,1.0,1.0,5.0,5.0,0.0,0.0,1858.59,13.15,4,3,10,0,17,4,0,0,0,1,0
844,46.65,112.65,3,26971.0,0.9365,0.9365,1.0,1.0,3.0,3.0,0.0,0.0,1858.59,13.51,4,3,19,0,17,4,0,0,0,1,0
797,29.12,106.44,3,26956.0,0.6601,0.936,0.7052,1.0,6.0,6.0,0.0,0.0,1858.59,13.73,4,3,0,1,17,4,0,1,0,1,0
999,18.01,129.99,3,27667.0,0.5026,0.9607,0.5232,1.0,3.0,3.0,0.0,0.0,1858.59,14.23,4,3,12,1,17,4,0,0,0,1,0
965,19.13,123.66,5,28094.0,0.4322,0.9755,0.5317,1.0,6.0,5.0,0.0,0.0,1858.59,14.36,4,3,15,1,17,4,0,0,0,1,0
638,23.86,82.41,6,27871.0,0.4956,0.9677,0.5121,1.0,6.0,6.0,0.0,0.0,1895.95,14.81,4,3,2,2,17,4,0,1,0,1,0
860,34.55,107.5,4,28800.0,0.667,1.0,0.8337,1.0,5.0,4.0,0.0,0.0,1895.95,15.0,4,3,7,2,17,4,0,0,0,1,0
870,11.84,108.75,3,28800.0,0.2882,1.0,0.2882,1.0,3.0,3.0,0.0,0.0,1895.95,15.47,3,3,18,2,17,4,0,0,0,1,0
929,15.33,116.12,6,28800.0,0.381,1.0,0.381,1.0,4.0,4.0,0.0,0.0,1895.95,15.73,3,3,0,3,17,4,0,1,0,1,0
868,37.95,130.05,3,25715.625,0.8343,0.8929374999999999,1.0,1.0,3.0,3.0,0.0,0.0,1895.95,16.07,3,4,8,3,17,4,0,0,0,1,0
908,41.14,139.38,2,25715.625,0.8143,0.8929374999999999,1.0,1.0,2.0,2.0,0.0,0.0,2049.33,0.27,3,4,18,3,17,4,0,0,0,1,0
871,28.29,140.45,4,25715.625,0.6999,0.8929374999999999,0.9028,1.0,5.0,5.0,0.0,0.0,2049.33,0.56,3,4,1,4,17,4,0,1,0,1,0
1014,29.03,126.75,4,28800.0,0.9443,1.0,0.9443,1.0,4.0,4.0,0.0,0.0,2049.33,0.84,3,4,8,4,17,4,0,0,0,1,0
974,25.58,121.75,4,28800.0,0.7975,1.0,0.7975,1.0,4.0,4.0,0.0,0.0,2049.33,1.29,3,4,19,4,17,4,0,0,0,1,0
887,27.34,110.88,5,28800.0,0.835,1.0,0.835,1.0,2.0,2.0,0.0,0.0,2049.33,1.65,2,4,3,5,17,4,1,1,0,1,0
1007,27.98,125.88,2,28800.0,0.9608,1.0,0.9608,1.0,2.0,2.0,0.0,0.0,2049.33,1.8,2,4,7,5,17,4,1,0,0,1,0
976,47.36,122.0,2,28800.0,1.0,1.0,1.0,1.0,2.0,2.0,0.0,0.0,2049.33,2.19,2,4,16,5,17,4,1,0,0,1,0
774,22.19,96.75,2,28800.0,0.5767,1.0,0.5767,1.0,6.0,6.0,0.0,0.0,2049.33,2.59,2,4,2,6,17,4,1,1,0,1,0
813,45.73,101.62,3,28800.0,1.0,1.0,1.0,1.0,3.0,3.0,0.0,0.0,2049.33,2.9,2,4,9,6,17,4,1,0,0,1,0
1049,33.54,131.12,3,28800.0,1.0,1.0,1.0,1.0,3.0,3.0,0.0,0.0,2049.33,3.16,1,4,16,6,17,4,1,0,0,1,0
863,22.53,107.88,6,28800.0,0.641,1.0,0.641,1.0,3.0,2.0,0.0,0.0,2049.33,3.66,0,4,3,0,18,4,0,1,0,1,0
823,40.94,102.88,5,28800.0,0.8727,1.0,0.8727,1.0,5.0,5.0,0.0,0.0,2049.33,3.95,0,4,11,0,18,4,0,0,0,1,0
1004,25.29,125.5,3,28800.0,0.6369,1.0,0.8492,1.0,4.0,3.0,0.0,0.0,2049.33,4.28,0,4,18,0,18,4,0,0,0,1,0
850,26.53,106.25,2,28800.0,0.4947,1.0,0.742,1.0,6.0,6.0,0.0,0.0,2049.33,4.64,0,4,3,1,18,4,0,1,0,1,0
901,40.21,112.62,2,28800.0,0.9767,1.0,0.9767,1.0,2.0,2.0,0.0,0.0,2049.33,4.97,0,4,11,1,18,4,0,0,0,1,0
917,26.99,114.62,5,28800.0,0.7794,1.0,0.7794,1.0,5.0,5.0,0.0,0.0,2049.33,5.37,0,4,20,1,18,4,0,0,0,1,0
854,38.99,106.75,6,28800.0,1.0,1.0,1.0,1.0,3.0,3.0,0.0,0.0,2049.33,5.73,0,4,5,2,18,4,0,1,0,1,3
745,14.15,102.23,5,26234.0,0.3598,0.9109,0.395,1.0,5.0,5.0,0.0,0.0,2049.33,5.86,0,4,8,2,18,4,0,0,0,1,3
948,11.99,129.97,5,26259.0,0.3371,0.9118,0.3697,1.0,5.0,5.0,0.0,0.0,2049.33,6.14,0,4,15,2,18,4,0,0,0,1,3
960,22.12,139.53,3,25715.625,0.6537,0.8929374999999999,0.7601,1.0,3.0,3.0,0.0,0.0,2049.33,6.42,1,4,22,2,18,4,0,1,0,1,0
743,40.78,92.88,5,28800.0,0.9917,1.0,0.9917,1.0,5.0,5.0,0.0,0.0,2115.58,6.83,1,4,8,3,18,4,0,0,0,1,0
1039,29.15,129.88,4,28800.0,0.8485,1.0,0.8485,1.0,4.0,4.0,0.0,0.0,2115.58,7.16,1,4,15,3,18,4,0,0,0,1,0
884,9.66,110.5,5,28800.0,0.2597,1.0,0.2597,1.0,3.0,3.0,0.0,0.0,2115.58,7.57,1,4,1,4,18,5,0,1,0,1,0
830,32.95,103.75,5,28800.0,0.629,1.0,0.7548,1.0,6.0,5.0,0.0,0.0,2115.58,7.98,1,4,11,4,18,5,0,0,0,1,0
880,46.08,110.0,6,28800.0,1.0,1.0,1.0,1.0,6.0,6.0,0.0,0.0,2115.58,8.38,1,4,21,4,18,5,0,0,0,1,2
807,43.07,100.88,3,28800.0,0.9664,1.0,0.9664,1.0,4.0,4.0,0.0,0.0,2115.58,8.66,1,4,3,5,18,5,1,1,0,1,2
717,43.54,93.44,3,27625.0,0.9548,0.9592,0.9954,1.0,3.0,3.0,0.0,0.0,2115.58,8.77,1,4,6,5,18,5,1,0,0,1,2
842,34.24,111.62,4,27156.0,0.8031,0.9429,0.8517,1.0,2.0,1.0,0.0,0.0,2151.67,9.52,2,3,0,6,18,5,1,1,0,1,0
988,23.58,123.5,3,28800.0,0.6868,1.0,0.6868,1.0,3.0,3.0,0.0,0.0,2151.67,9.86,2,3,8,6,18,5,1,0,0,1,1
857,14.54,107.12,6,28800.0,0.3967,1.0,0.3967,1.0,6.0,6.0,0.0,0.0,2151.67,10.27,2,3,18,6,18,5,1,0,0,1,1
928,13.72,116.0,1,28800.0,0.1973,1.0,0.3947,1.0,7.0,6.0,0.0,0.0,2151.67,10.52,2,3,0,0,19,5,0,1,0,1,1
960,39.15,124.45,1,27770.0,0.4821,0.9642,1.0,1.0,2.0,1.0,0.0,0.0,2197.63,10.93,3,3,10,0,19,5,0,0,0,1,0
813,14.01,106.87,6,27387.0,0.3099,0.9509,0.3259,1.0,6.0,6.0,0.0,0.0,2197.63,11.28,3,2,18,0,19,5,0,0,0,1,0
826,35.46,107.44,6,27676.0,0.8237,0.961,1.0,1.0,3.0,2.0,0.0,0.0,2197.63,11.65,3,2,3,1,19,5,0,1,0,1,0
799,27.44,99.88,5,28800.0,0.5887,1.0,0.5887,1.0,5.0,5.0,0.0,0.0,2197.63,11.81,3,2,7,1,19,5,0,0,0,1,0
919,27.71,114.88,4,28800.0,0.6698,1.0,0.6698,1.0,4.0,4.0,0.0,0.0,2197.63,12.21,3,2,17,1,19,5,0,0,0,1,0
790,36.2,98.75,2,28800.0,0.6498,1.0,0.9746,1.0,5.0,5.0,0.0,0.0,2197.63,12.68,3,2,4,2,19,5,0,1,0,1,0
833,33.81,122.19,6,25715.625,0.8113,0.8929374999999999,0.952,1.0,6.0,6.0,0.0,0.0,2226.98,0.08,3,3,12,2,19,5,0,0,0,1,0
991,26.03,150.01,5,25715.625,0.6662,0.8929374999999999,0.8067,1.0,5.0,5.0,0.0,0.0,2226.98,0.45,3,3,21,2,19,5,0,0,0,1,0
935,17.89,132.98,5,25715.625,0.4594,0.8929374999999999,0.5227,1.0,6.0,5.0,0.0,0.0,2226.98,0.58,2,3,0,3,19,5,0,1,0,1,0
801,13.05,110.07,2,26197.0,0.3468,0.9096,0.3813,1.0,2.0,2.0,0.0,0.0,2226.98,1.13,2,2,13,3,19,5,0,0,0,1,0
785,32.54,124.4,4,25715.625,0.631,0.8929374999999999,1.0,1.0,5.0,4.0,0.0,0.0,2226.98,1.19,2,2,14,3,19,5,0,0,0,1,0
921,9.6,147.04,5,25715.625,0.2511,0.8929374999999999,0.3848,1.0,5.0,5.0,0.0,0.0,2256.62,0.43,2,3,5,4,19,5,0,1,0,1,0
938,31.26,117.25,2,28800.0,0.7953,1.0,0.7953,1.0,2.0,2.0,0.0,0.0,2256.62,0.59,2,3,9,4,19,5,0,0,0,1,0
871,35.98,108.88,4,28800.0,0.9533,1.0,0.9533,1.0,4.0,4.0,0.0,0.0,2256.62,0.84,2,3,15,4,19,5,0,0,0,1,0
876,31.83,109.5,5,28800.0,0.9642,1.0,0.9642,1.0,5.0,5.0,0.0,0.0,2336.12,1.3,2,3,2,5,19,5,1,1,0,1,0
1040,28.67,136.89,2,27351.0,0.9284,0.9497,0.9776,1.0,2.0,2.0,0.0,0.0,2336.12,1.61,2,3,9,5,19,5,1,0,0,1,0
917,34.29,116.9,2,28239.0,0.9805,0.9805,1.0,1.0,2.0,2.0,0.0,0.0,2336.12,2.09,1,3,21,5,19,5,1,0,0,1,0
805,9.65,103.6,5,27974.0,0.2382,0.9713,0.2452,1.0,7.0,7.0,0.0,0.0,2336.12,2.25,1,3,1,6,19,5,1,1,0,1,0
788,12.95,98.5,6,28800.0,0.2649,1.0,0.2649,1.0,6.0,6.0,0.0,0.0,2336.12,2.49,1,3,7,6,19,5,1,0,0,1,0
731,36.08,91.38,4,28800.0,0.7942,1.0,0.7942,1.0,4.0,4.0,0.0,0.0,2336.12,3.03,1,3,20,6,19,5,1,0,0,1,0
732,37.29,91.5,7,28800.0,0.795,1.0,0.795,1.0,7.0,7.0,0.0,0.0,2336.12,3.18,1,3,23,6,19,5,1,1,0,1,0
886,23.4,110.75,5,28800.0,0.7079,1.0,0.7079,1.0,5.0,5.0,0.0,0.0,2336.12,3.53,0,3,8,0,20,5,0,0,0,1,0
832,16.05,104.0,3,28800.0,0.4556,1.0,0.4556,1.0,3.0,3.0,0.0,0.0,2336.12,3.79,0,3,14,0,20,5,0,0,0,1,3
823,21.54,102.88,1,28800.0,0.5607,1.0,0.5607,1.0,1.0,1.0,0.0,0.0,2336.12,4.18,0,3,23,0,20,5,0,1,0,1,3
901,22.38,119.0,3,27258.0,0.5754,0.9465,0.6079,1.0,3.0,3.0,0.0,0.0,2336.12,4.51,0,3,7,1,20,5,0,0,0,1,3
947,13.65,126.89,5,26867.0,0.3459,0.9329,0.3708,1.0,5.0,5.0,0.0,0.0,2397.72,4.8,1,3,14,1,20,5,0,0,0,1,0
830,10.3,110.1,3,27140.0,0.2871,0.9424,0.3046,1.0,5.0,5.0,0.0,0.0,2397.72,5.36,1,3,4,2,20,5,0,1,0,1,0
774,22.63,96.75,2,28800.0,0.4846,1.0,0.4846,1.0,2.0,2.0,0.0,0.0,2397.72,5.46,1,3,6,2,20,5,0,0,0,1,0
752,11.63,94.0,2,28800.0,0.2713,1.0,0.2713,1.0,2.0,2.0,0.0,0.0,2397.72,5.91,1,3,17,2,20,5,0,0,0,1,0
713,41.63,89.12,5,28800.0,0.8403,1.0,0.8403,1.0,5.0,5.0,0.0,0.0,2397.72,6.14,1,3,22,2,20,5,0,1,0,1,0
786,47.48,98.25,4,28800.0,0.9822,1.0,0.9822,1.0,4.0,4.0,0.0,0.0,2397.72,6.48,1,3,6,3,20,5,0,0,0,1,0
886,29.76,110.75,3,28800.0,0.6888,1.0,0.6888,1.0,3.0,3.0,0.0,0.0,2397.72,7.08,1,3,21,3,20,5,0,0,0,1,0
971,31.82,121.38,5,28800.0,0.821,1.0,0.821,1.0,4.0,4.0,0.0,0.0,2397.72,7.38,1,4,4,4,20,5,0,1,0,1,0
880,32.32,136.53,3,25715.625,0.8057,0.8929374999999999,1.0,1.0,3.0,3.0,0.0,0.0,2502.69,0.11,1,4,7,4,20,5,0,0,0,1,0
947,33.12,147.62,2,25715.625,0.8019,0.8929374999999999,1.0,1.0,2.0,2.0,0.0,0.0,2502.69,0.61,1,4,19,4,20,5,0,0,0,1,0
883,10.82,123.86,4,25715.625,0.2688,0.8929374999999999,0.3017,1.0,2.0,2.0,0.0,0.0,2502.69,0.81,1,4,0,5,20,5,1,1,0,1,0
898,29.76,112.25,6,28800.0,0.8144,1.0,0.8144,1.0,6.0,6.0,0.0,0.0,2502.69,1.31,1,4,12,5,20,5,1,0,0,1,0
983,33.6,122.88,2,28800.0,0.9417,1.0,0.9417,1.0,2.0,2.0,0.0,0.0,2502.69,1.5,1,4,17,5,20,5,1,0,0,1,0
904,20.18,113.0,2,28800.0,0.5848,1.0,0.5848,1.0,3.0,3.0,0.0,0.0,2502.69,2.03,1,4,5,6,20,5,1,1,0,1,0
864,31.5,108.0,6,28800.0,0.8316,1.0,0.8316,1.0,6.0,6.0,0.0,0.0,2502.69,2.16,1,4,8,6,20,5,1,0,0,1,0
887,13.12,110.88,2,28800.0,0.3166,1.0,0.3166,1.0,2.0,2.0,0.0,0.0,2502.69,2.38,1,4,14,6,20,5,1,0,0,1,0
802,12.33,100.25,3,28800.0,0.3255,1.0,0.3255,1.0,3.0,3.0,0.0,0.0,2502.69,2.77,1,4,23,6,20,5,1,1,0,1,0
809,27.96,101.12,4,28800.0,0.7683,1.0,0.7683,1.0,4.0,4.0,0.0,0.0,2502.69,3.34,1,4,13,0,21,5,0,0,0,1,0
836,42.72,104.5,3,28800.0,0.6,1.0,1.0,1.0,5.0,3.0,0.0,0.0,2502.69,3.5,1,4,16,0,21,5,0,0,0,1,0
822,39.25,102.75,6,28800.0,1.0,1.0,1.0,1.0,4.0,4.0,0.0,0.0,2502.69,3.81,1,4,0,1,21,5,0,1,0,1,0
912,42.81,142.12,5,25715.625,0.8022,0.8929374999999999,1.0,1.0,5.0,5.0,0.0,0.0,2502.69,4.26,0,4,11,1,21,5,0,0,0,1,0
935,43.97,135.78,2,25715.625,0.5739,0.8929374999999999,1.0,1.0,3.0,2.0,0.0,0.0,2574.45,0.17,0,5,21,1,21,5,0,0,0,1,0
776,40.83,108.27,4,25802.0,0.8959,0.8959,1.0,1.0,8.0,6.0,0.0,0.0,2574.45,0.42,0,5,3,2,21,5,0,1,0,1,0
957,10.64,119.62,4,28800.0,0.2755,1.0,0.2755,1.0,4.0,4.0,0.0,0.0,2574.45,0.76,0,5,11,2,21,5,0,0,0,1,0
861,13.55,107.62,6,28800.0,0.3202,1.0,0.3202,1.0,6.0,6.0,0.0,0.0,2574.45,0.88,0,5,14,2,21,5,0,0,0,1,0
661,48.58,82.62,6,28800.0,0.6227,1.0,0.8302,1.0,2.0,2.0,0.0,0.0,2574.45,1.36,0,5,1,3,21,5,0,1,0,1,0
809,29.33,101.12,6,28800.0,0.7318,1.0,0.7318,1.0,6.0,6.0,0.0,0.0,2574.45,1.54,0,5,6,3,21,5,0,0,0,1,0
876,39.58,109.5,2,28800.0,1.0,1.0,1.0,1.0,2.0,2.0,0.0,0.0,2574.45,2.15,0,5,20,3,21,5,0,0,0,1,3
831,19.31,103.88,2,28800.0,0.4735,1.0,0.4735,1.0,4.0,4.0,0.0,0.0,2574.45,2.33,0,5,1,4,21,5,0,1,0,1,3
721,23.17,116.11,6,25715.625,0.4483,0.8929374999999999,0.5776,1.0,6.0,6.0,0.0,0.0,2574.45,2.8,0,5,12,4,21,5,0,0,0,1,3
820,34.84,119.58,3,25715.625,0.7685,0.8929374999999999,0.8965,1.0,3.0,3.0,0.0,0.0,2574.45,2.88,0,5,14,4,21,5,0,0,0,1,3
923,27.67,150.26,4,25715.625,0.7124,0.8929374999999999,0.9278,1.0,4.0,4.0,0.0,0.0,2651.07,3.33,2,5,1,5,21,5,1,1,0,1,0
938,34.6,117.25,4,28800.0,1.0,1.0,1.0,1.0,4.0,4.0,0.0,0.0,2651.07,3.59,2,5,7,5,21,5,1,0,0,1,0
832,40.14,104.0,5,28800.0,0.9273,1.0,0.9273,1.0,5.0,5.0,0.0,0.0,2651.07,3.98,2,4,16,5,21,5,1,0,0,1,0
969,43.89,121.12,4,28800.0,1.0,1.0,1.0,1.0,6.0,5.0,0.0,0.0,2651.07,4.39,2,4,2,6,21,5,1,1,0,1,0
800,14.11,100.0,2,28800.0,0.3336,1.0,0.3336,1.0,2.0,2.0,0.0,0.0,2651.07,5.15,2,4,20,6,21,5,1,0,0,1,0
782,14.02,97.75,5,28800.0,0.2607,1.0,0.3128,1.0,6.0,5.0,0.0,0.0,2651.07,5.23,2,4,22,6,21,5,1,1,0,1,0
886,31.23,110.75,2,28800.0,0.7814,1.0,0.7814,1.0,2.0,2.0,0.0,0.0,2651.07,5.6,2,4,7,0,22,5,0,0,0,1,3
886,38.39,110.75,2,28800.0,0.9306,1.0,0.9306,1.0,2.0,2.0,0.0,0.0,2651.07,6.01,2,4,17,0,22,5,0,0,0,1,3
1028,14.49,128.5,3,28800.0,0.4833,1.0,0.4833,1.0,4.0,4.0,0.0,0.0,2651.07,6.39,3,4,2,1,22,5,0,1,0,1,0
715,11.74,95.75,2,26882.0,0.2522,0.9334,0.2702,1.0,2.0,2.0,0.0,0.0,2891.07,6.84,3,4,13,1,22,5,0,0,0,1,0
934,17.44,124.69,2,26967.0,0.433,0.9364,0.4624,1.0,2.0,2.0,0.0,0.0,2891.07,7.04,3,4,18,1,22,5,0,0,0,1,0
811,42.6,110.2,4,26494.0,0.9199,0.9199,1.0,1.0,6.0,6.0,0.0,0.0,2891.07,7.45,3,4,3,2,22,5,0,1,0,1,0
767,11.83,95.88,5,28800.0,0.236,1.0,0.236,1.0,5.0,5.0,0.0,0.0,2891.07,7.81,3,4,12,2,22,5,0,0,0,1,0
875,29.23,109.38,6,28800.0,0.6985,1.0,0.6985,1.0,6.0,6.0,0.0,0.0,2891.07,8.04,3,4,18,2,22,5,0,0,0,1,0
929,46.59,116.12,6,28800.0,1.0,1.0,1.0,1.0,3.0,3.0,0.0,0.0,2891.07,8.43,3,4,3,3,22,5,0,1,0,1,0
822,43.48,102.75,6,28800.0,0.9345,1.0,0.9345,1.0,6.0,6.0,0.0,0.0,2891.07,8.84,3,4,13,3,22,5,0,0,0,1,0
891,22.3,111.38,2,28800.0,0.6073,1.0,0.6073,1.0,2.0,2.0,0.0,0.0,2891.07,9.01,3,4,17,3,22,5,0,0,0,1,0
909,40.59,113.62,3,28800.0,1.0,1.0,1.0,1.0,4.0,4.0,0.0,0.0,2891.07,9.39,3,4,2,4,22,5,0,1,0,1,0
817,21.14,102.12,3,28800.0,0.5946,1.0,0.5946,1.0,3.0,3.0,0.0,0.0,2891.07,9.7,3,4,10,4,22,5,0,0,0,1,0
946,45.17,118.25,2,28800.0,1.0,1.0,1.0,1.0,2.0,2.0,0.0,0.0,2891.07,9.95,3,4,16,4,22,5,0,0,0,1,0
858,9.94,107.25,4,28800.0,0.2917,1.0,0.2917,1.0,4.0,4.0,0.0,0.0,2891.07,10.3,1,4,0,5,22,5,1,1,0,1,0
810,39.78,101.25,5,28800.0,1.0,1.0,1.0,1.0,5.0,5.0,0.0,0.0,2891.07,10.67,1,4,9,5,22,5,1,0,0,1,0
890,27.75,111.25,3,28800.0,0.648,1.0,0.648,1.0,3.0,3.0,0.0,0.0,2891.07,10.9,1,4,14,5,22,5,1,0,0,1,0
774,18.17,96.75,4,28800.0,0.3983,1.0,0.3983,1.0,4.0,4.0,0.0,0.0,2891.07,11.2,1,4,22,5,22,5,1,1,0,1,0
885,26.25,110.62,6,28800.0,0.6868,1.0,0.6868,1.0,6.0,6.0,0.0,0.0,2891.07,11.57,1,4,6,6,22,5,1,0,0,1,0
897,16.31,112.12,6,28800.0,0.4033,1.0,0.4033,1.0,6.0,6.0,0.0,0.0,2891.07,12.12,1,4,20,6,22,5,1,0,0,1,0
961,28.72,120.12,3,28800.0,0.8616,1.0,0.8616,1.0,3.0,3.0,0.0,0.0,2891.07,12.46,1,4,4,0,23,6,0,1,0,1,0
897,15.76,112.12,2,28800.0,0.385,1.0,0.385,1.0,2.0,2.0,0.0,0.0,2891.07,12.59,1,4,7,0,23,6,0,0,0,1,0
973,23.33,121.62,2,28800.0,0.7068,1.0,0.7068,1.0,2.0,2.0,0.0,0.0,2891.07,13.18,1,4,21,0,23,6,0,0,0,1,0
707,18.35,88.38,3,28800.0,0.4004,1.0,0.4004,1.0,3.0,3.0,0.0,0.0,2891.07,13.3,1,4,0,1,23,6,0,1,0,1,0
867,12.82,108.38,3,28800.0,0.3504,1.0,0.3504,1.0,3.0,3.0,0.0,0.0,2891.07,13.77,0,4,11,1,23,6,0,0,0,1,0
1013,25.49,126.62,3,28800.0,0.7112,1.0,0.7112,1.0,3.0,3.0,0.0,0.0,2891.07,14.0,0,4,17,1,23,6,0,0,0,1,0
712,32.65,89.0,3,28800.0,0.6883,1.0,0.6883,1.0,6.0,6.0,0.0,0.0,2891.07,14.32,0,4,0,2,23,6,0,1,0,1,0
895,34.55,111.88,4,28800.0,0.8748,1.0,0.8748,1.0,4.0,4.0,0.0,0.0,2891.07,14.83,0,4,13,2,23,6,0,0,0,1,0
682,32.59,85.25,5,28800.0,0.6687,1.0,0.6687,1.0,5.0,5.0,0.0,0.0,2891.07,15.03,0,4,18,2,23,6,0,0,0,1,0
993,14.83,124.12,6,28800.0,0.4396,1.0,0.4396,1.0,3.0,3.0,0.0,0.0,2891.07,15.31,0,4,0,3,23,6,0,1,0,1,0
810,35.34,101.25,2,28800.0,0.8145,1.0,0.8145,1.0,2.0,2.0,0.0,0.0,2891.07,15.61,0,4,7,3,23,6,0,0,0,1,0
922,32.32,115.25,6,28800.0,0.8471,1.0,0.8471,1.0,6.0,6.0,0.0,0.0,2891.07,15.99,0,4,16,3,23,6,0,0,0,1,0
883,37.29,110.38,3,28800.0,1.0,1.0,1.0,1.0,4.0,4.0,0.0,0.0,2891.07,16.46,0,4,4,4,23,6,0,1,0,1,0
814,28.91,133.67,2,25715.625,0.6758,0.8929374999999999,0.8878,1.0,2.0,2.0,0.0,0.0,3007.46,0.13,0,4,12,4,23,6,0,0,0,1,0
999,10.83,161.99,5,25715.625,0.2848,0.8929374999999999,0.3694,1.0,5.0,5.0,0.0,0.0,3007.46,0.25,0,4,15,4,23,6,0,0,0,1,0
948,27.64,137.71,4,25715.625,0.7677,0.8929374999999999,0.8921,1.0,6.0,5.0,0.0,0.0,3007.46,0.82,0,4,4,5,23,6,1,1,0,1,0
839,35.86,104.88,2,28800.0,0.5766,1.0,0.8649,1.0,3.0,2.0,0.0,0.0,3007.46,1.1,0,4,11,5,23,6,1,0,0,1,0
758,13.44,94.75,5,28800.0,0.2547,1.0,0.3056,1.0,6.0,5.0,0.0,0.0,3007.46,1.31,0,3,16,5,23,6,1,0,0,1,0
841,40.22,105.12,5,28800.0,0.8333,1.0,1.0,1.0,2.0,2.0,0.0,0.0,3007.46,1.84,0,3,5,6,23,6,1,1,0,1,0
886,14.11,110.75,6,28800.0,0.3658,1.0,0.3658,1.0,6.0,6.0,0.0,0.0,3007.46,2.38,0,3,18,6,23,6,1,0,0,1,0
812,22.45,101.5,2,28800.0,0.5766,1.0,0.5766,1.0,6.0,6.0,0.0,0.0,3007.46,2.83,0,3,5,0,24,6,0,1,0,1,0
921,10.73,115.12,2,28800.0,0.3176,1.0,0.3176,1.0,2.0,2.0,0.0,0.0,3007.46,3.15,0,3,12,0,24,6,0,0,0,1,0
771,32.43,96.38,2,28800.0,0.7343,1.0,0.7343,1.0,2.0,2.0,0.0,0.0,3007.46,3.2,0,3,14,0,24,6,0,0,0,1,0
939,18.55,117.38,6,28800.0,0.5513,1.0,0.5513,1.0,6.0,6.0,0.0,0.0,3007.46,3.56,0,3,22,0,24,6,0,1,0,1,0
901,28.47,112.62,3,28800.0,0.712,1.0,0.712,1.0,3.0,3.0,0.0,0.0,3007.46,3.98,0,3,8,1,24,6,0,0,0,1,0
843,34.63,105.38,2,28800.0,0.5852,1.0,0.8778,1.0,3.0,2.0,0.0,0.0,3007.46,4.26,0,3,15,1,24,6,0,0,0,1,0
970,12.85,121.25,6,28800.0,0.3513,1.0,0.3513,1.0,5.0,5.0,0.0,0.0,3007.46,4.71,0,3,2,2,24,6,0,1,0,1,0
1014,35.26,134.26,3,27190.0,0.9441,0.9441,1.0,1.0,3.0,3.0,0.0,0.0,3024.38,5.0,1,3,9,2,24,6,0,0,0,1,0
844,30.28,116.87,6,25999.0,0.7045,0.9027,0.7804,1.0,6.0,6.0,0.0,0.0,3024.38,5.45,1,3,20,2,24,6,0,0,0,1,0
741,22.26,102.45,5,26038.0,0.4773,0.9041,0.5279,1.0,5.0,5.0,0.0,0.0,3172.94,5.82,1,3,4,3,24,6,0,1,0,1,0
884,36.82,110.5,2,28800.0,0.8846,1.0,0.8846,1.0,2.0,2.0,0.0,0.0,3172.94,6.13,1,3,12,3,24,6,0,0,0,1,0
801,31.87,100.12,2,28800.0,0.3368,1.0,0.6736,1.0,4.0,2.0,0.0,0.0,3172.94,6.42,1,3,19,3,24,6,0,0,0,1,0
819,31.67,102.38,5,28800.0,0.8238,1.0,0.8238,1.0,3.0,3.0,0.0,0.0,3172.94,6.66,1,3,0,4,24,6,0,1,0,1,0
968,42.82,121.0,5,28800.0,1.0,1.0,1.0,1.0,5.0,5.0,0.0,0.0,3172.94,7.09,1,3,11,4,24,6,0,0,0,1,0
936,47.1,117.0,3,28800.0,1.0,1.0,1.0,1.0,3.0,3.0,0.0,0.0,3172.94,7.42,1,3,19,4,24,6,0,0,0,1,0
860,9.98,107.5,3,28800.0,0.2768,1.0,0.2768,1.0,6.0,4.0,0.0,0.0,3172.94,7.63,1,3,0,5,24,6,1,1,0,1,0
834,13.96,104.25,3,28800.0,0.2184,1.0,0.364,1.0,5.0,3.0,0.0,0.0,3172.94,7.96,1,3,8,5,24,6,1,0,0,1,0
772,45.16,96.5,5,28800.0,0.9176,1.0,0.9176,1.0,5.0,5.0,0.0,0.0,3172.94,8.3,1,3,16,5,24,6,1,0,0,1,0
727,27.57,90.88,4,28800.0,0.3797,1.0,0.5695,1.0,6.0,4.0,0.0,0.0,3172.94,8.55,1,3,22,5,24,6,1,1,0,1,0
892,19.21,111.5,2,28800.0,0.5392,1.0,0.5392,1.0,2.0,2.0,0.0,0.0,3172.94,8.93,1,2,7,6,24,6,1,0,0,1,0
746,39.39,93.25,4,28800.0,0.991,1.0,0.991,1.0,4.0,4.0,0.0,0.0,3172.94,9.44,1,2,19,6,24,6,1,0,0,1,0
939,20.93,117.38,4,28800.0,0.6655,1.0,0.6655,1.0,8.0,8.0,0.0,0.0,3172.94,9.62,1,2,0,0,25,6,0,1,0,1,0
849,48.72,106.12,6,28800.0,1.0,1.0,1.0,1.0,6.0,6.0,0.0,0.0,3172.94,9.96,1,2,8,0,25,6,0,0,0,1,0
767,44.56,95.88,3,28800.0,1.0,1.0,1.0,1.0,3.0,3.0,0.0,0.0,3172.94,10.34,1,2,17,0,25,6,0,0,0,1,0
874,24.44,109.25,8,28800.0,0.7305,1.0,0.7305,1.0,8.0,8.0,0.0,0.0,3172.94,10.57,1,2,22,0,25,6,0,1,0,1,0
945,8.71,118.12,2,28800.0,0.2671,1.0,0.2671,1.0,2.0,2.0,0.0,0.0,3172.94,11.07,1,2,10,1,25,6,0,0,0,1,0
855,29.44,106.88,4,28800.0,0.6968,1.0,0.6968,1.0,4.0,4.0,0.0,0.0,3172.94,11.45,1,2,19,1,25,6,0,0,0,1,0
889,30.49,111.12,4,28800.0,0.7779,1.0,0.7779,1.0,4.0,4.0,0.0,0.0,3172.94,11.55,1,2,22,1,25,6,0,1,0,1,0
816,16.69,130.63,4,25715.625,0.4686,0.8929374999999999,0.6002,1.0,4.0,4.0,0.0,0.0,3177.79,11.99,0,2,8,2,25,6,0,0,0,1,0
775,22.45,107.74,6,25896.0,0.476,0.8992,0.5294,1.0,6.0,6.0,0.0,0.0,3193.83,0.15,0,3,17,2,25,6,0,0,0,1,0
883,12.91,129.11,5,25715.625,0.3685,0.8929374999999999,0.4311,1.0,4.0,4.0,0.0,0.0,3193.83,0.5,0,3,1,3,25,6,0,1,0,1,0
874,46.72,173.66124,5,25715.625,0.5637,0.8929374999999999,1.0,1.0,5.0,5.0,0.0,0.0,3193.83,0.73,0,4,7,3,25,6,0,0,0,1,0
951,32.26,173.66124,4,25715.625,0.5631,0.8929374999999999,1.0,1.0,4.0,4.0,0.0,0.0,3206.75,0.26,0,3,15,3,25,6,0,0,0,1,0
844,15.55,151.16,4,25715.625,0.4205,0.8929374999999999,0.6025,1.0,5.0,5.0,0.0,0.0,3206.75,0.64,0,4,0,4,25,6,0,1,0,1,0
772,46.74,96.5,4,28800.0,1.0,1.0,1.0,1.0,4.0,4.0,0.0,0.0,3355.76,0.13,0,4,6,4,25,6,0,0,0,1,0
808,27.28,101.0,4,28800.0,0.6492,1.0,0.6492,1.0,4.0,4.0,0.0,0.0,3355.76,0.6,0,4,17,4,25,6,0,0,0,1,0
883,29.82,110.38,5,28800.0,0.8082,1.0,0.8082,1.0,2.0,2.0,0.0,0.0,3355.76,1.02,0,4,3,5,25,6,1,1,0,1,0
990,39.49,123.75,4,28800.0,1.0,1.0,1.0,1.0,4.0,4.0,0.0,0.0,3355.76,1.14,0,4,6,5,25,6,1,0,0,1,0
771,30.06,96.38,5,28800.0,0.6626,1.0,0.6626,1.0,5.0,5.0,0.0,0.0,3355.76,1.68,0,4,19,5,25,6,1,0,0,1,0
863,28.12,107.88,2,28800.0,0.6832,1.0,0.6832,1.0,6.0,6.0,0.0,0.0,3355.76,2.03,0,4,3,6,25,6,1,1,0,1,0
893,50.98,111.62,1,28800.0,0.5,1.0,1.0,1.0,2.0,1.0,0.0,0.0,3355.76,2.25,0,4,9,6,25,6,1,0,0,1,0
853,15.8,106.62,5,28800.0,0.4638,1.0,0.4638,1.0,5.0,5.0,0.0,0.0,3355.76,2.63,0,4,18,6,25,6,1,0,0,1,0
904,10.73,113.0,6,28800.0,0.2994,1.0,0.2994,1.0,5.0,5.0,0.0,0.0,3355.76,2.87,0,4,0,0,26,6,0,1,0,1,0
875,38.49,109.38,4,28800.0,1.0,1.0,1.0,1.0,4.0,4.0,0.0,0.0,3355.76,3.25,0,4,9,0,26,6,0,0,0,1,0
938,28.98,117.25,3,28800.0,0.7149,1.0,0.7149,1.0,3.0,3.0,0.0,0.0,3355.76,3.74,0,4,21,0,26,6,0,0,0,1,0
772,35.54,96.5,5,28800.0,0.8634,1.0,0.8634,1.0,5.0,5.0,0.0,0.0,3355.76,3.93,0,4,1,1,26,6,0,1,0,1,0
950,30.62,118.75,4,28800.0,0.8068,1.0,0.8068,1.0,4.0,4.0,0.0,0.0,3355.76,4.33,0,4,11,1,26,6,0,0,0,1,0
847,17.96,105.88,5,28800.0,0.5235,1.0,0.5235,1.0,5.0,5.0,0.0,0.0,3355.76,4.72,0,4,20,1,26,6,0,0,0,1,0
945,13.73,118.12,5,28800.0,0.381,1.0,0.381,1.0,5.0,5.0,0.0,0.0,3355.76,4.84,0,4,23,1,26,6,0,1,0,1,0
931,32.9,116.38,2,28800.0,0.834,1.0,0.834,1.0,2.0,2.0,0.0,0.0,3355.76,5.24,0,4,8,2,26,6,0,0,0,1,2
966,35.83,120.75,4,28800.0,1.0,1.0,1.0,1.0,4.0,4.0,0.0,0.0,3355.76,5.63,0,4,18,2,26,6,0,0,0,1,2
835,12.94,104.38,7,28800.0,0.3297,1.0,0.3297,1.0,4.0,4.0,0.0,0.0,3355.76,5.97,0,4,2,3,26,6,0,1,0,1,2
808,26.63,111.41,3,26109.0,0.4444,0.9066,0.6536,1.0,4.0,3.0,0.0,0.0,3355.76,6.16,0,4,7,3,26,6,0,0,0,1,2
871,34.25,113.63,4,27594.0,0.9581,0.9581,1.0,1.0,4.0,4.0,0.0,0.0,3371.71,6.67,1,4,19,3,26,6,0,0,0,1,0
717,40.36,97.81,4,26389.0,0.9163,0.9163,1.0,1.0,5.0,5.0,0.0,0.0,3371.71,6.98,1,5,2,4,26,6,0,1,0,1,0
859,16.21,115.12,4,26863.0,0.4378,0.9327,0.4694,1.0,4.0,4.0,0.0,0.0,3544.29,0.24,1,5,9,4,26,6,0,0,0,1,0
872,36.09,120.28,4,26100.0,0.6876,0.9062,0.9485,1.0,5.0,4.0,0.0,0.0,3544.29,0.63,1,5,18,4,26,6,0,0,0,1,0
881,51.33,114.66,5,27662.0,0.9605,0.9605,1.0,1.0,3.0,3.0,0.0,0.0,3544.29,0.9,1,5,1,5,26,6,1,1,0,1,0
884,31.02,110.5,2,28800.0,0.7385,1.0,0.7385,1.0,2.0,2.0,0.0,0.0,3544.29,1.23,1,5,9,5,26,6,1,0,0,1,0
910,14.69,113.75,3,28800.0,0.4515,1.0,0.4515,1.0,1.0,1.0,0.0,0.0,3544.29,2.03,1,5,4,6,26,6,1,1,0,1,0
901,10.77,112.62,5,28800.0,0.3335,1.0,0.3335,1.0,5.0,5.0,0.0,0.0,3544.29,2.4,1,5,13,6,26,6,1,0,0,1,0
965,32.98,120.62,3,28800.0,0.638,1.0,0.8507,1.0,4.0,3.0,0.0,0.0,3544.29,2.67,1,5,19,6,26,6,1,0,0,1,0
769,27.43,96.12,1,28800.0,0.5551,1.0,0.5551,1.0,5.0,5.0,0.0,0.0,3544.29,2.91,1,5,1,0,27,6,0,1,0,1,0
938,34.5,117.25,5,28800.0,1.0,1.0,1.0,1.0,5.0,5.0,0.0,0.0,3544.29,3.14,1,5,6,0,27,6,0,0,0,1,0
852,32.86,106.5,5,28800.0,0.7283,1.0,0.7283,1.0,5.0,5.0,0.0,0.0,3544.29,3.69,1,5,20,0,27,6,0,0,0,1,0
800,39.45,100.0,5,28800.0,0.915,1.0,0.915,1.0,3.0,2.0,0.0,0.0,3544.29,3.89,1,5,0,1,27,6,0,1,0,1,0
793,30.89,99.12,3,28800.0,0.8445,1.0,0.8445,1.0,3.0,3.0,0.0,0.0,3544.29,4.18,1,5,8,1,27,6,0,0,0,1,0
851,25.28,106.38,3,28800.0,0.669,1.0,0.669,1.0,3.0,3.0,0.0,0.0,3544.29,4.62,1,5,18,1,27,6,0,0,0,1,0
840,26.81,105.0,2,28800.0,0.421,1.0,0.6315,1.0,6.0,6.0,0.0,0.0,3544.29,4.96,1,5,2,2,27,7,0,1,0,1,0
851,33.94,106.38,1,28800.0,0.479,1.0,0.958,1.0,2.0,1.0,0.0,0.0,3544.29,5.11,1,5,6,2,27,7,0,0,0,1,0
776,20.81,97.0,3,28800.0,0.534,1.0,0.534,1.0,3.0,3.0,0.0,0.0,3544.29,5.52,1,5,16,2,27,7,0,0,0,1,0
807,17.82,100.88,6,28800.0,0.4769,1.0,0.4769,1.0,5.0,5.0,0.0,0.0,3544.29,5.93,1,5,1,3,27,7,0,1,0,1,0
688,28.7,86.0,3,28800.0,0.6438,1.0,0.6438,1.0,3.0,3.0,0.0,0.0,3544.29,6.11,1,5,6,3,27,7,0,0,0,1,0
822,20.68,102.75,3,28800.0,0.5346,1.0,0.5346,1.0,3.0,3.0,0.0,0.0,3544.29,6.48,0,5,15,3,27,7,0,0,0,1,2
872,17.24,109.0,5,28800.0,0.5026,1.0,0.5026,1.0,3.0,3.0,0.0,0.0,3544.29,6.9,0,5,1,4,27,7,0,1,0,1,2
966,34.7,173.66124,4,25715.625,0.5486,0.8929374999999999,1.0,1.0,4.0,4.0,0.0,0.0,3544.29,7.28,1,5,10,4,27,7,0,0,0,1,3
987,39.23,155.94,3,25715.625,0.7911,0.8929374999999999,1.0,1.0,3.0,3.0,0.0,0.0,3550.42,7.68,2,5,20,4,27,7,0,0,0,1,3
902,46.8,173.66124,3,25715.625,0.5432,0.8929374999999999,1.0,1.0,5.0,5.0,0.0,0.0,3556.7,8.0,3,5,3,5,27,7,1,1,0,1,3
719,26.48,89.88,4,28800.0,0.5128,1.0,0.5128,1.0,4.0,4.0,0.0,0.0,3556.7,8.14,3,5,6,5,27,7,1,0,0,1,0
768,11.38,96.0,6,28800.0,0.2461,1.0,0.2461,1.0,6.0,6.0,0.0,0.0,3639.13,8.72,3,5,20,5,27,7,1,0,0,1,0
772,18.7,96.5,5,28800.0,0.445,1.0,0.445,1.0,5.0,5.0,0.0,0.0,3639.13,8.78,3,5,22,5,27,7,1,1,0,1,0
874,26.4,109.25,3,28800.0,0.7044,1.0,0.7044,1.0,3.0,3.0,0.0,0.0,3639.13,9.25,3,4,9,6,27,7,1,0,0,1,0
783,21.25,97.88,2,28800.0,0.4513,1.0,0.4513,1.0,2.0,2.0,0.0,0.0,3639.13,9.51,3,4,15,6,27,7,1,0,0,1,0
837,36.68,104.62,4,28800.0,0.8501,1.0,0.8501,1.0,4.0,4.0,0.0,0.0,3639.13,9.84,3,4,23,6,27,7,1,1,0,1,0
918,25.02,114.75,2,28800.0,0.6155,1.0,0.6155,1.0,2.0,2.0,0.0,0.0,3639.13,10.35,3,4,11,0,28,7,0,0,0,1,0
940,38.61,117.5,5,28800.0,1.0,1.0,1.0,1.0,5.0,5.0,0.0,0.0,3639.13,10.45,3,4,14,0,28,7,0,0,0,1,0
993,8.82,124.12,5,28800.0,0.2827,1.0,0.2827,1.0,3.0,3.0,0.0,0.0,3639.13,10.87,3,4,0,1,28,7,0,1,0,1,3
916,43.18,126.67,1,26034.0,0.452,0.904,1.0,1.0,2.0,1.0,0.0,0.0,3639.13,11.22,3,4,8,1,28,7,0,0,0,1,3
910,32.7,126.38,3,25921.0,0.8,0.9,0.8889,1.0,3.0,3.0,0.0,0.0,3639.13,11.6,3,4,18,1,28,7,0,0,0,1,3
963,8.91,128.18,3,27047.0,0.2719,0.9391,0.2895,1.0,2.0,2.0,0.0,0.0,3873.7,12.0,4,4,3,2,28,7,0,1,0,1,0
1006,46.87,125.75,2,28800.0,1.0,1.0,1.0,1.0,2.0,2.0,0.0,0.0,3873.7,12.34,4,4,11,2,28,7,0,0,0,1,0
890,18.81,111.25,2,28800.0,0.4818,1.0,0.4818,1.0,2.0,2.0,0.0,0.0,3873.7,12.66,4,4,19,2,28,7,0,0,0,1,0
701,30.14,87.62,2,28800.0,0.6151,1.0,0.6151,1.0,5.0,5.0,0.0,0.0,3873.7,12.89,4,4,1,3,28,7,0,1,0,1,0
805,12.48,100.62,5,28800.0,0.3469,1.0,0.3469,1.0,5.0,5.0,0.0,0.0,3873.7,13.15,4,4,7,3,28,7,0,0,0,1,0
750,42.26,93.75,5,28800.0,1.0,1.0,1.0,1.0,5.0,5.0,0.0,0.0,3873.7,13.58,4,4,17,3,28,7,0,0,0,1,0
943,18.16,117.88,5,28800.0,0.5069,1.0,0.5069,1.0,2.0,2.0,0.0,0.0,3873.7,13.97,4,4,3,4,28,7,0,1,0,1,0
1049,13.55,131.12,5,28800.0,0.4065,1.0,0.4065,1.0,5.0,5.0,0.0,0.0,3873.7,14.22,3,4,8,4,28,7,0,0,0,1,0
884,29.09,110.5,5,28800.0,0.6934,1.0,0.6934,1.0,5.0,5.0,0.0,0.0,3873.7,14.58,2,4,17,4,28,7,0,0,0,1,0
800,10.91,100.0,2,28800.0,0.2553,1.0,0.2553,1.0,4.0,4.0,0.0,0.0,3873.7,15.08,1,4,5,5,28,7,1,1,0,1,0
803,38.47,100.38,2,28800.0,0.6086,1.0,0.9129,1.0,3.0,2.0,0.0,0.0,3873.7,15.28,1,4,10,5,28,7,1,0,0,1,0
846,51.58,105.75,5,28800.0,1.0,1.0,1.0,1.0,5.0,5.0,0.0,0.0,3873.7,15.72,1,4,20,5,28,7,1,0,0,1,0
771,24.12,96.38,4,28800.0,0.5105,1.0,0.5105,1.0,3.0,3.0,0.0,0.0,3873.7,16.09,1,4,5,6,28,7,1,1,0,1,0
874,11.51,109.25,4,28800.0,0.229,1.0,0.2862,1.0,5.0,4.0,0.0,0.0,3873.7,16.36,1,4,12,6,28,7,1,0,0,1,0
881,37.2,110.12,5,28800.0,1.0,1.0,1.0,1.0,5.0,5.0,0.0,0.0,3873.7,16.47,1,4,14,6,28,7,1,0,0,1,0
793,44.5,99.12,3,28800.0,1.0,1.0,1.0,1.0,2.0,2.0,0.0,0.0,3873.7,16.89,1,4,0,0,29,7,0,1,0,1,0
991,30.05,123.88,2,28800.0,0.9631,1.0,0.9631,1.0,2.0,2.0,0.0,0.0,3873.7,17.23,1,4,9,0,29,7,0,0,0,1,0
766,19.81,95.75,6,28800.0,0.5155,1.0,0.5155,1.0,6.0,6.0,0.0,0.0,3873.7,17.64,1,4,18,0,29,7,0,0,0,1,0
817,15.26,102.12,2,28800.0,0.364,1.0,0.364,1.0,5.0,5.0,0.0,0.0,3873.7,17.89,1,4,1,1,29,7,0,1,0,1,0
980,29.14,122.5,3,28800.0,0.8095,1.0,0.8095,1.0,3.0,3.0,0.0,0.0,3873.7,18.36,1,4,12,1,29,7,0,0,0,1,0
984,13.9,123.0,1,28800.0,0.1286,1.0,0.3857,1.0,3.0,1.0,0.0,0.0,3873.7,18.58,1,4,17,1,29,7,0,0,0,1,0
865,29.65,108.12,5,28800.0,0.7731,1.0,0.7731,1.0,5.0,5.0,0.0,0.0,3873.7,18.83,0,4,23,1,29,7,0,1,0,1,0
862,37.03,107.75,3,28800.0,0.8961,1.0,0.8961,1.0,3.0,3.0,0.0,0.0,3873.7,19.3,0,4,10,2,29,7,0,0,0,1,0
588,32.13,73.5,6,28800.0,0.4904,1.0,0.4904,1.0,6.0,6.0,0.0,0.0,3873.7,19.53,0,4,16,2,29,7,0,0,0,1,0
813,14.86,101.62,4,28800.0,0.315,1.0,0.315,1.0,4.0,3.0,0.0,0.0,3873.7,19.87,0,4,0,3,29,7,0,1,0,1,0
704,19.54,88.0,4,28800.0,0.3845,1.0,0.3845,1.0,4.0,4.0,0.0,0.0,3873.7,20.21,0,4,8,3,29,7,0,0,0,1,0
882,40.2,110.25,5,28800.0,0.9919,1.0,0.9919,1.0,5.0,5.0,0.0,0.0,3873.7,20.5,0,4,15,3,29,7,0,0,0,1,0
780,12.95,97.5,3,28800.0,0.2389,1.0,0.3185,1.0,5.0,5.0,0.0,0.0,3873.7,21.0,0,4,3,4,29,7,0,1,0,1,0
850,18.07,124.63,4,25715.625,0.4825,0.8929374999999999,0.566,1.0,4.0,4.0,0.0,0.0,3873.7,21.29,0,3,10,4,29,7,0,0,0,1,0
718,9.66,99.73,2,25919.0,0.2166,0.9,0.2407,1.0,2.0,2.0,0.0,0.0,3873.7,21.54,0,3,16,4,29,7,0,0,0,1,3
843,32.95,118.69,5,25715.625,0.7534,0.8929374999999999,0.8486,1.0,5.0,5.0,0.0,0.0,3888.99,0.21,0,4,2,5,29,7,1,1,0,1,3
771,32.74,101.12,3,27448.0,0.7036,0.9531,0.7382,1.0,3.0,3.0,0.0,0.0,3888.99,0.45,0,3,8,5,29,7,1,0,0,1,3
926,31.05,126.68,2,26316.0,0.9137,0.9137,1.0,1.0,2.0,2.0,0.0,0.0,3944.41,0.71,1,3,14,5,29,7,1,0,0,1,0
851,10.03,116.26,5,26351.0,0.2632,0.915,0.2877,1.0,2.0,2.0,0.0,0.0,3944.41,1.25,1,2,3,6,29,7,1,1,0,1,0
1049,38.03,131.12,4,28800.0,1.0,1.0,1.0,1.0,4.0,4.0,0.0,0.0,3944.41,1.39,1,2,6,6,29,7,1,0,0,1,0
856,44.36,107.0,2,28800.0,0.9808,1.0,0.9808,1.0,2.0,2.0,0.0,0.0,3944.41,1.92,1,2,19,6,29,7,1,0,0,1,0
763,22.7,95.38,2,28800.0,0.4761,1.0,0.4761,1.0,6.0,6.0,0.0,0.0,3944.41,2.23,1,2,3,0,30,7,0,1,0,1,2
1006,46.6,128.28,3,28233.0,0.9803,0.9803,1.0,1.0,3.0,3.0,0.0,0.0,3944.41,2.51,1,2,9,0,30,7,0,0,0,1,2
921,44.29,116.23,2,28526.0,0.9905,0.9905,1.0,1.0,2.0,2.0,0.0,0.0,3944.41,3.0,1,2,21,0,30,7,0,0,0,1,2
768,38.75,97.12,6,28468.0,0.7918,0.9885,0.801,1.0,3.0,3.0,0.0,0.0,4000.2,3.21,2,2,2,1,30,7,0,1,0,1,0
886,16.66,110.75,6,28800.0,0.5067,1.0,0.5067,1.0,6.0,6.0,0.0,0.0,4000.2,3.46,2,2,8,1,30,7,0,0,0,1,0
726,41.49,90.75,6,28800.0,0.9768,1.0,0.9768,1.0,6.0,6.0,0.0,0.0,4000.2,3.85,2,2,17,1,30,7,0,0,0,1,0
867,25.85,108.38,3,28800.0,0.6939,1.0,0.6939,1.0,3.0,3.0,0.0,0.0,4000.2,4.21,2,2,2,2,30,7,0,1,0,1,0
940,15.27,117.5,4,28800.0,0.4873,1.0,0.4873,1.0,4.0,4.0,0.0,0.0,4000.2,4.53,2,2,10,2,30,7,0,0,0,1,0
948,19.44,118.5,5,28800.0,0.501,1.0,0.501,1.0,5.0,5.0,0.0,0.0,4000.2,4.74,2,2,15,2,30,7,0,0,0,1,0
749,26.62,93.62,3,28800.0,0.5558,1.0,0.5558,1.0,3.0,3.0,0.0,0.0,4000.2,5.06,2,2,23,2,30,7,0,1,0,1,0
684,13.06,106.13,6,25715.625,0.2299,0.8929374999999999,0.2854,1.0,6.0,6.0,0.0,0.0,4000.2,5.39,2,3,6,3,30,7,0,0,0,1,0
942,34.86,162.87,4,25715.625,0.723,0.8929374999999999,1.0,1.0,4.0,4.0,0.0,0.0,4002.2,0.2,2,4,15,3,30,7,0,0,0,1,0
805,17.88,148.11,2,25715.625,0.4073,0.8929374999999999,0.5995,1.0,8.0,8.0,0.0,0.0,4112.07,0.52,2,4,4,4,30,7,0,1,0,1,0
785,15.59,98.12,2,28800.0,0.3492,1.0,0.3492,1.0,2.0,2.0,0.0,0.0,4112.07,0.89,2,4,13,4,30,7,0,0,0,1,0
791,26.92,98.88,6,28800.0,0.6073,1.0,0.6073,1.0,6.0,6.0,0.0,0.0,4112.07,1.17,2,4,20,4,30,7,0,0,0,1,0
1047,43.5,130.88,8,28800.0,1.0,1.0,1.0,1.0,3.0,3.0,0.0,0.0,4112.07,1.58,2,4,5,5,30,7,1,1,0,1,0
877,11.09,109.62,6,28800.0,0.2664,1.0,0.2664,1.0,6.0,6.0,0.0,0.0,4112.07,1.74,2,4,9,5,30,7,1,0,0,1,0
885,24.78,110.62,1,28800.0,0.3268,1.0,0.6536,1.0,2.0,1.0,0.0,0.0,4112.07,2.01,1,4,16,5,30,7,1,0,0,1,0
1049,40.82,131.12,3,28800.0,1.0,1.0,1.0,1.0,3.0,3.0,0.0,0.0,4112.07,2.25,1,4,22,5,30,7,1,1,0,1,0
907,25.71,113.38,3,28800.0,0.5027,1.0,0.6702,1.0,4.0,3.0,0.0,0.0,4112.07,2.69,1,3,8,6,30,7,1,0,0,1,0
934,27.31,116.75,2,28800.0,0.8286,1.0,0.8286,1.0,2.0,2.0,0.0,0.0,4112.07,3.22,1,3,21,6,30,7,1,0,0,1,0
818,12.07,102.25,4,28800.0,0.261,1.0,0.261,1.0,6.0,6.0,0.0,0.0,4112.07,3.55,1,3,5,0,31,7,0,1,0,1,0
1036,26.4,129.5,4,28800.0,0.7917,1.0,0.7917,1.0,4.0,4.0,0.0,0.0,4112.07,3.91,1,3,13,0,31,7,0,0,0,1,0
1040,38.92,130.0,5,28800.0,1.0,1.0,1.0,1.0,5.0,5.0,0.0,0.0,4112.07,4.04,1,3,16,0,31,7,0,0,0,1,0
688,36.57,86.0,6,28800.0,0.8731,1.0,0.8731,1.0,6.0,6.0,0.0,0.0,4112.07,4.27,0,3,22,0,31,7,0,1,0,1,0
987,22.0,125.12,5,28398.0,0.7186,0.986,0.7288,1.0,5.0,5.0,0.0,0.0,4201.66,0.17,0,4,10,1,31,7,0,0,0,1,0
748,48.53,94.71,6,28433.0,0.9873,0.9873,1.0,1.0,6.0,6.0,0.0,0.0,4201.66,0.58,0,4,20,1,31,7,0,0,0,1,0
836,28.9,107.23,4,28067.0,0.7089,0.9745,0.7274,1.0,6.0,6.0,0.0,0.0,4201.66,0.78,0,4,1,2,31,7,0,1,0,1,0
844,22.44,105.5,4,28800.0,0.6075,1.0,0.6075,1.0,4.0,4.0,0.0,0.0,4201.66,1.12,0,4,9,2,31,7,0,0,0,1,0
721,10.82,90.12,6,28800.0,0.2493,1.0,0.2493,1.0,6.0,6.0,0.0,0.0,4201.66,1.57,0,4,20,2,31,7,0,0,0,1,0
769,38.44,96.12,6,28800.0,0.875,1.0,0.875,1.0,5.0,5.0,0.0,0.0,4201.66,1.94,0,4,4,3,31,7,0,1,0,1,0
841,37.47,105.12,5,28800.0,0.6842,1.0,0.8211,1.0,6.0,5.0,0.0,0.0,4201.66,2.22,0,4,11,3,31,7,0,0,0,1,0
821,10.3,102.62,5,28800.0,0.2,1.0,0.24,1.0,6.0,5.0,0.0,0.0,4201.66,2.5,0,4,18,3,31,7,0,0,0,1,0
836,12.9,104.5,5,28800.0,0.3504,1.0,0.3504,1.0,2.0,2.0,0.0,0.0,4201.66,2.76,0,4,0,4,31,7,0,1,0,1,3
939,32.05,117.38,2,28800.0,0.6667,1.0,1.0,1.0,3.0,2.0,0.0,0.0,4201.66,3.09,0,4,8,4,31,7,0,0,0,1,3
769,32.96,96.12,2,28800.0,0.8795,1.0,0.8795,1.0,2.0,2.0,0.0,0.0,4201.66,3.52,0,4,18,4,31,7,0,0,0,1,3
805,19.54,100.62,2,28800.0,0.4151,1.0,0.4151,1.0,4.0,4.0,0.0,0.0,4201.66,3.9,0,4,4,5,31,8,1,1,0,1,0
931,18.99,116.38,4,28800.0,0.4852,1.0,0.4852,1.0,4.0,4.0,0.0,0.0,4201.66,4.86,0,4,3,6,31,8,1,1,0,1,0
806,29.07,100.75,5,28800.0,0.6203,1.0,0.7444,1.0,6.0,5.0,0.0,0.0,194.17,0.23,2,2,7,6,6,2,1,0,7,0,0
744,25.02,93.0,3,28800.0,0.4932,1.0,0.4932,1.0,3.0,3.0,0.0,0.0,194.17,0.73,2,2,19,6,6,2,1,0,7,0,3
846,41.79,105.75,4,28800.0,1.0,1.0,1.0,1.0,3.0,3.0,0.0,0.0,194.17,0.96,2,2,1,0,7,2,0,1,7,0,3
656,22.05,90.49,2,26099.0,0.3061,0.9062,0.5067,1.0,3.0,2.0,0.0,0.0,194.17,1.31,2,2,9,0,7,2,0,0,7,0,3
654,11.33,87.81,3,26813.0,0.2187,0.931,0.2349,1.0,3.0,3.0,0.0,0.0,194.17,1.51,2,2,14,0,7,2,0,0,7,0,3
839,42.17,113.07,3,26713.0,0.9275,0.9275,1.0,1.0,3.0,3.0,0.0,0.0,248.09,1.92,3,2,0,1,7,2,0,1,7,0,0
820,32.31,102.5,3,28800.0,0.7235,1.0,0.7235,1.0,3.0,3.0,0.0,0.0,248.09,2.48,2,2,13,1,7,2,0,0,7,0,0
760,17.96,95.0,2,28800.0,0.3861,1.0,0.3861,1.0,2.0,2.0,0.0,0.0,248.09,2.63,2,2,17,1,7,2,0,0,7,0,0
725,33.53,90.62,3,28800.0,0.8393,1.0,0.8393,1.0,8.0,7.0,0.0,0.0,248.09,3.09,2,2,4,2,7,2,0,1,7,0,3
864,11.4,115.84,3,26850.0,0.2745,0.9323,0.2944,1.0,3.0,3.0,0.0,0.0,248.09,3.29,2,2,9,2,7,2,0,0,7,0,3
713,11.87,94.96,6,27029.0,0.2869,0.9385,0.3057,1.0,6.0,6.0,0.0,0.0,248.09,3.56,2,2,15,2,7,2,0,0,7,0,3
638,10.78,83.65,7,27458.0,0.1511,0.9534,0.2038,1.0,0.0,0.0,0.0,0.0,248.09,3.94,3,2,0,3,7,2,0,1,7,0,0
890,44.12,111.25,4,28800.0,0.8,1.0,1.0,1.0,5.0,4.0,0.0,0.0,303.24,4.22,3,2,7,3,7,2,0,0,7,0,0
798,15.78,99.75,2,28800.0,0.3644,1.0,0.3644,1.0,2.0,2.0,0.0,0.0,303.24,4.5,3,2,14,3,7,2,0,0,7,0,0
785,38.78,98.12,0,28800.0,0.9824,1.0,1.0,1.0,7.0,7.0,0.0,0.0,303.24,5.07,3,2,3,4,7,2,0,1,7,0,0
623,34.32,77.88,2,28800.0,0.6431,1.0,0.6431,1.0,2.0,2.0,0.0,0.0,303.24,5.32,2,2,9,4,7,2,0,0,7,0,1
771,14.39,96.38,6,28800.0,0.3132,1.0,0.3132,1.0,6.0,6.0,0.0,0.0,303.24,5.77,2,2,20,4,7,2,0,0,7,0,1
743,46.82,92.88,7,28800.0,1.0,1.0,1.0,1.0,5.0,5.0,0.0,0.0,303.24,6.05,2,2,3,5,7,2,1,1,7,0,1
761,45.31,103.78,5,26397.0,0.9159,0.9166,0.9992,1.0,5.0,5.0,0.0,0.0,303.24,6.25,2,2,8,5,7,2,1,0,7,0,1
795,40.73,103.37,4,27686.0,0.904,0.9613,0.9404,1.0,4.0,4.0,0.0,0.0,324.63,6.67,3,2,18,5,7,2,1,0,7,0,3
711,18.6,92.42,5,27695.0,0.4327,0.9616,0.45,1.0,4.0,4.0,0.0,0.0,324.63,7.07,3,2,3,6,7,2,1,1,7,0,3
738,31.39,104.75,6,25715.625,0.6594,0.8929374999999999,0.7487,1.0,6.0,6.0,0.0,0.0,445.67,7.56,4,2,15,6,7,2,1,0,7,0,0
793,33.28,107.77,4,26490.0,0.8985,0.9198,0.9768,1.0,5.0,5.0,0.0,0.0,445.67,8.09,4,2,4,0,8,2,0,1,7,0,0
766,14.33,95.75,6,28800.0,0.3024,1.0,0.3024,1.0,6.0,6.0,0.0,0.0,445.67,8.24,4,2,7,0,8,2,0,0,7,0,0
838,19.64,104.75,4,28800.0,0.4737,1.0,0.4737,1.0,4.0,4.0,0.0,0.0,445.67,8.56,3,2,15,0,8,2,0,0,7,0,0
771,39.87,96.38,5,28800.0,0.8037,1.0,0.8037,1.0,5.0,5.0,0.0,0.0,445.67,9.07,3,2,3,1,8,2,0,1,7,0,0
851,14.23,106.38,3,28800.0,0.3312,1.0,0.3312,1.0,3.0,3.0,0.0,0.0,445.67,9.41,3,2,12,1,8,2,0,0,7,0,0
709,31.98,88.62,5,28800.0,0.4927,1.0,0.5913,1.0,6.0,5.0,0.0,0.0,445.67,9.7,3,2,18,1,8,2,0,0,7,0,0
750,11.7,93.75,5,28800.0,0.2299,1.0,0.2299,1.0,5.0,5.0,0.0,0.0,445.67,10.08,3,2,4,2,8,2,0,1,7,0,0
812,26.75,101.5,2,28800.0,0.6885,1.0,0.6885,1.0,2.0,2.0,0.0,0.0,445.67,10.24,3,2,8,2,8,2,0,0,7,0,0
796,39.6,99.5,5,28800.0,0.9856,1.0,0.9856,1.0,5.0,5.0,0.0,0.0,445.67,10.77,3,2,20,2,8,2,0,0,7,0,0
910,20.57,113.75,5,28800.0,0.5005,1.0,0.5005,1.0,6.0,5.0,0.0,0.0,445.67,11.05,2,2,3,3,8,2,0,1,7,0,0
830,41.12,103.75,3,28800.0,1.0,1.0,1.0,1.0,3.0,3.0,0.0,0.0,445.67,11.37,2,2,11,3,8,2,0,0,7,0,0
870,16.69,108.75,2,28800.0,0.4912,1.0,0.4912,1.0,2.0,2.0,0.0,0.0,445.67,11.7,2,2,18,3,8,2,0,0,7,0,0
730,21.65,91.25,5,28800.0,0.4455,1.0,0.5346,1.0,4.0,4.0,0.0,0.0,445.67,12.11,2,2,4,4,8,2,0,1,7,0,0
869,43.94,133.94,2,25715.625,0.811,0.8929374999999999,1.0,1.0,2.0,2.0,0.0,0.0,445.67,12.32,2,2,9,4,8,2,0,0,7,0,0
700,48.09,111.74,3,25715.625,0.7831,0.8929374999999999,1.0,1.0,3.0,3.0,0.0,0.0,455.16,0.22,2,3,18,4,8,2,0,0,7,0,0
891,42.61,128.55,4,25715.625,0.8664,0.8929374999999999,1.0,1.0,3.0,3.0,0.0,0.0,523.24,0.12,2,4,3,5,8,2,1,1,7,0,0
708,24.93,88.5,3,28800.0,0.5467,1.0,0.5467,1.0,3.0,3.0,0.0,0.0,523.24,0.26,2,4,6,5,8,2,1,0,7,0,0
667,41.43,83.38,5,28800.0,0.7925,1.0,0.7925,1.0,5.0,5.0,0.0,0.0,523.24,0.8,1,4,19,5,8,2,1,0,7,0,0
663,35.88,82.88,3,28800.0,0.6798,1.0,0.6798,1.0,5.0,5.0,0.0,0.0,523.24,1.2,1,4,5,6,8,2,1,1,7,0,0
534,13.32,66.75,3,28800.0,0.2073,1.0,0.2073,1.0,3.0,3.0,0.0,0.0,523.24,1.56,0,4,13,6,8,2,1,0,7,0,0
618,34.37,77.25,2,28800.0,0.6435,1.0,0.6435,1.0,2.0,2.0,0.0,0.0,523.24,1.87,0,4,21,6,8,2,1,0,7,0,0
765,30.26,95.62,5,28800.0,0.7669,1.0,0.7669,1.0,5.0,5.0,0.0,0.0,523.24,2.16,0,4,4,0,9,2,0,1,7,0,0
851,16.36,110.3,5,27775.0,0.308,0.9644,0.3833,1.0,6.0,5.0,0.0,0.0,523.24,2.49,0,4,12,0,9,2,0,0,7,0,0
876,8.46,112.26,5,28092.0,0.2546,0.9754,0.261,1.0,5.0,5.0,0.0,0.0,523.24,2.65,0,4,15,0,9,2,0,0,7,0,0
785,13.67,100.12,5,28225.0,0.3644,0.98,0.3718,1.0,5.0,5.0,0.0,0.0,560.38,0.1,0,5,23,0,9,2,0,1,7,0,0
738,24.69,92.25,5,28800.0,0.4439,1.0,0.5327,1.0,6.0,5.0,0.0,0.0,560.38,0.39,0,5,6,1,9,2,0,0,7,0,0
808,11.01,101.0,3,28800.0,0.2289,1.0,0.2289,1.0,3.0,3.0,0.0,0.0,560.38,0.81,0,5,16,1,9,2,0,0,7,0,2
673,8.84,84.12,3,28800.0,0.2033,1.0,0.2033,1.0,4.0,4.0,0.0,0.0,560.38,1.24,0,5,2,2,9,2,0,1,7,0,2
758,31.8,106.31,4,25715.625,0.8148,0.8929374999999999,0.9142,1.0,4.0,4.0,0.0,0.0,560.38,1.44,0,5,7,2,9,2,0,0,7,0,2
720,28.42,97.94,5,26465.0,0.5044,0.9189,0.6587,1.0,6.0,5.0,0.0,0.0,578.12,1.75,1,5,15,2,9,2,0,0,7,0,2
749,24.44,102.81,4,26226.0,0.4736,0.9106,0.5201,1.0,4.0,4.0,0.0,0.0,578.12,2.31,1,5,4,3,9,2,0,1,7,0,2
759,13.53,116.52,2,25715.625,0.2725,0.8929374999999999,0.3347,1.0,2.0,2.0,0.0,0.0,578.12,2.49,2,5,8,3,9,2,0,0,7,0,0
824,31.98,119.39,2,25715.625,0.7484,0.8929374999999999,0.8675,1.0,2.0,2.0,0.0,0.0,648.87,2.88,2,5,18,3,9,2,0,0,7,0,0
781,35.0,126.7,4,25715.625,0.7705,0.8929374999999999,1.0,1.0,7.0,7.0,0.0,0.0,648.87,3.23,2,5,2,4,9,2,0,1,7,0,0
800,51.26,100.0,5,28800.0,1.0,1.0,1.0,1.0,5.0,5.0,0.0,0.0,648.87,3.38,2,5,6,4,9,2,0,0,7,0,0
772,30.61,96.5,3,28800.0,0.7146,1.0,0.7146,1.0,3.0,3.0,0.0,0.0,648.87,3.96,2,5,20,4,9,2,0,0,7,0,0
799,25.22,99.88,7,28800.0,0.6531,1.0,0.6531,1.0,4.0,4.0,0.0,0.0,648.87,4.13,2,5,0,5,9,2,1,1,7,0,0
716,10.93,89.5,6,28800.0,0.2558,1.0,0.2558,1.0,6.0,6.0,0.0,0.0,648.87,4.86,2,5,17,5,9,2,1,0,7,0,0
740,34.27,92.5,4,28800.0,0.8091,1.0,0.8091,1.0,3.0,3.0,0.0,0.0,648.87,5.14,2,5,0,6,9,3,1,1,7,0,0
925,36.9,138.8,6,25715.625,0.833,0.8929374999999999,1.0,1.0,6.0,6.0,0.0,0.0,648.87,5.68,2,6,13,6,9,3,1,0,7,0,3
608,51.47,92.73,5,25715.625,0.8195,0.8929374999999999,1.0,1.0,5.0,5.0,0.0,0.0,662.76,0.1,2,6,17,6,9,3,1,0,7,0,3
822,11.66,127.87,3,25715.625,0.2911,0.8929374999999999,0.3623,1.0,6.0,6.0,0.0,0.0,662.76,0.51,2,6,2,0,10,3,0,1,7,0,3
813,22.49,111.48,4,26253.0,0.5598,0.9116,0.6141,1.0,4.0,4.0,0.0,0.0,679.54,0.66,3,6,6,0,10,3,0,0,7,0,1
778,37.35,123.51,3,25715.625,0.7874,0.8929374999999999,1.0,1.0,3.0,3.0,0.0,0.0,679.54,1.29,3,6,21,0,10,3,0,0,7,0,1
798,44.61,114.85,6,25715.625,0.8685,0.8929374999999999,1.0,1.0,2.0,2.0,0.0,0.0,689.44,1.46,4,6,1,1,10,3,0,1,7,0,3
782,13.34,126.22,2,25715.625,0.2311,0.8929374999999999,0.4477,1.0,3.0,2.0,0.0,0.0,689.44,1.81,4,5,10,1,10,3,0,0,7,0,3
789,43.7,131.1,5,25715.625,0.7523,0.8929374999999999,1.0,1.0,5.0,5.0,0.0,0.0,733.87,2.21,5,5,19,1,10,3,0,0,7,0,0
814,18.33,135.09,2,25715.625,0.472,0.8929374999999999,0.6266,1.0,2.0,2.0,0.0,0.0,733.87,2.4,5,5,0,2,10,3,0,1,7,0,0
830,14.92,103.75,2,28800.0,0.3677,1.0,0.3677,1.0,2.0,2.0,0.0,0.0,733.87,2.9,4,5,12,2,10,3,0,0,7,0,0
795,12.76,99.38,2,28800.0,0.3301,1.0,0.3301,1.0,2.0,2.0,0.0,0.0,733.87,3.02,4,5,15,2,10,3,0,0,7,0,0
828,12.11,103.5,2,28800.0,0.3427,1.0,0.3427,1.0,2.0,2.0,0.0,0.0,733.87,3.33,4,5,22,2,10,3,0,1,7,0,0
783,25.25,102.79,4,27423.0,0.6745,0.9522,0.7084,1.0,4.0,4.0,0.0,0.0,733.87,3.83,3,5,10,3,10,3,0,0,7,0,0
925,22.6,120.14,3,27717.0,0.609,0.9624,0.6328,1.0,3.0,3.0,0.0,0.0,775.82,0.17,3,6,16,3,10,3,0,0,7,0,0
888,24.78,118.8,5,26908.0,0.5496,0.9343,0.7059,1.0,4.0,4.0,0.0,0.0,775.82,0.53,3,6,1,4,10,3,0,1,7,0,0
726,30.3,90.75,4,28800.0,0.6804,1.0,0.6804,1.0,4.0,4.0,0.0,0.0,775.82,0.76,3,6,6,4,10,3,0,0,7,0,0
770,21.68,96.25,5,28800.0,0.4401,1.0,0.4401,1.0,5.0,5.0,0.0,0.0,775.82,1.06,3,6,14,4,10,3,0,0,7,0,0
693,38.26,86.62,4,28800.0,0.7945,1.0,0.7945,1.0,5.0,5.0,0.0,0.0,775.82,1.56,3,6,2,5,10,3,1,1,7,0,0
780,49.39,118.48,5,25715.625,0.823,0.8929374999999999,1.0,1.0,5.0,5.0,0.0,0.0,783.46,2.04,3,7,13,5,10,3,1,0,7,0,0
831,18.91,117.62,5,25715.625,0.4617,0.8929374999999999,0.5228,1.0,5.0,5.0,0.0,0.0,783.46,2.27,3,8,19,5,10,3,1,0,7,0,0
766,25.26,115.9,5,25715.625,0.5415,0.8929374999999999,0.6555,1.0,5.0,5.0,0.0,0.0,819.49,0.06,3,8,23,5,10,3,1,1,7,0,0
825,28.99,103.12,6,28800.0,0.6995,1.0,0.6995,1.0,6.0,6.0,0.0,0.0,819.49,0.49,3,8,9,6,10,3,1,0,7,0,0
807,35.88,100.88,3,28800.0,0.9765,1.0,0.9765,1.0,5.0,5.0,0.0,0.0,819.49,1.21,3,8,3,0,11,3,0,1,7,0,2
720,15.95,93.56,6,27705.0,0.37,0.962,0.3846,1.0,6.0,6.0,0.0,0.0,819.49,1.39,2,8,7,0,11,3,0,0,7,0,2
727,18.73,94.87,5,27586.0,0.3096,0.9578,0.3879,1.0,6.0,5.0,0.0,0.0,855.37,1.95,3,8,20,0,11,3,0,0,7,0,0
925,27.58,119.16,5,27946.0,0.7573,0.9703,0.7805,1.0,3.0,3.0,0.0,0.0,855.37,2.16,2,7,1,1,11,3,0,1,7,0,3
790,34.27,122.52,4,25715.625,0.806,0.8929374999999999,1.0,1.0,4.0,4.0,0.0,0.0,855.37,2.37,2,7,6,1,11,3,0,0,7,0,3
821,53.14,112.06,3,26374.0,0.9158,0.9158,1.0,1.0,3.0,3.0,0.0,0.0,855.37,2.82,1,7,17,1,11,3,0,0,7,0,3
745,41.44,110.58,3,25715.625,0.8353,0.8929374999999999,0.9918,1.0,3.0,3.0,0.0,0.0,855.37,3.0,1,7,22,1,11,3,0,1,7,0,3
692,11.38,90.86,3,27419.0,0.2631,0.952,0.2764,1.0,3.0,3.0,0.0,0.0,873.69,3.61,2,7,12,2,11,3,0,0,7,0,0
790,19.69,107.88,2,26363.0,0.4476,0.9154,0.489,1.0,2.0,2.0,0.0,0.0,873.69,3.87,2,7,18,2,11,3,0,0,7,0,0
875,31.47,119.2,0,26426.0,0.0,0.9176,0.7765,1.0,7.0,6.0,0.0,0.0,906.39,0.07,2,8,0,3,11,3,0,1,7,0,0
816,19.18,102.0,2,28800.0,0.4981,1.0,0.4981,1.0,2.0,2.0,0.0,0.0,906.39,0.48,2,8,10,3,11,3,0,0,7,0,0
785,35.86,98.12,3,28800.0,0.8897,1.0,0.8897,1.0,3.0,3.0,0.0,0.0,906.39,0.79,2,8,18,3,11,3,0,0,7,0,0
812,40.32,101.5,6,28800.0,0.8571,1.0,1.0,1.0,7.0,6.0,0.0,0.0,906.39,0.96,2,8,22,3,11,3,0,1,7,0,1
748,37.92,102.84,6,26185.0,0.8226,0.9092,0.9047,1.0,6.0,6.0,0.0,0.0,906.39,1.31,2,8,6,4,11,3,0,0,7,0,1
909,33.31,122.89,2,26628.0,0.9246,0.9246,1.0,1.0,2.0,2.0,0.0,0.0,916.7,1.63,2,8,14,4,11,3,0,0,7,0,1
802,25.43,107.22,2,26927.0,0.5619,0.935,0.601,1.0,2.0,2.0,0.0,0.0,999.42,2.0,3,8,23,4,11,3,0,1,7,0,0
700,18.06,87.5,6,28800.0,0.4343,1.0,0.4343,1.0,6.0,6.0,0.0,0.0,999.42,2.37,3,8,8,5,11,3,1,0,7,0,0
702,15.14,87.75,2,28800.0,0.2801,1.0,0.2801,1.0,2.0,2.0,0.0,0.0,999.42,2.65,3,8,14,5,11,3,1,0,7,0,0
743,8.73,92.88,5,28800.0,0.2229,1.0,0.2229,1.0,4.0,4.0,0.0,0.0,999.42,3.23,3,8,4,6,11,3,1,1,7,0,0
814,27.44,101.75,4,28800.0,0.6345,1.0,0.6345,1.0,4.0,4.0,0.0,0.0,999.42,3.44,3,8,9,6,11,3,1,0,7,0,0
745,33.46,93.12,3,28800.0,0.715,1.0,0.715,1.0,3.0,3.0,0.0,0.0,999.42,3.75,3,8,17,6,11,3,1,0,7,0,0
653,24.68,81.62,5,28800.0,0.3777,1.0,0.4532,1.0,6.0,5.0,0.0,0.0,999.42,4.4,3,8,8,0,12,3,0,0,7,0,0
536,28.31,67.0,5,28800.0,0.397,1.0,0.397,1.0,5.0,5.0,0.0,0.0,999.42,4.62,2,8,14,0,12,3,0,0,7,0,0
849,16.56,106.12,5,28800.0,0.4616,1.0,0.4616,1.0,5.0,5.0,0.0,0.0,999.42,5.21,2,8,4,1,12,3,0,1,7,0,0
605,37.69,86.81,6,25715.625,0.598,0.8929374999999999,0.6865,1.0,6.0,6.0,0.0,0.0,999.42,5.48,2,9,10,1,12,3,0,0,7,0,0
762,27.14,110.35,2,25715.625,0.5918,0.8929374999999999,0.6857,1.0,2.0,2.0,0.0,0.0,1092.92,0.37,2,9,19,1,12,3,0,0,7,0,0
715,36.53,111.7,5,25715.625,0.7215,0.8929374999999999,0.9017,1.0,8.0,8.0,0.0,0.0,1092.92,0.62,1,9,1,2,12,3,0,1,7,0,0
785,50.34,98.12,3,28800.0,0.75,1.0,1.0,1.0,4.0,3.0,0.0,0.0,1092.92,0.92,1,9,9,2,12,3,0,0,7,0,0
760,26.41,95.0,3,28800.0,0.612,1.0,0.612,1.0,3.0,3.0,0.0,0.0,1092.92,1.21,1,9,15,2,12,3,0,0,7,0,0
781,35.29,97.62,8,28800.0,0.7124,1.0,0.7124,1.0,2.0,2.0,0.0,0.0,1092.92,1.62,1,9,1,3,12,3,0,1,7,0,0
875,38.38,109.38,2,28800.0,0.9084,1.0,0.9084,1.0,2.0,2.0,0.0,0.0,1092.92,1.81,1,9,6,3,12,3,0,0,7,0,0
784,16.73,98.0,4,28800.0,0.4293,1.0,0.4293,1.0,4.0,4.0,0.0,0.0,1092.92,2.25,1,9,16,3,12,3,0,0,7,0,0
701,45.5,87.62,2,28800.0,0.9658,1.0,0.9658,1.0,4.0,3.0,0.0,0.0,1092.92,2.61,1,9,1,4,12,3,0,1,7,0,0
725,20.5,90.62,3,28800.0,0.4292,1.0,0.4292,1.0,3.0,3.0,0.0,0.0,1092.92,3.0,1,9,10,4,12,3,0,0,7,0,3
731,25.42,91.38,5,28800.0,0.6173,1.0,0.6173,1.0,5.0,5.0,0.0,0.0,1092.92,3.15,1,9,14,4,12,3,0,0,7,0,3
702,12.77,87.75,3,28800.0,0.2185,1.0,0.2913,1.0,1.0,1.0,0.0,0.0,1092.92,3.68,0,9,3,5,12,3,1,1,7,0,3
779,11.14,100.08,4,28022.0,0.2943,0.973,0.3025,1.0,4.0,4.0,0.0,0.0,1153.95,4.34,1,9,18,5,12,3,1,0,7,0,0
830,17.8,106.65,1,28017.0,0.4104,0.9728,0.4219,1.0,2.0,2.0,0.0,0.0,1153.95,4.76,1,9,5,6,12,3,1,1,7,0,0
837,28.84,104.62,4,28800.0,0.7266,1.0,0.7266,1.0,4.0,4.0,0.0,0.0,1153.95,4.87,1,9,7,6,12,3,1,0,7,0,0
703,29.03,87.88,6,28800.0,0.6412,1.0,0.6412,1.0,6.0,6.0,0.0,0.0,1153.95,5.21,1,8,15,6,12,3,1,0,7,0,0
714,11.7,89.25,2,28800.0,0.2881,1.0,0.2881,1.0,5.0,5.0,0.0,0.0,1153.95,5.77,1,7,5,0,13,3,0,1,7,0,0
728,14.7,115.69,5,25715.625,0.366,0.8929374999999999,0.4653,1.0,5.0,5.0,0.0,0.0,1153.95,6.12,1,7,13,0,13,3,0,0,7,0,0
763,43.72,111.47,4,25715.625,0.8556,0.8929374999999999,1.0,1.0,4.0,4.0,0.0,0.0,1153.95,6.27,1,7,17,0,13,3,0,0,7,0,0
674,19.89,116.38,5,25715.625,0.359,0.8929374999999999,0.4959,1.0,2.0,2.0,0.0,0.0,1153.95,6.64,1,8,2,1,13,3,0,1,7,0,0
767,32.36,95.88,6,28800.0,0.6394,1.0,0.6394,1.0,6.0,6.0,0.0,0.0,1238.09,0.28,1,8,9,1,13,3,0,0,7,0,0
790,50.7,98.75,4,28800.0,1.0,1.0,1.0,1.0,4.0,4.0,0.0,0.0,1238.09,0.61,1,8,17,1,13,3,0,0,7,0,0
849,43.45,106.12,2,28800.0,1.0,1.0,1.0,1.0,2.0,2.0,0.0,0.0,1238.09,0.82,1,8,22,1,13,3,0,1,7,0,0
755,12.77,94.38,2,28800.0,0.3211,1.0,0.3211,1.0,2.0,2.0,0.0,0.0,1238.09,1.23,1,8,8,2,13,3,0,0,7,0,0
917,39.32,114.62,4,28800.0,1.0,1.0,1.0,1.0,4.0,4.0,0.0,0.0,1238.09,1.49,1,8,14,2,13,3,0,0,7,0,0
854,40.02,106.75,7,28800.0,1.0,1.0,1.0,1.0,3.0,3.0,0.0,0.0,1238.09,1.91,1,7,0,3,13,3,0,1,7,0,0
879,19.51,109.88,6,28800.0,0.5665,1.0,0.5665,1.0,6.0,6.0,0.0,0.0,1238.09,2.33,1,7,10,3,13,3,0,0,7,0,0
852,18.32,106.5,4,28800.0,0.4018,1.0,0.5023,1.0,5.0,4.0,0.0,0.0,1238.09,2.77,1,7,21,3,13,3,0,0,7,0,0
843,37.14,105.38,3,28800.0,0.9776,1.0,0.9776,1.0,3.0,3.0,0.0,0.0,1238.09,2.89,1,7,0,4,13,3,0,1,7,0,0
754,25.61,100.01,4,27140.0,0.6464,0.9424,0.6859,1.0,4.0,4.0,0.0,0.0,1238.09,3.2,1,7,7,4,13,3,0,0,7,0,0
906,15.59,122.91,2,26537.0,0.4389,0.9214,0.4763,1.0,2.0,2.0,0.0,0.0,1238.09,3.52,1,7,15,4,13,3,0,0,7,0,0
828,18.13,114.11,3,26122.0,0.4387,0.907,0.4837,1.0,2.0,2.0,0.0,0.0,1274.58,0.29,1,8,5,5,13,3,1,1,7,0,0
667,18.35,83.38,5,28800.0,0.3111,1.0,0.3733,1.0,6.0,5.0,0.0,0.0,1274.58,0.5,0,8,10,5,13,3,1,0,7,0,0
793,27.39,99.12,3,28800.0,0.6539,1.0,0.6539,1.0,3.0,3.0,0.0,0.0,1274.58,0.95,0,8,20,5,13,3,1,0,7,0,0
708,24.12,88.5,2,28800.0,0.5371,1.0,0.5371,1.0,8.0,8.0,0.0,0.0,1274.58,1.11,0,8,0,6,13,3,1,1,7,0,0
634,18.14,83.41,4,27363.0,0.2536,0.9501,0.3336,1.0,5.0,4.0,0.0,0.0,1296.91,1.41,0,8,8,6,13,3,1,0,7,0,2
710,18.76,90.8,8,28151.0,0.3454,0.9775,0.3533,1.0,1.0,1.0,0.0,0.0,1296.91,2.23,0,8,3,0,14,3,0,1,7,0,2
794,33.43,105.83,2,27010.0,0.889,0.9378,0.948,1.0,2.0,2.0,0.0,0.0,1315.78,2.52,1,8,10,0,14,3,0,0,7,0,0
756,36.59,102.1,2,26655.0,0.829,0.9255,0.8957,1.0,2.0,2.0,0.0,0.0,1315.78,2.79,1,8,17,0,14,3,0,0,7,0,0
614,32.01,80.6,1,27423.0,0.5857,0.9522,0.6151,1.0,5.0,4.0,0.0,0.0,1315.78,3.13,1,8,1,1,14,3,0,1,7,0,0
869,16.2,114.08,3,27422.0,0.2921,0.9522,0.5112,1.0,5.0,3.0,0.0,0.0,1437.93,0.46,1,8,13,1,14,3,0,0,7,0,0
801,12.42,104.63,2,27560.0,0.3301,0.9569,0.345,1.0,2.0,2.0,0.0,0.0,1437.93,0.47,1,8,14,1,14,3,0,0,7,0,0
823,10.37,106.46,4,27830.0,0.1952,0.9663,0.2525,1.0,5.0,5.0,0.0,0.0,1437.93,1.12,1,8,5,2,14,4,0,1,7,0,0
678,11.04,84.75,2,28800.0,0.2253,1.0,0.2253,1.0,2.0,2.0,0.0,0.0,1437.93,1.28,1,8,9,2,14,4,0,0,7,0,0
721,17.99,90.12,2,28800.0,0.369,1.0,0.369,1.0,2.0,2.0,0.0,0.0,1437.93,1.57,1,8,16,2,14,4,0,0,7,0,0
694,29.0,86.75,5,28800.0,0.5352,1.0,0.5352,1.0,2.0,2.0,0.0,0.0,1437.93,1.96,1,8,1,3,14,4,0,1,7,0,0
586,24.13,73.25,2,28800.0,0.2501,1.0,0.3752,1.0,3.0,2.0,0.0,0.0,1437.93,2.38,1,8,11,3,14,4,0,0,7,0,0
684,19.86,85.5,2,28800.0,0.2647,1.0,0.3971,1.0,3.0,2.0,0.0,0.0,1437.93,2.71,1,8,19,3,14,4,0,0,7,0,0
782,22.99,97.75,2,28800.0,0.6063,1.0,0.6063,1.0,4.0,4.0,0.0,0.0,1437.93,2.91,1,8,0,4,14,4,0,1,7,0,0
673,29.39,84.12,6,28800.0,0.6237,1.0,0.6237,1.0,6.0,6.0,0.0,0.0,1437.93,3.33,1,8,10,4,14,4,0,0,7,0,0
875,15.41,109.38,5,28800.0,0.3868,1.0,0.3868,1.0,5.0,5.0,0.0,0.0,1437.93,3.48,1,8,14,4,14,4,0,0,7,0,0
893,36.39,111.62,4,28800.0,0.9659,1.0,0.9659,1.0,4.0,4.0,0.0,0.0,1437.93,3.97,1,8,2,5,14,4,1,1,7,0,0
793,43.95,99.12,5,28800.0,1.0,1.0,1.0,1.0,5.0,5.0,0.0,0.0,1437.93,4.26,1,8,9,5,14,4,1,0,7,0,0
777,25.52,97.12,4,28800.0,0.5126,1.0,0.5126,1.0,4.0,4.0,0.0,0.0,1437.93,4.9,1,7,0,6,14,4,1,1,7,0,0
722,21.69,111.08,2,25715.625,0.4442,0.8929374999999999,0.5467,1.0,2.0,2.0,0.0,0.0,1437.93,5.21,1,8,7,6,14,4,1,0,7,0,0
811,13.2,116.6,5,25715.625,0.3266,0.8929374999999999,0.3757,1.0,5.0,5.0,0.0,0.0,1461.33,0.38,1,8,17,6,14,4,1,0,7,0,0
720,17.97,105.35,2,25715.625,0.3473,0.8929374999999999,0.4065,1.0,2.0,2.0,0.0,0.0,1461.33,1.09,0,8,10,0,15,4,0,0,7,0,0
902,34.1,153.26,6,25715.625,0.7357,0.8929374999999999,1.0,1.0,6.0,6.0,0.0,0.0,1570.41,0.22,0,8,17,0,15,4,0,0,7,0,0
753,44.25,120.21,2,25715.625,0.783,0.8929374999999999,1.0,1.0,3.0,3.0,0.0,0.0,1570.41,0.74,0,7,5,1,15,4,0,1,7,0,0
807,52.31,100.88,5,28800.0,1.0,1.0,1.0,1.0,5.0,5.0,0.0,0.0,1570.41,0.92,0,7,10,1,15,4,0,0,7,0,0
697,28.95,87.12,5,28800.0,0.5905,1.0,0.5905,1.0,5.0,5.0,0.0,0.0,1570.41,1.33,0,7,20,1,15,4,0,0,7,0,0
735,12.35,91.88,3,28800.0,0.2715,1.0,0.2715,1.0,4.0,4.0,0.0,0.0,1570.41,1.5,0,7,0,2,15,4,0,1,7,0,0
813,15.14,101.62,4,28800.0,0.3554,1.0,0.3554,1.0,4.0,4.0,0.0,0.0,1570.41,1.89,0,7,9,2,15,4,0,0,7,0,0
882,10.22,110.25,2,28800.0,0.2481,1.0,0.2481,1.0,2.0,2.0,0.0,0.0,1570.41,2.16,0,7,15,2,15,4,0,0,7,0,0
644,43.15,80.5,4,28800.0,0.8148,1.0,0.8148,1.0,5.0,5.0,0.0,0.0,1570.41,2.54,0,7,0,3,15,4,0,1,7,0,0
678,32.19,84.75,4,28800.0,0.5958,1.0,0.5958,1.0,4.0,4.0,0.0,0.0,1570.41,2.78,0,7,6,3,15,4,0,0,7,0,0
730,35.47,91.25,3,28800.0,0.6925,1.0,0.6925,1.0,3.0,3.0,0.0,0.0,1570.41,3.23,0,7,17,3,15,4,0,0,7,0,0
885,28.04,110.62,5,28800.0,0.8318,1.0,0.8318,1.0,5.0,4.0,0.0,0.0,1570.41,3.57,0,7,1,4,15,4,0,1,7,0,1
719,34.08,89.88,5,28800.0,0.8121,1.0,0.8121,1.0,5.0,5.0,0.0,0.0,1570.41,3.89,0,7,9,4,15,4,0,0,7,0,1
723,39.9,90.38,2,28800.0,0.9065,1.0,0.9065,1.0,2.0,2.0,0.0,0.0,1570.41,4.25,0,7,18,4,15,4,0,0,7,0,1
806,34.81,100.75,4,28800.0,0.7545,1.0,0.9431,1.0,4.0,4.0,0.0,0.0,1570.41,4.53,0,6,0,5,15,4,1,1,7,0,1
721,41.69,92.28,5,28126.0,0.857,0.9766,0.8775,1.0,5.0,5.0,0.0,0.0,1656.61,5.05,1,6,13,5,15,4,1,0,7,0,0
813,14.14,106.01,4,27610.0,0.3918,0.9587,0.4087,1.0,4.0,4.0,0.0,0.0,1656.61,5.19,1,6,16,5,15,4,1,0,7,0,0
724,17.42,94.61,4,27550.0,0.4206,0.9566,0.4397,1.0,2.0,1.0,0.0,0.0,1656.61,5.58,1,6,1,6,15,4,1,1,7,0,0
630,30.46,78.75,5,28800.0,0.555,1.0,0.555,1.0,5.0,5.0,0.0,0.0,1656.61,5.87,1,6,8,6,15,4,1,0,7,0,0
911,17.89,113.88,6,28800.0,0.5621,1.0,0.5621,1.0,6.0,6.0,0.0,0.0,1656.61,6.15,1,6,15,6,15,4,1,0,7,0,0
703,43.1,87.88,1,28800.0,0.4531,1.0,0.9061,1.0,4.0,4.0,0.0,0.0,1656.61,6.63,1,6,3,0,16,4,0,1,7,0,0
736,17.73,92.0,3,28800.0,0.3562,1.0,0.3562,1.0,3.0,3.0,0.0,0.0,1656.61,6.78,1,6,6,0,16,4,0,0,7,0,0
839,16.7,104.88,3,28800.0,0.4408,1.0,0.4408,1.0,3.0,3.0,0.0,0.0,1656.61,7.23,1,6,17,0,16,4,0,0,7,0,0
633,42.74,104.55,3,25715.625,0.7568,0.8929374999999999,1.0,1.0,3.0,3.0,0.0,0.0,1656.61,7.82,1,6,7,1,16,4,0,0,7,0,0
820,11.23,131.23,6,25715.625,0.3086,0.8929374999999999,0.3951,1.0,6.0,6.0,0.0,0.0,1656.61,8.23,1,7,17,1,16,4,0,0,7,0,0
792,24.68,125.44,4,25715.625,0.5359,0.8929374999999999,0.8488,1.0,5.0,5.0,0.0,0.0,1721.7,0.22,1,7,1,2,16,4,0,1,7,0,0
823,11.95,102.88,3,28800.0,0.3166,1.0,0.3166,1.0,3.0,3.0,0.0,0.0,1721.7,0.42,1,7,6,2,16,4,0,0,7,0,0
697,37.63,87.12,5,28800.0,0.7333,1.0,0.7333,1.0,5.0,5.0,0.0,0.0,1721.7,1.04,1,7,21,2,16,4,0,0,7,0,0
860,31.95,107.5,5,28800.0,0.8794,1.0,0.8794,1.0,3.0,3.0,0.0,0.0,1721.7,1.23,1,7,1,3,16,4,0,1,7,0,0
671,12.29,83.88,5,28800.0,0.2213,1.0,0.2213,1.0,5.0,5.0,0.0,0.0,1721.7,1.64,1,6,11,3,16,4,0,0,7,0,0
688,25.44,86.0,2,28800.0,0.6053,1.0,0.6053,1.0,2.0,2.0,0.0,0.0,1721.7,1.99,1,6,20,3,16,4,0,0,7,0,0
773,42.66,96.62,3,28800.0,0.8484,1.0,0.8484,1.0,1.0,0.0,0.0,0.0,1721.7,2.23,1,6,1,4,16,4,0,1,7,0,0
802,36.91,126.0,3,25715.625,0.7956,0.8929374999999999,1.0,1.0,3.0,3.0,0.0,0.0,1721.7,2.72,1,7,13,4,16,4,0,0,7,0,2
847,19.11,123.55,4,25715.625,0.49,0.8929374999999999,0.5718,1.0,4.0,4.0,0.0,0.0,1734.09,0.19,1,7,21,4,16,4,0,0,7,0,2
892,42.11,124.8,0,25731.0,0.0,0.8934,1.0,1.0,3.0,3.0,0.0,0.0,1734.09,0.47,0,7,4,5,16,4,1,1,7,0,2
852,18.24,118.26,2,25935.0,0.4298,0.9005,0.4773,1.0,2.0,2.0,0.0,0.0,1912.62,0.76,1,7,11,5,16,4,1,0,7,0,0
761,11.46,102.4,4,26754.0,0.2473,0.929,0.2662,1.0,4.0,4.0,0.0,0.0,1912.62,0.95,1,7,15,5,16,4,1,0,7,0,0
603,29.39,79.86,3,27184.0,0.5211,0.9439,0.5521,1.0,3.0,3.0,0.0,0.0,1912.62,1.23,1,7,22,5,16,4,1,1,7,0,0
787,26.2,98.38,2,28800.0,0.6821,1.0,0.6821,1.0,2.0,2.0,0.0,0.0,1912.62,1.58,1,7,6,6,16,4,1,0,7,0,0
735,43.42,91.88,2,28800.0,0.917,1.0,0.917,1.0,2.0,2.0,0.0,0.0,1912.62,2.12,1,7,19,6,16,4,1,0,7,0,0
779,31.49,97.38,6,28800.0,0.6386,1.0,0.6386,1.0,4.0,3.0,0.0,0.0,1912.62,2.39,1,7,2,0,17,4,0,1,7,0,0
832,21.09,104.0,5,28800.0,0.4547,1.0,0.4547,1.0,5.0,5.0,0.0,0.0,1912.62,2.73,1,7,10,0,17,4,0,0,7,0,0
822,37.2,102.75,2,28800.0,0.8408,1.0,0.8408,1.0,2.0,2.0,0.0,0.0,1912.62,2.92,1,7,14,0,17,4,0,0,7,0,0
765,41.1,95.62,3,28800.0,0.6628,1.0,0.8837,1.0,4.0,3.0,0.0,0.0,1912.62,3.26,1,7,23,0,17,4,0,1,7,0,0
859,49.46,107.38,4,28800.0,0.8,1.0,1.0,1.0,5.0,4.0,0.0,0.0,1912.62,3.79,1,7,11,1,17,4,0,0,7,0,0
583,43.78,72.88,2,28800.0,0.7041,1.0,0.7041,1.0,2.0,2.0,0.0,0.0,1912.62,3.96,1,7,15,1,17,4,0,0,7,0,0
811,13.58,101.38,3,28800.0,0.2484,1.0,0.3312,1.0,4.0,4.0,0.0,0.0,1912.62,4.54,1,7,5,2,17,4,0,1,7,0,0
758,50.7,94.75,4,28800.0,0.9888,1.0,0.9888,1.0,4.0,4.0,0.0,0.0,1912.62,4.71,1,7,9,2,17,4,0,0,7,0,0
801,26.62,100.12,3,28800.0,0.5707,1.0,0.5707,1.0,3.0,3.0,0.0,0.0,1912.62,5.17,1,7,20,2,17,4,0,0,7,0,0
670,12.13,83.75,4,28800.0,0.2661,1.0,0.2661,1.0,3.0,2.0,0.0,0.0,1912.62,5.51,1,6,5,3,17,4,0,1,7,0,0
766,35.42,95.75,3,28800.0,0.9386,1.0,0.9386,1.0,3.0,3.0,0.0,0.0,1912.62,5.69,1,6,9,3,17,4,0,0,7,0,0
768,39.04,96.0,4,28800.0,1.0,1.0,1.0,1.0,4.0,4.0,0.0,0.0,1912.62,6.13,1,6,20,3,17,4,0,0,7,0,0
773,17.29,96.62,2,28800.0,0.3026,1.0,0.4539,1.0,3.0,2.0,0.0,0.0,1912.62,6.28,1,6,23,3,17,4,0,1,7,0,0
660,11.84,82.5,4,28800.0,0.253,1.0,0.253,1.0,4.0,4.0,0.0,0.0,1912.62,6.72,1,6,10,4,17,4,0,0,7,0,0
692,18.35,86.5,4,28800.0,0.3513,1.0,0.3513,1.0,4.0,4.0,0.0,0.0,1912.62,7.18,1,6,21,4,17,4,0,0,7,0,0
792,50.1,99.0,6,28800.0,1.0,1.0,1.0,1.0,5.0,5.0,0.0,0.0,1912.62,7.36,1,6,1,5,17,4,1,1,7,0,0
701,19.29,91.15,1,27686.0,0.1757,0.9613,0.3656,1.0,2.0,1.0,0.0,0.0,1912.62,7.58,0,6,6,5,17,4,1,0,7,0,0
650,38.94,85.34,4,27421.0,0.7563,0.9521,0.7943,1.0,4.0,4.0,0.0,0.0,1997.13,0.07,0,7,20,5,17,4,1,0,7,0,0
709,13.82,92.56,5,27575.0,0.2964,0.9575,0.3096,1.0,5.0,5.0,0.0,0.0,1997.13,0.16,0,7,22,5,17,4,1,1,7,0,0
585,18.82,73.12,4,28800.0,0.3394,1.0,0.3394,1.0,4.0,4.0,0.0,0.0,1997.13,0.62,0,7,9,6,17,4,1,0,7,0,0
850,32.96,106.25,5,28800.0,0.8618,1.0,0.8618,1.0,5.0,5.0,0.0,0.0,1997.13,0.82,0,7,14,6,17,4,1,0,7,0,0
755,24.18,94.38,5,28800.0,0.4873,1.0,0.4873,1.0,5.0,5.0,0.0,0.0,1997.13,1.22,0,6,23,6,17,4,1,1,7,0,0
740,14.44,92.5,6,28800.0,0.2775,1.0,0.2775,1.0,6.0,6.0,0.0,0.0,1997.13,1.58,0,6,8,0,18,4,0,0,7,0,0
687,29.78,85.88,2,28800.0,0.6877,1.0,0.6877,1.0,2.0,2.0,0.0,0.0,1997.13,1.99,0,6,18,0,18,4,0,0,7,0,0
672,46.92,84.0,4,28800.0,0.8687,1.0,0.8687,1.0,6.0,6.0,0.0,0.0,1997.13,2.39,0,6,3,1,18,4,0,1,7,0,0
757,18.83,94.62,4,28800.0,0.4058,1.0,0.4058,1.0,4.0,4.0,0.0,0.0,1997.13,2.78,0,6,13,1,18,4,0,0,7,0,2
881,29.86,110.12,3,28800.0,0.7014,1.0,0.7014,1.0,3.0,3.0,0.0,0.0,1997.13,2.91,0,6,16,1,18,4,0,0,7,0,2
770,14.58,96.25,6,28800.0,0.3019,1.0,0.3019,1.0,6.0,6.0,0.0,0.0,1997.13,3.18,0,6,22,1,18,4,0,1,7,0,2
692,21.03,102.19,2,25715.625,0.414,0.8929374999999999,0.4891,1.0,2.0,2.0,0.0,0.0,2031.98,3.74,1,6,12,2,18,4,0,0,7,0,0
677,32.58,103.42,6,25715.625,0.6225,0.8929374999999999,0.7607,1.0,6.0,6.0,0.0,0.0,2031.98,4.09,1,6,20,2,18,4,0,0,7,0,0
730,43.83,118.11,3,25715.625,0.7726,0.8929374999999999,1.0,1.0,5.0,5.0,0.0,0.0,2031.98,4.34,1,5,2,3,18,4,0,1,7,0,2
832,21.05,108.82,6,27525.0,0.4636,0.9557,0.4851,1.0,6.0,6.0,0.0,0.0,2031.98,4.76,1,5,12,3,18,4,0,0,7,0,2
642,51.61,83.79,1,27584.0,0.4414,0.9578,0.9217,1.0,2.0,1.0,0.0,0.0,2031.98,5.1,1,5,20,3,18,4,0,0,7,0,2
610,36.18,80.35,5,27329.0,0.6712,0.9489,0.7073,1.0,5.0,5.0,0.0,0.0,2049.16,5.19,2,5,23,3,18,4,0,1,7,0,0
727,15.75,90.88,3,28800.0,0.3855,1.0,0.3855,1.0,3.0,3.0,0.0,0.0,2049.16,5.51,2,5,6,4,18,5,0,0,7,0,0
814,19.56,101.75,6,28800.0,0.5022,1.0,0.5022,1.0,6.0,6.0,0.0,0.0,2049.16,6.1,2,6,20,4,18,5,0,0,7,0,0
696,19.16,87.0,5,28800.0,0.3884,1.0,0.3884,1.0,2.0,2.0,0.0,0.0,2120.73,6.46,2,6,5,5,18,5,1,1,7,0,0
721,40.33,90.12,2,28800.0,0.5556,1.0,0.8334,1.0,3.0,2.0,0.0,0.0,2120.73,6.5,2,6,6,5,18,5,1,0,7,0,0
730,8.95,91.25,4,28800.0,0.2114,1.0,0.2114,1.0,4.0,4.0,0.0,0.0,2120.73,6.91,2,6,16,5,18,5,1,0,7,0,0
733,37.14,91.62,2,28800.0,0.7564,1.0,0.7564,1.0,6.0,5.0,0.0,0.0,2120.73,7.38,2,6,3,6,18,5,1,1,7,0,0
699,38.79,87.38,5,28800.0,0.7146,1.0,0.8575,1.0,6.0,5.0,0.0,0.0,2120.73,7.72,2,6,11,6,18,5,1,0,7,0,0
818,41.82,102.25,2,28800.0,0.9007,1.0,0.9007,1.0,2.0,2.0,0.0,0.0,2120.73,7.97,2,6,17,6,18,5,1,0,7,0,0
821,30.92,102.62,5,28800.0,0.5528,1.0,0.6634,1.0,3.0,3.0,0.0,0.0,2120.73,8.38,2,6,3,0,19,5,0,1,7,0,0
726,29.38,113.69,3,25715.625,0.6751,0.8929374999999999,0.8458,1.0,3.0,3.0,0.0,0.0,2120.73,8.61,2,6,9,0,19,5,0,0,7,0,0
661,24.63,101.98,3,25715.625,0.3498,0.8929374999999999,0.5756,1.0,4.0,3.0,0.0,0.0,2120.73,8.81,2,6,14,0,19,5,0,0,7,0,0
663,31.3,90.57,3,26354.0,0.5459,0.9151,0.5965,1.0,4.0,3.0,0.0,0.0,2171.31,0.16,2,6,5,1,19,5,0,1,7,0,0
631,43.79,78.88,2,28800.0,0.8194,1.0,0.8194,1.0,2.0,2.0,0.0,0.0,2171.31,0.47,2,6,13,1,19,5,0,0,7,0,0
755,45.18,94.38,3,28800.0,0.75,1.0,1.0,1.0,4.0,3.0,0.0,0.0,2171.31,0.54,2,6,14,1,19,5,0,0,7,0,0
793,9.19,99.12,3,28800.0,0.1688,1.0,0.225,1.0,4.0,3.0,0.0,0.0,2171.31,0.91,2,6,23,1,19,5,0,1,7,0,0
706,13.29,88.25,2,28800.0,0.267,1.0,0.267,1.0,2.0,2.0,0.0,0.0,2171.31,1.24,1,5,7,2,19,5,0,0,7,0,0
735,31.66,91.88,2,28800.0,0.6901,1.0,0.6901,1.0,2.0,2.0,0.0,0.0,2171.31,1.54,1,5,14,2,19,5,0,0,7,0,0
724,19.0,90.5,2,28800.0,0.4241,1.0,0.4241,1.0,3.0,3.0,0.0,0.0,2171.31,2.09,1,5,3,3,19,5,0,1,7,0,0
862,24.01,125.01,2,25715.625,0.6836,0.8929374999999999,0.7931,1.0,2.0,2.0,0.0,0.0,2176.08,0.1,1,6,8,3,19,5,0,0,7,0,0
840,33.74,119.29,4,25715.625,0.8598,0.8929374999999999,0.9768,1.0,4.0,4.0,0.0,0.0,2336.61,0.61,2,6,20,3,19,5,0,0,7,0,0
705,8.45,104.02,3,25715.625,0.1961,0.8929374999999999,0.2315,1.0,4.0,4.0,0.0,0.0,2336.61,0.96,1,6,5,4,19,5,0,1,7,0,0
695,11.84,86.88,2,28800.0,0.2317,1.0,0.2317,1.0,2.0,2.0,0.0,0.0,2336.61,1.21,1,6,11,4,19,5,0,0,7,0,0
748,13.59,93.5,2,28800.0,0.2631,1.0,0.2631,1.0,2.0,2.0,0.0,0.0,2336.61,1.48,1,6,17,4,19,5,0,0,7,0,0
737,25.37,92.12,4,28800.0,0.6369,1.0,0.6369,1.0,4.0,4.0,0.0,0.0,2336.61,1.67,1,6,22,4,19,5,0,1,7,0,0
826,31.12,103.25,5,28800.0,0.7669,1.0,0.7669,1.0,5.0,5.0,0.0,0.0,2336.61,2.29,1,6,13,5,19,5,1,0,7,0,0
861,22.75,107.62,3,28800.0,0.6224,1.0,0.6224,1.0,3.0,3.0,0.0,0.0,2336.61,2.59,1,6,20,5,19,5,1,0,7,0,0
768,33.01,96.0,6,28800.0,0.7507,1.0,0.7507,1.0,6.0,6.0,0.0,0.0,2336.61,2.67,1,6,22,5,19,5,1,1,7,0,0
818,10.57,102.25,2,28800.0,0.2352,1.0,0.2352,1.0,2.0,2.0,0.0,0.0,2336.61,3.22,1,6,11,6,19,5,1,0,7,0,0
850,47.1,106.25,3,28800.0,1.0,1.0,1.0,1.0,3.0,3.0,0.0,0.0,2336.61,3.49,1,6,18,6,19,5,1,0,7,0,0
725,43.23,90.62,2,28800.0,0.8332,1.0,0.8332,1.0,2.0,2.0,0.0,0.0,2336.61,3.73,1,6,23,6,19,5,1,1,7,0,0
925,20.91,115.62,2,28800.0,0.5486,1.0,0.5486,1.0,2.0,2.0,0.0,0.0,2336.61,4.0,1,6,6,0,20,5,0,0,7,0,0
921,39.58,115.12,4,28800.0,0.9635,1.0,0.9635,1.0,4.0,4.0,0.0,0.0,2336.61,4.63,1,6,21,0,20,5,0,0,7,0,0
692,36.47,86.5,3,28800.0,0.6504,1.0,0.6504,1.0,3.0,3.0,0.0,0.0,2336.61,4.66,1,6,22,0,20,5,0,1,7,0,0
824,19.81,103.0,2,28800.0,0.4583,1.0,0.4583,1.0,2.0,2.0,0.0,0.0,2336.61,5.21,1,6,11,1,20,5,0,0,7,0,0
746,32.22,93.25,5,28800.0,0.7465,1.0,0.7465,1.0,5.0,5.0,0.0,0.0,2336.61,5.46,1,6,17,1,20,5,0,0,7,0,0
755,14.84,94.38,2,28800.0,0.3418,1.0,0.3418,1.0,2.0,2.0,0.0,0.0,2336.61,5.95,1,6,5,2,20,5,0,1,7,0,0
819,20.42,102.38,4,28800.0,0.4084,1.0,0.5105,1.0,5.0,4.0,0.0,0.0,2336.61,6.3,1,6,13,2,20,5,0,0,7,0,0
733,21.7,91.62,2,28800.0,0.4953,1.0,0.4953,1.0,2.0,2.0,0.0,0.0,2336.61,6.59,1,6,20,2,20,5,0,0,7,0,0
795,45.05,99.38,2,28800.0,1.0,1.0,1.0,1.0,4.0,4.0,0.0,0.0,2336.61,6.78,1,6,1,3,20,5,0,1,7,0,0
857,29.99,124.46,5,25715.625,0.7978,0.8929374999999999,0.9269,1.0,5.0,5.0,0.0,0.0,2416.08,0.15,1,7,10,3,20,5,0,0,7,0,0
721,49.35,96.72,4,26835.0,0.9318,0.9318,1.0,1.0,4.0,4.0,0.0,0.0,2416.08,0.52,0,6,19,3,20,5,0,0,7,0,0
856,50.62,118.05,4,26104.0,0.9064,0.9064,1.0,1.0,3.0,3.0,0.0,0.0,2416.08,0.88,0,6,3,4,20,5,0,1,7,0,0
768,28.16,96.0,3,28800.0,0.6627,1.0,0.6627,1.0,3.0,3.0,0.0,0.0,2416.08,1.06,0,6,8,4,20,5,0,0,7,0,0
705,20.65,88.12,2,28800.0,0.424,1.0,0.424,1.0,2.0,2.0,0.0,0.0,2416.08,1.35,0,6,15,4,20,5,0,0,7,0,0
812,25.4,101.5,3,28800.0,0.6834,1.0,0.6834,1.0,3.0,3.0,0.0,0.0,2416.08,1.81,0,6,2,5,20,5,1,1,7,0,0
723,9.88,90.38,4,28800.0,0.2111,1.0,0.2111,1.0,4.0,4.0,0.0,0.0,2416.08,2.16,0,6,10,5,20,5,1,0,7,0,0
756,35.68,94.5,5,28800.0,0.7056,1.0,0.7056,1.0,5.0,5.0,0.0,0.0,2416.08,2.42,0,6,16,5,20,5,1,0,7,0,0
678,21.48,84.75,3,28800.0,0.3748,1.0,0.3748,1.0,3.0,3.0,0.0,0.0,2416.08,2.67,0,6,22,5,20,5,1,1,7,0,0
653,46.29,104.89,6,25715.625,0.7782,0.8929374999999999,1.0,1.0,6.0,6.0,0.0,0.0,2416.08,3.17,0,6,10,6,20,5,1,0,7,0,0
707,53.66,108.18,5,25715.625,0.8169,0.8929374999999999,1.0,1.0,5.0,5.0,0.0,0.0,2433.72,0.14,0,6,21,6,20,5,1,0,7,0,2
758,21.32,121.65,5,25715.625,0.5609,0.8929374999999999,0.7201,1.0,8.0,8.0,0.0,0.0,2433.72,0.42,0,6,4,0,21,5,0,1,7,0,2
750,24.5,105.5,3,25715.625,0.475,0.8929374999999999,0.7127,1.0,4.0,3.0,0.0,0.0,2433.72,0.7,0,6,11,0,21,5,0,0,7,0,2
739,20.65,102.17,5,26040.0,0.4762,0.9042,0.5267,1.0,5.0,5.0,0.0,0.0,2454.78,0.83,1,6,14,0,21,5,0,0,7,0,0
698,26.25,91.4,8,27493.0,0.5147,0.9546,0.5392,1.0,1.0,0.0,0.0,0.0,2454.78,1.28,1,6,0,1,21,5,0,1,7,0,0
729,35.41,131.17,6,25715.625,0.6947,0.8929374999999999,1.0,1.0,6.0,6.0,0.0,0.0,2454.78,1.56,1,6,7,1,21,5,0,0,7,0,0
718,23.19,129.82,3,25715.625,0.4952,0.8929374999999999,0.7162,1.0,3.0,3.0,0.0,0.0,2456.78,1.94,2,7,16,1,21,5,0,0,7,0,0
773,29.41,111.61,0,25715.625,0.0,0.8929374999999999,0.7788,1.0,1.0,0.0,0.0,0.0,2646.9,0.2,2,7,23,1,21,5,0,1,7,0,0
789,28.62,98.62,5,28800.0,0.6507,1.0,0.6507,1.0,5.0,5.0,0.0,0.0,2646.9,0.51,2,7,6,2,21,5,0,0,7,0,0
789,47.77,98.62,6,28800.0,1.0,1.0,1.0,1.0,6.0,6.0,0.0,0.0,2646.9,0.9,2,7,15,2,21,5,0,0,7,0,0
787,16.27,98.38,5,28800.0,0.3569,1.0,0.3569,1.0,5.0,5.0,0.0,0.0,2646.9,1.42,2,7,4,3,21,5,0,1,7,0,0
777,11.18,97.12,4,28800.0,0.2342,1.0,0.2342,1.0,4.0,4.0,0.0,0.0,2646.9,1.72,2,7,11,3,21,5,0,0,7,0,0
847,11.49,105.88,3,28800.0,0.3006,1.0,0.3006,1.0,3.0,3.0,0.0,0.0,2646.9,2.09,2,7,20,3,21,5,0,0,7,0,0
925,16.91,115.62,5,28800.0,0.4519,1.0,0.4519,1.0,4.0,4.0,0.0,0.0,2646.9,2.28,2,7,1,4,21,5,0,1,7,0,0
732,17.5,91.5,4,28800.0,0.3209,1.0,0.4011,1.0,5.0,4.0,0.0,0.0,2646.9,2.77,2,7,12,4,21,5,0,0,7,0,0
735,27.05,91.88,6,28800.0,0.6194,1.0,0.6194,1.0,6.0,6.0,0.0,0.0,2646.9,2.96,2,7,17,4,21,5,0,0,7,0,0
690,16.74,86.25,4,28800.0,0.3208,1.0,0.3208,1.0,3.0,3.0,0.0,0.0,2646.9,3.38,2,7,3,5,21,5,1,1,7,0,0
722,35.87,90.25,5,28800.0,0.7355,1.0,0.7355,1.0,5.0,5.0,0.0,0.0,2646.9,3.69,2,7,10,5,21,5,1,0,7,0,0
925,42.78,115.62,2,28800.0,1.0,1.0,1.0,1.0,2.0,2.0,0.0,0.0,2646.9,4.07,2,7,20,5,21,5,1,0,7,0,0
590,27.91,73.75,3,28800.0,0.515,1.0,0.515,1.0,2.0,2.0,0.0,0.0,2646.9,4.27,2,7,0,6,21,5,1,1,7,0,0
792,40.48,99.0,4,28800.0,1.0,1.0,1.0,1.0,4.0,4.0,0.0,0.0,2646.9,4.76,2,7,12,6,21,5,1,0,7,0,0
747,36.22,93.38,3,28800.0,0.8251,1.0,0.8251,1.0,3.0,3.0,0.0,0.0,2646.9,5.1,2,7,20,6,21,5,1,0,7,0,0
652,34.39,81.5,2,28800.0,0.6269,1.0,0.6269,1.0,2.0,2.0,0.0,0.0,2646.9,5.42,2,7,4,0,22,5,0,1,7,0,0
813,22.52,101.62,2,28800.0,0.4235,1.0,0.6352,1.0,3.0,2.0,0.0,0.0,2646.9,5.51,2,7,6,0,22,5,0,0,7,0,0
703,26.76,87.88,5,28800.0,0.5377,1.0,0.5377,1.0,5.0,5.0,0.0,0.0,2646.9,6.15,1,6,21,0,22,5,0,0,7,0,0
925,24.46,115.62,2,28800.0,0.5935,1.0,0.5935,1.0,5.0,4.0,0.0,0.0,2646.9,6.39,1,6,3,1,22,5,0,1,7,0,0
751,36.85,93.88,6,28800.0,0.8065,1.0,0.8065,1.0,6.0,6.0,0.0,0.0,2646.9,6.61,1,6,8,1,22,5,0,0,7,0,0
773,11.96,96.62,5,28800.0,0.2582,1.0,0.2582,1.0,5.0,5.0,0.0,0.0,2646.9,6.99,0,6,17,1,22,5,0,0,7,0,0
742,20.86,92.75,4,28800.0,0.4054,1.0,0.5068,1.0,4.0,4.0,0.0,0.0,2646.9,7.33,0,6,2,2,22,5,0,1,7,0,0
653,35.78,102.6,5,25715.625,0.6101,0.8929374999999999,0.9203,1.0,6.0,5.0,0.0,0.0,2646.9,7.76,0,6,12,2,22,5,0,0,7,0,0
710,23.59,116.73,4,25715.625,0.5382,0.8929374999999999,0.7079,1.0,4.0,4.0,0.0,0.0,2646.9,7.96,0,7,17,2,22,5,0,0,7,0,0
743,32.0,107.4,4,25715.625,0.7817,0.8929374999999999,0.904,1.0,4.0,3.0,0.0,0.0,2722.01,0.19,0,7,1,3,22,5,0,1,7,0,0
712,17.27,89.0,6,28800.0,0.4116,1.0,0.4116,1.0,6.0,6.0,0.0,0.0,2722.01,0.64,0,7,12,3,22,5,0,0,7,0,0
925,37.09,115.62,3,28800.0,0.9607,1.0,0.9607,1.0,3.0,3.0,0.0,0.0,2722.01,0.95,0,7,19,3,22,5,0,0,7,0,0
819,28.98,102.38,3,28800.0,0.4598,1.0,0.6131,1.0,2.0,2.0,0.0,0.0,2722.01,1.14,0,7,0,4,22,5,0,1,7,0,0
763,18.39,95.38,3,28800.0,0.4517,1.0,0.4517,1.0,3.0,3.0,0.0,0.0,2722.01,1.64,0,7,12,4,22,5,0,0,7,0,0
671,19.01,83.88,6,28800.0,0.3872,1.0,0.3872,1.0,6.0,6.0,0.0,0.0,2722.01,1.73,0,7,14,4,22,5,0,0,7,0,0
705,11.13,88.12,2,28800.0,0.2091,1.0,0.2091,1.0,5.0,5.0,0.0,0.0,2722.01,2.34,0,7,5,5,22,5,1,1,7,0,1
764,24.03,95.5,3,28800.0,0.5239,1.0,0.5239,1.0,3.0,3.0,0.0,0.0,2722.01,2.69,0,7,13,5,22,5,1,0,7,0,1
772,49.75,96.5,6,28800.0,1.0,1.0,1.0,1.0,6.0,6.0,0.0,0.0,2722.01,2.72,0,7,14,5,22,5,1,0,7,0,1
807,33.93,100.88,5,28800.0,0.7255,1.0,0.7255,1.0,2.0,2.0,0.0,0.0,2722.01,3.19,1,7,1,6,22,5,1,1,7,0,0
769,11.62,109.94,2,25715.625,0.3033,0.8929374999999999,0.3469,1.0,4.0,4.0,0.0,0.0,2746.09,4.28,2,6,3,0,23,6,0,1,7,0,0
870,47.94,116.74,3,26828.0,0.9315,0.9315,1.0,1.0,3.0,3.0,0.0,0.0,2883.91,4.58,2,6,10,0,23,6,0,0,7,0,0
707,11.58,96.12,5,26479.0,0.2234,0.9194,0.243,1.0,5.0,5.0,0.0,0.0,2883.91,4.9,2,6,18,0,23,6,0,0,7,0,0
710,20.5,99.52,4,25715.625,0.4751,0.8929374999999999,0.5327,1.0,5.0,5.0,0.0,0.0,2883.91,5.28,2,6,3,1,23,6,0,1,7,0,0
788,49.88,98.5,2,28800.0,1.0,1.0,1.0,1.0,2.0,2.0,0.0,0.0,2883.91,5.5,2,6,8,1,23,6,0,0,7,0,0
765,34.22,95.62,4,28800.0,0.7562,1.0,0.7562,1.0,4.0,4.0,0.0,0.0,2883.91,5.96,2,6,20,1,23,6,0,0,7,0,0
734,24.28,91.75,5,28800.0,0.5067,1.0,0.5067,1.0,4.0,4.0,0.0,0.0,2883.91,6.16,2,6,0,2,23,6,0,1,7,0,0
765,29.65,95.62,3,28800.0,0.7145,1.0,0.7145,1.0,3.0,3.0,0.0,0.0,2883.91,6.7,2,6,13,2,23,6,0,0,7,0,0
675,44.45,84.38,2,28800.0,0.8386,1.0,0.8386,1.0,2.0,2.0,0.0,0.0,2883.91,7.02,2,6,21,2,23,6,0,0,7,0,0
800,37.74,100.0,4,28800.0,0.9869,1.0,0.9869,1.0,1.0,1.0,0.0,0.0,2883.91,7.17,2,5,1,3,23,6,0,1,7,0,0
788,27.03,98.5,4,28800.0,0.7385,1.0,0.7385,1.0,4.0,4.0,0.0,0.0,2883.91,7.54,2,5,9,3,23,6,0,0,7,0,0
718,35.24,89.75,4,28800.0,0.8132,1.0,0.8132,1.0,4.0,4.0,0.0,0.0,2883.91,7.93,2,5,19,3,23,6,0,0,7,0,0
672,42.02,84.0,1,28800.0,0.8976,1.0,0.8976,1.0,3.0,3.0,0.0,0.0,2883.91,8.19,2,5,1,4,23,6,0,1,7,0,0
778,22.11,97.25,3,28800.0,0.4394,1.0,0.5859,1.0,4.0,3.0,0.0,0.0,2883.91,8.59,2,5,11,4,23,6,0,0,7,0,0
780,12.03,97.5,4,28800.0,0.3009,1.0,0.3009,1.0,4.0,4.0,0.0,0.0,2883.91,9.0,2,5,21,4,23,6,0,0,7,0,0
749,27.84,93.62,3,28800.0,0.6759,1.0,0.6759,1.0,6.0,6.0,0.0,0.0,2883.91,9.19,2,5,1,5,23,6,1,1,7,0,3
756,20.74,107.61,6,25715.625,0.4825,0.8929374999999999,0.5494,1.0,6.0,6.0,0.0,0.0,2883.91,9.48,2,4,8,5,23,6,1,0,7,0,3
758,35.21,118.72,4,25715.625,0.7981,0.8929374999999999,1.0,1.0,4.0,4.0,0.0,0.0,2883.91,9.76,2,4,15,5,23,6,1,0,7,0,3
699,23.7,104.87,6,25715.625,0.5619,0.8929374999999999,0.6744,1.0,3.0,3.0,0.0,0.0,2885.91,10.27,2,4,3,6,23,6,1,1,7,0,0
759,35.84,105.05,2,26011.0,0.7013,0.9032,0.7765,1.0,2.0,2.0,0.0,0.0,2905.99,0.24,2,5,12,6,23,6,1,0,7,0,0
702,36.55,98.51,3,25715.625,0.7215,0.8929374999999999,0.81,1.0,3.0,3.0,0.0,0.0,2905.99,0.68,2,5,23,6,23,6,1,1,7,0,3
636,48.26,93.91,4,25715.625,0.793,0.8929374999999999,0.9367,1.0,4.0,4.0,0.0,0.0,2923.78,0.29,1,6,11,0,24,6,0,0,7,0,3
805,18.79,126.94,4,25715.625,0.405,0.8929374999999999,0.5109,1.0,4.0,4.0,0.0,0.0,2923.78,0.69,1,6,20,0,24,6,0,0,7,0,3
865,24.12,124.41,4,25715.625,0.6887,0.8929374999999999,0.7924,1.0,7.0,7.0,0.0,0.0,2923.78,0.88,2,6,1,1,24,6,0,1,7,0,0
770,18.8,96.25,6,28800.0,0.451,1.0,0.451,1.0,6.0,6.0,0.0,0.0,2969.05,1.38,2,6,13,1,24,6,0,0,7,0,0
732,11.95,91.5,3,28800.0,0.1861,1.0,0.2481,1.0,4.0,3.0,0.0,0.0,2969.05,1.6,2,6,18,1,24,6,0,0,7,0,0
821,44.02,102.62,7,28800.0,0.9909,1.0,0.9909,1.0,4.0,4.0,0.0,0.0,2969.05,2.01,2,6,4,2,24,6,0,1,7,0,2
745,29.53,113.61,5,25715.625,0.6998,0.8929374999999999,0.8537,1.0,5.0,5.0,0.0,0.0,2969.05,2.21,2,6,9,2,24,6,0,0,7,0,2
665,14.88,94.68,6,25715.625,0.3417,0.8929374999999999,0.3892,1.0,6.0,6.0,0.0,0.0,2969.05,2.63,2,6,19,2,24,6,0,0,7,0,2
814,36.84,122.39,4,25715.625,0.8314,0.8929374999999999,1.0,1.0,4.0,4.0,0.0,0.0,2990.23,3.06,3,6,5,3,24,6,0,1,7,0,0
810,22.68,101.25,4,28800.0,0.4084,1.0,0.5105,1.0,5.0,4.0,0.0,0.0,2990.23,3.17,3,6,8,3,24,6,0,0,7,0,0
838,43.67,104.75,3,28800.0,1.0,1.0,1.0,1.0,3.0,3.0,0.0,0.0,2990.23,3.65,3,6,19,3,24,6,0,0,7,0,0
878,16.98,109.75,4,28800.0,0.4049,1.0,0.4049,1.0,3.0,3.0,0.0,0.0,2990.23,3.83,3,7,0,4,24,6,0,1,7,0,0
829,27.85,105.53,2,28281.0,0.5302,0.982,0.8099,1.0,3.0,2.0,0.0,0.0,3026.77,0.4,3,7,10,4,24,6,0,0,7,0,0
801,13.88,102.14,2,28232.0,0.2907,0.9803,0.2965,1.0,2.0,2.0,0.0,0.0,3026.77,0.79,3,7,19,4,24,6,0,0,7,0,3
783,18.92,99.23,3,28408.0,0.407,0.9864,0.4126,1.0,3.0,3.0,0.0,0.0,3026.77,0.99,3,7,0,5,24,6,1,1,7,0,3
746,39.61,106.72,2,25715.625,0.8738,0.8929374999999999,1.0,1.0,2.0,2.0,0.0,0.0,3026.77,1.38,3,6,9,5,24,6,1,0,7,0,3
664,16.22,92.21,2,25924.0,0.3587,0.9001,0.3985,1.0,2.0,2.0,0.0,0.0,3211.85,1.73,4,6,18,5,24,6,1,0,7,0,0
767,28.29,110.94,3,25715.625,0.6021,0.8929374999999999,0.6967,1.0,3.0,3.0,0.0,0.0,3211.85,1.94,3,6,23,5,24,6,1,1,7,0,0
754,27.58,94.25,3,28800.0,0.6192,1.0,0.6192,1.0,3.0,3.0,0.0,0.0,3211.85,2.52,3,6,13,6,24,6,1,0,7,0,0
758,39.11,94.75,3,28800.0,0.8312,1.0,0.8312,1.0,3.0,3.0,0.0,0.0,3211.85,2.75,3,6,18,6,24,6,1,0,7,0,0
702,45.39,87.75,5,28800.0,0.9077,1.0,0.9077,1.0,4.0,4.0,0.0,0.0,3211.85,3.11,3,6,3,0,25,6,0,1,7,0,0
715,42.99,89.38,3,28800.0,0.9739,1.0,0.9739,1.0,3.0,3.0,0.0,0.0,3211.85,3.26,3,6,6,0,25,6,0,0,7,0,0
725,35.77,90.62,3,28800.0,0.5254,1.0,0.7006,1.0,4.0,3.0,0.0,0.0,3211.85,3.68,3,6,17,0,25,6,0,0,7,0,0
660,15.17,82.5,4,28800.0,0.3458,1.0,0.3458,1.0,7.0,7.0,0.0,0.0,3211.85,4.15,2,6,4,1,25,6,0,1,7,0,0
787,41.18,98.38,5,28800.0,0.8501,1.0,0.8501,1.0,5.0,5.0,0.0,0.0,3211.85,4.45,2,6,11,1,25,6,0,0,7,0,0
740,37.54,92.5,2,28800.0,0.804,1.0,0.804,1.0,2.0,2.0,0.0,0.0,3211.85,4.67,2,5,16,1,25,6,0,0,7,0,0
912,10.64,114.0,7,28800.0,0.317,1.0,0.317,1.0,3.0,3.0,0.0,0.0,3211.85,5.01,2,5,0,2,25,6,0,1,7,0,0
721,42.64,90.12,4,28800.0,0.744,1.0,0.93,1.0,5.0,4.0,0.0,0.0,3211.85,5.45,2,5,11,2,25,6,0,0,7,0,0
587,34.78,73.38,2,28800.0,0.6196,1.0,0.6196,1.0,2.0,2.0,0.0,0.0,3211.85,5.58,2,5,14,2,25,6,0,0,7,0,0
796,18.35,99.5,3,28800.0,0.3977,1.0,0.3977,1.0,4.0,4.0,0.0,0.0,3211.85,6.09,1,5,2,3,25,6,0,1,7,0,0
727,36.75,90.88,1,28800.0,0.4138,1.0,0.8277,1.0,2.0,1.0,0.0,0.0,3211.85,6.35,1,5,9,3,25,6,0,0,7,0,0
812,12.29,101.5,3,28800.0,0.3,1.0,0.3,1.0,3.0,3.0,0.0,0.0,3211.85,6.7,1,4,17,3,25,6,0,0,7,0,0
882,47.12,110.25,4,28800.0,1.0,1.0,1.0,1.0,2.0,1.0,0.0,0.0,3211.85,7.11,1,4,3,4,25,6,0,1,7,0,0
925,32.87,115.62,5,28800.0,0.8897,1.0,0.8897,1.0,5.0,5.0,0.0,0.0,3211.85,7.4,1,4,10,4,25,6,0,0,7,0,0
710,12.34,88.75,2,28800.0,0.2978,1.0,0.2978,1.0,2.0,2.0,0.0,0.0,3211.85,7.7,1,4,17,4,25,6,0,0,7,0,0
754,14.47,94.25,1,28800.0,0.1529,1.0,0.3058,1.0,8.0,8.0,0.0,0.0,3211.85,8.08,1,4,2,5,25,6,1,1,7,0,0
842,32.64,105.25,6,28800.0,0.7312,1.0,0.7312,1.0,6.0,6.0,0.0,0.0,3211.85,8.31,1,4,8,5,25,6,1,0,7,0,0
728,37.45,91.0,6,28800.0,0.7892,1.0,0.7892,1.0,6.0,6.0,0.0,0.0,3211.85,8.67,0,4,16,5,25,6,1,0,7,0,0
651,34.85,81.38,8,28800.0,0.6646,1.0,0.6646,1.0,3.0,3.0,0.0,0.0,3211.85,9.07,0,4,2,6,25,6,1,1,7,0,1
699,12.38,90.07,5,27938.0,0.2915,0.9701,0.3005,1.0,5.0,5.0,0.0,0.0,3211.85,9.32,0,4,8,6,25,6,1,0,7,0,1
657,41.33,85.2,4,27759.0,0.9032,0.9639,0.937,1.0,4.0,4.0,0.0,0.0,3218.61,9.61,0,5,15,6,25,6,1,0,7,0,1
760,40.44,96.79,3,28268.0,0.8903,0.9815,0.9071,1.0,3.0,3.0,0.0,0.0,3225.15,0.18,0,6,23,6,25,6,1,1,7,0,1
711,33.77,103.94,5,25715.625,0.709,0.8929374999999999,0.8292,1.0,5.0,5.0,0.0,0.0,3267.38,0.61,1,6,10,0,26,6,0,0,7,0,0
704,36.63,104.8,3,25715.625,0.7539,0.8929374999999999,0.8978,1.0,3.0,3.0,0.0,0.0,3267.38,1.06,1,6,21,0,26,6,0,0,7,0,0
650,48.55,88.02,6,26584.0,0.7728,0.9231,0.9768,1.0,2.0,2.0,0.0,0.0,3267.38,1.24,1,6,1,1,26,6,0,1,7,0,0
685,26.03,89.2,5,27645.0,0.4303,0.9599,0.5379,1.0,6.0,5.0,0.0,0.0,3267.38,1.51,1,6,8,1,26,6,0,0,7,0,0
765,41.47,101.84,4,27043.0,0.7417,0.939,0.9873,1.0,5.0,4.0,0.0,0.0,3267.38,1.84,1,6,15,1,26,6,0,0,7,0,0
774,28.69,104.02,2,26787.0,0.7297,0.9301,0.7845,1.0,3.0,3.0,0.0,0.0,3282.69,0.07,1,7,2,2,26,6,0,1,7,0,0
652,17.3,86.57,4,27114.0,0.3907,0.9415,0.415,1.0,4.0,4.0,0.0,0.0,3282.69,0.37,1,7,9,2,26,6,0,0,7,0,0
725,9.47,95.21,5,27414.0,0.1833,0.9519,0.2311,1.0,6.0,5.0,0.0,0.0,3339.66,0.85,2,7,21,2,26,6,0,0,7,0,0
598,35.11,77.49,3,27780.0,0.6925,0.9646,0.7179,1.0,3.0,3.0,0.0,0.0,3339.66,0.94,2,7,23,2,26,6,0,1,7,0,0
675,35.35,84.38,2,28800.0,0.6642,1.0,0.6642,1.0,2.0,2.0,0.0,0.0,3339.66,1.35,2,7,9,3,26,6,0,0,7,0,0
732,46.2,91.5,2,28800.0,0.8743,1.0,0.8743,1.0,2.0,2.0,0.0,0.0,3339.66,1.75,2,7,18,3,26,6,0,0,7,0,0
791,39.2,98.88,2,28800.0,0.8402,1.0,0.8402,1.0,2.0,2.0,0.0,0.0,3339.66,1.88,2,7,22,3,26,6,0,1,7,0,0
729,38.43,91.12,5,28800.0,0.79,1.0,0.79,1.0,5.0,5.0,0.0,0.0,3339.66,2.32,2,7,8,4,26,6,0,0,7,0,0
790,38.24,98.75,2,28800.0,0.8067,1.0,0.8067,1.0,2.0,2.0,0.0,0.0,3339.66,2.8,2,6,20,4,26,6,0,0,7,0,0
740,41.0,92.5,4,28800.0,0.9101,1.0,0.9101,1.0,1.0,1.0,0.0,0.0,3339.66,3.13,2,7,3,5,26,6,1,1,7,0,0
606,28.26,75.75,4,28800.0,0.4608,1.0,0.4608,1.0,4.0,4.0,0.0,0.0,3377.16,3.47,2,7,12,5,26,6,1,0,7,0,0
670,9.51,83.75,3,28800.0,0.1933,1.0,0.1933,1.0,3.0,3.0,0.0,0.0,3377.16,3.8,2,7,20,5,26,6,1,0,7,0,0
685,11.76,85.62,1,28800.0,0.2122,1.0,0.2122,1.0,3.0,3.0,0.0,0.0,3377.16,4.14,2,7,4,6,26,6,1,1,7,0,0
925,11.73,153.83,3,25715.625,0.2839,0.8929374999999999,0.3777,1.0,3.0,3.0,0.0,0.0,3377.16,4.43,2,7,11,6,26,6,1,0,7,0,0
661,34.34,105.26,5,25715.625,0.7476,0.8929374999999999,0.9523,1.0,5.0,5.0,0.0,0.0,3377.16,4.86,2,8,21,6,26,6,1,0,7,0,0
804,15.91,121.09,3,25715.625,0.3411,0.8929374999999999,0.411,1.0,4.0,4.0,0.0,0.0,3551.7,0.09,1,8,3,0,27,6,0,1,7,0,0
692,20.63,86.5,4,28800.0,0.3878,1.0,0.3878,1.0,4.0,4.0,0.0,0.0,3551.7,0.47,1,8,12,0,27,6,0,0,7,0,0
634,21.13,79.25,6,28800.0,0.4464,1.0,0.4464,1.0,6.0,6.0,0.0,0.0,3551.7,0.62,1,8,16,0,27,6,0,0,7,0,0
771,26.37,96.38,4,28800.0,0.5418,1.0,0.5418,1.0,3.0,3.0,0.0,0.0,3551.7,1.03,1,8,1,1,27,6,0,1,7,0,0
766,16.23,95.75,4,28800.0,0.3122,1.0,0.3902,1.0,5.0,4.0,0.0,0.0,3551.7,1.25,1,8,7,1,27,6,0,0,7,0,0
806,11.72,100.75,4,28800.0,0.2452,1.0,0.2452,1.0,4.0,4.0,0.0,0.0,3551.7,1.82,1,8,20,1,27,6,0,0,7,0,0
541,25.21,67.62,3,28800.0,0.3768,1.0,0.3768,1.0,2.0,2.0,0.0,0.0,3551.7,1.97,1,8,0,2,27,7,0,1,7,0,0
895,23.6,111.88,4,28800.0,0.4997,1.0,0.6246,1.0,5.0,4.0,0.0,0.0,3551.7,2.3,1,8,8,2,27,7,0,0,7,0,0
854,45.92,106.75,2,28800.0,1.0,1.0,1.0,1.0,2.0,2.0,0.0,0.0,3551.7,2.77,0,8,19,2,27,7,0,0,7,0,0
843,38.94,105.38,2,28800.0,1.0,1.0,1.0,1.0,4.0,4.0,0.0,0.0,3551.7,2.96,0,8,0,3,27,7,0,1,7,0,0
651,26.22,81.38,5,28800.0,0.4471,1.0,0.4471,1.0,5.0,5.0,0.0,0.0,3551.7,3.43,0,8,11,3,27,7,0,0,7,0,0
697,34.34,87.12,5,28800.0,0.7241,1.0,0.7241,1.0,5.0,5.0,0.0,0.0,3551.7,3.8,0,8,20,3,27,7,0,0,7,0,0
743,37.78,92.88,4,28800.0,0.8147,1.0,0.8147,1.0,4.0,4.0,0.0,0.0,3551.7,3.95,0,8,23,3,27,7,0,1,7,0,0
642,51.85,80.25,5,28800.0,0.8627,1.0,0.8627,1.0,5.0,5.0,0.0,0.0,3551.7,4.43,0,8,11,4,27,7,0,0,7,0,0
761,13.94,95.12,1,28800.0,0.1537,1.0,0.3073,1.0,2.0,1.0,0.0,0.0,3551.7,4.76,0,8,19,4,27,7,0,0,7,0,0
580,32.09,72.5,4,28800.0,0.5587,1.0,0.5587,1.0,4.0,4.0,0.0,0.0,3551.7,5.12,0,8,3,5,27,7,1,1,7,0,0
616,25.58,77.0,4,28800.0,0.4466,1.0,0.4466,1.0,4.0,4.0,0.0,0.0,3551.7,5.39,0,8,10,5,27,7,1,0,7,0,0
673,46.1,84.12,4,28800.0,0.8134,1.0,0.8134,1.0,2.0,2.0,0.0,0.0,3551.7,6.14,0,8,4,6,27,7,1,1,7,0,0
709,18.73,88.62,4,28800.0,0.449,1.0,0.449,1.0,4.0,4.0,0.0,0.0,3551.7,6.39,0,8,10,6,27,7,1,0,7,0,0
825,38.21,103.12,5,28800.0,0.8342,1.0,0.8342,1.0,5.0,5.0,0.0,0.0,3551.7,6.61,0,8,15,6,27,7,1,0,7,0,0
592,24.51,74.0,2,28800.0,0.4409,1.0,0.4409,1.0,2.0,2.0,0.0,0.0,3551.7,7.13,0,8,4,0,28,7,0,1,7,0,0
899,33.29,117.26,5,27601.0,0.7271,0.9584,0.9104,1.0,6.0,5.0,0.0,0.0,3612.28,7.53,1,8,13,0,28,7,0,0,7,0,0
758,12.5,96.95,4,28147.0,0.291,0.9773,0.2978,1.0,4.0,4.0,0.0,0.0,3612.28,7.66,1,8,16,0,28,7,0,0,7,0,0
664,20.27,86.59,2,27607.0,0.38,0.9586,0.3964,1.0,5.0,5.0,0.0,0.0,3612.28,8.08,1,8,2,1,28,7,0,1,7,0,0
733,18.48,91.62,5,28800.0,0.4586,1.0,0.4586,1.0,5.0,5.0,0.0,0.0,3612.28,8.45,1,7,11,1,28,7,0,0,7,0,0
718,28.86,89.75,5,28800.0,0.7065,1.0,0.7065,1.0,5.0,5.0,0.0,0.0,3612.28,8.77,1,7,19,1,28,7,0,0,7,0,0
671,10.59,83.88,5,28800.0,0.2106,1.0,0.2106,1.0,5.0,5.0,0.0,0.0,3612.28,8.98,1,7,0,2,28,7,0,1,7,0,0
925,44.79,117.15,5,28424.0,0.9869,0.9869,1.0,1.0,5.0,5.0,0.0,0.0,3612.28,9.26,1,6,7,2,28,7,0,0,7,0,0
852,23.02,107.42,6,28553.0,0.5153,0.9914,0.5198,1.0,6.0,6.0,0.0,0.0,3612.28,9.6,1,6,15,2,28,7,0,0,7,0,0
907,11.2,114.57,5,28499.0,0.3174,0.9895,0.3208,1.0,2.0,1.0,0.0,0.0,3637.42,10.08,1,6,2,3,28,7,0,1,7,0,1
767,42.25,118.06,3,25715.625,0.8121,0.8929374999999999,1.0,1.0,3.0,3.0,0.0,0.0,3637.42,10.24,1,6,6,3,28,7,0,0,7,0,1
781,36.69,116.27,2,25715.625,0.8081,0.8929374999999999,0.9625,1.0,2.0,2.0,0.0,0.0,3637.42,10.74,1,6,18,3,28,7,0,0,7,0,1
755,30.48,111.44,1,25715.625,0.3028,0.8929374999999999,0.7151,1.0,3.0,3.0,0.0,0.0,3678.0,11.03,2,6,1,4,28,7,0,1,7,0,0
715,44.7,89.38,3,28800.0,0.9749,1.0,0.9749,1.0,3.0,3.0,0.0,0.0,3678.0,11.26,2,6,7,4,28,7,0,0,7,0,0
752,44.71,94.0,4,28800.0,1.0,1.0,1.0,1.0,4.0,4.0,0.0,0.0,3678.0,11.78,2,6,19,4,28,7,0,0,7,0,1
774,19.43,96.75,3,28800.0,0.4703,1.0,0.4703,1.0,3.0,3.0,0.0,0.0,3678.0,11.94,2,6,23,4,28,7,0,1,7,0,1
782,43.78,100.76,6,27940.0,0.8838,0.9701,0.911,1.0,6.0,6.0,0.0,0.0,3678.0,12.35,2,6,9,5,28,7,1,0,7,0,1
716,36.09,93.32,2,27621.0,0.8028,0.9591,0.837,1.0,2.0,2.0,0.0,0.0,3678.0,12.62,2,6,15,5,28,7,1,0,7,0,1
631,20.39,83.18,4,27309.0,0.3501,0.9482,0.3692,1.0,4.0,4.0,0.0,0.0,3738.56,12.94,3,6,23,5,28,7,1,1,7,0,0
683,27.41,85.38,1,28800.0,0.2818,1.0,0.5637,1.0,2.0,1.0,0.0,0.0,3738.56,13.37,3,5,9,6,28,7,1,0,7,0,0
877,39.99,109.62,4,28800.0,1.0,1.0,1.0,1.0,4.0,4.0,0.0,0.0,3738.56,13.6,3,5,15,6,28,7,1,0,7,0,0
694,31.81,86.75,6,28800.0,0.5913,1.0,0.5913,1.0,5.0,5.0,0.0,0.0,3738.56,14.03,3,5,1,0,29,7,0,1,7,0,0
802,18.52,100.25,3,28800.0,0.4119,1.0,0.4119,1.0,3.0,3.0,0.0,0.0,3738.56,14.46,2,5,12,0,29,7,0,0,7,0,0
732,17.78,91.5,3,28800.0,0.4379,1.0,0.4379,1.0,3.0,3.0,0.0,0.0,3738.56,14.78,2,5,19,0,29,7,0,0,7,0,0
663,17.79,82.88,5,28800.0,0.3101,1.0,0.3101,1.0,5.0,3.0,0.0,0.0,3738.56,15.06,2,5,2,1,29,7,0,1,7,0,0
746,33.49,95.56,3,28104.0,0.8035,0.9758,0.8234,1.0,3.0,3.0,0.0,0.0,3811.61,0.08,2,6,10,1,29,7,0,0,7,0,0
755,22.71,100.53,3,27036.0,0.5253,0.9387,0.5596,1.0,3.0,3.0,0.0,0.0,3811.61,0.25,2,6,14,1,29,7,0,0,7,0,0
779,43.48,100.82,3,27816.0,0.5795,0.9658,1.0,1.0,7.0,7.0,0.0,0.0,3811.61,0.7,2,6,1,2,29,7,0,1,7,0,0
737,33.75,92.12,6,28800.0,0.8493,1.0,0.8493,1.0,6.0,6.0,0.0,0.0,3811.61,1.09,2,6,10,2,29,7,0,0,7,0,0
652,36.88,81.5,6,28800.0,0.7002,1.0,0.7002,1.0,6.0,6.0,0.0,0.0,3811.61,1.23,2,6,14,2,29,7,0,0,7,0,0
818,40.84,102.25,7,28800.0,1.0,1.0,1.0,1.0,3.0,3.0,0.0,0.0,3811.61,1.72,2,6,1,3,29,7,0,1,7,0,0
741,18.11,92.62,5,28800.0,0.3648,1.0,0.3648,1.0,5.0,5.0,0.0,0.0,3811.61,2.11,2,6,11,3,29,7,0,0,7,0,3
815,19.89,101.88,5,28800.0,0.4608,1.0,0.553,1.0,6.0,5.0,0.0,0.0,3811.61,2.24,2,6,14,3,29,7,0,0,7,0,3
688,11.19,86.0,3,28800.0,0.2205,1.0,0.2205,1.0,4.0,3.0,0.0,0.0,3811.61,2.75,1,6,2,4,29,7,0,1,7,0,3
754,34.91,96.89,2,28016.0,0.7367,0.9728,0.7573,1.0,2.0,2.0,0.0,0.0,3836.96,3.1,2,6,10,4,29,7,0,0,7,0,0
742,38.48,95.09,2,28090.0,0.853,0.9753,0.8746,1.0,2.0,2.0,0.0,0.0,3836.96,3.51,2,6,20,4,29,7,0,0,7,0,0
662,16.46,86.24,3,27633.0,0.2326,0.9595,0.3232,1.0,3.0,3.0,0.0,0.0,3836.96,3.86,2,6,5,5,29,7,1,1,7,0,0
914,35.8,120.09,5,27400.0,0.9045,0.9514,0.9507,1.0,5.0,5.0,0.0,0.0,3860.14,0.37,1,7,21,5,29,7,1,0,7,0,0
863,16.98,110.76,3,28050.0,0.3797,0.974,0.3898,1.0,4.0,4.0,0.0,0.0,3860.14,0.69,1,7,5,6,29,7,1,1,7,0,0
763,23.95,134.79,5,25715.625,0.5089,0.8929374999999999,0.7192,1.0,5.0,5.0,0.0,0.0,3860.14,0.9,1,7,10,6,29,7,1,0,7,0,0
858,27.83,135.35,5,25715.625,0.735,0.8929374999999999,0.9275,1.0,5.0,5.0,0.0,0.0,3865.35,0.15,1,8,19,6,29,7,1,0,7,0,0
787,30.54,129.8,4,25715.625,0.7579,0.8929374999999999,1.0,1.0,2.0,2.0,0.0,0.0,3941.45,0.37,1,8,0,0,30,7,0,1,7,0,0
699,26.31,87.38,6,28800.0,0.583,1.0,0.583,1.0,6.0,6.0,0.0,0.0,3941.45,0.64,1,8,7,0,30,7,0,0,7,0,0
731,38.03,91.38,3,28800.0,0.7873,1.0,0.7873,1.0,3.0,3.0,0.0,0.0,3941.45,1.09,1,8,18,0,30,7,0,0,7,0,0
794,42.26,99.25,2,28800.0,1.0,1.0,1.0,1.0,2.0,2.0,0.0,0.0,3941.45,1.27,1,8,22,0,30,7,0,1,7,0,0
778,38.93,97.25,2,28800.0,0.8455,1.0,0.8455,1.0,2.0,2.0,0.0,0.0,3941.45,1.7,1,8,8,1,30,7,0,0,7,0,0
732,43.78,91.5,4,28800.0,0.9269,1.0,0.9269,1.0,4.0,4.0,0.0,0.0,3941.45,2.03,1,7,16,1,30,7,0,0,7,0,0
767,24.0,95.88,5,28800.0,0.5385,1.0,0.5385,1.0,5.0,4.0,0.0,0.0,3941.45,2.39,1,6,1,2,30,7,0,1,7,0,0
655,35.59,81.88,5,28800.0,0.5301,1.0,0.6361,1.0,6.0,5.0,0.0,0.0,3941.45,2.89,1,6,13,2,30,7,0,0,7,0,3
815,20.06,101.88,2,28800.0,0.5258,1.0,0.5258,1.0,2.0,2.0,0.0,0.0,3941.45,3.17,1,6,20,2,30,7,0,0,7,0,3
637,29.56,79.62,4,28800.0,0.4662,1.0,0.5828,1.0,6.0,6.0,0.0,0.0,3941.45,3.48,2,6,3,3,30,7,0,1,7,0,0
762,15.36,102.24,6,26831.0,0.3934,0.9316,0.4223,1.0,6.0,6.0,0.0,0.0,3952.68,3.9,2,6,13,3,30,7,0,0,7,0,0
696,32.59,97.03,4,25824.0,0.64,0.8967,0.7137,1.0,4.0,4.0,0.0,0.0,3952.68,4.03,2,7,16,3,30,7,0,0,7,0,0
737,12.77,99.89,6,26560.0,0.3237,0.9222,0.351,1.0,7.0,7.0,0.0,0.0,4008.82,4.51,2,6,4,4,30,7,0,1,7,0,0
690,23.03,86.25,2,28800.0,0.4614,1.0,0.4614,1.0,2.0,2.0,0.0,0.0,4008.82,4.6,2,6,6,4,30,7,0,0,7,0,0
783,21.23,97.88,5,28800.0,0.5693,1.0,0.5693,1.0,5.0,5.0,0.0,0.0,4008.82,4.93,1,6,14,4,30,7,0,0,7,0,0
657,22.54,82.12,7,28800.0,0.4859,1.0,0.4859,1.0,2.0,2.0,0.0,0.0,4008.82,5.37,1,6,0,5,30,7,1,1,7,0,0
765,23.57,95.62,5,28800.0,0.5772,1.0,0.5772,1.0,5.0,5.0,0.0,0.0,4008.82,5.7,1,6,8,5,30,7,1,0,7,0,0
802,29.04,100.25,6,28800.0,0.6722,1.0,0.6722,1.0,6.0,6.0,0.0,0.0,4008.82,6.11,1,6,18,5,30,7,1,0,7,0,0
679,15.42,84.88,2,28800.0,0.2791,1.0,0.2791,1.0,2.0,2.0,0.0,0.0,4008.82,6.32,1,6,23,5,30,7,1,1,7,0,0
720,34.25,107.02,4,25715.625,0.7495,0.8929374999999999,0.8913,1.0,4.0,4.0,0.0,0.0,4052.53,0.19,1,7,12,6,30,7,1,0,7,0,0
747,52.35,118.26,5,25715.625,0.7895,0.8929374999999999,1.0,1.0,5.0,5.0,0.0,0.0,4052.53,0.24,1,7,14,6,30,7,1,0,7,0,0
834,35.12,131.17,4,25715.625,0.7948,0.8929374999999999,1.0,1.0,4.0,4.0,0.0,0.0,4052.53,0.68,1,7,0,0,31,7,0,1,7,0,0
876,41.6,109.5,4,28800.0,1.0,1.0,1.0,1.0,4.0,4.0,0.0,0.0,4052.53,1.01,1,6,8,0,31,7,0,0,7,0,0
697,34.25,87.12,3,28800.0,0.7706,1.0,0.7706,1.0,3.0,3.0,0.0,0.0,4052.53,1.33,1,6,16,0,31,7,0,0,7,0,0
716,32.56,100.05,3,25764.0,0.6083,0.8946,0.68,1.0,3.0,3.0,0.0,0.0,4096.35,0.11,1,7,8,1,31,7,0,0,7,0,0
761,40.37,99.5,5,27534.0,0.956,0.956,1.0,1.0,5.0,5.0,0.0,0.0,4096.35,0.38,1,7,15,1,31,7,0,0,7,0,0
714,21.74,96.88,3,26532.0,0.4118,0.9213,0.447,1.0,3.0,3.0,0.0,0.0,4096.35,0.68,1,6,22,1,31,7,0,1,7,0,0
777,30.98,97.12,2,28800.0,0.7524,1.0,0.7524,1.0,2.0,2.0,0.0,0.0,4096.35,1.01,1,6,6,2,31,7,0,0,7,0,1
760,23.14,95.0,4,28800.0,0.585,1.0,0.585,1.0,4.0,4.0,0.0,0.0,4096.35,1.63,1,6,21,2,31,7,0,0,7,0,1
634,48.24,79.25,5,28800.0,0.8286,1.0,0.8286,1.0,7.0,6.0,0.0,0.0,4121.29,1.93,1,6,4,3,31,7,0,1,7,0,0
615,30.59,80.56,3,27483.0,0.4195,0.9543,0.5861,1.0,4.0,3.0,0.0,0.0,4121.29,2.2,1,6,10,3,31,7,0,0,7,0,0
703,27.64,93.26,3,27137.0,0.6664,0.9423,0.7072,1.0,3.0,3.0,0.0,0.0,4121.29,2.46,1,6,17,3,31,7,0,0,7,0,0
672,25.01,91.21,6,26522.0,0.3905,0.9209,0.4948,1.0,7.0,6.0,0.0,0.0,4121.29,2.73,1,6,23,3,31,7,0,1,7,0,0
822,10.11,102.75,2,28800.0,0.1557,1.0,0.2335,1.0,3.0,2.0,0.0,0.0,4121.29,3.17,1,7,10,4,31,7,0,0,7,0,0
668,38.65,83.5,5,28800.0,0.8283,1.0,0.8283,1.0,5.0,5.0,0.0,0.0,4134.85,3.37,1,7,14,4,31,7,0,0,7,0,0
817,17.9,102.12,3,28800.0,0.4389,1.0,0.4389,1.0,3.0,3.0,0.0,0.0,4134.85,3.95,1,7,4,5,31,8,1,1,7,0,0
649,44.72,81.12,3,28800.0,0.8822,1.0,0.8822,1.0,4.0,4.0,0.0,0.0,4134.85,4.77,1,7,0,6,31,8,1,1,7,0,0
756,20.55,109.13,2,25715.625,0.4809,0.8929374999999999,0.5554,1.0,2.0,2.0,0.0,0.0,40.6,0.07,0,1,7,0,6,2,0,0,1,1,0
741,10.36,111.72,5,25715.625,0.2108,0.8929374999999999,0.2542,1.0,5.0,5.0,0.0,0.0,40.6,0.41,0,1,15,0,6,2,0,0,1,1,0
688,16.29,97.45,8,25715.625,0.3569,0.8929374999999999,0.4044,1.0,2.0,2.0,0.0,0.0,114.43,0.32,0,2,5,1,6,2,0,1,1,1,0
686,18.29,85.75,2,28800.0,0.2341,1.0,0.3511,1.0,3.0,2.0,0.0,0.0,114.43,0.59,0,2,12,1,6,2,0,0,1,1,0
730,18.66,91.25,6,28800.0,0.3653,1.0,0.3653,1.0,6.0,6.0,0.0,0.0,114.43,0.79,0,2,16,1,6,2,0,0,1,1,0
890,37.53,111.25,2,28800.0,0.9725,1.0,0.9725,1.0,2.0,2.0,0.0,0.0,114.43,1.08,0,2,23,1,6,2,0,1,1,1,0
734,8.78,91.75,4,28800.0,0.221,1.0,0.221,1.0,4.0,4.0,0.0,0.0,114.43,1.44,0,2,8,2,6,2,0,0,1,1,0
819,27.04,102.38,6,28800.0,0.6145,1.0,0.6145,1.0,6.0,6.0,0.0,0.0,114.43,1.7,0,2,14,2,6,2,0,0,1,1,0
668,47.64,83.5,3,28800.0,0.8501,1.0,0.8501,1.0,3.0,3.0,0.0,0.0,114.43,2.03,0,2,22,2,6,2,0,1,1,1,0
723,42.08,91.18,3,28547.0,0.8676,0.9912,0.8753,1.0,3.0,3.0,0.0,0.0,114.43,2.44,0,2,8,3,6,2,0,0,1,1,3
858,44.75,108.17,5,28555.0,0.8262,0.9915,1.0,1.0,6.0,5.0,0.0,0.0,114.43,2.85,0,2,18,3,6,2,0,0,1,1,3
763,49.27,97.02,2,28311.0,0.983,0.983,1.0,1.0,2.0,2.0,0.0,0.0,114.43,3.03,0,2,22,3,6,2,0,1,1,1,3
752,23.83,99.22,2,27285.0,0.5123,0.9474,0.5407,1.0,2.0,2.0,0.0,0.0,168.12,3.64,1,2,13,4,6,2,0,0,1,1,0
829,26.84,108.1,5,27607.0,0.6696,0.9586,0.6985,1.0,5.0,5.0,0.0,0.0,168.12,3.7,1,2,14,4,6,2,0,0,1,1,0
890,20.71,125.46,1,25715.625,0.5785,0.8929374999999999,0.6524,1.0,5.0,5.0,0.0,0.0,168.12,4.13,1,2,1,5,6,2,1,1,1,1,0
776,23.21,97.0,6,28800.0,0.4669,1.0,0.4669,1.0,6.0,6.0,0.0,0.0,168.12,4.55,1,2,11,5,6,2,1,0,1,1,0
587,15.41,73.38,3,28800.0,0.2368,1.0,0.2368,1.0,3.0,3.0,0.0,0.0,168.12,4.82,1,2,17,5,6,2,1,0,1,1,0
852,37.33,106.5,5,28800.0,0.8819,1.0,0.8819,1.0,5.0,5.0,0.0,0.0,168.12,5.19,1,2,2,6,6,2,1,1,1,1,0
720,39.58,91.17,6,28430.0,0.7506,0.9872,0.7603,1.0,6.0,6.0,0.0,0.0,251.34,5.52,2,2,10,6,6,2,1,0,1,1,0
643,17.67,82.3,2,28128.0,0.363,0.9767,0.3717,1.0,2.0,2.0,0.0,0.0,251.34,5.76,2,2,16,6,6,2,1,0,1,1,0
676,22.16,86.29,5,28203.0,0.4695,0.9793,0.4794,1.0,4.0,4.0,0.0,0.0,251.34,6.16,2,2,1,0,7,2,0,1,1,1,0
787,37.79,98.38,4,28800.0,0.784,1.0,0.784,1.0,4.0,4.0,0.0,0.0,251.34,6.54,2,2,10,0,7,2,0,0,1,1,0
809,35.89,101.12,3,28800.0,0.5981,1.0,0.9969,1.0,5.0,3.0,0.0,0.0,251.34,6.78,2,2,16,0,7,2,0,0,1,1,0
672,16.39,84.0,4,28800.0,0.3537,1.0,0.3537,1.0,5.0,4.0,0.0,0.0,251.34,7.12,2,2,0,1,7,2,0,1,1,1,0
670,17.75,83.75,5,28800.0,0.3618,1.0,0.3618,1.0,5.0,5.0,0.0,0.0,251.34,7.33,2,2,6,1,7,2,0,0,1,1,0
763,22.87,95.38,2,28800.0,0.532,1.0,0.532,1.0,2.0,2.0,0.0,0.0,251.34,7.77,2,2,16,1,7,2,0,0,1,1,0
722,36.28,90.25,4,28800.0,0.5611,1.0,0.7014,1.0,3.0,2.0,0.0,0.0,251.34,8.24,2,2,3,2,7,2,0,1,1,1,2
607,25.71,98.34,5,25715.625,0.5272,0.8929374999999999,0.6832,1.0,5.0,5.0,0.0,0.0,251.34,8.61,2,2,12,2,7,2,0,0,1,1,2
686,44.4,104.63,6,25715.625,0.8195,0.8929374999999999,1.0,1.0,6.0,6.0,0.0,0.0,251.34,8.69,2,2,14,2,7,2,0,0,1,1,2
682,49.78,94.69,2,25928.0,0.5905,0.9003,0.9838,1.0,3.0,3.0,0.0,0.0,253.34,9.18,3,2,2,3,7,2,0,1,1,1,0
692,20.69,91.94,6,27095.0,0.4666,0.9408,0.496,1.0,6.0,6.0,0.0,0.0,312.5,9.61,3,2,12,3,7,2,0,0,1,1,0
735,36.26,103.89,2,25715.625,0.7633,0.8929374999999999,0.8631,1.0,2.0,2.0,0.0,0.0,312.5,9.7,3,2,14,3,7,2,0,0,1,1,0
609,10.26,82.52,3,26568.0,0.172,0.9225,0.1864,1.0,3.0,3.0,0.0,0.0,312.5,10.28,2,2,4,4,7,2,0,1,1,1,0
655,24.06,81.88,5,28800.0,0.369,1.0,0.4428,1.0,6.0,5.0,0.0,0.0,312.5,10.55,2,2,11,4,7,2,0,0,1,1,0
681,17.87,85.12,3,28800.0,0.2699,1.0,0.3599,1.0,4.0,3.0,0.0,0.0,312.5,10.72,2,2,15,4,7,2,0,0,1,1,0
625,18.45,78.12,3,28800.0,0.3978,1.0,0.3978,1.0,3.0,3.0,0.0,0.0,312.5,11.08,2,2,23,4,7,2,0,1,1,1,0
697,38.14,88.77,2,28265.0,0.8,0.9814,0.8152,1.0,2.0,2.0,0.0,0.0,312.5,11.43,2,2,8,5,7,2,1,0,1,1,0
630,31.68,81.53,6,27819.0,0.5882,0.9659,0.609,1.0,6.0,6.0,0.0,0.0,312.5,11.69,2,2,14,5,7,2,1,0,1,1,0
629,25.1,80.4,4,28165.0,0.3433,0.978,0.4388,1.0,2.0,2.0,0.0,0.0,392.91,12.13,3,2,1,6,7,2,1,1,1,1,0
705,46.26,88.12,5,28800.0,0.8546,1.0,0.8546,1.0,5.0,5.0,0.0,0.0,392.91,12.47,2,2,9,6,7,2,1,0,1,1,0
634,43.53,79.25,3,28800.0,0.7826,1.0,0.7826,1.0,3.0,3.0,0.0,0.0,392.91,12.85,2,2,18,6,7,2,1,0,1,1,0
655,39.84,81.88,2,28800.0,0.8006,1.0,0.8006,1.0,4.0,4.0,0.0,0.0,392.91,13.29,2,2,5,0,8,2,0,1,1,1,0
827,18.23,103.38,5,28800.0,0.4293,1.0,0.4293,1.0,5.0,5.0,0.0,0.0,392.91,13.37,2,2,6,0,8,2,0,0,1,1,0
689,28.49,86.12,5,28800.0,0.566,1.0,0.566,1.0,5.0,5.0,0.0,0.0,392.91,13.92,2,2,19,0,8,2,0,0,1,1,0
790,36.44,98.75,4,28800.0,0.8849,1.0,0.8849,1.0,1.0,1.0,0.0,0.0,392.91,14.25,2,2,3,1,8,2,0,1,1,1,0
766,31.19,95.75,2,28800.0,0.7466,1.0,0.7466,1.0,2.0,2.0,0.0,0.0,392.91,14.36,2,2,6,1,8,2,0,0,1,1,0
816,16.33,102.0,6,28800.0,0.3567,1.0,0.3567,1.0,6.0,6.0,0.0,0.0,392.91,14.9,2,2,19,1,8,2,0,0,1,1,0
672,31.01,84.0,1,28800.0,0.6776,1.0,0.6776,1.0,3.0,2.0,0.0,0.0,474.2,15.31,3,2,5,2,8,2,0,1,1,1,0
760,11.99,96.62,5,28316.0,0.2559,0.9832,0.2603,1.0,5.0,5.0,0.0,0.0,474.2,15.6,3,2,12,2,8,2,0,0,1,1,0
827,37.74,105.34,4,28262.0,0.9813,0.9813,1.0,1.0,4.0,4.0,0.0,0.0,474.2,15.91,2,2,19,2,8,2,0,0,1,1,0
683,17.6,88.47,2,27793.0,0.2157,0.965,0.3352,1.0,1.0,1.0,0.0,0.0,474.2,16.28,2,2,4,3,8,2,0,1,1,1,0
706,46.97,88.25,4,28800.0,0.9737,1.0,0.9737,1.0,4.0,4.0,0.0,0.0,474.2,16.62,2,2,12,3,8,2,0,0,1,1,0
744,10.83,93.0,2,28800.0,0.2694,1.0,0.2694,1.0,2.0,2.0,0.0,0.0,474.2,16.89,2,2,19,3,8,2,0,0,1,1,0
615,38.37,76.88,1,28800.0,0.6154,1.0,0.6154,1.0,8.0,8.0,0.0,0.0,474.2,17.23,2,2,3,4,8,2,0,1,1,1,0
651,31.72,81.38,4,28800.0,0.6345,1.0,0.6345,1.0,4.0,4.0,0.0,0.0,474.2,17.59,2,2,12,4,8,2,0,0,1,1,2
757,42.07,94.62,5,28800.0,0.8616,1.0,0.8616,1.0,5.0,5.0,0.0,0.0,474.2,17.72,2,2,15,4,8,2,0,0,1,1,2
716,14.08,89.5,8,28800.0,0.27,1.0,0.27,1.0,5.0,5.0,0.0,0.0,474.2,18.22,2,2,3,5,8,2,1,1,1,1,2
773,30.55,117.21,5,25715.625,0.7056,0.8929374999999999,0.8559,1.0,5.0,5.0,0.0,0.0,474.2,18.37,2,2,6,5,8,2,1,0,1,1,2
763,18.86,110.45,4,25715.625,0.3227,0.8929374999999999,0.4672,1.0,5.0,4.0,0.0,0.0,495.31,18.9,2,2,19,5,8,2,1,0,1,1,3
793,35.32,112.4,5,25715.625,0.8263,0.8929374999999999,0.937,1.0,4.0,4.0,0.0,0.0,495.31,19.09,2,2,0,6,8,2,1,1,1,1,3
776,15.98,111.06,3,25715.625,0.3468,0.8929374999999999,0.3971,1.0,3.0,3.0,0.0,0.0,495.31,19.5,3,2,10,6,8,2,1,0,1,1,0
571,51.42,81.5,2,25715.625,0.7861,0.8929374999999999,0.8977,1.0,2.0,2.0,0.0,0.0,546.39,19.96,3,2,21,6,8,2,1,0,1,1,0
739,16.34,114.06,4,25715.625,0.3636,0.8929374999999999,0.4489,1.0,4.0,4.0,0.0,0.0,546.39,20.03,3,2,22,6,8,2,1,1,1,1,0
574,18.77,71.75,3,28800.0,0.2922,1.0,0.2922,1.0,3.0,3.0,0.0,0.0,546.39,20.42,3,2,8,0,9,2,0,0,1,1,0
680,11.0,85.0,2,28800.0,0.1434,1.0,0.2151,1.0,3.0,2.0,0.0,0.0,546.39,20.86,3,2,18,0,9,2,0,0,1,1,1
654,48.61,81.75,4,28800.0,0.8293,1.0,0.8293,1.0,3.0,2.0,0.0,0.0,546.39,21.25,3,2,4,1,9,2,0,1,1,1,1
681,35.17,109.96,5,25715.625,0.7742,0.8929374999999999,1.0,1.0,5.0,5.0,0.0,0.0,546.39,21.6,3,2,12,1,9,2,0,0,1,1,1
851,32.98,130.83,5,25715.625,0.6776,0.8929374999999999,1.0,1.0,6.0,5.0,0.0,0.0,550.92,21.94,4,2,20,1,9,2,0,0,1,1,3
579,18.66,86.52,2,25715.625,0.2469,0.8929374999999999,0.4427,1.0,3.0,2.0,0.0,0.0,622.83,22.32,4,2,5,2,9,2,0,1,1,1,0
591,33.75,73.88,1,28800.0,0.1771,1.0,0.5315,1.0,3.0,1.0,0.0,0.0,622.83,22.35,4,2,6,2,9,2,0,0,1,1,0
760,38.67,95.0,4,28800.0,0.9885,1.0,0.9885,1.0,4.0,4.0,0.0,0.0,622.83,22.86,4,2,18,2,9,2,0,0,1,1,0
763,36.57,95.38,2,28800.0,0.5442,1.0,0.8163,1.0,4.0,4.0,0.0,0.0,622.83,23.29,4,2,4,3,9,2,0,1,1,1,0
761,27.63,95.12,2,28800.0,0.6997,1.0,0.6997,1.0,2.0,2.0,0.0,0.0,622.83,23.42,4,2,8,3,9,2,0,0,1,1,0
745,11.12,93.12,2,28800.0,0.2644,1.0,0.2644,1.0,2.0,2.0,0.0,0.0,622.83,23.68,4,2,14,3,9,2,0,0,1,1,0
746,11.37,93.25,4,28800.0,0.2401,1.0,0.2401,1.0,4.0,4.0,0.0,0.0,622.83,24.01,4,2,22,3,9,2,0,1,1,1,0
786,24.34,98.25,5,28800.0,0.5513,1.0,0.5513,1.0,5.0,5.0,0.0,0.0,622.83,24.62,4,2,12,4,9,2,0,0,1,1,1
716,19.91,89.5,2,28800.0,0.3995,1.0,0.3995,1.0,2.0,2.0,0.0,0.0,622.83,24.71,4,2,14,4,9,2,0,0,1,1,1
782,23.88,97.75,5,28800.0,0.4041,1.0,0.4849,1.0,1.0,1.0,0.0,0.0,624.83,24.783749,5,2,3,5,9,2,1,1,1,1,1
844,42.21,141.61,2,25715.625,0.745,0.8929374999999999,1.0,1.0,2.0,2.0,0.0,0.0,631.39,24.783749,6,3,15,5,9,2,1,0,1,1,0
777,12.99,157.62,1,25715.625,0.2989,0.8929374999999999,0.4851,1.0,6.0,6.0,0.0,0.0,663.15,0.42,6,3,3,6,9,3,1,1,1,1,3
745,35.23,93.12,6,28800.0,0.8601,1.0,0.8601,1.0,6.0,6.0,0.0,0.0,663.15,0.77,5,3,11,6,9,3,1,0,1,1,3
772,49.0,96.5,2,28800.0,1.0,1.0,1.0,1.0,2.0,2.0,0.0,0.0,663.15,0.95,5,3,15,6,9,3,1,0,1,1,3
665,27.86,83.12,6,28800.0,0.5188,1.0,0.5188,1.0,1.0,1.0,0.0,0.0,663.15,1.35,6,3,1,0,10,3,0,1,1,1,0
779,42.27,115.8,2,25715.625,0.8409,0.8929374999999999,1.0,1.0,2.0,2.0,0.0,0.0,745.11,1.62,6,3,7,0,10,3,0,0,1,1,0
796,31.08,108.48,4,26416.0,0.6419,0.9172,0.8748,1.0,5.0,4.0,0.0,0.0,745.11,2.04,6,3,18,0,10,3,0,0,1,1,0
852,31.06,125.14,1,25715.625,0.6931,0.8929374999999999,0.8145,1.0,8.0,8.0,0.0,0.0,745.11,2.37,6,3,1,1,10,3,0,1,1,1,0
685,36.25,85.62,4,28800.0,0.521,1.0,0.6512,1.0,5.0,4.0,0.0,0.0,745.11,2.55,6,3,6,1,10,3,0,0,1,1,0
724,50.38,90.5,5,28800.0,0.8031,1.0,0.9638,1.0,6.0,5.0,0.0,0.0,745.11,2.88,6,3,14,1,10,3,0,0,1,1,0
742,29.18,92.75,8,28800.0,0.6954,1.0,0.6954,1.0,3.0,3.0,0.0,0.0,745.11,3.39,4,2,2,2,10,3,0,1,1,1,0
806,10.93,100.75,2,28800.0,0.2536,1.0,0.2536,1.0,2.0,2.0,0.0,0.0,745.11,3.73,4,2,10,2,10,3,0,0,1,1,0
846,12.32,105.75,6,28800.0,0.289,1.0,0.289,1.0,6.0,6.0,0.0,0.0,745.11,4.17,4,1,21,2,10,3,0,0,1,1,0
667,29.7,83.38,3,28800.0,0.5746,1.0,0.5746,1.0,5.0,5.0,0.0,0.0,745.11,4.48,4,1,4,3,10,3,0,1,1,1,0
501,27.21,65.03,5,27734.0,0.365,0.963,0.4549,1.0,6.0,5.0,0.0,0.0,745.11,4.77,4,1,11,3,10,3,0,0,1,1,0
890,34.45,119.96,4,26710.0,0.6798,0.9274,0.9163,1.0,5.0,4.0,0.0,0.0,835.74,5.01,4,1,17,3,10,3,0,0,1,1,0
743,30.72,97.25,5,27504.0,0.6006,0.955,0.6289,1.0,6.0,6.0,0.0,0.0,835.74,5.46,4,1,4,4,10,3,0,1,1,1,0
767,14.95,95.88,6,28800.0,0.3143,1.0,0.3143,1.0,6.0,6.0,0.0,0.0,835.74,5.78,4,1,11,4,10,3,0,0,1,1,0
692,29.55,86.5,5,28800.0,0.674,1.0,0.674,1.0,5.0,5.0,0.0,0.0,835.74,6.04,4,1,17,4,10,3,0,0,1,1,0
765,25.45,95.62,6,28800.0,0.502,1.0,0.502,1.0,6.0,6.0,0.0,0.0,835.74,6.24,4,1,22,4,10,3,0,1,1,1,0
835,25.91,104.38,4,28800.0,0.7158,1.0,0.7158,1.0,4.0,4.0,0.0,0.0,835.74,6.85,1,1,13,5,10,3,1,0,1,1,0
804,38.46,100.5,4,28800.0,0.8018,1.0,0.8018,1.0,4.0,4.0,0.0,0.0,835.74,7.03,1,1,17,5,10,3,1,0,1,1,0
697,15.15,87.12,2,28800.0,0.3357,1.0,0.3357,1.0,6.0,6.0,0.0,0.0,835.74,7.46,1,1,4,6,10,3,1,1,1,1,0
815,39.67,101.88,6,28800.0,0.903,1.0,0.903,1.0,6.0,6.0,0.0,0.0,835.74,7.64,1,1,8,6,10,3,1,0,1,1,0
820,32.96,102.5,2,28800.0,0.935,1.0,0.935,1.0,2.0,2.0,0.0,0.0,835.74,7.89,1,1,14,6,10,3,1,0,1,1,3
738,27.65,92.25,6,28800.0,0.6311,1.0,0.6311,1.0,2.0,2.0,0.0,0.0,835.74,8.44,0,1,3,0,11,3,0,1,1,1,3
695,38.64,98.74,2,25715.625,0.8731,0.8929374999999999,0.9924,1.0,2.0,2.0,0.0,0.0,835.74,8.56,0,1,6,0,11,3,0,0,1,1,3
576,18.19,79.91,5,25948.0,0.2704,0.901,0.3001,1.0,5.0,5.0,0.0,0.0,889.55,9.06,1,1,18,0,11,3,0,0,1,1,0
702,30.84,103.06,2,25715.625,0.731,0.8929374999999999,0.8586,1.0,3.0,3.0,0.0,0.0,889.55,9.48,1,1,4,1,11,3,0,1,1,1,0
770,31.85,96.25,3,28800.0,0.6836,1.0,0.6836,1.0,3.0,3.0,0.0,0.0,889.55,9.56,1,1,6,1,11,3,0,0,1,1,0
809,28.65,101.12,5,28800.0,0.7399,1.0,0.7399,1.0,5.0,5.0,0.0,0.0,889.55,10.13,1,1,20,1,11,3,0,0,1,1,0
757,45.97,94.62,3,28800.0,0.9604,1.0,0.9604,1.0,2.0,2.0,0.0,0.0,889.55,10.34,1,1,1,2,11,3,0,1,1,1,0
733,33.23,107.73,5,25715.625,0.689,0.8929374999999999,0.9722,1.0,6.0,5.0,0.0,0.0,889.55,10.79,1,1,11,2,11,3,0,0,1,1,0
666,42.62,93.9,6,25715.625,0.7983,0.8929374999999999,0.9004,1.0,6.0,6.0,0.0,0.0,958.15,0.01,1,2,21,2,11,3,0,0,1,1,0
715,34.33,108.05,2,25715.625,0.8272,0.8929374999999999,1.0,1.0,5.0,4.0,0.0,0.0,958.15,0.14,1,2,0,3,11,3,0,1,1,1,0
455,12.32,56.88,5,28800.0,0.1477,1.0,0.1477,1.0,5.0,5.0,0.0,0.0,958.15,0.44,1,2,7,3,11,3,0,0,1,1,0
792,21.02,99.0,5,28800.0,0.5497,1.0,0.5497,1.0,5.0,5.0,0.0,0.0,958.15,0.84,1,2,17,3,11,3,0,0,1,1,0
731,21.53,91.38,4,28800.0,0.3554,1.0,0.4442,1.0,5.0,5.0,0.0,0.0,958.15,1.22,1,2,2,4,11,3,0,1,1,1,0
661,21.05,82.62,6,28800.0,0.3776,1.0,0.3776,1.0,6.0,6.0,0.0,0.0,958.15,1.57,1,2,11,4,11,3,0,0,1,1,0
750,38.1,93.75,3,28800.0,0.8172,1.0,0.8172,1.0,3.0,3.0,0.0,0.0,958.15,1.77,1,2,15,4,11,3,0,0,1,1,0
761,40.65,95.12,5,28800.0,0.901,1.0,0.901,1.0,5.0,5.0,0.0,0.0,958.15,2.1,1,2,23,4,11,3,0,1,1,1,0
821,28.2,104.91,1,28173.0,0.3093,0.9782,0.6324,1.0,2.0,1.0,0.0,0.0,958.15,2.43,1,2,7,5,11,3,1,0,1,1,0
498,30.54,64.08,6,27976.0,0.5103,0.9714,0.5253,1.0,6.0,6.0,0.0,0.0,1068.84,2.97,2,2,20,5,11,3,1,0,1,1,0
879,11.44,114.65,1,27601.0,0.3388,0.9584,0.3535,1.0,2.0,2.0,0.0,0.0,1068.84,3.21,2,2,2,6,11,3,1,1,1,1,0
853,16.3,106.62,3,28800.0,0.425,1.0,0.425,1.0,3.0,3.0,0.0,0.0,1068.84,3.45,2,2,8,6,11,3,1,0,1,1,0
671,29.73,83.88,1,28800.0,0.3387,1.0,0.6775,1.0,2.0,1.0,0.0,0.0,1068.84,3.82,2,2,17,6,11,3,1,0,1,1,0
829,33.7,103.62,2,28800.0,0.7642,1.0,0.7642,1.0,3.0,3.0,0.0,0.0,1068.84,4.15,2,2,1,0,12,3,0,1,1,1,0
734,35.41,91.75,2,28800.0,0.7656,1.0,0.7656,1.0,2.0,2.0,0.0,0.0,1068.84,4.38,2,2,6,0,12,3,0,0,1,1,0
768,17.43,96.0,5,28800.0,0.3544,1.0,0.3544,1.0,5.0,5.0,0.0,0.0,1068.84,4.85,1,2,17,0,12,3,0,0,1,1,0
776,32.7,97.0,3,28800.0,0.873,1.0,0.873,1.0,6.0,6.0,0.0,0.0,1068.84,5.3,1,2,4,1,12,3,0,1,1,1,0
698,22.91,87.25,4,28800.0,0.3484,1.0,0.4355,1.0,5.0,4.0,0.0,0.0,1068.84,5.55,1,2,10,1,12,3,0,0,1,1,0
834,39.32,104.25,2,28800.0,1.0,1.0,1.0,1.0,2.0,2.0,0.0,0.0,1068.84,5.9,1,2,18,1,12,3,0,0,1,1,0
683,25.82,85.38,6,28800.0,0.5241,1.0,0.5241,1.0,6.0,6.0,0.0,0.0,1068.84,6.31,1,2,4,2,12,3,0,1,1,1,0
660,18.48,82.5,4,28800.0,0.4052,1.0,0.4052,1.0,4.0,4.0,0.0,0.0,1068.84,6.58,1,2,11,2,12,3,0,0,1,1,2
779,30.42,97.38,5,28800.0,0.795,1.0,0.795,1.0,5.0,5.0,0.0,0.0,1068.84,6.88,1,2,18,2,12,3,0,0,1,1,2
726,38.14,90.75,6,28800.0,0.907,1.0,0.907,1.0,2.0,2.0,0.0,0.0,1068.84,7.2,1,2,2,3,12,3,0,1,1,1,2
662,42.01,84.5,4,28205.0,0.5838,0.9793,0.7452,1.0,5.0,4.0,0.0,0.0,1199.97,7.53,2,2,10,3,12,3,0,0,1,1,0
768,30.52,97.19,3,28446.0,0.6904,0.9877,0.699,1.0,3.0,3.0,0.0,0.0,1199.97,7.75,2,2,15,3,12,3,0,0,1,1,0
846,9.81,107.44,2,28346.0,0.2793,0.9842,0.2838,1.0,2.0,2.0,0.0,0.0,1199.97,8.05,2,2,22,3,12,3,0,1,1,1,0
712,42.34,89.0,3,28800.0,0.8539,1.0,0.8539,1.0,3.0,3.0,0.0,0.0,1199.97,8.49,2,2,9,4,12,3,0,0,1,1,0
790,48.01,98.75,2,28800.0,1.0,1.0,1.0,1.0,2.0,2.0,0.0,0.0,1199.97,9.0,2,2,21,4,12,3,0,0,1,1,0
733,33.69,91.62,6,28800.0,0.7152,1.0,0.7152,1.0,2.0,2.0,0.0,0.0,1199.97,9.11,2,2,0,5,12,3,1,1,1,1,0
757,28.98,94.62,2,28800.0,0.4045,1.0,0.6067,1.0,3.0,2.0,0.0,0.0,1199.97,9.44,2,2,7,5,12,3,1,0,1,1,0
697,44.54,87.12,2,28800.0,0.8045,1.0,0.8045,1.0,2.0,2.0,0.0,0.0,1199.97,9.97,1,2,20,5,12,3,1,0,1,1,0
707,22.14,88.38,2,28800.0,0.5398,1.0,0.5398,1.0,3.0,3.0,0.0,0.0,1199.97,10.26,1,2,3,6,12,3,1,1,1,1,0
803,22.67,100.38,2,28800.0,0.4815,1.0,0.4815,1.0,2.0,2.0,0.0,0.0,1199.97,10.88,1,2,18,6,12,3,1,0,1,1,0
752,18.97,94.0,3,28800.0,0.4609,1.0,0.4609,1.0,3.0,3.0,0.0,0.0,1199.97,11.29,1,2,4,0,13,3,0,1,1,1,0
647,22.29,80.88,6,28800.0,0.4558,1.0,0.4558,1.0,6.0,6.0,0.0,0.0,1199.97,11.42,1,2,7,0,13,3,0,0,1,1,0
637,41.63,79.62,2,28800.0,0.7505,1.0,0.7505,1.0,2.0,2.0,0.0,0.0,1199.97,11.86,1,2,18,0,13,3,0,0,1,1,0
683,15.57,85.38,3,28800.0,0.2846,1.0,0.2846,1.0,3.0,3.0,0.0,0.0,1199.97,12.09,1,2,23,0,13,3,0,1,1,1,3
813,12.15,109.19,3,26804.0,0.3082,0.9307,0.3312,1.0,3.0,3.0,0.0,0.0,1199.97,12.51,1,2,9,1,13,3,0,0,1,1,3
771,34.31,105.75,4,26246.0,0.9032,0.9113,0.9911,1.0,4.0,4.0,0.0,0.0,1199.97,12.95,1,2,20,1,13,3,0,0,1,1,3
571,47.63,74.44,2,27615.0,0.7901,0.9589,0.824,1.0,4.0,4.0,0.0,0.0,1396.58,13.2,2,2,2,2,13,3,0,1,1,1,0
857,37.8,107.12,3,28800.0,0.9638,1.0,0.9638,1.0,3.0,3.0,0.0,0.0,1396.58,13.62,2,2,12,2,13,3,0,0,1,1,0
687,24.78,85.88,4,28800.0,0.5568,1.0,0.5568,1.0,4.0,4.0,0.0,0.0,1396.58,13.99,2,2,21,2,13,3,0,0,1,1,0
874,38.79,109.25,4,28800.0,1.0,1.0,1.0,1.0,4.0,4.0,0.0,0.0,1396.58,14.07,2,2,22,2,13,3,0,1,1,1,0
649,35.05,81.12,1,28800.0,0.3798,1.0,0.7596,1.0,2.0,1.0,0.0,0.0,1396.58,14.47,2,2,8,3,13,3,0,0,1,1,0
745,41.6,93.12,2,28800.0,0.9807,1.0,0.9807,1.0,2.0,2.0,0.0,0.0,1396.58,14.77,1,2,15,3,13,3,0,0,1,1,0
777,42.28,97.12,4,28800.0,0.9686,1.0,0.9686,1.0,5.0,4.0,0.0,0.0,1396.58,15.27,1,2,3,4,13,3,0,1,1,1,0
749,14.18,93.62,5,28800.0,0.3344,1.0,0.3344,1.0,5.0,5.0,0.0,0.0,1396.58,15.67,1,2,13,4,13,3,0,0,1,1,0
887,26.55,110.88,3,28800.0,0.749,1.0,0.749,1.0,3.0,3.0,0.0,0.0,1396.58,16.02,1,2,21,4,13,3,0,0,1,1,0
646,40.27,80.75,4,28800.0,0.6808,1.0,0.851,1.0,5.0,5.0,0.0,0.0,1396.58,16.27,1,2,3,5,13,3,1,1,1,1,0
749,39.65,93.62,4,28800.0,0.8637,1.0,0.8637,1.0,4.0,4.0,0.0,0.0,1396.58,16.45,1,2,8,5,13,3,1,0,1,1,0
623,37.33,77.88,5,28800.0,0.7069,1.0,0.7069,1.0,5.0,5.0,0.0,0.0,1396.58,17.05,1,2,22,5,13,3,1,1,1,1,0
890,27.78,111.25,4,28800.0,0.7757,1.0,0.7757,1.0,4.0,4.0,0.0,0.0,1396.58,17.54,1,2,10,6,13,3,1,0,1,1,0
743,13.44,92.88,4,28800.0,0.2704,1.0,0.338,1.0,5.0,4.0,0.0,0.0,1396.58,17.98,1,2,20,6,13,3,1,0,1,1,0
717,30.71,89.62,4,28800.0,0.7317,1.0,0.7317,1.0,4.0,4.0,0.0,0.0,1396.58,18.1,1,2,23,6,13,3,1,1,1,1,0
816,31.73,102.0,6,28800.0,0.7562,1.0,0.7562,1.0,6.0,6.0,0.0,0.0,1396.58,18.41,1,2,7,0,14,3,0,0,1,1,0
651,40.91,81.38,5,28800.0,0.6856,1.0,0.6856,1.0,5.0,5.0,0.0,0.0,1396.58,18.82,1,1,17,0,14,3,0,0,1,1,0
671,37.53,83.88,3,28800.0,0.6922,1.0,0.6922,1.0,6.0,6.0,0.0,0.0,1396.58,19.12,1,1,0,1,14,3,0,1,1,1,0
725,33.13,90.62,3,28800.0,0.7101,1.0,0.7101,1.0,3.0,3.0,0.0,0.0,1396.58,19.44,1,1,7,1,14,3,0,0,1,1,0
631,47.26,78.88,2,28800.0,0.8707,1.0,0.8707,1.0,2.0,2.0,0.0,0.0,1396.58,19.8,1,1,16,1,14,3,0,0,1,1,0
680,46.84,85.0,6,28800.0,0.8495,1.0,0.8495,1.0,3.0,3.0,0.0,0.0,1396.58,20.29,0,1,4,2,14,4,0,1,1,1,2
803,11.52,100.38,2,28800.0,0.1918,1.0,0.2877,1.0,3.0,2.0,0.0,0.0,1396.58,20.46,0,1,8,2,14,4,0,0,1,1,2
679,26.56,84.88,2,28800.0,0.3763,1.0,0.5644,1.0,3.0,2.0,0.0,0.0,1396.58,20.87,0,1,18,2,14,4,0,0,1,1,2
808,30.41,101.0,3,28800.0,0.7752,1.0,0.7752,1.0,2.0,2.0,0.0,0.0,1396.58,21.24,0,1,3,3,14,4,0,1,1,1,2
721,37.99,93.81,3,27669.0,0.9148,0.9607,0.9522,1.0,3.0,3.0,0.0,0.0,1434.73,21.47,1,1,8,3,14,4,0,0,1,1,0
647,24.42,85.61,3,27208.0,0.5401,0.9447,0.5717,1.0,3.0,3.0,0.0,0.0,1434.73,21.79,1,1,16,3,14,4,0,0,1,1,0
821,35.19,107.07,2,27604.0,0.9519,0.9585,0.9931,1.0,2.0,2.0,0.0,0.0,1434.73,22.1,1,1,23,3,14,4,0,1,1,1,3
699,38.68,133.49,5,25715.625,0.6545,0.8929374999999999,1.0,1.0,5.0,5.0,0.0,0.0,1434.73,22.44,1,1,7,4,14,4,0,0,1,1,3
770,13.17,140.37,3,25715.625,0.3479,0.8929374999999999,0.5073,1.0,3.0,3.0,0.0,0.0,1434.73,22.87,1,1,18,4,14,4,0,0,1,1,3
678,26.6,124.48,4,25715.625,0.5704,0.8929374999999999,0.8378,1.0,4.0,4.0,0.0,0.0,1436.73,0.05,1,2,22,4,14,4,0,1,1,1,3
737,40.14,92.12,4,28800.0,0.824,1.0,0.824,1.0,4.0,4.0,0.0,0.0,1459.33,0.49,2,2,9,5,14,4,1,0,1,1,1
811,45.12,101.38,2,28800.0,1.0,1.0,1.0,1.0,2.0,2.0,0.0,0.0,1459.33,0.96,2,2,20,5,14,4,1,0,1,1,1
737,43.56,92.12,4,28800.0,0.8296,1.0,0.8296,1.0,4.0,4.0,0.0,0.0,1544.4,1.34,3,2,5,6,14,4,1,1,1,1,0
778,32.18,111.08,2,25715.625,0.7105,0.8929374999999999,0.8115,1.0,2.0,2.0,0.0,0.0,1544.4,1.47,3,2,8,6,14,4,1,0,1,1,0
601,28.81,82.04,2,26371.0,0.4635,0.9157,0.5062,1.0,2.0,2.0,0.0,0.0,1544.4,1.82,3,2,17,6,14,4,1,0,1,1,0
676,37.87,90.97,4,26753.0,0.8248,0.9289,0.8879,1.0,4.0,4.0,0.0,0.0,1544.4,2.25,3,2,3,0,15,4,0,1,1,1,0
840,22.05,105.0,3,28800.0,0.6361,1.0,0.6361,1.0,3.0,3.0,0.0,0.0,1544.4,2.59,3,2,11,0,15,4,0,0,1,1,0
680,12.92,85.0,4,28800.0,0.2333,1.0,0.2333,1.0,4.0,4.0,0.0,0.0,1544.4,2.78,3,2,15,0,15,4,0,0,1,1,0
742,27.15,92.75,4,28800.0,0.6176,1.0,0.6176,1.0,4.0,4.0,0.0,0.0,1544.4,3.67,3,2,13,1,15,4,0,0,1,1,0
713,38.81,89.12,5,28800.0,0.8601,1.0,0.8601,1.0,5.0,5.0,0.0,0.0,1544.4,3.87,3,2,18,1,15,4,0,0,1,1,3
666,32.75,83.25,1,28800.0,0.1928,1.0,0.5786,1.0,2.0,2.0,0.0,0.0,1544.4,4.15,3,2,0,2,15,4,0,1,1,1,3
853,8.64,135.38,6,25715.625,0.2423,0.8929374999999999,0.3076,1.0,6.0,6.0,0.0,0.0,1544.4,4.53,3,2,9,2,15,4,0,0,1,1,3
678,24.07,102.87,6,25715.625,0.4935,0.8929374999999999,0.599,1.0,6.0,6.0,0.0,0.0,1554.46,4.98,4,2,20,2,15,4,0,0,1,1,0
731,29.04,112.01,2,25715.625,0.6411,0.8929374999999999,0.7859,1.0,3.0,3.0,0.0,0.0,1554.46,5.23,4,2,2,3,15,4,0,1,1,1,0
761,25.39,101.35,5,27031.0,0.6657,0.9386,0.7092,1.0,5.0,5.0,0.0,0.0,1554.46,5.37,3,2,6,3,15,4,0,0,1,1,0
648,17.88,85.58,3,27258.0,0.2589,0.9465,0.3647,1.0,4.0,3.0,0.0,0.0,1600.1,0.56,3,3,21,3,15,4,0,0,1,1,0
676,44.2,89.94,3,27057.0,0.8483,0.9395,0.9029,1.0,3.0,3.0,0.0,0.0,1600.1,0.65,3,3,23,3,15,4,0,1,1,1,0
699,34.66,87.38,5,28800.0,0.7349,1.0,0.7349,1.0,5.0,5.0,0.0,0.0,1600.1,1.0,3,3,7,4,15,4,0,0,1,1,2
732,13.02,91.5,4,28800.0,0.2216,1.0,0.277,1.0,5.0,4.0,0.0,0.0,1600.1,1.53,3,2,20,4,15,4,0,0,1,1,2
711,27.22,88.88,8,28800.0,0.576,1.0,0.576,1.0,1.0,1.0,0.0,0.0,1600.1,1.82,2,2,3,5,15,4,1,1,1,1,2
774,11.48,104.6,3,26638.0,0.2553,0.9249,0.276,1.0,3.0,3.0,0.0,0.0,1600.1,1.96,3,2,7,5,15,4,1,0,1,1,0
794,29.0,113.66,3,25715.625,0.6793,0.8929374999999999,0.7779,1.0,3.0,3.0,0.0,0.0,1731.09,2.31,3,2,15,5,15,4,1,0,1,1,0
619,16.35,88.39,1,25715.625,0.2934,0.8929374999999999,0.3352,1.0,5.0,5.0,0.0,0.0,1731.09,2.75,2,2,1,6,15,4,1,1,1,1,0
754,25.42,94.25,4,28800.0,0.5427,1.0,0.5427,1.0,4.0,4.0,0.0,0.0,1731.09,3.43,2,2,18,6,15,4,1,0,1,1,0
787,22.95,98.38,5,28800.0,0.5094,1.0,0.5094,1.0,2.0,2.0,0.0,0.0,1731.09,3.8,2,2,3,0,16,4,0,1,1,1,0
707,36.15,88.38,5,28800.0,0.773,1.0,0.773,1.0,5.0,5.0,0.0,0.0,1731.09,3.98,2,2,7,0,16,4,0,0,1,1,0
644,21.74,80.5,5,28800.0,0.3748,1.0,0.3748,1.0,5.0,5.0,0.0,0.0,1731.09,4.34,2,2,16,0,16,4,0,0,1,1,0
748,33.27,93.5,2,28800.0,0.8451,1.0,0.8451,1.0,8.0,8.0,0.0,0.0,1731.09,4.82,2,2,3,1,16,4,0,1,1,1,0
724,20.35,90.5,4,28800.0,0.3811,1.0,0.3811,1.0,4.0,4.0,0.0,0.0,1731.09,5.14,2,2,11,1,16,4,0,0,1,1,0
638,24.4,79.75,3,28800.0,0.3409,1.0,0.4546,1.0,4.0,3.0,0.0,0.0,1731.09,5.55,2,2,21,1,16,4,0,0,1,1,0
667,44.22,83.38,8,28800.0,0.7631,1.0,0.8585,1.0,7.0,7.0,0.0,0.0,1731.09,5.72,2,2,1,2,16,4,0,1,1,1,0
644,11.14,80.5,3,28800.0,0.17,1.0,0.2267,1.0,4.0,3.0,0.0,0.0,1731.09,6.22,2,2,13,2,16,4,0,0,1,1,0
758,36.77,94.75,6,28800.0,0.892,1.0,0.892,1.0,6.0,6.0,0.0,0.0,1731.09,6.43,1,2,18,2,16,4,0,0,1,1,0
761,21.07,95.12,7,28800.0,0.474,1.0,0.474,1.0,5.0,5.0,0.0,0.0,1731.09,6.89,1,2,5,3,16,4,0,1,1,1,0
756,48.59,111.31,4,25715.625,0.849,0.8929374999999999,1.0,1.0,4.0,4.0,0.0,0.0,1731.09,7.22,1,2,13,3,16,4,0,0,1,1,0
779,35.17,107.17,6,26168.0,0.8009,0.9086,0.8815,1.0,6.0,6.0,0.0,0.0,1731.09,7.26,1,2,14,3,16,4,0,0,1,1,0
751,34.14,106.33,5,25715.625,0.7178,0.8929374999999999,0.8131,1.0,1.0,1.0,0.0,0.0,1884.62,0.12,1,3,1,4,16,4,0,1,1,1,0
846,26.24,105.75,3,28800.0,0.6016,1.0,0.6016,1.0,3.0,3.0,0.0,0.0,1884.62,0.6,1,3,13,4,16,4,0,0,1,1,0
843,15.03,105.38,3,28800.0,0.4391,1.0,0.4391,1.0,3.0,3.0,0.0,0.0,1884.62,0.86,1,3,19,4,16,4,0,0,1,1,0
666,19.05,83.25,1,28800.0,0.3381,1.0,0.3381,1.0,6.0,6.0,0.0,0.0,1884.62,1.27,1,3,5,5,16,4,1,1,1,1,0
632,20.38,79.0,1,28800.0,0.1868,1.0,0.3737,1.0,2.0,1.0,0.0,0.0,1884.62,1.39,0,3,8,5,16,4,1,0,1,1,0
674,10.86,84.25,4,28800.0,0.1563,1.0,0.1954,1.0,5.0,4.0,0.0,0.0,1884.62,1.84,0,3,18,5,16,4,1,0,1,1,0
663,36.45,82.88,6,28800.0,0.7537,1.0,0.7537,1.0,5.0,5.0,0.0,0.0,1884.62,2.24,0,3,4,6,16,4,1,1,1,1,0
679,40.17,84.88,5,28800.0,0.8388,1.0,0.8388,1.0,5.0,5.0,0.0,0.0,1884.62,2.33,0,3,6,6,16,4,1,0,1,1,0
697,39.3,87.12,3,28800.0,0.7074,1.0,0.7074,1.0,3.0,3.0,0.0,0.0,1884.62,2.67,0,3,14,6,16,4,1,0,1,1,0
726,16.91,90.75,5,28800.0,0.3537,1.0,0.3537,1.0,5.0,5.0,0.0,0.0,1884.62,3.03,0,3,23,6,16,4,1,1,1,1,0
757,18.83,94.62,6,28800.0,0.4492,1.0,0.4492,1.0,6.0,6.0,0.0,0.0,1884.62,3.56,0,3,12,0,17,4,0,0,1,1,0
874,31.58,109.25,2,28800.0,0.8773,1.0,0.8773,1.0,2.0,2.0,0.0,0.0,1884.62,3.79,0,3,17,0,17,4,0,0,1,1,0
832,38.08,104.0,4,28800.0,0.8,1.0,1.0,1.0,5.0,3.0,0.0,0.0,1884.62,4.27,0,3,5,1,17,4,0,1,1,1,0
760,32.01,95.0,4,28800.0,0.765,1.0,0.765,1.0,4.0,4.0,0.0,0.0,1884.62,4.63,0,3,13,1,17,4,0,0,1,1,0
791,46.87,98.88,5,28800.0,0.9577,1.0,0.9577,1.0,5.0,5.0,0.0,0.0,1884.62,4.78,0,3,17,1,17,4,0,0,1,1,0
793,10.03,99.12,3,28800.0,0.15,1.0,0.25,1.0,4.0,4.0,0.0,0.0,1884.62,5.2,0,3,3,2,17,4,0,1,1,1,0
707,12.7,88.38,3,28800.0,0.2152,1.0,0.287,1.0,4.0,3.0,0.0,0.0,1884.62,5.43,0,3,8,2,17,4,0,0,1,1,3
779,22.26,97.38,3,28800.0,0.3617,1.0,0.4823,1.0,4.0,3.0,0.0,0.0,1884.62,5.67,0,3,14,2,17,4,0,0,1,1,3
677,16.33,84.62,4,28800.0,0.2924,1.0,0.2924,1.0,2.0,2.0,0.0,0.0,1884.62,6.11,0,3,1,3,17,4,0,1,1,1,3
808,12.14,108.57,4,26793.0,0.2699,0.9303,0.2901,1.0,4.0,4.0,0.0,0.0,2056.08,6.59,1,3,12,3,17,4,0,0,1,1,0
865,29.75,125.26,3,25715.625,0.8632,0.8929374999999999,1.0,1.0,3.0,3.0,0.0,0.0,2056.08,6.74,1,3,16,3,17,4,0,0,1,1,0
612,32.31,86.33,2,25715.625,0.5157,0.8929374999999999,0.582,1.0,2.0,2.0,0.0,0.0,2056.08,7.0,1,3,22,3,17,4,0,1,1,1,0
665,13.27,83.12,5,28800.0,0.2967,1.0,0.2967,1.0,5.0,5.0,0.0,0.0,2056.08,7.4,1,3,8,4,17,4,0,0,1,1,0
725,27.52,90.62,5,28800.0,0.6497,1.0,0.6497,1.0,5.0,5.0,0.0,0.0,2056.08,7.93,1,3,21,4,17,4,0,0,1,1,0
668,16.24,83.5,4,28800.0,0.3321,1.0,0.3321,1.0,1.0,1.0,0.0,0.0,2056.08,8.14,1,3,2,5,17,4,1,1,1,1,0
761,17.47,95.12,2,28800.0,0.3673,1.0,0.3673,1.0,2.0,2.0,0.0,0.0,2056.08,8.41,1,3,8,5,17,4,1,0,1,1,0
720,12.68,90.0,6,28800.0,0.2492,1.0,0.2492,1.0,6.0,6.0,0.0,0.0,2056.08,8.86,1,3,19,5,17,4,1,0,1,1,0
731,40.59,91.38,1,28800.0,0.7843,1.0,0.7843,1.0,4.0,4.0,0.0,0.0,2056.08,9.06,1,3,0,6,17,4,1,1,1,1,0
760,24.34,95.0,3,28800.0,0.5309,1.0,0.5309,1.0,3.0,3.0,0.0,0.0,2056.08,9.48,1,3,10,6,17,4,1,0,1,1,0
781,26.67,97.62,2,28800.0,0.5668,1.0,0.5668,1.0,2.0,2.0,0.0,0.0,2056.08,9.78,1,3,17,6,17,4,1,0,1,1,0
666,24.71,83.25,4,28800.0,0.5363,1.0,0.5363,1.0,4.0,4.0,0.0,0.0,2056.08,9.99,1,3,22,6,17,4,1,1,1,1,0
668,46.28,83.5,4,28800.0,0.6586,1.0,0.8232,1.0,5.0,4.0,0.0,0.0,2056.08,10.6,1,3,13,0,18,4,0,0,1,1,0
696,24.73,87.0,3,28800.0,0.499,1.0,0.499,1.0,3.0,3.0,0.0,0.0,2056.08,10.65,1,3,14,0,18,4,0,0,1,1,0
774,18.37,96.75,3,28800.0,0.4924,1.0,0.4924,1.0,2.0,2.0,0.0,0.0,2056.08,11.15,1,3,2,1,18,4,0,1,1,1,0
786,44.67,98.25,6,28800.0,1.0,1.0,1.0,1.0,6.0,6.0,0.0,0.0,2056.08,11.32,1,3,6,1,18,4,0,0,1,1,0
566,18.07,70.75,3,28800.0,0.3013,1.0,0.3013,1.0,3.0,3.0,0.0,0.0,2056.08,11.64,1,3,14,1,18,4,0,0,1,1,0
642,14.16,80.25,2,28800.0,0.2425,1.0,0.2425,1.0,4.0,4.0,0.0,0.0,2056.08,12.16,1,3,2,2,18,4,0,1,1,1,0
727,21.94,90.88,3,28800.0,0.5157,1.0,0.5157,1.0,3.0,3.0,0.0,0.0,2056.08,12.45,1,3,9,2,18,4,0,0,1,1,0
722,44.54,90.25,4,28800.0,0.9827,1.0,0.9827,1.0,4.0,4.0,0.0,0.0,2056.08,12.75,1,3,16,2,18,4,0,0,1,1,0
745,45.59,93.12,4,28800.0,0.9675,1.0,0.9675,1.0,5.0,5.0,0.0,0.0,2056.08,13.12,1,3,1,3,18,4,0,1,1,1,0
644,18.31,98.42,4,25715.625,0.3126,0.8929374999999999,0.3822,1.0,4.0,4.0,0.0,0.0,2056.08,13.47,0,3,9,3,18,4,0,0,1,1,0
775,24.71,107.42,4,25972.0,0.5664,0.9018,0.6281,1.0,4.0,4.0,0.0,0.0,2056.08,13.78,0,4,17,3,18,4,0,0,1,1,0
695,42.1,94.41,5,26501.0,0.8702,0.9202,0.9457,1.0,4.0,4.0,0.0,0.0,2092.33,0.3,0,4,1,4,18,5,0,1,1,1,0
696,27.31,87.0,5,28800.0,0.5957,1.0,0.5957,1.0,5.0,5.0,0.0,0.0,2092.33,0.52,0,4,6,4,18,5,0,0,1,1,3
849,23.41,106.12,5,28800.0,0.6597,1.0,0.6597,1.0,5.0,5.0,0.0,0.0,2092.33,0.9,0,4,15,4,18,5,0,0,1,1,3
691,33.87,86.38,4,28800.0,0.7745,1.0,0.7745,1.0,4.0,4.0,0.0,0.0,2092.33,1.48,0,4,5,5,18,5,1,1,1,1,3
620,21.32,77.5,1,28800.0,0.2092,1.0,0.4185,1.0,2.0,1.0,0.0,0.0,2092.33,1.58,1,4,7,5,18,5,1,0,1,1,0
613,42.19,76.62,3,28800.0,0.802,1.0,0.802,1.0,3.0,3.0,0.0,0.0,2193.04,2.06,1,4,19,5,18,5,1,0,1,1,0
876,18.21,109.5,4,28800.0,0.4185,1.0,0.4185,1.0,5.0,5.0,0.0,0.0,2193.04,2.47,1,4,5,6,18,5,1,1,1,1,0
690,27.14,86.25,5,28800.0,0.4952,1.0,0.4952,1.0,5.0,5.0,0.0,0.0,2193.04,2.66,1,4,9,6,18,5,1,0,1,1,0
717,20.49,89.62,3,28800.0,0.4155,1.0,0.4155,1.0,3.0,3.0,0.0,0.0,2193.04,3.09,1,3,20,6,18,5,1,0,1,1,0
702,24.89,87.75,5,28800.0,0.5236,1.0,0.5236,1.0,4.0,4.0,0.0,0.0,2193.04,3.29,1,3,0,0,19,5,0,1,1,1,0
703,39.08,87.88,2,28800.0,0.8214,1.0,0.8214,1.0,2.0,2.0,0.0,0.0,2193.04,3.69,1,3,10,0,19,5,0,0,1,1,0
729,11.84,91.12,5,28800.0,0.2967,1.0,0.2967,1.0,5.0,5.0,0.0,0.0,2193.04,4.03,1,3,18,0,19,5,0,0,1,1,0
798,34.82,99.75,3,28800.0,0.8573,1.0,0.8573,1.0,3.0,3.0,0.0,0.0,2193.04,4.72,1,3,11,1,19,5,0,0,1,1,0
649,38.43,81.12,4,28800.0,0.7675,1.0,0.7675,1.0,4.0,4.0,0.0,0.0,2193.04,5.15,1,3,21,1,19,5,0,0,1,1,2
627,45.7,78.38,2,28800.0,0.8502,1.0,0.8502,1.0,7.0,6.0,0.0,0.0,2193.04,5.32,1,3,1,2,19,5,0,1,1,1,2
607,48.11,90.9,4,25715.625,0.6028,0.8929374999999999,0.9027,1.0,5.0,4.0,0.0,0.0,2193.04,5.67,1,3,9,2,19,5,0,0,1,1,2
674,31.15,92.3,2,26288.0,0.7126,0.9128,0.7807,1.0,2.0,2.0,0.0,0.0,2223.49,6.12,2,3,20,2,19,5,0,0,1,1,0
803,50.46,109.48,6,26405.0,0.7858,0.9168,1.0,1.0,1.0,1.0,0.0,0.0,2223.49,6.48,2,3,5,3,19,5,0,1,1,1,3
814,44.69,101.75,1,28800.0,0.5,1.0,1.0,1.0,2.0,1.0,0.0,0.0,2223.49,6.82,2,3,13,3,19,5,0,0,1,1,3
748,26.49,93.5,6,28800.0,0.5631,1.0,0.5631,1.0,6.0,6.0,0.0,0.0,2223.49,7.08,2,3,19,3,19,5,0,0,1,1,3
684,27.35,85.5,1,28800.0,0.6032,1.0,0.6032,1.0,2.0,2.0,0.0,0.0,2223.49,7.38,3,3,2,4,19,5,0,1,1,1,0
819,41.12,116.63,5,25715.625,0.8778,0.8929374999999999,1.0,1.0,5.0,5.0,0.0,0.0,2341.18,7.54,3,3,6,4,19,5,0,0,1,1,0
651,26.59,89.72,5,26122.0,0.5296,0.907,0.5839,1.0,5.0,5.0,0.0,0.0,2341.18,8.13,3,3,21,4,19,5,0,0,1,1,0
767,23.36,120.5,2,25715.625,0.4751,0.8929374999999999,0.5972,1.0,5.0,5.0,0.0,0.0,2341.18,8.36,3,3,2,5,19,5,1,1,1,1,0
811,38.45,101.38,6,28800.0,1.0,1.0,1.0,1.0,6.0,6.0,0.0,0.0,2341.18,8.51,2,3,6,5,19,5,1,0,1,1,0
766,41.47,95.75,3,28800.0,1.0,1.0,1.0,1.0,3.0,3.0,0.0,0.0,2341.18,9.1,2,2,20,5,19,5,1,0,1,1,0
721,23.22,90.12,5,28800.0,0.4997,1.0,0.4997,1.0,5.0,5.0,0.0,0.0,2341.18,9.21,2,2,22,5,19,5,1,1,1,1,0
694,41.71,86.75,3,28800.0,0.7812,1.0,0.7812,1.0,3.0,3.0,0.0,0.0,2341.18,9.66,2,2,9,6,19,5,1,0,1,1,0
754,39.68,94.25,5,28800.0,0.7498,1.0,0.8998,1.0,6.0,5.0,0.0,0.0,2341.18,10.06,2,2,19,6,19,5,1,0,1,1,0
810,14.41,101.25,3,28800.0,0.3161,1.0,0.3161,1.0,3.0,3.0,0.0,0.0,2341.18,10.27,2,2,0,0,20,5,0,1,1,1,0
810,23.8,101.25,4,28800.0,0.666,1.0,0.666,1.0,4.0,4.0,0.0,0.0,2341.18,10.82,2,2,13,0,20,5,0,0,1,1,0
798,26.94,99.75,4,28800.0,0.5747,1.0,0.5747,1.0,4.0,4.0,0.0,0.0,2341.18,11.02,2,2,18,0,20,5,0,0,1,1,0
741,45.22,92.62,3,28800.0,0.9268,1.0,0.9268,1.0,3.0,3.0,0.0,0.0,2341.18,11.25,2,2,23,0,20,5,0,1,1,1,0
838,18.17,104.75,2,28800.0,0.3963,1.0,0.3963,1.0,2.0,2.0,0.0,0.0,2341.18,11.79,2,2,12,1,20,5,0,0,1,1,1
752,33.33,94.0,3,28800.0,0.7925,1.0,0.7925,1.0,3.0,3.0,0.0,0.0,2341.18,11.91,2,2,15,1,20,5,0,0,1,1,1
763,35.2,95.38,6,28800.0,0.8722,1.0,0.8722,1.0,2.0,2.0,0.0,0.0,2348.12,12.4,3,2,3,2,20,5,0,1,1,1,1
623,28.82,94.05,2,25715.625,0.4891,0.8929374999999999,0.5907,1.0,2.0,2.0,0.0,0.0,2348.12,12.55,3,2,7,2,20,5,0,0,1,1,1
735,11.78,114.18,5,25715.625,0.2368,0.8929374999999999,0.2943,1.0,5.0,5.0,0.0,0.0,2356.62,12.87,4,2,14,2,20,5,0,0,1,1,0
718,17.73,120.11,2,25715.625,0.3401,0.8929374999999999,0.4551,1.0,3.0,3.0,0.0,0.0,2388.63,0.13,3,3,0,3,20,5,0,1,1,1,0
617,40.66,77.12,4,28800.0,0.7475,1.0,0.7475,1.0,4.0,4.0,0.0,0.0,2388.63,0.39,3,3,6,3,20,5,0,0,1,1,3
744,20.49,93.0,6,28800.0,0.4583,1.0,0.4583,1.0,6.0,6.0,0.0,0.0,2388.63,0.95,3,3,20,3,20,5,0,0,1,1,3
793,15.62,99.12,3,28800.0,0.3896,1.0,0.3896,1.0,2.0,2.0,0.0,0.0,2388.63,1.26,2,3,3,4,20,5,0,1,1,1,3
664,32.11,100.21,4,25715.625,0.6078,0.8929374999999999,0.7338,1.0,4.0,4.0,0.0,0.0,2402.01,1.45,3,3,8,4,20,5,0,0,1,1,3
700,47.21,107.69,6,25715.625,0.8125,0.8929374999999999,1.0,1.0,6.0,6.0,0.0,0.0,2402.01,1.74,3,3,15,4,20,5,0,0,1,1,3
766,24.67,103.3,2,26695.0,0.6388,0.9269,0.6892,1.0,5.0,5.0,0.0,0.0,2445.29,2.14,4,3,0,5,20,5,1,1,1,1,0
857,34.54,107.12,3,28800.0,0.6061,1.0,0.8082,1.0,4.0,3.0,0.0,0.0,2445.29,2.42,4,3,7,5,20,5,1,0,1,1,0
772,10.86,96.5,2,28800.0,0.2737,1.0,0.2737,1.0,2.0,2.0,0.0,0.0,2445.29,2.79,4,3,16,5,20,5,1,0,1,1,0
818,42.44,102.25,5,28800.0,1.0,1.0,1.0,1.0,5.0,5.0,0.0,0.0,2445.29,3.05,4,2,22,5,20,5,1,1,1,1,2
595,30.08,88.91,5,25715.625,0.5359,0.8929374999999999,0.6407,1.0,5.0,5.0,0.0,0.0,2445.29,3.51,4,2,9,6,20,5,1,0,1,1,2
782,34.21,114.43,6,25715.625,0.7247,0.8929374999999999,0.8484,1.0,6.0,6.0,0.0,0.0,2445.29,3.81,4,2,16,6,20,5,1,0,1,1,2
690,10.58,99.21,3,25715.625,0.2362,0.8929374999999999,0.2717,1.0,3.0,3.0,0.0,0.0,2531.5,4.04,5,2,22,6,20,5,1,1,1,1,0
880,39.0,110.0,6,28800.0,1.0,1.0,1.0,1.0,6.0,6.0,0.0,0.0,2531.5,4.62,5,2,12,0,21,5,0,0,1,1,0
768,31.41,96.0,4,28800.0,0.6931,1.0,0.6931,1.0,4.0,4.0,0.0,0.0,2531.5,4.88,5,2,18,0,21,5,0,0,1,1,0
651,16.07,81.38,2,28800.0,0.2954,1.0,0.2954,1.0,4.0,3.0,0.0,0.0,2531.5,5.23,5,2,2,1,21,5,0,1,1,1,0
728,37.08,91.0,3,28800.0,0.797,1.0,0.797,1.0,3.0,3.0,0.0,0.0,2531.5,5.35,5,2,6,1,21,5,0,0,1,1,0
738,22.29,92.25,6,28800.0,0.4843,1.0,0.4843,1.0,6.0,6.0,0.0,0.0,2531.5,5.73,5,2,14,1,21,5,0,0,1,1,0
737,19.08,92.12,3,28800.0,0.299,1.0,0.3987,1.0,4.0,3.0,0.0,0.0,2531.5,6.04,5,2,22,1,21,5,0,1,1,1,0
702,37.43,87.75,2,28800.0,0.6971,1.0,0.6971,1.0,2.0,2.0,0.0,0.0,2531.5,6.5,4,2,9,2,21,5,0,0,1,1,0
890,50.71,111.25,6,28800.0,1.0,1.0,1.0,1.0,6.0,6.0,0.0,0.0,2531.5,6.94,3,2,20,2,21,5,0,0,1,1,0
793,36.61,99.12,1,28800.0,0.9472,1.0,0.9472,1.0,6.0,6.0,0.0,0.0,2531.5,7.31,3,2,4,3,21,5,0,1,1,1,0
723,37.9,92.24,5,28217.0,0.9382,0.9798,0.9575,1.0,5.0,5.0,0.0,0.0,2531.5,7.45,3,2,8,3,21,5,0,0,1,1,0
712,41.29,92.84,4,27608.0,0.9586,0.9586,1.0,1.0,4.0,4.0,0.0,0.0,2558.13,7.76,3,2,15,3,21,5,0,0,1,1,0
640,42.43,83.85,6,27478.0,0.7858,0.9541,0.8236,1.0,6.0,6.0,0.0,0.0,2558.13,8.33,3,2,5,4,21,5,0,1,1,1,0
820,13.5,114.53,2,25774.0,0.379,0.8949,0.4235,1.0,2.0,2.0,0.0,0.0,2558.13,8.56,2,2,10,4,21,5,0,0,1,1,0
704,36.18,94.13,5,26925.0,0.7116,0.9349,0.7611,1.0,5.0,5.0,0.0,0.0,2558.13,8.77,2,3,16,4,21,5,0,0,1,1,0
890,20.44,118.27,6,27091.0,0.4852,0.9407,0.5158,1.0,6.0,6.0,0.0,0.0,2589.78,0.39,1,3,3,5,21,5,1,1,1,1,3
769,42.84,96.12,2,28800.0,0.8916,1.0,0.8916,1.0,2.0,2.0,0.0,0.0,2589.78,0.73,1,3,11,5,21,5,1,0,1,1,3
723,14.85,90.38,1,28800.0,0.1679,1.0,0.3359,1.0,2.0,1.0,0.0,0.0,2589.78,1.04,1,3,18,5,21,5,1,0,1,1,3
763,28.65,95.38,6,28800.0,0.6295,1.0,0.6295,1.0,3.0,3.0,0.0,0.0,2589.78,1.35,2,3,2,6,21,5,1,1,1,1,1
710,29.06,163.75,2,25715.625,0.542,0.8929374999999999,1.0,1.0,2.0,2.0,0.0,0.0,2594.01,1.81,2,4,13,6,21,5,1,0,1,1,1
782,12.25,172.19,3,25715.625,0.2672,0.8929374999999999,0.4707,1.0,6.0,6.0,0.0,0.0,2615.53,0.65,2,4,5,0,22,5,0,1,1,1,3
855,23.08,119.23,3,25816.0,0.4199,0.8964,0.6246,1.0,4.0,3.0,0.0,0.0,2615.53,0.93,2,4,11,0,22,5,0,0,1,1,3
714,14.58,103.65,5,25715.625,0.3057,0.8929374999999999,0.355,1.0,5.0,5.0,0.0,0.0,2678.92,1.24,3,4,19,0,22,5,0,0,1,1,0
669,40.94,102.78,6,25715.625,0.7758,0.8929374999999999,0.9536,1.0,3.0,3.0,0.0,0.0,2678.92,1.6,3,4,4,1,22,5,0,1,1,1,0
737,34.59,92.12,3,28800.0,0.7976,1.0,0.7976,1.0,3.0,3.0,0.0,0.0,2678.92,1.99,3,4,13,1,22,5,0,0,1,1,0
792,18.67,99.0,5,28800.0,0.4606,1.0,0.4606,1.0,5.0,5.0,0.0,0.0,2678.92,2.11,3,4,16,1,22,5,0,0,1,1,0
796,36.07,99.5,3,28800.0,0.7678,1.0,0.7678,1.0,3.0,3.0,0.0,0.0,2678.92,2.5,3,4,1,2,22,5,0,1,1,1,0
783,31.96,97.88,2,28800.0,0.6623,1.0,0.6623,1.0,2.0,2.0,0.0,0.0,2678.92,2.78,3,4,8,2,22,5,0,0,1,1,0
710,31.13,88.75,3,28800.0,0.4689,1.0,0.6252,1.0,4.0,3.0,0.0,0.0,2678.92,3.16,3,4,17,2,22,5,0,0,1,1,2
665,33.66,83.12,3,28800.0,0.7059,1.0,0.7059,1.0,4.0,4.0,0.0,0.0,2678.92,3.6,3,4,3,3,22,5,0,1,1,1,2
692,20.58,104.63,3,25715.625,0.47,0.8929374999999999,0.5685,1.0,3.0,3.0,0.0,0.0,2684.34,0.07,3,5,12,3,22,5,0,0,1,1,2
711,40.68,117.1,3,25715.625,0.5693,0.8929374999999999,1.0,1.0,4.0,3.0,0.0,0.0,2702.26,0.36,4,5,19,3,22,5,0,0,1,1,2
732,27.73,127.99,4,25715.625,0.5483,0.8929374999999999,0.7669,1.0,3.0,2.0,0.0,0.0,2702.26,0.67,4,5,3,4,22,5,0,1,1,1,2
705,30.03,97.4,6,26058.0,0.6762,0.9048,0.7473,1.0,6.0,6.0,0.0,0.0,2702.26,0.99,4,5,10,4,22,5,0,0,1,1,2
794,44.64,114.23,6,25715.625,0.8689,0.8929374999999999,1.0,1.0,6.0,6.0,0.0,0.0,2715.94,1.28,6,5,17,4,22,5,0,0,1,1,0
711,39.83,101.58,2,25715.625,0.5219,0.8929374999999999,0.8948,1.0,3.0,3.0,0.0,0.0,2715.94,1.55,6,5,0,5,22,5,1,1,1,1,0
715,33.75,103.85,4,25715.625,0.539,0.8929374999999999,0.7829,1.0,5.0,4.0,0.0,0.0,2875.2,0.18,6,6,12,5,22,5,1,0,1,1,0
745,13.42,123.45,6,25715.625,0.2804,0.8929374999999999,0.3717,1.0,6.0,6.0,0.0,0.0,2875.2,0.34,6,5,16,5,22,5,1,0,1,1,0
715,27.2,115.76,3,25715.625,0.6321,0.8929374999999999,0.8187,1.0,1.0,1.0,0.0,0.0,2875.2,0.88,5,5,5,6,22,5,1,1,1,1,0
797,25.24,99.62,2,28800.0,0.6409,1.0,0.6409,1.0,2.0,2.0,0.0,0.0,2875.2,1.19,5,5,12,6,22,5,1,0,1,1,0
736,39.56,92.0,4,28800.0,0.7033,1.0,0.8791,1.0,5.0,4.0,0.0,0.0,2875.2,1.36,5,5,16,6,22,5,1,0,1,1,0
761,12.85,95.12,1,28800.0,0.2568,1.0,0.2568,1.0,1.0,1.0,0.0,0.0,2875.2,1.63,4,5,23,6,22,5,1,1,1,1,0
713,27.45,89.12,4,28800.0,0.611,1.0,0.611,1.0,4.0,4.0,0.0,0.0,2875.2,2.16,4,5,11,0,23,6,0,0,1,1,0
860,36.99,107.5,4,28800.0,0.9983,1.0,0.9983,1.0,4.0,4.0,0.0,0.0,2875.2,2.28,3,5,14,0,23,6,0,0,1,1,0
758,23.17,94.75,5,28800.0,0.4709,1.0,0.4709,1.0,3.0,3.0,0.0,0.0,2875.2,2.78,3,5,2,1,23,6,0,1,1,1,0
561,14.08,70.12,3,28800.0,0.2384,1.0,0.2384,1.0,3.0,3.0,0.0,0.0,2875.2,3.24,3,5,13,1,23,6,0,0,1,1,0
768,25.96,96.0,2,28800.0,0.5501,1.0,0.5501,1.0,2.0,2.0,0.0,0.0,2875.2,3.51,3,5,20,1,23,6,0,0,1,1,0
853,40.47,106.62,3,28800.0,1.0,1.0,1.0,1.0,4.0,3.0,0.0,0.0,2875.2,3.91,3,5,5,2,23,6,0,1,1,1,0
854,9.73,106.75,2,28800.0,0.2509,1.0,0.2509,1.0,2.0,2.0,0.0,0.0,2875.2,4.21,3,5,13,2,23,6,0,0,1,1,0
660,30.41,82.5,2,28800.0,0.6932,1.0,0.6932,1.0,2.0,2.0,0.0,0.0,2875.2,4.26,3,5,14,2,23,6,0,0,1,1,0
825,37.88,103.12,3,28800.0,0.6851,1.0,0.9135,1.0,4.0,3.0,0.0,0.0,2875.2,4.64,3,5,23,2,23,6,0,1,1,1,0
601,31.01,75.12,5,28800.0,0.6377,1.0,0.6377,1.0,5.0,5.0,0.0,0.0,2875.2,5.0,3,5,7,3,23,6,0,0,1,1,0
681,34.49,85.12,2,28800.0,0.768,1.0,0.768,1.0,2.0,2.0,0.0,0.0,2875.2,5.37,2,5,16,3,23,6,0,0,1,1,0
664,30.15,83.0,3,28800.0,0.5208,1.0,0.5208,1.0,5.0,5.0,0.0,0.0,2875.2,5.72,2,5,1,4,23,6,0,1,1,1,0
760,47.61,120.63,2,25715.625,0.7875,0.8929374999999999,1.0,1.0,2.0,2.0,0.0,0.0,2875.2,6.07,2,5,9,4,23,6,0,0,1,1,0
795,24.75,114.24,2,25715.625,0.4485,0.8929374999999999,0.7734,1.0,3.0,2.0,0.0,0.0,2875.2,6.3,0,5,15,4,23,6,0,0,1,1,0
662,43.55,94.25,5,25715.625,0.7917,0.8929374999999999,0.9017,1.0,2.0,2.0,0.0,0.0,2875.2,6.67,0,6,0,5,23,6,1,1,1,1,0
681,33.46,85.12,6,28800.0,0.6876,1.0,0.6876,1.0,6.0,6.0,0.0,0.0,2916.24,0.11,0,6,6,5,23,6,1,0,1,1,0
811,25.61,101.38,5,28800.0,0.6389,1.0,0.6389,1.0,5.0,5.0,0.0,0.0,2916.24,0.66,0,6,19,5,23,6,1,0,1,1,0
779,17.93,97.38,2,28800.0,0.4225,1.0,0.4225,1.0,5.0,5.0,0.0,0.0,2916.24,0.92,0,6,1,6,23,6,1,1,1,1,0
719,34.34,94.69,5,27336.0,0.8244,0.9492,0.8685,1.0,5.0,5.0,0.0,0.0,2916.24,1.22,0,6,8,6,23,6,1,0,1,1,0
642,21.77,82.67,6,27957.0,0.4149,0.9707,0.4274,1.0,6.0,6.0,0.0,0.0,2916.24,1.52,0,6,16,6,23,6,1,0,1,1,0
721,14.42,95.28,5,27241.0,0.2939,0.9459,0.3107,1.0,4.0,4.0,0.0,0.0,2933.19,0.15,0,7,1,0,24,6,0,1,1,1,0
729,36.28,95.63,6,27442.0,0.7984,0.9528,0.8379,1.0,6.0,6.0,0.0,0.0,2933.19,0.64,0,7,13,0,24,6,0,0,1,1,0
648,12.25,84.91,3,27475.0,0.2412,0.954,0.2528,1.0,3.0,3.0,0.0,0.0,2981.24,0.15,0,8,19,0,24,6,0,0,1,1,0
718,23.55,92.3,4,28004.0,0.52,0.9724,0.5348,1.0,3.0,3.0,0.0,0.0,2981.24,0.45,0,8,2,1,24,6,0,1,1,1,0
582,35.9,72.75,4,28800.0,0.6404,1.0,0.6404,1.0,4.0,4.0,0.0,0.0,2981.24,0.69,0,8,7,1,24,6,0,0,1,1,0
673,46.29,84.12,3,28800.0,0.9181,1.0,0.9181,1.0,3.0,3.0,0.0,0.0,2981.24,1.23,0,8,20,1,24,6,0,0,1,1,0
713,32.74,89.12,3,28800.0,0.7078,1.0,0.7078,1.0,3.0,3.0,0.0,0.0,2981.24,1.31,0,8,22,1,24,6,0,1,1,1,0
808,26.42,106.27,3,27372.0,0.5723,0.9504,0.6022,1.0,3.0,3.0,0.0,0.0,2981.24,1.64,0,8,6,2,24,6,0,0,1,1,0
641,31.42,85.93,4,26853.0,0.6632,0.9324,0.7113,1.0,4.0,4.0,0.0,0.0,3037.57,0.04,0,9,18,2,24,6,0,0,1,1,0
756,20.84,100.64,7,27043.0,0.5455,0.939,0.5809,1.0,7.0,7.0,0.0,0.0,3037.57,0.21,0,9,22,2,24,6,0,1,1,1,0
589,36.59,73.62,2,28800.0,0.718,1.0,0.718,1.0,2.0,2.0,0.0,0.0,3037.57,0.76,0,9,11,3,24,6,0,0,1,1,0
645,25.54,80.62,1,28800.0,0.2298,1.0,0.4596,1.0,2.0,1.0,0.0,0.0,3037.57,0.96,0,9,16,3,24,6,0,0,1,1,0
828,38.97,103.5,4,28800.0,0.8976,1.0,0.8976,1.0,3.0,3.0,0.0,0.0,3037.57,1.5,0,9,5,4,24,6,0,1,1,1,3
707,38.74,88.38,3,28800.0,0.722,1.0,0.722,1.0,3.0,3.0,0.0,0.0,3037.57,1.61,0,9,7,4,24,6,0,0,1,1,3
696,46.53,87.0,2,28800.0,0.6039,1.0,0.9058,1.0,3.0,2.0,0.0,0.0,3037.57,2.01,0,9,17,4,24,6,0,0,1,1,3
616,46.16,77.0,3,28800.0,0.7424,1.0,0.7424,1.0,3.0,3.0,0.0,0.0,3037.57,2.32,0,8,0,5,24,6,1,1,1,1,3
702,22.25,90.54,5,27914.0,0.4799,0.9692,0.4952,1.0,5.0,5.0,0.0,0.0,3061.02,2.76,1,8,11,5,24,6,1,0,1,1,1
762,27.64,102.04,4,26884.0,0.6253,0.9335,0.6698,1.0,4.0,4.0,0.0,0.0,3061.02,2.88,1,8,14,5,24,6,1,0,1,1,1
700,13.98,92.41,3,27271.0,0.2763,0.9469,0.2918,1.0,4.0,4.0,0.0,0.0,3061.02,3.47,2,8,4,6,24,6,1,1,1,1,0
790,34.21,104.77,4,27145.0,0.7727,0.9425,0.8198,1.0,4.0,4.0,0.0,0.0,3147.48,3.77,2,8,11,6,24,6,1,0,1,1,0
691,25.53,99.78,4,25715.625,0.6126,0.8929374999999999,0.7076,1.0,4.0,4.0,0.0,0.0,3147.48,4.35,2,8,1,0,25,6,0,1,1,1,0
653,27.92,81.62,2,28800.0,0.5387,1.0,0.5387,1.0,2.0,2.0,0.0,0.0,3147.48,4.64,2,8,8,0,25,6,0,0,1,1,0
660,10.61,82.5,3,28800.0,0.1934,1.0,0.1934,1.0,3.0,3.0,0.0,0.0,3147.48,4.93,2,8,15,0,25,6,0,0,1,1,0
659,46.52,82.38,4,28800.0,0.8288,1.0,0.8288,1.0,2.0,1.0,0.0,0.0,3147.48,5.46,2,8,4,1,25,6,0,1,1,1,0
606,20.83,75.75,6,28800.0,0.3968,1.0,0.3968,1.0,6.0,6.0,0.0,0.0,3147.48,5.79,2,8,12,1,25,6,0,0,1,1,0
769,42.6,96.12,6,28800.0,0.9578,1.0,0.9578,1.0,6.0,6.0,0.0,0.0,3147.48,5.88,2,8,14,1,25,6,0,0,1,1,0
829,50.2,103.62,1,28800.0,0.5,1.0,1.0,1.0,2.0,1.0,0.0,0.0,3147.48,6.27,2,8,23,1,25,6,0,1,1,1,1
784,35.67,104.7,3,26956.0,0.8115,0.936,0.867,1.0,3.0,3.0,0.0,0.0,3147.48,6.57,2,8,6,2,25,6,0,0,1,1,1
655,27.34,87.26,4,27024.0,0.4181,0.9383,0.557,1.0,5.0,4.0,0.0,0.0,3147.48,6.95,2,8,16,2,25,6,0,0,1,1,1
793,33.77,105.76,5,26994.0,0.8853,0.9373,0.9445,1.0,1.0,1.0,0.0,0.0,3176.07,7.43,3,8,3,3,25,6,0,1,1,1,3
740,40.6,92.5,4,28800.0,0.8572,1.0,0.8572,1.0,4.0,4.0,0.0,0.0,3176.07,7.65,3,8,8,3,25,6,0,0,1,1,3
630,10.97,78.75,4,28800.0,0.1559,1.0,0.1949,1.0,5.0,4.0,0.0,0.0,3176.07,8.17,3,8,21,3,25,6,0,0,1,1,3
649,26.61,81.12,1,28800.0,0.4505,1.0,0.4505,1.0,5.0,5.0,0.0,0.0,3176.07,8.47,4,8,4,4,25,6,0,1,1,1,0
623,41.69,77.88,3,28800.0,0.7906,1.0,0.7906,1.0,3.0,3.0,0.0,0.0,3232.52,8.62,4,8,8,4,25,6,0,0,1,1,0
655,17.8,81.88,6,28800.0,0.3,1.0,0.3,1.0,6.0,6.0,0.0,0.0,3232.52,8.92,4,8,15,4,25,6,0,0,1,1,0
866,35.05,108.25,5,28800.0,0.8813,1.0,0.8813,1.0,5.0,5.0,0.0,0.0,3232.52,9.34,4,8,1,5,25,6,1,1,1,1,0
660,37.26,82.5,3,28800.0,0.7109,1.0,0.7109,1.0,3.0,3.0,0.0,0.0,3232.52,9.59,3,8,7,5,25,6,1,0,1,1,0
824,29.42,103.0,2,28800.0,0.6529,1.0,0.6529,1.0,2.0,2.0,0.0,0.0,3232.52,9.97,3,8,16,5,25,6,1,0,1,1,2
758,43.55,94.75,5,28800.0,0.887,1.0,0.887,1.0,5.0,5.0,0.0,0.0,3232.52,10.45,2,8,4,6,25,6,1,1,1,1,2
703,36.24,102.78,2,25715.625,0.6674,0.8929374999999999,0.7806,1.0,2.0,2.0,0.0,0.0,3232.52,10.83,2,8,13,6,25,6,1,0,1,1,2
799,46.45,116.73,4,25715.625,0.5704,0.8929374999999999,1.0,1.0,6.0,4.0,0.0,0.0,3243.98,11.01,3,7,17,6,25,6,1,0,1,1,0
684,49.41,98.82,5,25715.625,0.8652,0.8929374999999999,1.0,1.0,6.0,6.0,0.0,0.0,3243.98,11.42,3,7,3,0,26,6,0,1,1,1,0
628,22.41,80.54,5,28071.0,0.4376,0.9747,0.449,1.0,5.0,5.0,0.0,0.0,3362.76,11.67,4,7,9,0,26,6,0,0,1,1,0
849,34.7,108.77,5,28099.0,0.9599,0.9757,0.9838,1.0,5.0,5.0,0.0,0.0,3362.76,11.97,4,7,16,0,26,6,0,0,1,1,0
659,9.99,85.1,6,27877.0,0.186,0.968,0.1922,1.0,6.0,6.0,0.0,0.0,3362.76,12.34,4,7,1,1,26,6,0,1,1,1,0
664,45.72,83.0,6,28800.0,0.916,1.0,0.916,1.0,6.0,6.0,0.0,0.0,3362.76,12.76,4,6,11,1,26,6,0,0,1,1,0
870,34.76,108.75,6,28800.0,0.9356,1.0,0.9356,1.0,6.0,6.0,0.0,0.0,3362.76,13.08,4,6,19,1,26,6,0,0,1,1,0
788,30.69,98.5,6,28800.0,0.8011,1.0,0.8011,1.0,5.0,5.0,0.0,0.0,3362.76,13.37,4,6,1,2,26,6,0,1,1,1,0
702,12.46,87.75,3,28800.0,0.2257,1.0,0.2257,1.0,3.0,3.0,0.0,0.0,3362.76,13.69,4,6,9,2,26,6,0,0,1,1,0
695,21.92,86.88,3,28800.0,0.3234,1.0,0.4312,1.0,4.0,3.0,0.0,0.0,3362.76,14.0,4,6,17,2,26,6,0,0,1,1,0
659,15.51,82.38,5,28800.0,0.2867,1.0,0.2867,1.0,5.0,5.0,0.0,0.0,3362.76,14.21,3,6,22,2,26,6,0,1,1,1,0
699,42.09,87.38,4,28800.0,0.8471,1.0,0.8471,1.0,4.0,4.0,0.0,0.0,3362.76,14.58,3,6,7,3,26,6,0,0,1,1,0
890,30.02,111.25,3,28800.0,0.8149,1.0,0.8149,1.0,3.0,3.0,0.0,0.0,3362.76,14.97,3,6,16,3,26,6,0,0,1,1,0
675,21.13,84.38,3,28800.0,0.469,1.0,0.469,1.0,4.0,4.0,0.0,0.0,3362.76,15.39,2,6,2,4,26,6,0,1,1,1,0
768,30.12,96.0,4,28800.0,0.6394,1.0,0.7992,1.0,5.0,4.0,0.0,0.0,3362.76,15.66,2,6,9,4,26,6,0,0,1,1,2
686,36.95,85.75,1,28800.0,0.4216,1.0,0.8432,1.0,2.0,1.0,0.0,0.0,3362.76,16.09,2,6,19,4,26,6,0,0,1,1,2
690,40.08,86.25,4,28800.0,0.944,1.0,0.944,1.0,4.0,3.0,0.0,0.0,3362.76,16.47,3,6,4,5,26,6,1,1,1,1,2
770,12.51,140.52,4,25715.625,0.289,0.8929374999999999,0.4219,1.0,4.0,4.0,0.0,0.0,3367.88,16.66,3,5,9,5,26,6,1,0,1,1,2
768,12.38,127.36,2,25715.625,0.2733,0.8929374999999999,0.3626,1.0,2.0,2.0,0.0,0.0,3378.01,17.15,4,5,20,5,26,6,1,0,1,1,3
667,26.2,107.11,3,25715.625,0.3895,0.8929374999999999,0.6671,1.0,3.0,3.0,0.0,0.0,3381.13,17.46,5,5,4,6,26,6,1,1,1,1,0
645,30.43,96.98,6,25715.625,0.5247,0.8929374999999999,0.6312,1.0,6.0,6.0,0.0,0.0,3381.13,17.63,5,6,8,6,26,6,1,0,1,1,0
826,20.51,129.43,3,25715.625,0.4881,0.8929374999999999,0.6119,1.0,3.0,3.0,0.0,0.0,3508.78,0.31,4,6,17,6,26,6,1,0,1,1,0
587,26.95,81.96,3,25782.0,0.5381,0.8952,0.6011,1.0,3.0,3.0,0.0,0.0,3508.78,0.55,4,6,23,6,26,6,1,1,1,1,0
671,22.69,83.88,3,28800.0,0.4371,1.0,0.4371,1.0,3.0,3.0,0.0,0.0,3508.78,0.93,3,5,8,0,27,6,0,0,1,1,0
856,44.61,107.0,3,28800.0,1.0,1.0,1.0,1.0,3.0,3.0,0.0,0.0,3508.78,1.26,3,5,16,0,27,6,0,0,1,1,0
667,42.56,83.38,6,28800.0,0.7772,1.0,0.7772,1.0,6.0,6.0,0.0,0.0,3508.78,1.5,3,5,22,0,27,6,0,1,1,1,0
645,16.34,80.62,5,28800.0,0.2741,1.0,0.2741,1.0,5.0,5.0,0.0,0.0,3508.78,2.02,3,5,10,1,27,6,0,0,1,1,0
879,37.6,109.88,4,28800.0,0.9654,1.0,0.9654,1.0,4.0,4.0,0.0,0.0,3508.78,2.34,3,5,18,1,27,6,0,0,1,1,0
770,28.36,96.25,2,28800.0,0.5772,1.0,0.5772,1.0,2.0,2.0,0.0,0.0,3508.78,2.71,3,5,3,2,27,7,0,1,1,1,0
612,44.56,76.5,5,28800.0,0.7448,1.0,0.7448,1.0,5.0,5.0,0.0,0.0,3508.78,3.02,3,5,10,2,27,7,0,0,1,1,0
753,35.87,94.12,5,28800.0,0.6246,1.0,0.7496,1.0,6.0,5.0,0.0,0.0,3508.78,3.35,3,5,18,2,27,7,0,0,1,1,0
755,29.23,94.38,2,28800.0,0.578,1.0,0.578,1.0,3.0,3.0,0.0,0.0,3508.78,3.58,3,5,0,3,27,7,0,1,1,1,0
651,31.1,81.38,3,28800.0,0.6453,1.0,0.6453,1.0,3.0,3.0,0.0,0.0,3508.78,3.98,3,5,9,3,27,7,0,0,1,1,0
744,19.5,93.0,2,28800.0,0.4919,1.0,0.4919,1.0,2.0,2.0,0.0,0.0,3508.78,4.22,3,5,15,3,27,7,0,0,1,1,0
528,35.94,66.0,3,28800.0,0.6052,1.0,0.6052,1.0,5.0,4.0,0.0,0.0,3508.78,4.74,3,5,3,4,27,7,0,1,1,1,3
719,13.9,95.71,4,27044.0,0.3108,0.939,0.331,1.0,4.0,4.0,0.0,0.0,3508.78,4.86,3,5,6,4,27,7,0,0,1,1,3
667,45.01,90.44,6,26551.0,0.793,0.9219,0.8602,1.0,6.0,6.0,0.0,0.0,3508.78,5.32,3,5,17,4,27,7,0,0,1,1,3
633,9.14,82.69,4,27559.0,0.1588,0.9569,0.2074,1.0,5.0,4.0,0.0,0.0,3514.41,5.52,4,5,22,4,27,7,0,1,1,1,3
782,35.78,130.79,3,25715.625,0.7474,0.8929374999999999,1.0,1.0,3.0,3.0,0.0,0.0,3526.15,0.15,4,6,9,5,27,7,1,0,1,1,3
593,22.46,107.94,5,25715.625,0.4213,0.8929374999999999,0.6135,1.0,5.0,5.0,0.0,0.0,3526.15,0.35,3,6,14,5,27,7,1,0,1,1,3
558,44.28,96.77,5,25715.625,0.6847,0.8929374999999999,0.9499,1.0,2.0,1.0,0.0,0.0,3563.69,0.09,3,7,2,6,27,7,1,1,1,1,0
703,20.39,87.88,4,28800.0,0.3759,1.0,0.3759,1.0,4.0,4.0,0.0,0.0,3563.69,0.42,3,7,10,6,27,7,1,0,1,1,0
760,31.64,95.0,6,28800.0,0.6719,1.0,0.6719,1.0,6.0,6.0,0.0,0.0,3563.69,0.86,3,7,20,6,27,7,1,0,1,1,2
649,13.59,81.12,1,28800.0,0.1174,1.0,0.2348,1.0,3.0,3.0,0.0,0.0,3563.69,1.03,3,6,0,0,28,7,0,1,1,1,2
701,12.13,93.38,5,27024.0,0.201,0.9383,0.2571,1.0,6.0,5.0,0.0,0.0,3563.69,1.5,4,6,12,0,28,7,0,0,1,1,0
624,48.25,81.87,3,27440.0,0.8636,0.9528,0.9064,1.0,3.0,3.0,0.0,0.0,3632.02,1.86,4,6,20,0,28,7,0,0,1,1,0
835,18.13,110.9,3,27106.0,0.4076,0.9412,0.4331,1.0,4.0,4.0,0.0,0.0,3632.02,2.01,4,6,0,1,28,7,0,1,1,1,0
890,28.62,111.25,4,28800.0,0.4982,1.0,0.7472,1.0,6.0,4.0,0.0,0.0,3632.02,2.58,4,6,13,1,28,7,0,0,1,1,0
673,23.31,84.12,2,28800.0,0.2476,1.0,0.4952,1.0,4.0,2.0,0.0,0.0,3632.02,2.77,4,6,18,1,28,7,0,0,1,1,0
690,23.58,86.25,4,28800.0,0.4892,1.0,0.4892,1.0,4.0,4.0,0.0,0.0,3632.02,3.19,4,5,4,2,28,7,0,1,1,1,0
700,31.14,87.5,6,28800.0,0.5826,1.0,0.5826,1.0,6.0,6.0,0.0,0.0,3632.02,3.58,4,5,13,2,28,7,0,0,1,1,1
632,31.98,79.0,3,28800.0,0.6046,1.0,0.6046,1.0,3.0,3.0,0.0,0.0,3632.02,3.66,4,4,15,2,28,7,0,0,1,1,1
783,33.17,97.88,4,28800.0,0.8159,1.0,0.8159,1.0,6.0,6.0,0.0,0.0,3632.02,4.06,4,4,1,3,28,7,0,1,1,1,1
843,9.1,115.88,3,26189.0,0.2351,0.9093,0.2585,1.0,3.0,3.0,0.0,0.0,3632.02,4.27,4,4,6,3,28,7,0,0,1,1,1
602,41.81,81.77,2,26502.0,0.7619,0.9202,0.828,1.0,2.0,2.0,0.0,0.0,3740.22,4.59,5,4,14,3,28,7,0,0,1,1,0
621,12.09,81.74,6,27351.0,0.229,0.9497,0.2411,1.0,4.0,4.0,0.0,0.0,3740.22,5.04,5,4,0,4,28,7,0,1,1,1,0
824,20.47,103.0,4,28800.0,0.3708,1.0,0.4635,1.0,5.0,4.0,0.0,0.0,3740.22,5.34,5,4,8,4,28,7,0,0,1,1,0
749,20.68,93.62,6,28800.0,0.4736,1.0,0.4736,1.0,6.0,6.0,0.0,0.0,3740.22,5.65,5,4,15,4,28,7,0,0,1,1,0
792,24.08,99.0,4,28800.0,0.652,1.0,0.652,1.0,5.0,5.0,0.0,0.0,3740.22,6.11,3,3,2,5,28,7,1,1,1,1,0
690,22.78,86.25,5,28800.0,0.5029,1.0,0.5029,1.0,5.0,5.0,0.0,0.0,3740.22,6.54,3,3,12,5,28,7,1,0,1,1,0
703,19.38,87.88,5,28800.0,0.4345,1.0,0.4345,1.0,3.0,3.0,0.0,0.0,3740.22,7.07,2,3,1,6,28,7,1,1,1,1,0
698,16.38,87.25,4,28800.0,0.3081,1.0,0.3851,1.0,5.0,4.0,0.0,0.0,3740.22,7.55,2,3,13,6,28,7,1,0,1,1,0
730,33.77,91.25,3,28800.0,0.6943,1.0,0.6943,1.0,3.0,3.0,0.0,0.0,3740.22,7.6,2,3,14,6,28,7,1,0,1,1,0
741,45.81,92.62,3,28800.0,1.0,1.0,1.0,1.0,3.0,3.0,0.0,0.0,3740.22,7.97,2,3,23,6,28,7,1,1,1,1,0
769,31.61,109.45,4,25715.625,0.5962,0.8929374999999999,0.8486,1.0,5.0,4.0,0.0,0.0,3740.22,8.41,2,3,9,0,29,7,0,0,1,1,0
746,31.07,122.14,3,25715.625,0.7174,0.8929374999999999,0.9398,1.0,3.0,3.0,0.0,0.0,3740.22,8.67,1,3,15,0,29,7,0,0,1,1,0
810,41.6,113.31,1,25735.0,0.8936,0.8936,1.0,1.0,5.0,5.0,0.0,0.0,3830.57,0.03,1,4,3,1,29,7,0,1,1,1,0
731,24.41,91.38,2,28800.0,0.5193,1.0,0.5193,1.0,2.0,2.0,0.0,0.0,3830.57,0.28,1,4,9,1,29,7,0,0,1,1,0
788,39.23,98.5,4,28800.0,0.8383,1.0,0.8383,1.0,4.0,4.0,0.0,0.0,3830.57,0.59,1,4,16,1,29,7,0,0,1,1,0
686,16.96,85.75,5,28800.0,0.3999,1.0,0.3999,1.0,5.0,5.0,0.0,0.0,3830.57,0.83,1,4,22,1,29,7,0,1,1,1,0
664,21.16,83.0,5,28800.0,0.3818,1.0,0.3818,1.0,5.0,5.0,0.0,0.0,3830.57,1.35,1,4,10,2,29,7,0,0,1,1,0
750,13.19,93.75,2,28800.0,0.3185,1.0,0.3185,1.0,2.0,2.0,0.0,0.0,3830.57,1.6,1,4,16,2,29,7,0,0,1,1,0
835,14.84,104.38,3,28800.0,0.3702,1.0,0.3702,1.0,3.0,3.0,0.0,0.0,3830.57,2.05,1,4,3,3,29,7,0,1,1,1,0
658,28.67,82.25,3,28800.0,0.6212,1.0,0.6212,1.0,3.0,3.0,0.0,0.0,3830.57,2.2,1,4,7,3,29,7,0,0,1,1,0
566,40.94,70.75,3,28800.0,0.6491,1.0,0.6491,1.0,3.0,3.0,0.0,0.0,3830.57,2.72,0,4,19,3,29,7,0,0,1,1,0
672,18.56,84.0,3,28800.0,0.4116,1.0,0.4116,1.0,4.0,4.0,0.0,0.0,3830.57,3.06,0,4,4,4,29,7,0,1,1,1,1
796,31.35,103.91,2,27578.0,0.8093,0.9576,0.8451,1.0,2.0,2.0,0.0,0.0,3830.57,3.45,0,4,13,4,29,7,0,0,1,1,1
833,20.9,106.93,4,28045.0,0.4839,0.9738,0.4969,1.0,4.0,4.0,0.0,0.0,3830.57,3.62,0,4,17,4,29,7,0,0,1,1,1
780,23.06,99.79,4,28140.0,0.6035,0.9771,0.6176,1.0,1.0,1.0,0.0,0.0,3867.93,4.07,1,4,4,5,29,7,1,1,1,1,0
636,38.0,79.5,6,28800.0,0.7345,1.0,0.7345,1.0,6.0,6.0,0.0,0.0,3867.93,4.3,1,4,9,5,29,7,1,0,1,1,0
660,44.47,82.5,5,28800.0,0.797,1.0,0.797,1.0,5.0,5.0,0.0,0.0,3867.93,4.5,1,4,14,5,29,7,1,0,1,1,0
673,35.24,84.12,1,28800.0,0.6709,1.0,0.6709,1.0,5.0,5.0,0.0,0.0,3867.93,5.03,1,4,3,6,29,7,1,1,1,1,0
756,13.26,107.33,5,25715.625,0.305,0.8929374999999999,0.3464,1.0,5.0,5.0,0.0,0.0,3867.93,5.37,1,5,11,6,29,7,1,0,1,1,0
655,17.25,88.45,4,26658.0,0.2374,0.9256,0.3206,1.0,5.0,4.0,0.0,0.0,3916.77,0.28,1,5,20,6,29,7,1,0,1,1,0
740,28.13,105.85,5,25715.625,0.6265,0.8929374999999999,0.7169,1.0,5.0,5.0,0.0,0.0,3916.77,0.39,1,5,22,6,29,7,1,1,1,1,0
682,35.46,85.25,6,28800.0,0.6763,1.0,0.6763,1.0,6.0,6.0,0.0,0.0,3916.77,0.76,1,5,7,0,30,7,0,0,1,1,0
725,19.64,90.62,5,28800.0,0.4083,1.0,0.4083,1.0,5.0,5.0,0.0,0.0,3916.77,1.05,1,5,14,0,30,7,0,0,1,1,0
619,39.0,77.38,4,28800.0,0.7955,1.0,0.7955,1.0,4.0,4.0,0.0,0.0,3916.77,1.39,1,5,22,0,30,7,0,1,1,1,0
704,37.6,111.7,6,25715.625,0.7468,0.8929374999999999,0.9479,1.0,6.0,6.0,0.0,0.0,3916.77,1.98,1,5,12,1,30,7,0,0,1,1,0
770,41.04,127.48,4,25715.625,0.604,0.8929374999999999,1.0,1.0,5.0,4.0,0.0,0.0,3916.77,2.19,1,6,17,1,30,7,0,0,1,1,0
823,21.31,117.36,4,25715.625,0.591,0.8929374999999999,0.6742,1.0,2.0,2.0,0.0,0.0,3975.79,0.39,1,6,4,2,30,7,0,1,1,1,0
720,32.84,90.0,4,28800.0,0.7568,1.0,0.7568,1.0,4.0,4.0,0.0,0.0,3975.79,0.75,1,6,13,2,30,7,0,0,1,1,0
604,32.92,75.5,3,28800.0,0.5593,1.0,0.5593,1.0,3.0,3.0,0.0,0.0,3975.79,1.03,1,6,19,2,30,7,0,0,1,1,0
780,14.72,97.5,2,28800.0,0.3004,1.0,0.3004,1.0,3.0,3.0,0.0,0.0,3975.79,1.44,1,6,5,3,30,7,0,1,1,1,0
625,21.3,78.12,5,28800.0,0.3529,1.0,0.3529,1.0,5.0,5.0,0.0,0.0,3975.79,1.64,1,6,10,3,30,7,0,0,1,1,3
738,22.64,92.25,6,28800.0,0.5327,1.0,0.5327,1.0,6.0,6.0,0.0,0.0,3975.79,2.05,1,6,20,3,30,7,0,0,1,1,3
706,27.7,88.25,3,28800.0,0.5293,1.0,0.5293,1.0,6.0,5.0,0.0,0.0,3975.79,2.3,1,6,2,4,30,7,0,1,1,1,3
797,9.43,103.17,6,27811.0,0.2244,0.9657,0.2324,1.0,6.0,6.0,0.0,0.0,3975.79,2.5,2,6,6,4,30,7,0,0,1,1,0
687,19.78,90.49,2,27331.0,0.4129,0.949,0.4351,1.0,2.0,2.0,0.0,0.0,4005.48,3.0,2,6,19,4,30,7,0,0,1,1,0
663,29.41,89.09,5,26791.0,0.4905,0.9302,0.6328,1.0,5.0,4.0,0.0,0.0,4005.48,3.27,1,6,1,5,30,7,1,1,1,1,0
671,39.78,90.4,6,26722.0,0.7919,0.9278,0.8535,1.0,6.0,6.0,0.0,0.0,4127.78,0.14,1,7,18,5,30,7,1,0,1,1,0
826,22.21,115.57,4,25730.0,0.4373,0.8934,0.6119,1.0,5.0,5.0,0.0,0.0,4127.78,0.51,1,7,3,6,30,7,1,1,1,1,0
737,17.84,92.12,3,28800.0,0.3703,1.0,0.3703,1.0,3.0,3.0,0.0,0.0,4127.78,0.77,1,7,9,6,30,7,1,0,1,1,0
823,38.35,102.88,5,28800.0,0.9364,1.0,0.9364,1.0,4.0,4.0,0.0,0.0,4127.78,1.48,1,7,3,0,31,7,0,1,1,1,0
795,27.73,99.38,6,28800.0,0.5877,1.0,0.5877,1.0,6.0,6.0,0.0,0.0,4127.78,1.82,1,7,11,0,31,7,0,0,1,1,0
620,21.35,77.5,2,28800.0,0.3552,1.0,0.3552,1.0,2.0,2.0,0.0,0.0,4127.78,1.98,1,7,14,0,31,7,0,0,1,1,0
632,23.48,79.0,4,28800.0,0.393,1.0,0.393,1.0,3.0,3.0,0.0,0.0,4127.78,2.37,1,7,0,1,31,7,0,1,1,1,0
719,30.22,89.88,5,28800.0,0.738,1.0,0.738,1.0,5.0,5.0,0.0,0.0,4127.78,2.87,1,6,12,1,31,7,0,0,1,1,0
699,31.75,87.38,2,28800.0,0.6696,1.0,0.6696,1.0,2.0,2.0,0.0,0.0,4127.78,3.07,1,6,17,1,31,7,0,0,1,1,0
741,30.51,92.62,3,28800.0,0.7472,1.0,0.7472,1.0,8.0,8.0,0.0,0.0,4127.78,3.44,1,6,2,2,31,7,0,1,1,1,0
734,30.12,91.75,4,28800.0,0.6201,1.0,0.6201,1.0,4.0,4.0,0.0,0.0,4127.78,3.73,1,6,9,2,31,7,0,0,1,1,0
703,24.42,87.88,3,28800.0,0.4806,1.0,0.4806,1.0,3.0,3.0,0.0,0.0,4127.78,4.15,1,6,19,2,31,7,0,0,1,1,2
843,30.74,105.38,8,28800.0,0.7748,1.0,0.7748,1.0,2.0,2.0,0.0,0.0,4127.78,4.38,1,6,0,3,31,7,0,1,1,1,2
822,19.81,106.21,4,27863.0,0.5443,0.9675,0.5626,1.0,4.0,4.0,0.0,0.0,4127.78,4.65,1,6,7,3,31,7,0,0,1,1,2
728,33.82,94.45,4,27748.0,0.7141,0.9635,0.7412,1.0,4.0,4.0,0.0,0.0,4127.78,5.02,1,6,15,3,31,7,0,0,1,1,2
657,15.38,85.24,2,27747.0,0.2619,0.9634,0.2718,1.0,4.0,4.0,0.0,0.0,4157.0,5.39,2,6,0,4,31,7,0,1,1,1,0
705,11.57,88.12,5,28800.0,0.2277,1.0,0.2277,1.0,5.0,5.0,0.0,0.0,4157.0,5.76,1,6,9,4,31,7,0,0,1,1,0
832,44.06,104.0,1,28800.0,0.5,1.0,1.0,1.0,2.0,1.0,0.0,0.0,4157.0,6.06,1,6,16,4,31,7,0,0,1,1,0
818,49.07,102.25,4,28800.0,1.0,1.0,1.0,1.0,4.0,4.0,0.0,0.0,4157.0,6.34,1,6,23,4,31,7,0,1,1,1,0
729,15.13,91.12,3,28800.0,0.3129,1.0,0.3129,1.0,4.0,4.0,0.0,0.0,4157.0,7.54,1,6,4,6,31,8,1,1,1,1,0
998,11.77,142.24,4,25715.625,0.3305,0.8929374999999999,0.3769,1.0,3.0,3.0,0.0,0.0,384.57,0.38,3,2,4,5,7,2,1,1,3,2,0
955,42.12,119.38,6,28800.0,1.0,1.0,1.0,1.0,6.0,6.0,0.0,0.0,384.57,0.49,3,2,7,5,7,2,1,0,3,2,0
986,36.49,123.25,2,28800.0,0.6279,1.0,0.9418,1.0,3.0,2.0,0.0,0.0,384.57,1.01,3,2,19,5,7,2,1,0,3,2,0
1050,35.58,131.25,3,28800.0,1.0,1.0,1.0,1.0,3.0,3.0,0.0,0.0,384.57,1.31,3,2,2,6,7,2,1,1,3,2,0
792,30.54,99.0,2,28800.0,0.8102,1.0,0.8102,1.0,2.0,2.0,0.0,0.0,384.57,1.65,3,2,10,6,7,2,1,0,3,2,0
917,14.64,114.62,4,28800.0,0.3528,1.0,0.441,1.0,5.0,4.0,0.0,0.0,384.57,1.84,3,2,15,6,7,2,1,0,3,2,0
976,31.95,122.0,3,28800.0,1.0,1.0,1.0,1.0,3.0,3.0,0.0,0.0,384.57,2.37,2,2,4,0,8,2,0,1,3,2,0
1050,33.08,131.25,5,28800.0,1.0,1.0,1.0,1.0,5.0,5.0,0.0,0.0,384.57,2.75,2,2,13,0,8,2,0,0,3,2,0
907,21.04,113.38,4,28800.0,0.6516,1.0,0.6516,1.0,4.0,4.0,0.0,0.0,384.57,2.87,2,2,16,0,8,2,0,0,3,2,0
1022,43.63,127.75,3,28800.0,1.0,1.0,1.0,1.0,6.0,6.0,0.0,0.0,384.57,3.28,2,2,1,1,8,2,0,1,3,2,1
1050,38.35,131.25,2,28800.0,1.0,1.0,1.0,1.0,2.0,2.0,0.0,0.0,384.57,3.47,2,2,6,1,8,2,0,0,3,2,1
902,10.87,112.75,2,28800.0,0.2618,1.0,0.2618,1.0,2.0,2.0,0.0,0.0,384.57,3.81,1,2,14,1,8,2,0,0,3,2,1
853,30.38,106.62,6,28800.0,0.7413,1.0,0.7413,1.0,2.0,2.0,0.0,0.0,468.78,4.4,2,2,4,2,8,2,0,1,3,2,0
987,26.92,123.38,3,28800.0,0.9219,1.0,0.9219,1.0,3.0,3.0,0.0,0.0,468.78,4.76,2,2,13,2,8,2,0,0,3,2,0
967,29.78,120.88,2,28800.0,0.9536,1.0,0.9536,1.0,2.0,2.0,0.0,0.0,468.78,5.0,2,2,19,2,8,2,0,0,3,2,0
1050,32.14,131.25,2,28800.0,1.0,1.0,1.0,1.0,3.0,3.0,0.0,0.0,468.78,5.28,2,2,1,3,8,2,0,1,3,2,0
883,25.85,110.38,4,28800.0,0.7128,1.0,0.7128,1.0,4.0,4.0,0.0,0.0,468.78,5.68,2,2,11,3,8,2,0,0,3,2,0
930,27.68,116.25,6,28800.0,0.753,1.0,0.753,1.0,6.0,6.0,0.0,0.0,468.78,5.97,1,2,18,3,8,2,0,0,3,2,0
1050,18.06,131.25,3,28800.0,0.5695,1.0,0.5695,1.0,6.0,6.0,0.0,0.0,468.78,6.42,1,2,5,4,8,2,0,1,3,2,0
990,32.4,123.75,5,28800.0,0.7829,1.0,0.9395,1.0,6.0,5.0,0.0,0.0,468.78,6.51,1,2,7,4,8,2,0,0,3,2,0
852,19.85,106.5,4,28800.0,0.4186,1.0,0.5233,1.0,5.0,4.0,0.0,0.0,468.78,6.81,1,2,14,4,8,2,0,0,3,2,2
813,20.96,101.62,6,28800.0,0.5189,1.0,0.5189,1.0,3.0,3.0,0.0,0.0,468.78,7.31,1,2,2,5,8,2,1,1,3,2,2
1025,14.07,129.91,5,28404.0,0.4836,0.9862,0.4904,1.0,5.0,5.0,0.0,0.0,468.78,7.47,1,2,6,5,8,2,1,0,3,2,2
883,25.25,112.46,3,28265.0,0.7484,0.9814,0.7626,1.0,3.0,3.0,0.0,0.0,487.53,7.82,2,2,14,5,8,2,1,0,3,2,3
1050,25.12,134.73,3,28057.0,0.9042,0.9742,0.9281,1.0,4.0,4.0,0.0,0.0,487.53,8.37,2,2,4,6,8,2,1,1,3,2,3
1050,19.37,139.21,6,27153.0,0.6074,0.9428,0.6442,1.0,6.0,6.0,0.0,0.0,563.54,8.69,3,2,11,6,8,2,1,0,3,2,0
1001,28.5,129.23,4,27886.0,0.9354,0.9683,0.966,1.0,3.0,3.0,0.0,0.0,563.54,9.31,3,2,2,0,9,2,0,1,3,2,0
965,47.71,120.62,3,28800.0,0.75,1.0,1.0,1.0,4.0,3.0,0.0,0.0,563.54,9.56,3,2,8,0,9,2,0,0,3,2,0
971,28.51,121.38,5,28800.0,0.776,1.0,0.9312,1.0,6.0,5.0,0.0,0.0,563.54,10.1,3,2,21,0,9,2,0,0,3,2,0
1050,36.3,131.25,3,28800.0,1.0,1.0,1.0,1.0,3.0,3.0,0.0,0.0,563.54,10.13,3,2,22,0,9,2,0,1,3,2,0
1050,41.49,131.25,6,28800.0,1.0,1.0,1.0,1.0,6.0,6.0,0.0,0.0,563.54,10.65,3,2,10,1,9,2,0,0,3,2,0
968,27.69,121.0,2,28800.0,0.8964,1.0,0.8964,1.0,2.0,2.0,0.0,0.0,563.54,10.8,3,2,14,1,9,2,0,0,3,2,1
1033,20.83,129.12,1,28800.0,0.6051,1.0,0.6051,1.0,4.0,4.0,0.0,0.0,563.54,11.31,2,2,2,2,9,2,0,1,3,2,1
844,17.63,105.5,4,28800.0,0.4621,1.0,0.4621,1.0,4.0,4.0,0.0,0.0,563.54,11.5,2,2,7,2,9,2,0,0,3,2,1
1003,23.87,125.38,3,28800.0,0.5879,1.0,0.7839,1.0,4.0,3.0,0.0,0.0,656.32,12.05,3,2,20,2,9,2,0,0,3,2,0
927,35.57,115.88,4,28800.0,0.8826,1.0,0.8826,1.0,2.0,2.0,0.0,0.0,656.32,12.39,3,2,4,3,9,2,0,1,3,2,0
901,12.02,112.62,6,28800.0,0.325,1.0,0.325,1.0,6.0,6.0,0.0,0.0,656.32,12.47,3,2,6,3,9,2,0,0,3,2,0
788,28.82,98.5,4,28800.0,0.776,1.0,0.776,1.0,4.0,4.0,0.0,0.0,656.32,12.98,3,2,18,3,9,2,0,0,3,2,0
1050,41.27,131.25,2,28800.0,1.0,1.0,1.0,1.0,2.0,2.0,0.0,0.0,656.32,13.19,3,2,23,3,9,2,0,1,3,2,0
936,26.27,117.0,2,28800.0,0.7758,1.0,0.7758,1.0,2.0,2.0,0.0,0.0,656.32,13.65,3,2,10,4,9,2,0,0,3,2,0
991,27.86,123.88,4,28800.0,0.7288,1.0,0.7288,1.0,4.0,4.0,0.0,0.0,656.32,13.99,3,2,19,4,9,2,0,0,3,2,0
955,36.19,119.38,3,28800.0,0.9732,1.0,0.9732,1.0,5.0,5.0,0.0,0.0,656.32,14.31,3,2,2,5,9,2,1,1,3,2,0
940,13.03,117.5,4,28800.0,0.3189,1.0,0.3189,1.0,4.0,4.0,0.0,0.0,656.32,14.69,3,2,11,5,9,2,1,0,3,2,0
899,20.81,112.38,4,28800.0,0.5185,1.0,0.5185,1.0,4.0,4.0,0.0,0.0,656.32,15.03,2,2,20,5,9,2,1,0,3,2,1
925,20.51,115.62,5,28800.0,0.6125,1.0,0.6125,1.0,4.0,4.0,0.0,0.0,656.32,15.4,2,2,4,6,9,3,1,1,3,2,1
883,10.68,114.3,2,27811.0,0.2842,0.9657,0.2943,1.0,2.0,2.0,0.0,0.0,656.32,15.5,1,2,7,6,9,3,1,0,3,2,1
943,35.81,119.7,5,28361.0,0.9848,0.9848,1.0,1.0,5.0,5.0,0.0,0.0,744.97,15.94,2,2,17,6,9,3,1,0,3,2,0
925,25.33,115.62,5,28800.0,0.7461,1.0,0.7461,1.0,5.0,5.0,0.0,0.0,744.97,16.69,2,2,11,0,10,3,0,0,3,2,0
805,38.23,100.62,4,28800.0,0.8352,1.0,0.8352,1.0,4.0,4.0,0.0,0.0,744.97,16.79,2,2,14,0,10,3,0,0,3,2,0
857,29.08,107.12,5,28800.0,0.71,1.0,0.71,1.0,5.0,5.0,0.0,0.0,744.97,17.17,2,2,23,0,10,3,0,1,3,2,0
1010,31.56,126.25,3,28800.0,0.9181,1.0,0.9181,1.0,3.0,3.0,0.0,0.0,744.97,17.54,2,2,8,1,10,3,0,0,3,2,0
803,39.9,100.38,6,28800.0,0.9555,1.0,0.9555,1.0,6.0,6.0,0.0,0.0,744.97,17.99,2,2,18,1,10,3,0,0,3,2,0
1050,40.34,131.25,6,28800.0,1.0,1.0,1.0,1.0,2.0,2.0,0.0,0.0,744.97,18.38,2,2,4,2,10,3,0,1,3,2,0
915,50.89,114.38,4,28800.0,1.0,1.0,1.0,1.0,4.0,4.0,0.0,0.0,744.97,18.45,2,2,6,2,10,3,0,0,3,2,0
1050,15.21,131.25,3,28800.0,0.482,1.0,0.482,1.0,3.0,3.0,0.0,0.0,744.97,19.0,1,2,19,2,10,3,0,0,3,2,0
912,33.76,114.0,2,28800.0,0.8468,1.0,0.8468,1.0,6.0,6.0,0.0,0.0,744.97,19.35,1,2,3,3,10,3,0,1,3,2,0
975,14.95,123.88,4,28334.0,0.4902,0.9838,0.4983,1.0,4.0,4.0,0.0,0.0,827.21,19.57,2,2,8,3,10,3,0,0,3,2,0
1006,40.18,129.28,6,28013.0,0.9727,0.9727,1.0,1.0,6.0,6.0,0.0,0.0,827.21,19.79,2,2,14,3,10,3,0,0,3,2,0
1015,20.88,129.05,6,28315.0,0.6267,0.9832,0.6374,1.0,3.0,3.0,0.0,0.0,827.21,20.39,2,2,4,4,10,3,0,1,3,2,0
1050,19.75,131.25,2,28800.0,0.5429,1.0,0.5429,1.0,2.0,2.0,0.0,0.0,827.21,20.61,2,2,9,4,10,3,0,0,3,2,0
829,24.64,103.62,5,28800.0,0.5964,1.0,0.5964,1.0,5.0,5.0,0.0,0.0,827.21,21.02,2,2,19,4,10,3,0,0,3,2,0
1002,46.4,125.25,3,28800.0,1.0,1.0,1.0,1.0,3.0,3.0,0.0,0.0,827.21,21.27,2,2,1,5,10,3,1,1,3,2,0
1050,36.4,131.25,4,28800.0,0.8,1.0,1.0,1.0,5.0,4.0,0.0,0.0,827.21,21.64,2,2,10,5,10,3,1,0,3,2,0
998,36.09,124.75,2,28800.0,0.9942,1.0,0.9942,1.0,2.0,2.0,0.0,0.0,827.21,22.0,2,2,19,5,10,3,1,0,3,2,0
949,19.86,118.62,3,28800.0,0.5671,1.0,0.5671,1.0,6.0,5.0,0.0,0.0,827.21,22.24,2,2,1,6,10,3,1,1,3,2,0
992,15.55,130.12,2,27446.0,0.4512,0.953,0.4735,1.0,2.0,2.0,0.0,0.0,827.21,22.68,2,2,11,6,10,3,1,0,3,2,0
924,24.92,118.72,5,28019.0,0.5537,0.9729,0.683,1.0,5.0,5.0,0.0,0.0,851.85,23.38,2,2,4,0,11,3,0,1,3,2,2
852,39.36,106.5,3,28800.0,1.0,1.0,1.0,1.0,3.0,3.0,0.0,0.0,851.85,23.69,2,2,11,0,11,3,0,0,3,2,2
943,27.73,117.88,2,28800.0,0.5008,1.0,0.7511,1.0,3.0,2.0,0.0,0.0,851.85,23.96,2,2,18,0,11,3,0,0,3,2,2
1050,35.63,131.25,5,28800.0,1.0,1.0,1.0,1.0,4.0,4.0,0.0,0.0,888.74,24.42,2,2,5,1,11,3,0,1,3,2,0
1005,26.76,125.62,5,28800.0,0.9272,1.0,0.9272,1.0,5.0,5.0,0.0,0.0,888.74,24.76,2,2,13,1,11,3,0,0,3,2,0
820,20.35,102.5,3,28800.0,0.3221,1.0,0.4294,1.0,4.0,3.0,0.0,0.0,888.74,24.783749,2,2,16,1,11,3,0,0,3,2,3
1050,21.27,131.25,4,28800.0,0.622,1.0,0.622,1.0,5.0,5.0,0.0,0.0,888.74,24.783749,2,2,5,2,11,3,0,1,3,2,3
916,27.25,138.88,5,25715.625,0.8135,0.8929374999999999,0.9868,1.0,5.0,5.0,0.0,0.0,888.74,24.783749,2,2,13,2,11,3,0,0,3,2,3
839,38.29,138.18,3,25715.625,0.759,0.8929374999999999,1.0,1.0,3.0,3.0,0.0,0.0,888.74,24.783749,2,2,14,2,11,3,0,0,3,2,3
1037,12.35,147.82,5,25715.625,0.4014,0.8929374999999999,0.4578,1.0,3.0,2.0,0.0,0.0,899.56,24.783749,4,2,0,3,11,3,0,1,3,2,3
870,27.65,130.03,6,25715.625,0.6915,0.8929374999999999,0.8268,1.0,6.0,6.0,0.0,0.0,901.56,24.783749,4,2,8,3,11,3,0,0,3,2,3
1050,51.17,155.1,5,25715.625,0.8462,0.8929374999999999,1.0,1.0,5.0,5.0,0.0,0.0,1068.45,24.783749,5,2,18,3,11,3,0,0,3,2,0
1050,37.6,165.0,2,25715.625,0.5304,0.8929374999999999,1.0,1.0,3.0,2.0,0.0,0.0,1068.45,24.783749,5,2,23,3,11,3,0,1,3,2,0
971,43.19,121.38,4,28800.0,1.0,1.0,1.0,1.0,4.0,4.0,0.0,0.0,1068.45,24.783749,5,2,10,4,11,3,0,0,3,2,0
1040,34.11,130.0,4,28800.0,0.9876,1.0,0.9876,1.0,4.0,4.0,0.0,0.0,1068.45,24.783749,5,1,20,4,11,3,0,0,3,2,0
976,37.21,122.0,2,28800.0,1.0,1.0,1.0,1.0,5.0,5.0,0.0,0.0,1068.45,24.783749,5,1,4,5,11,3,1,1,3,2,0
1041,27.94,130.12,5,28800.0,0.9918,1.0,0.9918,1.0,5.0,5.0,0.0,0.0,1068.45,24.783749,5,1,10,5,11,3,1,0,3,2,0
794,38.51,99.25,2,28800.0,1.0,1.0,1.0,1.0,2.0,2.0,0.0,0.0,1068.45,24.783749,5,1,19,5,11,3,1,0,3,2,0
852,33.06,106.5,5,28800.0,0.7804,1.0,0.7804,1.0,6.0,6.0,0.0,0.0,1068.45,24.783749,5,1,3,6,11,3,1,1,3,2,0
1050,28.31,131.25,2,28800.0,0.8272,1.0,0.8272,1.0,2.0,2.0,0.0,0.0,1068.45,24.783749,5,1,12,6,11,3,1,0,3,2,0
1050,35.49,131.25,1,28800.0,0.5,1.0,1.0,1.0,2.0,1.0,0.0,0.0,1068.45,24.783749,4,0,21,6,11,3,1,0,3,2,0
999,46.33,124.88,6,28800.0,1.0,1.0,1.0,1.0,5.0,5.0,0.0,0.0,1068.45,24.783749,4,0,0,0,12,3,0,1,3,2,0
971,22.1,121.38,5,28800.0,0.6504,1.0,0.6504,1.0,5.0,5.0,0.0,0.0,1068.45,24.783749,4,0,11,0,12,3,0,0,3,2,0
954,32.4,119.25,4,28800.0,1.0,1.0,1.0,1.0,4.0,4.0,0.0,0.0,1068.45,24.783749,4,0,17,0,12,3,0,0,3,2,0
951,39.84,118.88,5,28800.0,1.0,1.0,1.0,1.0,2.0,2.0,0.0,0.0,1068.45,24.783749,4,0,3,1,12,3,0,1,3,2,0
1035,22.51,129.38,3,28800.0,0.7317,1.0,0.7317,1.0,3.0,3.0,0.0,0.0,1068.45,24.783749,4,0,11,1,12,3,0,0,3,2,0
1050,21.2,131.25,5,28800.0,0.6475,1.0,0.6475,1.0,5.0,5.0,0.0,0.0,1068.45,24.783749,4,0,16,1,12,3,0,0,3,2,0
767,40.71,95.88,2,28800.0,0.808,1.0,0.808,1.0,2.0,2.0,0.0,0.0,1068.45,24.783749,4,0,2,2,12,3,0,1,3,2,0
1050,24.69,131.25,5,28800.0,0.7412,1.0,0.7412,1.0,5.0,5.0,0.0,0.0,1068.45,24.783749,4,0,10,2,12,3,0,0,3,2,0
1050,49.01,131.25,5,28800.0,1.0,1.0,1.0,1.0,5.0,5.0,0.0,0.0,1068.45,24.783749,3,0,19,2,12,3,0,0,3,2,1
813,10.09,101.62,2,28800.0,0.2493,1.0,0.2493,1.0,8.0,8.0,0.0,0.0,1068.45,24.783749,2,0,2,3,12,3,0,1,3,2,1
961,12.78,122.11,2,28331.0,0.3724,0.9837,0.3786,1.0,2.0,2.0,0.0,0.0,1308.45,24.783749,1,0,12,3,12,3,0,0,3,2,0
885,27.48,112.37,5,28354.0,0.6926,0.9845,0.7035,1.0,5.0,5.0,0.0,0.0,1308.45,24.783749,1,0,19,3,12,3,0,0,3,2,0
1050,35.36,132.97,8,28428.0,0.9871,0.9871,1.0,1.0,4.0,4.0,0.0,0.0,1308.45,24.783749,1,0,3,4,12,3,0,1,3,2,0
1050,19.47,131.25,3,28800.0,0.63,1.0,0.63,1.0,3.0,3.0,0.0,0.0,1308.45,24.783749,1,0,12,4,12,3,0,0,3,2,0
1050,27.64,131.25,5,28800.0,0.9012,1.0,0.9012,1.0,5.0,5.0,0.0,0.0,1308.45,24.783749,1,0,20,4,12,3,0,0,3,2,0
926,35.57,115.75,4,28800.0,1.0,1.0,1.0,1.0,5.0,5.0,0.0,0.0,1308.45,24.783749,1,0,1,5,12,3,1,1,3,2,0
1050,23.37,131.25,3,28800.0,0.6369,1.0,0.6369,1.0,3.0,3.0,0.0,0.0,1308.45,24.783749,1,0,10,5,12,3,1,0,3,2,0
975,29.71,121.88,2,28800.0,0.9005,1.0,0.9005,1.0,2.0,2.0,0.0,0.0,1308.45,24.783749,1,0,19,5,12,3,1,0,3,2,0
1004,13.6,125.5,5,28800.0,0.3981,1.0,0.3981,1.0,5.0,5.0,0.0,0.0,1308.45,24.783749,1,0,23,5,12,3,1,1,3,2,0
1050,19.38,131.25,2,28800.0,0.5553,1.0,0.5553,1.0,2.0,2.0,0.0,0.0,1308.45,24.783749,1,0,7,6,12,3,1,0,3,2,0
939,39.47,117.38,6,28800.0,1.0,1.0,1.0,1.0,6.0,6.0,0.0,0.0,1308.45,24.783749,1,0,18,6,12,3,1,0,3,2,0
1050,13.12,131.25,6,28800.0,0.3868,1.0,0.3868,1.0,6.0,6.0,0.0,0.0,1308.45,24.783749,1,0,22,6,12,3,1,1,3,2,0
992,31.72,124.0,2,28800.0,0.8315,1.0,0.8315,1.0,2.0,2.0,0.0,0.0,1308.45,24.783749,1,0,10,0,13,3,0,0,3,2,0
1050,14.16,131.25,2,28800.0,0.4524,1.0,0.4524,1.0,2.0,2.0,0.0,0.0,1308.45,24.783749,1,0,14,0,13,3,0,0,3,2,0
960,30.68,120.0,2,28800.0,0.833,1.0,0.833,1.0,0.0,0.0,0.0,0.0,1308.45,24.783749,1,0,2,1,13,3,0,1,3,2,0
988,14.73,123.5,4,28800.0,0.4367,1.0,0.4367,1.0,4.0,4.0,0.0,0.0,1308.45,24.783749,1,0,11,1,13,3,0,0,3,2,0
989,15.76,123.62,4,28800.0,0.4327,1.0,0.4327,1.0,4.0,4.0,0.0,0.0,1308.45,24.783749,1,0,14,1,13,3,0,0,3,2,0
1050,32.93,131.25,0,28800.0,0.9565,1.0,1.0,1.0,4.0,4.0,0.0,0.0,1308.45,24.783749,1,0,1,2,13,3,0,1,3,2,0
1050,35.56,131.25,4,28800.0,1.0,1.0,1.0,1.0,4.0,4.0,0.0,0.0,1308.45,24.783749,1,0,11,2,13,3,0,0,3,2,0
1050,29.56,131.25,3,28800.0,1.0,1.0,1.0,1.0,3.0,3.0,0.0,0.0,1308.45,24.783749,1,0,20,2,13,3,0,0,3,2,0
789,20.92,98.62,4,28800.0,0.5011,1.0,0.5011,1.0,4.0,4.0,0.0,0.0,1308.45,24.783749,1,0,22,2,13,3,0,1,3,2,0
977,48.48,122.12,3,28800.0,1.0,1.0,1.0,1.0,3.0,3.0,0.0,0.0,1308.45,24.783749,1,0,7,3,13,3,0,0,3,2,0
955,44.34,119.38,3,28800.0,1.0,1.0,1.0,1.0,3.0,3.0,0.0,0.0,1308.45,24.783749,0,0,18,3,13,3,0,0,3,2,0
1019,40.91,127.38,3,28800.0,1.0,1.0,1.0,1.0,4.0,4.0,0.0,0.0,1308.45,24.783749,0,0,4,4,13,3,0,1,3,2,0
888,24.91,111.0,6,28800.0,0.5877,1.0,0.5877,1.0,6.0,6.0,0.0,0.0,1308.45,24.783749,0,0,9,4,13,3,0,0,3,2,0
909,18.33,113.62,4,28800.0,0.5653,1.0,0.5653,1.0,4.0,4.0,0.0,0.0,1308.45,24.783749,0,0,14,4,13,3,0,0,3,2,0
931,34.56,116.38,4,28800.0,0.9048,1.0,0.9048,1.0,4.0,4.0,0.0,0.0,1308.45,24.783749,0,0,3,5,13,3,1,1,3,2,0
1002,44.56,125.25,2,28800.0,1.0,1.0,1.0,1.0,2.0,2.0,0.0,0.0,1308.45,24.783749,0,0,11,5,13,3,1,0,3,2,0
1050,43.71,131.25,5,28800.0,1.0,1.0,1.0,1.0,5.0,5.0,0.0,0.0,1308.45,24.783749,0,0,18,5,13,3,1,0,3,2,0
995,43.02,124.38,4,28800.0,1.0,1.0,1.0,1.0,4.0,4.0,0.0,0.0,1308.45,24.783749,0,0,0,6,13,3,1,1,3,2,0
864,37.06,112.65,3,27612.0,0.8856,0.9587,0.9237,1.0,3.0,3.0,0.0,0.0,1308.45,24.783749,0,0,8,6,13,3,1,0,3,2,0
938,21.06,120.03,3,28134.0,0.6175,0.9769,0.6321,1.0,3.0,3.0,0.0,0.0,1379.67,24.783749,0,0,20,6,13,3,1,0,3,2,0
1050,31.19,131.25,5,28800.0,0.7544,1.0,0.9053,1.0,6.0,5.0,0.0,0.0,1379.67,24.783749,0,0,6,0,14,3,0,0,3,2,0
1050,40.23,131.25,2,28800.0,1.0,1.0,1.0,1.0,2.0,2.0,0.0,0.0,1379.67,24.783749,0,0,16,0,14,3,0,0,3,2,0
1010,17.34,126.25,2,28800.0,0.5829,1.0,0.5829,1.0,6.0,6.0,0.0,0.0,1379.67,24.783749,0,0,3,1,14,3,0,1,3,2,0
865,42.79,108.12,3,28800.0,1.0,1.0,1.0,1.0,3.0,3.0,0.0,0.0,1379.67,24.783749,0,0,13,1,14,3,0,0,3,2,2
884,25.46,110.5,6,28800.0,0.6455,1.0,0.6455,1.0,6.0,6.0,0.0,0.0,1379.67,24.783749,0,0,21,1,14,3,0,0,3,2,2
992,18.44,124.0,6,28800.0,0.6228,1.0,0.6228,1.0,3.0,3.0,0.0,0.0,1379.67,24.783749,0,0,2,2,14,4,0,1,3,2,2
1050,19.48,167.89,4,25715.625,0.6347,0.8929374999999999,0.8119,1.0,4.0,4.0,0.0,0.0,1379.67,24.783749,0,0,11,2,14,4,0,0,3,2,2
947,17.06,143.38,4,25715.625,0.3601,0.8929374999999999,0.5452,1.0,5.0,4.0,0.0,0.0,1407.27,0.01,1,1,21,2,14,4,0,0,3,2,0
892,31.3,137.07,3,25715.625,0.8134,0.8929374999999999,1.0,1.0,4.0,4.0,0.0,0.0,1407.27,0.1,1,1,0,3,14,4,0,1,3,2,0
1050,44.03,139.46,3,27104.0,0.9411,0.9411,1.0,1.0,3.0,3.0,0.0,0.0,1407.27,0.56,1,1,10,3,14,4,0,0,3,2,0
807,10.7,109.74,5,26474.0,0.2656,0.9192,0.289,1.0,5.0,5.0,0.0,0.0,1407.27,0.83,1,1,17,3,14,4,0,0,3,2,0
957,15.9,128.6,4,26791.0,0.4373,0.9302,0.4701,1.0,5.0,5.0,0.0,0.0,1500.15,1.19,2,1,2,4,14,4,0,1,3,2,0
876,24.71,109.5,4,28800.0,0.7416,1.0,0.7416,1.0,4.0,4.0,0.0,0.0,1500.15,1.5,2,1,9,4,14,4,0,0,3,2,0
1050,46.51,131.25,6,28800.0,1.0,1.0,1.0,1.0,6.0,6.0,0.0,0.0,1500.15,1.95,2,1,20,4,14,4,0,0,3,2,0
925,40.82,115.62,5,28800.0,1.0,1.0,1.0,1.0,4.0,4.0,0.0,0.0,1500.15,2.25,2,1,3,5,14,4,1,1,3,2,0
901,13.24,112.62,3,28800.0,0.3132,1.0,0.3132,1.0,3.0,3.0,0.0,0.0,1500.15,2.61,2,1,12,5,14,4,1,0,3,2,0
1050,37.32,131.25,5,28800.0,0.8333,1.0,1.0,1.0,6.0,5.0,0.0,0.0,1500.15,2.74,2,1,15,5,14,4,1,0,3,2,0
947,25.79,118.38,4,28800.0,0.6915,1.0,0.6915,1.0,7.0,7.0,0.0,0.0,1500.15,3.25,2,1,3,6,14,4,1,1,3,2,0
1050,36.17,131.25,4,28800.0,1.0,1.0,1.0,1.0,4.0,4.0,0.0,0.0,1500.15,3.4,2,1,7,6,14,4,1,0,3,2,0
1050,19.78,131.25,3,28800.0,0.4506,1.0,0.6008,1.0,4.0,3.0,0.0,0.0,1500.15,3.96,2,1,20,6,14,4,1,0,3,2,0
851,30.8,106.38,7,28800.0,0.7588,1.0,0.7588,1.0,4.0,4.0,0.0,0.0,1500.15,4.15,2,1,1,0,15,4,0,1,3,2,0
929,10.65,121.11,3,27614.0,0.3116,0.9588,0.325,1.0,3.0,3.0,0.0,0.0,1500.15,4.63,2,1,12,0,15,4,0,0,3,2,0
1045,42.82,134.68,4,27933.0,0.9699,0.9699,1.0,1.0,4.0,4.0,0.0,0.0,1500.15,4.81,2,1,17,0,15,4,0,0,3,2,0
1050,23.51,138.85,4,27223.0,0.7254,0.9452,0.7675,1.0,4.0,4.0,0.0,0.0,1574.52,5.04,2,1,22,0,15,4,0,1,3,2,0
1000,10.34,125.0,6,28800.0,0.3097,1.0,0.3097,1.0,6.0,6.0,0.0,0.0,1574.52,5.67,2,1,13,1,15,4,0,0,3,2,0
1003,14.51,125.38,6,28800.0,0.4785,1.0,0.4785,1.0,6.0,6.0,0.0,0.0,1574.52,5.9,2,1,19,1,15,4,0,0,3,2,0
949,28.88,118.62,1,28800.0,0.7351,1.0,0.7351,1.0,1.0,1.0,0.0,0.0,1574.52,6.05,2,1,22,1,15,4,0,1,3,2,0
993,26.97,124.12,2,28800.0,0.9282,1.0,0.9282,1.0,2.0,2.0,0.0,0.0,1574.52,6.44,2,1,8,2,15,4,0,0,3,2,0
1028,33.33,128.5,4,28800.0,1.0,1.0,1.0,1.0,4.0,4.0,0.0,0.0,1574.52,6.7,1,1,14,2,15,4,0,0,3,2,0
970,14.73,121.25,4,28800.0,0.2674,1.0,0.4011,1.0,6.0,4.0,0.0,0.0,1574.52,7.05,1,1,22,2,15,4,0,1,3,2,0
896,26.12,120.78,5,26706.0,0.6098,0.9273,0.6576,1.0,5.0,5.0,0.0,0.0,1574.52,7.58,1,1,11,3,15,4,0,0,3,2,2
860,20.2,116.24,4,26634.0,0.5288,0.9248,0.5718,1.0,4.0,4.0,0.0,0.0,1574.52,7.73,1,1,15,3,15,4,0,0,3,2,2
1050,30.33,143.32,3,26375.0,0.9158,0.9158,1.0,1.0,2.0,2.0,0.0,0.0,1582.23,0.12,0,2,3,4,15,4,0,1,3,2,2
1023,19.88,148.38,5,25715.625,0.5818,0.8929374999999999,0.6751,1.0,5.0,5.0,0.0,0.0,1689.86,0.55,1,2,13,4,15,4,0,0,3,2,0
1001,51.42,144.22,6,25715.625,0.8676,0.8929374999999999,1.0,1.0,6.0,6.0,0.0,0.0,1689.86,0.8,1,2,19,4,15,4,0,0,3,2,0
1014,35.33,147.46,2,25715.625,0.8596,0.8929374999999999,1.0,1.0,2.0,2.0,0.0,0.0,1689.86,0.99,1,2,0,5,15,4,1,1,3,2,0
1050,18.87,131.25,5,28800.0,0.4353,1.0,0.5224,1.0,6.0,5.0,0.0,0.0,1689.86,1.38,1,2,9,5,15,4,1,0,3,2,0
867,41.89,108.38,5,28800.0,1.0,1.0,1.0,1.0,5.0,5.0,0.0,0.0,1689.86,1.84,1,2,20,5,15,4,1,0,3,2,0
810,44.16,101.25,2,28800.0,1.0,1.0,1.0,1.0,2.0,2.0,0.0,0.0,1689.86,1.91,1,2,22,5,15,4,1,1,3,2,0
1005,42.19,125.62,4,28800.0,1.0,1.0,1.0,1.0,4.0,4.0,0.0,0.0,1689.86,2.31,1,2,7,6,15,4,1,0,3,2,0
983,24.56,122.88,4,28800.0,0.7512,1.0,0.7512,1.0,4.0,4.0,0.0,0.0,1689.86,2.57,1,2,14,6,15,4,1,0,3,2,0
1025,25.2,128.12,7,28800.0,0.8132,1.0,0.8132,1.0,3.0,3.0,0.0,0.0,1689.86,3.16,1,2,4,0,16,4,0,1,3,2,0
1050,12.78,131.25,3,28800.0,0.412,1.0,0.412,1.0,3.0,3.0,0.0,0.0,1689.86,3.35,1,2,8,0,16,4,0,0,3,2,0
907,33.26,113.38,3,28800.0,0.7013,1.0,0.935,1.0,4.0,3.0,0.0,0.0,1689.86,3.61,1,2,15,0,16,4,0,0,3,2,0
932,43.31,116.5,3,28800.0,1.0,1.0,1.0,1.0,8.0,8.0,0.0,0.0,1689.86,4.19,1,2,5,1,16,4,0,1,3,2,0
845,29.21,140.93,5,25715.625,0.7495,0.8929374999999999,1.0,1.0,5.0,5.0,0.0,0.0,1689.86,4.52,1,2,12,1,16,4,0,0,3,2,0
1050,44.46,150.15,3,25715.625,0.8741,0.8929374999999999,1.0,1.0,3.0,3.0,0.0,0.0,1689.86,4.57,1,2,14,1,16,4,0,0,3,2,0
923,44.85,144.87,8,25715.625,0.7964,0.8929374999999999,1.0,1.0,8.0,8.0,0.0,0.0,1689.86,4.91,1,3,22,1,16,4,0,1,3,2,0
1050,19.07,131.25,5,28800.0,0.5301,1.0,0.6362,1.0,6.0,5.0,0.0,0.0,1746.83,0.47,1,3,13,2,16,4,0,0,3,2,0
1041,14.98,130.12,5,28800.0,0.4804,1.0,0.4804,1.0,5.0,5.0,0.0,0.0,1746.83,0.61,1,3,16,2,16,4,0,0,3,2,0
1007,38.08,125.88,0,28800.0,0.0,1.0,1.0,1.0,3.0,3.0,0.0,0.0,1746.83,1.15,1,3,5,3,16,4,0,1,3,2,0
1032,9.72,129.0,5,28800.0,0.32,1.0,0.32,1.0,5.0,5.0,0.0,0.0,1746.83,1.34,1,3,10,3,16,4,0,0,3,2,0
1050,47.14,131.25,3,28800.0,1.0,1.0,1.0,1.0,3.0,3.0,0.0,0.0,1746.83,1.68,1,3,18,3,16,4,0,0,3,2,0
999,34.79,124.88,3,28800.0,1.0,1.0,1.0,1.0,3.0,3.0,0.0,0.0,1746.83,1.87,1,3,23,3,16,4,0,1,3,2,0
891,36.04,121.85,3,26325.0,0.8558,0.9141,0.9362,1.0,3.0,3.0,0.0,0.0,1746.83,2.28,0,3,8,4,16,4,0,0,3,2,0
1044,9.97,140.68,5,26716.0,0.2891,0.9276,0.374,1.0,6.0,5.0,0.0,0.0,1805.0,0.16,0,4,17,4,16,4,0,0,3,2,0
1050,43.37,146.47,1,25807.0,0.8961,0.8961,1.0,1.0,3.0,3.0,0.0,0.0,1805.0,0.51,0,4,1,5,16,4,1,1,3,2,0
1050,37.81,131.25,3,28800.0,1.0,1.0,1.0,1.0,3.0,3.0,0.0,0.0,1805.0,0.93,0,4,11,5,16,4,1,0,3,2,0
958,14.48,119.75,2,28800.0,0.3912,1.0,0.3912,1.0,2.0,2.0,0.0,0.0,1805.0,1.15,0,4,17,5,16,4,1,0,3,2,0
870,29.79,108.75,3,28800.0,0.6743,1.0,0.6743,1.0,4.0,4.0,0.0,0.0,1805.0,1.58,0,4,3,6,16,4,1,1,3,2,3
910,28.68,120.0,5,27301.0,0.8099,0.948,0.8543,1.0,5.0,5.0,0.0,0.0,1805.0,1.89,0,4,11,6,16,4,1,0,3,2,3
1010,11.25,133.67,6,27201.0,0.3171,0.9445,0.3357,1.0,6.0,6.0,0.0,0.0,1805.0,2.2,0,4,18,6,16,4,1,0,3,2,3
911,17.95,113.88,3,28800.0,0.471,1.0,0.471,1.0,3.0,3.0,0.0,0.0,1836.55,2.89,1,4,11,0,17,4,0,0,3,2,0
858,22.46,107.25,3,28800.0,0.5488,1.0,0.5488,1.0,3.0,3.0,0.0,0.0,1836.55,3.16,1,4,17,0,17,4,0,0,3,2,0
1018,31.6,127.25,5,28800.0,0.9031,1.0,0.9031,1.0,3.0,3.0,0.0,0.0,1836.55,3.65,1,4,5,1,17,4,0,1,3,2,0
1050,23.94,137.45,2,27501.0,0.7259,0.9549,0.7602,1.0,2.0,2.0,0.0,0.0,2076.55,3.92,1,4,11,1,17,4,0,0,3,2,0
877,45.02,116.07,3,27201.0,0.9445,0.9445,1.0,1.0,3.0,3.0,0.0,0.0,2076.55,4.17,1,4,17,1,17,4,0,0,3,2,0
829,11.97,110.56,3,26993.0,0.2919,0.9373,0.3114,1.0,4.0,4.0,0.0,0.0,2076.55,4.45,1,4,0,2,17,4,0,1,3,2,0
1050,28.74,131.25,4,28800.0,0.8852,1.0,0.8852,1.0,4.0,4.0,0.0,0.0,2076.55,4.79,1,4,8,2,17,4,0,0,3,2,0
1050,17.03,131.25,2,28800.0,0.5265,1.0,0.5265,1.0,2.0,2.0,0.0,0.0,2076.55,5.24,1,4,19,2,17,4,0,0,3,2,0
893,34.44,111.62,4,28800.0,1.0,1.0,1.0,1.0,3.0,3.0,0.0,0.0,2076.55,5.64,1,4,5,3,17,4,0,1,3,2,0
964,16.19,120.5,6,28800.0,0.4904,1.0,0.4904,1.0,6.0,6.0,0.0,0.0,2076.55,5.74,1,4,7,3,17,4,0,0,3,2,0
1050,25.84,131.25,6,28800.0,0.7813,1.0,0.7813,1.0,6.0,6.0,0.0,0.0,2076.55,6.19,1,4,18,3,17,4,0,0,3,2,0
931,31.32,116.38,3,28800.0,0.771,1.0,0.771,1.0,3.0,3.0,0.0,0.0,2076.55,6.44,1,4,0,4,17,4,0,1,3,2,0
1050,41.62,131.25,5,28800.0,0.8333,1.0,1.0,1.0,6.0,5.0,0.0,0.0,2076.55,6.73,1,4,7,4,17,4,0,0,3,2,0
993,33.57,124.12,6,28800.0,1.0,1.0,1.0,1.0,6.0,6.0,0.0,0.0,2076.55,7.12,1,4,16,4,17,4,0,0,3,2,0
1029,20.22,128.62,3,28800.0,0.6985,1.0,0.6985,1.0,5.0,5.0,0.0,0.0,2076.55,7.55,1,4,2,5,17,4,1,1,3,2,0
774,39.6,96.75,5,28800.0,0.9293,1.0,0.9293,1.0,5.0,5.0,0.0,0.0,2076.55,7.83,1,4,9,5,17,4,1,0,3,2,0
1030,14.92,128.75,2,28800.0,0.4403,1.0,0.4403,1.0,2.0,2.0,0.0,0.0,2076.55,8.08,1,4,15,5,17,4,1,0,3,2,0
974,20.22,121.75,5,28800.0,0.6551,1.0,0.6551,1.0,5.0,5.0,0.0,0.0,2076.55,8.37,1,4,22,5,17,4,1,1,3,2,0
789,21.39,98.62,6,28800.0,0.5594,1.0,0.5594,1.0,6.0,6.0,0.0,0.0,2076.55,8.91,1,4,11,6,17,4,1,0,3,2,0
900,27.69,112.5,3,28800.0,0.5134,1.0,0.8556,1.0,5.0,3.0,0.0,0.0,2076.55,9.15,1,4,17,6,17,4,1,0,3,2,0
1050,17.33,131.25,1,28800.0,0.5097,1.0,0.5097,1.0,4.0,4.0,0.0,0.0,2076.55,9.49,0,4,1,0,18,4,0,1,3,2,0
953,16.59,119.12,6,28800.0,0.4973,1.0,0.4973,1.0,6.0,6.0,0.0,0.0,2076.55,9.92,0,4,11,0,18,4,0,0,3,2,0
1041,21.46,130.12,3,28800.0,0.578,1.0,0.578,1.0,3.0,3.0,0.0,0.0,2076.55,10.09,0,4,15,0,18,4,0,0,3,2,0
1040,46.98,130.0,6,28800.0,1.0,1.0,1.0,1.0,6.0,6.0,0.0,0.0,2076.55,10.97,0,4,13,1,18,4,0,0,3,2,0
1021,19.94,127.62,3,28800.0,0.552,1.0,0.552,1.0,3.0,3.0,0.0,0.0,2076.55,11.26,0,4,19,1,18,4,0,0,3,2,0
987,11.77,123.38,5,28800.0,0.3345,1.0,0.3345,1.0,3.0,3.0,0.0,0.0,2076.55,11.67,0,4,5,2,18,4,0,1,3,2,0
1003,31.8,125.38,2,28800.0,0.8727,1.0,0.8727,1.0,2.0,2.0,0.0,0.0,2076.55,11.89,0,4,11,2,18,4,0,0,3,2,0
939,35.69,117.38,5,28800.0,0.8771,1.0,0.8771,1.0,5.0,5.0,0.0,0.0,2076.55,12.2,0,4,18,2,18,4,0,0,3,2,0
899,19.48,112.38,3,28800.0,0.5578,1.0,0.5578,1.0,6.0,6.0,0.0,0.0,2076.55,12.44,0,4,0,3,18,4,0,1,3,2,0
971,38.92,121.38,5,28800.0,1.0,1.0,1.0,1.0,5.0,5.0,0.0,0.0,2076.55,12.95,0,4,12,3,18,4,0,0,3,2,0
970,37.71,121.25,6,28800.0,1.0,1.0,1.0,1.0,6.0,6.0,0.0,0.0,2076.55,13.08,0,4,15,3,18,4,0,0,3,2,0
1000,23.43,125.0,6,28800.0,0.6108,1.0,0.6108,1.0,6.0,6.0,0.0,0.0,2076.55,13.36,0,4,22,3,18,4,0,1,3,2,0
1050,13.62,151.16,6,25715.625,0.4091,0.8929374999999999,0.4711,1.0,6.0,6.0,0.0,0.0,2076.55,13.79,0,4,8,4,18,5,0,0,3,2,0
843,30.89,113.44,5,26752.0,0.7944,0.9289,0.8552,1.0,5.0,5.0,0.0,0.0,2188.93,0.06,1,4,20,4,18,5,0,0,3,2,0
1030,26.92,146.95,1,25715.625,0.8761,0.8929374999999999,1.0,1.0,6.0,6.0,0.0,0.0,2188.93,0.22,1,4,0,5,18,5,1,1,3,2,0
785,48.92,98.12,4,28800.0,1.0,1.0,1.0,1.0,4.0,4.0,0.0,0.0,2188.93,0.64,1,4,10,5,18,5,1,0,3,2,0
914,27.76,114.25,6,28800.0,0.709,1.0,0.709,1.0,6.0,6.0,0.0,0.0,2188.93,0.86,1,4,15,5,18,5,1,0,3,2,0
1050,38.94,131.25,6,28800.0,1.0,1.0,1.0,1.0,2.0,2.0,0.0,0.0,2188.93,1.42,1,4,4,6,18,5,1,1,3,2,0
973,15.4,121.62,2,28800.0,0.4199,1.0,0.4199,1.0,2.0,2.0,0.0,0.0,2188.93,1.52,1,4,7,6,18,5,1,0,3,2,0
888,28.78,111.0,6,28800.0,0.8307,1.0,0.8307,1.0,6.0,6.0,0.0,0.0,2188.93,1.84,1,4,14,6,18,5,1,0,3,2,0
1032,22.31,129.0,2,28800.0,0.659,1.0,0.659,1.0,2.0,2.0,0.0,0.0,2188.93,2.21,1,4,23,6,18,5,1,1,3,2,0
812,42.4,101.5,5,28800.0,1.0,1.0,1.0,1.0,5.0,5.0,0.0,0.0,2188.93,2.56,1,4,8,0,19,5,0,0,3,2,0
929,32.85,116.12,2,28800.0,0.8603,1.0,0.8603,1.0,2.0,2.0,0.0,0.0,2188.93,3.04,1,4,19,0,19,5,0,0,3,2,0
947,27.17,118.38,4,28800.0,0.753,1.0,0.753,1.0,4.0,4.0,0.0,0.0,2188.93,3.5,1,4,6,1,19,5,0,0,3,2,0
1050,36.56,131.25,6,28800.0,1.0,1.0,1.0,1.0,6.0,6.0,0.0,0.0,2188.93,3.81,1,4,14,1,19,5,0,0,3,2,0
1034,44.34,129.25,3,28800.0,1.0,1.0,1.0,1.0,6.0,6.0,0.0,0.0,2188.93,4.24,1,4,0,2,19,5,0,1,3,2,0
1050,21.7,168.55,3,25715.625,0.6596,0.8929374999999999,0.847,1.0,3.0,3.0,0.0,0.0,2188.93,4.55,1,5,8,2,19,5,0,0,3,2,0
882,37.25,132.75,4,25715.625,0.8305,0.8929374999999999,1.0,1.0,4.0,4.0,0.0,0.0,2259.74,0.44,1,6,20,2,19,5,0,0,3,2,0
1015,16.52,147.21,6,25715.625,0.4966,0.8929374999999999,0.5762,1.0,5.0,5.0,0.0,0.0,2259.74,0.74,1,6,3,3,19,5,0,1,3,2,0
985,39.44,123.12,6,28800.0,1.0,1.0,1.0,1.0,6.0,6.0,0.0,0.0,2259.74,0.86,1,6,6,3,19,5,0,0,3,2,0
1011,33.38,126.38,4,28800.0,1.0,1.0,1.0,1.0,4.0,4.0,0.0,0.0,2259.74,1.28,1,6,16,3,19,5,0,0,3,2,0
893,35.41,111.62,5,28800.0,1.0,1.0,1.0,1.0,6.0,6.0,0.0,0.0,2259.74,1.61,1,6,0,4,19,5,0,1,3,2,0
886,25.74,110.75,2,28800.0,0.3388,1.0,0.6777,1.0,4.0,2.0,0.0,0.0,2259.74,2.05,0,6,10,4,19,5,0,0,3,2,0
944,41.5,118.0,6,28800.0,1.0,1.0,1.0,1.0,6.0,6.0,0.0,0.0,2259.74,2.24,0,6,15,4,19,5,0,0,3,2,0
1019,24.16,127.38,6,28800.0,0.668,1.0,0.668,1.0,4.0,4.0,0.0,0.0,2259.74,2.79,0,6,4,5,19,5,1,1,3,2,3
1007,36.06,137.56,2,26354.0,0.9151,0.9151,1.0,1.0,2.0,2.0,0.0,0.0,2259.74,3.07,0,6,11,5,19,5,1,0,3,2,3
1050,21.46,160.55,4,25715.625,0.6843,0.8929374999999999,0.8371,1.0,6.0,5.0,0.0,0.0,2298.19,0.49,1,6,2,6,19,5,1,1,3,2,0
1038,12.47,129.75,2,28800.0,0.4408,1.0,0.4408,1.0,2.0,2.0,0.0,0.0,2298.19,1.18,1,6,19,6,19,5,1,0,3,2,3
840,25.17,105.0,5,28800.0,0.4715,1.0,0.5658,1.0,6.0,5.0,0.0,0.0,2298.19,1.5,1,6,3,0,20,5,0,1,3,2,3
1046,10.1,148.27,4,25715.625,0.3283,0.8929374999999999,0.3723,1.0,4.0,4.0,0.0,0.0,2329.74,1.78,2,6,10,0,20,5,0,0,3,2,0
939,15.4,127.03,2,26611.0,0.4066,0.924,0.44,1.0,2.0,2.0,0.0,0.0,2329.74,2.15,2,6,18,0,20,5,0,0,3,2,2
980,25.02,134.66,5,26200.0,0.5773,0.9097,0.7616,1.0,4.0,4.0,0.0,0.0,2329.74,2.48,2,6,2,1,20,5,0,1,3,2,2
1008,32.62,133.73,2,27135.0,0.9422,0.9422,1.0,1.0,2.0,2.0,0.0,0.0,2329.74,2.84,2,6,11,1,20,5,0,0,3,2,2
952,21.87,126.86,5,27015.0,0.5663,0.938,0.6037,1.0,5.0,5.0,0.0,0.0,2329.74,3.13,3,6,18,1,20,5,0,0,3,2,0
880,44.35,120.08,4,26382.0,0.916,0.916,1.0,1.0,5.0,5.0,0.0,0.0,2359.75,3.54,3,6,4,2,20,5,0,1,3,2,0
1050,44.92,131.25,5,28800.0,0.8333,1.0,1.0,1.0,6.0,5.0,0.0,0.0,2359.75,3.64,3,6,6,2,20,5,0,0,3,2,0
1050,39.33,131.25,2,28800.0,1.0,1.0,1.0,1.0,2.0,2.0,0.0,0.0,2359.75,4.03,3,6,16,2,20,5,0,0,3,2,0
938,36.09,117.25,5,28800.0,1.0,1.0,1.0,1.0,6.0,5.0,0.0,0.0,2365.54,4.57,3,6,5,3,20,5,0,1,3,2,0
919,10.93,131.21,3,25715.625,0.3067,0.8929374999999999,0.3503,1.0,3.0,3.0,0.0,0.0,2365.54,4.68,3,6,7,3,20,5,0,0,3,2,0
882,39.59,132.32,6,25715.625,0.8332,0.8929374999999999,1.0,1.0,6.0,6.0,0.0,0.0,2372.05,5.19,3,8,19,3,20,5,0,0,3,2,0
968,42.02,140.45,5,25715.625,0.7179,0.8929374999999999,1.0,1.0,6.0,5.0,0.0,0.0,2448.64,0.08,3,7,23,3,20,5,0,1,3,2,0
932,34.38,116.5,2,28800.0,0.6667,1.0,1.0,1.0,3.0,2.0,0.0,0.0,2448.64,0.42,3,7,7,4,20,5,0,0,3,2,0
1017,42.82,127.12,4,28800.0,1.0,1.0,1.0,1.0,4.0,4.0,0.0,0.0,2448.64,0.8,3,7,16,4,20,5,0,0,3,2,0
986,37.78,123.25,6,28800.0,1.0,1.0,1.0,1.0,4.0,4.0,0.0,0.0,2448.64,1.31,3,7,4,5,20,5,1,1,3,2,0
967,10.43,120.88,5,28800.0,0.322,1.0,0.322,1.0,5.0,5.0,0.0,0.0,2448.64,1.48,3,7,8,5,20,5,1,0,3,2,0
984,26.16,123.0,5,28800.0,0.6755,1.0,0.6755,1.0,5.0,5.0,0.0,0.0,2448.64,2.01,3,7,21,5,20,5,1,0,3,2,0
940,10.32,117.5,4,28800.0,0.2947,1.0,0.2947,1.0,5.0,5.0,0.0,0.0,2448.64,2.13,2,7,0,6,20,5,1,1,3,2,0
1018,34.41,127.25,3,28800.0,1.0,1.0,1.0,1.0,3.0,3.0,0.0,0.0,2448.64,2.57,2,7,10,6,20,5,1,0,3,2,0
976,39.25,122.0,3,28800.0,0.75,1.0,1.0,1.0,4.0,3.0,0.0,0.0,2448.64,2.81,2,6,16,6,20,5,1,0,3,2,0
1011,24.07,126.38,5,28800.0,0.6498,1.0,0.6498,1.0,3.0,3.0,0.0,0.0,2455.97,3.27,3,6,3,0,21,5,0,1,3,2,0
1050,41.23,141.03,4,26802.0,0.9306,0.9306,1.0,1.0,4.0,4.0,0.0,0.0,2455.97,3.49,2,6,8,0,21,5,0,0,3,2,0
1050,38.1,139.65,4,27068.0,0.9399,0.9399,1.0,1.0,4.0,4.0,0.0,0.0,2498.66,3.8,2,6,16,0,21,5,0,0,3,2,0
1050,41.29,139.84,3,27031.0,0.9386,0.9386,1.0,1.0,5.0,5.0,0.0,0.0,2498.66,4.33,2,6,5,1,21,5,0,1,3,2,0
1050,17.37,131.25,6,28800.0,0.5888,1.0,0.5888,1.0,6.0,6.0,0.0,0.0,2498.66,4.6,2,6,11,1,21,5,0,0,3,2,3
916,14.93,114.5,4,28800.0,0.4577,1.0,0.4577,1.0,4.0,4.0,0.0,0.0,2498.66,5.0,1,6,21,1,21,5,0,0,3,2,3
1037,20.21,129.62,5,28800.0,0.6355,1.0,0.6355,1.0,4.0,3.0,0.0,0.0,2498.66,5.22,1,6,2,2,21,5,0,1,3,2,3
1050,17.28,150.58,2,25715.625,0.5604,0.8929374999999999,0.6429,1.0,2.0,2.0,0.0,0.0,2498.66,5.38,1,6,6,2,21,5,0,0,3,2,3
979,45.03,135.42,3,26026.0,0.9037,0.9037,1.0,1.0,3.0,3.0,0.0,0.0,2679.06,5.77,2,6,15,2,21,5,0,0,3,2,0
924,8.93,148.45,3,25715.625,0.2125,0.8929374999999999,0.3641,1.0,3.0,3.0,0.0,0.0,2679.06,6.15,2,6,0,3,21,5,0,1,3,2,0
923,32.48,115.38,4,28800.0,1.0,1.0,1.0,1.0,4.0,4.0,0.0,0.0,2679.06,6.65,2,6,12,3,21,5,0,0,3,2,0
826,11.33,103.25,5,28800.0,0.3146,1.0,0.3146,1.0,5.0,5.0,0.0,0.0,2679.06,6.77,2,6,15,3,21,5,0,0,3,2,0
1050,22.81,131.25,3,28800.0,0.6829,1.0,0.6829,1.0,3.0,3.0,0.0,0.0,2679.06,7.06,2,6,22,3,21,5,0,1,3,2,0
965,35.47,120.62,6,28800.0,0.9677,1.0,0.9677,1.0,6.0,6.0,0.0,0.0,2679.06,7.5,2,6,9,4,21,5,0,0,3,2,0
1050,33.53,131.25,2,28800.0,1.0,1.0,1.0,1.0,2.0,2.0,0.0,0.0,2679.06,7.77,2,6,15,4,21,5,0,0,3,2,0
842,25.75,105.25,6,28800.0,0.5815,1.0,0.5815,1.0,3.0,3.0,0.0,0.0,2679.06,8.19,2,6,1,5,21,5,1,1,3,2,0
1001,33.11,125.12,6,28800.0,1.0,1.0,1.0,1.0,6.0,6.0,0.0,0.0,2679.06,8.97,2,6,20,5,21,5,1,0,3,2,0
1050,19.92,131.25,3,28800.0,0.6603,1.0,0.6603,1.0,3.0,3.0,0.0,0.0,2679.06,9.12,2,6,0,6,21,5,1,1,3,2,0
1050,34.78,131.25,5,28800.0,0.8333,1.0,1.0,1.0,6.0,5.0,0.0,0.0,2679.06,9.38,2,6,6,6,21,5,1,0,3,2,0
742,39.1,92.75,3,28800.0,0.9388,1.0,0.9388,1.0,3.0,3.0,0.0,0.0,2679.06,9.95,2,6,20,6,21,5,1,0,3,2,0
1050,13.96,131.25,3,28800.0,0.4743,1.0,0.4743,1.0,5.0,5.0,0.0,0.0,2679.06,10.27,1,6,3,0,22,5,0,1,3,2,0
1050,21.87,131.25,2,28800.0,0.7346,1.0,0.7346,1.0,2.0,2.0,0.0,0.0,2679.06,10.53,1,6,9,0,22,5,0,0,3,2,0
885,45.98,110.62,6,28800.0,1.0,1.0,1.0,1.0,6.0,6.0,0.0,0.0,2679.06,10.99,1,6,20,0,22,5,0,0,3,2,0
910,12.27,113.75,5,28800.0,0.3428,1.0,0.3428,1.0,3.0,3.0,0.0,0.0,2679.06,11.22,1,6,2,1,22,5,0,1,3,2,0
1050,12.18,131.25,3,28800.0,0.2934,1.0,0.3912,1.0,4.0,3.0,0.0,0.0,2679.06,11.57,1,6,10,1,22,5,0,0,3,2,0
1050,25.45,131.25,5,28800.0,0.8141,1.0,0.8141,1.0,5.0,5.0,0.0,0.0,2679.06,11.82,1,6,16,1,22,5,0,0,3,2,0
836,20.52,104.5,3,28800.0,0.5614,1.0,0.5614,1.0,3.0,3.0,0.0,0.0,2679.06,12.05,1,6,22,1,22,5,0,1,3,2,0
1050,35.87,140.31,3,26941.0,0.9355,0.9355,1.0,1.0,3.0,3.0,0.0,0.0,2679.06,12.4,0,6,6,2,22,5,0,0,3,2,2
858,37.09,113.2,3,27286.0,0.9474,0.9474,1.0,1.0,3.0,3.0,0.0,0.0,2679.06,12.91,0,6,18,2,22,5,0,0,3,2,2
924,43.45,124.92,3,26629.0,0.9246,0.9246,1.0,1.0,3.0,3.0,0.0,0.0,2679.06,13.09,1,6,23,2,22,5,0,1,3,2,0
1035,28.48,129.38,5,28800.0,0.6328,1.0,0.7594,1.0,6.0,5.0,0.0,0.0,2725.12,13.55,1,6,10,3,22,5,0,0,3,2,0
1050,23.38,131.25,5,28800.0,0.7288,1.0,0.7288,1.0,5.0,5.0,0.0,0.0,2725.12,13.72,1,6,14,3,22,5,0,0,3,2,0
768,32.36,96.0,6,28800.0,0.6931,1.0,0.6931,1.0,3.0,3.0,0.0,0.0,2725.12,14.36,1,6,5,4,22,5,0,1,3,2,0
947,31.04,130.98,3,26029.0,0.9038,0.9038,1.0,1.0,3.0,3.0,0.0,0.0,2725.12,14.43,1,6,7,4,22,5,0,0,3,2,0
1014,39.93,153.24,5,25715.625,0.8272,0.8929374999999999,1.0,1.0,5.0,5.0,0.0,0.0,2725.12,14.74,1,6,14,4,22,5,0,0,3,2,0
1050,14.56,150.67,3,25715.625,0.3981,0.8929374999999999,0.457,1.0,3.0,3.0,0.0,0.0,2725.12,15.11,1,7,23,4,22,5,0,1,3,2,0
1050,38.88,139.6,2,27078.0,0.4701,0.9402,1.0,1.0,4.0,2.0,0.0,0.0,2805.43,0.01,1,8,10,5,22,5,1,0,3,2,0
1050,11.03,146.17,4,25860.0,0.3974,0.8979,0.4426,1.0,4.0,4.0,0.0,0.0,2805.43,0.22,1,8,15,5,22,5,1,0,3,2,0
810,21.56,107.27,3,27183.0,0.5842,0.9439,0.6189,1.0,4.0,4.0,0.0,0.0,2805.43,0.74,1,8,4,6,22,5,1,1,3,2,0
1050,39.19,131.25,3,28800.0,1.0,1.0,1.0,1.0,3.0,3.0,0.0,0.0,2805.43,1.09,1,8,12,6,22,5,1,0,3,2,0
1050,25.1,131.25,4,28800.0,0.709,1.0,0.8863,1.0,5.0,4.0,0.0,0.0,2805.43,1.38,1,7,19,6,22,5,1,0,3,2,0
920,28.03,115.0,4,28800.0,0.873,1.0,0.873,1.0,4.0,4.0,0.0,0.0,2805.43,1.56,1,7,23,6,22,5,1,1,3,2,0
925,30.35,115.62,3,28800.0,0.6752,1.0,0.9003,1.0,4.0,3.0,0.0,0.0,2805.43,1.86,1,7,7,0,23,6,0,0,3,2,0
946,26.2,118.25,2,28800.0,0.7036,1.0,0.7036,1.0,2.0,2.0,0.0,0.0,2805.43,2.4,1,7,20,0,23,6,0,0,3,2,1
988,39.67,123.5,2,28800.0,1.0,1.0,1.0,1.0,2.0,2.0,0.0,0.0,2805.43,2.52,1,7,22,0,23,6,0,1,3,2,1
949,20.56,134.38,4,25715.625,0.5496,0.8929374999999999,0.6226,1.0,4.0,4.0,0.0,0.0,2805.43,2.82,1,7,6,1,23,6,0,0,3,2,1
1050,24.47,137.28,4,27534.0,0.7105,0.956,0.7432,1.0,4.0,4.0,0.0,0.0,2819.13,3.38,2,7,19,1,23,6,0,0,3,2,0
1050,37.7,145.61,3,25960.0,0.9014,0.9014,1.0,1.0,3.0,3.0,0.0,0.0,2819.13,3.55,2,7,23,1,23,6,0,1,3,2,0
1003,22.74,144.72,4,25715.625,0.722,0.8929374999999999,0.8333,1.0,4.0,4.0,0.0,0.0,2967.61,0.03,2,8,8,2,23,6,0,0,3,2,0
1028,38.77,169.79,3,25715.625,0.5676,0.8929374999999999,1.0,1.0,4.0,3.0,0.0,0.0,2967.61,0.34,2,8,16,2,23,6,0,0,3,2,0
777,30.9,123.53,1,25715.625,0.3525,0.8929374999999999,0.8966,1.0,2.0,1.0,0.0,0.0,2967.61,0.65,1,8,23,2,23,6,0,1,3,2,0
892,39.01,111.5,5,28800.0,0.8333,1.0,1.0,1.0,6.0,5.0,0.0,0.0,2967.61,1.2,1,8,12,3,23,6,0,0,3,2,0
909,27.29,113.62,2,28800.0,0.6732,1.0,0.6732,1.0,2.0,2.0,0.0,0.0,2967.61,1.38,1,8,17,3,23,6,0,0,3,2,0
953,32.48,119.12,4,28800.0,1.0,1.0,1.0,1.0,4.0,4.0,0.0,0.0,2967.61,1.79,1,8,3,4,23,6,0,1,3,2,0
1048,42.05,131.0,5,28800.0,1.0,1.0,1.0,1.0,5.0,5.0,0.0,0.0,2967.61,2.15,1,6,11,4,23,6,0,0,3,2,0
987,20.49,123.38,2,28800.0,0.5775,1.0,0.5775,1.0,2.0,2.0,0.0,0.0,2967.61,2.38,1,6,17,4,23,6,0,0,3,2,0
1012,14.73,126.5,4,28800.0,0.3925,1.0,0.3925,1.0,7.0,6.0,0.0,0.0,2967.61,2.82,1,6,3,5,23,6,1,1,3,2,0
1050,11.04,131.25,3,28800.0,0.3365,1.0,0.3365,1.0,3.0,3.0,0.0,0.0,2967.61,3.2,1,6,12,5,23,6,1,0,3,2,0
925,44.66,115.62,3,28800.0,1.0,1.0,1.0,1.0,3.0,3.0,0.0,0.0,2967.61,3.32,1,6,15,5,23,6,1,0,3,2,0
954,38.62,119.25,6,28800.0,0.8571,1.0,1.0,1.0,1.0,1.0,0.0,0.0,2967.61,3.66,1,6,0,6,23,6,1,1,3,2,0
1050,23.42,131.25,5,28800.0,0.6854,1.0,0.6854,1.0,5.0,5.0,0.0,0.0,2967.61,4.01,1,6,8,6,23,6,1,0,3,2,0
1050,16.73,131.25,3,28800.0,0.4776,1.0,0.4776,1.0,3.0,3.0,0.0,0.0,2967.61,4.39,1,6,17,6,23,6,1,0,3,2,0
1050,46.55,131.25,1,28800.0,1.0,1.0,1.0,1.0,6.0,6.0,0.0,0.0,2967.61,4.67,1,6,0,0,24,6,0,1,3,2,0
1050,19.04,131.25,4,28800.0,0.5425,1.0,0.5425,1.0,4.0,4.0,0.0,0.0,2967.61,5.07,1,6,10,0,24,6,0,0,3,2,0
975,25.26,121.88,2,28800.0,0.6971,1.0,0.6971,1.0,2.0,2.0,0.0,0.0,2967.61,5.32,1,5,15,0,24,6,0,0,3,2,2
1008,42.22,126.0,6,28800.0,1.0,1.0,1.0,1.0,4.0,4.0,0.0,0.0,2967.61,5.67,1,5,0,1,24,6,0,1,3,2,2
932,24.12,141.4,5,25715.625,0.7423,0.8929374999999999,0.901,1.0,5.0,5.0,0.0,0.0,2967.61,6.05,1,5,9,1,24,6,0,0,3,2,2
1050,44.91,163.86,3,25715.625,0.6008,0.8929374999999999,1.0,1.0,4.0,3.0,0.0,0.0,2967.61,6.26,1,5,14,1,24,6,0,0,3,2,0
835,34.61,122.61,4,25715.625,0.8512,0.8929374999999999,1.0,1.0,4.0,4.0,0.0,0.0,2999.16,6.7,1,5,1,2,24,6,0,1,3,2,3
931,28.02,126.19,5,26561.0,0.6543,0.9223,0.8514,1.0,6.0,5.0,0.0,0.0,2999.16,6.99,1,5,8,2,24,6,0,0,3,2,3
1014,10.59,136.39,3,26764.0,0.263,0.9293,0.3774,1.0,4.0,3.0,0.0,0.0,2999.16,7.39,1,5,17,2,24,6,0,0,3,2,3
1028,20.27,145.89,4,25715.625,0.7071,0.8929374999999999,0.8028,1.0,2.0,2.0,0.0,0.0,3239.16,7.85,2,5,4,3,24,6,0,1,3,2,0
926,16.73,115.75,6,28800.0,0.4395,1.0,0.4395,1.0,6.0,6.0,0.0,0.0,3239.16,8.19,2,5,12,3,24,6,0,0,3,2,0
1050,13.21,131.25,2,28800.0,0.4313,1.0,0.4313,1.0,2.0,2.0,0.0,0.0,3239.16,8.46,2,5,19,3,24,6,0,0,3,2,0
954,36.98,119.25,2,28800.0,0.9245,1.0,0.9245,1.0,2.0,2.0,0.0,0.0,3239.16,8.59,2,5,22,3,24,6,0,1,3,2,0
1036,19.49,129.5,3,28800.0,0.5392,1.0,0.5392,1.0,3.0,3.0,0.0,0.0,3239.16,8.94,2,5,6,4,24,6,0,0,3,2,0
996,39.8,124.5,5,28800.0,1.0,1.0,1.0,1.0,5.0,5.0,0.0,0.0,3239.16,9.54,2,5,21,4,24,6,0,0,3,2,0
794,9.77,99.25,4,28800.0,0.1928,1.0,0.241,1.0,2.0,1.0,0.0,0.0,3239.16,9.79,2,5,3,5,24,6,1,1,3,2,0
1050,22.26,131.25,6,28800.0,0.6081,1.0,0.6081,1.0,6.0,6.0,0.0,0.0,3239.16,10.16,2,4,12,5,24,6,1,0,3,2,0
1045,31.18,130.62,4,28800.0,1.0,1.0,1.0,1.0,4.0,4.0,0.0,0.0,3239.16,10.43,2,3,18,5,24,6,1,0,3,2,0
936,40.68,117.0,1,28800.0,0.5,1.0,1.0,1.0,3.0,3.0,0.0,0.0,3239.16,10.77,2,3,2,6,24,6,1,1,3,2,0
1050,31.54,131.25,5,28800.0,1.0,1.0,1.0,1.0,5.0,5.0,0.0,0.0,3239.16,11.02,2,3,8,6,24,6,1,0,3,2,0
1050,39.6,131.25,3,28800.0,1.0,1.0,1.0,1.0,5.0,4.0,0.0,0.0,3239.16,11.72,2,3,1,0,25,6,0,1,3,2,0
945,29.14,118.12,3,28800.0,0.9027,1.0,0.9027,1.0,3.0,3.0,0.0,0.0,3239.16,11.95,2,3,7,0,25,6,0,0,3,2,0
902,14.4,112.75,5,28800.0,0.2806,1.0,0.3367,1.0,6.0,5.0,0.0,0.0,3239.16,12.32,2,3,15,0,25,6,0,0,3,2,0
842,16.18,105.25,4,28800.0,0.3001,1.0,0.3751,1.0,5.0,4.0,0.0,0.0,3239.16,12.64,2,3,23,0,25,6,0,1,3,2,0
944,29.4,118.0,5,28800.0,0.8352,1.0,0.8352,1.0,5.0,5.0,0.0,0.0,3239.16,13.18,2,3,12,1,25,6,0,0,3,2,0
1047,10.61,130.88,2,28800.0,0.3257,1.0,0.3257,1.0,2.0,2.0,0.0,0.0,3239.16,13.43,1,3,18,1,25,6,0,0,3,2,0
959,36.36,119.88,3,28800.0,0.9127,1.0,0.9127,1.0,6.0,6.0,0.0,0.0,3239.16,13.78,1,3,3,2,25,6,0,1,3,2,0
1050,44.22,131.25,4,28800.0,1.0,1.0,1.0,1.0,4.0,4.0,0.0,0.0,3239.16,13.97,1,3,7,2,25,6,0,0,3,2,0
1046,10.96,130.75,4,28800.0,0.3015,1.0,0.3015,1.0,4.0,4.0,0.0,0.0,3239.16,14.38,1,3,17,2,25,6,0,0,3,2,0
1050,21.84,131.25,6,28800.0,0.7499,1.0,0.7499,1.0,5.0,4.0,0.0,0.0,3239.16,14.77,0,3,2,3,25,6,0,1,3,2,0
1050,47.37,131.25,3,28800.0,1.0,1.0,1.0,1.0,3.0,3.0,0.0,0.0,3239.16,14.93,0,3,6,3,25,6,0,0,3,2,0
760,21.78,95.0,4,28800.0,0.4373,1.0,0.4373,1.0,4.0,4.0,0.0,0.0,3239.16,15.56,0,3,21,3,25,6,0,0,3,2,0
956,15.9,119.5,4,28800.0,0.4116,1.0,0.5145,1.0,5.0,4.0,0.0,0.0,3239.16,15.61,0,3,22,3,25,6,0,1,3,2,0
942,41.11,117.75,4,28800.0,1.0,1.0,1.0,1.0,4.0,4.0,0.0,0.0,3239.16,16.05,0,3,9,4,25,6,0,0,3,2,0
1048,25.04,131.0,5,28800.0,0.8919,1.0,0.8919,1.0,5.0,5.0,0.0,0.0,3239.16,16.32,0,3,15,4,25,6,0,0,3,2,0
1029,18.81,128.62,3,28800.0,0.6388,1.0,0.6388,1.0,4.0,4.0,0.0,0.0,3239.16,16.77,0,3,2,5,25,6,1,1,3,2,0
973,38.56,121.62,2,28800.0,1.0,1.0,1.0,1.0,2.0,2.0,0.0,0.0,3239.16,16.95,0,3,7,5,25,6,1,0,3,2,0
1050,36.57,131.25,3,28800.0,1.0,1.0,1.0,1.0,3.0,3.0,0.0,0.0,3239.16,17.5,0,3,20,5,25,6,1,0,3,2,0
925,46.54,115.62,4,28800.0,1.0,1.0,1.0,1.0,4.0,4.0,0.0,0.0,3239.16,17.63,0,3,23,5,25,6,1,1,3,2,0
1050,14.21,141.22,6,26766.0,0.4171,0.9294,0.4488,1.0,6.0,6.0,0.0,0.0,3284.29,0.34,0,4,13,6,25,6,1,0,3,2,0
981,43.65,143.51,5,25715.625,0.8545,0.8929374999999999,1.0,1.0,5.0,5.0,0.0,0.0,3284.29,0.5,0,4,16,6,25,6,1,0,3,2,0
1007,20.4,135.07,2,26840.0,0.5874,0.9319,0.6303,1.0,4.0,4.0,0.0,0.0,3284.29,1.02,0,4,5,0,26,6,0,1,3,2,0
1023,33.15,127.88,3,28800.0,1.0,1.0,1.0,1.0,3.0,3.0,0.0,0.0,3284.29,1.25,0,4,10,0,26,6,0,0,3,2,0
1050,33.49,131.25,3,28800.0,0.7199,1.0,0.9599,1.0,4.0,3.0,0.0,0.0,3284.29,1.48,0,4,16,0,26,6,0,0,3,2,0
964,49.05,120.5,4,28800.0,1.0,1.0,1.0,1.0,4.0,4.0,0.0,0.0,3284.29,1.74,0,4,22,0,26,6,0,1,3,2,0
1013,30.77,130.56,3,27931.0,0.6452,0.9698,0.8871,1.0,4.0,3.0,0.0,0.0,3303.71,2.31,0,4,12,1,26,6,0,0,3,2,0
979,38.68,127.64,5,27612.0,0.7989,0.9587,1.0,1.0,6.0,5.0,0.0,0.0,3303.71,2.43,0,4,15,1,26,6,0,0,3,2,0
957,9.22,123.7,1,27852.0,0.305,0.9671,0.3154,1.0,1.0,1.0,0.0,0.0,3303.71,2.78,0,5,23,1,26,6,0,1,3,2,0
978,15.96,155.28,5,25715.625,0.49,0.8929374999999999,0.6224,1.0,5.0,5.0,0.0,0.0,3311.62,3.19,0,5,9,2,26,6,0,0,3,2,0
1050,15.64,153.42,5,25715.625,0.4583,0.8929374999999999,0.5357,1.0,5.0,5.0,0.0,0.0,3311.62,3.47,0,6,16,2,26,6,0,0,3,2,0
983,9.44,156.29,4,25715.625,0.3127,0.8929374999999999,0.3977,1.0,4.0,4.0,0.0,0.0,3381.07,0.24,0,6,23,2,26,6,0,1,3,2,0
1050,42.75,131.25,4,28800.0,0.8,1.0,1.0,1.0,5.0,4.0,0.0,0.0,3381.07,0.83,0,6,13,3,26,6,0,0,3,2,0
1023,34.4,127.88,6,28800.0,1.0,1.0,1.0,1.0,6.0,6.0,0.0,0.0,3381.07,1.15,0,6,21,3,26,6,0,0,3,2,0
941,29.33,117.62,2,28800.0,0.8547,1.0,0.8547,1.0,2.0,2.0,0.0,0.0,3381.07,1.45,0,6,4,4,26,6,0,1,3,2,0
873,29.91,109.12,4,28800.0,0.8527,1.0,0.8527,1.0,4.0,4.0,0.0,0.0,3381.07,1.7,0,6,10,4,26,6,0,0,3,2,0
1040,42.72,130.0,5,28800.0,1.0,1.0,1.0,1.0,5.0,5.0,0.0,0.0,3381.07,1.85,0,6,14,4,26,6,0,0,3,2,0
888,18.68,111.0,2,28800.0,0.5334,1.0,0.5334,1.0,4.0,3.0,0.0,0.0,3381.07,2.49,0,6,5,5,26,6,1,1,3,2,0
880,32.1,114.74,5,27610.0,0.6719,0.9587,0.8411,1.0,6.0,5.0,0.0,0.0,3381.07,2.63,0,6,8,5,26,6,1,0,3,2,0
1017,41.44,135.17,2,27086.0,0.627,0.9405,1.0,1.0,3.0,2.0,0.0,0.0,3381.07,2.9,0,6,15,5,26,6,1,0,3,2,0
1050,16.48,139.28,3,27140.0,0.4485,0.9424,0.6345,1.0,4.0,4.0,0.0,0.0,3416.01,3.32,0,6,1,6,26,6,1,1,3,2,0
992,43.94,124.0,5,28800.0,1.0,1.0,1.0,1.0,5.0,5.0,0.0,0.0,3416.01,3.57,0,6,7,6,26,6,1,0,3,2,0
1038,13.23,129.75,3,28800.0,0.368,1.0,0.368,1.0,3.0,3.0,0.0,0.0,3416.01,3.89,0,6,15,6,26,6,1,0,3,2,0
1030,29.57,128.75,4,28800.0,0.8505,1.0,0.8505,1.0,1.0,1.0,0.0,0.0,3416.01,4.38,0,5,2,0,27,6,0,1,3,2,2
1050,8.2,161.27,6,25715.625,0.2975,0.8929374999999999,0.3655,1.0,6.0,6.0,0.0,0.0,3430.55,0.2,0,5,9,0,27,6,0,0,3,2,2
1050,36.64,147.84,4,25715.625,0.8878,0.8929374999999999,1.0,1.0,4.0,4.0,0.0,0.0,3430.55,0.49,0,5,16,0,27,6,0,0,3,2,2
1050,12.28,156.24,1,25715.625,0.4269,0.8929374999999999,0.5082,1.0,3.0,2.0,0.0,0.0,3445.81,0.83,1,5,0,1,27,6,0,1,3,2,3
844,16.54,111.46,2,27259.0,0.4155,0.9465,0.439,1.0,2.0,2.0,0.0,0.0,3445.81,1.26,1,5,10,1,27,6,0,0,3,2,3
1017,38.43,133.18,5,27490.0,0.9545,0.9545,1.0,1.0,5.0,5.0,0.0,0.0,3481.57,1.64,3,5,19,1,27,6,0,0,3,2,0
1050,17.94,150.74,2,25715.625,0.3702,0.8929374999999999,0.6377,1.0,7.0,7.0,0.0,0.0,3481.57,1.91,3,5,2,2,27,7,0,1,3,2,0
1004,10.56,125.5,4,28800.0,0.3029,1.0,0.3029,1.0,4.0,4.0,0.0,0.0,3481.57,2.37,3,5,13,2,27,7,0,0,3,2,0
982,25.65,122.75,5,28800.0,0.6171,1.0,0.7406,1.0,6.0,5.0,0.0,0.0,3481.57,2.41,3,5,14,2,27,7,0,0,3,2,0
1003,11.18,125.38,7,28800.0,0.3221,1.0,0.3221,1.0,7.0,7.0,0.0,0.0,3481.57,2.79,3,5,23,2,27,7,0,1,3,2,0
1001,41.87,134.43,3,26807.0,0.9308,0.9308,1.0,1.0,3.0,3.0,0.0,0.0,3538.73,0.15,3,6,8,3,27,7,0,0,3,2,0
906,24.39,121.29,6,26891.0,0.6286,0.9337,0.6732,1.0,6.0,6.0,0.0,0.0,3538.73,0.61,3,6,20,3,27,7,0,0,3,2,0
886,38.29,114.92,4,27756.0,0.9115,0.9637,0.9458,1.0,5.0,4.0,0.0,0.0,3538.73,0.86,3,6,2,4,27,7,0,1,3,2,0
836,47.72,104.5,6,28800.0,1.0,1.0,1.0,1.0,6.0,6.0,0.0,0.0,3538.73,1.06,3,5,6,4,27,7,0,0,3,2,0
1050,23.71,131.25,4,28800.0,0.7718,1.0,0.7718,1.0,4.0,4.0,0.0,0.0,3538.73,1.45,3,5,16,4,27,7,0,0,3,2,0
841,32.96,105.12,4,28800.0,0.7139,1.0,0.8924,1.0,2.0,2.0,0.0,0.0,3538.73,1.94,3,5,3,5,27,7,1,1,3,2,0
1050,13.35,132.8,5,28463.0,0.428,0.9883,0.4331,1.0,5.0,5.0,0.0,0.0,3580.1,2.53,3,5,18,5,27,7,1,0,3,2,0
829,29.18,105.42,2,28310.0,0.6468,0.983,0.658,1.0,5.0,5.0,0.0,0.0,3580.1,2.86,3,5,2,6,27,7,1,1,3,2,0
994,21.36,124.25,4,28800.0,0.5577,1.0,0.5577,1.0,4.0,4.0,0.0,0.0,3580.1,3.11,3,5,8,6,27,7,1,0,3,2,0
926,27.97,115.75,3,28800.0,0.6258,1.0,0.8344,1.0,4.0,3.0,0.0,0.0,3580.1,3.48,3,5,16,6,27,7,1,0,3,2,0
1050,39.65,131.25,5,28800.0,1.0,1.0,1.0,1.0,5.0,5.0,0.0,0.0,3580.1,3.76,3,5,23,6,27,7,1,1,3,2,0
826,31.28,128.63,4,25715.625,0.7477,0.8929374999999999,0.9315,1.0,4.0,4.0,0.0,0.0,3580.1,4.12,3,5,8,0,28,7,0,0,3,2,0
893,42.94,124.54,6,25813.0,0.8963,0.8963,1.0,1.0,6.0,6.0,0.0,0.0,3777.85,0.37,2,6,20,0,28,7,0,0,3,2,0
976,46.55,144.92,3,25715.625,0.8418,0.8929374999999999,1.0,1.0,5.0,4.0,0.0,0.0,3777.85,0.56,2,6,1,1,28,7,0,1,3,2,0
753,23.23,94.12,4,28800.0,0.5823,1.0,0.5823,1.0,4.0,4.0,0.0,0.0,3777.85,0.83,2,6,7,1,28,7,0,0,3,2,0
967,11.23,120.88,5,28800.0,0.2572,1.0,0.3086,1.0,6.0,5.0,0.0,0.0,3777.85,1.39,0,6,21,1,28,7,0,0,3,2,0
1050,43.21,131.25,4,28800.0,0.8,1.0,1.0,1.0,3.0,3.0,0.0,0.0,3777.85,1.62,0,6,2,2,28,7,0,1,3,2,0
929,28.44,116.12,5,28800.0,0.7545,1.0,0.7545,1.0,5.0,5.0,0.0,0.0,3777.85,2.0,0,6,11,2,28,7,0,0,3,2,0
1050,39.43,131.25,3,28800.0,0.75,1.0,1.0,1.0,4.0,3.0,0.0,0.0,3777.85,2.12,0,6,14,2,28,7,0,0,3,2,0
1009,29.07,126.12,3,28800.0,0.9673,1.0,0.9673,1.0,5.0,5.0,0.0,0.0,3777.85,2.71,0,6,4,3,28,7,0,1,3,2,0
892,28.12,111.5,5,28800.0,0.6919,1.0,0.6919,1.0,5.0,5.0,0.0,0.0,3777.85,2.96,0,6,10,3,28,7,0,0,3,2,0
907,41.64,113.38,6,28800.0,1.0,1.0,1.0,1.0,6.0,6.0,0.0,0.0,3777.85,3.2,0,6,16,3,28,7,0,0,3,2,0
1050,44.37,131.25,5,28800.0,1.0,1.0,1.0,1.0,5.0,5.0,0.0,0.0,3777.85,3.44,0,6,22,3,28,7,0,1,3,2,0
832,40.14,104.0,4,28800.0,0.8852,1.0,0.8852,1.0,4.0,4.0,0.0,0.0,3777.85,3.91,0,6,9,4,28,7,0,0,3,2,0
901,14.66,112.62,3,28800.0,0.3717,1.0,0.3717,1.0,3.0,3.0,0.0,0.0,3777.85,4.35,0,6,20,4,28,7,0,0,3,2,0
909,44.98,113.62,4,28800.0,1.0,1.0,1.0,1.0,4.0,4.0,0.0,0.0,3777.85,4.51,0,6,0,5,28,7,1,1,3,2,0
946,9.35,118.25,5,28800.0,0.2277,1.0,0.2733,1.0,6.0,5.0,0.0,0.0,3777.85,5.06,0,6,13,5,28,7,1,0,3,2,0
904,35.53,113.0,2,28800.0,0.9181,1.0,0.9181,1.0,2.0,2.0,0.0,0.0,3777.85,5.31,0,6,19,5,28,7,1,0,3,2,0
926,39.17,115.75,4,28800.0,1.0,1.0,1.0,1.0,7.0,7.0,0.0,0.0,3777.85,5.53,0,6,0,6,28,7,1,1,3,2,0
1041,28.85,130.12,5,28800.0,0.8802,1.0,0.8802,1.0,5.0,5.0,0.0,0.0,3777.85,6.02,0,6,12,6,28,7,1,0,3,2,0
769,19.08,96.12,3,28800.0,0.4579,1.0,0.4579,1.0,3.0,3.0,0.0,0.0,3777.85,6.14,0,6,15,6,28,7,1,0,3,2,0
963,37.2,120.38,7,28800.0,1.0,1.0,1.0,1.0,7.0,7.0,0.0,0.0,3777.85,6.47,0,6,23,6,28,7,1,1,3,2,0
1050,19.17,131.25,4,28800.0,0.5629,1.0,0.5629,1.0,4.0,4.0,0.0,0.0,3777.85,6.9,0,6,9,0,29,7,0,0,3,2,0
954,32.08,119.25,5,28800.0,0.792,1.0,0.792,1.0,5.0,5.0,0.0,0.0,3777.85,7.1,0,6,14,0,29,7,0,0,3,2,0
1014,29.53,126.75,4,28800.0,0.9284,1.0,0.9284,1.0,1.0,1.0,0.0,0.0,3777.85,7.55,0,6,0,1,29,7,0,1,3,2,3
1040,27.38,138.12,3,27107.0,0.8323,0.9412,0.8843,1.0,3.0,3.0,0.0,0.0,3777.85,8.05,0,6,13,1,29,7,0,0,3,2,3
1050,12.88,140.55,5,26894.0,0.3602,0.9338,0.3857,1.0,5.0,5.0,0.0,0.0,3777.85,8.12,0,6,14,1,29,7,0,0,3,2,3
1050,14.91,137.16,1,27560.0,0.4514,0.9569,0.4717,1.0,4.0,4.0,0.0,0.0,3782.83,8.54,2,6,0,2,29,7,0,1,3,2,0
1050,42.87,152.97,3,25715.625,0.858,0.8929374999999999,1.0,1.0,3.0,3.0,0.0,0.0,3843.35,8.87,2,6,8,2,29,7,0,0,3,2,0
1050,14.15,153.27,5,25715.625,0.4146,0.8929374999999999,0.4841,1.0,5.0,5.0,0.0,0.0,3843.35,9.3,2,6,19,2,29,7,0,0,3,2,0
864,19.13,121.66,4,25715.625,0.5727,0.8929374999999999,0.6451,1.0,4.0,4.0,0.0,0.0,3843.35,9.45,2,6,22,2,29,7,0,1,3,2,0
965,15.86,120.62,4,28800.0,0.2877,1.0,0.4316,1.0,6.0,4.0,0.0,0.0,3843.35,9.84,2,6,7,3,29,7,0,0,3,2,0
898,29.39,112.25,6,28800.0,0.6984,1.0,0.6984,1.0,6.0,6.0,0.0,0.0,3843.35,10.28,2,6,18,3,29,7,0,0,3,2,0
958,17.29,119.75,3,28800.0,0.5515,1.0,0.5515,1.0,5.0,5.0,0.0,0.0,3843.35,10.73,2,6,5,4,29,7,0,1,3,2,0
830,25.71,156.08,2,25715.625,0.6547,0.8929374999999999,0.985,1.0,2.0,2.0,0.0,0.0,3843.35,10.99,2,6,11,4,29,7,0,0,3,2,0
1039,21.93,173.66124,5,25715.625,0.7045,0.8929374999999999,1.0,1.0,5.0,5.0,0.0,0.0,3843.35,11.19,2,7,16,4,29,7,0,0,3,2,0
972,41.31,158.28,5,25715.625,0.7676,0.8929374999999999,1.0,1.0,2.0,2.0,0.0,0.0,3870.57,0.16,2,8,4,5,29,7,1,1,3,2,0
963,39.39,120.38,6,28800.0,0.9804,1.0,0.9804,1.0,6.0,6.0,0.0,0.0,3870.57,0.4,2,8,10,5,29,7,1,0,3,2,0
880,19.93,110.0,2,28800.0,0.5029,1.0,0.5029,1.0,2.0,2.0,0.0,0.0,3870.57,0.82,2,8,20,5,29,7,1,0,3,2,0
894,11.9,111.75,2,28800.0,0.3219,1.0,0.3219,1.0,2.0,2.0,0.0,0.0,3870.57,1.19,2,9,5,6,29,7,1,1,3,2,0
1050,31.02,165.46,2,25715.625,0.7932,0.8929374999999999,1.0,1.0,2.0,2.0,0.0,0.0,3911.13,0.46,2,9,16,6,29,7,1,0,3,2,0
1021,12.32,159.1,2,25715.625,0.3326,0.8929374999999999,0.4146,1.0,6.0,6.0,0.0,0.0,3911.13,0.93,2,9,4,0,30,7,0,1,3,2,1
1050,46.4,145.23,5,26028.0,0.9038,0.9038,1.0,1.0,5.0,5.0,0.0,0.0,3911.13,1.23,2,9,11,0,30,7,0,0,3,2,1
1017,29.91,158.49,4,25715.625,0.8021,0.8929374999999999,1.0,1.0,4.0,4.0,0.0,0.0,3911.13,1.37,2,9,14,0,30,7,0,0,3,2,1
914,13.74,139.49,6,25715.625,0.372,0.8929374999999999,0.4541,1.0,6.0,6.0,0.0,0.0,3911.13,1.71,3,9,22,0,30,7,0,1,3,2,2
1050,17.65,151.46,2,25715.625,0.576,0.8929374999999999,0.6647,1.0,2.0,2.0,0.0,0.0,3920.35,2.28,4,8,12,1,30,7,0,0,3,2,0
903,28.49,133.02,6,25715.625,0.7792,0.8929374999999999,0.9182,1.0,6.0,6.0,0.0,0.0,3942.01,2.51,3,8,18,1,30,7,0,0,3,2,0
1050,36.83,156.76,3,25715.625,0.8373,0.8929374999999999,1.0,1.0,3.0,3.0,0.0,0.0,3942.01,2.68,3,8,22,1,30,7,0,1,3,2,3
962,32.81,160.74,4,25715.625,0.7481,0.8929374999999999,1.0,1.0,4.0,4.0,0.0,0.0,3942.01,3.18,2,8,10,2,30,7,0,0,3,2,3
1050,36.44,173.66124,4,25715.625,0.6405,0.8929374999999999,1.0,1.0,4.0,4.0,0.0,0.0,3946.65,0.21,3,9,20,2,30,7,0,0,3,2,0
928,15.03,173.66124,6,25715.625,0.436,0.8929374999999999,0.6733,1.0,2.0,2.0,0.0,0.0,4027.09,0.42,3,9,1,3,30,7,0,1,3,2,0
962,24.25,120.25,6,28800.0,0.7068,1.0,0.7068,1.0,6.0,6.0,0.0,0.0,4027.09,0.87,3,9,12,3,30,7,0,0,3,2,0
955,38.57,119.38,3,28800.0,1.0,1.0,1.0,1.0,3.0,3.0,0.0,0.0,4027.09,1.17,3,9,19,3,30,7,0,0,3,2,0
1020,32.37,127.5,2,28800.0,0.9212,1.0,0.9212,1.0,5.0,5.0,0.0,0.0,4027.09,1.39,3,8,0,4,30,7,0,1,3,2,0
1050,44.42,131.25,5,28800.0,1.0,1.0,1.0,1.0,5.0,5.0,0.0,0.0,4027.09,1.61,3,8,6,4,30,7,0,0,3,2,0
871,19.84,108.88,2,28800.0,0.5208,1.0,0.5208,1.0,2.0,2.0,0.0,0.0,4027.09,2.03,3,7,16,4,30,7,0,0,3,2,0
886,27.65,110.75,5,28800.0,0.7648,1.0,0.7648,1.0,3.0,3.0,0.0,0.0,4027.09,2.46,3,7,2,5,30,7,1,1,3,2,0
947,51.04,118.38,5,28800.0,1.0,1.0,1.0,1.0,5.0,5.0,0.0,0.0,4027.09,2.61,3,7,6,5,30,7,1,0,3,2,0
919,41.65,114.88,2,28800.0,1.0,1.0,1.0,1.0,2.0,2.0,0.0,0.0,4027.09,3.2,3,7,20,5,30,7,1,0,3,2,3
844,23.74,105.5,3,28800.0,0.6043,1.0,0.6043,1.0,3.0,3.0,0.0,0.0,4027.09,3.3,3,7,22,5,30,7,1,1,3,2,3
1050,32.51,139.38,4,27121.0,0.9417,0.9417,1.0,1.0,4.0,4.0,0.0,0.0,4162.17,3.73,4,7,9,6,30,7,1,0,3,2,0
1034,38.2,145.49,5,25715.625,0.8884,0.8929374999999999,1.0,1.0,5.0,5.0,0.0,0.0,4162.17,4.14,4,7,18,6,30,7,1,0,3,2,0
883,43.58,118.46,5,26834.0,0.9317,0.9317,1.0,1.0,5.0,5.0,0.0,0.0,4162.17,4.28,4,7,22,6,30,7,1,1,3,2,0
985,38.39,123.12,3,28800.0,1.0,1.0,1.0,1.0,3.0,3.0,0.0,0.0,4162.17,4.84,4,7,11,0,31,7,0,0,3,2,0
1002,34.68,125.25,2,28800.0,0.9446,1.0,0.9446,1.0,2.0,2.0,0.0,0.0,4162.17,5.22,4,7,20,0,31,7,0,0,3,2,0
1050,41.14,131.25,7,28800.0,1.0,1.0,1.0,1.0,3.0,3.0,0.0,0.0,4162.17,5.46,3,7,2,1,31,7,0,1,3,2,0
955,42.34,119.38,3,28800.0,1.0,1.0,1.0,1.0,3.0,3.0,0.0,0.0,4162.17,5.88,2,7,12,1,31,7,0,0,3,2,0
938,20.55,117.25,2,28800.0,0.5648,1.0,0.5648,1.0,2.0,2.0,0.0,0.0,4162.17,5.98,2,7,15,1,31,7,0,0,3,2,0
1007,41.15,125.88,3,28800.0,1.0,1.0,1.0,1.0,1.0,1.0,0.0,0.0,4162.17,6.36,2,7,0,2,31,7,0,1,3,2,0
1037,28.42,129.62,4,28800.0,0.9229,1.0,0.9229,1.0,4.0,4.0,0.0,0.0,4162.17,6.66,2,6,7,2,31,7,0,0,3,2,0
998,21.06,124.75,2,28800.0,0.6445,1.0,0.6445,1.0,2.0,2.0,0.0,0.0,4162.17,6.97,2,6,14,2,31,7,0,0,3,2,0
919,17.09,114.88,1,28800.0,0.4365,1.0,0.4365,1.0,7.0,7.0,0.0,0.0,4162.17,7.36,1,6,0,3,31,7,0,1,3,2,0
879,11.43,109.88,4,28800.0,0.2649,1.0,0.2649,1.0,4.0,4.0,0.0,0.0,4162.17,7.75,1,6,9,3,31,7,0,0,3,2,0
1047,25.52,130.88,5,28800.0,0.7391,1.0,0.7391,1.0,5.0,5.0,0.0,0.0,4162.17,8.2,1,6,20,3,31,7,0,0,3,2,0
956,33.16,119.5,7,28800.0,0.9573,1.0,0.9573,1.0,2.0,2.0,0.0,0.0,4162.17,8.51,1,6,3,4,31,7,0,1,3,2,0
967,15.44,120.88,5,28800.0,0.4056,1.0,0.4056,1.0,5.0,5.0,0.0,0.0,4162.17,8.68,1,6,7,4,31,7,0,0,3,2,0
940,21.37,117.5,6,28800.0,0.674,1.0,0.674,1.0,6.0,6.0,0.0,0.0,4162.17,9.18,1,6,19,4,31,7,0,0,3,2,0
1010,9.67,126.25,2,28800.0,0.3363,1.0,0.3363,1.0,4.0,4.0,0.0,0.0,4162.17,9.49,1,6,3,5,31,8,1,1,3,2,0
926,23.33,115.75,4,28800.0,0.6222,1.0,0.6222,1.0,4.0,4.0,0.0,0.0,4162.17,10.45,1,5,2,6,31,8,1,1,3,2,0
1050,48.4,146.61,6,25783.0,0.8952,0.8952,1.0,1.0,6.0,6.0,0.0,0.0,236.52,0.42,4,1,21,0,7,2,0,0,8,1,0
1050,21.22,142.61,3,26506.0,0.7018,0.9203,0.7626,1.0,3.0,3.0,0.0,0.0,236.52,0.57,4,1,0,1,7,2,0,1,8,1,0
987,12.53,123.38,4,28800.0,0.3972,1.0,0.3972,1.0,4.0,4.0,0.0,0.0,236.52,0.96,3,1,10,1,7,2,0,0,8,1,3
850,29.03,106.25,4,28800.0,0.646,1.0,0.8075,1.0,5.0,4.0,0.0,0.0,236.52,1.21,3,1,16,1,7,2,0,0,8,1,3
953,37.95,119.12,3,28800.0,1.0,1.0,1.0,1.0,5.0,5.0,0.0,0.0,236.52,1.54,3,1,0,2,7,2,0,1,8,1,3
1036,20.74,134.56,5,27716.0,0.7335,0.9624,0.7622,1.0,5.0,5.0,0.0,0.0,236.52,1.82,3,1,6,2,7,2,0,0,8,1,3
1050,43.47,138.62,5,27268.0,0.9468,0.9468,1.0,1.0,5.0,5.0,0.0,0.0,309.04,2.27,3,1,17,2,7,2,0,0,8,1,0
1015,20.49,132.97,5,27480.0,0.5452,0.9542,0.5714,1.0,4.0,4.0,0.0,0.0,309.04,2.64,3,1,2,3,7,2,0,1,8,1,0
1050,42.58,131.25,4,28800.0,1.0,1.0,1.0,1.0,4.0,4.0,0.0,0.0,309.04,2.86,3,1,7,3,7,2,0,0,8,1,0
1050,31.8,131.25,5,28800.0,1.0,1.0,1.0,1.0,5.0,5.0,0.0,0.0,309.04,3.33,3,1,19,3,7,2,0,0,8,1,0
1050,38.41,131.25,4,28800.0,1.0,1.0,1.0,1.0,4.0,4.0,0.0,0.0,309.04,3.47,3,1,22,3,7,2,0,1,8,1,0
1050,43.92,131.25,4,28800.0,1.0,1.0,1.0,1.0,4.0,4.0,0.0,0.0,309.04,3.91,2,1,9,4,7,2,0,0,8,1,0
1050,27.65,131.25,6,28800.0,0.7853,1.0,0.7853,1.0,6.0,6.0,0.0,0.0,309.04,4.15,2,1,14,4,7,2,0,0,8,1,0
1050,30.02,131.25,2,28800.0,0.9869,1.0,0.9869,1.0,6.0,4.0,0.0,0.0,309.04,4.68,2,1,3,5,7,2,1,1,8,1,0
1050,31.41,132.29,2,28573.0,0.9413,0.9921,0.9488,1.0,2.0,2.0,0.0,0.0,309.04,4.87,1,1,8,5,7,2,1,0,8,1,0
886,43.06,112.62,3,28321.0,0.9834,0.9834,1.0,1.0,3.0,3.0,0.0,0.0,317.2,5.26,1,2,17,5,7,2,1,0,8,1,1
1009,15.12,128.29,4,28313.0,0.3179,0.9831,0.485,1.0,2.0,2.0,0.0,0.0,333.35,5.73,2,2,4,6,7,2,1,1,8,1,1
931,44.61,127.28,2,26332.0,0.9143,0.9143,1.0,1.0,2.0,2.0,0.0,0.0,333.35,6.07,2,2,12,6,7,2,1,0,8,1,1
883,19.54,125.02,2,25715.625,0.5668,0.8929374999999999,0.6421,1.0,5.0,5.0,0.0,0.0,349.52,6.63,3,2,2,0,8,2,0,1,8,1,0
1050,22.17,134.39,5,28127.0,0.7765,0.9766,0.7951,1.0,5.0,5.0,0.0,0.0,384.94,6.99,4,2,11,0,8,2,0,0,8,1,0
1050,31.13,135.46,2,27905.0,0.9689,0.9689,1.0,1.0,2.0,2.0,0.0,0.0,384.94,7.34,4,2,19,0,8,2,0,0,8,1,0
1050,38.84,137.9,5,27412.0,0.9518,0.9518,1.0,1.0,2.0,2.0,0.0,0.0,384.94,7.71,4,2,4,1,8,2,0,1,8,1,0
960,42.29,120.88,5,28591.0,0.9927,0.9927,1.0,1.0,5.0,5.0,0.0,0.0,384.94,7.91,4,2,9,1,8,2,0,0,8,1,0
896,22.88,113.98,4,28299.0,0.5528,0.9826,0.5626,1.0,4.0,4.0,0.0,0.0,384.94,8.2,4,2,16,1,8,2,0,0,8,1,0
1012,37.97,127.99,2,28465.0,0.9884,0.9884,1.0,1.0,2.0,2.0,0.0,0.0,427.89,8.57,5,2,0,2,8,2,0,1,8,1,0
998,43.26,124.75,6,28800.0,1.0,1.0,1.0,1.0,6.0,6.0,0.0,0.0,427.89,8.79,5,2,6,2,8,2,0,0,8,1,0
1005,39.85,125.62,6,28800.0,1.0,1.0,1.0,1.0,6.0,6.0,0.0,0.0,427.89,9.15,4,2,14,2,8,2,0,0,8,1,0
1035,48.86,129.38,2,28800.0,1.0,1.0,1.0,1.0,2.0,2.0,0.0,0.0,427.89,9.51,4,2,23,2,8,2,0,1,8,1,0
859,32.49,116.46,5,26554.0,0.8292,0.922,0.8993,1.0,5.0,5.0,0.0,0.0,427.89,9.79,4,2,6,3,8,2,0,0,8,1,0
996,20.5,133.71,2,26817.0,0.5474,0.9311,0.5879,1.0,2.0,2.0,0.0,0.0,427.89,10.12,4,2,14,3,8,2,0,0,8,1,0
1002,47.53,130.05,3,27738.0,0.9631,0.9631,1.0,1.0,3.0,3.0,0.0,0.0,463.31,10.73,5,2,4,4,8,2,0,1,8,1,0
1003,19.6,125.38,6,28800.0,0.5384,1.0,0.5384,1.0,6.0,6.0,0.0,0.0,463.31,10.98,5,2,10,4,8,2,0,0,8,1,1
898,47.85,112.25,3,28800.0,0.75,1.0,1.0,1.0,4.0,3.0,0.0,0.0,463.31,11.31,5,2,18,4,8,2,0,0,8,1,1
1040,24.14,130.0,3,28800.0,0.7648,1.0,0.7648,1.0,4.0,4.0,0.0,0.0,463.31,11.61,5,2,2,5,8,2,1,1,8,1,1
957,37.14,134.25,2,25715.625,0.8911,0.8929374999999999,1.0,1.0,2.0,2.0,0.0,0.0,463.31,11.9,6,2,8,5,8,2,1,0,8,1,0
1008,30.21,149.36,4,25715.625,0.8436,0.8929374999999999,1.0,1.0,4.0,4.0,0.0,0.0,570.06,12.3,6,2,18,5,8,2,1,0,8,1,0
919,39.18,127.63,4,25921.0,0.9,0.9,1.0,1.0,2.0,2.0,0.0,0.0,570.06,12.54,5,2,0,6,8,2,1,1,8,1,0
883,18.85,110.38,2,28800.0,0.5638,1.0,0.5638,1.0,2.0,2.0,0.0,0.0,570.06,12.88,5,2,8,6,8,2,1,0,8,1,0
990,24.0,123.75,6,28800.0,0.7477,1.0,0.7477,1.0,6.0,6.0,0.0,0.0,570.06,13.39,4,2,20,6,8,2,1,0,8,1,0
884,43.04,110.5,2,28800.0,1.0,1.0,1.0,1.0,2.0,2.0,0.0,0.0,570.06,13.46,4,2,22,6,8,2,1,1,8,1,0
902,9.08,112.75,2,28800.0,0.2825,1.0,0.2825,1.0,2.0,2.0,0.0,0.0,570.06,14.07,3,2,12,0,9,2,0,0,8,1,0
1050,50.37,131.25,5,28800.0,1.0,1.0,1.0,1.0,5.0,5.0,0.0,0.0,570.06,14.37,3,2,20,0,9,2,0,0,8,1,0
947,23.24,118.38,4,28800.0,0.6672,1.0,0.6672,1.0,3.0,3.0,0.0,0.0,570.06,14.71,3,2,4,1,9,2,0,1,8,1,0
1050,41.27,131.25,6,28800.0,1.0,1.0,1.0,1.0,6.0,6.0,0.0,0.0,570.06,14.78,3,2,6,1,9,2,0,0,8,1,0
1050,17.32,131.25,5,28800.0,0.5057,1.0,0.5057,1.0,5.0,5.0,0.0,0.0,570.06,15.19,3,2,15,1,9,2,0,0,8,1,0
1009,25.48,126.12,3,28800.0,0.7939,1.0,0.7939,1.0,3.0,3.0,0.0,0.0,570.06,15.49,2,2,22,1,9,2,0,1,8,1,3
862,25.83,125.37,5,25715.625,0.6405,0.8929374999999999,0.7452,1.0,5.0,5.0,0.0,0.0,570.06,16.0,2,2,11,2,9,2,0,0,8,1,3
1033,28.54,145.31,4,25715.625,0.8328,0.8929374999999999,0.9372,1.0,4.0,4.0,0.0,0.0,570.06,16.2,2,2,16,2,9,2,0,0,8,1,3
1001,14.77,159.86,2,25715.625,0.431,0.8929374999999999,0.5506,1.0,2.0,2.0,0.0,0.0,570.06,16.5,3,2,23,2,9,2,0,1,8,1,0
1003,38.3,153.93,2,25715.625,0.8145,0.8929374999999999,1.0,1.0,2.0,2.0,0.0,0.0,590.45,16.8,3,2,6,3,9,2,0,0,8,1,3
886,28.96,142.8,3,25715.625,0.6876,0.8929374999999999,0.8866,1.0,3.0,3.0,0.0,0.0,590.45,17.32,2,2,18,3,9,2,0,0,8,1,3
846,13.08,148.38,4,25715.625,0.2899,0.8929374999999999,0.4068,1.0,4.0,4.0,0.0,0.0,633.95,0.18,3,3,4,4,9,2,0,1,8,1,0
933,35.61,117.91,3,28487.0,0.9891,0.9891,1.0,1.0,3.0,3.0,0.0,0.0,633.95,0.37,3,3,9,4,9,2,0,0,8,1,0
862,44.65,108.68,3,28554.0,0.7436,0.9915,1.0,1.0,4.0,3.0,0.0,0.0,633.95,0.81,3,3,20,4,9,2,0,0,8,1,0
1050,33.78,133.02,4,28417.0,0.9867,0.9867,1.0,1.0,6.0,6.0,0.0,0.0,633.95,1.17,3,3,4,5,9,2,1,1,8,1,0
979,30.29,141.5,6,25715.625,0.8532,0.8929374999999999,0.9866,1.0,6.0,6.0,0.0,0.0,633.95,1.27,2,3,7,5,9,2,1,0,8,1,0
843,18.48,130.82,3,25715.625,0.5067,0.8929374999999999,0.629,1.0,3.0,3.0,0.0,0.0,633.95,1.86,2,4,21,5,9,2,1,0,8,1,0
934,26.0,142.86,6,25715.625,0.7193,0.8929374999999999,0.8802,1.0,6.0,6.0,0.0,0.0,675.94,0.08,2,4,2,6,9,3,1,1,8,1,0
1050,41.21,131.25,3,28800.0,0.75,1.0,1.0,1.0,4.0,3.0,0.0,0.0,675.94,0.3,2,4,7,6,9,3,1,0,8,1,0
1005,10.28,125.62,6,28800.0,0.3493,1.0,0.3493,1.0,6.0,6.0,0.0,0.0,675.94,0.92,2,4,22,6,9,3,1,1,8,1,2
1017,26.31,134.32,3,27258.0,0.7885,0.9465,0.8331,1.0,3.0,3.0,0.0,0.0,675.94,1.44,2,4,10,0,10,3,0,0,8,1,2
965,42.85,125.09,5,27772.0,0.9643,0.9643,1.0,1.0,5.0,5.0,0.0,0.0,675.94,1.77,3,4,18,0,10,3,0,0,8,1,0
1028,21.89,134.91,4,27432.0,0.6907,0.9525,0.7251,1.0,4.0,4.0,0.0,0.0,698.03,1.91,3,4,22,0,10,3,0,1,8,1,0
834,10.93,109.7,5,27368.0,0.2319,0.9503,0.2929,1.0,6.0,5.0,0.0,0.0,698.03,2.41,3,4,10,1,10,3,0,0,8,1,0
921,27.05,128.82,3,25738.0,0.8149,0.8937,0.9118,1.0,3.0,3.0,0.0,0.0,698.03,2.64,3,4,15,1,10,3,0,0,8,1,0
1050,47.74,150.01,3,25715.625,0.875,0.8929374999999999,1.0,1.0,3.0,3.0,0.0,0.0,832.29,0.12,3,5,22,1,10,3,0,1,8,1,0
1001,51.87,125.12,2,28800.0,1.0,1.0,1.0,1.0,2.0,2.0,0.0,0.0,832.29,0.59,3,5,10,2,10,3,0,0,8,1,0
955,36.77,119.38,5,28800.0,1.0,1.0,1.0,1.0,5.0,5.0,0.0,0.0,832.29,0.82,3,5,15,2,10,3,0,0,8,1,0
902,18.1,112.75,4,28800.0,0.4933,1.0,0.4933,1.0,7.0,6.0,0.0,0.0,832.29,1.36,2,5,4,3,10,3,0,1,8,1,0
876,20.74,109.5,1,28800.0,0.2798,1.0,0.5597,1.0,2.0,1.0,0.0,0.0,832.29,1.63,2,5,11,3,10,3,0,0,8,1,0
1050,19.81,131.25,5,28800.0,0.6504,1.0,0.6504,1.0,5.0,5.0,0.0,0.0,832.29,1.88,2,5,17,3,10,3,0,0,8,1,0
992,17.31,124.0,6,28800.0,0.5022,1.0,0.5859,1.0,4.0,4.0,0.0,0.0,832.29,2.2,2,5,0,4,10,3,0,1,8,1,0
902,32.7,112.75,6,28800.0,0.9195,1.0,0.9195,1.0,6.0,6.0,0.0,0.0,832.29,2.52,1,5,8,4,10,3,0,0,8,1,0
1050,37.32,131.25,2,28800.0,1.0,1.0,1.0,1.0,2.0,2.0,0.0,0.0,832.29,2.86,1,5,16,4,10,3,0,0,8,1,0
1043,22.54,130.38,4,28800.0,0.6598,1.0,0.6598,1.0,2.0,2.0,0.0,0.0,832.29,3.26,1,5,2,5,10,3,1,1,8,1,0
1007,39.5,125.88,3,28800.0,1.0,1.0,1.0,1.0,3.0,3.0,0.0,0.0,832.29,3.51,1,5,8,5,10,3,1,0,8,1,0
896,14.63,112.0,6,28800.0,0.3478,1.0,0.3478,1.0,6.0,6.0,0.0,0.0,832.29,4.07,1,5,21,5,10,3,1,0,8,1,0
1001,39.47,125.12,2,28800.0,1.0,1.0,1.0,1.0,6.0,6.0,0.0,0.0,832.29,4.37,1,5,4,6,10,3,1,1,8,1,0
1003,52.62,125.38,6,28800.0,1.0,1.0,1.0,1.0,6.0,6.0,0.0,0.0,832.29,4.7,1,5,12,6,10,3,1,0,8,1,1
1050,19.2,131.25,2,28800.0,0.6183,1.0,0.6183,1.0,2.0,2.0,0.0,0.0,832.29,4.91,1,5,17,6,10,3,1,0,8,1,1
1045,18.43,130.62,6,28800.0,0.5221,1.0,0.5221,1.0,3.0,3.0,0.0,0.0,832.29,5.26,1,5,2,0,11,3,0,1,8,1,1
1043,40.99,145.61,6,25787.0,0.8954,0.8954,1.0,1.0,6.0,6.0,0.0,0.0,832.29,5.5,1,5,7,0,11,3,0,0,8,1,1
1018,22.18,135.57,6,27032.0,0.7628,0.9386,0.8127,1.0,6.0,6.0,0.0,0.0,850.0,5.87,2,5,16,0,11,3,0,0,8,1,0
1000,33.22,138.37,3,26017.0,0.9034,0.9034,1.0,1.0,2.0,2.0,0.0,0.0,850.0,6.33,1,5,3,1,11,3,0,1,8,1,0
1016,25.32,144.28,5,25715.625,0.7297,0.8929374999999999,0.9948,1.0,6.0,5.0,0.0,0.0,881.87,0.1,1,6,13,1,11,3,0,0,8,1,0
1038,42.64,149.77,3,25715.625,0.8663,0.8929374999999999,1.0,1.0,3.0,3.0,0.0,0.0,881.87,0.38,1,6,20,1,11,3,0,0,8,1,3
886,31.14,145.84,2,25715.625,0.7594,0.8929374999999999,1.0,1.0,2.0,2.0,0.0,0.0,881.87,0.44,1,6,22,1,11,3,0,1,8,1,3
1013,19.63,142.2,2,25715.625,0.5666,0.8929374999999999,0.6363,1.0,2.0,2.0,0.0,0.0,881.87,1.05,1,5,12,2,11,3,0,0,8,1,3
947,32.3,132.22,2,25784.0,0.8953,0.8953,1.0,1.0,2.0,2.0,0.0,0.0,881.87,1.43,2,5,21,2,11,3,0,0,8,1,0
992,12.41,134.66,2,26520.0,0.3817,0.9208,0.4145,1.0,4.0,4.0,0.0,0.0,1022.77,1.59,2,5,1,3,11,3,0,1,8,1,0
983,18.22,122.88,6,28800.0,0.6028,1.0,0.6028,1.0,6.0,6.0,0.0,0.0,1022.77,1.89,2,5,8,3,11,3,0,0,8,1,0
916,34.12,114.5,2,28800.0,1.0,1.0,1.0,1.0,2.0,2.0,0.0,0.0,1022.77,2.37,2,5,20,3,11,3,0,0,8,1,0
824,23.01,103.0,4,28800.0,0.586,1.0,0.586,1.0,4.0,4.0,0.0,0.0,1022.77,2.5,2,5,23,3,11,3,0,1,8,1,0
1050,40.71,131.25,6,28800.0,1.0,1.0,1.0,1.0,6.0,6.0,0.0,0.0,1022.77,3.05,2,5,12,4,11,3,0,0,8,1,0
1050,19.86,131.25,3,28800.0,0.7186,1.0,0.7186,1.0,3.0,3.0,0.0,0.0,1022.77,3.31,2,5,18,4,11,3,0,0,8,1,0
965,19.32,120.62,1,28800.0,0.4875,1.0,0.4875,1.0,6.0,6.0,0.0,0.0,1022.77,3.55,2,5,0,5,11,3,1,1,8,1,0
934,15.29,116.75,3,28800.0,0.4184,1.0,0.4184,1.0,3.0,3.0,0.0,0.0,1022.77,3.89,2,5,8,5,11,3,1,0,8,1,0
1050,50.7,131.25,6,28800.0,1.0,1.0,1.0,1.0,6.0,6.0,0.0,0.0,1022.77,4.24,2,5,17,5,11,3,1,0,8,1,0
1050,32.4,131.25,6,28800.0,1.0,1.0,1.0,1.0,6.0,6.0,0.0,0.0,1022.77,4.6,2,5,1,6,11,3,1,1,8,1,0
964,30.56,120.5,4,28800.0,0.9493,1.0,0.9493,1.0,4.0,4.0,0.0,0.0,1022.77,5.3,2,5,18,6,11,3,1,0,8,1,0
976,12.91,122.0,6,28800.0,0.3399,1.0,0.3399,1.0,1.0,1.0,0.0,0.0,1022.77,5.68,2,5,3,0,12,3,0,1,8,1,0
1025,25.62,128.12,2,28800.0,0.8033,1.0,0.8033,1.0,2.0,2.0,0.0,0.0,1022.77,5.91,2,5,9,0,12,3,0,0,8,1,0
1050,23.04,131.25,3,28800.0,0.7751,1.0,0.7751,1.0,3.0,3.0,0.0,0.0,1022.77,6.29,1,4,18,0,12,3,0,0,8,1,0
896,38.93,112.0,1,28800.0,1.0,1.0,1.0,1.0,5.0,5.0,0.0,0.0,1022.77,6.56,1,4,0,1,12,3,0,1,8,1,3
883,24.21,138.15,6,25715.625,0.5865,0.8929374999999999,0.7341,1.0,6.0,6.0,0.0,0.0,1022.77,6.78,1,4,6,1,12,3,0,0,8,1,3
802,34.2,127.41,2,25715.625,0.7825,0.8929374999999999,0.9945,1.0,2.0,2.0,0.0,0.0,1022.77,7.39,2,4,20,1,12,3,0,0,8,1,0
1050,12.93,165.88,5,25715.625,0.3642,0.8929374999999999,0.4603,1.0,5.0,4.0,0.0,0.0,1028.22,7.56,2,4,0,2,12,3,0,1,8,1,0
824,27.93,103.94,2,28540.0,0.6921,0.991,0.6984,1.0,2.0,2.0,0.0,0.0,1063.76,7.87,2,4,8,2,12,3,0,0,8,1,0
746,36.24,93.99,6,28574.0,0.8468,0.9922,0.8535,1.0,6.0,6.0,0.0,0.0,1063.76,8.17,2,4,15,2,12,3,0,0,8,1,0
960,19.31,120.86,4,28595.0,0.4034,0.9929,0.5079,1.0,6.0,6.0,0.0,0.0,1063.76,8.62,1,4,2,3,12,3,0,1,8,1,0
950,24.32,120.58,5,28362.0,0.7755,0.9848,0.7875,1.0,5.0,5.0,0.0,0.0,1063.76,8.89,1,4,8,3,12,3,0,0,8,1,0
1050,33.69,133.31,6,28356.0,0.9846,0.9846,1.0,1.0,6.0,6.0,0.0,0.0,1264.9,9.41,1,4,21,3,12,3,0,0,8,1,0
891,36.85,114.17,6,28094.0,0.9755,0.9755,1.0,1.0,5.0,5.0,0.0,0.0,1264.9,9.7,1,4,4,4,12,3,0,1,8,1,0
975,31.89,121.88,6,28800.0,0.9682,1.0,0.9682,1.0,6.0,6.0,0.0,0.0,1264.9,9.9,1,4,9,4,12,3,0,0,8,1,0
885,16.23,110.62,4,28800.0,0.44,1.0,0.44,1.0,4.0,4.0,0.0,0.0,1264.9,10.27,1,4,17,4,12,3,0,0,8,1,0
920,41.73,115.0,5,28800.0,1.0,1.0,1.0,1.0,5.0,5.0,0.0,0.0,1264.9,10.46,1,4,22,4,12,3,0,1,8,1,0
1000,15.69,125.0,4,28800.0,0.4733,1.0,0.4733,1.0,4.0,4.0,0.0,0.0,1264.9,10.82,1,4,7,5,12,3,1,0,8,1,0
1050,20.34,131.25,5,28800.0,0.7394,1.0,0.7394,1.0,5.0,5.0,0.0,0.0,1264.9,11.29,1,4,18,5,12,3,1,0,8,1,0
1025,22.81,128.12,2,28800.0,0.7317,1.0,0.7317,1.0,5.0,5.0,0.0,0.0,1264.9,11.67,1,4,3,6,12,3,1,1,8,1,0
1050,15.08,131.25,2,28800.0,0.5086,1.0,0.5086,1.0,2.0,2.0,0.0,0.0,1264.9,12.27,1,4,17,6,12,3,1,0,8,1,0
1012,39.78,126.5,5,28800.0,1.0,1.0,1.0,1.0,5.0,5.0,0.0,0.0,1264.9,12.47,1,4,22,6,12,3,1,1,8,1,0
985,33.56,123.12,2,28800.0,0.8814,1.0,0.8814,1.0,2.0,2.0,0.0,0.0,1264.9,12.96,1,4,10,0,13,3,0,0,8,1,0
1050,14.89,131.25,6,28800.0,0.4339,1.0,0.4339,1.0,6.0,6.0,0.0,0.0,1264.9,13.28,1,4,18,0,13,3,0,0,8,1,0
1050,19.2,131.25,4,28800.0,0.642,1.0,0.642,1.0,3.0,3.0,0.0,0.0,1264.9,13.7,1,4,4,1,13,3,0,1,8,1,0
1006,24.4,125.75,2,28800.0,0.7465,1.0,0.7465,1.0,2.0,2.0,0.0,0.0,1264.9,13.81,1,4,6,1,13,3,0,0,8,1,0
881,30.36,110.12,3,28800.0,0.8308,1.0,0.8308,1.0,3.0,3.0,0.0,0.0,1264.9,14.36,0,4,20,1,13,3,0,0,8,1,0
947,11.29,118.38,3,28800.0,0.3607,1.0,0.3607,1.0,4.0,3.0,0.0,0.0,1264.9,14.58,0,4,1,2,13,3,0,1,8,1,0
934,17.49,116.75,5,28800.0,0.4916,1.0,0.4916,1.0,5.0,5.0,0.0,0.0,1264.9,14.91,0,4,9,2,13,3,0,0,8,1,0
836,9.6,104.5,3,28800.0,0.2729,1.0,0.2729,1.0,3.0,3.0,0.0,0.0,1264.9,15.24,0,4,17,2,13,3,0,0,8,1,0
913,39.73,114.12,3,28800.0,0.75,1.0,1.0,1.0,4.0,3.0,0.0,0.0,1264.9,15.46,0,4,22,2,13,3,0,1,8,1,0
987,48.84,123.38,4,28800.0,1.0,1.0,1.0,1.0,4.0,4.0,0.0,0.0,1264.9,16.09,0,4,13,3,13,3,0,0,8,1,0
1050,12.8,131.25,6,28800.0,0.4663,1.0,0.4663,1.0,6.0,6.0,0.0,0.0,1264.9,16.18,0,4,15,3,13,3,0,0,8,1,0
883,8.51,110.38,2,28800.0,0.2539,1.0,0.2539,1.0,2.0,2.0,0.0,0.0,1264.9,16.46,0,4,22,3,13,3,0,1,8,1,0
933,44.09,116.62,2,28800.0,1.0,1.0,1.0,1.0,2.0,2.0,0.0,0.0,1264.9,16.8,0,4,6,4,13,3,0,0,8,1,0
871,25.48,108.88,5,28800.0,0.5837,1.0,0.5837,1.0,5.0,5.0,0.0,0.0,1264.9,17.26,0,4,17,4,13,3,0,0,8,1,0
809,42.14,101.12,7,28800.0,0.9261,1.0,0.9261,1.0,6.0,6.0,0.0,0.0,1264.9,17.55,0,4,0,5,13,3,1,1,8,1,0
1037,22.58,139.8,4,26703.0,0.66,0.9272,0.7118,1.0,4.0,4.0,0.0,0.0,1341.43,0.21,0,5,8,5,13,3,1,0,8,1,0
889,32.61,118.31,3,27050.0,0.8257,0.9392,0.8791,1.0,3.0,3.0,0.0,0.0,1341.43,0.48,0,5,14,5,13,3,1,0,8,1,0
975,19.93,129.22,6,27162.0,0.518,0.9431,0.5492,1.0,5.0,5.0,0.0,0.0,1341.43,1.02,0,4,3,6,13,3,1,1,8,1,0
1050,28.52,131.25,3,28800.0,0.9764,1.0,0.9764,1.0,3.0,3.0,0.0,0.0,1341.43,1.35,0,4,11,6,13,3,1,0,8,1,0
995,28.67,124.38,4,28800.0,0.9449,1.0,0.9449,1.0,4.0,4.0,0.0,0.0,1341.43,1.53,0,4,15,6,13,3,1,0,8,1,0
1050,23.6,131.25,5,28800.0,0.8141,1.0,0.8141,1.0,0.0,0.0,0.0,0.0,1341.43,1.98,0,4,2,0,14,3,0,1,8,1,0
1050,27.74,131.25,6,28800.0,0.7798,1.0,0.7798,1.0,6.0,6.0,0.0,0.0,1341.43,2.3,0,4,10,0,14,3,0,0,8,1,3
1015,46.2,126.88,2,28800.0,1.0,1.0,1.0,1.0,2.0,2.0,0.0,0.0,1341.43,2.67,0,4,19,0,14,3,0,0,8,1,3
850,17.02,106.25,0,28800.0,0.4554,1.0,0.4814,1.0,7.0,7.0,0.0,0.0,1341.43,2.91,0,3,0,1,14,3,0,1,8,1,3
1001,38.24,154.4,2,25715.625,0.8104,0.8929374999999999,1.0,1.0,2.0,2.0,0.0,0.0,1341.43,3.29,1,3,9,1,14,3,0,0,8,1,2
989,29.23,169.31,6,25715.625,0.7302,0.8929374999999999,1.0,1.0,6.0,6.0,0.0,0.0,1418.89,3.66,2,3,18,1,14,3,0,0,8,1,0
1050,36.63,159.18,7,25715.625,0.8245,0.8929374999999999,1.0,1.0,3.0,3.0,0.0,0.0,1418.89,3.94,2,3,1,2,14,4,0,1,8,1,0
898,25.99,112.25,5,28800.0,0.6847,1.0,0.6847,1.0,5.0,5.0,0.0,0.0,1418.89,4.36,2,3,11,2,14,4,0,0,8,1,0
1050,34.65,131.25,5,28800.0,0.8333,1.0,1.0,1.0,6.0,5.0,0.0,0.0,1418.89,4.69,2,3,19,2,14,4,0,0,8,1,0
909,17.63,113.62,3,28800.0,0.4207,1.0,0.4207,1.0,2.0,2.0,0.0,0.0,1418.89,4.88,2,3,0,3,14,4,0,1,8,1,0
894,26.32,111.75,4,28800.0,0.6159,1.0,0.6159,1.0,4.0,4.0,0.0,0.0,1418.89,5.13,2,3,6,3,14,4,0,0,8,1,0
1017,41.53,127.12,3,28800.0,1.0,1.0,1.0,1.0,3.0,3.0,0.0,0.0,1418.89,5.67,2,2,19,3,14,4,0,0,8,1,0
894,29.5,111.75,2,28800.0,0.8785,1.0,0.8785,1.0,3.0,3.0,0.0,0.0,1418.89,6.01,2,2,3,4,14,4,0,1,8,1,0
875,43.36,112.58,5,27980.0,0.9715,0.9715,1.0,1.0,5.0,5.0,0.0,0.0,1418.89,6.32,2,2,10,4,14,4,0,0,8,1,3
993,16.37,127.63,4,28009.0,0.4858,0.9725,0.4995,1.0,4.0,4.0,0.0,0.0,1429.65,0.0,2,3,19,4,14,4,0,0,8,1,3
904,37.81,115.89,3,28081.0,0.8833,0.975,0.9059,1.0,3.0,3.0,0.0,0.0,1429.65,0.35,2,3,3,5,14,4,1,1,8,1,3
1037,10.5,139.64,2,26735.0,0.3662,0.9283,0.3945,1.0,2.0,2.0,0.0,0.0,1624.16,0.61,3,3,10,5,14,4,1,0,8,1,0
1002,13.67,146.4,2,25715.625,0.4464,0.8929374999999999,0.5217,1.0,2.0,2.0,0.0,0.0,1624.16,1.02,3,3,19,5,14,4,1,0,8,1,0
945,38.29,131.68,3,25836.0,0.8971,0.8971,1.0,1.0,7.0,6.0,0.0,0.0,1624.16,1.39,3,3,4,6,14,4,1,1,8,1,0
920,31.44,115.0,6,28800.0,0.8635,1.0,0.8635,1.0,6.0,6.0,0.0,0.0,1624.16,1.61,3,3,9,6,14,4,1,0,8,1,0
963,44.39,120.38,3,28800.0,1.0,1.0,1.0,1.0,3.0,3.0,0.0,0.0,1624.16,1.97,3,3,18,6,14,4,1,0,8,1,0
1050,48.95,131.25,6,28800.0,0.8571,1.0,1.0,1.0,1.0,1.0,0.0,0.0,1624.16,2.23,3,3,0,0,15,4,0,1,8,1,0
1050,33.79,131.25,4,28800.0,0.7805,1.0,0.9756,1.0,5.0,4.0,0.0,0.0,1624.16,2.61,3,3,9,0,15,4,0,0,8,1,0
826,36.29,103.25,4,28800.0,0.9315,1.0,0.9315,1.0,4.0,4.0,0.0,0.0,1624.16,2.85,3,3,15,0,15,4,0,0,8,1,0
955,46.53,119.38,1,28800.0,1.0,1.0,1.0,1.0,4.0,4.0,0.0,0.0,1624.16,3.41,3,3,5,1,15,4,0,1,8,1,0
1050,17.09,131.25,6,28800.0,0.5079,1.0,0.5079,1.0,6.0,6.0,0.0,0.0,1624.16,3.56,2,3,8,1,15,4,0,0,8,1,0
1050,22.27,131.25,4,28800.0,0.6366,1.0,0.6366,1.0,4.0,4.0,0.0,0.0,1624.16,4.0,1,3,19,1,15,4,0,0,8,1,0
1050,15.78,131.25,4,28800.0,0.5633,1.0,0.5633,1.0,8.0,7.0,0.0,0.0,1624.16,4.23,1,3,0,2,15,4,0,1,8,1,0
989,30.07,123.62,2,28800.0,1.0,1.0,1.0,1.0,2.0,2.0,0.0,0.0,1624.16,4.7,1,3,12,2,15,4,0,0,8,1,0
965,34.44,120.62,5,28800.0,1.0,1.0,1.0,1.0,5.0,5.0,0.0,0.0,1624.16,4.86,1,3,15,2,15,4,0,0,8,1,0
865,36.68,108.12,7,28800.0,0.875,1.0,1.0,1.0,1.0,1.0,0.0,0.0,1624.16,5.43,1,3,5,3,15,4,0,1,8,1,0
1050,24.68,131.25,5,28800.0,0.7015,1.0,0.7015,1.0,5.0,5.0,0.0,0.0,1624.16,5.71,1,2,12,3,15,4,0,0,8,1,0
872,11.92,109.0,5,28800.0,0.3373,1.0,0.3373,1.0,5.0,5.0,0.0,0.0,1624.16,5.85,1,2,15,3,15,4,0,0,8,1,0
1050,42.63,131.25,1,28800.0,1.0,1.0,1.0,1.0,4.0,4.0,0.0,0.0,1624.16,6.23,1,2,0,4,15,4,0,1,8,1,0
981,28.03,122.62,5,28800.0,0.8448,1.0,0.8448,1.0,5.0,5.0,0.0,0.0,1624.16,6.67,1,2,11,4,15,4,0,0,8,1,0
909,37.35,113.62,6,28800.0,1.0,1.0,1.0,1.0,6.0,6.0,0.0,0.0,1624.16,6.8,1,2,14,4,15,4,0,0,8,1,0
1050,43.02,131.25,4,28800.0,1.0,1.0,1.0,1.0,5.0,5.0,0.0,0.0,1624.16,7.38,1,2,4,5,15,4,1,1,8,1,0
924,14.3,115.5,3,28800.0,0.2143,1.0,0.3571,1.0,5.0,3.0,0.0,0.0,1624.16,7.62,0,2,10,5,15,4,1,0,8,1,0
1050,47.71,131.25,6,28800.0,1.0,1.0,1.0,1.0,6.0,6.0,0.0,0.0,1624.16,7.79,0,2,14,5,15,4,1,0,8,1,0
1050,24.28,131.25,5,28800.0,0.7988,1.0,0.7988,1.0,0.0,0.0,0.0,0.0,1624.16,8.35,0,2,3,6,15,4,1,1,8,1,3
943,36.85,173.66124,2,25715.625,0.6513,0.8929374999999999,1.0,1.0,2.0,2.0,0.0,0.0,1626.16,0.02,0,3,15,6,15,4,1,0,8,1,3
963,47.55,173.66124,0,25715.625,0.621,0.8929374999999999,1.0,1.0,0.0,0.0,0.0,0.0,1705.65,0.32,1,3,23,6,15,4,1,1,8,1,0
909,34.41,113.62,5,28800.0,0.9649,1.0,0.9649,1.0,5.0,5.0,0.0,0.0,1705.65,0.78,1,3,10,0,16,4,0,0,8,1,0
990,22.94,123.75,4,28800.0,0.7318,1.0,0.7318,1.0,4.0,4.0,0.0,0.0,1705.65,1.24,1,3,21,0,16,4,0,0,8,1,0
1050,34.67,131.25,6,28800.0,1.0,1.0,1.0,1.0,5.0,5.0,0.0,0.0,1705.65,1.54,1,3,4,1,16,4,0,1,8,1,0
1039,23.81,129.88,3,28800.0,0.785,1.0,0.785,1.0,3.0,3.0,0.0,0.0,1705.65,1.82,1,3,11,1,16,4,0,0,8,1,0
1050,15.58,131.25,4,28800.0,0.5002,1.0,0.5002,1.0,4.0,4.0,0.0,0.0,1705.65,2.12,1,3,18,1,16,4,0,0,8,1,0
1050,25.2,131.25,5,28800.0,0.8983,1.0,0.8983,1.0,4.0,4.0,0.0,0.0,1705.65,2.4,1,3,1,2,16,4,0,1,8,1,0
993,18.09,124.12,3,28800.0,0.4979,1.0,0.4979,1.0,3.0,3.0,0.0,0.0,1705.65,2.92,1,3,13,2,16,4,0,0,8,1,1
988,35.16,123.5,4,28800.0,1.0,1.0,1.0,1.0,4.0,4.0,0.0,0.0,1705.65,3.13,1,3,18,2,16,4,0,0,8,1,1
957,25.75,119.62,4,28800.0,0.75,1.0,0.75,1.0,2.0,2.0,0.0,0.0,1705.65,3.49,2,3,3,3,16,4,0,1,8,1,3
927,25.44,135.41,2,25715.625,0.5255,0.8929374999999999,0.9212,1.0,3.0,2.0,0.0,0.0,1714.27,3.64,2,3,6,3,16,4,0,0,8,1,3
952,28.58,158.45,6,25715.625,0.751,0.8929374999999999,1.0,1.0,6.0,6.0,0.0,0.0,1735.12,4.03,3,3,16,3,16,4,0,0,8,1,0
1050,34.62,155.96,2,25715.625,0.8416,0.8929374999999999,1.0,1.0,2.0,2.0,0.0,0.0,1735.12,4.32,3,3,23,3,16,4,0,1,8,1,0
881,12.5,126.6,2,25715.625,0.3099,0.8929374999999999,0.3562,1.0,2.0,2.0,0.0,0.0,1735.12,4.82,3,3,11,4,16,4,0,0,8,1,0
1019,43.39,142.3,5,25779.0,0.8951,0.8951,1.0,1.0,5.0,5.0,0.0,0.0,1819.05,0.14,3,4,18,4,16,4,0,0,8,1,0
888,35.09,118.85,3,26898.0,0.934,0.934,1.0,1.0,3.0,3.0,0.0,0.0,1819.05,0.53,3,4,3,5,16,4,1,1,8,1,0
1050,16.58,131.25,4,28800.0,0.5746,1.0,0.5746,1.0,4.0,4.0,0.0,0.0,1819.05,0.87,3,4,11,5,16,4,1,0,8,1,0
862,12.06,107.75,4,28800.0,0.3595,1.0,0.3595,1.0,4.0,4.0,0.0,0.0,1819.05,1.03,3,4,15,5,16,4,1,0,8,1,0
1050,32.69,131.25,3,28800.0,1.0,1.0,1.0,1.0,3.0,3.0,0.0,0.0,1819.05,1.37,3,4,23,5,16,4,1,1,8,1,0
962,29.8,120.25,4,28800.0,0.9249,1.0,0.9249,1.0,4.0,4.0,0.0,0.0,1819.05,1.82,3,4,10,6,16,4,1,0,8,1,0
1050,50.82,131.25,3,28800.0,1.0,1.0,1.0,1.0,3.0,3.0,0.0,0.0,1819.05,2.03,3,4,15,6,16,4,1,0,8,1,0
1019,14.14,127.38,3,28800.0,0.391,1.0,0.391,1.0,6.0,6.0,0.0,0.0,1819.05,2.49,2,4,2,0,17,4,0,1,8,1,0
1050,26.63,131.25,4,28800.0,0.7263,1.0,0.7263,1.0,4.0,4.0,0.0,0.0,1819.05,2.67,2,4,6,0,17,4,0,0,8,1,0
895,34.38,111.88,4,28800.0,1.0,1.0,1.0,1.0,4.0,4.0,0.0,0.0,1819.05,3.11,2,4,17,0,17,4,0,0,8,1,0
945,35.05,118.12,6,28800.0,0.9542,1.0,0.9542,1.0,5.0,5.0,0.0,0.0,1819.05,3.4,2,4,0,1,17,4,0,1,8,1,0
982,26.3,131.28,5,26929.0,0.7454,0.935,0.7972,1.0,5.0,5.0,0.0,0.0,1841.97,0.27,2,5,10,1,17,4,0,0,8,1,0
984,20.3,134.98,4,26244.0,0.5621,0.9113,0.6168,1.0,4.0,4.0,0.0,0.0,1841.97,0.63,2,5,19,1,17,4,0,0,8,1,0
1050,17.42,144.98,5,26073.0,0.6311,0.9053,0.6971,1.0,5.0,5.0,0.0,0.0,1841.97,0.79,2,5,23,1,17,4,0,1,8,1,0
1032,9.59,173.66124,6,25715.625,0.3401,0.8929374999999999,0.5143,1.0,6.0,6.0,0.0,0.0,1841.97,1.08,2,6,6,2,17,4,0,0,8,1,2
1025,21.25,173.66124,3,25715.625,0.5637,0.8929374999999999,0.7748,1.0,3.0,3.0,0.0,0.0,1855.18,0.59,2,7,21,2,17,4,0,0,8,1,2
1050,36.82,158.36,5,25715.625,0.8288,0.8929374999999999,1.0,1.0,5.0,5.0,0.0,0.0,1859.73,0.07,2,7,23,2,17,4,0,1,8,1,2
1050,14.72,146.23,2,25850.0,0.4546,0.8976,0.5065,1.0,2.0,2.0,0.0,0.0,1866.5,0.6,2,7,12,3,17,4,0,0,8,1,0
902,32.91,132.59,2,25715.625,0.8503,0.8929374999999999,1.0,1.0,2.0,2.0,0.0,0.0,1905.1,0.81,2,7,17,3,17,4,0,0,8,1,0
766,16.16,124.46,3,25715.625,0.4226,0.8929374999999999,0.5493,1.0,2.0,1.0,0.0,0.0,1905.1,1.3,2,7,5,4,17,4,0,1,8,1,0
1050,18.02,131.25,3,28800.0,0.6501,1.0,0.6501,1.0,3.0,3.0,0.0,0.0,1905.1,1.59,2,7,12,4,17,4,0,0,8,1,0
1008,17.44,126.0,5,28800.0,0.4697,1.0,0.4697,1.0,5.0,5.0,0.0,0.0,1905.1,1.78,2,7,16,4,17,4,0,0,8,1,0
936,24.82,117.0,1,28800.0,0.3246,1.0,0.6493,1.0,4.0,3.0,0.0,0.0,1905.1,2.27,2,7,4,5,17,4,1,1,8,1,0
932,29.08,120.45,2,27855.0,0.7394,0.9672,0.7645,1.0,2.0,2.0,0.0,0.0,1931.86,0.47,2,8,17,5,17,4,1,0,8,1,0
968,15.19,129.76,3,26855.0,0.3428,0.9325,0.4902,1.0,4.0,4.0,0.0,0.0,1931.86,0.82,2,8,1,6,17,4,1,1,8,1,0
808,33.52,123.78,2,25715.625,0.8159,0.8929374999999999,1.0,1.0,2.0,2.0,0.0,0.0,1931.86,1.06,2,8,7,6,17,4,1,0,8,1,0
949,14.3,130.68,6,26143.0,0.4659,0.9077,0.5133,1.0,6.0,6.0,0.0,0.0,2140.74,0.14,2,9,16,6,17,4,1,0,8,1,0
1050,33.19,173.66124,4,25715.625,0.7482,0.8929374999999999,1.0,1.0,4.0,4.0,0.0,0.0,2140.74,0.69,2,8,5,0,18,4,0,1,8,1,0
981,24.68,122.62,6,28800.0,0.8005,1.0,0.8005,1.0,6.0,6.0,0.0,0.0,2140.74,0.93,2,8,11,0,18,4,0,0,8,1,0
998,11.04,124.75,6,28800.0,0.3552,1.0,0.3552,1.0,6.0,6.0,0.0,0.0,2140.74,1.13,2,8,16,0,18,4,0,0,8,1,0
1050,17.23,131.25,4,28800.0,0.5702,1.0,0.5702,1.0,4.0,4.0,0.0,0.0,2140.74,1.4,2,8,22,0,18,4,0,1,8,1,0
995,40.06,124.38,2,28800.0,1.0,1.0,1.0,1.0,2.0,2.0,0.0,0.0,2140.74,1.89,2,8,10,1,18,4,0,0,8,1,0
971,12.52,121.38,5,28800.0,0.2773,1.0,0.3328,1.0,6.0,5.0,0.0,0.0,2140.74,2.29,2,8,19,1,18,4,0,0,8,1,0
1050,47.6,131.25,2,28800.0,1.0,1.0,1.0,1.0,5.0,5.0,0.0,0.0,2140.74,2.63,2,8,4,2,18,4,0,1,8,1,0
1013,27.47,126.62,2,28800.0,0.828,1.0,0.828,1.0,2.0,2.0,0.0,0.0,2140.74,2.75,2,8,6,2,18,4,0,0,8,1,0
1050,25.38,131.25,3,28800.0,0.8794,1.0,0.8794,1.0,3.0,3.0,0.0,0.0,2140.74,3.05,2,8,14,2,18,4,0,0,8,1,0
1050,14.92,131.25,5,28800.0,0.5389,1.0,0.5389,1.0,6.0,6.0,0.0,0.0,2140.74,3.61,1,8,3,3,18,4,0,1,8,1,0
1036,27.63,129.5,2,28800.0,0.9702,1.0,0.9702,1.0,2.0,2.0,0.0,0.0,2140.74,3.85,1,8,9,3,18,4,0,0,8,1,0
792,21.79,99.0,3,28800.0,0.4447,1.0,0.4447,1.0,3.0,3.0,0.0,0.0,2140.74,4.22,0,8,18,3,18,4,0,0,8,1,0
1050,18.52,131.25,6,28800.0,0.5866,1.0,0.5866,1.0,6.0,6.0,0.0,0.0,2140.74,4.43,0,8,23,3,18,4,0,1,8,1,0
1050,22.75,131.25,5,28800.0,0.7882,1.0,0.7882,1.0,5.0,5.0,0.0,0.0,2140.74,4.74,0,8,6,4,18,5,0,0,8,1,0
869,13.4,108.62,3,28800.0,0.3313,1.0,0.3313,1.0,3.0,3.0,0.0,0.0,2140.74,5.21,0,8,18,4,18,5,0,0,8,1,0
830,18.78,103.75,4,28800.0,0.3686,1.0,0.4608,1.0,2.0,2.0,0.0,0.0,2140.74,5.59,0,8,3,5,18,5,1,1,8,1,0
1050,17.97,131.25,3,28800.0,0.6187,1.0,0.6187,1.0,3.0,3.0,0.0,0.0,2140.74,5.74,0,8,6,5,18,5,1,0,8,1,0
863,24.98,107.88,5,28800.0,0.5636,1.0,0.5636,1.0,5.0,5.0,0.0,0.0,2140.74,6.26,0,8,19,5,18,5,1,0,8,1,0
1024,25.4,128.0,2,28800.0,0.7865,1.0,0.7865,1.0,5.0,5.0,0.0,0.0,2140.74,6.54,0,8,1,6,18,5,1,1,8,1,0
1018,47.37,127.25,2,28800.0,0.5,1.0,1.0,1.0,4.0,2.0,0.0,0.0,2140.74,6.86,0,8,9,6,18,5,1,0,8,1,0
962,17.01,120.25,3,28800.0,0.5638,1.0,0.5638,1.0,3.0,3.0,0.0,0.0,2140.74,7.11,0,8,15,6,18,5,1,0,8,1,0
987,29.94,123.38,5,28800.0,1.0,1.0,1.0,1.0,5.0,5.0,0.0,0.0,2140.74,7.55,0,7,2,0,19,5,0,1,8,1,0
922,35.52,115.25,2,28800.0,1.0,1.0,1.0,1.0,2.0,2.0,0.0,0.0,2140.74,7.82,0,7,8,0,19,5,0,0,8,1,1
935,42.29,116.88,2,28800.0,1.0,1.0,1.0,1.0,2.0,2.0,0.0,0.0,2140.74,8.19,0,7,17,0,19,5,0,0,8,1,1
1004,33.17,125.5,5,28800.0,1.0,1.0,1.0,1.0,1.0,1.0,0.0,0.0,2140.74,8.69,0,7,5,1,19,5,0,1,8,1,1
763,10.31,104.02,1,26406.0,0.1166,0.9169,0.2543,1.0,2.0,1.0,0.0,0.0,2255.33,9.02,1,7,13,1,19,5,0,0,8,1,0
1004,12.67,136.93,4,26396.0,0.3479,0.9165,0.3796,1.0,4.0,4.0,0.0,0.0,2255.33,9.15,1,7,16,1,19,5,0,0,8,1,0
847,12.56,117.65,1,25918.0,0.3611,0.8999,0.4013,1.0,5.0,5.0,0.0,0.0,2255.33,9.62,1,7,3,2,19,5,0,1,8,1,0
837,14.67,104.62,3,28800.0,0.3261,1.0,0.3261,1.0,3.0,3.0,0.0,0.0,2255.33,9.9,1,7,10,2,19,5,0,0,8,1,0
1050,21.22,131.25,6,28800.0,0.6096,1.0,0.6096,1.0,6.0,6.0,0.0,0.0,2255.33,10.21,1,7,17,2,19,5,0,0,8,1,0
1050,26.6,131.25,5,28800.0,0.9516,1.0,0.9516,1.0,2.0,2.0,0.0,0.0,2255.33,10.58,1,7,2,3,19,5,0,1,8,1,0
1029,27.4,128.62,4,28800.0,0.8186,1.0,0.8186,1.0,4.0,4.0,0.0,0.0,2255.33,10.75,1,7,6,3,19,5,0,0,8,1,0
1047,43.45,130.88,2,28800.0,1.0,1.0,1.0,1.0,2.0,2.0,0.0,0.0,2255.33,11.05,1,7,14,3,19,5,0,0,8,1,0
1036,15.75,129.5,2,28800.0,0.4317,1.0,0.4317,1.0,2.0,2.0,0.0,0.0,2255.33,11.41,1,7,22,3,19,5,0,1,8,1,0
947,23.21,118.38,2,28800.0,0.657,1.0,0.657,1.0,2.0,2.0,0.0,0.0,2255.33,11.89,1,7,10,4,19,5,0,0,8,1,0
993,35.14,124.12,5,28800.0,0.8333,1.0,1.0,1.0,6.0,5.0,0.0,0.0,2255.33,12.11,1,7,15,4,19,5,0,0,8,1,0
940,16.93,117.5,3,28800.0,0.4377,1.0,0.4377,1.0,3.0,3.0,0.0,0.0,2255.33,12.39,1,7,22,4,19,5,0,1,8,1,0
1019,19.24,127.38,3,28800.0,0.5438,1.0,0.5438,1.0,3.0,3.0,0.0,0.0,2255.33,12.75,1,7,6,5,19,5,1,0,8,1,0
842,15.33,105.25,1,28800.0,0.1749,1.0,0.3497,1.0,2.0,1.0,0.0,0.0,2255.33,13.31,1,7,20,5,19,5,1,0,8,1,0
1050,22.64,131.25,4,28800.0,0.7467,1.0,0.7467,1.0,4.0,4.0,0.0,0.0,2255.33,13.4,1,7,22,5,19,5,1,1,8,1,0
1050,27.58,146.96,6,25722.0,0.7776,0.8931,0.8707,1.0,6.0,6.0,0.0,0.0,2326.04,0.08,1,8,10,6,19,5,1,0,8,1,0
1050,23.65,157.36,3,25715.625,0.5289,0.8929374999999999,0.8454,1.0,4.0,3.0,0.0,0.0,2326.04,0.27,1,8,14,6,19,5,1,0,8,1,0
994,35.71,143.33,2,25715.625,0.578,0.8929374999999999,1.0,1.0,3.0,2.0,0.0,0.0,2326.04,0.6,1,8,22,6,19,5,1,1,8,1,0
946,29.03,118.25,2,28800.0,0.8458,1.0,0.8458,1.0,2.0,2.0,0.0,0.0,2326.04,1.17,1,8,12,0,20,5,0,0,8,1,0
1031,14.17,128.88,6,28800.0,0.4382,1.0,0.4382,1.0,6.0,6.0,0.0,0.0,2326.04,1.47,1,8,19,0,20,5,0,0,8,1,0
943,26.74,117.88,6,28800.0,0.6761,1.0,0.6761,1.0,6.0,6.0,0.0,0.0,2326.04,1.6,1,8,22,0,20,5,0,1,8,1,0
1019,12.1,127.38,4,28800.0,0.368,1.0,0.368,1.0,4.0,4.0,0.0,0.0,2326.04,1.98,0,8,8,1,20,5,0,0,8,1,1
877,17.23,109.62,2,28800.0,0.4087,1.0,0.4087,1.0,2.0,2.0,0.0,0.0,2326.04,2.54,0,7,21,1,20,5,0,0,8,1,1
938,11.39,117.25,5,28800.0,0.3153,1.0,0.3153,1.0,5.0,5.0,0.0,0.0,2326.04,2.62,0,7,23,1,20,5,0,1,8,1,1
1050,13.69,136.34,2,27724.0,0.3729,0.9626,0.3874,1.0,2.0,2.0,0.0,0.0,2326.04,2.93,0,7,6,2,20,5,0,0,8,1,1
1050,10.79,137.67,6,27456.0,0.3893,0.9533,0.4084,1.0,6.0,6.0,0.0,0.0,2384.19,3.32,1,7,15,2,20,5,0,0,8,1,0
994,28.62,131.9,5,27129.0,0.942,0.942,1.0,1.0,4.0,4.0,0.0,0.0,2384.19,3.83,1,7,4,3,20,5,0,1,8,1,0
1014,16.89,126.75,1,28800.0,0.2547,1.0,0.5095,1.0,2.0,1.0,0.0,0.0,2384.19,4.02,1,7,8,3,20,5,0,0,8,1,0
1050,37.4,131.25,3,28800.0,1.0,1.0,1.0,1.0,3.0,3.0,0.0,0.0,2384.19,4.32,1,7,16,3,20,5,0,0,8,1,0
1005,38.1,125.62,4,28800.0,1.0,1.0,1.0,1.0,7.0,7.0,0.0,0.0,2384.19,4.71,1,7,1,4,20,5,0,1,8,1,0
891,25.48,117.26,3,27355.0,0.6054,0.9498,0.6374,1.0,3.0,3.0,0.0,0.0,2384.19,4.96,1,7,7,4,20,5,0,0,8,1,0
1050,23.56,140.76,3,26855.0,0.832,0.9325,0.8922,1.0,3.0,3.0,0.0,0.0,2384.19,5.46,1,8,19,4,20,5,0,0,8,1,0
1039,42.69,134.4,7,27830.0,0.9663,0.9663,1.0,1.0,4.0,3.0,0.0,0.0,2421.94,0.29,1,8,2,5,20,5,1,1,8,1,0
1050,10.45,131.25,6,28800.0,0.338,1.0,0.338,1.0,6.0,6.0,0.0,0.0,2421.94,0.57,1,8,9,5,20,5,1,0,8,1,0
1001,36.84,125.12,5,28800.0,0.9812,1.0,0.9812,1.0,5.0,5.0,0.0,0.0,2421.94,0.95,1,8,18,5,20,5,1,0,8,1,0
997,9.15,124.62,3,28800.0,0.2176,1.0,0.2901,1.0,1.0,1.0,0.0,0.0,2421.94,1.29,1,8,3,6,20,5,1,1,8,1,0
1047,38.34,130.88,5,28800.0,1.0,1.0,1.0,1.0,5.0,5.0,0.0,0.0,2421.94,1.65,1,9,11,6,20,5,1,0,8,1,0
1050,13.44,131.25,4,28800.0,0.4113,1.0,0.4113,1.0,4.0,4.0,0.0,0.0,2549.72,1.94,1,8,18,6,20,5,1,0,8,1,0
1050,32.91,131.25,1,28800.0,0.9902,1.0,0.9902,1.0,2.0,2.0,0.0,0.0,2549.72,2.34,1,8,4,0,21,5,0,1,8,1,0
1018,34.17,127.25,4,28800.0,1.0,1.0,1.0,1.0,4.0,4.0,0.0,0.0,2549.72,2.61,1,8,10,0,21,5,0,0,8,1,0
923,16.17,115.38,2,28800.0,0.4727,1.0,0.4727,1.0,2.0,2.0,0.0,0.0,2549.72,2.81,1,8,15,0,21,5,0,0,8,1,0
1050,33.1,131.25,2,28800.0,1.0,1.0,1.0,1.0,2.0,2.0,0.0,0.0,2549.72,3.22,1,8,1,1,21,5,0,1,8,1,0
958,14.79,119.75,4,28800.0,0.3719,1.0,0.3719,1.0,4.0,4.0,0.0,0.0,2549.72,3.48,1,8,7,1,21,5,0,0,8,1,0
931,10.58,116.38,3,28800.0,0.2764,1.0,0.2764,1.0,3.0,3.0,0.0,0.0,2549.72,3.76,1,8,14,1,21,5,0,0,8,1,0
945,24.26,118.12,2,28800.0,0.6162,1.0,0.6162,1.0,5.0,5.0,0.0,0.0,2549.72,4.27,1,8,2,2,21,5,0,1,8,1,0
983,29.25,122.88,2,28800.0,0.8888,1.0,0.8888,1.0,2.0,2.0,0.0,0.0,2549.72,4.44,1,8,6,2,21,5,0,0,8,1,0
906,22.0,113.25,2,28800.0,0.52,1.0,0.52,1.0,2.0,2.0,0.0,0.0,2549.72,4.8,0,8,15,2,21,5,0,0,8,1,0
986,28.73,123.25,5,28800.0,0.8018,1.0,0.8018,1.0,5.0,4.0,0.0,0.0,2549.72,5.36,0,7,4,3,21,5,0,1,8,1,0
945,10.65,118.12,6,28800.0,0.3058,1.0,0.3058,1.0,6.0,6.0,0.0,0.0,2549.72,5.54,0,7,9,3,21,5,0,0,8,1,0
996,14.27,124.5,2,28800.0,0.3676,1.0,0.3676,1.0,2.0,2.0,0.0,0.0,2549.72,5.87,0,7,16,3,21,5,0,0,8,1,0
1050,31.8,131.25,4,28800.0,0.7721,1.0,0.9651,1.0,1.0,1.0,0.0,0.0,2549.72,6.29,0,7,3,4,21,5,0,1,8,1,0
1050,16.43,140.21,6,26959.0,0.4718,0.9361,0.504,1.0,6.0,6.0,0.0,0.0,2549.72,6.64,0,6,11,4,21,5,0,0,8,1,0
952,45.07,130.01,2,26362.0,0.9153,0.9153,1.0,1.0,2.0,2.0,0.0,0.0,2549.72,6.99,0,6,19,4,21,5,0,0,8,1,0
1050,30.24,140.26,1,26950.0,0.9358,0.9358,1.0,1.0,3.0,3.0,0.0,0.0,2717.6,7.37,1,5,5,5,21,5,1,1,8,1,0
1050,45.37,131.25,5,28800.0,1.0,1.0,1.0,1.0,5.0,5.0,0.0,0.0,2717.6,7.42,1,5,6,5,21,5,1,0,8,1,0
1050,31.37,131.25,5,28800.0,0.999,1.0,0.999,1.0,5.0,5.0,0.0,0.0,2717.6,7.86,1,5,16,5,21,5,1,0,8,1,0
1025,48.28,128.12,3,28800.0,1.0,1.0,1.0,1.0,4.0,4.0,0.0,0.0,2717.6,8.3,1,5,3,6,21,5,1,1,8,1,0
869,35.3,108.62,5,28800.0,0.856,1.0,0.856,1.0,5.0,5.0,0.0,0.0,2717.6,8.61,1,5,10,6,21,5,1,0,8,1,0
816,12.2,102.0,2,28800.0,0.2816,1.0,0.2816,1.0,2.0,2.0,0.0,0.0,2717.6,9.03,1,5,20,6,21,5,1,0,8,1,0
942,41.27,117.75,4,28800.0,1.0,1.0,1.0,1.0,4.0,4.0,0.0,0.0,2717.6,9.09,1,5,22,6,21,5,1,1,8,1,0
961,39.45,120.12,3,28800.0,1.0,1.0,1.0,1.0,3.0,3.0,0.0,0.0,2717.6,9.65,1,4,11,0,22,5,0,0,8,1,0
930,19.7,116.25,3,28800.0,0.3647,1.0,0.4863,1.0,4.0,3.0,0.0,0.0,2717.6,10.07,1,4,21,0,22,5,0,0,8,1,0
1050,41.54,131.25,7,28800.0,0.7778,1.0,1.0,1.0,2.0,2.0,0.0,0.0,2717.6,10.25,1,4,2,1,22,5,0,1,8,1,0
943,37.2,117.88,5,28800.0,0.9096,1.0,0.9096,1.0,5.0,5.0,0.0,0.0,2717.6,10.63,1,3,11,1,22,5,0,0,8,1,0
955,37.09,119.38,3,28800.0,1.0,1.0,1.0,1.0,3.0,3.0,0.0,0.0,2717.6,11.01,1,3,20,1,22,5,0,0,8,1,0
1007,38.81,125.88,2,28800.0,1.0,1.0,1.0,1.0,2.0,2.0,0.0,0.0,2717.6,11.13,1,3,23,1,22,5,0,1,8,1,0
1048,32.43,131.0,2,28800.0,1.0,1.0,1.0,1.0,2.0,2.0,0.0,0.0,2717.6,11.63,1,3,11,2,22,5,0,0,8,1,0
1043,38.72,130.38,5,28800.0,1.0,1.0,1.0,1.0,5.0,5.0,0.0,0.0,2717.6,12.01,1,3,20,2,22,5,0,0,8,1,0
1016,20.82,127.0,3,28800.0,0.5549,1.0,0.5549,1.0,6.0,5.0,0.0,0.0,2717.6,12.31,1,3,3,3,22,5,0,1,8,1,0
906,9.09,113.25,4,28800.0,0.2844,1.0,0.2844,1.0,4.0,4.0,0.0,0.0,2717.6,12.44,1,3,6,3,22,5,0,0,8,1,0
998,40.13,124.75,4,28800.0,1.0,1.0,1.0,1.0,4.0,4.0,0.0,0.0,2717.6,13.02,1,3,20,3,22,5,0,0,8,1,0
919,31.45,114.88,5,28800.0,0.697,1.0,0.8364,1.0,6.0,5.0,0.0,0.0,2717.6,13.1,1,3,22,3,22,5,0,1,8,1,0
1050,41.39,140.22,2,26958.0,0.936,0.936,1.0,1.0,2.0,2.0,0.0,0.0,2717.6,13.5,1,3,8,4,22,5,0,0,8,1,0
947,19.83,136.6,5,25715.625,0.5745,0.8929374999999999,0.6629,1.0,5.0,5.0,0.0,0.0,2717.6,13.76,1,3,14,4,22,5,0,0,8,1,0
916,11.67,125.52,5,26271.0,0.3216,0.9122,0.3525,1.0,2.0,2.0,0.0,0.0,2847.98,0.2,0,4,5,5,22,5,1,1,8,1,0
1001,31.03,125.12,5,28800.0,0.8422,1.0,0.8422,1.0,5.0,5.0,0.0,0.0,2847.98,0.5,0,4,12,5,22,5,1,0,8,1,0
1019,10.11,127.38,2,28800.0,0.2951,1.0,0.2951,1.0,2.0,2.0,0.0,0.0,2847.98,0.91,0,4,22,5,22,5,1,1,8,1,0
1050,41.0,131.25,4,28800.0,1.0,1.0,1.0,1.0,4.0,4.0,0.0,0.0,2847.98,1.39,0,4,10,6,22,5,1,0,8,1,0
948,39.41,118.5,6,28800.0,1.0,1.0,1.0,1.0,6.0,6.0,0.0,0.0,2847.98,1.67,0,4,16,6,22,5,1,0,8,1,0
1050,9.0,131.25,1,28800.0,0.1572,1.0,0.3143,1.0,2.0,1.0,0.0,0.0,2847.98,2.48,0,4,12,0,23,6,0,0,8,1,0
975,24.62,121.88,3,28800.0,0.6456,1.0,0.6456,1.0,3.0,3.0,0.0,0.0,2847.98,2.72,0,4,18,0,23,6,0,0,8,1,0
982,18.91,122.75,5,28800.0,0.5295,1.0,0.5295,1.0,5.0,5.0,0.0,0.0,2847.98,2.89,0,4,22,0,23,6,0,1,8,1,0
976,37.25,122.0,5,28800.0,1.0,1.0,1.0,1.0,5.0,5.0,0.0,0.0,2847.98,3.34,0,4,8,1,23,6,0,0,8,1,0
1050,21.12,131.25,5,28800.0,0.7095,1.0,0.7095,1.0,5.0,5.0,0.0,0.0,2847.98,3.68,0,4,16,1,23,6,0,0,8,1,0
877,47.16,109.62,4,28800.0,1.0,1.0,1.0,1.0,3.0,3.0,0.0,0.0,2847.98,4.07,0,4,2,2,23,6,0,1,8,1,0
1050,48.84,131.25,5,28800.0,1.0,1.0,1.0,1.0,5.0,5.0,0.0,0.0,2847.98,4.54,0,4,13,2,23,6,0,0,8,1,0
965,21.63,120.62,3,28800.0,0.6293,1.0,0.6293,1.0,3.0,3.0,0.0,0.0,2847.98,4.74,0,4,18,2,23,6,0,0,8,1,0
953,38.05,119.12,3,28800.0,1.0,1.0,1.0,1.0,7.0,6.0,0.0,0.0,2847.98,5.11,0,4,3,3,23,6,0,1,8,1,0
1050,39.41,145.64,2,25955.0,0.9012,0.9012,1.0,1.0,2.0,2.0,0.0,0.0,2847.98,5.33,0,4,8,3,23,6,0,0,8,1,0
1050,41.09,144.59,6,26142.0,0.9077,0.9077,1.0,1.0,6.0,6.0,0.0,0.0,2989.26,0.06,0,5,14,3,23,6,0,0,8,1,0
850,19.34,114.86,6,26642.0,0.3926,0.9251,0.4952,1.0,2.0,2.0,0.0,0.0,2989.26,0.52,0,5,1,4,23,6,0,1,8,1,0
1018,15.34,127.25,5,28800.0,0.4737,1.0,0.4737,1.0,5.0,5.0,0.0,0.0,2989.26,0.72,0,5,6,4,23,6,0,0,8,1,0
824,31.72,103.0,6,28800.0,0.8818,1.0,0.8818,1.0,6.0,6.0,0.0,0.0,2989.26,1.07,0,5,15,4,23,6,0,0,8,1,0
974,24.98,121.75,2,28800.0,0.7061,1.0,0.7061,1.0,2.0,2.0,0.0,0.0,2989.26,1.41,0,5,23,4,23,6,0,1,8,1,0
1050,33.85,131.25,4,28800.0,1.0,1.0,1.0,1.0,4.0,4.0,0.0,0.0,2989.26,1.75,0,5,7,5,23,6,1,0,8,1,0
1050,28.56,131.25,6,28800.0,1.0,1.0,1.0,1.0,6.0,6.0,0.0,0.0,2989.26,2.17,0,5,17,5,23,6,1,0,8,1,0
969,15.05,121.12,5,28800.0,0.316,1.0,0.3792,1.0,8.0,8.0,0.0,0.0,2989.26,2.66,0,5,5,6,23,6,1,1,8,1,0
1036,18.3,129.5,5,28800.0,0.5048,1.0,0.6058,1.0,6.0,5.0,0.0,0.0,2989.26,2.79,0,5,8,6,23,6,1,0,8,1,0
885,25.17,110.62,6,28800.0,0.7701,1.0,0.7701,1.0,6.0,6.0,0.0,0.0,2989.26,3.27,0,5,19,6,23,6,1,0,8,1,0
918,20.64,114.75,8,28800.0,0.5323,1.0,0.5323,1.0,3.0,3.0,0.0,0.0,2989.26,3.54,0,5,2,0,24,6,0,1,8,1,0
987,18.09,123.38,2,28800.0,0.5857,1.0,0.5857,1.0,2.0,2.0,0.0,0.0,2989.26,3.79,0,5,8,0,24,6,0,0,8,1,0
935,29.89,116.88,2,28800.0,0.9132,1.0,0.9132,1.0,2.0,2.0,0.0,0.0,2989.26,4.15,0,5,16,0,24,6,0,0,8,1,0
1050,13.35,131.25,3,28800.0,0.4499,1.0,0.4499,1.0,5.0,5.0,0.0,0.0,2989.26,4.57,0,5,2,1,24,6,0,1,8,1,0
961,39.85,120.12,6,28800.0,1.0,1.0,1.0,1.0,6.0,6.0,0.0,0.0,2989.26,4.72,0,4,6,1,24,6,0,0,8,1,0
1050,13.58,131.25,4,28800.0,0.4094,1.0,0.4094,1.0,4.0,4.0,0.0,0.0,2989.26,5.08,0,4,15,1,24,6,0,0,8,1,3
1050,9.62,131.25,5,28800.0,0.3467,1.0,0.3467,1.0,4.0,4.0,0.0,0.0,2989.26,5.62,0,4,4,2,24,6,0,1,8,1,3
1025,25.14,145.77,2,25715.625,0.879,0.8929374999999999,1.0,1.0,2.0,2.0,0.0,0.0,2989.26,5.81,0,4,8,2,24,6,0,0,8,1,3
1050,28.16,143.67,3,26311.0,0.8379,0.9136,0.9171,1.0,3.0,3.0,0.0,0.0,3021.77,6.15,1,4,16,2,24,6,0,0,8,1,0
831,30.38,114.17,4,26203.0,0.8116,0.9098,0.8921,1.0,6.0,6.0,0.0,0.0,3021.77,6.55,1,4,2,3,24,6,0,1,8,1,2
980,11.67,125.24,2,28169.0,0.311,0.9781,0.318,1.0,2.0,2.0,0.0,0.0,3021.77,6.93,1,4,11,3,24,6,0,0,8,1,2
764,27.39,101.21,3,27176.0,0.5643,0.9436,0.598,1.0,3.0,3.0,0.0,0.0,3021.77,7.09,1,4,15,3,24,6,0,0,8,1,2
900,45.88,115.68,6,28009.0,0.9725,0.9725,1.0,1.0,6.0,6.0,0.0,0.0,3023.77,7.4,2,4,23,3,24,6,0,1,8,1,0
984,40.26,127.88,4,27700.0,0.9618,0.9618,1.0,1.0,4.0,4.0,0.0,0.0,3065.13,7.83,3,4,9,4,24,6,0,0,8,1,0
1050,35.63,136.34,2,27725.0,0.9627,0.9627,1.0,1.0,2.0,2.0,0.0,0.0,3065.13,8.21,3,4,18,4,24,6,0,0,8,1,0
965,33.35,129.84,5,26757.0,0.9188,0.9291,0.9889,1.0,2.0,2.0,0.0,0.0,3065.13,8.67,3,4,5,5,24,6,1,1,8,1,1
867,14.27,126.83,3,25715.625,0.3321,0.8929374999999999,0.3886,1.0,3.0,3.0,0.0,0.0,3065.13,8.72,3,4,6,5,24,6,1,0,8,1,1
1018,31.33,149.15,6,25715.625,0.8532,0.8929374999999999,1.0,1.0,6.0,6.0,0.0,0.0,3065.13,9.19,3,4,17,5,24,6,1,0,8,1,1
1050,44.28,149.28,2,25715.625,0.8792,0.8929374999999999,1.0,1.0,4.0,4.0,0.0,0.0,3116.94,9.59,4,4,3,6,24,6,1,1,8,1,0
1050,38.99,131.25,2,28800.0,0.6667,1.0,1.0,1.0,3.0,2.0,0.0,0.0,3116.94,9.94,4,4,12,6,24,6,1,0,8,1,0
1033,39.16,129.12,6,28800.0,1.0,1.0,1.0,1.0,6.0,6.0,0.0,0.0,3116.94,10.2,4,4,18,6,24,6,1,0,8,1,0
1050,27.78,131.25,4,28800.0,1.0,1.0,1.0,1.0,4.0,4.0,0.0,0.0,3116.94,10.43,4,3,23,6,24,6,1,1,8,1,0
979,48.67,122.38,2,28800.0,1.0,1.0,1.0,1.0,2.0,2.0,0.0,0.0,3116.94,10.85,4,3,9,0,25,6,0,0,8,1,0
1024,29.1,128.0,3,28800.0,0.998,1.0,0.998,1.0,3.0,3.0,0.0,0.0,3116.94,11.08,4,3,15,0,25,6,0,0,8,1,0
894,40.72,111.75,2,28800.0,1.0,1.0,1.0,1.0,2.0,2.0,0.0,0.0,3144.72,0.04,4,4,4,1,25,6,0,1,8,1,0
997,40.97,136.29,1,26335.0,0.3048,0.9144,1.0,1.0,3.0,1.0,0.0,0.0,3144.72,0.3,4,3,10,1,25,6,0,0,8,1,3
906,9.52,136.17,2,25715.625,0.2935,0.8929374999999999,0.3529,1.0,2.0,2.0,0.0,0.0,3144.72,0.48,4,3,15,1,25,6,0,0,8,1,3
964,39.37,137.73,2,25715.625,0.8749,0.8929374999999999,1.0,1.0,2.0,2.0,0.0,0.0,3144.72,0.77,4,3,22,1,25,6,0,1,8,1,3
951,12.07,122.04,5,28052.0,0.3411,0.974,0.3502,1.0,5.0,5.0,0.0,0.0,3194.0,1.21,5,3,8,2,25,6,0,0,8,1,0
1029,9.62,131.8,4,28106.0,0.3437,0.9759,0.3522,1.0,4.0,4.0,0.0,0.0,3194.0,1.63,4,3,18,2,25,6,0,0,8,1,0
959,27.12,122.99,3,28070.0,0.7313,0.9747,0.7503,1.0,2.0,2.0,0.0,0.0,3194.0,1.85,4,3,0,3,25,6,0,1,8,1,0
1040,38.14,130.0,5,28800.0,1.0,1.0,1.0,1.0,5.0,5.0,0.0,0.0,3194.0,2.13,4,3,6,3,25,6,0,0,8,1,0
1028,20.18,128.5,2,28800.0,0.6436,1.0,0.6436,1.0,2.0,2.0,0.0,0.0,3194.0,2.54,4,3,16,3,25,6,0,0,8,1,1
985,29.97,123.12,2,28800.0,0.9912,1.0,0.9912,1.0,2.0,2.0,0.0,0.0,3194.0,2.79,3,3,22,3,25,6,0,1,8,1,1
1050,17.96,139.17,6,27162.0,0.4962,0.9431,0.5261,1.0,6.0,6.0,0.0,0.0,3267.73,3.4,3,3,13,4,25,6,0,0,8,1,0
992,27.81,131.92,4,27070.0,0.7981,0.9399,0.8491,1.0,4.0,4.0,0.0,0.0,3267.73,3.61,3,3,18,4,25,6,0,0,8,1,0
998,33.31,134.64,2,26684.0,0.8836,0.9265,0.9537,1.0,2.0,2.0,0.0,0.0,3267.73,3.78,3,3,22,4,25,6,0,1,8,1,0
1050,18.55,131.25,3,28800.0,0.5243,1.0,0.5243,1.0,3.0,3.0,0.0,0.0,3267.73,4.32,3,3,11,5,25,6,1,0,8,1,0
848,38.16,106.0,3,28800.0,0.9042,1.0,0.9042,1.0,3.0,3.0,0.0,0.0,3267.73,4.63,3,3,18,5,25,6,1,0,8,1,0
896,27.16,112.0,3,28800.0,0.6484,1.0,0.6484,1.0,4.0,4.0,0.0,0.0,3267.73,5.08,2,3,5,6,25,6,1,1,8,1,0
1050,9.92,131.25,1,28800.0,0.153,1.0,0.3059,1.0,2.0,1.0,0.0,0.0,3267.73,5.3,2,3,10,6,25,6,1,0,8,1,0
1050,11.2,131.25,6,28800.0,0.3679,1.0,0.3679,1.0,6.0,6.0,0.0,0.0,3267.73,5.48,2,3,15,6,25,6,1,0,8,1,0
1050,30.41,131.25,4,28800.0,0.848,1.0,0.848,1.0,4.0,4.0,0.0,0.0,3267.73,6.06,2,3,5,0,26,6,0,1,8,1,0
1050,16.72,141.39,2,26734.0,0.4598,0.9283,0.4953,1.0,2.0,2.0,0.0,0.0,3267.73,6.27,2,3,10,0,26,6,0,0,8,1,0
1050,10.07,135.36,2,27926.0,0.3504,0.9697,0.3613,1.0,2.0,2.0,0.0,0.0,3361.11,6.75,2,3,21,0,26,6,0,0,8,1,0
939,14.95,126.19,4,26789.0,0.3629,0.9302,0.3901,1.0,1.0,1.0,0.0,0.0,3361.11,7.07,2,3,5,1,26,6,0,1,8,1,0
1050,34.9,131.25,2,28800.0,1.0,1.0,1.0,1.0,2.0,2.0,0.0,0.0,3361.11,7.34,2,3,11,1,26,6,0,0,8,1,0
966,15.94,120.75,6,28800.0,0.4334,1.0,0.4334,1.0,6.0,6.0,0.0,0.0,3361.11,7.46,2,3,14,1,26,6,0,0,8,1,0
1050,30.57,131.25,1,28800.0,1.0,1.0,1.0,1.0,8.0,8.0,0.0,0.0,3361.11,7.99,2,3,3,2,26,6,0,1,8,1,0
975,26.26,121.88,6,28800.0,0.7702,1.0,0.7702,1.0,6.0,6.0,0.0,0.0,3361.11,8.17,1,3,7,2,26,6,0,0,8,1,0
940,25.08,117.5,4,28800.0,0.6652,1.0,0.6652,1.0,4.0,4.0,0.0,0.0,3361.11,8.53,1,3,16,2,26,6,0,0,8,1,0
1050,27.02,131.25,8,28800.0,0.8484,1.0,0.8484,1.0,2.0,2.0,0.0,0.0,3361.11,9.06,1,3,5,3,26,6,0,1,8,1,0
1050,42.85,131.25,3,28800.0,0.75,1.0,1.0,1.0,4.0,3.0,0.0,0.0,3361.11,9.42,1,3,13,3,26,6,0,0,8,1,0
1018,42.68,127.25,6,28800.0,1.0,1.0,1.0,1.0,6.0,6.0,0.0,0.0,3361.11,9.56,1,3,17,3,26,6,0,0,8,1,0
1050,37.02,131.25,2,28800.0,1.0,1.0,1.0,1.0,2.0,2.0,0.0,0.0,3361.11,10.0,1,3,3,4,26,6,0,1,8,1,0
1022,31.61,133.3,4,27600.0,0.7035,0.9583,0.9176,1.0,5.0,4.0,0.0,0.0,3456.78,0.02,0,4,12,4,26,6,0,0,8,1,0
1050,37.81,135.14,5,27971.0,0.9712,0.9712,1.0,1.0,5.0,5.0,0.0,0.0,3456.78,0.22,0,4,17,4,26,6,0,0,8,1,0
1050,17.43,134.67,2,28068.0,0.5436,0.9746,0.5578,1.0,4.0,4.0,0.0,0.0,3456.78,0.7,0,4,4,5,26,6,1,1,8,1,0
880,14.61,110.0,2,28800.0,0.3697,1.0,0.3697,1.0,2.0,2.0,0.0,0.0,3456.78,0.83,0,4,7,5,26,6,1,0,8,1,0
779,20.08,97.38,4,28800.0,0.4055,1.0,0.5069,1.0,5.0,4.0,0.0,0.0,3456.78,1.21,0,4,17,5,26,6,1,0,8,1,0
928,22.01,116.0,4,28800.0,0.6003,1.0,0.6003,1.0,4.0,4.0,0.0,0.0,3456.78,1.44,0,4,22,5,26,6,1,1,8,1,0
1029,22.71,128.62,4,28800.0,0.7646,1.0,0.7646,1.0,4.0,4.0,0.0,0.0,3456.78,1.77,0,4,6,6,26,6,1,0,8,1,0
951,19.16,118.88,2,28800.0,0.5297,1.0,0.5297,1.0,2.0,2.0,0.0,0.0,3456.78,2.1,0,4,14,6,26,6,1,0,8,1,0
832,47.73,104.0,4,28800.0,1.0,1.0,1.0,1.0,3.0,3.0,0.0,0.0,3456.78,2.53,0,3,0,0,27,6,0,1,8,1,0
942,16.82,117.75,4,28800.0,0.4962,1.0,0.4962,1.0,4.0,4.0,0.0,0.0,3456.78,2.96,0,3,11,0,27,6,0,0,8,1,0
1003,13.84,125.38,3,28800.0,0.3601,1.0,0.3601,1.0,3.0,3.0,0.0,0.0,3456.78,3.23,0,3,17,0,27,6,0,0,8,1,0
992,15.39,124.0,3,28800.0,0.4399,1.0,0.4399,1.0,1.0,1.0,0.0,0.0,3456.78,3.68,0,3,4,1,27,6,0,1,8,1,0
1050,24.06,149.53,5,25715.625,0.8192,0.8929374999999999,0.9333,1.0,5.0,5.0,0.0,0.0,3456.78,3.99,0,4,11,1,27,6,0,0,8,1,1
1022,21.34,173.66124,3,25715.625,0.6692,0.8929374999999999,1.0,1.0,3.0,3.0,0.0,0.0,3458.78,0.14,0,5,16,1,27,6,0,0,8,1,1
733,14.32,115.09,1,25715.625,0.2782,0.8929374999999999,0.3494,1.0,6.0,6.0,0.0,0.0,3469.66,0.35,0,5,3,2,27,7,0,1,8,1,1
1011,27.42,173.66124,5,25715.625,0.706,0.8929374999999999,1.0,1.0,5.0,5.0,0.0,0.0,3472.83,0.68,1,5,11,2,27,7,0,0,8,1,0
869,24.35,127.99,5,25715.625,0.5772,0.8929374999999999,0.6801,1.0,5.0,5.0,0.0,0.0,3503.2,0.01,1,6,16,2,27,7,0,0,8,1,0
966,24.48,142.48,6,25715.625,0.7597,0.8929374999999999,0.8964,1.0,6.0,5.0,0.0,0.0,3503.2,0.57,1,6,5,3,27,7,0,1,8,1,0
757,26.75,116.78,6,25715.625,0.5528,0.8929374999999999,0.6822,1.0,6.0,6.0,0.0,0.0,3503.2,0.75,1,6,10,3,27,7,0,0,8,1,0
912,10.46,148.4,4,25715.625,0.2298,0.8929374999999999,0.3739,1.0,5.0,4.0,0.0,0.0,3503.2,0.96,1,6,15,3,27,7,0,0,8,1,0
822,35.11,143.99,5,25715.625,0.5946,0.8929374999999999,1.0,1.0,6.0,6.0,0.0,0.0,3503.2,1.45,1,7,2,4,27,7,0,1,8,1,0
834,33.77,104.25,3,28800.0,0.8105,1.0,0.8105,1.0,3.0,3.0,0.0,0.0,3544.08,0.39,1,7,12,4,27,7,0,0,8,1,0
1033,24.66,129.12,5,28800.0,0.7392,1.0,0.7392,1.0,5.0,5.0,0.0,0.0,3544.08,0.61,1,7,17,4,27,7,0,0,8,1,0
1050,35.23,131.25,6,28800.0,0.9993,1.0,0.9993,1.0,2.0,2.0,0.0,0.0,3544.08,0.92,1,7,1,5,27,7,1,1,8,1,0
984,17.69,144.25,4,25715.625,0.4711,0.8929374999999999,0.5525,1.0,4.0,4.0,0.0,0.0,3544.08,1.23,1,7,8,5,27,7,1,0,8,1,2
909,43.08,123.94,4,26404.0,0.9168,0.9168,1.0,1.0,4.0,4.0,0.0,0.0,3544.08,1.75,1,7,21,5,27,7,1,0,8,1,2
1024,16.04,147.88,2,25715.625,0.5135,0.8929374999999999,0.5932,1.0,2.0,2.0,0.0,0.0,3551.88,0.05,1,7,23,5,27,7,1,1,8,1,2
1050,41.82,131.25,5,28800.0,1.0,1.0,1.0,1.0,5.0,5.0,0.0,0.0,3551.88,0.44,2,7,9,6,27,7,1,0,8,1,0
876,41.86,109.5,5,28800.0,0.8333,1.0,1.0,1.0,6.0,5.0,0.0,0.0,3585.7,0.91,2,7,20,6,27,7,1,0,8,1,0
1050,11.52,131.25,6,28800.0,0.4054,1.0,0.4054,1.0,4.0,4.0,0.0,0.0,3585.7,1.07,2,7,0,0,28,7,0,1,8,1,1
1047,25.94,144.11,2,26155.0,0.9082,0.9082,1.0,1.0,2.0,2.0,0.0,0.0,3585.7,1.55,2,7,11,0,28,7,0,0,8,1,1
991,14.9,145.11,5,25715.625,0.4153,0.8929374999999999,0.4865,1.0,5.0,5.0,0.0,0.0,3585.7,1.74,2,7,16,0,28,7,0,0,8,1,1
1049,36.77,153.56,4,25715.625,0.8539,0.8929374999999999,1.0,1.0,2.0,2.0,0.0,0.0,3585.7,2.07,3,7,0,1,28,7,0,1,8,1,0
965,44.02,120.62,6,28800.0,1.0,1.0,1.0,1.0,6.0,6.0,0.0,0.0,3622.38,2.47,3,7,10,1,28,7,0,0,8,1,0
948,39.57,118.5,4,28800.0,1.0,1.0,1.0,1.0,4.0,4.0,0.0,0.0,3622.38,2.87,3,7,19,1,28,7,0,0,8,1,0
1050,41.03,131.25,2,28800.0,1.0,1.0,1.0,1.0,2.0,2.0,0.0,0.0,3622.38,3.24,3,7,4,2,28,7,0,1,8,1,0
949,32.13,149.36,5,25715.625,0.7942,0.8929374999999999,1.0,1.0,5.0,5.0,0.0,0.0,3622.38,3.51,2,7,11,2,28,7,0,0,8,1,0
892,22.75,133.53,4,25715.625,0.5302,0.8929374999999999,0.635,1.0,4.0,4.0,0.0,0.0,3622.38,3.79,2,8,17,2,28,7,0,0,8,1,0
996,38.28,165.25,2,25715.625,0.7534,0.8929374999999999,1.0,1.0,3.0,3.0,0.0,0.0,3688.47,0.39,2,8,4,3,28,7,0,1,8,1,0
1050,51.62,131.25,3,28800.0,1.0,1.0,1.0,1.0,3.0,3.0,0.0,0.0,3688.47,0.59,2,8,9,3,28,7,0,0,8,1,0
916,43.41,114.5,4,28800.0,1.0,1.0,1.0,1.0,4.0,4.0,0.0,0.0,3688.47,0.93,2,8,17,3,28,7,0,0,8,1,0
1050,39.13,131.25,3,28800.0,1.0,1.0,1.0,1.0,4.0,4.0,0.0,0.0,3688.47,1.27,2,8,1,4,28,7,0,1,8,1,0
1050,25.51,131.25,3,28800.0,0.7828,1.0,0.7828,1.0,3.0,3.0,0.0,0.0,3688.47,1.64,2,8,10,4,28,7,0,0,8,1,0
951,42.66,118.88,2,28800.0,1.0,1.0,1.0,1.0,2.0,2.0,0.0,0.0,3688.47,1.8,2,8,14,4,28,7,0,0,8,1,0
961,30.29,120.12,4,28800.0,0.8475,1.0,0.8475,1.0,1.0,1.0,0.0,0.0,3688.47,2.37,2,8,4,5,28,7,1,1,8,1,0
760,14.24,96.79,2,28266.0,0.2919,0.9815,0.2974,1.0,2.0,2.0,0.0,0.0,3688.47,2.52,2,8,7,5,28,7,1,0,8,1,0
960,44.14,122.3,2,28258.0,0.9812,0.9812,1.0,1.0,2.0,2.0,0.0,0.0,3725.74,0.2,2,9,18,5,28,7,1,0,8,1,0
1050,40.33,133.19,1,28381.0,0.9855,0.9855,1.0,1.0,1.0,1.0,0.0,0.0,3725.74,0.4,2,9,23,5,28,7,1,1,8,1,0
828,44.04,103.5,3,28800.0,1.0,1.0,1.0,1.0,3.0,3.0,0.0,0.0,3725.74,0.81,1,9,9,6,28,7,1,0,8,1,3
810,46.99,101.25,5,28800.0,1.0,1.0,1.0,1.0,5.0,5.0,0.0,0.0,3725.74,1.2,1,9,18,6,28,7,1,0,8,1,3
1050,46.18,150.71,3,25715.625,0.5225,0.8929374999999999,1.0,1.0,5.0,3.0,0.0,0.0,3769.52,1.7,2,9,7,0,29,7,0,0,8,1,0
870,36.63,119.34,3,26244.0,0.6628,0.9113,0.9697,1.0,4.0,3.0,0.0,0.0,3769.52,2.32,2,9,21,0,29,7,0,0,8,1,0
833,26.37,111.2,2,26968.0,0.4883,0.9364,0.7821,1.0,5.0,5.0,0.0,0.0,3769.52,2.57,1,9,3,1,29,7,0,1,8,1,0
969,10.72,121.12,5,28800.0,0.3469,1.0,0.3469,1.0,5.0,5.0,0.0,0.0,3769.52,2.83,1,9,10,1,29,7,0,0,8,1,3
1050,34.5,131.25,2,28800.0,1.0,1.0,1.0,1.0,2.0,2.0,0.0,0.0,3769.52,3.2,1,9,18,1,29,7,0,0,8,1,3
850,44.35,106.25,5,28800.0,0.9976,1.0,0.9976,1.0,5.0,5.0,0.0,0.0,3769.52,3.38,1,9,23,1,29,7,0,1,8,1,3
1050,27.91,132.72,2,28482.0,0.8729,0.989,0.8826,1.0,2.0,2.0,0.0,0.0,3836.76,3.8,2,10,9,2,29,7,0,0,8,1,0
1050,14.41,133.74,3,28264.0,0.327,0.9814,0.4443,1.0,4.0,3.0,0.0,0.0,3836.76,4.03,2,10,14,2,29,7,0,0,8,1,0
978,32.37,123.68,5,28467.0,0.8187,0.9884,0.8283,1.0,3.0,3.0,0.0,0.0,3836.76,4.47,2,9,1,3,29,7,0,1,8,1,0
905,31.32,113.12,5,28800.0,0.7532,1.0,0.7532,1.0,5.0,5.0,0.0,0.0,3836.76,4.9,2,9,11,3,29,7,0,0,8,1,0
1021,40.19,127.62,5,28800.0,1.0,1.0,1.0,1.0,5.0,5.0,0.0,0.0,3836.76,5.24,2,9,19,3,29,7,0,0,8,1,0
780,11.03,97.5,3,28800.0,0.2914,1.0,0.2914,1.0,3.0,3.0,0.0,0.0,3836.76,5.33,2,9,22,3,29,7,0,1,8,1,0
1000,41.8,125.0,3,28800.0,1.0,1.0,1.0,1.0,3.0,3.0,0.0,0.0,3836.76,5.89,2,9,11,4,29,7,0,0,8,1,3
1035,30.06,129.38,2,28800.0,0.9358,1.0,0.9358,1.0,2.0,2.0,0.0,0.0,3836.76,6.19,2,9,18,4,29,7,0,0,8,1,3
975,23.3,121.88,5,28800.0,0.7543,1.0,0.7543,1.0,2.0,2.0,0.0,0.0,3836.76,6.6,3,9,4,5,29,7,1,1,8,1,0
978,41.44,122.25,3,28800.0,1.0,1.0,1.0,1.0,3.0,3.0,0.0,0.0,3868.68,6.98,3,9,13,5,29,7,1,0,8,1,0
1050,19.82,131.25,2,28800.0,0.5461,1.0,0.5461,1.0,2.0,2.0,0.0,0.0,3868.68,7.59,3,9,4,6,29,7,1,1,8,1,0
878,36.38,115.27,4,27421.0,0.8436,0.9521,0.886,1.0,4.0,4.0,0.0,0.0,3969.63,8.17,3,9,18,6,29,7,1,0,8,1,0
1050,38.91,138.01,2,27390.0,0.951,0.951,1.0,1.0,4.0,4.0,0.0,0.0,3969.63,8.55,3,9,3,0,30,7,0,1,8,1,0
970,18.67,121.25,6,28800.0,0.5092,1.0,0.5092,1.0,6.0,6.0,0.0,0.0,3969.63,8.75,2,9,8,0,30,7,0,0,8,1,0
1050,26.32,131.25,5,28800.0,0.8513,1.0,0.8513,1.0,5.0,5.0,0.0,0.0,3969.63,9.25,2,9,20,0,30,7,0,0,8,1,0
1050,33.93,131.25,4,28800.0,1.0,1.0,1.0,1.0,3.0,3.0,0.0,0.0,3969.63,9.49,2,9,1,1,30,7,0,1,8,1,0
965,31.07,120.62,1,28800.0,0.5,1.0,1.0,1.0,2.0,1.0,0.0,0.0,3969.63,9.73,2,9,7,1,30,7,0,0,8,1,0
1050,34.77,131.25,6,28800.0,1.0,1.0,1.0,1.0,6.0,6.0,0.0,0.0,3969.63,10.15,2,9,17,1,30,7,0,0,8,1,0
890,24.56,111.25,3,28800.0,0.7222,1.0,0.7222,1.0,1.0,1.0,0.0,0.0,3969.63,10.41,2,9,0,2,30,7,0,1,8,1,0
1047,28.85,130.88,2,28800.0,0.802,1.0,0.802,1.0,2.0,2.0,0.0,0.0,3969.63,10.76,1,9,8,2,30,7,0,0,8,1,0
1034,46.36,129.25,2,28800.0,1.0,1.0,1.0,1.0,2.0,2.0,0.0,0.0,3969.63,11.29,1,9,21,2,30,7,0,0,8,1,1
1013,25.26,126.62,1,28800.0,0.7063,1.0,0.7063,1.0,8.0,8.0,0.0,0.0,3969.63,11.59,1,9,4,3,30,7,0,1,8,1,1
1050,33.08,141.32,6,26748.0,0.9287,0.9287,1.0,1.0,6.0,6.0,0.0,0.0,3969.63,11.72,1,9,7,3,30,7,0,0,8,1,1
874,24.77,115.78,3,27176.0,0.5742,0.9436,0.6085,1.0,3.0,3.0,0.0,0.0,3969.63,12.27,2,9,20,3,30,7,0,0,8,1,0
935,18.72,127.14,8,26474.0,0.572,0.9192,0.6223,1.0,3.0,3.0,0.0,0.0,4047.12,12.47,2,9,1,4,30,7,0,1,8,1,0
971,41.87,121.38,6,28800.0,1.0,1.0,1.0,1.0,6.0,6.0,0.0,0.0,4047.12,12.92,2,9,12,4,30,7,0,0,8,1,0
1019,16.72,127.38,6,28800.0,0.5403,1.0,0.5403,1.0,6.0,6.0,0.0,0.0,4047.12,13.19,2,9,18,4,30,7,0,0,8,1,0
1050,22.08,131.25,3,28800.0,0.646,1.0,0.646,1.0,3.0,3.0,0.0,0.0,4047.12,13.4,2,9,23,4,30,7,0,1,8,1,0
1050,23.5,131.25,5,28800.0,0.6767,1.0,0.6767,1.0,5.0,5.0,0.0,0.0,4047.12,13.79,1,9,9,5,30,7,1,0,8,1,0
1050,14.04,131.25,5,28800.0,0.3963,1.0,0.3963,1.0,5.0,5.0,0.0,0.0,4047.12,14.13,1,9,17,5,30,7,1,0,8,1,0
920,39.9,115.0,3,28800.0,0.981,1.0,0.981,1.0,3.0,3.0,0.0,0.0,4047.12,14.4,1,9,23,5,30,7,1,1,8,1,0
1050,14.17,131.25,4,28800.0,0.4929,1.0,0.4929,1.0,4.0,4.0,0.0,0.0,4047.12,14.92,1,8,12,6,30,7,1,0,8,1,0
1050,36.59,131.25,3,28800.0,1.0,1.0,1.0,1.0,3.0,3.0,0.0,0.0,4047.12,15.23,1,8,19,6,30,7,1,0,8,1,0
1050,13.56,131.25,4,28800.0,0.4692,1.0,0.4692,1.0,5.0,5.0,0.0,0.0,4047.12,15.41,1,8,0,0,31,7,0,1,8,1,0
973,24.36,133.57,2,26225.0,0.771,0.9106,0.8467,1.0,2.0,2.0,0.0,0.0,4047.12,15.71,1,9,7,0,31,7,0,0,8,1,0
1039,35.76,155.99,2,25715.625,0.5551,0.8929374999999999,1.0,1.0,3.0,2.0,0.0,0.0,4125.94,0.49,1,9,19,0,31,7,0,0,8,1,0
1050,12.73,172.16,5,25715.625,0.4175,0.8929374999999999,0.5476,1.0,1.0,1.0,0.0,0.0,4125.94,0.77,1,9,2,1,31,7,0,1,8,1,0
831,21.29,103.88,2,28800.0,0.5133,1.0,0.5133,1.0,2.0,2.0,0.0,0.0,4125.94,1.08,1,9,9,1,31,7,0,0,8,1,0
1013,38.03,126.62,5,28800.0,1.0,1.0,1.0,1.0,5.0,5.0,0.0,0.0,4125.94,1.48,1,9,19,1,31,7,0,0,8,1,0
1015,31.89,126.88,1,28800.0,1.0,1.0,1.0,1.0,3.0,2.0,0.0,0.0,4125.94,1.82,1,9,3,2,31,7,0,1,8,1,0
991,12.36,123.88,4,28800.0,0.3751,1.0,0.3751,1.0,4.0,4.0,0.0,0.0,4125.94,2.04,1,9,8,2,31,7,0,0,8,1,0
1050,26.08,131.25,2,28800.0,0.7656,1.0,0.7656,1.0,2.0,2.0,0.0,0.0,4125.94,2.35,1,9,16,2,31,7,0,0,8,1,0
1050,35.27,131.25,2,28800.0,0.6667,1.0,1.0,1.0,5.0,5.0,0.0,0.0,4125.94,2.69,1,9,0,3,31,7,0,1,8,1,0
862,42.93,132.89,2,25715.625,0.8108,0.8929374999999999,1.0,1.0,2.0,2.0,0.0,0.0,4125.94,3.11,1,9,10,3,31,7,0,0,8,1,0
1040,40.06,166.76,6,25715.625,0.7795,0.8929374999999999,1.0,1.0,6.0,6.0,0.0,0.0,4125.94,3.38,1,8,16,3,31,7,0,0,8,1,0
893,41.57,152.32,5,25715.625,0.7328,0.8929374999999999,1.0,1.0,2.0,2.0,0.0,0.0,4139.76,0.24,0,8,0,4,31,7,0,1,8,1,0
1042,16.52,158.49,3,25715.625,0.5152,0.8929374999999999,0.6269,1.0,3.0,3.0,0.0,0.0,4139.76,0.47,0,8,6,4,31,7,0,0,8,1,0
986,41.62,157.84,6,25715.625,0.7808,0.8929374999999999,1.0,1.0,6.0,6.0,0.0,0.0,4150.11,0.14,0,8,17,4,31,7,0,0,8,1,0
1050,16.16,173.66124,2,25715.625,0.4638,0.8929374999999999,0.6253,1.0,2.0,2.0,0.0,0.0,4150.11,0.39,0,8,23,4,31,7,0,1,8,1,0
976,23.92,122.0,5,28800.0,0.7578,1.0,0.7578,1.0,4.0,4.0,0.0,0.0,4150.11,1.59,0,7,3,6,31,8,1,1,8,1,0
1050,29.07,173.66124,4,25715.625,0.5834,0.8929374999999999,1.0,1.0,5.0,4.0,0.0,0.0,272.89,0.0,3,1,15,3,7,2,0,0,5,2,3
991,21.73,173.66124,2,25715.625,0.412,0.8929374999999999,0.9995,1.0,1.0,1.0,0.0,0.0,275.97,0.49,4,1,2,4,7,2,0,1,5,2,0
910,37.58,113.75,6,28800.0,1.0,1.0,1.0,1.0,6.0,6.0,0.0,0.0,275.97,0.69,4,2,7,4,7,2,0,0,5,2,0
1050,23.42,131.25,2,28800.0,0.8203,1.0,0.8203,1.0,2.0,2.0,0.0,0.0,363.96,1.12,3,2,17,4,7,2,0,0,5,2,0
952,46.39,119.0,1,28800.0,1.0,1.0,1.0,1.0,3.0,3.0,0.0,0.0,363.96,1.38,3,2,0,5,7,2,1,1,5,2,0
1050,17.53,131.25,5,28800.0,0.5487,1.0,0.5487,1.0,5.0,5.0,0.0,0.0,363.96,1.63,3,2,6,5,7,2,1,0,5,2,0
1038,38.29,129.75,3,28800.0,0.75,1.0,1.0,1.0,4.0,3.0,0.0,0.0,363.96,2.04,3,2,16,5,7,2,1,0,5,2,0
1029,18.78,128.62,3,28800.0,0.6635,1.0,0.6635,1.0,3.0,3.0,0.0,0.0,363.96,2.34,3,2,23,5,7,2,1,1,5,2,0
1050,15.59,131.25,5,28800.0,0.4241,1.0,0.509,1.0,6.0,5.0,0.0,0.0,363.96,2.63,3,2,6,6,7,2,1,0,5,2,0
1050,11.94,131.25,4,28800.0,0.3296,1.0,0.3296,1.0,4.0,4.0,0.0,0.0,363.96,3.02,3,2,15,6,7,2,1,0,5,2,0
1050,31.32,131.25,6,28800.0,0.834,1.0,0.9731,1.0,7.0,7.0,0.0,0.0,363.96,3.62,3,2,5,0,8,2,0,1,5,2,0
1050,44.33,131.25,3,28800.0,1.0,1.0,1.0,1.0,3.0,3.0,0.0,0.0,363.96,3.88,3,2,12,0,8,2,0,0,5,2,0
1050,49.82,131.25,3,28800.0,1.0,1.0,1.0,1.0,3.0,3.0,0.0,0.0,363.96,4.14,3,2,18,0,8,2,0,0,5,2,0
1050,32.79,131.25,7,28800.0,0.9085,1.0,0.9085,1.0,7.0,7.0,0.0,0.0,363.96,4.34,3,2,23,0,8,2,0,1,5,2,0
939,27.85,126.63,4,26695.0,0.8072,0.9269,0.8709,1.0,4.0,4.0,0.0,0.0,409.26,0.21,3,3,8,1,8,2,0,0,5,2,0
1050,19.63,144.1,3,26232.0,0.4987,0.9108,0.7301,1.0,4.0,3.0,0.0,0.0,409.26,0.76,3,3,21,1,8,2,0,0,5,2,0
1050,21.62,142.47,5,26532.0,0.6315,0.9213,0.6854,1.0,3.0,3.0,0.0,0.0,409.26,0.9,3,3,0,2,8,2,0,1,5,2,2
1009,26.0,126.12,5,28800.0,0.8237,1.0,0.8237,1.0,5.0,5.0,0.0,0.0,409.26,1.18,3,3,7,2,8,2,0,0,5,2,2
1048,38.76,131.0,3,28800.0,1.0,1.0,1.0,1.0,3.0,3.0,0.0,0.0,409.26,1.67,2,3,19,2,8,2,0,0,5,2,2
1017,35.37,127.12,3,28800.0,1.0,1.0,1.0,1.0,4.0,4.0,0.0,0.0,424.28,2.01,3,3,3,3,8,2,0,1,5,2,2
939,40.24,136.89,4,25715.625,0.8575,0.8929374999999999,1.0,1.0,4.0,4.0,0.0,0.0,424.28,2.21,3,3,8,3,8,2,0,0,5,2,2
1019,19.51,154.23,3,25715.625,0.5386,0.8929374999999999,0.6521,1.0,3.0,3.0,0.0,0.0,424.28,2.52,2,3,15,3,8,2,0,0,5,2,2
1007,26.14,142.34,4,25715.625,0.8633,0.8929374999999999,0.9762,1.0,5.0,5.0,0.0,0.0,497.76,2.97,2,3,2,4,8,2,0,1,5,2,0
1050,15.67,131.25,2,28800.0,0.5141,1.0,0.5141,1.0,2.0,2.0,0.0,0.0,497.76,3.28,2,3,10,4,8,2,0,0,5,2,0
1033,15.2,129.12,5,28800.0,0.353,1.0,0.4236,1.0,6.0,5.0,0.0,0.0,497.76,3.6,2,3,17,4,8,2,0,0,5,2,0
1050,20.5,131.25,5,28800.0,0.5819,1.0,0.5819,1.0,4.0,4.0,0.0,0.0,497.76,4.08,2,3,5,5,8,2,1,1,5,2,0
1050,41.58,131.25,4,28800.0,1.0,1.0,1.0,1.0,4.0,4.0,0.0,0.0,497.76,4.33,2,3,11,5,8,2,1,0,5,2,0
1050,20.95,131.25,5,28800.0,0.5702,1.0,0.5702,1.0,5.0,5.0,0.0,0.0,497.76,4.56,2,3,16,5,8,2,1,0,5,2,0
1050,11.54,131.25,4,28800.0,0.3981,1.0,0.3981,1.0,3.0,3.0,0.0,0.0,497.76,5.01,2,3,3,6,8,2,1,1,5,2,3
1050,22.98,151.93,3,25715.625,0.7361,0.8929374999999999,0.8521,1.0,3.0,3.0,0.0,0.0,497.76,5.18,2,3,7,6,8,2,1,0,5,2,3
1034,40.92,144.6,4,25742.0,0.8938,0.8938,1.0,1.0,4.0,4.0,0.0,0.0,497.76,5.55,2,3,16,6,8,2,1,0,5,2,3
940,17.64,140.88,3,25715.625,0.5092,0.8929374999999999,0.6105,1.0,5.0,5.0,0.0,0.0,556.76,5.97,4,3,2,0,9,2,0,1,5,2,0
760,18.97,95.0,6,28800.0,0.3892,1.0,0.3892,1.0,6.0,6.0,0.0,0.0,556.76,6.32,4,3,10,0,9,2,0,0,5,2,0
1040,25.75,130.0,2,28800.0,0.8002,1.0,0.8002,1.0,2.0,2.0,0.0,0.0,556.76,6.47,4,3,14,0,9,2,0,0,5,2,0
898,12.71,112.25,5,28800.0,0.3053,1.0,0.3053,1.0,3.0,2.0,0.0,0.0,556.76,6.94,4,3,1,1,9,2,0,1,5,2,0
987,31.47,123.38,5,28800.0,1.0,1.0,1.0,1.0,5.0,5.0,0.0,0.0,556.76,7.4,4,3,13,1,9,2,0,0,5,2,2
941,26.16,117.62,4,28800.0,0.844,1.0,0.844,1.0,4.0,4.0,0.0,0.0,556.76,7.61,4,3,17,1,9,2,0,0,5,2,2
869,27.86,108.62,2,28800.0,0.5112,1.0,0.7667,1.0,0.0,0.0,0.0,0.0,556.76,8.0,4,3,3,2,9,2,0,1,5,2,2
929,28.36,122.36,4,27333.0,0.8184,0.9491,0.8623,1.0,4.0,4.0,0.0,0.0,556.76,8.22,4,3,8,2,9,2,0,0,5,2,2
1008,24.8,140.79,3,25774.0,0.578,0.8949,0.8612,1.0,4.0,3.0,0.0,0.0,582.32,8.7,5,3,20,2,9,2,0,0,5,2,2
970,23.36,129.68,0,26927.0,0.749,0.935,0.8094,1.0,3.0,3.0,0.0,0.0,582.32,9.05,4,3,4,3,9,2,0,1,5,2,2
944,40.31,133.74,2,25715.625,0.8823,0.8929374999999999,1.0,1.0,2.0,2.0,0.0,0.0,582.32,9.18,4,3,7,3,9,2,0,0,5,2,2
955,25.52,126.42,2,27194.0,0.8008,0.9442,0.8481,1.0,2.0,2.0,0.0,0.0,638.93,9.59,5,3,17,3,9,2,0,0,5,2,0
911,23.87,123.13,3,26636.0,0.6947,0.9249,0.7511,1.0,6.0,6.0,0.0,0.0,638.93,9.87,4,3,0,4,9,2,0,1,5,2,0
1050,11.75,131.25,3,28800.0,0.2628,1.0,0.3504,1.0,4.0,3.0,0.0,0.0,638.93,10.16,4,3,7,4,9,2,0,0,5,2,0
934,21.39,116.75,6,28800.0,0.622,1.0,0.622,1.0,6.0,6.0,0.0,0.0,638.93,10.73,4,3,20,4,9,2,0,0,5,2,0
1050,42.82,131.25,6,28800.0,1.0,1.0,1.0,1.0,3.0,3.0,0.0,0.0,638.93,10.99,4,3,3,5,9,2,1,1,5,2,0
993,19.2,124.12,6,28800.0,0.492,1.0,0.492,1.0,6.0,6.0,0.0,0.0,638.93,11.28,4,3,10,5,9,2,1,0,5,2,2
1050,15.5,131.25,4,28800.0,0.5243,1.0,0.5243,1.0,4.0,4.0,0.0,0.0,638.93,11.7,4,3,20,5,9,2,1,0,5,2,2
1050,15.31,131.25,3,28800.0,0.4842,1.0,0.4842,1.0,3.0,3.0,0.0,0.0,638.93,11.78,4,3,22,5,9,2,1,1,5,2,2
842,14.68,154.73,4,25715.625,0.3243,0.8929374999999999,0.4767,1.0,4.0,4.0,0.0,0.0,642.2,0.21,5,4,8,6,9,3,1,0,5,2,0
885,34.99,129.81,1,25715.625,0.4261,0.8929374999999999,0.9999,1.0,2.0,1.0,0.0,0.0,686.41,0.27,4,5,21,6,9,3,1,0,5,2,0
952,30.51,144.95,5,25715.625,0.7553,0.8929374999999999,0.92,1.0,2.0,2.0,0.0,0.0,686.41,0.38,3,5,0,0,10,3,0,1,5,2,0
1037,17.19,129.62,5,28800.0,0.5984,1.0,0.5984,1.0,5.0,5.0,0.0,0.0,686.41,0.89,3,5,12,0,10,3,0,0,5,2,0
954,32.18,119.25,2,28800.0,0.8059,1.0,0.8059,1.0,2.0,2.0,0.0,0.0,686.41,1.1,3,5,17,0,10,3,0,0,5,2,0
863,9.26,107.88,2,28800.0,0.2535,1.0,0.2535,1.0,4.0,4.0,0.0,0.0,686.41,1.58,3,5,4,1,10,3,0,1,5,2,0
1050,14.16,137.51,5,27489.0,0.3912,0.9545,0.4099,1.0,5.0,5.0,0.0,0.0,711.26,0.05,3,6,10,1,10,3,0,0,5,2,3
953,12.3,134.24,5,25715.625,0.3719,0.8929374999999999,0.4191,1.0,5.0,5.0,0.0,0.0,711.26,0.46,3,6,20,1,10,3,0,0,5,2,3
986,34.25,132.53,4,26784.0,0.93,0.93,1.0,1.0,3.0,3.0,0.0,0.0,711.26,0.8,3,6,4,2,10,3,0,1,5,2,3
1050,33.68,167.12,6,25715.625,0.7854,0.8929374999999999,1.0,1.0,6.0,6.0,0.0,0.0,711.26,0.95,3,6,8,2,10,3,0,0,5,2,3
988,31.74,155.99,1,25715.625,0.3958,0.8929374999999999,1.0,1.0,2.0,1.0,0.0,0.0,741.91,1.4,3,6,19,2,10,3,0,0,5,2,0
998,46.22,144.35,3,25715.625,0.8642,0.8929374999999999,1.0,1.0,3.0,3.0,0.0,0.0,741.91,1.56,3,6,23,2,10,3,0,1,5,2,0
930,39.54,142.49,4,25715.625,0.8159,0.8929374999999999,1.0,1.0,4.0,4.0,0.0,0.0,741.91,2.17,2,6,13,3,10,3,0,0,5,2,0
969,18.98,148.92,5,25715.625,0.5091,0.8929374999999999,0.7512,1.0,6.0,5.0,0.0,0.0,741.91,2.31,2,6,17,3,10,3,0,0,5,2,0
917,17.75,127.22,3,25948.0,0.5407,0.901,0.6001,1.0,3.0,3.0,0.0,0.0,741.91,2.55,2,7,22,3,10,3,0,1,5,2,0
1050,9.88,131.25,3,28800.0,0.3299,1.0,0.3299,1.0,3.0,3.0,0.0,0.0,772.97,0.33,2,7,8,4,10,3,0,0,5,2,1
1050,50.25,131.25,3,28800.0,1.0,1.0,1.0,1.0,3.0,3.0,0.0,0.0,772.97,0.61,2,7,15,4,10,3,0,0,5,2,1
1027,53.38,128.38,4,28800.0,1.0,1.0,1.0,1.0,6.0,6.0,0.0,0.0,772.97,0.98,2,7,0,5,10,3,1,1,5,2,1
932,42.9,125.51,5,26733.0,0.9282,0.9282,1.0,1.0,5.0,5.0,0.0,0.0,800.7,1.53,3,7,13,5,10,3,1,0,5,2,2
1050,41.17,136.82,5,27627.0,0.9593,0.9593,1.0,1.0,5.0,5.0,0.0,0.0,800.7,1.56,3,7,14,5,10,3,1,0,5,2,2
1030,12.25,138.36,6,26800.0,0.392,0.9306,0.4212,1.0,4.0,4.0,0.0,0.0,800.7,1.98,3,7,0,6,10,3,1,1,5,2,2
932,37.79,126.79,6,26463.0,0.9189,0.9189,1.0,1.0,6.0,6.0,0.0,0.0,800.7,2.31,2,7,8,6,10,3,1,0,5,2,2
1050,31.89,141.75,5,26666.0,0.9259,0.9259,1.0,1.0,5.0,5.0,0.0,0.0,847.55,2.68,3,7,16,6,10,3,1,0,5,2,0
1047,40.46,139.28,4,27063.0,0.9397,0.9397,1.0,1.0,3.0,3.0,0.0,0.0,847.55,3.06,3,7,2,0,11,3,0,1,5,2,0
880,29.09,110.0,4,28800.0,0.7721,1.0,0.7721,1.0,4.0,4.0,0.0,0.0,847.55,3.26,3,7,6,0,11,3,0,0,5,2,0
1050,38.85,131.25,2,28800.0,1.0,1.0,1.0,1.0,2.0,2.0,0.0,0.0,847.55,3.82,3,7,20,0,11,3,0,0,5,2,0
1036,9.01,129.5,3,28800.0,0.2957,1.0,0.2957,1.0,4.0,4.0,0.0,0.0,847.55,4.21,3,7,5,1,11,3,0,1,5,2,0
1016,28.21,145.62,3,25715.625,0.8721,0.8929374999999999,1.0,1.0,3.0,3.0,0.0,0.0,847.55,4.43,3,7,11,1,11,3,0,0,5,2,0
1009,12.02,142.0,3,25715.625,0.3493,0.8929374999999999,0.3933,1.0,3.0,3.0,0.0,0.0,854.17,0.0,3,8,15,1,11,3,0,0,5,2,0
1005,37.54,150.25,4,25715.625,0.8361,0.8929374999999999,1.0,1.0,5.0,4.0,0.0,0.0,879.67,0.21,3,9,3,2,11,3,0,1,5,2,3
967,26.87,120.88,3,28800.0,0.9005,1.0,0.9005,1.0,3.0,3.0,0.0,0.0,879.67,0.58,2,9,12,2,11,3,0,0,5,2,3
1050,12.9,131.25,4,28800.0,0.3544,1.0,0.3544,1.0,4.0,4.0,0.0,0.0,879.67,0.79,2,9,18,2,11,3,0,0,5,2,3
987,11.13,123.38,4,28800.0,0.2443,1.0,0.3054,1.0,5.0,4.0,0.0,0.0,879.67,1.03,2,9,23,2,11,3,0,1,5,2,3
912,23.76,117.62,2,27914.0,0.6087,0.9692,0.628,1.0,2.0,2.0,0.0,0.0,977.47,1.31,3,9,6,3,11,3,0,0,5,2,0
1050,18.43,135.06,3,27987.0,0.6337,0.9718,0.6521,1.0,3.0,3.0,0.0,0.0,977.47,1.85,3,9,19,3,11,3,0,0,5,2,0
1050,39.98,135.54,3,27888.0,0.7262,0.9683,1.0,1.0,5.0,5.0,0.0,0.0,977.47,2.2,3,9,3,4,11,3,0,1,5,2,0
1050,40.78,131.25,2,28800.0,1.0,1.0,1.0,1.0,2.0,2.0,0.0,0.0,977.47,2.61,3,9,13,4,11,3,0,0,5,2,0
1050,36.84,131.25,4,28800.0,1.0,1.0,1.0,1.0,4.0,4.0,0.0,0.0,977.47,2.94,3,9,21,4,11,3,0,0,5,2,0
1050,33.75,131.25,5,28800.0,0.9629,1.0,0.9629,1.0,4.0,3.0,0.0,0.0,977.47,3.12,3,9,1,5,11,3,1,1,5,2,0
985,31.45,123.12,3,28800.0,1.0,1.0,1.0,1.0,3.0,3.0,0.0,0.0,977.47,3.6,2,9,13,5,11,3,1,0,5,2,0
957,48.79,119.62,5,28800.0,1.0,1.0,1.0,1.0,5.0,5.0,0.0,0.0,977.47,3.79,2,8,17,5,11,3,1,0,5,2,0
975,24.62,121.88,3,28800.0,0.5652,1.0,0.7536,1.0,4.0,3.0,0.0,0.0,977.47,4.01,2,8,23,5,11,3,1,1,5,2,0
936,18.55,117.0,5,28800.0,0.5115,1.0,0.5115,1.0,5.0,5.0,0.0,0.0,977.47,4.34,2,7,7,6,11,3,1,0,5,2,1
1042,31.07,130.25,2,28800.0,0.9932,1.0,0.9932,1.0,2.0,2.0,0.0,0.0,977.47,4.86,1,7,19,6,11,3,1,0,5,2,1
934,27.03,116.75,2,28800.0,0.6522,1.0,0.6522,1.0,2.0,2.0,0.0,0.0,977.47,5.0,1,7,22,6,11,3,1,1,5,2,1
1050,22.85,169.52,4,25715.625,0.7742,0.8929374999999999,1.0,1.0,4.0,4.0,0.0,0.0,984.97,5.6,3,7,13,0,12,3,0,0,5,2,0
910,27.56,124.7,3,26272.0,0.6538,0.9122,0.7167,1.0,3.0,3.0,0.0,0.0,984.97,5.63,3,7,14,0,12,3,0,0,5,2,0
921,47.91,147.17,4,25715.625,0.7823,0.8929374999999999,1.0,1.0,4.0,4.0,0.0,0.0,1015.53,6.01,3,7,23,0,12,3,0,1,5,2,0
1045,37.85,132.94,4,28298.0,0.9826,0.9826,1.0,1.0,4.0,4.0,0.0,0.0,1015.53,6.59,3,7,13,1,12,3,0,0,5,2,0
916,33.25,120.36,6,27397.0,0.9446,0.9513,0.993,1.0,6.0,6.0,0.0,0.0,1015.53,6.85,3,7,19,1,12,3,0,0,5,2,0
1050,44.56,134.16,5,28176.0,0.9783,0.9783,1.0,1.0,6.0,6.0,0.0,0.0,1032.81,7.19,4,7,3,2,12,3,0,1,5,2,0
969,32.09,121.12,5,28800.0,0.859,1.0,0.859,1.0,5.0,5.0,0.0,0.0,1032.81,7.42,4,7,9,2,12,3,0,0,5,2,0
1050,17.0,131.25,5,28800.0,0.5053,1.0,0.5053,1.0,5.0,5.0,0.0,0.0,1032.81,7.95,4,8,21,2,12,3,0,0,5,2,0
1050,41.34,131.25,6,28800.0,1.0,1.0,1.0,1.0,6.0,6.0,0.0,0.0,1163.59,8.13,3,7,2,3,12,3,0,1,5,2,0
999,24.63,124.88,2,28800.0,0.6885,1.0,0.6885,1.0,2.0,2.0,0.0,0.0,1163.59,8.47,3,7,10,3,12,3,0,0,5,2,0
991,24.98,123.88,2,28800.0,0.4644,1.0,0.6965,1.0,3.0,2.0,0.0,0.0,1163.59,8.84,3,7,19,3,12,3,0,0,5,2,0
921,35.68,115.12,6,28800.0,0.8609,1.0,0.8609,1.0,2.0,2.0,0.0,0.0,1163.59,9.22,3,7,4,4,12,3,0,1,5,2,0
1050,24.33,131.25,6,28800.0,0.7492,1.0,0.7492,1.0,6.0,6.0,0.0,0.0,1163.59,9.46,3,7,10,4,12,3,0,0,5,2,0
881,35.89,110.12,4,28800.0,1.0,1.0,1.0,1.0,4.0,4.0,0.0,0.0,1163.59,9.93,3,7,21,4,12,3,0,0,5,2,0
1048,23.62,131.0,2,28800.0,0.7929,1.0,0.7929,1.0,4.0,4.0,0.0,0.0,1163.59,10.26,3,7,5,5,12,3,1,1,5,2,0
994,45.12,124.25,5,28800.0,1.0,1.0,1.0,1.0,5.0,5.0,0.0,0.0,1163.59,10.54,3,7,11,5,12,3,1,0,5,2,0
1017,22.44,127.12,4,28800.0,0.6988,1.0,0.6988,1.0,4.0,4.0,0.0,0.0,1163.59,10.82,3,7,18,5,12,3,1,0,5,2,0
1050,20.17,131.25,4,28800.0,0.5472,1.0,0.5472,1.0,1.0,1.0,0.0,0.0,1163.59,11.28,3,7,5,6,12,3,1,1,5,2,0
944,40.66,118.0,3,28800.0,1.0,1.0,1.0,1.0,3.0,3.0,0.0,0.0,1163.59,11.51,3,7,11,6,12,3,1,0,5,2,0
853,41.94,106.62,3,28800.0,0.9383,1.0,0.9383,1.0,3.0,3.0,0.0,0.0,1163.59,11.69,3,7,15,6,12,3,1,0,5,2,0
1050,42.62,131.25,1,28800.0,1.0,1.0,1.0,1.0,4.0,4.0,0.0,0.0,1163.59,12.12,3,7,1,0,13,3,0,1,5,2,0
980,41.45,122.5,4,28800.0,1.0,1.0,1.0,1.0,4.0,4.0,0.0,0.0,1163.59,12.34,2,7,7,0,13,3,0,0,5,2,0
898,13.09,112.25,2,28800.0,0.3891,1.0,0.3891,1.0,2.0,2.0,0.0,0.0,1163.59,12.91,1,7,20,0,13,3,0,0,5,2,3
832,21.98,134.53,2,25715.625,0.5888,0.8929374999999999,0.7616,1.0,2.0,2.0,0.0,0.0,1163.59,13.36,1,7,7,1,13,3,0,0,5,2,3
1050,31.51,166.24,5,25715.625,0.7895,0.8929374999999999,1.0,1.0,5.0,5.0,0.0,0.0,1192.99,13.65,2,7,14,1,13,3,0,0,5,2,0
915,17.44,126.96,3,25945.0,0.4141,0.9009,0.6129,1.0,3.0,2.0,0.0,0.0,1192.99,14.08,1,7,0,2,13,3,0,1,5,2,0
1050,28.49,145.32,4,26012.0,0.8032,0.9032,0.8893,1.0,4.0,4.0,0.0,0.0,1192.99,14.58,1,7,12,2,13,3,0,0,5,2,0
1050,22.61,155.24,6,25715.625,0.6891,0.8929374999999999,0.815,1.0,6.0,6.0,0.0,0.0,1192.99,14.7,1,7,15,2,13,3,0,0,5,2,0
1024,11.28,148.63,2,25715.625,0.2534,0.8929374999999999,0.4414,1.0,4.0,4.0,0.0,0.0,1196.48,0.1,1,8,0,3,13,3,0,1,5,2,0
1027,41.93,133.96,6,27599.0,0.9583,0.9583,1.0,1.0,6.0,6.0,0.0,0.0,1216.48,0.63,1,8,12,3,13,3,0,0,5,2,3
896,43.99,114.76,3,28108.0,0.976,0.976,1.0,1.0,3.0,3.0,0.0,0.0,1216.48,0.94,1,8,20,3,13,3,0,0,5,2,3
956,12.83,125.94,4,27328.0,0.388,0.9489,0.4089,1.0,6.0,6.0,0.0,0.0,1227.63,1.14,1,9,1,4,13,3,0,1,5,2,3
1050,18.45,136.64,6,27664.0,0.517,0.9606,0.5382,1.0,6.0,6.0,0.0,0.0,1227.63,1.35,1,9,6,4,13,3,0,0,5,2,3
1021,22.22,131.98,6,27849.0,0.7622,0.967,0.7882,1.0,6.0,6.0,0.0,0.0,1246.29,1.69,2,9,14,4,13,3,0,0,5,2,3
769,40.11,103.72,6,26692.0,0.8098,0.9268,0.8738,1.0,6.0,6.0,0.0,0.0,1246.29,2.08,2,9,23,4,13,3,0,1,5,2,3
984,28.26,134.13,4,26411.0,0.9101,0.917,0.9925,1.0,4.0,4.0,0.0,0.0,1270.02,2.57,3,9,11,5,13,3,1,0,5,2,0
1050,36.78,139.01,6,27192.0,0.9442,0.9442,1.0,1.0,6.0,6.0,0.0,0.0,1270.02,2.96,3,9,20,5,13,3,1,0,5,2,0
1000,11.69,140.4,7,25715.625,0.295,0.8929374999999999,0.3787,1.0,8.0,7.0,0.0,0.0,1270.02,3.05,3,9,22,5,13,3,1,1,5,2,0
894,30.35,114.19,5,28185.0,0.5977,0.9786,0.733,1.0,6.0,5.0,0.0,0.0,1270.02,3.38,3,9,6,6,13,3,1,0,5,2,0
766,16.61,97.37,2,28320.0,0.3683,0.9833,0.3746,1.0,3.0,3.0,0.0,0.0,1370.45,4.09,4,9,0,0,14,3,0,1,5,2,0
966,44.93,120.75,5,28800.0,1.0,1.0,1.0,1.0,5.0,5.0,0.0,0.0,1370.45,4.44,4,9,8,0,14,3,0,0,5,2,0
974,26.12,121.75,4,28800.0,0.675,1.0,0.675,1.0,4.0,4.0,0.0,0.0,1370.45,4.91,4,9,19,0,14,3,0,0,5,2,0
1050,22.43,131.25,3,28800.0,0.8021,1.0,0.8021,1.0,4.0,4.0,0.0,0.0,1370.45,5.3,4,8,4,1,14,3,0,1,5,2,0
1050,21.3,131.25,4,28800.0,0.5005,1.0,0.6256,1.0,5.0,4.0,0.0,0.0,1370.45,5.54,3,8,10,1,14,3,0,0,5,2,0
1050,13.21,131.25,3,28800.0,0.4404,1.0,0.4404,1.0,3.0,3.0,0.0,0.0,1370.45,5.97,3,7,21,1,14,3,0,0,5,2,0
1050,26.68,131.25,4,28800.0,0.8327,1.0,0.8327,1.0,1.0,1.0,0.0,0.0,1370.45,6.22,3,7,3,2,14,4,0,1,5,2,0
1050,25.8,131.25,4,28800.0,0.7117,1.0,0.7117,1.0,4.0,4.0,0.0,0.0,1370.45,6.43,3,7,8,2,14,4,0,0,5,2,0
1050,17.18,131.25,5,28800.0,0.5265,1.0,0.5265,1.0,5.0,5.0,0.0,0.0,1370.45,6.8,3,7,17,2,14,4,0,0,5,2,0
1045,21.12,130.62,1,28800.0,0.6651,1.0,0.6651,1.0,1.0,1.0,0.0,0.0,1370.45,7.04,3,7,22,2,14,4,0,1,5,2,0
962,44.43,124.32,5,27858.0,0.8061,0.9673,1.0,1.0,6.0,5.0,0.0,0.0,1370.45,7.43,3,6,8,3,14,4,0,0,5,2,3
1050,32.23,135.55,4,27886.0,0.9683,0.9683,1.0,1.0,4.0,4.0,0.0,0.0,1383.22,7.78,3,6,16,3,14,4,0,0,5,2,3
1042,35.51,132.8,6,28248.0,0.9808,0.9808,1.0,1.0,6.0,6.0,0.0,0.0,1383.22,8.03,3,6,22,3,14,4,0,1,5,2,3
995,24.29,127.22,3,28155.0,0.6972,0.9776,0.7132,1.0,3.0,3.0,0.0,0.0,1474.94,8.42,4,6,7,4,14,4,0,0,5,2,0
1050,28.16,134.42,3,28120.0,0.6043,0.9764,0.8252,1.0,4.0,3.0,0.0,0.0,1474.94,8.76,3,6,16,4,14,4,0,0,5,2,0
1050,22.08,134.98,2,28005.0,0.6632,0.9724,0.682,1.0,4.0,4.0,0.0,0.0,1474.94,9.24,3,6,3,5,14,4,1,1,5,2,0
854,51.25,106.75,6,28800.0,1.0,1.0,1.0,1.0,6.0,6.0,0.0,0.0,1474.94,9.69,2,6,14,5,14,4,1,0,5,2,0
810,20.3,101.25,4,28800.0,0.4871,1.0,0.4871,1.0,4.0,4.0,0.0,0.0,1474.94,10.25,2,5,3,6,14,4,1,1,5,2,0
1050,20.8,131.25,3,28800.0,0.6417,1.0,0.6417,1.0,3.0,3.0,0.0,0.0,1474.94,10.5,1,5,9,6,14,4,1,0,5,2,0
992,23.21,124.0,4,28800.0,0.7333,1.0,0.7333,1.0,4.0,4.0,0.0,0.0,1474.94,10.8,1,5,17,6,14,4,1,0,5,2,0
1014,20.47,126.75,5,28800.0,0.7003,1.0,0.7003,1.0,5.0,5.0,0.0,0.0,1474.94,11.54,1,5,10,0,15,4,0,0,5,2,3
919,36.42,114.88,6,28800.0,0.9589,1.0,0.9589,1.0,6.0,6.0,0.0,0.0,1474.94,11.91,1,5,19,0,15,4,0,0,5,2,3
1050,37.85,131.25,2,28800.0,1.0,1.0,1.0,1.0,2.0,2.0,0.0,0.0,1474.94,12.05,1,5,22,0,15,4,0,1,5,2,3
980,41.95,139.07,5,25715.625,0.8808,0.8929374999999999,1.0,1.0,5.0,5.0,0.0,0.0,1478.56,12.36,3,5,6,1,15,4,0,0,5,2,0
982,38.44,138.89,4,25715.625,0.707,0.8929374999999999,1.0,1.0,5.0,4.0,0.0,0.0,1562.31,12.93,3,5,20,1,15,4,0,0,5,2,0
906,18.34,133.21,6,25715.625,0.5751,0.8929374999999999,0.6764,1.0,1.0,1.0,0.0,0.0,1562.31,13.17,3,5,1,2,15,4,0,1,5,2,0
1030,15.69,128.75,2,28800.0,0.4324,1.0,0.4324,1.0,2.0,2.0,0.0,0.0,1562.31,13.54,3,5,10,2,15,4,0,0,5,2,0
1050,27.12,131.25,5,28800.0,0.9508,1.0,0.9508,1.0,5.0,5.0,0.0,0.0,1562.31,13.76,3,5,16,2,15,4,0,0,5,2,0
1024,15.91,128.0,1,28800.0,0.5426,1.0,0.5426,1.0,2.0,2.0,0.0,0.0,1562.31,14.12,3,5,0,3,15,4,0,1,5,2,0
1034,36.93,129.25,5,28800.0,0.9862,1.0,0.9862,1.0,5.0,5.0,0.0,0.0,1562.31,14.58,3,5,11,3,15,4,0,0,5,2,0
1050,45.29,131.25,6,28800.0,1.0,1.0,1.0,1.0,6.0,6.0,0.0,0.0,1562.31,14.82,3,4,17,3,15,4,0,0,5,2,0
860,34.81,107.5,2,28800.0,0.8155,1.0,0.8155,1.0,2.0,2.0,0.0,0.0,1562.31,15.06,3,3,23,3,15,4,0,1,5,2,0
1043,36.65,162.95,5,25715.625,0.8001,0.8929374999999999,1.0,1.0,5.0,5.0,0.0,0.0,1562.31,15.58,2,3,11,4,15,4,0,0,5,2,0
899,28.78,127.64,6,25715.625,0.8631,0.8929374999999999,0.9804,1.0,6.0,6.0,0.0,0.0,1562.31,16.0,2,4,21,4,15,4,0,0,5,2,2
956,12.06,132.85,6,25906.0,0.3996,0.8995,0.4443,1.0,5.0,5.0,0.0,0.0,1572.47,0.12,2,4,1,5,15,4,1,1,5,2,2
1050,21.17,173.66124,6,25715.625,0.6692,0.8929374999999999,1.0,1.0,6.0,6.0,0.0,0.0,1572.47,0.38,2,4,7,5,15,4,1,0,5,2,2
1050,30.47,173.66124,2,25715.625,0.6882,0.8929374999999999,1.0,1.0,2.0,2.0,0.0,0.0,1577.3,0.7,3,4,15,5,15,4,1,0,5,2,0
1050,36.59,155.27,5,25715.625,0.8453,0.8929374999999999,1.0,1.0,5.0,5.0,0.0,0.0,1645.31,1.06,3,4,0,6,15,4,1,1,5,2,0
875,37.09,109.38,2,28800.0,0.8704,1.0,0.8704,1.0,2.0,2.0,0.0,0.0,1645.31,1.49,3,4,10,6,15,4,1,0,5,2,0
932,11.73,116.5,6,28800.0,0.3226,1.0,0.3226,1.0,6.0,6.0,0.0,0.0,1645.31,1.78,3,4,17,6,15,4,1,0,5,2,0
1018,11.7,127.25,5,28800.0,0.3563,1.0,0.3563,1.0,6.0,6.0,0.0,0.0,1645.31,2.28,3,4,5,0,16,4,0,1,5,2,0
882,21.05,110.25,2,28800.0,0.6263,1.0,0.6263,1.0,2.0,2.0,0.0,0.0,1645.31,2.38,3,4,7,0,16,4,0,0,5,2,0
1042,21.29,130.25,3,28800.0,0.6437,1.0,0.6437,1.0,3.0,3.0,0.0,0.0,1645.31,2.67,3,4,15,0,16,4,0,0,5,2,0
1023,17.83,127.88,6,28800.0,0.5463,1.0,0.5463,1.0,2.0,2.0,0.0,0.0,1645.31,3.16,2,4,2,1,16,4,0,1,5,2,2
1050,53.38,139.97,4,27005.0,0.9377,0.9377,1.0,1.0,4.0,4.0,0.0,0.0,1645.31,3.47,1,4,10,1,16,4,0,0,5,2,2
1050,43.09,139.95,3,27009.0,0.9378,0.9378,1.0,1.0,3.0,3.0,0.0,0.0,1859.09,3.84,2,4,18,1,16,4,0,0,5,2,0
1050,11.45,142.89,2,26454.0,0.3792,0.9185,0.4128,1.0,4.0,4.0,0.0,0.0,1859.09,4.11,2,4,1,2,16,4,0,1,5,2,0
937,42.91,117.12,2,28800.0,1.0,1.0,1.0,1.0,2.0,2.0,0.0,0.0,1859.09,4.35,2,4,7,2,16,4,0,0,5,2,0
1050,36.71,131.25,5,28800.0,1.0,1.0,1.0,1.0,5.0,5.0,0.0,0.0,1859.09,4.77,2,4,17,2,16,4,0,0,5,2,0
1034,40.68,129.25,4,28800.0,1.0,1.0,1.0,1.0,3.0,3.0,0.0,0.0,1859.09,5.18,2,4,3,3,16,4,0,1,5,2,0
913,43.97,114.12,4,28800.0,1.0,1.0,1.0,1.0,4.0,4.0,0.0,0.0,1859.09,5.39,2,4,8,3,16,4,0,0,5,2,0
976,9.82,122.0,4,28800.0,0.2887,1.0,0.2887,1.0,4.0,4.0,0.0,0.0,1859.09,5.87,2,4,19,3,16,4,0,0,5,2,0
965,31.75,120.62,3,28800.0,0.8068,1.0,0.8068,1.0,7.0,7.0,0.0,0.0,1859.09,6.15,2,4,2,4,16,4,0,1,5,2,0
985,13.93,123.12,6,28800.0,0.4535,1.0,0.4535,1.0,6.0,6.0,0.0,0.0,1859.09,6.57,2,4,12,4,16,4,0,0,5,2,0
1050,34.32,131.25,3,28800.0,1.0,1.0,1.0,1.0,3.0,3.0,0.0,0.0,1859.09,6.9,2,3,20,4,16,4,0,0,5,2,0
1050,42.37,131.25,7,28800.0,1.0,1.0,1.0,1.0,5.0,5.0,0.0,0.0,1859.09,7.22,2,3,4,5,16,4,1,1,5,2,0
1023,41.4,127.88,5,28800.0,0.8333,1.0,1.0,1.0,6.0,5.0,0.0,0.0,1859.09,7.35,2,3,7,5,16,4,1,0,5,2,0
1050,16.91,131.25,4,28800.0,0.5636,1.0,0.5636,1.0,4.0,4.0,0.0,0.0,1859.09,7.67,2,3,14,5,16,4,1,0,5,2,0
1050,36.71,131.25,5,28800.0,1.0,1.0,1.0,1.0,3.0,3.0,0.0,0.0,1859.09,8.16,1,3,2,6,16,4,1,1,5,2,0
986,26.86,123.25,2,28800.0,0.9158,1.0,0.9158,1.0,2.0,2.0,0.0,0.0,1859.09,8.39,1,3,8,6,16,4,1,0,5,2,0
1050,34.75,131.25,3,28800.0,1.0,1.0,1.0,1.0,3.0,3.0,0.0,0.0,1859.09,9.01,1,3,23,6,16,4,1,1,5,2,0
1010,38.8,126.25,3,28800.0,1.0,1.0,1.0,1.0,3.0,3.0,0.0,0.0,1859.09,9.35,1,3,7,0,17,4,0,0,5,2,0
1037,48.29,129.62,6,28800.0,1.0,1.0,1.0,1.0,6.0,6.0,0.0,0.0,1859.09,9.93,1,3,21,0,17,4,0,0,5,2,0
1050,9.21,131.25,5,28800.0,0.3186,1.0,0.3186,1.0,4.0,4.0,0.0,0.0,1859.09,10.22,1,3,4,1,17,4,0,1,5,2,0
1001,47.05,125.12,5,28800.0,1.0,1.0,1.0,1.0,5.0,5.0,0.0,0.0,1859.09,10.52,1,3,11,1,17,4,0,0,5,2,0
860,31.86,107.5,2,28800.0,0.7268,1.0,0.7268,1.0,2.0,2.0,0.0,0.0,1859.09,10.64,1,3,14,1,17,4,0,0,5,2,0
974,37.56,121.75,4,28800.0,1.0,1.0,1.0,1.0,4.0,4.0,0.0,0.0,1859.09,11.1,0,3,1,2,17,4,0,1,5,2,0
977,27.41,122.12,2,28800.0,0.6981,1.0,0.6981,1.0,2.0,2.0,0.0,0.0,1859.09,11.5,0,3,10,2,17,4,0,0,5,2,0
959,31.68,119.88,5,28800.0,0.9577,1.0,0.9577,1.0,5.0,5.0,0.0,0.0,1859.09,11.95,0,3,21,2,17,4,0,0,5,2,2
1025,31.02,128.12,4,28800.0,1.0,1.0,1.0,1.0,8.0,8.0,0.0,0.0,1859.09,12.07,0,3,0,3,17,4,0,1,5,2,2
1050,16.62,139.93,3,27013.0,0.4784,0.938,0.51,1.0,3.0,3.0,0.0,0.0,1859.09,12.34,0,3,6,3,17,4,0,0,5,2,2
1038,18.39,139.77,5,26735.0,0.5774,0.9283,0.622,1.0,5.0,5.0,0.0,0.0,2047.42,12.83,1,3,18,3,17,4,0,0,5,2,0
982,10.4,147.2,8,25715.625,0.3386,0.8929374999999999,0.406,1.0,2.0,2.0,0.0,0.0,2047.42,13.15,1,3,2,4,17,4,0,1,5,2,0
947,36.65,118.38,4,28800.0,0.721,1.0,0.9013,1.0,5.0,4.0,0.0,0.0,2047.42,13.6,1,3,13,4,17,4,0,0,5,2,0
1050,41.13,131.25,4,28800.0,1.0,1.0,1.0,1.0,4.0,4.0,0.0,0.0,2047.42,13.69,1,3,15,4,17,4,0,0,5,2,0
1050,48.29,131.25,2,28800.0,1.0,1.0,1.0,1.0,7.0,7.0,0.0,0.0,2047.42,14.21,1,2,3,5,17,4,1,1,5,2,0
920,10.04,115.0,6,28800.0,0.2865,1.0,0.2865,1.0,6.0,6.0,0.0,0.0,2047.42,14.37,1,2,7,5,17,4,1,0,5,2,0
992,9.85,124.0,5,28800.0,0.3324,1.0,0.3324,1.0,5.0,5.0,0.0,0.0,2047.42,14.81,1,2,18,5,17,4,1,0,5,2,0
967,43.51,120.88,7,28800.0,1.0,1.0,1.0,1.0,2.0,2.0,0.0,0.0,2047.42,15.27,1,1,5,6,17,4,1,1,5,2,0
1050,42.36,131.25,2,28800.0,1.0,1.0,1.0,1.0,2.0,2.0,0.0,0.0,2047.42,16.04,1,1,23,6,17,4,1,1,5,2,0
1009,27.44,126.12,6,28800.0,0.7214,1.0,0.7214,1.0,6.0,6.0,0.0,0.0,2047.42,16.4,1,1,8,0,18,4,0,0,5,2,0
933,36.94,116.62,4,28800.0,0.9771,1.0,0.9771,1.0,4.0,4.0,0.0,0.0,2047.42,16.84,1,1,18,0,18,4,0,0,5,2,0
1033,27.3,129.12,6,28800.0,0.821,1.0,0.821,1.0,4.0,4.0,0.0,0.0,2047.42,17.18,1,1,3,1,18,4,0,1,5,2,0
1050,28.12,131.25,4,28800.0,0.852,1.0,0.852,1.0,4.0,4.0,0.0,0.0,2047.42,17.31,1,1,6,1,18,4,0,0,5,2,0
967,25.31,120.88,4,28800.0,0.8186,1.0,0.8186,1.0,4.0,4.0,0.0,0.0,2047.42,17.87,1,1,19,1,18,4,0,0,5,2,0
1027,21.89,128.38,4,28800.0,0.7292,1.0,0.7292,1.0,4.0,4.0,0.0,0.0,2047.42,18.02,1,1,23,1,18,4,0,1,5,2,0
1050,33.1,131.25,3,28800.0,1.0,1.0,1.0,1.0,3.0,3.0,0.0,0.0,2047.42,18.5,1,1,10,2,18,4,0,0,5,2,0
970,15.16,121.25,3,28800.0,0.3516,1.0,0.4688,1.0,4.0,3.0,0.0,0.0,2047.42,18.71,1,1,15,2,18,4,0,0,5,2,0
1050,10.87,131.25,1,28800.0,0.1482,1.0,0.2964,1.0,3.0,3.0,0.0,0.0,2047.42,19.15,1,1,2,3,18,4,0,1,5,2,0
950,28.26,118.75,5,28800.0,0.7946,1.0,0.7946,1.0,5.0,5.0,0.0,0.0,2047.42,19.36,1,1,7,3,18,4,0,0,5,2,0
1050,40.69,131.25,4,28800.0,1.0,1.0,1.0,1.0,4.0,4.0,0.0,0.0,2047.42,19.64,1,1,14,3,18,4,0,0,5,2,1
881,21.32,110.12,3,28800.0,0.5326,1.0,0.5326,1.0,8.0,7.0,0.0,0.0,2047.42,20.22,0,1,4,4,18,5,0,1,5,2,1
966,11.64,139.14,6,25715.625,0.3012,0.8929374999999999,0.3471,1.0,6.0,6.0,0.0,0.0,2047.42,20.45,0,1,9,4,18,5,0,0,5,2,1
896,14.22,119.05,3,27094.0,0.3519,0.9408,0.374,1.0,3.0,3.0,0.0,0.0,2068.46,20.79,1,1,17,4,18,5,0,0,5,2,2
1050,35.57,144.62,7,26137.0,0.7941,0.9075,1.0,1.0,5.0,5.0,0.0,0.0,2068.46,21.18,1,1,3,5,18,5,1,1,5,2,2
1050,36.16,150.41,6,25715.625,0.8726,0.8929374999999999,1.0,1.0,6.0,6.0,0.0,0.0,2068.46,21.6,1,1,13,5,18,5,1,0,5,2,2
1050,11.12,147.15,6,25715.625,0.3613,0.8929374999999999,0.4051,1.0,6.0,6.0,0.0,0.0,2105.79,21.79,2,1,17,5,18,5,1,0,5,2,0
1050,20.16,148.73,5,25715.625,0.7252,0.8929374999999999,0.8217,1.0,1.0,1.0,0.0,0.0,2105.79,22.1,2,1,1,6,18,5,1,1,5,2,0
1045,41.91,130.62,5,28800.0,1.0,1.0,1.0,1.0,5.0,5.0,0.0,0.0,2105.79,22.43,2,1,9,6,18,5,1,0,5,2,3
1050,9.82,131.25,4,28800.0,0.2949,1.0,0.2949,1.0,4.0,4.0,0.0,0.0,2105.79,22.92,2,1,21,6,18,5,1,0,5,2,3
1009,42.38,126.12,1,28800.0,1.0,1.0,1.0,1.0,4.0,4.0,0.0,0.0,2105.79,23.09,2,1,1,0,19,5,0,1,5,2,3
1018,45.35,145.74,2,25715.625,0.8731,0.8929374999999999,1.0,1.0,2.0,2.0,0.0,0.0,2107.79,23.43,3,1,9,0,19,5,0,0,5,2,0
949,18.65,132.65,3,25755.0,0.4614,0.8943,0.5159,1.0,3.0,3.0,0.0,0.0,2227.52,23.87,3,1,19,0,19,5,0,0,5,2,0
1003,48.73,125.38,6,28800.0,1.0,1.0,1.0,1.0,6.0,6.0,0.0,0.0,2227.52,24.44,3,1,9,1,19,5,0,0,5,2,0
1050,20.67,131.25,4,28800.0,0.5804,1.0,0.5804,1.0,4.0,4.0,0.0,0.0,2227.52,24.783749,3,1,18,1,19,5,0,0,5,2,0
957,21.22,119.62,5,28800.0,0.6726,1.0,0.6726,1.0,5.0,5.0,0.0,0.0,2227.52,24.783749,3,1,0,2,19,5,0,1,5,2,0
998,22.58,124.75,4,28800.0,0.6352,1.0,0.6352,1.0,4.0,4.0,0.0,0.0,2227.52,24.783749,3,1,7,2,19,5,0,0,5,2,0
999,24.58,124.88,4,28800.0,0.4288,1.0,0.6431,1.0,6.0,4.0,0.0,0.0,2227.52,24.783749,3,1,16,2,19,5,0,0,5,2,0
1050,17.8,131.25,5,28800.0,0.5214,1.0,0.5214,1.0,5.0,5.0,0.0,0.0,2227.52,24.783749,3,1,23,2,19,5,0,1,5,2,0
785,43.96,98.12,3,28800.0,1.0,1.0,1.0,1.0,3.0,3.0,0.0,0.0,2227.52,24.783749,3,1,8,3,19,5,0,0,5,2,0
963,47.07,120.38,4,28800.0,1.0,1.0,1.0,1.0,4.0,4.0,0.0,0.0,2227.52,24.783749,3,1,19,3,19,5,0,0,5,2,0
1006,15.83,125.75,4,28800.0,0.5299,1.0,0.5299,1.0,8.0,8.0,0.0,0.0,2227.52,24.783749,3,1,2,4,19,5,0,1,5,2,0
1026,34.8,128.25,6,28800.0,0.9555,1.0,0.9555,1.0,6.0,6.0,0.0,0.0,2227.52,24.783749,3,1,10,4,19,5,0,0,5,2,3
964,10.99,120.5,4,28800.0,0.2151,1.0,0.3227,1.0,6.0,4.0,0.0,0.0,2227.52,24.783749,2,1,19,4,19,5,0,0,5,2,3
872,41.54,109.0,8,28800.0,1.0,1.0,1.0,1.0,2.0,2.0,0.0,0.0,2227.52,24.783749,2,1,5,5,19,5,1,1,5,2,3
1050,40.87,147.38,1,25715.625,0.4453,0.8929374999999999,1.0,1.0,2.0,1.0,0.0,0.0,2421.7,24.783749,2,1,20,5,19,5,1,0,5,2,0
1007,10.1,140.14,2,25869.0,0.2797,0.8982,0.3114,1.0,2.0,2.0,0.0,0.0,2421.7,24.783749,2,1,23,5,19,5,1,1,5,2,0
1028,10.66,128.5,5,28800.0,0.3362,1.0,0.3362,1.0,5.0,5.0,0.0,0.0,2421.7,24.783749,2,0,19,6,19,5,1,0,5,2,0
840,27.07,105.0,1,28800.0,0.7347,1.0,0.7347,1.0,4.0,4.0,0.0,0.0,2421.7,24.783749,2,0,4,0,20,5,0,1,5,2,0
1050,26.34,131.25,4,28800.0,0.8156,1.0,0.8156,1.0,4.0,4.0,0.0,0.0,2421.7,24.783749,1,0,7,0,20,5,0,0,5,2,0
951,24.36,118.88,4,28800.0,0.4381,1.0,0.6571,1.0,6.0,4.0,0.0,0.0,2421.7,24.783749,1,0,20,0,20,5,0,0,5,2,0
1050,37.82,131.25,4,28800.0,1.0,1.0,1.0,1.0,6.0,6.0,0.0,0.0,2421.7,24.783749,1,0,0,1,20,5,0,1,5,2,0
1031,46.75,128.88,6,28800.0,1.0,1.0,1.0,1.0,6.0,6.0,0.0,0.0,2421.7,24.783749,1,0,7,1,20,5,0,0,5,2,0
1050,43.01,131.25,2,28800.0,1.0,1.0,1.0,1.0,2.0,2.0,0.0,0.0,2421.7,24.783749,1,0,19,1,20,5,0,0,5,2,0
915,42.0,114.38,6,28800.0,1.0,1.0,1.0,1.0,5.0,5.0,0.0,0.0,2421.7,24.783749,1,0,5,2,20,5,0,1,5,2,0
904,45.64,113.0,4,28800.0,1.0,1.0,1.0,1.0,4.0,4.0,0.0,0.0,2421.7,24.783749,1,0,6,2,20,5,0,0,5,2,0
930,33.89,116.25,3,28800.0,0.9894,1.0,0.9894,1.0,3.0,3.0,0.0,0.0,2421.7,24.783749,1,0,16,2,20,5,0,0,5,2,0
942,20.89,117.75,5,28800.0,0.6156,1.0,0.6156,1.0,1.0,1.0,0.0,0.0,2421.7,24.783749,1,0,0,3,20,5,0,1,5,2,0
923,37.75,115.38,4,28800.0,1.0,1.0,1.0,1.0,4.0,4.0,0.0,0.0,2421.7,24.783749,1,0,9,3,20,5,0,0,5,2,0
985,46.38,123.12,4,28800.0,0.8,1.0,1.0,1.0,5.0,4.0,0.0,0.0,2421.7,24.783749,1,0,20,3,20,5,0,0,5,2,0
983,13.17,122.88,1,28800.0,0.3522,1.0,0.3522,1.0,6.0,4.0,0.0,0.0,2421.7,24.783749,1,0,5,4,20,5,0,1,5,2,0
932,15.77,116.5,3,28800.0,0.5058,1.0,0.5058,1.0,3.0,3.0,0.0,0.0,2421.7,24.783749,1,0,8,4,20,5,0,0,5,2,0
1029,36.37,128.62,3,28800.0,1.0,1.0,1.0,1.0,3.0,3.0,0.0,0.0,2421.7,24.783749,1,0,20,4,20,5,0,0,5,2,0
1050,21.73,131.25,4,28800.0,0.5129,1.0,0.7693,1.0,1.0,1.0,0.0,0.0,2421.7,24.783749,1,0,2,5,20,5,1,1,5,2,0
1042,36.72,130.25,6,28800.0,1.0,1.0,1.0,1.0,6.0,6.0,0.0,0.0,2421.7,24.783749,1,0,8,5,20,5,1,0,5,2,0
977,35.3,122.12,2,28800.0,0.5,1.0,1.0,1.0,4.0,2.0,0.0,0.0,2421.7,24.783749,0,0,20,5,20,5,1,0,5,2,3
1050,38.27,131.25,1,28800.0,1.0,1.0,1.0,1.0,1.0,1.0,0.0,0.0,2421.7,24.783749,0,0,22,5,20,5,1,1,5,2,3
1017,42.58,127.12,2,28800.0,1.0,1.0,1.0,1.0,2.0,2.0,0.0,0.0,2421.7,24.783749,0,0,13,6,20,5,1,0,5,2,3
946,26.97,118.25,2,28800.0,0.8337,1.0,0.8337,1.0,2.0,2.0,0.0,0.0,2435.16,24.783749,0,0,19,6,20,5,1,0,5,2,1
1017,17.22,127.12,4,28800.0,0.5456,1.0,0.5456,1.0,4.0,4.0,0.0,0.0,2435.16,24.783749,0,0,3,0,21,5,0,1,5,2,1
1050,35.03,139.74,4,27050.0,0.9392,0.9392,1.0,1.0,4.0,4.0,0.0,0.0,2461.13,24.783749,1,0,11,0,21,5,0,0,5,2,0
854,14.73,116.26,4,26444.0,0.3763,0.9182,0.4098,1.0,4.0,4.0,0.0,0.0,2461.13,24.783749,1,0,20,0,21,5,0,0,5,2,1
1050,39.64,137.63,4,27465.0,0.9536,0.9536,1.0,1.0,1.0,1.0,0.0,0.0,2461.13,24.783749,1,0,1,1,21,5,0,1,5,2,1
979,20.17,123.69,2,28494.0,0.6571,0.9894,0.6641,1.0,2.0,2.0,0.0,0.0,2461.13,24.783749,1,0,8,1,21,5,0,0,5,2,1
1042,35.02,132.91,2,28223.0,0.98,0.98,1.0,1.0,2.0,2.0,0.0,0.0,2511.34,24.783749,2,0,18,1,21,5,0,0,5,2,0
927,53.29,118.69,1,28118.0,0.9763,0.9763,1.0,1.0,5.0,5.0,0.0,0.0,2511.34,24.783749,2,0,2,2,21,5,0,1,5,2,0
1050,19.05,131.25,4,28800.0,0.673,1.0,0.673,1.0,4.0,4.0,0.0,0.0,2511.34,24.783749,2,0,12,2,21,5,0,0,5,2,0
942,38.63,117.75,6,28800.0,0.9364,1.0,0.9364,1.0,6.0,6.0,0.0,0.0,2511.34,24.783749,2,0,21,2,21,5,0,0,5,2,0
1050,30.58,131.25,5,28800.0,1.0,1.0,1.0,1.0,2.0,2.0,0.0,0.0,2511.34,24.783749,2,0,1,3,21,5,0,1,5,2,0
1026,30.45,128.25,4,28800.0,1.0,1.0,1.0,1.0,4.0,4.0,0.0,0.0,2511.34,24.783749,2,0,7,3,21,5,0,0,5,2,0
1050,23.57,131.25,4,28800.0,0.8415,1.0,0.8415,1.0,4.0,4.0,0.0,0.0,2511.34,24.783749,2,1,15,3,21,5,0,0,5,2,0
1050,26.63,131.25,2,28800.0,0.8097,1.0,0.8097,1.0,8.0,8.0,0.0,0.0,2565.56,24.783749,2,1,5,4,21,5,0,1,5,2,0
901,15.05,112.62,2,28800.0,0.4421,1.0,0.4421,1.0,2.0,2.0,0.0,0.0,2565.56,24.783749,2,1,11,4,21,5,0,0,5,2,0
1005,20.99,125.62,4,28800.0,0.5786,1.0,0.5786,1.0,4.0,4.0,0.0,0.0,2565.56,24.783749,2,1,19,4,21,5,0,0,5,2,0
943,12.77,117.88,8,28800.0,0.4054,1.0,0.4054,1.0,2.0,2.0,0.0,0.0,2565.56,24.783749,2,1,4,5,21,5,1,1,5,2,3
1050,18.86,131.25,4,28800.0,0.669,1.0,0.669,1.0,4.0,4.0,0.0,0.0,2565.56,24.783749,2,1,7,5,21,5,1,0,5,2,3
1050,40.01,131.25,5,28800.0,1.0,1.0,1.0,1.0,5.0,5.0,0.0,0.0,2565.56,24.783749,2,1,20,5,21,5,1,0,5,2,3
1050,19.31,131.25,2,28800.0,0.692,1.0,0.692,1.0,2.0,2.0,0.0,0.0,2565.56,24.783749,2,1,22,5,21,5,1,1,5,2,3
1009,19.94,145.08,6,25715.625,0.5508,0.8929374999999999,0.6335,1.0,6.0,6.0,0.0,0.0,2627.91,24.783749,3,1,6,6,21,5,1,0,5,2,0
1012,42.01,133.1,6,27371.0,0.9504,0.9504,1.0,1.0,6.0,6.0,0.0,0.0,2627.91,24.783749,3,1,14,6,21,5,1,0,5,2,0
971,37.52,121.38,3,28800.0,0.9966,1.0,0.9966,1.0,3.0,3.0,0.0,0.0,2627.91,24.783749,3,1,7,0,22,5,0,0,5,2,0
1050,40.87,131.25,3,28800.0,1.0,1.0,1.0,1.0,3.0,3.0,0.0,0.0,2627.91,24.783749,2,1,20,0,22,5,0,0,5,2,3
889,42.42,111.12,3,28800.0,1.0,1.0,1.0,1.0,3.0,3.0,0.0,0.0,2627.91,24.783749,2,1,23,0,22,5,0,1,5,2,3
1050,24.95,137.92,5,27407.0,0.6252,0.9516,0.7884,1.0,6.0,5.0,0.0,0.0,2627.91,24.783749,2,1,6,1,22,5,0,0,5,2,3
1050,11.14,138.25,3,27341.0,0.3536,0.9493,0.3725,1.0,3.0,3.0,0.0,0.0,2627.91,24.783749,1,1,14,1,22,5,0,0,5,2,3
918,25.75,119.98,4,27545.0,0.7605,0.9564,0.7952,1.0,4.0,4.0,0.0,0.0,2639.95,24.783749,2,1,4,2,22,5,0,1,5,2,0
1050,19.66,172.5,3,25715.625,0.6945,0.8929374999999999,0.9128,1.0,3.0,3.0,0.0,0.0,2639.95,24.783749,2,1,7,2,22,5,0,0,5,2,0
966,32.0,163.76,3,25715.625,0.7374,0.8929374999999999,1.0,1.0,3.0,3.0,0.0,0.0,2665.12,0.2,2,2,18,2,22,5,0,0,5,2,3
1028,34.79,164.11,4,25715.625,0.783,0.8929374999999999,1.0,1.0,4.0,4.0,0.0,0.0,2665.12,0.42,2,2,23,2,22,5,0,1,5,2,3
928,24.3,139.59,3,25715.625,0.755,0.8929374999999999,0.9085,1.0,3.0,3.0,0.0,0.0,2665.12,0.95,2,2,12,3,22,5,0,0,5,2,3
1050,36.0,158.34,6,25715.625,0.8289,0.8929374999999999,1.0,1.0,6.0,6.0,0.0,0.0,2674.4,1.21,3,2,18,3,22,5,0,0,5,2,0
1050,45.95,150.36,3,25715.625,0.8729,0.8929374999999999,1.0,1.0,4.0,4.0,0.0,0.0,2674.4,1.47,3,2,0,4,22,5,0,1,5,2,0
890,35.17,133.05,5,25715.625,0.8279,0.8929374999999999,0.9901,1.0,5.0,5.0,0.0,0.0,2706.62,0.23,3,3,13,4,22,5,0,0,5,2,0
1050,41.78,173.66124,4,25715.625,0.7236,0.8929374999999999,1.0,1.0,4.0,4.0,0.0,0.0,2706.62,0.35,3,3,16,4,22,5,0,0,5,2,3
1050,21.15,173.66124,4,25715.625,0.7295,0.8929374999999999,1.0,1.0,4.0,4.0,0.0,0.0,2706.62,0.66,3,3,23,4,22,5,0,1,5,2,3
1005,38.4,144.2,6,25715.625,0.8712,0.8929374999999999,1.0,1.0,6.0,6.0,0.0,0.0,2706.62,1.16,3,3,11,5,22,5,1,0,5,2,3
864,10.36,117.36,4,26503.0,0.2895,0.9202,0.3146,1.0,4.0,4.0,0.0,0.0,2706.62,1.26,3,3,14,5,22,5,1,0,5,2,3
1050,11.83,164.33,2,25715.625,0.3325,0.8929374999999999,0.4163,1.0,2.0,2.0,0.0,0.0,2908.25,1.66,4,3,23,5,22,5,1,1,5,2,0
1050,11.11,131.25,6,28800.0,0.3208,1.0,0.3208,1.0,6.0,6.0,0.0,0.0,2908.25,2.07,3,3,9,6,22,5,1,0,5,2,0
992,26.04,124.0,5,28800.0,0.8711,1.0,0.8711,1.0,5.0,5.0,0.0,0.0,2908.25,2.27,3,3,14,6,22,5,1,0,5,2,0
807,41.27,100.88,3,28800.0,0.9168,1.0,0.9168,1.0,3.0,3.0,0.0,0.0,2908.25,3.1,3,3,10,0,23,6,0,0,5,2,0
931,39.77,116.38,4,28800.0,1.0,1.0,1.0,1.0,4.0,4.0,0.0,0.0,2908.25,3.54,3,3,20,0,23,6,0,0,5,2,0
953,42.83,119.12,3,28800.0,1.0,1.0,1.0,1.0,1.0,1.0,0.0,0.0,2908.25,3.85,3,3,4,1,23,6,0,1,5,2,0
945,47.88,118.12,3,28800.0,1.0,1.0,1.0,1.0,3.0,3.0,0.0,0.0,2908.25,4.13,3,3,11,1,23,6,0,0,5,2,0
980,34.6,122.5,4,28800.0,0.947,1.0,0.947,1.0,4.0,4.0,0.0,0.0,2908.25,4.26,3,3,14,1,23,6,0,0,5,2,0
1050,26.48,131.25,1,28800.0,0.8043,1.0,0.8043,1.0,3.0,3.0,0.0,0.0,2908.25,4.69,2,3,0,2,23,6,0,1,5,2,0
1047,39.95,130.88,6,28800.0,1.0,1.0,1.0,1.0,6.0,6.0,0.0,0.0,2908.25,4.98,2,3,7,2,23,6,0,0,5,2,0
1050,36.2,131.25,5,28800.0,1.0,1.0,1.0,1.0,5.0,5.0,0.0,0.0,2908.25,5.49,2,3,19,2,23,6,0,0,5,2,0
972,12.27,121.5,3,28800.0,0.4026,1.0,0.4026,1.0,3.0,2.0,0.0,0.0,2908.25,5.76,2,3,2,3,23,6,0,1,5,2,0
1050,35.75,131.25,6,28800.0,1.0,1.0,1.0,1.0,6.0,6.0,0.0,0.0,2908.25,6.06,2,3,9,3,23,6,0,0,5,2,0
988,31.99,123.5,4,28800.0,0.8573,1.0,0.8573,1.0,4.0,4.0,0.0,0.0,2908.25,6.31,1,3,15,3,23,6,0,0,5,2,0
1025,11.53,128.12,2,28800.0,0.2257,1.0,0.3385,1.0,3.0,2.0,0.0,0.0,2908.25,6.62,1,3,22,3,23,6,0,1,5,2,0
1050,13.54,131.25,3,28800.0,0.397,1.0,0.397,1.0,3.0,3.0,0.0,0.0,2908.25,7.05,1,3,9,4,23,6,0,0,5,2,0
1050,30.72,131.25,3,28800.0,0.75,1.0,1.0,1.0,4.0,3.0,0.0,0.0,2908.25,7.53,1,3,20,4,23,6,0,0,5,2,0
971,16.47,121.38,5,28800.0,0.5415,1.0,0.5415,1.0,6.0,6.0,0.0,0.0,2908.25,7.72,1,3,1,5,23,6,1,1,5,2,0
954,21.52,119.25,3,28800.0,0.6774,1.0,0.6774,1.0,3.0,3.0,0.0,0.0,2908.25,8.04,1,3,8,5,23,6,1,0,5,2,0
1050,30.41,131.25,3,28800.0,0.75,1.0,1.0,1.0,4.0,3.0,0.0,0.0,2908.25,8.58,0,3,21,5,23,6,1,0,5,2,0
1050,21.38,131.25,6,28800.0,0.6406,1.0,0.6406,1.0,2.0,2.0,0.0,0.0,2908.25,8.7,0,3,0,6,23,6,1,1,5,2,0
1050,15.96,131.25,5,28800.0,0.5731,1.0,0.5731,1.0,5.0,5.0,0.0,0.0,2908.25,9.23,0,3,13,6,23,6,1,0,5,2,3
1042,37.66,130.25,4,28800.0,1.0,1.0,1.0,1.0,4.0,4.0,0.0,0.0,2908.25,9.33,0,3,15,6,23,6,1,0,5,2,3
970,13.34,121.25,2,28800.0,0.4476,1.0,0.4476,1.0,5.0,5.0,0.0,0.0,2908.25,9.82,0,3,3,0,24,6,0,1,5,2,3
1032,25.54,132.33,3,28076.0,0.8797,0.9749,0.9024,1.0,3.0,3.0,0.0,0.0,2940.01,10.12,1,3,10,0,24,6,0,0,5,2,0
961,16.29,121.3,3,28521.0,0.5362,0.9903,0.5415,1.0,3.0,3.0,0.0,0.0,2940.01,10.33,1,3,15,0,24,6,0,0,5,2,0
1040,11.09,132.86,5,28179.0,0.308,0.9784,0.3148,1.0,6.0,6.0,0.0,0.0,2940.01,10.87,1,3,4,1,24,6,0,1,5,2,0
945,32.73,143.64,5,25715.625,0.8224,0.8929374999999999,1.0,1.0,5.0,5.0,0.0,0.0,2940.01,10.98,1,3,7,1,24,6,0,0,5,2,0
898,30.55,131.51,2,25715.625,0.7418,0.8929374999999999,0.869,1.0,2.0,2.0,0.0,0.0,2940.01,11.3,1,4,15,1,24,6,0,0,5,2,0
1050,37.24,148.74,6,25715.625,0.8824,0.8929374999999999,1.0,1.0,4.0,4.0,0.0,0.0,2960.62,0.07,1,5,1,2,24,6,0,1,5,2,0
991,30.66,145.21,4,25715.625,0.8283,0.8929374999999999,0.9709,1.0,4.0,4.0,0.0,0.0,2960.62,0.43,1,5,10,2,24,6,0,0,5,2,0
1002,35.29,138.11,4,26118.0,0.7255,0.9069,1.0,1.0,5.0,4.0,0.0,0.0,2960.62,0.74,1,6,17,2,24,6,0,0,5,2,0
1050,30.38,165.84,4,25715.625,0.7914,0.8929374999999999,1.0,1.0,4.0,4.0,0.0,0.0,2974.38,0.41,1,6,4,3,24,6,0,1,5,2,0
936,39.65,125.88,5,26768.0,0.9294,0.9294,1.0,1.0,5.0,5.0,0.0,0.0,2974.38,0.56,1,6,8,3,24,6,0,0,5,2,0
920,21.15,120.13,6,27570.0,0.5533,0.9573,0.578,1.0,6.0,6.0,0.0,0.0,3019.09,0.33,1,7,17,3,24,6,0,0,5,2,0
1004,14.59,132.9,4,27196.0,0.4657,0.9443,0.4932,1.0,5.0,5.0,0.0,0.0,3019.09,0.71,1,7,2,4,24,6,0,1,5,2,0
1010,14.45,126.25,6,28800.0,0.4103,1.0,0.4103,1.0,6.0,6.0,0.0,0.0,3019.09,0.92,1,7,7,4,24,6,0,0,5,2,2
1050,26.71,131.25,6,28800.0,0.7324,1.0,0.7324,1.0,6.0,6.0,0.0,0.0,3019.09,1.31,1,7,17,4,24,6,0,0,5,2,2
1050,36.55,131.25,5,28800.0,1.0,1.0,1.0,1.0,5.0,5.0,0.0,0.0,3019.09,1.57,1,7,23,4,24,6,0,1,5,2,2
976,14.66,126.37,2,27804.0,0.4398,0.9654,0.4556,1.0,2.0,2.0,0.0,0.0,3091.39,2.12,2,7,12,5,24,6,1,0,5,2,0
751,9.94,96.13,3,28124.0,0.2323,0.9765,0.2379,1.0,3.0,3.0,0.0,0.0,3091.39,2.26,2,7,15,5,24,6,1,0,5,2,0
1041,24.0,134.98,4,27764.0,0.6574,0.964,0.682,1.0,2.0,2.0,0.0,0.0,3091.39,2.8,2,7,4,6,24,6,1,1,5,2,0
1044,25.29,130.5,2,28800.0,0.8087,1.0,0.8087,1.0,2.0,2.0,0.0,0.0,3091.39,3.11,2,7,12,6,24,6,1,0,5,2,0
935,31.62,116.88,2,28800.0,1.0,1.0,1.0,1.0,2.0,2.0,0.0,0.0,3091.39,3.38,2,7,18,6,24,6,1,0,5,2,0
987,26.41,123.38,2,28800.0,0.6796,1.0,0.6796,1.0,4.0,4.0,0.0,0.0,3091.39,3.77,2,7,4,0,25,6,0,1,5,2,0
885,37.83,110.62,5,28800.0,1.0,1.0,1.0,1.0,5.0,5.0,0.0,0.0,3091.39,3.96,1,7,8,0,25,6,0,0,5,2,3
1023,29.28,127.88,4,28800.0,0.624,1.0,0.78,1.0,5.0,4.0,0.0,0.0,3091.39,4.35,1,7,18,0,25,6,0,0,5,2,3
941,35.9,117.62,4,28800.0,1.0,1.0,1.0,1.0,4.0,4.0,0.0,0.0,3091.39,4.7,1,7,2,1,25,6,0,1,5,2,3
1050,18.21,168.37,4,25715.625,0.599,0.8929374999999999,0.7684,1.0,4.0,4.0,0.0,0.0,3091.39,4.91,2,7,7,1,25,6,0,0,5,2,2
997,35.94,151.56,2,25715.625,0.8223,0.8929374999999999,1.0,1.0,2.0,2.0,0.0,0.0,3106.93,5.29,2,7,16,1,25,6,0,0,5,2,2
992,17.97,146.43,4,25715.625,0.5879,0.8929374999999999,0.6943,1.0,4.0,4.0,0.0,0.0,3106.93,5.54,2,7,22,1,25,6,0,1,5,2,2
893,16.68,114.38,2,28106.0,0.4099,0.9759,0.42,1.0,2.0,2.0,0.0,0.0,3172.85,5.85,3,7,6,2,25,6,0,0,5,2,0
882,23.27,114.04,3,27844.0,0.6851,0.9668,0.7086,1.0,3.0,3.0,0.0,0.0,3172.85,6.29,3,7,16,2,25,6,0,0,5,2,0
1001,46.46,128.77,2,27985.0,0.9717,0.9717,1.0,1.0,4.0,4.0,0.0,0.0,3172.85,6.77,3,7,4,3,25,6,0,1,5,2,0
982,18.56,122.75,5,28800.0,0.5684,1.0,0.5684,1.0,5.0,5.0,0.0,0.0,3172.85,6.86,3,7,6,3,25,6,0,0,5,2,0
879,39.07,109.88,6,28800.0,1.0,1.0,1.0,1.0,6.0,6.0,0.0,0.0,3172.85,7.31,3,7,17,3,25,6,0,0,5,2,0
1050,38.99,131.25,4,28800.0,1.0,1.0,1.0,1.0,4.0,4.0,0.0,0.0,3172.85,7.65,3,7,1,4,25,6,0,1,5,2,2
1050,32.56,143.49,3,26344.0,0.8906,0.9147,0.9737,1.0,3.0,3.0,0.0,0.0,3172.85,7.86,3,7,6,4,25,6,0,0,5,2,2
903,34.9,118.67,5,27393.0,0.9511,0.9511,1.0,1.0,5.0,5.0,0.0,0.0,3172.85,8.42,3,7,19,4,25,6,0,0,5,2,2
990,12.18,127.88,4,27870.0,0.3513,0.9677,0.363,1.0,7.0,7.0,0.0,0.0,3195.25,8.67,4,7,1,5,25,6,1,1,5,2,0
836,19.39,139.08,3,25715.625,0.324,0.8929374999999999,0.5749,1.0,4.0,3.0,0.0,0.0,3195.25,9.0,3,7,9,5,25,6,1,0,5,2,0
1050,40.2,147.73,6,25715.625,0.8885,0.8929374999999999,1.0,1.0,6.0,6.0,0.0,0.0,3195.25,9.29,3,6,16,5,25,6,1,0,5,2,0
1050,20.68,171.25,7,25715.625,0.7,0.8929374999999999,0.9133,1.0,3.0,3.0,0.0,0.0,3195.25,9.62,3,7,0,6,25,6,1,1,5,2,0
1050,17.53,131.25,5,28800.0,0.5028,1.0,0.5028,1.0,5.0,5.0,0.0,0.0,3225.78,0.35,3,7,9,6,25,6,1,0,5,2,2
1009,38.23,126.12,3,28800.0,1.0,1.0,1.0,1.0,3.0,3.0,0.0,0.0,3225.78,0.59,3,7,15,6,25,6,1,0,5,2,2
901,38.47,112.62,3,28800.0,1.0,1.0,1.0,1.0,4.0,4.0,0.0,0.0,3225.78,1.15,3,7,5,0,26,6,0,1,5,2,2
1050,12.35,163.09,4,25715.625,0.3252,0.8929374999999999,0.5051,1.0,5.0,4.0,0.0,0.0,3225.78,1.34,4,7,9,0,26,6,0,0,5,2,0
913,16.06,147.02,5,25715.625,0.432,0.8929374999999999,0.5566,1.0,5.0,5.0,0.0,0.0,3303.74,1.61,4,7,15,0,26,6,0,0,5,2,0
1050,13.33,131.25,5,28800.0,0.4648,1.0,0.4648,1.0,5.0,5.0,0.0,0.0,3303.74,2.27,3,7,7,1,26,6,0,0,5,2,0
980,9.98,122.5,3,28800.0,0.2797,1.0,0.2797,1.0,3.0,3.0,0.0,0.0,3303.74,2.85,3,7,21,1,26,6,0,0,5,2,0
923,14.45,115.38,5,28800.0,0.4455,1.0,0.4455,1.0,1.0,1.0,0.0,0.0,3303.74,3.01,3,7,1,2,26,6,0,1,5,2,0
1047,16.13,130.88,2,28800.0,0.4621,1.0,0.4621,1.0,2.0,2.0,0.0,0.0,3303.74,3.31,2,7,8,2,26,6,0,0,5,2,0
814,18.56,101.75,6,28800.0,0.5158,1.0,0.5158,1.0,6.0,6.0,0.0,0.0,3303.74,3.6,2,7,15,2,26,6,0,0,5,2,0
967,25.12,120.88,1,28800.0,0.7887,1.0,0.7887,1.0,6.0,6.0,0.0,0.0,3303.74,3.96,2,7,0,3,26,6,0,1,5,2,3
1050,14.75,150.66,6,25715.625,0.4145,0.8929374999999999,0.4758,1.0,6.0,6.0,0.0,0.0,3303.74,4.46,2,7,12,3,26,6,0,0,5,2,3
934,18.97,134.99,6,25715.625,0.4732,0.8929374999999999,0.5471,1.0,6.0,6.0,0.0,0.0,3303.74,4.55,2,7,14,3,26,6,0,0,5,2,3
968,22.27,137.06,6,25715.625,0.5653,0.8929374999999999,0.6404,1.0,2.0,2.0,0.0,0.0,3313.68,5.04,3,7,2,4,26,6,0,1,5,2,1
931,20.67,138.39,5,25715.625,0.4881,0.8929374999999999,0.6965,1.0,6.0,5.0,0.0,0.0,3313.68,5.26,4,7,7,4,26,6,0,0,5,2,3
958,51.25,130.15,4,26498.0,0.9201,0.9201,1.0,1.0,4.0,4.0,0.0,0.0,3329.78,5.85,3,6,21,4,26,6,0,0,5,2,3
1050,22.36,160.54,2,25715.625,0.6216,0.8929374999999999,0.7603,1.0,2.0,2.0,0.0,0.0,3329.78,5.98,3,6,1,5,26,6,1,1,5,2,3
901,22.85,123.14,6,26341.0,0.5737,0.9146,0.6273,1.0,6.0,6.0,0.0,0.0,3373.29,6.28,4,6,8,5,26,6,1,0,5,2,0
1016,48.49,155.71,6,25715.625,0.8156,0.8929374999999999,1.0,1.0,6.0,6.0,0.0,0.0,3373.29,6.78,4,6,20,5,26,6,1,0,5,2,0
1050,16.89,162.34,2,25715.625,0.5385,0.8929374999999999,0.666,1.0,4.0,4.0,0.0,0.0,3373.29,6.99,4,6,1,6,26,6,1,1,5,2,3
1050,27.53,135.49,4,27899.0,0.8972,0.9687,0.9262,1.0,4.0,4.0,0.0,0.0,3373.29,7.31,4,5,8,6,26,6,1,0,5,2,3
866,29.19,111.09,4,28064.0,0.7554,0.9744,0.7752,1.0,4.0,4.0,0.0,0.0,3373.29,7.89,4,5,22,6,26,6,1,1,5,2,3
1008,9.79,126.0,2,28800.0,0.321,1.0,0.321,1.0,2.0,2.0,0.0,0.0,3415.18,8.21,5,5,6,0,27,6,0,0,5,2,0
1020,22.87,127.5,6,28800.0,0.7416,1.0,0.7416,1.0,6.0,6.0,0.0,0.0,3415.18,8.74,4,5,19,0,27,6,0,0,5,2,0
1018,15.55,127.25,3,28800.0,0.3892,1.0,0.5189,1.0,4.0,3.0,0.0,0.0,3415.18,8.88,4,5,22,0,27,6,0,1,5,2,0
1025,37.58,128.94,3,28617.0,0.9936,0.9936,1.0,1.0,3.0,3.0,0.0,0.0,3415.18,9.43,4,5,11,1,27,6,0,0,5,2,0
1050,26.18,132.08,5,28618.0,0.9395,0.9937,0.9455,1.0,5.0,5.0,0.0,0.0,3614.9,9.74,4,5,19,1,27,6,0,0,5,2,0
1050,13.01,131.79,7,28682.0,0.4226,0.9959,0.4243,1.0,6.0,6.0,0.0,0.0,3614.9,10.01,4,5,1,2,27,7,0,1,5,2,0
1050,15.47,131.25,4,28800.0,0.3491,1.0,0.4364,1.0,5.0,4.0,0.0,0.0,3614.9,10.47,4,5,12,2,27,7,0,0,5,2,0
1009,22.7,126.12,3,28800.0,0.6145,1.0,0.6145,1.0,3.0,3.0,0.0,0.0,3614.9,10.85,4,5,21,2,27,7,0,0,5,2,0
972,26.7,121.5,6,28800.0,0.78,1.0,0.78,1.0,6.0,6.0,0.0,0.0,3614.9,10.87,4,5,22,2,27,7,0,1,5,2,0
977,33.3,122.12,2,28800.0,1.0,1.0,1.0,1.0,2.0,2.0,0.0,0.0,3614.9,11.42,4,5,11,3,27,7,0,0,5,2,0
1046,30.38,130.75,5,28800.0,1.0,1.0,1.0,1.0,5.0,5.0,0.0,0.0,3614.9,11.57,4,5,14,3,27,7,0,0,5,2,0
990,9.31,123.75,4,28800.0,0.2812,1.0,0.2812,1.0,3.0,3.0,0.0,0.0,3614.9,11.95,3,5,0,4,27,7,0,1,5,2,0
1050,24.47,131.25,3,28800.0,0.8739,1.0,0.8739,1.0,3.0,3.0,0.0,0.0,3614.9,12.51,2,5,13,4,27,7,0,0,5,2,0
1050,29.17,131.25,2,28800.0,0.9629,1.0,0.9629,1.0,2.0,2.0,0.0,0.0,3614.9,12.54,2,5,14,4,27,7,0,0,5,2,0
993,28.19,124.12,3,28800.0,0.8916,1.0,0.8916,1.0,3.0,3.0,0.0,0.0,3614.9,12.91,2,5,23,4,27,7,0,1,5,2,0
1050,36.43,131.25,4,28800.0,1.0,1.0,1.0,1.0,4.0,4.0,0.0,0.0,3614.9,13.38,1,5,10,5,27,7,1,0,5,2,0
1050,11.63,131.25,5,28800.0,0.4094,1.0,0.4094,1.0,5.0,5.0,0.0,0.0,3614.9,13.64,1,5,16,5,27,7,1,0,5,2,0
1050,23.22,131.25,3,28800.0,0.6694,1.0,0.6694,1.0,3.0,3.0,0.0,0.0,3614.9,13.9,1,5,23,5,27,7,1,1,5,2,0
918,32.0,114.75,5,28800.0,0.801,1.0,0.801,1.0,5.0,5.0,0.0,0.0,3614.9,14.26,1,5,7,6,27,7,1,0,5,2,0
977,12.04,122.12,4,28800.0,0.3101,1.0,0.3101,1.0,4.0,4.0,0.0,0.0,3614.9,14.6,1,5,15,6,27,7,1,0,5,2,0
929,38.7,116.12,3,28800.0,0.9445,1.0,0.9445,1.0,3.0,3.0,0.0,0.0,3614.9,15.28,0,5,8,0,28,7,0,0,5,2,0
1050,44.37,131.25,6,28800.0,1.0,1.0,1.0,1.0,6.0,6.0,0.0,0.0,3614.9,15.6,0,5,15,0,28,7,0,0,5,2,0
1050,42.44,131.25,4,28800.0,1.0,1.0,1.0,1.0,4.0,4.0,0.0,0.0,3614.9,16.24,0,5,7,1,28,7,0,0,5,2,0
1036,38.47,129.5,2,28800.0,1.0,1.0,1.0,1.0,2.0,2.0,0.0,0.0,3614.9,16.64,0,5,16,1,28,7,0,0,5,2,0
1035,9.32,129.38,5,28800.0,0.3303,1.0,0.3303,1.0,2.0,2.0,0.0,0.0,3614.9,17.1,0,5,3,2,28,7,0,1,5,2,3
1050,18.9,131.25,4,28800.0,0.6468,1.0,0.6468,1.0,4.0,4.0,0.0,0.0,3614.9,17.42,0,5,11,2,28,7,0,0,5,2,3
1033,41.46,129.12,4,28800.0,1.0,1.0,1.0,1.0,4.0,4.0,0.0,0.0,3614.9,17.81,0,5,20,2,28,7,0,0,5,2,3
926,36.55,115.75,2,28800.0,1.0,1.0,1.0,1.0,2.0,2.0,0.0,0.0,3614.9,17.87,0,5,22,2,28,7,0,1,5,2,3
962,38.02,127.15,2,27238.0,0.9458,0.9458,1.0,1.0,2.0,2.0,0.0,0.0,3681.16,18.35,1,5,9,3,28,7,0,0,5,2,0
1050,20.4,149.24,4,25715.625,0.6884,0.8929374999999999,0.7827,1.0,4.0,4.0,0.0,0.0,3681.16,18.72,1,4,18,3,28,7,0,0,5,2,0
1030,50.96,147.27,4,25715.625,0.8742,0.8929374999999999,1.0,1.0,4.0,4.0,0.0,0.0,3681.16,18.86,1,4,22,3,28,7,0,1,5,2,0
1050,16.5,131.25,2,28800.0,0.5465,1.0,0.5465,1.0,2.0,2.0,0.0,0.0,3681.16,19.31,1,3,8,4,28,7,0,0,5,2,0
912,15.96,114.0,4,28800.0,0.4041,1.0,0.4041,1.0,4.0,4.0,0.0,0.0,3681.16,19.53,1,3,14,4,28,7,0,0,5,2,0
1050,40.71,131.25,3,28800.0,0.75,1.0,1.0,1.0,1.0,1.0,0.0,0.0,3681.16,19.98,1,2,0,5,28,7,1,1,5,2,0
996,17.74,140.99,3,25715.625,0.5586,0.8929374999999999,0.6325,1.0,3.0,3.0,0.0,0.0,3681.16,20.51,1,1,13,5,28,7,1,0,5,2,0
909,35.99,123.33,5,26534.0,0.8664,0.9213,0.9404,1.0,5.0,5.0,0.0,0.0,3681.16,20.56,1,1,14,5,28,7,1,0,5,2,0
911,24.52,121.61,1,26968.0,0.7538,0.9364,0.805,1.0,1.0,1.0,0.0,0.0,3681.16,20.88,1,2,22,5,28,7,1,1,5,2,0
1050,35.13,131.25,6,28800.0,1.0,1.0,1.0,1.0,6.0,6.0,0.0,0.0,3705.55,0.39,1,2,10,6,28,7,1,0,5,2,2
949,41.79,118.62,1,28800.0,0.5,1.0,1.0,1.0,2.0,1.0,0.0,0.0,3705.55,0.56,1,2,14,6,28,7,1,0,5,2,2
1050,21.0,143.18,5,26401.0,0.5894,0.9167,0.7716,1.0,6.0,5.0,0.0,0.0,3718.53,1.24,2,2,6,0,29,7,0,0,5,2,2
979,36.56,138.08,2,25715.625,0.8863,0.8929374999999999,1.0,1.0,2.0,2.0,0.0,0.0,3718.53,1.58,2,2,14,0,29,7,0,0,5,2,2
926,28.58,127.06,2,26236.0,0.8624,0.911,0.9466,1.0,3.0,3.0,0.0,0.0,3779.69,2.01,3,2,1,1,29,7,0,1,5,2,0
1050,24.0,131.25,6,28800.0,0.6719,1.0,0.6719,1.0,6.0,6.0,0.0,0.0,3779.69,2.27,3,2,7,1,29,7,0,0,5,2,0
1050,19.6,131.25,6,28800.0,0.5808,1.0,0.5808,1.0,6.0,6.0,0.0,0.0,3779.69,2.86,3,2,21,1,29,7,0,0,5,2,0
1044,45.95,130.5,3,28800.0,1.0,1.0,1.0,1.0,2.0,2.0,0.0,0.0,3779.69,2.99,3,2,0,2,29,7,0,1,5,2,0
1028,25.86,128.5,3,28800.0,0.6871,1.0,0.6871,1.0,3.0,3.0,0.0,0.0,3779.69,3.23,3,2,6,2,29,7,0,0,5,2,2
1034,48.93,129.25,6,28800.0,1.0,1.0,1.0,1.0,6.0,6.0,0.0,0.0,3779.69,3.77,3,2,19,2,29,7,0,0,5,2,2
1050,20.32,131.25,2,28800.0,0.6708,1.0,0.6708,1.0,3.0,3.0,0.0,0.0,3779.69,4.08,2,2,2,3,29,7,0,1,5,2,2
1033,39.69,129.12,5,28800.0,1.0,1.0,1.0,1.0,5.0,5.0,0.0,0.0,3779.69,4.26,2,2,7,3,29,7,0,0,5,2,0
996,36.96,124.5,4,28800.0,1.0,1.0,1.0,1.0,4.0,4.0,0.0,0.0,3826.96,4.79,2,2,20,3,29,7,0,0,5,2,0
926,38.35,115.75,3,28800.0,1.0,1.0,1.0,1.0,5.0,5.0,0.0,0.0,3826.96,5.19,2,2,5,4,29,7,0,1,5,2,0
1011,42.72,126.38,2,28800.0,1.0,1.0,1.0,1.0,2.0,2.0,0.0,0.0,3826.96,5.39,2,2,10,4,29,7,0,0,5,2,3
1050,39.86,131.25,3,28800.0,0.75,1.0,1.0,1.0,4.0,3.0,0.0,0.0,3826.96,5.67,2,2,17,4,29,7,0,0,5,2,3
1050,35.94,131.25,5,28800.0,1.0,1.0,1.0,1.0,5.0,5.0,0.0,0.0,3826.96,6.09,2,2,3,5,29,7,1,1,5,2,3
984,16.67,133.76,3,26484.0,0.5286,0.9196,0.5748,1.0,3.0,3.0,0.0,0.0,3896.96,6.53,3,2,13,5,29,7,1,0,5,2,0
1050,40.34,142.37,1,26551.0,0.461,0.9219,1.0,1.0,2.0,1.0,0.0,0.0,3896.96,6.85,3,2,21,5,29,7,1,0,5,2,0
1050,15.2,138.88,5,27217.0,0.4888,0.945,0.5173,1.0,4.0,4.0,0.0,0.0,3896.96,6.97,3,2,0,6,29,7,1,1,5,2,0
1023,29.62,127.88,2,28800.0,1.0,1.0,1.0,1.0,2.0,2.0,0.0,0.0,3896.96,7.26,3,2,7,6,29,7,1,0,5,2,0
968,11.82,121.0,4,28800.0,0.3156,1.0,0.3156,1.0,4.0,4.0,0.0,0.0,3896.96,7.83,3,2,21,6,29,7,1,0,5,2,0
1007,23.21,125.88,4,28800.0,0.7647,1.0,0.7647,1.0,3.0,3.0,0.0,0.0,3896.96,8.03,2,2,1,0,30,7,0,1,5,2,0
1050,26.59,131.25,4,28800.0,0.6271,1.0,0.7839,1.0,5.0,4.0,0.0,0.0,3896.96,8.23,2,2,6,0,30,7,0,0,5,2,0
901,14.46,112.62,6,28800.0,0.3645,1.0,0.3645,1.0,6.0,6.0,0.0,0.0,3896.96,8.69,1,2,17,0,30,7,0,0,5,2,0
1044,39.4,130.5,3,28800.0,1.0,1.0,1.0,1.0,5.0,5.0,0.0,0.0,3896.96,9.03,1,1,1,1,30,7,0,1,5,2,0
990,11.26,133.43,6,26711.0,0.34,0.9275,0.3666,1.0,6.0,6.0,0.0,0.0,3952.01,0.02,1,2,12,1,30,7,0,0,5,2,0
815,15.97,108.2,3,27116.0,0.4089,0.9415,0.4343,1.0,3.0,3.0,0.0,0.0,3952.01,0.15,1,2,15,1,30,7,0,0,5,2,0
1050,31.28,145.57,5,25967.0,0.9016,0.9016,1.0,1.0,5.0,5.0,0.0,0.0,3952.01,0.69,1,2,4,2,30,7,0,1,5,2,0
974,40.76,121.75,2,28800.0,0.6667,1.0,1.0,1.0,3.0,2.0,0.0,0.0,3952.01,1.05,1,2,13,2,30,7,0,0,5,2,0
1050,51.01,131.25,5,28800.0,0.8333,1.0,1.0,1.0,6.0,5.0,0.0,0.0,3952.01,1.11,1,2,14,2,30,7,0,0,5,2,0
878,39.99,109.75,5,28800.0,1.0,1.0,1.0,1.0,2.0,2.0,0.0,0.0,3952.01,1.68,1,2,4,3,30,7,0,1,5,2,0
1050,27.91,155.61,2,25715.625,0.8434,0.8929374999999999,1.0,1.0,2.0,2.0,0.0,0.0,3952.01,1.87,1,2,8,3,30,7,0,0,5,2,0
789,24.99,118.93,4,25715.625,0.6506,0.8929374999999999,0.7846,1.0,4.0,4.0,0.0,0.0,3952.01,2.09,1,2,14,3,30,7,0,0,5,2,3
862,26.34,133.62,2,25715.625,0.7393,0.8929374999999999,0.9168,1.0,2.0,2.0,0.0,0.0,3962.7,0.05,1,3,23,3,30,7,0,1,5,2,3
1050,9.68,136.01,3,27792.0,0.3358,0.965,0.348,1.0,3.0,3.0,0.0,0.0,3962.7,0.35,1,3,7,4,30,7,0,0,5,2,3
1050,33.24,137.52,3,27486.0,0.9544,0.9544,1.0,1.0,3.0,3.0,0.0,0.0,4010.36,0.65,2,3,14,4,30,7,0,0,5,2,0
1050,9.86,136.76,6,27639.0,0.3267,0.9597,0.3404,1.0,7.0,7.0,0.0,0.0,4010.36,1.22,2,3,4,5,30,7,1,1,5,2,0
977,35.98,122.12,3,28800.0,0.9855,1.0,0.9855,1.0,3.0,3.0,0.0,0.0,4010.36,1.42,1,3,8,5,30,7,1,0,5,2,0
1050,18.84,131.25,7,28800.0,0.6501,1.0,0.6501,1.0,3.0,3.0,0.0,0.0,4010.36,2.09,1,3,1,6,30,7,1,1,5,2,0
918,25.3,127.32,4,25956.0,0.6983,0.9012,0.7749,1.0,4.0,4.0,0.0,0.0,4010.36,2.34,1,3,7,6,30,7,1,0,5,2,0
1050,19.89,173.66124,2,25715.625,0.556,0.8929374999999999,0.7663,1.0,2.0,2.0,0.0,0.0,4132.81,0.14,1,4,18,6,30,7,1,0,5,2,0
1050,36.47,163.44,3,25715.625,0.8031,0.8929374999999999,1.0,1.0,6.0,6.0,0.0,0.0,4132.81,0.52,1,4,3,0,31,7,0,1,5,2,0
840,33.23,105.0,2,28800.0,0.8193,1.0,0.8193,1.0,2.0,2.0,0.0,0.0,4132.81,0.86,1,4,11,0,31,7,0,0,5,2,0
957,27.17,119.62,6,28800.0,0.7962,1.0,0.7962,1.0,6.0,6.0,0.0,0.0,4132.81,1.02,1,4,15,0,31,7,0,0,5,2,0
978,30.13,122.25,6,28800.0,0.8632,1.0,0.8632,1.0,5.0,5.0,0.0,0.0,4132.81,1.49,1,4,2,1,31,7,0,1,5,2,0
1050,21.87,131.25,5,28800.0,0.7649,1.0,0.7649,1.0,5.0,5.0,0.0,0.0,4132.81,1.94,1,4,13,1,31,7,0,0,5,2,0
999,16.38,124.88,5,28800.0,0.4379,1.0,0.5255,1.0,6.0,5.0,0.0,0.0,4132.81,2.07,1,4,16,1,31,7,0,0,5,2,0
1003,29.55,125.38,5,28800.0,0.9724,1.0,0.9724,1.0,2.0,2.0,0.0,0.0,4132.81,2.43,1,4,1,2,31,7,0,1,5,2,0
1050,22.46,131.25,4,28800.0,0.7999,1.0,0.7999,1.0,4.0,4.0,0.0,0.0,4132.81,2.65,1,4,6,2,31,7,0,0,5,2,0
928,25.52,116.0,3,28800.0,0.4597,1.0,0.6129,1.0,4.0,3.0,0.0,0.0,4132.81,3.01,1,4,15,2,31,7,0,0,5,2,0
827,12.12,103.38,2,28800.0,0.28,1.0,0.28,1.0,3.0,3.0,0.0,0.0,4132.81,3.45,1,4,1,3,31,7,0,1,5,2,0
1050,8.87,131.25,5,28800.0,0.2982,1.0,0.2982,1.0,5.0,5.0,0.0,0.0,4132.81,3.7,1,4,7,3,31,7,0,0,5,2,0
1050,19.17,131.25,4,28800.0,0.6982,1.0,0.6982,1.0,4.0,4.0,0.0,0.0,4132.81,4.13,1,4,18,3,31,7,0,0,5,2,3
1050,23.98,131.25,3,28800.0,0.6559,1.0,0.6559,1.0,3.0,3.0,0.0,0.0,4132.81,4.32,1,4,22,3,31,7,0,1,5,2,3
1050,10.36,141.95,2,26630.0,0.3285,0.9247,0.3553,1.0,2.0,2.0,0.0,0.0,4132.81,4.7,1,4,7,4,31,7,0,0,5,2,3
977,33.69,128.51,5,27369.0,0.9503,0.9503,1.0,1.0,5.0,5.0,0.0,0.0,4132.81,5.15,1,4,18,4,31,7,0,0,5,2,0
1036,16.75,135.25,1,27576.0,0.1531,0.9575,0.4798,1.0,4.0,4.0,0.0,0.0,4137.99,5.5,1,4,3,5,31,8,1,1,5,2,0
1050,34.57,131.25,4,28800.0,1.0,1.0,1.0,1.0,4.0,4.0,0.0,0.0,4137.99,6.47,1,4,2,6,31,8,1,1,5,2,0
794,15.69,125.78,6,25715.625,0.3347,0.8929374999999999,0.4242,1.0,6.0,6.0,0.0,0.0,55.36,0.09,0,1,17,0,6,2,0,0,4,2,2
741,14.29,96.05,3,27774.0,0.308,0.9644,0.3194,1.0,3.0,3.0,0.0,0.0,55.36,0.78,0,1,9,1,6,2,0,0,4,2,2
774,25.4,105.63,2,26380.0,0.6786,0.916,0.7408,1.0,2.0,2.0,0.0,0.0,211.93,1.15,1,1,18,1,6,2,0,0,4,2,0
771,20.87,105.0,3,26434.0,0.4915,0.9178,0.5355,1.0,4.0,4.0,0.0,0.0,211.93,1.41,1,1,0,2,6,2,0,1,4,2,0
705,10.34,88.12,2,28800.0,0.2206,1.0,0.2206,1.0,2.0,2.0,0.0,0.0,211.93,1.86,1,1,11,2,6,2,0,0,4,2,0
694,41.43,86.75,5,28800.0,0.9511,1.0,0.9511,1.0,5.0,5.0,0.0,0.0,211.93,2.21,1,1,19,2,6,2,0,0,4,2,0
760,42.61,95.0,4,28800.0,1.0,1.0,1.0,1.0,3.0,3.0,0.0,0.0,211.93,2.6,1,1,5,3,6,2,0,1,4,2,0
694,26.13,86.75,3,28800.0,0.4621,1.0,0.6162,1.0,4.0,3.0,0.0,0.0,211.93,2.72,1,1,8,3,6,2,0,0,4,2,0
707,18.02,88.38,5,28800.0,0.4195,1.0,0.4195,1.0,5.0,5.0,0.0,0.0,211.93,3.04,1,1,16,3,6,2,0,0,4,2,0
605,35.54,75.62,3,28800.0,0.7109,1.0,0.7109,1.0,3.0,3.0,0.0,0.0,211.93,3.46,1,1,2,4,6,2,0,1,4,2,0
724,28.16,90.5,4,28800.0,0.6458,1.0,0.6458,1.0,4.0,4.0,0.0,0.0,211.93,3.76,1,1,9,4,6,2,0,0,4,2,0
866,27.61,108.25,5,28800.0,0.7181,1.0,0.7181,1.0,5.0,5.0,0.0,0.0,211.93,4.02,1,1,15,4,6,2,0,0,4,2,0
692,30.38,86.5,3,28800.0,0.619,1.0,0.619,1.0,4.0,4.0,0.0,0.0,211.93,4.44,1,1,1,5,6,2,1,1,4,2,0
725,28.94,90.62,3,28800.0,0.684,1.0,0.684,1.0,3.0,3.0,0.0,0.0,211.93,4.69,1,1,7,5,6,2,1,0,4,2,0
907,36.77,113.38,3,28800.0,1.0,1.0,1.0,1.0,3.0,3.0,0.0,0.0,211.93,4.98,1,1,14,5,6,2,1,0,4,2,0
681,14.58,85.12,4,28800.0,0.2641,1.0,0.2641,1.0,2.0,2.0,0.0,0.0,211.93,5.45,1,1,1,6,6,2,1,1,4,2,0
804,37.89,100.5,4,28800.0,1.0,1.0,1.0,1.0,4.0,4.0,0.0,0.0,211.93,5.84,1,1,11,6,6,2,1,0,4,2,0
760,30.64,95.0,4,28800.0,0.4029,1.0,0.6043,1.0,6.0,4.0,0.0,0.0,211.93,6.15,1,1,18,6,6,2,1,0,4,2,0
809,24.04,101.12,2,28800.0,0.6514,1.0,0.6514,1.0,2.0,2.0,0.0,0.0,211.93,6.3,1,1,22,6,6,2,1,1,4,2,0
636,41.68,79.5,4,28800.0,0.7164,1.0,0.7164,1.0,4.0,4.0,0.0,0.0,211.93,6.67,1,1,7,0,7,2,0,0,4,2,0
776,36.92,97.0,3,28800.0,0.966,1.0,0.966,1.0,3.0,3.0,0.0,0.0,211.93,7.17,1,1,19,0,7,2,0,0,4,2,0
819,23.46,102.38,3,28800.0,0.5724,1.0,0.5724,1.0,3.0,3.0,0.0,0.0,211.93,7.42,1,1,1,1,7,2,0,1,4,2,0
817,13.69,109.81,3,26785.0,0.299,0.93,0.3215,1.0,3.0,3.0,0.0,0.0,266.92,7.71,2,1,8,1,7,2,0,0,4,2,0
732,17.99,95.25,4,27665.0,0.345,0.9606,0.3591,1.0,4.0,4.0,0.0,0.0,266.92,8.23,1,1,20,1,7,2,0,0,4,2,0
745,14.99,99.22,3,27031.0,0.3384,0.9386,0.3605,1.0,5.0,5.0,0.0,0.0,266.92,8.61,1,1,5,2,7,2,0,1,4,2,0
701,23.83,87.62,2,28800.0,0.4527,1.0,0.4527,1.0,2.0,2.0,0.0,0.0,266.92,8.68,1,1,7,2,7,2,0,0,4,2,0
832,19.28,104.0,6,28800.0,0.5012,1.0,0.5012,1.0,6.0,6.0,0.0,0.0,266.92,9.11,1,1,17,2,7,2,0,0,4,2,1
837,9.21,104.62,5,28800.0,0.2328,1.0,0.2328,1.0,5.0,5.0,0.0,0.0,266.92,9.37,1,1,23,2,7,2,0,1,4,2,1
819,47.91,111.36,4,26477.0,0.9193,0.9193,1.0,1.0,4.0,4.0,0.0,0.0,266.92,9.86,2,1,11,3,7,2,0,0,4,2,0
781,33.54,108.69,1,25868.0,0.4469,0.8982,0.9951,1.0,2.0,1.0,0.0,0.0,334.78,10.15,2,1,18,3,7,2,0,0,4,2,0
694,48.44,95.77,6,26087.0,0.9058,0.9058,1.0,1.0,6.0,6.0,0.0,0.0,334.78,10.3,2,1,22,3,7,2,0,1,4,2,0
794,23.07,99.25,5,28800.0,0.5677,1.0,0.5677,1.0,5.0,5.0,0.0,0.0,334.78,10.89,2,1,12,4,7,2,0,0,4,2,0
686,42.93,85.75,4,28800.0,0.8222,1.0,0.8222,1.0,4.0,4.0,0.0,0.0,334.78,11.22,2,1,20,4,7,2,0,0,4,2,0
813,18.52,101.62,3,28800.0,0.52,1.0,0.52,1.0,3.0,3.0,0.0,0.0,334.78,11.32,2,1,22,4,7,2,0,1,4,2,0
647,40.61,80.88,5,28800.0,0.7744,1.0,0.7744,1.0,5.0,5.0,0.0,0.0,334.78,11.82,2,1,10,5,7,2,1,0,4,2,0
768,19.14,96.0,3,28800.0,0.5051,1.0,0.5051,1.0,5.0,5.0,0.0,0.0,334.78,12.58,2,1,5,6,7,2,1,1,4,2,0
820,9.69,105.72,4,27923.0,0.1526,0.9695,0.2361,1.0,6.0,4.0,0.0,0.0,334.78,12.65,2,1,6,6,7,2,1,0,4,2,0
750,42.97,95.98,6,28131.0,0.9662,0.9768,0.9891,1.0,6.0,6.0,0.0,0.0,493.96,13.14,3,1,18,6,7,2,1,0,4,2,0
710,26.67,90.12,5,28362.0,0.5929,0.9848,0.6021,1.0,3.0,3.0,0.0,0.0,493.96,13.55,3,1,4,0,8,2,0,1,4,2,0
824,37.6,103.0,6,28800.0,0.8017,1.0,0.8017,1.0,6.0,6.0,0.0,0.0,493.96,13.72,3,1,8,0,8,2,0,0,4,2,0
730,19.19,91.25,4,28800.0,0.4497,1.0,0.4497,1.0,4.0,4.0,0.0,0.0,493.96,14.28,3,1,21,0,8,2,0,0,4,2,0
740,48.83,92.5,3,28800.0,1.0,1.0,1.0,1.0,4.0,4.0,0.0,0.0,493.96,14.38,3,1,0,1,8,2,0,1,4,2,0
745,29.87,93.12,6,28800.0,0.6847,1.0,0.6847,1.0,6.0,6.0,0.0,0.0,493.96,14.64,2,1,6,1,8,2,0,0,4,2,0
678,37.56,84.75,2,28800.0,0.5866,1.0,0.8798,1.0,3.0,2.0,0.0,0.0,493.96,15.06,2,1,16,1,8,2,0,0,4,2,0
707,43.99,88.38,4,28800.0,0.9405,1.0,0.9405,1.0,4.0,4.0,0.0,0.0,493.96,15.35,2,1,23,1,8,2,0,1,4,2,0
784,12.98,98.0,3,28800.0,0.2714,1.0,0.2714,1.0,3.0,3.0,0.0,0.0,493.96,15.81,2,1,10,2,8,2,0,0,4,2,0
731,38.45,91.38,3,28800.0,0.9252,1.0,0.9252,1.0,3.0,3.0,0.0,0.0,493.96,16.07,2,1,16,2,8,2,0,0,4,2,0
813,13.73,101.62,4,28800.0,0.3173,1.0,0.3173,1.0,1.0,1.0,0.0,0.0,493.96,16.5,2,1,3,3,8,2,0,1,4,2,0
885,16.57,110.62,5,28800.0,0.3896,1.0,0.3896,1.0,5.0,5.0,0.0,0.0,493.96,16.87,1,1,11,3,8,2,0,0,4,2,0
752,25.15,94.0,2,28800.0,0.5747,1.0,0.5747,1.0,2.0,2.0,0.0,0.0,493.96,17.16,1,1,18,3,8,2,0,0,4,2,0
808,49.61,101.0,1,28800.0,1.0,1.0,1.0,1.0,4.0,4.0,0.0,0.0,493.96,17.49,1,1,2,4,8,2,0,1,4,2,0
705,36.24,88.12,6,28800.0,0.7997,1.0,0.7997,1.0,6.0,6.0,0.0,0.0,493.96,17.92,1,1,13,4,8,2,0,0,4,2,0
664,26.4,83.0,5,28800.0,0.4486,1.0,0.5383,1.0,6.0,5.0,0.0,0.0,493.96,18.09,1,1,17,4,8,2,0,0,4,2,0
655,23.94,81.88,4,28800.0,0.408,1.0,0.408,1.0,2.0,2.0,0.0,0.0,493.96,18.54,1,1,3,5,8,2,1,1,4,2,0
777,20.65,98.49,5,28401.0,0.502,0.9861,0.5091,1.0,5.0,5.0,0.0,0.0,493.96,18.79,1,1,9,5,8,2,1,0,4,2,0
655,41.18,84.65,5,27855.0,0.6241,0.9672,0.7743,1.0,6.0,5.0,0.0,0.0,493.96,19.1,1,1,17,5,8,2,1,0,4,2,0
727,45.27,92.3,2,28356.0,0.8857,0.9846,0.8996,1.0,4.0,4.0,0.0,0.0,610.7,19.41,1,1,0,6,8,2,1,1,4,2,0
743,45.04,92.88,5,28800.0,0.9066,1.0,0.9066,1.0,5.0,5.0,0.0,0.0,610.7,19.86,0,1,11,6,8,2,1,0,4,2,0
698,26.32,87.25,6,28800.0,0.509,1.0,0.509,1.0,6.0,6.0,0.0,0.0,610.7,20.03,0,1,15,6,8,2,1,0,4,2,0
762,10.27,95.25,4,28800.0,0.2418,1.0,0.2418,1.0,5.0,5.0,0.0,0.0,610.7,20.58,0,1,5,0,9,2,0,1,4,2,0
751,49.88,93.88,5,28800.0,1.0,1.0,1.0,1.0,5.0,5.0,0.0,0.0,610.7,20.94,0,1,13,0,9,2,0,0,4,2,0
807,47.57,100.88,4,28800.0,1.0,1.0,1.0,1.0,4.0,4.0,0.0,0.0,610.7,21.14,0,1,18,0,9,2,0,0,4,2,0
744,17.69,93.0,5,28800.0,0.3787,1.0,0.3787,1.0,5.0,5.0,0.0,0.0,610.7,21.33,0,1,22,0,9,2,0,1,4,2,0
750,26.17,93.75,5,28800.0,0.5015,1.0,0.6018,1.0,6.0,5.0,0.0,0.0,610.7,21.78,0,1,9,1,9,2,0,0,4,2,0
781,17.46,97.62,5,28800.0,0.3787,1.0,0.4545,1.0,6.0,5.0,0.0,0.0,610.7,22.07,0,1,16,1,9,2,0,0,4,2,0
604,31.19,75.5,2,28800.0,0.6411,1.0,0.6411,1.0,2.0,2.0,0.0,0.0,610.7,22.34,0,1,23,1,9,2,0,1,4,2,0
737,32.99,92.12,5,28800.0,0.7219,1.0,0.7219,1.0,5.0,5.0,0.0,0.0,610.7,22.78,0,1,9,2,9,2,0,0,4,2,0
763,36.87,95.38,3,28800.0,0.9296,1.0,0.9296,1.0,3.0,3.0,0.0,0.0,610.7,23.04,0,1,15,2,9,2,0,0,4,2,0
727,15.67,90.88,4,28800.0,0.3605,1.0,0.3605,1.0,5.0,5.0,0.0,0.0,610.7,23.46,0,1,2,3,9,2,0,1,4,2,0
650,13.68,86.85,5,26944.0,0.1907,0.9356,0.2446,1.0,6.0,5.0,0.0,0.0,610.7,23.95,0,1,13,3,9,2,0,0,4,2,0
611,28.79,84.01,2,26182.0,0.3144,0.9091,0.5188,1.0,3.0,2.0,0.0,0.0,610.7,24.27,0,2,21,3,9,2,0,0,4,2,0
807,28.1,111.2,5,26125.0,0.6083,0.9071,0.6706,1.0,3.0,3.0,0.0,0.0,622.83,0.17,0,2,3,4,9,2,0,1,4,2,0
683,25.63,89.73,4,27403.0,0.5656,0.9515,0.5944,1.0,4.0,4.0,0.0,0.0,622.83,0.53,0,2,11,4,9,2,0,0,4,2,0
784,10.66,101.06,5,27927.0,0.2194,0.9697,0.2715,1.0,6.0,5.0,0.0,0.0,717.12,0.91,0,2,21,4,9,2,0,0,4,2,0
684,41.61,90.67,3,27159.0,0.7742,0.943,0.821,1.0,2.0,2.0,0.0,0.0,717.12,1.08,0,2,1,5,9,2,1,1,4,2,0
639,14.51,79.88,2,28800.0,0.2813,1.0,0.2813,1.0,2.0,2.0,0.0,0.0,717.12,1.36,0,2,7,5,9,2,1,0,4,2,0
733,11.92,91.62,3,28800.0,0.2578,1.0,0.2578,1.0,3.0,3.0,0.0,0.0,717.12,1.77,0,2,17,5,9,2,1,0,4,2,0
694,13.61,86.75,2,28800.0,0.2793,1.0,0.2793,1.0,2.0,2.0,0.0,0.0,717.12,2.02,0,2,23,5,9,2,1,1,4,2,0
736,43.2,92.0,2,28800.0,0.9619,1.0,0.9619,1.0,2.0,2.0,0.0,0.0,717.12,2.56,0,2,12,6,9,3,1,0,4,2,0
743,36.67,92.88,6,28800.0,0.9272,1.0,0.9272,1.0,6.0,6.0,0.0,0.0,717.12,2.72,0,2,16,6,9,3,1,0,4,2,0
762,37.6,95.25,5,28800.0,0.9708,1.0,0.9708,1.0,5.0,5.0,0.0,0.0,717.12,3.48,0,2,10,0,10,3,0,0,4,2,0
700,41.29,87.5,4,28800.0,0.9572,1.0,0.9572,1.0,4.0,4.0,0.0,0.0,717.12,3.77,0,2,17,0,10,3,0,0,4,2,0
667,45.61,83.38,4,28800.0,0.7962,1.0,0.7962,1.0,4.0,4.0,0.0,0.0,717.12,4.52,0,3,11,1,10,3,0,0,4,2,0
825,15.23,103.12,3,28800.0,0.3263,1.0,0.4351,1.0,4.0,3.0,0.0,0.0,820.92,4.93,0,3,21,1,10,3,0,0,4,2,0
807,22.02,100.88,3,28800.0,0.5823,1.0,0.5823,1.0,3.0,3.0,0.0,0.0,820.92,4.98,0,3,22,1,10,3,0,1,4,2,0
804,14.84,100.5,3,28800.0,0.3894,1.0,0.3894,1.0,3.0,3.0,0.0,0.0,820.92,5.31,0,3,6,2,10,3,0,0,4,2,0
637,9.05,79.62,3,28800.0,0.1838,1.0,0.1838,1.0,3.0,3.0,0.0,0.0,820.92,5.79,0,2,18,2,10,3,0,0,4,2,0
516,32.81,64.5,4,28800.0,0.4504,1.0,0.4504,1.0,4.0,4.0,0.0,0.0,820.92,5.98,0,2,22,2,10,3,0,1,4,2,0
858,20.84,107.25,4,28800.0,0.378,1.0,0.4725,1.0,5.0,4.0,0.0,0.0,820.92,6.56,0,2,12,3,10,3,0,0,4,2,0
788,24.27,98.5,5,28800.0,0.4985,1.0,0.4985,1.0,5.0,5.0,0.0,0.0,820.92,6.66,0,2,15,3,10,3,0,0,4,2,0
829,47.12,103.62,5,28800.0,1.0,1.0,1.0,1.0,5.0,5.0,0.0,0.0,820.92,7.0,0,2,23,3,10,3,0,1,4,2,0
560,35.16,70.0,6,28800.0,0.6286,1.0,0.6286,1.0,6.0,6.0,0.0,0.0,820.92,7.58,0,2,13,4,10,3,0,0,4,2,0
735,41.46,91.88,5,28800.0,0.9961,1.0,0.9961,1.0,5.0,5.0,0.0,0.0,820.92,7.63,0,2,14,4,10,3,0,0,4,2,0
713,29.09,89.12,5,28800.0,0.6377,1.0,0.6377,1.0,5.0,5.0,0.0,0.0,820.92,7.96,0,2,22,4,10,3,0,1,4,2,0
757,10.9,94.62,3,28800.0,0.245,1.0,0.245,1.0,3.0,3.0,0.0,0.0,820.92,8.56,0,2,12,5,10,3,1,0,4,2,2
686,27.17,85.75,2,28800.0,0.5162,1.0,0.5162,1.0,2.0,2.0,0.0,0.0,820.92,8.69,0,2,15,5,10,3,1,0,4,2,2
764,41.82,95.5,5,28800.0,1.0,1.0,1.0,1.0,4.0,4.0,0.0,0.0,828.34,9.13,1,2,2,6,10,3,1,1,4,2,2
674,34.21,92.5,5,26232.0,0.5655,0.9108,0.7451,1.0,6.0,5.0,0.0,0.0,852.19,9.52,2,2,11,6,10,3,1,0,4,2,0
744,31.57,97.74,2,27403.0,0.6045,0.9515,0.6353,1.0,2.0,2.0,0.0,0.0,852.19,9.79,2,2,18,6,10,3,1,0,4,2,0
671,32.67,93.1,4,25945.0,0.6757,0.9009,0.75,1.0,5.0,5.0,0.0,0.0,852.19,10.1,2,2,1,0,11,3,0,1,4,2,0
807,31.34,104.28,6,27860.0,0.8541,0.9674,0.8829,1.0,6.0,6.0,0.0,0.0,852.19,10.32,2,2,6,0,11,3,0,0,4,2,3
649,21.05,86.02,2,27161.0,0.3581,0.9431,0.3797,1.0,2.0,2.0,0.0,0.0,872.28,10.63,2,2,14,0,11,3,0,0,4,2,3
756,16.53,97.79,5,27832.0,0.4336,0.9664,0.4487,1.0,4.0,4.0,0.0,0.0,872.28,11.12,2,2,2,1,11,3,0,1,4,2,3
786,14.11,100.05,3,28282.0,0.3355,0.982,0.3416,1.0,3.0,3.0,0.0,0.0,913.27,11.41,3,2,9,1,11,3,0,0,4,2,0
783,44.95,99.7,2,28274.0,0.9056,0.9817,0.9225,1.0,2.0,2.0,0.0,0.0,913.27,11.65,3,2,14,1,11,3,0,0,4,2,0
840,47.77,108.22,4,27943.0,0.9702,0.9702,1.0,1.0,6.0,6.0,0.0,0.0,913.27,12.26,3,2,5,2,11,3,0,1,4,2,3
629,9.16,78.62,2,28800.0,0.1767,1.0,0.1767,1.0,2.0,2.0,0.0,0.0,913.27,12.58,3,2,13,2,11,3,0,0,4,2,3
702,25.52,87.75,6,28800.0,0.4643,1.0,0.4643,1.0,6.0,6.0,0.0,0.0,913.27,12.79,3,2,18,2,11,3,0,0,4,2,3
780,10.9,97.5,6,28800.0,0.2576,1.0,0.2576,1.0,3.0,3.0,0.0,0.0,994.35,13.11,4,2,1,3,11,3,0,1,4,2,0
764,41.48,97.08,2,28330.0,0.8261,0.9837,0.8398,1.0,2.0,2.0,0.0,0.0,994.35,13.5,4,2,11,3,11,3,0,0,4,2,0
785,41.11,99.16,2,28499.0,0.9895,0.9895,1.0,1.0,2.0,2.0,0.0,0.0,994.35,13.65,4,2,14,3,11,3,0,0,4,2,0
703,16.84,89.52,3,28272.0,0.3061,0.9817,0.3118,1.0,8.0,8.0,0.0,0.0,994.35,14.19,4,2,3,4,11,3,0,1,4,2,0
875,33.25,109.38,3,28800.0,0.7474,1.0,0.9965,1.0,4.0,3.0,0.0,0.0,994.35,14.51,4,2,11,4,11,3,0,0,4,2,0
609,25.59,76.12,2,28800.0,0.4737,1.0,0.4737,1.0,2.0,2.0,0.0,0.0,994.35,14.89,4,2,20,4,11,3,0,0,4,2,0
789,37.18,98.62,8,28800.0,0.7624,1.0,0.7624,1.0,4.0,4.0,0.0,0.0,994.35,15.1,4,2,1,5,11,3,1,1,4,2,0
745,20.08,93.12,6,28800.0,0.4886,1.0,0.4886,1.0,6.0,6.0,0.0,0.0,994.35,15.37,4,2,8,5,11,3,1,0,4,2,0
745,44.78,93.12,6,28800.0,0.9106,1.0,0.9106,1.0,6.0,6.0,0.0,0.0,994.35,15.77,4,2,17,5,11,3,1,0,4,2,0
795,42.39,99.38,4,28800.0,0.8958,1.0,0.8958,1.0,5.0,5.0,0.0,0.0,994.35,16.23,3,2,4,6,11,3,1,1,4,2,0
671,51.26,84.92,4,28447.0,0.9016,0.9877,0.9128,1.0,4.0,4.0,0.0,0.0,1068.52,16.6,2,2,13,6,11,3,1,0,4,2,0
790,14.44,99.56,5,28565.0,0.3895,0.9918,0.3927,1.0,5.0,5.0,0.0,0.0,1068.52,16.92,2,2,21,6,11,3,1,0,4,2,0
714,35.98,89.9,5,28591.0,0.8216,0.9927,0.8276,1.0,6.0,5.0,0.0,0.0,1068.52,17.1,2,2,1,0,12,3,0,1,4,2,0
774,9.25,96.75,6,28800.0,0.2408,1.0,0.2408,1.0,6.0,6.0,0.0,0.0,1068.52,17.55,2,2,12,0,12,3,0,0,4,2,0
845,40.13,105.62,2,28800.0,0.9095,1.0,0.9095,1.0,2.0,2.0,0.0,0.0,1068.52,17.72,2,2,16,0,12,3,0,0,4,2,0
840,31.36,105.0,5,28800.0,0.7272,1.0,0.8727,1.0,6.0,6.0,0.0,0.0,1068.52,18.06,2,2,0,1,12,3,0,1,4,2,0
639,52.13,79.88,4,28800.0,0.8698,1.0,0.8698,1.0,4.0,4.0,0.0,0.0,1068.52,18.48,1,2,10,1,12,3,0,0,4,2,0
747,39.2,93.38,5,28800.0,0.9963,1.0,0.9963,1.0,5.0,5.0,0.0,0.0,1068.52,18.87,1,2,20,1,12,3,0,0,4,2,3
703,29.94,87.88,6,28800.0,0.5736,1.0,0.5736,1.0,6.0,6.0,0.0,0.0,1068.52,19.02,1,2,23,1,12,3,0,1,4,2,3
636,15.33,87.79,5,26081.0,0.2902,0.9056,0.3204,1.0,5.0,5.0,0.0,0.0,1068.52,19.29,1,2,6,2,12,3,0,0,4,2,3
804,30.01,116.87,5,25715.625,0.783,0.8929374999999999,0.9106,1.0,5.0,5.0,0.0,0.0,1109.32,19.69,2,2,15,2,12,3,0,0,4,2,0
803,9.85,120.28,2,25715.625,0.2549,0.8929374999999999,0.3054,1.0,6.0,6.0,0.0,0.0,1109.32,20.26,1,2,5,3,12,3,0,1,4,2,0
879,11.72,109.88,4,28800.0,0.3028,1.0,0.3028,1.0,4.0,4.0,0.0,0.0,1109.32,20.47,1,2,10,3,12,3,0,0,4,2,0
774,21.03,96.75,4,28800.0,0.5034,1.0,0.5034,1.0,4.0,4.0,0.0,0.0,1109.32,20.75,1,2,17,3,12,3,0,0,4,2,0
784,18.3,98.0,6,28800.0,0.3923,1.0,0.3923,1.0,2.0,2.0,0.0,0.0,1109.32,21.05,1,2,0,4,12,3,0,1,4,2,0
857,24.61,109.95,2,28060.0,0.6085,0.9743,0.6246,1.0,2.0,2.0,0.0,0.0,1109.32,21.29,1,2,6,4,12,3,0,0,4,2,0
787,47.26,101.38,6,27946.0,0.9703,0.9703,1.0,1.0,6.0,6.0,0.0,0.0,1143.5,21.63,1,2,14,4,12,3,0,0,4,2,0
685,26.43,88.47,2,27873.0,0.499,0.9678,0.5156,1.0,4.0,3.0,0.0,0.0,1143.5,22.16,1,2,3,5,12,3,1,1,4,2,1
857,40.22,109.44,3,28190.0,0.9141,0.9788,0.9339,1.0,3.0,3.0,0.0,0.0,1143.5,22.55,1,2,12,5,12,3,1,0,4,2,1
792,12.82,101.79,2,28010.0,0.3003,0.9726,0.3088,1.0,2.0,2.0,0.0,0.0,1143.5,22.83,1,2,19,5,12,3,1,0,4,2,1
865,9.6,110.94,3,28069.0,0.216,0.9746,0.2955,1.0,1.0,1.0,0.0,0.0,1217.11,23.21,2,2,4,6,12,3,1,1,4,2,0
683,32.58,85.38,3,28800.0,0.7518,1.0,0.7518,1.0,3.0,3.0,0.0,0.0,1217.11,23.44,2,2,9,6,12,3,1,0,4,2,0
731,50.0,91.38,3,28800.0,0.9896,1.0,0.9896,1.0,3.0,3.0,0.0,0.0,1217.11,23.78,2,2,18,6,12,3,1,0,4,2,0
785,45.66,98.12,1,28800.0,1.0,1.0,1.0,1.0,5.0,5.0,0.0,0.0,1217.11,24.16,2,2,3,0,13,3,0,1,4,2,0
843,25.64,105.38,6,28800.0,0.5752,1.0,0.5752,1.0,6.0,6.0,0.0,0.0,1217.11,24.54,2,2,12,0,13,3,0,0,4,2,0
812,33.0,101.5,5,28800.0,0.7291,1.0,0.7291,1.0,5.0,5.0,0.0,0.0,1217.11,24.783749,2,2,18,0,13,3,0,0,4,2,0
713,19.69,89.12,5,28800.0,0.3815,1.0,0.3815,1.0,4.0,4.0,0.0,0.0,1217.11,24.783749,2,2,2,1,13,3,0,1,4,2,2
722,20.45,96.37,3,26971.0,0.4407,0.9365,0.4706,1.0,3.0,3.0,0.0,0.0,1217.11,24.783749,2,2,8,1,13,3,0,0,4,2,2
749,35.57,100.33,4,26875.0,0.8018,0.9332,0.8592,1.0,4.0,4.0,0.0,0.0,1217.11,24.783749,2,2,17,1,13,3,0,0,4,2,2
783,20.27,104.85,4,26884.0,0.494,0.9335,0.5292,1.0,3.0,3.0,0.0,0.0,1422.63,24.783749,3,2,0,2,13,3,0,1,4,2,0
847,23.62,105.88,2,28800.0,0.6441,1.0,0.6441,1.0,2.0,2.0,0.0,0.0,1422.63,24.783749,3,2,6,2,13,3,0,0,4,2,0
814,42.99,101.75,2,28800.0,1.0,1.0,1.0,1.0,2.0,2.0,0.0,0.0,1422.63,24.783749,2,2,15,2,13,3,0,0,4,2,0
705,37.8,88.12,3,28800.0,0.8761,1.0,0.8761,1.0,3.0,2.0,0.0,0.0,1422.63,24.783749,2,2,3,3,13,3,0,1,4,2,0
702,15.76,87.75,3,28800.0,0.3503,1.0,0.3503,1.0,3.0,3.0,0.0,0.0,1422.63,24.783749,2,2,12,3,13,3,0,0,4,2,0
775,30.07,96.88,2,28800.0,0.8078,1.0,0.8078,1.0,2.0,2.0,0.0,0.0,1422.63,24.783749,2,2,15,3,13,3,0,0,4,2,0
606,26.66,75.75,2,28800.0,0.3075,1.0,0.4612,1.0,5.0,5.0,0.0,0.0,1422.63,24.783749,2,2,3,4,13,3,0,1,4,2,0
742,11.16,92.75,4,28800.0,0.2373,1.0,0.2373,1.0,4.0,4.0,0.0,0.0,1422.63,24.783749,2,2,8,4,13,3,0,0,4,2,0
679,20.98,84.88,3,28800.0,0.4927,1.0,0.4927,1.0,3.0,3.0,0.0,0.0,1422.63,24.783749,2,2,18,4,13,3,0,0,4,2,0
708,19.65,88.5,5,28800.0,0.4233,1.0,0.4233,1.0,6.0,6.0,0.0,0.0,1422.63,24.783749,2,2,2,5,13,3,1,1,4,2,0
664,43.77,83.0,2,28800.0,0.9222,1.0,0.9222,1.0,2.0,2.0,0.0,0.0,1422.63,24.783749,2,2,7,5,13,3,1,0,4,2,0
797,25.45,99.62,4,28800.0,0.6564,1.0,0.6564,1.0,4.0,4.0,0.0,0.0,1422.63,24.783749,2,2,15,5,13,3,1,0,4,2,0
778,29.54,97.25,6,28800.0,0.7977,1.0,0.7977,1.0,4.0,4.0,0.0,0.0,1422.63,24.783749,1,1,2,6,13,3,1,1,4,2,0
820,20.56,102.5,4,28800.0,0.4778,1.0,0.4778,1.0,4.0,4.0,0.0,0.0,1422.63,24.783749,1,1,11,6,13,3,1,0,4,2,0
691,29.2,86.38,5,28800.0,0.523,1.0,0.523,1.0,5.0,5.0,0.0,0.0,1422.63,24.783749,1,1,17,6,13,3,1,0,4,2,0
661,21.51,82.62,4,28800.0,0.4161,1.0,0.4161,1.0,4.0,4.0,0.0,0.0,1422.63,24.783749,1,1,5,0,14,3,0,1,4,2,0
728,30.72,91.0,4,28800.0,0.3864,1.0,0.5796,1.0,6.0,4.0,0.0,0.0,1422.63,24.783749,1,1,12,0,14,3,0,0,4,2,0
791,11.01,98.88,4,28800.0,0.2453,1.0,0.2453,1.0,4.0,4.0,0.0,0.0,1422.63,24.783749,1,1,20,0,14,3,0,0,4,2,0
866,28.97,108.25,4,28800.0,0.7911,1.0,0.7911,1.0,8.0,8.0,0.0,0.0,1422.63,24.783749,1,1,3,1,14,3,0,1,4,2,0
862,21.52,107.75,3,28800.0,0.5229,1.0,0.5229,1.0,3.0,3.0,0.0,0.0,1422.63,24.783749,1,1,8,1,14,3,0,0,4,2,0
787,10.03,98.38,2,28800.0,0.1643,1.0,0.2465,1.0,3.0,2.0,0.0,0.0,1422.63,24.783749,1,1,15,1,14,3,0,0,4,2,0
702,22.66,87.75,8,28800.0,0.5392,1.0,0.5392,1.0,3.0,2.0,0.0,0.0,1422.63,24.783749,0,1,4,2,14,4,0,1,4,2,0
666,19.81,83.25,2,28800.0,0.3642,1.0,0.3642,1.0,2.0,2.0,0.0,0.0,1422.63,24.783749,0,1,10,2,14,4,0,0,4,2,0
681,19.78,85.12,3,28800.0,0.4474,1.0,0.4474,1.0,3.0,3.0,0.0,0.0,1422.63,24.783749,0,1,18,2,14,4,0,0,4,2,2
632,18.84,79.0,2,28800.0,0.2338,1.0,0.3507,1.0,0.0,0.0,0.0,0.0,1422.63,24.783749,0,1,5,3,14,4,0,1,4,2,2
777,21.14,98.72,6,28335.0,0.5628,0.9839,0.572,1.0,6.0,6.0,0.0,0.0,1422.63,24.783749,0,1,9,3,14,4,0,0,4,2,2
691,19.48,87.84,2,28320.0,0.3052,0.9833,0.4655,1.0,3.0,2.0,0.0,0.0,1478.28,24.783749,1,0,16,3,14,4,0,0,4,2,0
820,10.42,106.27,0,27777.0,0.2242,0.9645,0.2444,1.0,0.0,0.0,0.0,0.0,1478.28,24.783749,1,0,22,3,14,4,0,1,4,2,0
674,41.51,84.25,6,28800.0,0.8767,1.0,0.8767,1.0,6.0,6.0,0.0,0.0,1478.28,24.783749,1,0,9,4,14,4,0,0,4,2,0
742,16.65,92.75,4,28800.0,0.3615,1.0,0.3615,1.0,4.0,4.0,0.0,0.0,1478.28,24.783749,1,0,20,4,14,4,0,0,4,2,0
814,45.65,101.75,3,28800.0,1.0,1.0,1.0,1.0,1.0,1.0,0.0,0.0,1478.28,24.783749,1,0,3,5,14,4,1,1,4,2,0
641,20.96,82.9,4,27837.0,0.3913,0.9666,0.4048,1.0,4.0,4.0,0.0,0.0,1478.28,24.783749,1,0,6,5,14,4,1,0,4,2,0
755,14.72,97.86,2,27774.0,0.3022,0.9644,0.3134,1.0,2.0,2.0,0.0,0.0,1478.28,24.783749,1,0,14,5,14,4,1,0,4,2,0
664,21.87,84.64,1,28243.0,0.4862,0.9807,0.4958,1.0,5.0,5.0,0.0,0.0,1486.34,24.783749,2,0,2,6,14,4,1,1,4,2,0
841,17.96,111.16,2,27237.0,0.4153,0.9457,0.4391,1.0,2.0,2.0,0.0,0.0,1574.58,24.783749,2,0,14,6,14,4,1,0,4,2,0
737,28.82,95.91,5,27664.0,0.5812,0.9606,0.605,1.0,4.0,4.0,0.0,0.0,1574.58,24.783749,2,0,5,0,15,4,0,1,4,2,0
731,47.68,91.38,2,28800.0,0.9155,1.0,0.9155,1.0,2.0,2.0,0.0,0.0,1574.58,24.783749,2,0,7,0,15,4,0,0,4,2,0
639,11.09,79.88,3,28800.0,0.1835,1.0,0.1835,1.0,3.0,3.0,0.0,0.0,1574.58,24.783749,2,0,17,0,15,4,0,0,4,2,0
707,36.85,88.38,2,28800.0,0.489,1.0,0.7335,1.0,3.0,2.0,0.0,0.0,1574.58,24.783749,2,0,12,1,15,4,0,0,4,2,0
741,34.88,92.62,3,28800.0,0.8002,1.0,0.8002,1.0,3.0,3.0,0.0,0.0,1574.58,24.783749,2,0,18,1,15,4,0,0,4,2,0
797,36.48,99.62,6,28800.0,0.8197,1.0,0.9564,1.0,6.0,6.0,0.0,0.0,1574.58,24.783749,2,0,0,2,15,4,0,1,4,2,3
637,31.76,79.62,2,28800.0,0.5932,1.0,0.5932,1.0,2.0,2.0,0.0,0.0,1574.58,24.783749,2,0,9,2,15,4,0,0,4,2,3
764,37.6,95.5,3,28800.0,0.8123,1.0,0.8123,1.0,3.0,3.0,0.0,0.0,1574.58,24.783749,2,0,15,2,15,4,0,0,4,2,3
844,22.55,105.5,6,28800.0,0.5058,1.0,0.5058,1.0,2.0,2.0,0.0,0.0,1574.58,24.783749,2,0,1,3,15,4,0,1,4,2,0
748,15.02,97.17,5,27712.0,0.3272,0.9622,0.3401,1.0,5.0,5.0,0.0,0.0,1585.39,24.783749,2,0,10,3,15,4,0,0,4,2,0
825,33.72,106.69,3,27837.0,0.5926,0.9666,0.8174,1.0,4.0,3.0,0.0,0.0,1606.45,0.27,1,1,21,3,15,4,0,0,4,2,0
784,17.93,99.95,2,28237.0,0.4176,0.9805,0.4259,1.0,4.0,4.0,0.0,0.0,1606.45,0.46,1,1,2,4,15,4,0,1,4,2,0
779,44.94,101.44,3,27645.0,0.9362,0.9599,0.9753,1.0,3.0,3.0,0.0,0.0,1606.45,0.62,1,1,6,4,15,4,0,0,4,2,0
623,23.52,81.42,3,27545.0,0.4341,0.9564,0.4539,1.0,3.0,3.0,0.0,0.0,1669.73,1.04,2,1,16,4,15,4,0,0,4,2,0
748,16.39,97.63,4,27581.0,0.3553,0.9577,0.371,1.0,3.0,3.0,0.0,0.0,1669.73,1.58,2,1,5,5,15,4,1,1,4,2,0
797,37.63,99.62,4,28800.0,0.9232,1.0,0.9232,1.0,4.0,4.0,0.0,0.0,1669.73,1.81,2,1,10,5,15,4,1,0,4,2,0
768,16.85,96.0,6,28800.0,0.3984,1.0,0.3984,1.0,6.0,6.0,0.0,0.0,1669.73,1.98,2,1,14,5,15,4,1,0,4,2,0
740,34.94,92.5,3,28800.0,0.6696,1.0,0.6696,1.0,6.0,6.0,0.0,0.0,1669.73,2.51,1,1,3,6,15,4,1,1,4,2,0
804,16.2,100.5,2,28800.0,0.34,1.0,0.34,1.0,2.0,2.0,0.0,0.0,1669.73,2.87,1,1,12,6,15,4,1,0,4,2,1
751,10.52,93.88,3,28800.0,0.2287,1.0,0.2287,1.0,3.0,3.0,0.0,0.0,1669.73,3.04,1,1,16,6,15,4,1,0,4,2,1
804,36.06,100.5,6,28800.0,0.8562,1.0,0.8562,1.0,1.0,1.0,0.0,0.0,1669.73,3.55,2,1,4,0,16,4,0,1,4,2,1
709,37.61,94.62,4,26975.0,0.7808,0.9366,0.8337,1.0,4.0,4.0,0.0,0.0,1689.21,3.77,2,1,9,0,16,4,0,0,4,2,1
808,38.15,105.78,2,27498.0,0.9098,0.9548,0.9529,1.0,2.0,2.0,0.0,0.0,1689.21,4.1,2,1,17,0,16,4,0,0,4,2,1
725,49.01,101.5,1,25715.625,0.8929,0.8929374999999999,1.0,1.0,6.0,6.0,0.0,0.0,1692.76,4.47,3,1,2,1,16,4,0,1,4,2,3
686,33.65,98.85,4,25715.625,0.6248,0.8929374999999999,0.7202,1.0,4.0,4.0,0.0,0.0,1757.04,4.91,4,1,13,1,16,4,0,0,4,2,0
724,35.63,100.07,3,26047.0,0.7255,0.9044,0.8022,1.0,3.0,3.0,0.0,0.0,1757.04,5.11,4,1,17,1,16,4,0,0,4,2,0
828,39.88,120.32,6,25715.625,0.8602,0.8929374999999999,1.0,1.0,2.0,2.0,0.0,0.0,1757.04,5.4,4,1,0,2,16,4,0,1,4,2,0
771,12.84,96.38,6,28800.0,0.264,1.0,0.264,1.0,6.0,6.0,0.0,0.0,1757.04,5.91,4,1,13,2,16,4,0,0,4,2,0
783,13.17,97.88,2,28800.0,0.2716,1.0,0.2716,1.0,2.0,2.0,0.0,0.0,1757.04,6.05,4,1,16,2,16,4,0,0,4,2,0
720,42.87,90.0,2,28800.0,0.9183,1.0,0.9183,1.0,3.0,3.0,0.0,0.0,1757.04,6.46,4,1,2,3,16,4,0,1,4,2,0
781,29.09,97.62,1,28800.0,0.3909,1.0,0.7818,1.0,2.0,1.0,0.0,0.0,1757.04,6.65,4,1,6,3,16,4,0,0,4,2,0
629,16.65,78.62,2,28800.0,0.3031,1.0,0.3031,1.0,2.0,2.0,0.0,0.0,1757.04,7.0,4,1,15,3,16,4,0,0,4,2,0
826,23.64,103.25,3,28800.0,0.5429,1.0,0.5429,1.0,2.0,2.0,0.0,0.0,1757.04,7.46,4,2,2,4,16,4,0,1,4,2,0
729,43.09,111.68,2,25715.625,0.816,0.8929374999999999,1.0,1.0,2.0,2.0,0.0,0.0,1791.42,0.09,4,2,6,4,16,4,0,0,4,2,0
767,19.6,105.5,4,26173.0,0.3194,0.9088,0.4393,1.0,5.0,4.0,0.0,0.0,1791.42,0.51,3,2,16,4,16,4,0,0,4,2,0
720,38.63,107.81,2,25715.625,0.806,0.8929374999999999,0.9655,1.0,3.0,3.0,0.0,0.0,1791.42,0.89,3,2,2,5,16,4,1,1,4,2,0
714,42.63,101.24,6,25715.625,0.8325,0.8929374999999999,0.9444,1.0,6.0,6.0,0.0,0.0,1791.42,1.34,3,2,12,5,16,4,1,0,4,2,0
750,38.69,116.02,3,25715.625,0.6061,0.8929374999999999,1.0,1.0,4.0,3.0,0.0,0.0,1791.42,1.48,3,3,16,5,16,4,1,0,4,2,0
863,16.3,154.06,3,25715.625,0.3878,0.8929374999999999,0.5538,1.0,3.0,3.0,0.0,0.0,1859.89,0.16,3,3,23,5,16,4,1,1,4,2,0
910,21.76,113.75,4,28800.0,0.6496,1.0,0.6496,1.0,4.0,4.0,0.0,0.0,1859.89,0.52,3,3,8,6,16,4,1,0,4,2,0
734,30.05,91.75,1,28800.0,0.3459,1.0,0.6919,1.0,2.0,1.0,0.0,0.0,1859.89,1.02,3,3,20,6,16,4,1,0,4,2,0
732,24.43,91.5,5,28800.0,0.5986,1.0,0.5986,1.0,4.0,4.0,0.0,0.0,1859.89,1.23,3,3,1,0,17,4,0,1,4,2,0
772,37.05,96.5,4,28800.0,0.895,1.0,0.895,1.0,4.0,4.0,0.0,0.0,1859.89,1.74,2,3,13,0,17,4,0,0,4,2,0
779,40.72,97.38,5,28800.0,0.8333,1.0,1.0,1.0,6.0,5.0,0.0,0.0,1859.89,2.08,2,3,21,0,17,4,0,0,4,2,2
718,27.81,89.75,4,28800.0,0.5213,1.0,0.5213,1.0,5.0,5.0,0.0,0.0,1859.89,2.41,0,3,5,1,17,4,0,1,4,2,2
740,18.63,108.13,3,25715.625,0.4363,0.8929374999999999,0.51,1.0,3.0,3.0,0.0,0.0,1859.89,2.58,0,3,9,1,17,4,0,0,4,2,2
808,30.06,111.24,5,26148.0,0.6024,0.9079,0.7963,1.0,6.0,5.0,0.0,0.0,1859.89,2.88,1,3,16,1,17,4,0,0,4,2,0
598,14.28,83.76,5,25715.625,0.2928,0.8929374999999999,0.3281,1.0,2.0,2.0,0.0,0.0,1871.98,3.33,1,3,3,2,17,4,0,1,4,2,0
677,24.43,88.27,3,27612.0,0.465,0.9587,0.485,1.0,3.0,3.0,0.0,0.0,1871.98,3.56,1,4,9,2,17,4,0,0,4,2,0
827,33.76,115.24,3,25835.0,0.7902,0.897,0.8809,1.0,3.0,3.0,0.0,0.0,1932.87,0.44,1,4,20,2,17,4,0,0,4,2,0
751,40.21,100.77,2,26830.0,0.7982,0.9316,0.8568,1.0,4.0,4.0,0.0,0.0,1932.87,0.61,1,4,0,3,17,4,0,1,4,2,0
683,30.56,85.38,1,28800.0,0.318,1.0,0.636,1.0,2.0,1.0,0.0,0.0,1932.87,0.88,1,4,6,3,17,4,0,0,4,2,0
828,44.75,103.5,4,28800.0,0.8,1.0,1.0,1.0,5.0,4.0,0.0,0.0,1932.87,1.39,1,4,18,3,17,4,0,0,4,2,0
719,10.93,89.88,4,28800.0,0.2202,1.0,0.2202,1.0,4.0,4.0,0.0,0.0,1932.87,1.52,1,4,22,3,17,4,0,1,4,2,0
688,33.28,102.04,2,25715.625,0.714,0.8929374999999999,0.8472,1.0,2.0,2.0,0.0,0.0,1932.87,1.91,1,4,7,4,17,4,0,0,4,2,1
787,34.33,105.25,3,26920.0,0.5888,0.9347,0.8399,1.0,4.0,3.0,0.0,0.0,1932.87,2.18,1,4,14,4,17,4,0,0,4,2,1
835,35.93,123.32,7,25715.625,0.8162,0.8929374999999999,0.9643,1.0,7.0,7.0,0.0,0.0,1932.87,2.58,2,4,23,4,17,4,0,1,4,2,2
697,21.4,93.98,5,26700.0,0.3446,0.9271,0.4461,1.0,6.0,5.0,0.0,0.0,2017.29,3.19,3,4,14,5,17,4,1,0,4,2,0
697,17.47,92.97,3,26989.0,0.3502,0.9371,0.3737,1.0,2.0,0.0,0.0,0.0,2017.29,3.76,3,4,3,6,17,4,1,1,4,2,0
768,18.24,96.0,2,28800.0,0.3861,1.0,0.3861,1.0,2.0,2.0,0.0,0.0,2017.29,3.94,3,4,8,6,17,4,1,0,4,2,0
701,18.03,87.62,4,28800.0,0.3472,1.0,0.434,1.0,5.0,4.0,0.0,0.0,2017.29,4.22,3,4,14,6,17,4,1,0,4,2,0
712,45.95,89.0,0,28800.0,0.0,1.0,0.8959,1.0,5.0,5.0,0.0,0.0,2017.29,4.83,3,4,5,0,18,4,0,1,4,2,0
757,19.75,94.62,3,28800.0,0.399,1.0,0.399,1.0,3.0,3.0,0.0,0.0,2017.29,5.08,3,4,11,0,18,4,0,0,4,2,0
789,28.73,98.62,3,28800.0,0.6589,1.0,0.6589,1.0,3.0,3.0,0.0,0.0,2017.29,5.33,3,4,17,0,18,4,0,0,4,2,3
669,21.07,83.62,5,28800.0,0.4774,1.0,0.4774,1.0,5.0,5.0,0.0,0.0,2017.29,5.53,3,4,22,0,18,4,0,1,4,2,3
711,38.05,103.88,4,25715.625,0.6971,0.8929374999999999,0.8149,1.0,4.0,4.0,0.0,0.0,2017.29,6.13,3,4,12,1,18,4,0,0,4,2,3
695,10.27,106.62,4,25715.625,0.2003,0.8929374999999999,0.2458,1.0,4.0,4.0,0.0,0.0,2094.5,6.43,3,4,19,1,18,4,0,0,4,2,0
761,16.97,116.35,4,25715.625,0.3387,0.8929374999999999,0.4143,1.0,4.0,4.0,0.0,0.0,2094.5,6.52,3,4,22,1,18,4,0,1,4,2,0
690,16.18,86.25,4,28800.0,0.3764,1.0,0.3764,1.0,4.0,4.0,0.0,0.0,2094.5,7.13,3,4,12,2,18,4,0,0,4,2,0
708,9.24,88.5,6,28800.0,0.1991,1.0,0.1991,1.0,6.0,6.0,0.0,0.0,2094.5,7.33,3,4,17,2,18,4,0,0,4,2,0
756,39.56,94.5,4,28800.0,0.8,1.0,1.0,1.0,4.0,4.0,0.0,0.0,2094.5,7.79,3,4,4,3,18,4,0,1,4,2,0
757,27.24,94.62,6,28800.0,0.5538,1.0,0.5538,1.0,6.0,6.0,0.0,0.0,2094.5,7.99,3,4,9,3,18,4,0,0,4,2,0
723,18.6,90.38,6,28800.0,0.3663,1.0,0.3663,1.0,6.0,6.0,0.0,0.0,2094.5,8.27,3,4,16,3,18,4,0,0,4,2,0
927,28.37,115.88,4,28800.0,0.8565,1.0,0.8565,1.0,5.0,5.0,0.0,0.0,2094.5,8.79,3,4,4,4,18,5,0,1,4,2,2
832,35.68,116.09,3,25801.0,0.8638,0.8959,0.9642,1.0,3.0,3.0,0.0,0.0,2094.5,9.12,3,4,12,4,18,5,0,0,4,2,2
750,43.95,116.09,5,25715.625,0.8076,0.8929374999999999,1.0,1.0,5.0,5.0,0.0,0.0,2094.5,9.48,3,4,21,4,18,5,0,0,4,2,2
752,30.46,107.14,5,25715.625,0.6582,0.8929374999999999,0.7502,1.0,7.0,6.0,0.0,0.0,2106.91,9.75,3,4,3,5,18,5,1,1,4,2,0
778,14.03,97.25,4,28800.0,0.2803,1.0,0.3504,1.0,5.0,4.0,0.0,0.0,2106.91,9.9,3,4,7,5,18,5,1,0,4,2,0
736,12.92,92.0,5,28800.0,0.3133,1.0,0.3133,1.0,5.0,5.0,0.0,0.0,2125.87,10.37,2,5,18,5,18,5,1,0,4,2,0
806,29.64,100.75,6,28800.0,0.5413,1.0,0.6316,1.0,2.0,2.0,0.0,0.0,2125.87,10.74,2,5,3,6,18,5,1,1,4,2,0
748,35.16,109.76,5,25715.625,0.7491,0.8929374999999999,0.8793,1.0,5.0,5.0,0.0,0.0,2210.86,0.1,2,6,19,6,18,5,1,0,4,2,0
913,12.14,144.85,2,25715.625,0.3484,0.8929374999999999,0.4422,1.0,6.0,6.0,0.0,0.0,2210.86,0.52,2,6,5,0,19,5,0,1,4,2,0
771,40.57,96.38,2,28800.0,0.553,1.0,0.8294,1.0,3.0,2.0,0.0,0.0,2210.86,0.72,2,6,10,0,19,5,0,0,4,2,0
769,44.24,96.12,2,28800.0,0.9682,1.0,0.9682,1.0,2.0,2.0,0.0,0.0,2210.86,1.19,2,6,21,0,19,5,0,0,4,2,0
796,17.48,99.5,6,28800.0,0.3773,1.0,0.3773,1.0,6.0,6.0,0.0,0.0,2210.86,1.23,2,6,22,0,19,5,0,1,4,2,0
729,34.65,91.12,5,28800.0,0.7528,1.0,0.7528,1.0,5.0,5.0,0.0,0.0,2210.86,1.71,2,6,9,1,19,5,0,0,4,2,0
756,47.03,94.5,5,28800.0,0.9915,1.0,0.9915,1.0,5.0,5.0,0.0,0.0,2210.86,2.03,1,6,17,1,19,5,0,0,4,2,0
693,11.49,86.62,3,28800.0,0.2065,1.0,0.2065,1.0,7.0,7.0,0.0,0.0,2210.86,2.5,1,6,4,2,19,5,0,1,4,2,0
795,11.08,99.38,2,28800.0,0.2015,1.0,0.3023,1.0,3.0,2.0,0.0,0.0,2210.86,2.74,1,6,10,2,19,5,0,0,4,2,1
631,35.94,78.88,2,28800.0,0.7579,1.0,0.7579,1.0,2.0,2.0,0.0,0.0,2210.86,3.2,1,6,21,2,19,5,0,0,4,2,1
847,13.11,105.88,7,28800.0,0.3167,1.0,0.3167,1.0,7.0,7.0,0.0,0.0,2210.86,3.25,1,6,22,2,19,5,0,1,4,2,1
759,12.15,102.96,3,26539.0,0.2865,0.9215,0.3109,1.0,3.0,3.0,0.0,0.0,2323.75,3.87,2,6,13,3,19,5,0,0,4,2,0
842,39.72,114.21,3,26541.0,0.9216,0.9216,1.0,1.0,3.0,3.0,0.0,0.0,2323.75,4.12,2,6,19,3,19,5,0,0,4,2,0
759,21.08,98.6,3,27711.0,0.414,0.9622,0.4303,1.0,3.0,3.0,0.0,0.0,2323.75,4.26,2,6,23,3,19,5,0,1,4,2,0
799,42.24,99.88,4,28800.0,0.8,1.0,1.0,1.0,5.0,4.0,0.0,0.0,2323.75,4.64,2,6,8,4,19,5,0,0,4,2,0
807,9.54,100.88,2,28800.0,0.2494,1.0,0.2494,1.0,2.0,2.0,0.0,0.0,2323.75,5.0,2,6,16,4,19,5,0,0,4,2,0
762,34.1,95.25,1,28800.0,0.3495,1.0,0.699,1.0,2.0,2.0,0.0,0.0,2323.75,5.37,1,6,1,5,19,5,1,1,4,2,0
900,29.8,112.5,3,28800.0,0.6227,1.0,0.8303,1.0,4.0,3.0,0.0,0.0,2323.75,5.68,1,6,9,5,19,5,1,0,4,2,0
649,17.85,81.12,2,28800.0,0.3702,1.0,0.3702,1.0,4.0,3.0,0.0,0.0,2323.75,6.5,1,5,5,6,19,5,1,1,4,2,0
657,33.94,82.12,5,28800.0,0.706,1.0,0.706,1.0,5.0,5.0,0.0,0.0,2323.75,6.78,1,5,11,6,19,5,1,0,4,2,0
784,17.19,98.0,4,28800.0,0.37,1.0,0.37,1.0,4.0,4.0,0.0,0.0,2323.75,7.04,1,5,17,6,19,5,1,0,4,2,0
599,31.4,74.88,3,28800.0,0.4672,1.0,0.6229,1.0,4.0,4.0,0.0,0.0,2323.75,7.38,1,5,2,0,20,5,0,1,4,2,0
836,28.59,104.5,2,28800.0,0.7396,1.0,0.7396,1.0,2.0,2.0,0.0,0.0,2323.75,7.76,1,5,11,0,20,5,0,0,4,2,0
802,14.38,100.25,4,28800.0,0.3489,1.0,0.3489,1.0,4.0,4.0,0.0,0.0,2323.75,8.1,1,5,19,0,20,5,0,0,4,2,0
750,37.46,93.75,4,28800.0,0.9458,1.0,0.9458,1.0,4.0,4.0,0.0,0.0,2323.75,8.27,1,5,23,0,20,5,0,1,4,2,0
851,44.63,126.57,6,25715.625,0.8405,0.8929374999999999,1.0,1.0,6.0,6.0,0.0,0.0,2333.86,0.28,1,6,11,1,20,5,0,0,4,2,0
785,14.4,117.21,3,25715.625,0.3156,0.8929374999999999,0.377,1.0,3.0,3.0,0.0,0.0,2333.86,0.49,1,7,16,1,20,5,0,0,4,2,0
824,18.85,130.93,2,25715.625,0.2758,0.8929374999999999,0.5259,1.0,3.0,2.0,0.0,0.0,2375.32,0.77,1,7,22,1,20,5,0,1,4,2,0
819,9.36,102.38,5,28800.0,0.2176,1.0,0.2611,1.0,6.0,5.0,0.0,0.0,2375.32,1.26,1,7,10,2,20,5,0,0,4,2,0
744,40.18,93.0,3,28800.0,0.9104,1.0,0.9104,1.0,3.0,3.0,0.0,0.0,2375.32,1.52,1,7,16,2,20,5,0,0,4,2,0
757,38.2,94.62,2,28800.0,0.7817,1.0,0.7817,1.0,3.0,3.0,0.0,0.0,2375.32,1.96,1,7,3,3,20,5,0,1,4,2,0
674,13.22,100.01,3,25715.625,0.2539,0.8929374999999999,0.3014,1.0,3.0,3.0,0.0,0.0,2375.32,2.3,0,7,11,3,20,5,0,0,4,2,0
770,33.56,129.83,2,25715.625,0.7414,0.8929374999999999,1.0,1.0,2.0,2.0,0.0,0.0,2375.32,2.5,0,8,16,3,20,5,0,0,4,2,0
799,37.74,127.11,3,25715.625,0.7858,0.8929374999999999,1.0,1.0,6.0,6.0,0.0,0.0,2399.37,0.22,0,8,0,4,20,5,0,1,4,2,2
872,34.57,124.75,3,25715.625,0.8738,0.8929374999999999,1.0,1.0,3.0,3.0,0.0,0.0,2399.37,0.77,0,8,13,4,20,5,0,0,4,2,2
821,33.51,121.71,4,25715.625,0.5303,0.8929374999999999,0.9433,1.0,6.0,4.0,0.0,0.0,2399.37,1.02,1,8,19,4,20,5,0,0,4,2,0
894,31.36,133.93,6,25715.625,0.8344,0.8929374999999999,1.0,1.0,6.0,6.0,0.0,0.0,2567.3,1.21,1,8,23,4,20,5,0,1,4,2,0
774,12.34,96.75,2,28800.0,0.3303,1.0,0.3303,1.0,2.0,2.0,0.0,0.0,2567.3,1.47,1,8,6,5,20,5,1,0,4,2,0
774,18.49,96.75,4,28800.0,0.398,1.0,0.398,1.0,4.0,4.0,0.0,0.0,2567.3,1.91,1,8,16,5,20,5,1,0,4,2,0
767,14.36,95.88,3,28800.0,0.3073,1.0,0.3073,1.0,3.0,3.0,0.0,0.0,2567.3,2.15,1,8,22,5,20,5,1,1,4,2,0
863,33.45,107.88,3,28800.0,0.5584,1.0,0.9307,1.0,5.0,3.0,0.0,0.0,2567.3,2.78,1,7,13,6,20,5,1,0,4,2,0
794,9.25,99.25,2,28800.0,0.2467,1.0,0.2467,1.0,2.0,2.0,0.0,0.0,2567.3,2.97,1,7,17,6,20,5,1,0,4,2,0
778,44.92,97.25,6,28800.0,0.9379,1.0,0.9379,1.0,3.0,3.0,0.0,0.0,2567.3,3.43,1,7,5,0,21,5,0,1,4,2,0
671,21.02,83.88,3,28800.0,0.4508,1.0,0.4508,1.0,3.0,3.0,0.0,0.0,2567.3,3.54,1,7,7,0,21,5,0,0,4,2,0
814,11.6,101.75,2,28800.0,0.2792,1.0,0.2792,1.0,2.0,2.0,0.0,0.0,2567.3,3.89,1,6,16,0,21,5,0,0,4,2,0
699,22.16,87.38,3,28800.0,0.4959,1.0,0.4959,1.0,2.0,2.0,0.0,0.0,2567.3,4.43,1,6,5,1,21,5,0,1,4,2,0
741,30.99,92.62,5,28800.0,0.7366,1.0,0.7366,1.0,5.0,5.0,0.0,0.0,2567.3,4.63,1,6,9,1,21,5,0,0,4,2,0
927,40.97,115.88,4,28800.0,0.8,1.0,1.0,1.0,5.0,4.0,0.0,0.0,2567.3,4.95,1,6,17,1,21,5,0,0,4,2,0
894,25.32,111.75,2,28800.0,0.6876,1.0,0.6876,1.0,2.0,2.0,0.0,0.0,2567.3,5.16,1,6,22,1,21,5,0,1,4,2,0
750,45.11,93.75,3,28800.0,1.0,1.0,1.0,1.0,3.0,3.0,0.0,0.0,2567.3,5.76,1,6,13,2,21,5,0,0,4,2,0
672,23.74,84.0,3,28800.0,0.5392,1.0,0.5392,1.0,3.0,3.0,0.0,0.0,2567.3,5.85,1,6,15,2,21,5,0,0,4,2,0
748,31.52,93.5,2,28800.0,0.5155,1.0,0.7732,1.0,3.0,2.0,0.0,0.0,2567.3,6.2,1,6,23,2,21,5,0,1,4,2,0
613,9.68,76.62,3,28800.0,0.1913,1.0,0.1913,1.0,3.0,3.0,0.0,0.0,2567.3,6.52,1,6,7,3,21,5,0,0,4,2,0
626,39.52,78.25,3,28800.0,0.7716,1.0,0.7716,1.0,3.0,3.0,0.0,0.0,2567.3,6.97,1,6,18,3,21,5,0,0,4,2,0
839,52.62,104.88,3,28800.0,0.75,1.0,1.0,1.0,4.0,3.0,0.0,0.0,2567.3,7.18,1,6,23,3,21,5,0,1,4,2,0
763,41.19,95.89,5,28645.0,0.9946,0.9946,1.0,1.0,5.0,5.0,0.0,0.0,2567.3,7.69,1,5,11,4,21,5,0,0,4,2,0
840,26.45,106.11,6,28498.0,0.651,0.9895,0.6579,1.0,6.0,6.0,0.0,0.0,2567.3,7.87,1,5,15,4,21,5,0,0,4,2,0
695,24.68,87.27,2,28669.0,0.347,0.9955,0.5229,1.0,3.0,2.0,0.0,0.0,2569.3,8.21,0,5,23,4,21,5,0,1,4,2,0
927,10.78,136.28,6,25715.625,0.2987,0.8929374999999999,0.3513,1.0,6.0,6.0,0.0,0.0,2597.83,0.15,1,6,7,5,21,5,1,0,4,2,0
841,28.85,120.26,3,25715.625,0.8104,0.8929374999999999,0.927,1.0,3.0,3.0,0.0,0.0,2597.83,0.68,1,6,20,5,21,5,1,0,4,2,0
871,12.79,137.59,1,25715.625,0.3744,0.8929374999999999,0.4732,1.0,6.0,5.0,0.0,0.0,2597.83,0.86,1,6,0,6,21,5,1,1,4,2,0
762,43.25,97.18,5,28229.0,0.8837,0.9802,0.9016,1.0,5.0,5.0,0.0,0.0,2597.83,1.18,1,6,8,6,21,5,1,0,4,2,0
671,9.34,85.94,2,28108.0,0.2036,0.976,0.2086,1.0,2.0,2.0,0.0,0.0,2679.16,1.6,2,6,18,6,21,5,1,0,4,2,0
754,27.66,96.62,5,28094.0,0.5245,0.9755,0.6452,1.0,1.0,1.0,0.0,0.0,2679.16,2.05,2,6,5,0,22,5,0,1,4,2,0
759,19.25,94.88,3,28800.0,0.4159,1.0,0.4159,1.0,3.0,3.0,0.0,0.0,2679.16,2.27,2,6,10,0,22,5,0,0,4,2,0
776,31.17,97.0,4,28800.0,0.7596,1.0,0.7596,1.0,4.0,4.0,0.0,0.0,2679.16,2.52,2,6,16,0,22,5,0,0,4,2,0
763,22.19,95.38,1,28800.0,0.5087,1.0,0.5087,1.0,5.0,5.0,0.0,0.0,2679.16,2.85,2,6,0,1,22,5,0,1,4,2,0
748,12.8,93.5,3,28800.0,0.195,1.0,0.26,1.0,4.0,3.0,0.0,0.0,2679.16,3.35,2,6,12,1,22,5,0,0,4,2,0
752,20.68,94.0,6,28800.0,0.4603,1.0,0.4603,1.0,6.0,6.0,0.0,0.0,2679.16,3.68,2,6,20,1,22,5,0,0,4,2,2
865,23.86,108.12,5,28800.0,0.5818,1.0,0.5818,1.0,4.0,4.0,0.0,0.0,2679.16,4.02,2,6,4,2,22,5,0,1,4,2,2
765,50.2,95.62,4,28800.0,0.9942,1.0,0.9942,1.0,4.0,4.0,0.0,0.0,2679.16,4.19,2,6,8,2,22,5,0,0,4,2,2
851,15.29,106.38,5,28800.0,0.3597,1.0,0.4317,1.0,6.0,5.0,0.0,0.0,2679.16,4.56,2,6,17,2,22,5,0,0,4,2,2
836,29.41,104.5,4,28800.0,0.6912,1.0,0.6912,1.0,4.0,4.0,0.0,0.0,2711.26,4.9,3,6,1,3,22,5,0,1,4,2,0
744,23.51,93.0,2,28800.0,0.4606,1.0,0.4606,1.0,2.0,2.0,0.0,0.0,2711.26,5.38,3,6,13,3,22,5,0,0,4,2,0
798,38.36,99.75,4,28800.0,0.8623,1.0,0.8623,1.0,4.0,4.0,0.0,0.0,2711.26,5.62,3,6,18,3,22,5,0,0,4,2,0
817,25.21,102.12,4,28800.0,0.5835,1.0,0.5835,1.0,0.0,0.0,0.0,0.0,2711.26,5.89,3,6,1,4,22,5,0,1,4,2,0
790,20.64,104.58,2,27195.0,0.4383,0.9443,0.4642,1.0,2.0,2.0,0.0,0.0,2842.7,6.32,3,6,11,4,22,5,0,0,4,2,0
732,38.98,94.44,6,27902.0,0.7892,0.9688,0.8146,1.0,6.0,6.0,0.0,0.0,2842.7,6.43,3,6,14,4,22,5,0,0,4,2,0
783,39.21,102.7,0,27446.0,0.7947,0.953,0.8587,1.0,3.0,3.0,0.0,0.0,2842.7,6.94,3,6,2,5,22,5,1,1,4,2,0
763,17.02,95.38,6,28800.0,0.3815,1.0,0.3815,1.0,6.0,6.0,0.0,0.0,2842.7,7.49,2,6,15,5,22,5,1,0,4,2,0
691,11.75,86.38,3,28800.0,0.2625,1.0,0.2625,1.0,4.0,4.0,0.0,0.0,2842.7,8.04,2,6,5,6,22,5,1,1,4,2,0
739,34.58,92.38,4,28800.0,0.8021,1.0,0.8021,1.0,4.0,4.0,0.0,0.0,2842.7,8.08,2,6,6,6,22,5,1,0,4,2,0
850,38.68,106.25,3,28800.0,1.0,1.0,1.0,1.0,3.0,3.0,0.0,0.0,2842.7,8.49,1,6,15,6,22,5,1,0,4,2,0
717,14.19,89.62,4,28800.0,0.2828,1.0,0.2828,1.0,4.0,4.0,0.0,0.0,2842.7,9.34,1,6,12,0,23,6,0,0,4,2,0
755,16.8,94.38,3,28800.0,0.3497,1.0,0.3497,1.0,3.0,3.0,0.0,0.0,2842.7,9.73,1,5,21,0,23,6,0,0,4,2,0
874,36.88,109.25,2,28800.0,1.0,1.0,1.0,1.0,2.0,2.0,0.0,0.0,2842.7,9.89,1,5,1,1,23,6,0,1,4,2,0
751,14.92,93.88,6,28800.0,0.3447,1.0,0.3447,1.0,6.0,6.0,0.0,0.0,2842.7,10.32,1,5,11,1,23,6,0,0,4,2,0
822,33.5,102.75,4,28800.0,0.7261,1.0,0.7261,1.0,4.0,4.0,0.0,0.0,2842.7,10.51,1,4,16,1,23,6,0,0,4,2,0
828,27.04,103.5,2,28800.0,0.6687,1.0,0.6687,1.0,2.0,2.0,0.0,0.0,2842.7,11.0,1,4,4,2,23,6,0,1,4,2,2
724,40.4,97.55,4,26718.0,0.8884,0.9277,0.9576,1.0,4.0,4.0,0.0,0.0,2842.7,11.23,1,4,9,2,23,6,0,0,4,2,2
710,30.97,101.23,3,25715.625,0.6131,0.8929374999999999,0.6993,1.0,3.0,3.0,0.0,0.0,2842.7,11.49,1,4,15,2,23,6,0,0,4,2,2
731,29.25,104.19,2,25715.625,0.5635,0.8929374999999999,0.6425,1.0,2.0,2.0,0.0,0.0,2899.79,11.77,1,4,22,2,23,6,0,1,4,2,0
861,30.62,107.62,3,28800.0,0.7552,1.0,0.7552,1.0,3.0,3.0,0.0,0.0,2899.79,12.13,1,4,7,3,23,6,0,0,4,2,0
649,13.35,81.12,3,28800.0,0.2729,1.0,0.2729,1.0,3.0,3.0,0.0,0.0,2899.79,12.42,1,4,14,3,23,6,0,0,4,2,0
784,33.37,98.0,5,28800.0,0.7027,1.0,0.8433,1.0,3.0,3.0,0.0,0.0,2899.79,12.88,1,4,1,4,23,6,0,1,4,2,0
867,27.35,108.38,4,28800.0,0.5337,1.0,0.6671,1.0,5.0,4.0,0.0,0.0,2899.79,13.09,1,4,6,4,23,6,0,0,4,2,3
746,45.18,93.25,4,28800.0,0.8872,1.0,0.8872,1.0,4.0,4.0,0.0,0.0,2899.79,13.73,1,4,21,4,23,6,0,0,4,2,3
668,20.78,83.5,3,28800.0,0.4119,1.0,0.4119,1.0,5.0,4.0,0.0,0.0,2899.79,14.0,1,4,4,5,23,6,1,1,4,2,3
645,44.98,81.8,3,28386.0,0.8421,0.9856,0.8544,1.0,3.0,3.0,0.0,0.0,2922.85,14.33,2,4,12,5,23,6,1,0,4,2,2
787,31.55,99.58,3,28452.0,0.7681,0.9879,0.7775,1.0,3.0,3.0,0.0,0.0,2922.85,14.46,2,4,15,5,23,6,1,0,4,2,2
831,47.29,106.23,4,28161.0,0.7822,0.9778,1.0,1.0,1.0,1.0,0.0,0.0,2922.85,14.9,2,4,1,6,23,6,1,1,4,2,2
636,31.78,86.75,3,26394.0,0.5535,0.9165,0.6039,1.0,3.0,3.0,0.0,0.0,2922.85,15.12,3,4,6,6,23,6,1,0,4,2,0
787,24.29,102.95,2,27520.0,0.6545,0.9556,0.6849,1.0,2.0,2.0,0.0,0.0,3000.03,15.51,3,4,16,6,23,6,1,0,4,2,0
863,40.92,115.9,1,26807.0,0.9308,0.9308,1.0,1.0,1.0,1.0,0.0,0.0,3000.03,15.81,3,4,23,6,23,6,1,1,4,2,0
836,35.79,104.5,5,28800.0,1.0,1.0,1.0,1.0,5.0,5.0,0.0,0.0,3000.03,16.1,3,4,6,0,24,6,0,0,4,2,0
666,27.76,83.25,5,28800.0,0.4997,1.0,0.4997,1.0,5.0,5.0,0.0,0.0,3000.03,16.68,3,4,20,0,24,6,0,0,4,2,0
612,24.32,76.5,3,28800.0,0.4711,1.0,0.4711,1.0,3.0,3.0,0.0,0.0,3000.03,17.3,3,4,11,1,24,6,0,0,4,2,0
927,31.59,115.88,2,28800.0,0.8375,1.0,0.8375,1.0,2.0,2.0,0.0,0.0,3000.03,17.68,3,4,20,1,24,6,0,0,4,2,3
750,20.12,93.75,4,28800.0,0.3924,1.0,0.3924,1.0,4.0,4.0,0.0,0.0,3000.03,17.99,3,4,3,2,24,6,0,1,4,2,3
808,21.4,113.74,2,25715.625,0.2761,0.8929374999999999,0.6218,1.0,4.0,2.0,0.0,0.0,3000.03,18.14,3,4,7,2,24,6,0,0,4,2,3
785,40.74,109.42,4,25828.0,0.8434,0.8968,0.9404,1.0,4.0,4.0,0.0,0.0,3110.86,18.45,4,4,14,2,24,6,0,0,4,2,0
715,41.5,94.88,4,27128.0,0.7748,0.9419,0.8226,1.0,4.0,3.0,0.0,0.0,3110.86,18.88,3,3,1,3,24,6,0,1,4,2,0
736,10.91,92.0,5,28800.0,0.2632,1.0,0.2632,1.0,5.0,5.0,0.0,0.0,3110.86,19.3,3,3,11,3,24,6,0,0,4,2,0
817,48.24,102.12,3,28800.0,1.0,1.0,1.0,1.0,3.0,3.0,0.0,0.0,3110.86,19.69,3,2,20,3,24,6,0,0,4,2,0
872,46.71,109.0,3,28800.0,0.75,1.0,1.0,1.0,2.0,2.0,0.0,0.0,3110.86,20.06,3,2,5,4,24,6,0,1,4,2,0
813,12.93,101.62,2,28800.0,0.3111,1.0,0.3111,1.0,2.0,2.0,0.0,0.0,3110.86,20.39,3,2,13,4,24,6,0,0,4,2,0
780,18.55,97.5,6,28800.0,0.4008,1.0,0.4008,1.0,6.0,6.0,0.0,0.0,3110.86,20.58,3,2,17,4,24,6,0,0,4,2,0
677,32.05,84.62,2,28800.0,0.6434,1.0,0.6434,1.0,2.0,2.0,0.0,0.0,3110.86,20.81,3,2,23,4,24,6,0,1,4,2,0
832,11.53,104.0,3,28800.0,0.3259,1.0,0.3259,1.0,3.0,3.0,0.0,0.0,3110.86,21.1,2,2,6,5,24,6,1,0,4,2,0
732,32.24,91.5,5,28800.0,0.7577,1.0,0.7577,1.0,5.0,5.0,0.0,0.0,3110.86,21.47,2,1,15,5,24,6,1,0,4,2,0
696,19.03,87.0,2,28800.0,0.4391,1.0,0.4391,1.0,2.0,2.0,0.0,0.0,3110.86,21.77,2,1,22,5,24,6,1,1,4,2,0
787,23.36,98.38,3,28800.0,0.5192,1.0,0.5192,1.0,3.0,3.0,0.0,0.0,3110.86,22.32,1,1,11,6,24,6,1,0,4,2,3
729,36.22,91.12,6,28800.0,0.7285,1.0,0.7285,1.0,6.0,6.0,0.0,0.0,3110.86,22.73,1,1,21,6,24,6,1,0,4,2,3
894,12.26,111.75,4,28800.0,0.251,1.0,0.3138,1.0,5.0,4.0,0.0,0.0,3110.86,22.8,1,1,23,6,24,6,1,1,4,2,3
652,13.74,85.41,2,27482.0,0.2703,0.9542,0.2833,1.0,2.0,2.0,0.0,0.0,3124.77,23.24,2,1,9,0,25,6,0,0,4,2,0
740,27.39,100.62,4,26477.0,0.7014,0.9193,0.763,1.0,4.0,4.0,0.0,0.0,3124.77,23.58,2,1,18,0,25,6,0,0,4,2,0
774,17.97,108.46,5,25715.625,0.427,0.8929374999999999,0.4787,1.0,3.0,3.0,0.0,0.0,3194.09,0.35,2,2,5,1,25,6,0,1,4,2,0
776,42.83,97.0,3,28800.0,0.75,1.0,1.0,1.0,4.0,3.0,0.0,0.0,3194.09,0.48,2,2,8,1,25,6,0,0,4,2,0
782,39.52,97.75,6,28800.0,0.823,1.0,0.823,1.0,6.0,6.0,0.0,0.0,3194.09,0.81,2,2,16,1,25,6,0,0,4,2,0
665,31.96,83.12,3,28800.0,0.5489,1.0,0.5489,1.0,6.0,6.0,0.0,0.0,3194.09,1.15,2,2,0,2,25,6,0,1,4,2,0
757,48.63,94.62,5,28800.0,0.9512,1.0,0.9512,1.0,5.0,5.0,0.0,0.0,3194.09,1.41,2,2,7,2,25,6,0,0,4,2,0
737,20.25,92.12,4,28800.0,0.5034,1.0,0.5034,1.0,4.0,4.0,0.0,0.0,3194.09,1.85,1,2,17,2,25,6,0,0,4,2,0
746,34.98,93.25,6,28800.0,0.7605,1.0,0.7605,1.0,6.0,6.0,0.0,0.0,3194.09,2.24,1,2,3,3,25,6,0,1,4,2,2
881,15.22,118.88,6,26678.0,0.3784,0.9263,0.4085,1.0,6.0,6.0,0.0,0.0,3194.09,2.65,1,2,13,3,25,6,0,0,4,2,2
766,42.17,100.98,6,27309.0,0.9482,0.9482,1.0,1.0,6.0,6.0,0.0,0.0,3194.09,2.91,2,2,19,3,25,6,0,0,4,2,0
778,11.37,107.07,6,26159.0,0.2599,0.9083,0.2861,1.0,2.0,2.0,0.0,0.0,3333.09,3.24,2,2,2,4,25,6,0,1,4,2,0
870,12.02,108.75,6,28800.0,0.2831,1.0,0.2831,1.0,6.0,6.0,0.0,0.0,3333.09,3.38,2,2,6,4,25,6,0,0,4,2,0
715,41.5,89.38,5,28800.0,0.8344,1.0,0.8344,1.0,5.0,5.0,0.0,0.0,3333.09,3.88,2,2,18,4,25,6,0,0,4,2,0
810,40.71,101.25,2,28800.0,0.8682,1.0,0.8682,1.0,4.0,3.0,0.0,0.0,3333.09,4.3,2,2,4,5,25,6,1,1,4,2,0
726,35.75,90.75,5,28800.0,0.7739,1.0,0.7739,1.0,5.0,5.0,0.0,0.0,3333.09,4.45,2,2,8,5,25,6,1,0,4,2,0
775,38.0,96.88,3,28800.0,0.92,1.0,0.92,1.0,3.0,3.0,0.0,0.0,3333.09,4.89,2,2,18,5,25,6,1,0,4,2,0
665,33.84,83.12,3,28800.0,0.4946,1.0,0.6595,1.0,3.0,2.0,0.0,0.0,3333.09,5.25,2,2,3,6,25,6,1,1,4,2,0
741,9.6,92.62,2,28800.0,0.2282,1.0,0.2282,1.0,2.0,2.0,0.0,0.0,3333.09,5.46,2,2,8,6,25,6,1,0,4,2,0
842,34.6,105.25,3,28800.0,0.6424,1.0,0.8566,1.0,4.0,3.0,0.0,0.0,3333.09,5.75,2,2,15,6,25,6,1,0,4,2,0
674,9.2,84.25,2,28800.0,0.1403,1.0,0.2104,1.0,3.0,2.0,0.0,0.0,3333.09,6.08,2,2,23,6,25,6,1,1,4,2,0
888,38.96,111.0,4,28800.0,0.9139,1.0,0.9139,1.0,4.0,4.0,0.0,0.0,3333.09,6.55,1,1,10,0,26,6,0,0,4,2,0
604,9.79,75.5,4,28800.0,0.1785,1.0,0.1785,1.0,4.0,4.0,0.0,0.0,3333.09,6.93,1,1,19,0,26,6,0,0,4,2,0
709,22.35,88.62,4,28800.0,0.3348,1.0,0.4185,1.0,5.0,4.0,0.0,0.0,3333.09,7.55,1,1,10,1,26,6,0,0,4,2,0
717,19.4,89.62,6,28800.0,0.4362,1.0,0.4362,1.0,6.0,6.0,0.0,0.0,3333.09,7.77,1,1,15,1,26,6,0,0,4,2,0
846,19.83,105.75,5,28800.0,0.3556,1.0,0.4979,1.0,1.0,0.0,0.0,0.0,3333.09,8.34,1,1,5,2,26,6,0,1,4,2,0
757,32.13,102.15,3,26679.0,0.526,0.9264,0.757,1.0,4.0,3.0,0.0,0.0,3333.09,8.51,1,1,9,2,26,6,0,0,4,2,0
692,28.15,92.31,6,26987.0,0.5147,0.937,0.5493,1.0,6.0,6.0,0.0,0.0,3333.09,8.77,1,2,15,2,26,6,0,0,4,2,3
843,21.52,110.04,0,27580.0,0.0,0.9576,0.571,1.0,4.0,4.0,0.0,0.0,3353.27,0.34,1,2,0,3,26,6,0,1,4,2,3
622,25.09,94.54,3,25715.625,0.4346,0.8929374999999999,0.5284,1.0,3.0,3.0,0.0,0.0,3353.27,0.79,1,2,11,3,26,6,0,0,4,2,3
795,43.37,111.02,5,25780.0,0.8951,0.8951,1.0,1.0,5.0,5.0,0.0,0.0,3353.27,0.96,2,2,15,3,26,6,0,0,4,2,0
716,41.48,116.1,4,25715.625,0.7709,0.8929374999999999,1.0,1.0,4.0,4.0,0.0,0.0,3401.94,1.31,1,2,0,4,26,6,0,1,4,2,0
694,21.18,86.75,5,28800.0,0.4933,1.0,0.4933,1.0,5.0,5.0,0.0,0.0,3401.94,1.6,1,2,7,4,26,6,0,0,4,2,0
801,13.78,100.12,6,28800.0,0.378,1.0,0.378,1.0,6.0,6.0,0.0,0.0,3401.94,2.05,1,2,17,4,26,6,0,0,4,2,0
775,18.36,96.88,4,28800.0,0.3679,1.0,0.3679,1.0,6.0,5.0,0.0,0.0,3401.94,2.48,1,2,4,5,26,6,1,1,4,2,1
733,22.15,94.91,6,27802.0,0.4823,0.9653,0.4996,1.0,6.0,6.0,0.0,0.0,3401.94,2.84,1,2,12,5,26,6,1,0,4,2,1
725,13.46,93.69,5,27859.0,0.3119,0.9673,0.3224,1.0,5.0,5.0,0.0,0.0,3401.94,2.98,1,2,16,5,26,6,1,0,4,2,1
825,14.9,105.26,5,28217.0,0.2698,0.9798,0.3304,1.0,6.0,5.0,0.0,0.0,3408.77,0.21,1,3,23,5,26,6,1,1,4,2,1
743,32.38,105.97,2,25715.625,0.8171,0.8929374999999999,0.9323,1.0,2.0,2.0,0.0,0.0,3432.07,0.57,2,3,7,6,26,6,1,0,4,2,0
751,46.95,102.79,5,26303.0,0.9133,0.9133,1.0,1.0,5.0,5.0,0.0,0.0,3432.07,1.08,2,3,20,6,26,6,1,0,4,2,0
680,34.55,97.33,3,25715.625,0.7103,0.8929374999999999,0.8133,1.0,3.0,3.0,0.0,0.0,3432.07,1.17,2,3,22,6,26,6,1,1,4,2,0
843,38.44,142.57,4,25715.625,0.7391,0.8929374999999999,1.0,1.0,4.0,4.0,0.0,0.0,3495.95,0.08,2,4,8,0,27,6,0,0,4,2,0
780,12.64,109.87,6,25715.625,0.2597,0.8929374999999999,0.2927,1.0,6.0,6.0,0.0,0.0,3495.95,0.6,2,4,21,0,27,6,0,0,4,2,0
849,14.86,120.28,4,25715.625,0.3361,0.8929374999999999,0.3809,1.0,5.0,5.0,0.0,0.0,3495.95,0.83,2,4,2,1,27,6,0,1,4,2,0
870,45.12,108.75,2,28800.0,1.0,1.0,1.0,1.0,2.0,2.0,0.0,0.0,3495.95,1.23,2,4,12,1,27,6,0,0,4,2,0
714,25.33,89.25,4,28800.0,0.3344,1.0,0.5015,1.0,6.0,4.0,0.0,0.0,3495.95,1.33,2,4,14,1,27,6,0,0,4,2,0
727,13.45,90.88,5,28800.0,0.2994,1.0,0.2994,1.0,1.0,1.0,0.0,0.0,3495.95,1.88,2,4,4,2,27,7,0,1,4,2,0
881,13.77,110.12,5,28800.0,0.4188,1.0,0.4188,1.0,5.0,5.0,0.0,0.0,3495.95,1.99,2,4,6,2,27,7,0,0,4,2,0
661,33.17,82.62,2,28800.0,0.712,1.0,0.712,1.0,2.0,2.0,0.0,0.0,3495.95,2.56,2,4,20,2,27,7,0,0,4,2,0
822,25.72,102.75,1,28800.0,0.6331,1.0,0.6331,1.0,3.0,3.0,0.0,0.0,3495.95,2.71,2,5,0,3,27,7,0,1,4,2,0
836,39.92,104.5,2,28800.0,1.0,1.0,1.0,1.0,2.0,2.0,0.0,0.0,3683.39,2.99,2,5,6,3,27,7,0,0,4,2,0
786,45.41,98.25,6,28800.0,0.9372,1.0,0.9372,1.0,6.0,6.0,0.0,0.0,3683.39,3.56,1,5,20,3,27,7,0,0,4,2,0
798,16.17,99.75,3,28800.0,0.4334,1.0,0.4334,1.0,3.0,3.0,0.0,0.0,3683.39,3.63,1,5,22,3,27,7,0,1,4,2,0
683,48.73,85.38,2,28800.0,0.617,1.0,0.9254,1.0,3.0,2.0,0.0,0.0,3683.39,4.25,1,5,13,4,27,7,0,0,4,2,0
664,38.96,83.0,2,28800.0,0.6688,1.0,0.6688,1.0,2.0,2.0,0.0,0.0,3683.39,4.48,1,5,18,4,27,7,0,0,4,2,0
666,18.07,83.25,4,28800.0,0.2822,1.0,0.3527,1.0,6.0,6.0,0.0,0.0,3683.39,4.73,1,5,0,5,27,7,1,1,4,2,0
764,38.02,95.5,6,28800.0,0.9221,1.0,0.9221,1.0,6.0,6.0,0.0,0.0,3683.39,5.27,1,5,13,5,27,7,1,0,4,2,0
794,34.53,99.25,3,28800.0,0.7157,1.0,0.7157,1.0,3.0,3.0,0.0,0.0,3683.39,5.38,1,5,16,5,27,7,1,0,4,2,0
622,30.53,77.75,6,28800.0,0.5462,1.0,0.5462,1.0,7.0,6.0,0.0,0.0,3683.39,5.79,0,5,2,6,27,7,1,1,4,2,0
806,15.87,100.75,2,28800.0,0.443,1.0,0.443,1.0,2.0,2.0,0.0,0.0,3683.39,6.22,0,5,12,6,27,7,1,0,4,2,0
783,12.33,97.88,5,28800.0,0.2798,1.0,0.2798,1.0,5.0,5.0,0.0,0.0,3683.39,6.42,0,5,17,6,27,7,1,0,4,2,0
632,51.2,79.0,6,28800.0,0.7494,1.0,0.8743,1.0,3.0,3.0,0.0,0.0,3683.39,6.93,0,5,5,0,28,7,0,1,4,2,0
853,41.42,106.62,2,28800.0,0.9673,1.0,0.9673,1.0,2.0,2.0,0.0,0.0,3683.39,7.26,0,5,13,0,28,7,0,0,4,2,0
890,19.24,111.25,6,28800.0,0.5445,1.0,0.5445,1.0,6.0,6.0,0.0,0.0,3683.39,7.34,0,5,15,0,28,7,0,0,4,2,0
818,33.87,102.25,3,28800.0,0.747,1.0,0.747,1.0,3.0,3.0,0.0,0.0,3683.39,7.8,0,5,2,1,28,7,0,1,4,2,0
646,28.98,80.75,4,28800.0,0.6202,1.0,0.6202,1.0,4.0,4.0,0.0,0.0,3683.39,8.06,0,5,8,1,28,7,0,0,4,2,0
867,30.5,108.38,3,28800.0,0.7598,1.0,0.7598,1.0,3.0,3.0,0.0,0.0,3683.39,8.31,0,5,14,1,28,7,0,0,4,2,0
704,15.07,88.0,3,28800.0,0.3305,1.0,0.3305,1.0,5.0,5.0,0.0,0.0,3683.39,8.8,0,5,2,2,28,7,0,1,4,2,0
753,35.26,94.12,5,28800.0,0.7271,1.0,0.7271,1.0,5.0,5.0,0.0,0.0,3683.39,9.02,0,5,7,2,28,7,0,0,4,2,0
789,53.43,98.62,2,28800.0,1.0,1.0,1.0,1.0,2.0,2.0,0.0,0.0,3683.39,9.6,0,5,21,2,28,7,0,0,4,2,0
686,12.16,85.75,5,28800.0,0.2611,1.0,0.2611,1.0,7.0,7.0,0.0,0.0,3683.39,9.84,0,5,3,3,28,7,0,1,4,2,0
803,37.23,100.38,6,28800.0,0.8549,1.0,0.8549,1.0,6.0,6.0,0.0,0.0,3683.39,10.25,0,5,13,3,28,7,0,0,4,2,0
889,30.35,111.12,4,28800.0,0.8958,1.0,0.8958,1.0,4.0,4.0,0.0,0.0,3683.39,10.36,0,5,15,3,28,7,0,0,4,2,0
771,47.3,96.38,7,28800.0,1.0,1.0,1.0,1.0,4.0,4.0,0.0,0.0,3683.39,10.75,0,5,1,4,28,7,0,1,4,2,3
695,14.5,96.85,5,25834.0,0.3371,0.897,0.3758,1.0,5.0,5.0,0.0,0.0,3697.77,11.1,0,5,9,4,28,7,0,0,4,2,3
830,23.04,127.39,5,25715.625,0.4339,0.8929374999999999,0.6394,1.0,6.0,5.0,0.0,0.0,3705.46,11.59,1,5,21,4,28,7,0,0,4,2,0
801,42.79,109.63,4,26302.0,0.9133,0.9133,1.0,1.0,4.0,4.0,0.0,0.0,3705.46,11.69,1,5,23,4,28,7,0,1,4,2,0
825,37.21,104.05,3,28543.0,0.8964,0.9911,0.9044,1.0,3.0,3.0,0.0,0.0,3751.09,12.14,2,5,10,5,28,7,1,0,4,2,0
779,21.06,98.13,3,28579.0,0.4414,0.9923,0.4448,1.0,3.0,3.0,0.0,0.0,3751.09,12.5,2,5,19,5,28,7,1,0,4,2,0
778,19.84,97.75,3,28653.0,0.4925,0.9949,0.495,1.0,3.0,3.0,0.0,0.0,3751.09,12.7,2,5,23,5,28,7,1,1,4,2,0
899,21.66,112.38,6,28800.0,0.5797,1.0,0.5797,1.0,6.0,6.0,0.0,0.0,3751.09,13.09,2,5,9,6,28,7,1,0,4,2,0
716,14.79,89.5,2,28800.0,0.315,1.0,0.315,1.0,2.0,2.0,0.0,0.0,3751.09,13.37,2,5,16,6,28,7,1,0,4,2,3
731,11.59,91.38,6,28800.0,0.2721,1.0,0.2721,1.0,6.0,6.0,0.0,0.0,3751.09,13.62,2,5,22,6,28,7,1,1,4,2,3
749,21.76,105.98,6,25715.625,0.4673,0.8929374999999999,0.529,1.0,6.0,6.0,0.0,0.0,3761.13,14.14,2,5,10,0,29,7,0,0,4,2,3
778,18.67,108.55,5,25802.0,0.4115,0.8959,0.5512,1.0,6.0,5.0,0.0,0.0,3803.94,14.4,3,5,16,0,29,7,0,0,4,2,0
755,22.11,107.35,6,25715.625,0.4861,0.8929374999999999,0.5529,1.0,4.0,4.0,0.0,0.0,3803.94,14.94,3,5,5,1,29,7,0,1,4,2,0
619,40.1,77.38,2,28800.0,0.7445,1.0,0.7445,1.0,2.0,2.0,0.0,0.0,3803.94,15.22,3,5,12,1,29,7,0,0,4,2,0
755,42.02,94.38,4,28800.0,0.8696,1.0,0.8696,1.0,4.0,4.0,0.0,0.0,3803.94,15.57,3,5,20,1,29,7,0,0,4,2,0
911,14.8,113.88,4,28800.0,0.3771,1.0,0.3771,1.0,3.0,3.0,0.0,0.0,3803.94,15.8,3,5,2,2,29,7,0,1,4,2,0
781,39.98,99.9,3,28145.0,0.9489,0.9773,0.9709,1.0,3.0,3.0,0.0,0.0,3803.94,16.02,3,5,7,2,29,7,0,0,4,2,3
712,17.35,90.3,3,28386.0,0.3753,0.9856,0.3808,1.0,3.0,3.0,0.0,0.0,3824.33,16.52,3,5,19,2,29,7,0,0,4,2,3
862,24.17,109.1,3,28444.0,0.5986,0.9876,0.6061,1.0,5.0,5.0,0.0,0.0,3824.33,16.77,3,4,1,3,29,7,0,1,4,2,3
891,40.46,117.94,3,27197.0,0.9443,0.9443,1.0,1.0,3.0,3.0,0.0,0.0,3933.73,17.1,4,4,9,3,29,7,0,0,4,2,0
673,36.9,95.5,5,25715.625,0.702,0.8929374999999999,0.7969,1.0,5.0,5.0,0.0,0.0,3933.73,17.48,4,4,18,3,29,7,0,0,4,2,0
919,17.33,131.42,5,25715.625,0.435,0.8929374999999999,0.4976,1.0,4.0,4.0,0.0,0.0,3933.73,17.89,4,4,4,4,29,7,0,1,4,2,0
917,31.86,114.62,5,28800.0,0.6931,1.0,0.8317,1.0,6.0,5.0,0.0,0.0,3933.73,18.15,4,4,10,4,29,7,0,0,4,2,0
822,20.27,102.75,4,28800.0,0.4318,1.0,0.4318,1.0,4.0,4.0,0.0,0.0,3933.73,18.55,3,4,20,4,29,7,0,0,4,2,0
614,11.07,76.75,4,28800.0,0.2062,1.0,0.2062,1.0,2.0,2.0,0.0,0.0,3933.73,18.92,2,4,5,5,29,7,1,1,4,2,0
688,33.98,86.0,4,28800.0,0.6546,1.0,0.6546,1.0,4.0,4.0,0.0,0.0,3933.73,19.16,2,4,10,5,29,7,1,0,4,2,0
756,22.53,94.5,6,28800.0,0.5295,1.0,0.5295,1.0,6.0,6.0,0.0,0.0,3933.73,19.53,2,4,19,5,29,7,1,0,4,2,0
651,31.76,81.38,2,28800.0,0.5323,1.0,0.5323,1.0,2.0,2.0,0.0,0.0,3933.73,19.68,2,4,23,5,29,7,1,1,4,2,0
833,9.19,104.12,4,28800.0,0.2528,1.0,0.2528,1.0,4.0,4.0,0.0,0.0,3933.73,20.26,2,4,13,6,29,7,1,0,4,2,0
756,26.46,94.5,3,28800.0,0.5381,1.0,0.5381,1.0,4.0,4.0,0.0,0.0,3933.73,20.76,2,4,1,0,30,7,0,1,4,2,1
815,29.81,110.8,6,26481.0,0.7043,0.9195,0.766,1.0,6.0,6.0,0.0,0.0,3933.73,21.24,1,4,12,0,30,7,0,0,4,2,1
850,9.94,116.22,4,26330.0,0.1658,0.9142,0.2721,1.0,6.0,4.0,0.0,0.0,3933.73,21.47,1,4,18,0,30,7,0,0,4,2,1
706,14.47,96.23,4,26412.0,0.3302,0.9171,0.3601,1.0,4.0,4.0,0.0,0.0,3940.57,21.93,2,4,5,1,30,7,0,1,4,2,0
720,10.13,91.33,5,28380.0,0.2258,0.9854,0.2291,1.0,5.0,5.0,0.0,0.0,4039.36,22.13,3,4,10,1,30,7,0,0,4,2,0
801,13.06,102.59,5,28109.0,0.3271,0.976,0.3351,1.0,5.0,5.0,0.0,0.0,4039.36,22.5,3,4,19,1,30,7,0,0,4,2,0
917,17.65,115.78,4,28512.0,0.5346,0.99,0.54,1.0,5.0,5.0,0.0,0.0,4039.36,22.73,3,4,0,2,30,7,0,1,4,2,0
718,47.0,89.75,5,28800.0,0.8938,1.0,0.8938,1.0,5.0,5.0,0.0,0.0,4039.36,23.17,3,4,11,2,30,7,0,0,4,2,0
709,22.84,88.62,3,28800.0,0.5012,1.0,0.5012,1.0,3.0,3.0,0.0,0.0,4039.36,23.37,3,4,15,2,30,7,0,0,4,2,0
658,14.82,82.25,5,28800.0,0.2522,1.0,0.2522,1.0,2.0,2.0,0.0,0.0,4039.36,23.78,3,4,1,3,30,7,0,1,4,2,0
741,41.52,92.62,4,28800.0,0.9244,1.0,0.9244,1.0,4.0,4.0,0.0,0.0,4039.36,24.22,2,4,12,3,30,7,0,0,4,2,0
704,27.46,88.0,4,28800.0,0.662,1.0,0.662,1.0,4.0,4.0,0.0,0.0,4039.36,24.44,2,4,17,3,30,7,0,0,4,2,0
855,9.56,106.88,2,28800.0,0.2565,1.0,0.2565,1.0,5.0,5.0,0.0,0.0,4039.36,24.74,2,4,0,4,30,7,0,1,4,2,0
719,15.79,89.88,1,28800.0,0.1671,1.0,0.3343,1.0,2.0,1.0,0.0,0.0,4039.36,24.783749,2,4,7,4,30,7,0,0,4,2,0
899,18.58,112.38,6,28800.0,0.5229,1.0,0.5229,1.0,6.0,6.0,0.0,0.0,4039.36,24.783749,2,4,15,4,30,7,0,0,4,2,1
828,42.02,103.5,5,28800.0,0.9189,1.0,0.9189,1.0,5.0,5.0,0.0,0.0,4039.36,24.783749,2,3,23,4,30,7,0,1,4,2,1
694,17.13,96.34,3,25932.0,0.3588,0.9004,0.3985,1.0,3.0,3.0,0.0,0.0,4039.36,24.783749,2,3,8,5,30,7,1,0,4,2,1
761,48.85,111.79,3,25715.625,0.5105,0.8929374999999999,1.0,1.0,5.0,3.0,0.0,0.0,4110.23,24.783749,3,3,18,5,30,7,1,0,4,2,0
714,30.79,108.06,2,25715.625,0.7135,0.8929374999999999,0.8639,1.0,4.0,4.0,0.0,0.0,4110.23,24.783749,3,3,1,6,30,7,1,1,4,2,0
894,9.4,111.75,5,28800.0,0.2137,1.0,0.2564,1.0,6.0,5.0,0.0,0.0,4110.23,24.783749,3,3,6,6,30,7,1,0,4,2,0
769,37.34,96.12,3,28800.0,0.949,1.0,0.949,1.0,3.0,3.0,0.0,0.0,4110.23,24.783749,3,3,15,6,30,7,1,0,4,2,0
695,35.72,86.88,3,28800.0,0.6443,1.0,0.6443,1.0,3.0,3.0,0.0,0.0,4110.23,24.783749,3,3,13,0,31,7,0,0,4,2,1
831,46.06,103.88,5,28800.0,1.0,1.0,1.0,1.0,5.0,5.0,0.0,0.0,4110.23,24.783749,3,2,20,0,31,7,0,0,4,2,1
848,24.17,106.0,4,28800.0,0.5821,1.0,0.5821,1.0,3.0,3.0,0.0,0.0,4110.23,24.783749,2,2,0,1,31,7,0,1,4,2,1
690,38.37,89.27,6,27826.0,0.6883,0.9662,0.7124,1.0,6.0,6.0,0.0,0.0,4110.23,24.783749,1,2,10,1,31,7,0,0,4,2,1
700,44.69,91.05,2,27677.0,0.9103,0.961,0.9472,1.0,2.0,2.0,0.0,0.0,4135.82,24.783749,2,2,20,1,31,7,0,0,4,2,0
740,26.78,96.05,3,27736.0,0.6624,0.9631,0.6878,1.0,2.0,2.0,0.0,0.0,4135.82,24.783749,2,1,5,2,31,7,0,1,4,2,0
781,11.95,123.61,5,25715.625,0.2671,0.8929374999999999,0.3382,1.0,5.0,5.0,0.0,0.0,4135.82,24.783749,2,1,9,2,31,7,0,0,4,2,0
901,40.84,133.45,4,25715.625,0.844,0.8929374999999999,1.0,1.0,4.0,4.0,0.0,0.0,4135.82,24.783749,2,2,17,2,31,7,0,0,4,2,0
696,10.34,95.04,2,26365.0,0.232,0.9155,0.2534,1.0,4.0,4.0,0.0,0.0,4190.24,0.37,2,2,2,3,31,7,0,1,4,2,0
811,21.82,101.38,5,28800.0,0.486,1.0,0.486,1.0,5.0,5.0,0.0,0.0,4190.24,0.82,2,2,13,3,31,7,0,0,4,2,0
739,51.09,92.38,5,28800.0,1.0,1.0,1.0,1.0,5.0,5.0,0.0,0.0,4190.24,1.12,2,2,20,3,31,7,0,0,4,2,0
707,34.17,88.38,4,28800.0,0.7603,1.0,0.7603,1.0,2.0,2.0,0.0,0.0,4190.24,1.38,2,2,2,4,31,7,0,1,4,2,0
842,11.82,105.25,3,28800.0,0.2584,1.0,0.2584,1.0,3.0,3.0,0.0,0.0,4190.24,1.69,2,2,10,4,31,7,0,0,4,2,0
748,47.49,93.5,4,28800.0,0.8,1.0,1.0,1.0,5.0,4.0,0.0,0.0,4190.24,2.13,2,2,20,4,31,7,0,0,4,2,0
878,25.09,109.75,2,28800.0,0.6567,1.0,0.6567,1.0,2.0,2.0,0.0,0.0,4190.24,2.47,2,1,4,5,31,8,1,1,4,2,0
719,20.45,89.88,2,28800.0,0.4222,1.0,0.4222,1.0,4.0,4.0,0.0,0.0,4190.24,3.34,1,1,1,6,31,8,1,1,4,2,0
777,37.74,105.74,2,26454.0,0.9073,0.9185,0.9878,1.0,2.0,2.0,0.0,0.0,155.03,0.04,0,1,17,0,6,2,0,0,11,0,0
915,50.35,121.8,3,27045.0,0.9391,0.9391,1.0,1.0,3.0,3.0,0.0,0.0,155.03,0.46,0,1,3,1,6,2,0,1,11,0,0
1002,23.22,125.25,5,28800.0,0.7748,1.0,0.7748,1.0,5.0,5.0,0.0,0.0,155.03,0.87,0,1,13,1,6,2,0,0,11,0,0
856,24.87,107.0,5,28800.0,0.7145,1.0,0.7145,1.0,5.0,5.0,0.0,0.0,155.03,0.96,0,1,15,1,6,2,0,0,11,0,0
952,22.18,119.0,3,28800.0,0.6231,1.0,0.6231,1.0,7.0,7.0,0.0,0.0,155.03,1.51,0,1,4,2,6,2,0,1,11,0,0
1046,45.95,130.75,5,28800.0,1.0,1.0,1.0,1.0,5.0,5.0,0.0,0.0,155.03,1.58,0,1,6,2,6,2,0,0,11,0,0
862,49.43,107.75,6,28800.0,1.0,1.0,1.0,1.0,6.0,6.0,0.0,0.0,155.03,2.06,0,1,17,2,6,2,0,0,11,0,0
977,14.43,122.12,7,28800.0,0.4814,1.0,0.4814,1.0,2.0,2.0,0.0,0.0,155.03,2.39,0,1,1,3,6,2,0,1,11,0,0
796,24.02,99.5,4,28800.0,0.5058,1.0,0.5058,1.0,4.0,4.0,0.0,0.0,155.03,2.61,0,1,7,3,6,2,0,0,11,0,0
892,43.95,111.5,3,28800.0,1.0,1.0,1.0,1.0,3.0,3.0,0.0,0.0,155.03,3.21,0,1,21,3,6,2,0,0,11,0,0
1030,40.46,128.75,2,28800.0,1.0,1.0,1.0,1.0,7.0,6.0,0.0,0.0,155.03,3.45,0,1,3,4,6,2,0,1,11,0,0
927,20.07,115.88,6,28800.0,0.5704,1.0,0.5704,1.0,6.0,6.0,0.0,0.0,155.03,3.56,0,1,6,4,6,2,0,0,11,0,0
1012,51.61,126.5,3,28800.0,1.0,1.0,1.0,1.0,3.0,3.0,0.0,0.0,155.03,4.02,0,1,16,4,6,2,0,0,11,0,0
1050,39.33,131.25,6,28800.0,0.8571,1.0,1.0,1.0,3.0,3.0,0.0,0.0,155.03,4.46,0,1,3,5,6,2,1,1,11,0,0
989,25.41,164.34,2,25715.625,0.7523,0.8929374999999999,1.0,1.0,2.0,2.0,0.0,0.0,155.03,4.84,0,1,12,5,6,2,1,0,11,0,0
958,12.64,152.53,3,25715.625,0.3752,0.8929374999999999,0.4779,1.0,3.0,3.0,0.0,0.0,193.7,0.38,0,2,2,6,6,2,1,1,11,0,0
962,33.68,120.25,4,28800.0,0.9086,1.0,0.9086,1.0,4.0,4.0,0.0,0.0,193.7,0.99,0,2,17,6,6,2,1,0,11,0,3
1050,36.91,131.25,3,28800.0,1.0,1.0,1.0,1.0,4.0,4.0,0.0,0.0,193.7,1.39,0,2,2,0,7,2,0,1,11,0,3
1025,36.59,137.11,2,26912.0,0.9344,0.9344,1.0,1.0,2.0,2.0,0.0,0.0,254.82,1.72,1,2,10,0,7,2,0,0,11,0,0
952,22.38,127.32,2,26919.0,0.3996,0.9347,0.6412,1.0,3.0,2.0,0.0,0.0,254.82,2.18,1,2,21,0,7,2,0,0,11,0,0
759,37.62,94.88,2,28800.0,0.7435,1.0,0.7435,1.0,2.0,2.0,0.0,0.0,254.82,2.68,1,2,9,1,7,2,0,0,11,0,0
846,19.62,105.75,4,28800.0,0.5276,1.0,0.5276,1.0,4.0,4.0,0.0,0.0,254.82,3.11,1,2,19,1,7,2,0,0,11,0,0
840,34.93,105.0,0,28800.0,0.9175,1.0,0.9453,1.0,7.0,7.0,0.0,0.0,254.82,3.5,1,2,5,2,7,2,0,1,11,0,3
973,17.49,131.24,3,26690.0,0.4885,0.9267,0.5271,1.0,3.0,3.0,0.0,0.0,254.82,3.63,1,2,8,2,7,2,0,0,11,0,3
907,38.0,124.85,3,26153.0,0.9081,0.9081,1.0,1.0,3.0,3.0,0.0,0.0,254.82,3.95,1,2,16,2,7,2,0,0,11,0,3
986,38.39,138.27,7,25715.625,0.8914,0.8929374999999999,1.0,1.0,5.0,5.0,0.0,0.0,308.07,4.47,2,2,4,3,7,2,0,1,11,0,0
1050,18.03,131.25,3,28800.0,0.5305,1.0,0.5305,1.0,3.0,3.0,0.0,0.0,308.07,4.78,2,2,12,3,7,2,0,0,11,0,0
1017,30.4,127.12,3,28800.0,0.8853,1.0,0.8853,1.0,3.0,3.0,0.0,0.0,308.07,4.91,2,2,15,3,7,2,0,0,11,0,0
850,41.9,106.25,5,28800.0,0.9226,1.0,0.9226,1.0,3.0,2.0,0.0,0.0,308.07,5.35,2,2,1,4,7,2,0,1,11,0,0
908,18.62,113.5,5,28800.0,0.4978,1.0,0.4978,1.0,5.0,5.0,0.0,0.0,308.07,5.55,2,2,6,4,7,2,0,0,11,0,3
967,14.92,120.88,4,28800.0,0.3965,1.0,0.3965,1.0,4.0,4.0,0.0,0.0,308.07,6.16,2,2,21,4,7,2,0,0,11,0,3
964,13.76,120.5,2,28800.0,0.2546,1.0,0.3819,1.0,5.0,4.0,0.0,0.0,308.07,6.5,2,2,5,5,7,2,1,1,11,0,3
827,19.31,104.58,5,28467.0,0.397,0.9884,0.482,1.0,6.0,5.0,0.0,0.0,345.84,6.82,3,2,12,5,7,2,1,0,11,0,0
868,36.53,109.96,6,28417.0,0.9867,0.9867,1.0,1.0,6.0,6.0,0.0,0.0,345.84,6.9,3,2,14,5,7,2,1,0,11,0,0
996,16.93,126.16,4,28421.0,0.3793,0.9868,0.4805,1.0,1.0,1.0,0.0,0.0,345.84,7.47,3,2,4,6,7,2,1,1,11,0,3
1031,26.38,131.27,2,28275.0,0.9161,0.9818,0.9331,1.0,2.0,2.0,0.0,0.0,345.84,7.7,3,2,10,6,7,2,1,0,11,0,3
767,9.75,100.91,5,27364.0,0.2466,0.9501,0.2596,1.0,5.0,5.0,0.0,0.0,345.84,8.08,3,2,19,6,7,2,1,0,11,0,3
896,10.56,117.81,1,27380.0,0.2961,0.9507,0.3115,1.0,4.0,4.0,0.0,0.0,350.83,8.28,3,2,0,0,8,2,0,1,11,0,3
865,28.06,114.26,3,27253.0,0.6274,0.9463,0.663,1.0,3.0,3.0,0.0,0.0,415.75,8.74,3,2,11,0,8,2,0,0,11,0,0
1050,39.06,138.07,3,27377.0,0.9506,0.9506,1.0,1.0,3.0,3.0,0.0,0.0,415.75,8.93,3,2,15,0,8,2,0,0,11,0,0
904,27.39,113.0,3,28800.0,0.7496,1.0,0.7496,1.0,3.0,3.0,0.0,0.0,415.75,9.7,3,2,10,1,8,2,0,0,11,0,0
1009,19.72,126.12,5,28800.0,0.5074,1.0,0.6089,1.0,6.0,5.0,0.0,0.0,415.75,10.07,3,2,18,1,8,2,0,0,11,0,0
914,23.5,114.25,4,28800.0,0.5928,1.0,0.5928,1.0,3.0,3.0,0.0,0.0,415.75,10.33,3,2,1,2,8,2,0,1,11,0,0
929,40.29,161.07,6,25715.625,0.721,0.8929374999999999,1.0,1.0,6.0,6.0,0.0,0.0,415.75,10.83,3,2,13,2,8,2,0,0,11,0,0
859,30.02,123.0,3,25715.625,0.873,0.8929374999999999,1.0,1.0,3.0,3.0,0.0,0.0,415.75,11.14,3,3,20,2,8,2,0,0,11,0,0
947,13.48,144.94,3,25715.625,0.3978,0.8929374999999999,0.4871,1.0,8.0,8.0,0.0,0.0,415.75,11.28,2,3,0,3,8,2,0,1,11,0,0
952,27.88,119.0,4,28800.0,0.8056,1.0,0.8056,1.0,4.0,4.0,0.0,0.0,474.67,0.39,2,3,10,3,8,2,0,0,11,0,0
933,14.57,116.62,6,28800.0,0.4454,1.0,0.4454,1.0,6.0,6.0,0.0,0.0,474.67,0.65,2,3,16,3,8,2,0,0,11,0,0
901,15.9,112.62,8,28800.0,0.4023,1.0,0.4023,1.0,4.0,4.0,0.0,0.0,474.67,1.1,2,3,3,4,8,2,0,1,11,0,0
923,47.96,115.38,4,28800.0,1.0,1.0,1.0,1.0,4.0,4.0,0.0,0.0,474.67,1.3,2,3,8,4,8,2,0,0,11,0,0
1008,32.82,126.0,5,28800.0,0.8333,1.0,1.0,1.0,6.0,5.0,0.0,0.0,474.67,1.82,2,3,20,4,8,2,0,0,11,0,0
963,10.6,120.38,4,28800.0,0.2949,1.0,0.2949,1.0,3.0,2.0,0.0,0.0,474.67,2.09,2,3,3,5,8,2,1,1,11,0,0
840,9.12,114.96,5,26305.0,0.1959,0.9134,0.2574,1.0,6.0,5.0,0.0,0.0,474.67,2.47,1,4,12,5,8,2,1,0,11,0,0
888,13.91,123.97,5,25786.0,0.3052,0.8953,0.4091,1.0,6.0,5.0,0.0,0.0,479.78,0.15,1,4,16,5,8,2,1,0,11,0,0
1014,40.84,140.68,2,25949.0,0.6007,0.901,1.0,1.0,3.0,2.0,0.0,0.0,628.4,0.39,2,4,22,5,8,2,1,1,11,0,0
794,20.18,99.25,4,28800.0,0.4144,1.0,0.4144,1.0,4.0,4.0,0.0,0.0,628.4,0.77,2,4,7,6,8,2,1,0,11,0,0
1034,26.47,129.25,6,28800.0,0.7626,1.0,0.7626,1.0,6.0,6.0,0.0,0.0,628.4,1.34,2,4,21,6,8,2,1,0,11,0,0
868,11.65,108.5,4,28800.0,0.2611,1.0,0.3264,1.0,4.0,4.0,0.0,0.0,628.4,1.68,1,4,5,0,9,2,0,1,11,0,0
1027,48.44,128.38,2,28800.0,1.0,1.0,1.0,1.0,2.0,2.0,0.0,0.0,628.4,1.99,1,4,13,0,9,2,0,0,11,0,0
1015,14.45,126.88,5,28800.0,0.4546,1.0,0.4546,1.0,5.0,5.0,0.0,0.0,628.4,2.25,1,4,19,0,9,2,0,0,11,0,0
887,29.16,110.88,4,28800.0,0.7884,1.0,0.7884,1.0,2.0,2.0,0.0,0.0,628.4,2.66,1,4,5,1,9,2,0,1,11,0,0
991,22.15,123.88,4,28800.0,0.6056,1.0,0.6056,1.0,4.0,4.0,0.0,0.0,628.4,2.98,1,4,12,1,9,2,0,0,11,0,0
1035,17.81,129.38,2,28800.0,0.5056,1.0,0.5056,1.0,2.0,2.0,0.0,0.0,628.4,3.11,1,4,15,1,9,2,0,0,11,0,0
730,24.46,91.25,2,28800.0,0.5739,1.0,0.5739,1.0,2.0,2.0,0.0,0.0,628.4,3.42,1,4,23,1,9,2,0,1,11,0,0
928,44.13,116.0,5,28800.0,1.0,1.0,1.0,1.0,5.0,5.0,0.0,0.0,628.4,3.77,1,4,7,2,9,2,0,0,11,0,0
1050,24.29,131.25,3,28800.0,0.7674,1.0,0.7674,1.0,3.0,3.0,0.0,0.0,628.4,4.16,1,4,17,2,9,2,0,0,11,0,0
899,24.11,112.38,4,28800.0,0.6309,1.0,0.6309,1.0,8.0,8.0,0.0,0.0,628.4,4.6,1,4,3,3,9,2,0,1,11,0,0
1023,15.03,127.88,5,28800.0,0.4108,1.0,0.493,1.0,6.0,5.0,0.0,0.0,628.4,4.71,1,4,6,3,9,2,0,0,11,0,0
1050,17.8,131.25,5,28800.0,0.634,1.0,0.634,1.0,5.0,5.0,0.0,0.0,628.4,5.22,1,4,18,3,9,2,0,0,11,0,0
1028,48.87,128.5,8,28800.0,1.0,1.0,1.0,1.0,3.0,3.0,0.0,0.0,628.4,5.62,1,4,4,4,9,2,0,1,11,0,2
913,36.23,114.12,3,28800.0,0.75,1.0,1.0,1.0,4.0,3.0,0.0,0.0,628.4,5.79,1,4,8,4,9,2,0,0,11,0,2
991,18.33,123.88,2,28800.0,0.5784,1.0,0.5784,1.0,2.0,2.0,0.0,0.0,628.4,6.05,1,4,14,4,9,2,0,0,11,0,2
851,19.83,106.38,3,28800.0,0.5638,1.0,0.5638,1.0,2.0,2.0,0.0,0.0,632.71,6.66,2,4,5,5,9,2,1,1,11,0,3
1036,41.83,162.3,4,25715.625,0.7979,0.8929374999999999,1.0,1.0,4.0,4.0,0.0,0.0,639.23,7.28,2,4,20,5,9,2,1,0,11,0,0
1050,49.98,173.66124,2,25715.625,0.7155,0.8929374999999999,1.0,1.0,7.0,7.0,0.0,0.0,688.91,7.48,2,4,0,6,9,3,1,1,11,0,0
934,22.73,116.75,2,28800.0,0.6305,1.0,0.6305,1.0,2.0,2.0,0.0,0.0,688.91,8.01,2,4,13,6,9,3,1,0,11,0,0
846,27.0,105.75,5,28800.0,0.67,1.0,0.67,1.0,5.0,5.0,0.0,0.0,688.91,8.05,2,4,14,6,9,3,1,0,11,0,0
924,19.02,115.5,7,28800.0,0.5643,1.0,0.5643,1.0,7.0,7.0,0.0,0.0,688.91,8.44,2,4,23,6,9,3,1,1,11,0,0
982,40.77,122.75,4,28800.0,1.0,1.0,1.0,1.0,4.0,4.0,0.0,0.0,688.91,8.87,2,4,10,0,10,3,0,0,11,0,3
966,41.09,120.75,3,28800.0,1.0,1.0,1.0,1.0,3.0,3.0,0.0,0.0,688.91,9.04,2,4,14,0,10,3,0,0,11,0,3
1020,28.76,127.5,1,28800.0,0.9173,1.0,0.9173,1.0,3.0,3.0,0.0,0.0,688.91,9.45,2,4,0,1,10,3,0,1,11,0,3
1050,13.88,139.53,2,27090.0,0.4918,0.9406,0.5229,1.0,2.0,2.0,0.0,0.0,798.43,9.87,3,4,10,1,10,3,0,0,11,0,0
987,35.41,147.29,2,25715.625,0.8376,0.8929374999999999,1.0,1.0,2.0,2.0,0.0,0.0,798.43,10.24,3,4,19,1,10,3,0,0,11,0,0
827,24.4,110.45,3,26954.0,0.6691,0.9359,0.7149,1.0,3.0,3.0,0.0,0.0,798.43,10.42,3,4,23,1,10,3,0,1,11,0,0
1038,29.57,129.75,3,28800.0,0.8938,1.0,0.8938,1.0,3.0,3.0,0.0,0.0,798.43,10.88,3,4,10,2,10,3,0,0,11,0,0
865,25.81,108.12,6,28800.0,0.6842,1.0,0.6842,1.0,6.0,6.0,0.0,0.0,798.43,11.23,3,3,18,2,10,3,0,0,11,0,0
1040,46.21,130.0,4,28800.0,1.0,1.0,1.0,1.0,5.0,5.0,0.0,0.0,798.43,11.61,3,3,4,3,10,3,0,1,11,0,0
1047,34.33,130.88,2,28800.0,1.0,1.0,1.0,1.0,2.0,2.0,0.0,0.0,798.43,11.96,3,3,12,3,10,3,0,0,11,0,0
973,23.57,121.62,4,28800.0,0.6382,1.0,0.6382,1.0,4.0,4.0,0.0,0.0,798.43,12.23,3,3,18,3,10,3,0,0,11,0,0
970,20.67,121.25,5,28800.0,0.6211,1.0,0.6211,1.0,1.0,1.0,0.0,0.0,798.43,12.62,3,3,4,4,10,3,0,1,11,0,0
849,42.56,106.12,5,28800.0,1.0,1.0,1.0,1.0,5.0,5.0,0.0,0.0,798.43,13.01,3,3,13,4,10,3,0,0,11,0,0
885,34.33,110.62,4,28800.0,1.0,1.0,1.0,1.0,4.0,4.0,0.0,0.0,798.43,13.2,3,3,18,4,10,3,0,0,11,0,0
1050,36.51,131.25,1,28800.0,1.0,1.0,1.0,1.0,1.0,1.0,0.0,0.0,798.43,13.4,3,3,23,4,10,3,0,1,11,0,3
889,11.57,111.12,6,28800.0,0.2988,1.0,0.2988,1.0,6.0,6.0,0.0,0.0,798.43,13.71,2,3,6,5,10,3,1,0,11,0,3
946,29.92,118.25,2,28800.0,0.8974,1.0,0.8974,1.0,2.0,2.0,0.0,0.0,798.43,14.08,1,3,15,5,10,3,1,0,11,0,3
1050,24.89,131.25,7,28800.0,0.7434,1.0,0.7434,1.0,7.0,7.0,0.0,0.0,838.67,14.53,2,3,2,6,10,3,1,1,11,0,0
1050,39.27,131.25,6,28800.0,1.0,1.0,1.0,1.0,6.0,6.0,0.0,0.0,838.67,15.18,2,3,17,6,10,3,1,0,11,0,3
799,36.54,99.88,7,28800.0,0.9297,1.0,0.9297,1.0,4.0,4.0,0.0,0.0,838.67,15.68,2,3,5,0,11,3,0,1,11,0,3
991,41.06,146.46,5,25715.625,0.7048,0.8929374999999999,1.0,1.0,6.0,5.0,0.0,0.0,838.67,15.91,2,3,11,0,11,3,0,0,11,0,3
1001,15.13,152.13,4,25715.625,0.3994,0.8929374999999999,0.4856,1.0,4.0,4.0,0.0,0.0,838.67,16.07,2,2,15,0,11,3,0,0,11,0,3
1034,40.35,161.29,4,25715.625,0.8014,0.8929374999999999,1.0,1.0,2.0,2.0,0.0,0.0,922.01,16.6,2,2,3,1,11,3,0,1,11,0,0
1050,15.13,131.25,6,28800.0,0.4699,1.0,0.4699,1.0,6.0,6.0,0.0,0.0,922.01,16.83,2,2,9,1,11,3,0,0,11,0,0
977,19.62,122.12,5,28800.0,0.6351,1.0,0.6351,1.0,5.0,5.0,0.0,0.0,922.01,17.16,2,2,17,1,11,3,0,0,11,0,0
947,24.39,118.38,2,28800.0,0.6182,1.0,0.6182,1.0,4.0,4.0,0.0,0.0,922.01,17.48,2,2,0,2,11,3,0,1,11,0,0
963,40.85,120.38,4,28800.0,1.0,1.0,1.0,1.0,4.0,4.0,0.0,0.0,922.01,17.87,2,2,10,2,11,3,0,0,11,0,0
858,28.9,107.25,2,28800.0,0.7963,1.0,0.7963,1.0,2.0,2.0,0.0,0.0,922.01,18.17,2,2,17,2,11,3,0,0,11,0,0
904,25.46,113.0,4,28800.0,0.7646,1.0,0.7646,1.0,5.0,5.0,0.0,0.0,922.01,18.6,2,2,3,3,11,3,0,1,11,0,0
997,29.79,124.62,4,28800.0,0.7982,1.0,0.9977,1.0,5.0,4.0,0.0,0.0,922.01,18.95,2,2,12,3,11,3,0,0,11,0,3
915,17.1,114.38,3,28800.0,0.4432,1.0,0.4432,1.0,3.0,3.0,0.0,0.0,922.01,19.22,2,2,18,3,11,3,0,0,11,0,3
1050,13.95,131.25,5,28800.0,0.4794,1.0,0.4794,1.0,5.0,5.0,0.0,0.0,922.01,19.37,2,2,22,3,11,3,0,1,11,0,3
791,37.27,107.67,4,26447.0,0.6255,0.9183,0.8515,1.0,5.0,4.0,0.0,0.0,922.01,19.89,3,2,10,4,11,3,0,0,11,0,0
1050,25.71,164.68,4,25715.625,0.797,0.8929374999999999,1.0,1.0,4.0,4.0,0.0,0.0,997.27,20.08,3,2,15,4,11,3,0,0,11,0,0
950,41.91,131.42,4,26023.0,0.7229,0.9036,1.0,1.0,4.0,4.0,0.0,0.0,997.27,20.55,3,2,2,5,11,3,1,1,11,0,0
1010,29.72,126.25,6,28800.0,0.8631,1.0,0.8631,1.0,6.0,6.0,0.0,0.0,997.27,20.96,3,2,12,5,11,3,1,0,11,0,0
1001,23.1,125.12,2,28800.0,0.6632,1.0,0.6632,1.0,2.0,2.0,0.0,0.0,997.27,21.03,3,2,14,5,11,3,1,0,11,0,0
910,25.47,113.75,4,28800.0,0.6389,1.0,0.6389,1.0,2.0,2.0,0.0,0.0,997.27,21.51,2,2,1,6,11,3,1,1,11,0,0
1030,38.8,128.75,3,28800.0,1.0,1.0,1.0,1.0,3.0,3.0,0.0,0.0,997.27,21.84,2,2,9,6,11,3,1,0,11,0,0
1050,26.88,131.25,6,28800.0,0.7758,1.0,0.7758,1.0,6.0,6.0,0.0,0.0,997.27,22.1,2,2,15,6,11,3,1,0,11,0,3
808,41.06,101.0,2,28800.0,1.0,1.0,1.0,1.0,5.0,4.0,0.0,0.0,997.27,22.46,2,2,0,0,12,3,0,1,11,0,3
1050,31.64,141.46,4,26722.0,0.9278,0.9278,1.0,1.0,4.0,4.0,0.0,0.0,997.27,22.91,2,2,11,0,12,3,0,0,11,0,3
976,32.06,125.95,4,27896.0,0.8902,0.9686,0.9191,1.0,4.0,4.0,0.0,0.0,1104.69,23.27,2,2,19,0,12,3,0,0,11,0,0
679,9.11,92.48,4,26432.0,0.1626,0.9178,0.2214,1.0,2.0,2.0,0.0,0.0,1104.69,23.65,2,2,4,1,12,3,0,1,11,0,0
1020,11.4,127.5,2,28800.0,0.3921,1.0,0.3921,1.0,2.0,2.0,0.0,0.0,1104.69,23.9,2,2,11,1,12,3,0,0,11,0,0
945,38.54,118.12,6,28800.0,1.0,1.0,1.0,1.0,6.0,6.0,0.0,0.0,1104.69,24.17,2,2,17,1,12,3,0,0,11,0,0
733,32.47,91.62,2,28800.0,0.6516,1.0,0.6516,1.0,6.0,6.0,0.0,0.0,1104.69,24.51,2,2,1,2,12,3,0,1,11,0,0
892,20.67,111.5,3,28800.0,0.3953,1.0,0.5271,1.0,4.0,3.0,0.0,0.0,1104.69,24.783749,2,2,11,2,12,3,0,0,11,0,0
1050,50.19,131.25,4,28800.0,1.0,1.0,1.0,1.0,4.0,4.0,0.0,0.0,1104.69,24.783749,2,2,17,2,12,3,0,0,11,0,0
864,38.39,108.0,6,28800.0,0.8655,1.0,0.8655,1.0,8.0,8.0,0.0,0.0,1104.69,24.783749,2,2,0,3,12,3,0,1,11,0,0
955,32.02,119.38,2,28800.0,0.8933,1.0,0.8933,1.0,2.0,2.0,0.0,0.0,1104.69,24.783749,2,2,6,3,12,3,0,0,11,0,0
1023,24.42,127.88,4,28800.0,0.7243,1.0,0.7243,1.0,4.0,4.0,0.0,0.0,1104.69,24.783749,2,2,16,3,12,3,0,0,11,0,0
837,50.04,104.62,8,28800.0,1.0,1.0,1.0,1.0,8.0,8.0,0.0,0.0,1104.69,24.783749,2,2,22,3,12,3,0,1,11,0,0
970,41.48,121.25,3,28800.0,1.0,1.0,1.0,1.0,3.0,3.0,0.0,0.0,1104.69,24.783749,1,2,9,4,12,3,0,0,11,0,0
895,13.56,111.88,3,28800.0,0.3549,1.0,0.3549,1.0,3.0,3.0,0.0,0.0,1104.69,24.783749,1,2,18,4,12,3,0,0,11,0,0
908,40.94,113.5,2,28800.0,1.0,1.0,1.0,1.0,5.0,5.0,0.0,0.0,1104.69,24.783749,1,1,0,5,12,3,1,1,11,0,0
1009,26.09,127.07,3,28586.0,0.8146,0.9926,0.8207,1.0,3.0,3.0,0.0,0.0,1214.03,24.783749,1,1,9,5,12,3,1,0,11,0,0
758,13.42,95.77,5,28494.0,0.3366,0.9894,0.3402,1.0,3.0,3.0,0.0,0.0,1214.03,24.783749,1,1,1,6,12,3,1,1,11,0,0
985,39.51,123.12,4,28800.0,0.8,1.0,1.0,1.0,5.0,4.0,0.0,0.0,1214.03,24.783749,1,1,6,6,12,3,1,0,11,0,0
1050,12.61,131.25,6,28800.0,0.4415,1.0,0.4415,1.0,6.0,6.0,0.0,0.0,1214.03,24.783749,1,1,14,6,12,3,1,0,11,0,0
987,37.61,123.38,3,28800.0,1.0,1.0,1.0,1.0,3.0,3.0,0.0,0.0,1214.03,24.783749,1,1,23,6,12,3,1,1,11,0,0
881,23.41,110.12,5,28800.0,0.7079,1.0,0.7079,1.0,5.0,5.0,0.0,0.0,1214.03,24.783749,1,1,8,0,13,3,0,0,11,0,0
902,9.04,112.75,2,28800.0,0.2672,1.0,0.2672,1.0,2.0,2.0,0.0,0.0,1214.03,24.783749,0,0,18,0,13,3,0,0,11,0,0
987,16.61,123.38,4,28800.0,0.5494,1.0,0.5494,1.0,3.0,3.0,0.0,0.0,1214.03,24.783749,0,0,2,1,13,3,0,1,11,0,0
870,49.21,108.75,6,28800.0,1.0,1.0,1.0,1.0,6.0,6.0,0.0,0.0,1214.03,24.783749,0,0,7,1,13,3,0,0,11,0,0
943,21.59,117.88,5,28800.0,0.5249,1.0,0.5249,1.0,5.0,5.0,0.0,0.0,1214.03,24.783749,0,0,20,1,13,3,0,0,11,0,3
870,12.7,108.75,3,28800.0,0.309,1.0,0.309,1.0,3.0,3.0,0.0,0.0,1214.03,24.783749,0,0,4,2,13,3,0,1,11,0,3
928,25.66,125.17,6,26690.0,0.8229,0.9267,0.888,1.0,6.0,6.0,0.0,0.0,1214.03,24.783749,0,0,7,2,13,3,0,0,11,0,3
892,33.05,137.85,3,25715.625,0.8089,0.8929374999999999,1.0,1.0,3.0,3.0,0.0,0.0,1214.03,24.783749,0,0,14,2,13,3,0,0,11,0,3
974,19.61,137.59,3,25715.625,0.5077,0.8929374999999999,0.5737,1.0,3.0,3.0,0.0,0.0,1320.68,24.783749,1,0,22,2,13,3,0,1,11,0,0
1009,19.97,126.12,5,28800.0,0.5476,1.0,0.5476,1.0,5.0,5.0,0.0,0.0,1320.68,24.783749,1,0,8,3,13,3,0,0,11,0,0
988,30.6,123.5,2,28800.0,0.7856,1.0,0.7856,1.0,2.0,2.0,0.0,0.0,1320.68,24.783749,1,0,21,3,13,3,0,0,11,0,0
1005,16.83,125.62,4,28800.0,0.5088,1.0,0.5088,1.0,4.0,4.0,0.0,0.0,1320.68,24.783749,1,0,22,3,13,3,0,1,11,0,0
876,30.79,109.5,4,28800.0,0.8337,1.0,0.8337,1.0,4.0,4.0,0.0,0.0,1320.68,24.783749,1,0,10,4,13,3,0,0,11,0,0
824,15.92,103.0,3,28800.0,0.4134,1.0,0.4134,1.0,3.0,3.0,0.0,0.0,1320.68,24.783749,1,0,14,4,13,3,0,0,11,0,0
1031,42.12,128.88,5,28800.0,1.0,1.0,1.0,1.0,2.0,2.0,0.0,0.0,1320.68,24.783749,1,0,3,5,13,3,1,1,11,0,0
979,23.39,122.38,6,28800.0,0.686,1.0,0.686,1.0,6.0,6.0,0.0,0.0,1320.68,24.783749,1,0,8,5,13,3,1,0,11,0,0
906,12.03,113.25,4,28800.0,0.3083,1.0,0.3083,1.0,4.0,4.0,0.0,0.0,1320.68,24.783749,1,0,18,5,13,3,1,0,11,0,0
825,35.59,103.12,2,28800.0,0.9576,1.0,0.9576,1.0,2.0,2.0,0.0,0.0,1320.68,24.783749,1,0,4,6,13,3,1,1,11,0,0
1003,23.73,125.38,3,28800.0,0.6422,1.0,0.6422,1.0,3.0,3.0,0.0,0.0,1320.68,24.783749,1,0,11,6,13,3,1,0,11,0,3
948,24.55,118.5,6,28800.0,0.7525,1.0,0.7525,1.0,6.0,6.0,0.0,0.0,1320.68,24.783749,1,0,18,6,13,3,1,0,11,0,3
692,27.05,86.5,2,28800.0,0.6442,1.0,0.6442,1.0,8.0,8.0,0.0,0.0,1320.68,24.783749,1,0,2,0,14,3,0,1,11,0,3
1021,34.35,135.43,4,27141.0,0.9424,0.9424,1.0,1.0,4.0,4.0,0.0,0.0,1361.12,24.783749,2,0,11,0,14,3,0,0,11,0,0
803,31.59,107.44,6,26906.0,0.8462,0.9342,0.9058,1.0,6.0,6.0,0.0,0.0,1361.12,24.783749,2,0,18,0,14,3,0,0,11,0,0
1050,42.34,143.51,8,26340.0,0.813,0.9146,1.0,1.0,3.0,3.0,0.0,0.0,1361.12,24.783749,2,0,2,1,14,3,0,1,11,0,2
845,18.43,105.62,5,28800.0,0.4718,1.0,0.4718,1.0,5.0,5.0,0.0,0.0,1361.12,24.783749,2,0,8,1,14,3,0,0,11,0,2
990,38.38,123.75,4,28800.0,0.991,1.0,0.991,1.0,4.0,4.0,0.0,0.0,1361.12,24.783749,2,0,14,1,14,3,0,0,11,0,2
865,29.7,108.12,3,28800.0,0.8719,1.0,0.8719,1.0,4.0,4.0,0.0,0.0,1361.12,24.783749,2,0,0,2,14,4,0,1,11,0,2
986,39.85,137.41,4,25832.0,0.7175,0.8969,1.0,1.0,5.0,4.0,0.0,0.0,1409.79,24.783749,3,0,11,2,14,4,0,0,11,0,0
973,28.33,140.17,5,25715.625,0.8677,0.8929374999999999,1.0,1.0,5.0,5.0,0.0,0.0,1409.79,24.783749,2,0,21,2,14,4,0,0,11,0,0
1050,12.81,148.37,4,25715.625,0.3861,0.8929374999999999,0.4365,1.0,3.0,3.0,0.0,0.0,1409.79,24.783749,2,0,2,3,14,4,0,1,11,0,0
997,14.13,124.62,2,28800.0,0.2537,1.0,0.3805,1.0,3.0,2.0,0.0,0.0,1409.79,24.783749,2,0,12,3,14,4,0,0,11,0,3
992,24.01,124.0,3,28800.0,0.7574,1.0,0.7574,1.0,3.0,3.0,0.0,0.0,1409.79,24.783749,2,0,18,3,14,4,0,0,11,0,3
1004,47.25,125.5,3,28800.0,1.0,1.0,1.0,1.0,3.0,3.0,0.0,0.0,1409.79,24.783749,2,0,22,3,14,4,0,1,11,0,3
1050,40.56,142.19,4,26585.0,0.9231,0.9231,1.0,1.0,4.0,4.0,0.0,0.0,1409.79,24.783749,3,0,7,4,14,4,0,0,11,0,0
944,22.71,132.39,3,25715.625,0.6831,0.8929374999999999,0.7664,1.0,3.0,3.0,0.0,0.0,1515.28,24.783749,3,0,14,4,14,4,0,0,11,0,0
893,42.86,127.57,1,25715.625,0.875,0.8929374999999999,1.0,1.0,6.0,6.0,0.0,0.0,1515.28,24.783749,3,0,2,5,14,4,1,1,11,0,0
928,32.22,116.0,6,28800.0,1.0,1.0,1.0,1.0,6.0,6.0,0.0,0.0,1515.28,24.783749,3,0,13,5,14,4,1,0,11,0,0
965,33.0,120.62,2,28800.0,1.0,1.0,1.0,1.0,2.0,2.0,0.0,0.0,1515.28,24.783749,3,0,19,5,14,4,1,0,11,0,0
862,38.11,107.75,6,28800.0,0.921,1.0,0.921,1.0,8.0,7.0,0.0,0.0,1515.28,24.783749,3,0,5,6,14,4,1,1,11,0,0
935,26.34,116.88,5,28800.0,0.784,1.0,0.784,1.0,5.0,5.0,0.0,0.0,1515.28,24.783749,3,0,13,6,14,4,1,0,11,0,0
960,46.25,120.0,6,28800.0,1.0,1.0,1.0,1.0,6.0,6.0,0.0,0.0,1515.28,24.783749,3,0,21,6,14,4,1,0,11,0,0
872,18.33,109.0,7,28800.0,0.4271,1.0,0.4881,1.0,4.0,4.0,0.0,0.0,1515.28,24.783749,3,0,0,0,15,4,0,1,11,0,0
957,33.12,119.62,3,28800.0,0.9364,1.0,0.9364,1.0,3.0,3.0,0.0,0.0,1515.28,24.783749,2,0,9,0,15,4,0,0,11,0,0
953,8.79,119.12,5,28800.0,0.272,1.0,0.272,1.0,5.0,5.0,0.0,0.0,1515.28,24.783749,2,0,16,0,15,4,0,0,11,0,0
1045,45.04,130.62,4,28800.0,1.0,1.0,1.0,1.0,4.0,4.0,0.0,0.0,1515.28,24.783749,2,0,22,0,15,4,0,1,11,0,0
835,31.16,123.6,5,25715.625,0.6504,0.8929374999999999,0.9243,1.0,6.0,5.0,0.0,0.0,1515.28,24.783749,2,0,13,1,15,4,0,0,11,0,0
892,26.09,136.2,3,25715.625,0.6541,0.8929374999999999,0.799,1.0,3.0,3.0,0.0,0.0,1515.28,24.783749,2,0,16,1,15,4,0,0,11,0,0
1038,17.09,141.18,3,26469.0,0.577,0.9191,0.6278,1.0,3.0,3.0,0.0,0.0,1539.78,0.09,2,1,22,1,15,4,0,1,11,0,3
941,39.86,137.8,3,25715.625,0.8536,0.8929374999999999,1.0,1.0,3.0,3.0,0.0,0.0,1539.78,0.6,1,1,10,2,15,4,0,0,11,0,3
738,38.49,113.12,3,25715.625,0.8155,0.8929374999999999,1.0,1.0,3.0,3.0,0.0,0.0,1539.78,1.02,1,1,20,2,15,4,0,0,11,0,3
778,21.98,116.96,2,25715.625,0.446,0.8929374999999999,0.5364,1.0,4.0,3.0,0.0,0.0,1559.55,1.2,2,1,0,3,15,4,0,1,11,0,0
1050,33.26,162.72,2,25715.625,0.8066,0.8929374999999999,1.0,1.0,2.0,2.0,0.0,0.0,1559.55,1.47,2,1,7,3,15,4,0,0,11,0,0
955,23.48,165.06,3,25715.625,0.7232,0.8929374999999999,1.0,1.0,3.0,3.0,0.0,0.0,1559.55,2.06,2,2,21,3,15,4,0,0,11,0,0
942,27.88,152.04,3,25715.625,0.5809,0.8929374999999999,1.0,1.0,2.0,2.0,0.0,0.0,1603.27,0.2,2,2,5,4,15,4,0,1,11,0,0
962,35.5,120.25,5,28800.0,1.0,1.0,1.0,1.0,5.0,5.0,0.0,0.0,1603.27,0.43,1,2,10,4,15,4,0,0,11,0,0
1002,35.41,125.25,4,28800.0,0.8,1.0,1.0,1.0,5.0,4.0,0.0,0.0,1603.27,0.85,1,2,20,4,15,4,0,0,11,0,1
914,29.82,114.25,2,28800.0,0.8889,1.0,0.8889,1.0,3.0,3.0,0.0,0.0,1603.27,1.09,1,2,2,5,15,4,1,1,11,0,1
797,28.99,117.99,2,25715.625,0.6601,0.8929374999999999,0.7817,1.0,2.0,2.0,0.0,0.0,1603.27,1.37,1,2,9,5,15,4,1,0,11,0,1
850,34.7,129.75,6,25715.625,0.8189,0.8929374999999999,1.0,1.0,6.0,6.0,0.0,0.0,1603.27,1.76,1,2,18,5,15,4,1,0,11,0,1
838,24.24,121.0,3,25715.625,0.5939,0.8929374999999999,0.686,1.0,2.0,2.0,0.0,0.0,1779.57,2.12,2,2,3,6,15,4,1,1,11,0,0
907,45.62,113.38,5,28800.0,1.0,1.0,1.0,1.0,5.0,5.0,0.0,0.0,1779.57,2.37,2,2,9,6,15,4,1,0,11,0,0
987,25.25,123.38,5,28800.0,0.62,1.0,0.744,1.0,6.0,5.0,0.0,0.0,1779.57,2.64,2,2,15,6,15,4,1,0,11,0,0
974,9.71,121.75,2,28800.0,0.2787,1.0,0.2787,1.0,7.0,7.0,0.0,0.0,1779.57,3.13,2,2,3,0,16,4,0,1,11,0,0
871,15.95,108.88,2,28800.0,0.4425,1.0,0.4425,1.0,2.0,2.0,0.0,0.0,1779.57,3.33,2,2,8,0,16,4,0,0,11,0,0
926,51.39,115.75,3,28800.0,1.0,1.0,1.0,1.0,3.0,3.0,0.0,0.0,1779.57,3.79,2,2,19,0,16,4,0,0,11,0,0
902,33.71,112.75,7,28800.0,0.9158,1.0,0.9158,1.0,3.0,3.0,0.0,0.0,1779.57,4.19,2,2,4,1,16,4,0,1,11,0,0
805,31.7,100.62,4,28800.0,0.6868,1.0,0.6868,1.0,4.0,4.0,0.0,0.0,1779.57,4.25,2,2,6,1,16,4,0,0,11,0,0
1042,30.44,130.25,5,28800.0,0.7377,1.0,0.8853,1.0,6.0,5.0,0.0,0.0,1779.57,4.77,2,2,18,1,16,4,0,0,11,0,0
1050,13.79,131.25,3,28800.0,0.4102,1.0,0.4102,1.0,6.0,6.0,0.0,0.0,1779.57,5.21,2,2,5,2,16,4,0,1,11,0,0
983,28.3,122.88,4,28800.0,0.7102,1.0,0.8878,1.0,5.0,4.0,0.0,0.0,1779.57,5.48,2,2,11,2,16,4,0,0,11,0,0
1044,23.82,130.5,2,28800.0,0.7507,1.0,0.7507,1.0,2.0,2.0,0.0,0.0,1779.57,5.7,2,2,17,2,16,4,0,0,11,0,0
907,12.71,113.38,6,28800.0,0.3112,1.0,0.3112,1.0,6.0,6.0,0.0,0.0,1779.57,5.97,1,2,23,2,16,4,0,1,11,0,0
950,25.15,118.75,2,28800.0,0.7636,1.0,0.7636,1.0,2.0,2.0,0.0,0.0,1779.57,6.45,1,2,11,3,16,4,0,0,11,0,0
1026,16.29,128.25,4,28800.0,0.5736,1.0,0.5736,1.0,4.0,4.0,0.0,0.0,1779.57,6.65,1,2,15,3,16,4,0,0,11,0,0
862,21.42,107.75,2,28800.0,0.3702,1.0,0.5552,1.0,6.0,6.0,0.0,0.0,1779.57,7.12,1,2,3,4,16,4,0,1,11,0,0
822,37.9,102.75,3,28800.0,0.8797,1.0,0.8797,1.0,3.0,3.0,0.0,0.0,1779.57,7.52,1,2,12,4,16,4,0,0,11,0,0
968,45.25,121.0,4,28800.0,1.0,1.0,1.0,1.0,4.0,4.0,0.0,0.0,1779.57,7.58,1,2,14,4,16,4,0,0,11,0,0
1050,12.0,131.25,6,28800.0,0.3748,1.0,0.3748,1.0,6.0,6.0,0.0,0.0,1779.57,7.97,1,2,23,4,16,4,0,1,11,0,0
873,49.39,109.12,3,28800.0,1.0,1.0,1.0,1.0,3.0,3.0,0.0,0.0,1779.57,8.35,1,2,8,5,16,4,1,0,11,0,3
980,27.2,122.5,4,28800.0,0.8126,1.0,0.8126,1.0,4.0,4.0,0.0,0.0,1779.57,8.64,1,2,15,5,16,4,1,0,11,0,3
990,36.45,123.75,2,28800.0,1.0,1.0,1.0,1.0,7.0,7.0,0.0,0.0,1779.57,9.21,0,2,5,6,16,4,1,1,11,0,3
1002,43.29,127.49,3,28295.0,0.9825,0.9825,1.0,1.0,3.0,3.0,0.0,0.0,1861.19,9.49,1,2,11,6,16,4,1,0,11,0,0
932,28.08,120.71,5,27795.0,0.576,0.9651,0.7162,1.0,6.0,5.0,0.0,0.0,1861.19,9.71,1,2,17,6,16,4,1,0,11,0,0
881,11.14,113.93,7,27839.0,0.2579,0.9666,0.2668,1.0,2.0,2.0,0.0,0.0,1861.19,10.01,1,2,0,0,17,4,0,1,11,0,0
1050,16.87,131.25,2,28800.0,0.5305,1.0,0.5305,1.0,2.0,2.0,0.0,0.0,1861.19,10.34,1,2,8,0,17,4,0,0,11,0,0
913,27.77,114.12,5,28800.0,0.77,1.0,0.77,1.0,5.0,5.0,0.0,0.0,1861.19,10.82,1,2,19,0,17,4,0,0,11,0,0
899,22.96,112.38,2,28800.0,0.6864,1.0,0.6864,1.0,2.0,2.0,0.0,0.0,1861.19,10.96,1,2,23,0,17,4,0,1,11,0,0
1050,31.06,131.25,3,28800.0,1.0,1.0,1.0,1.0,3.0,3.0,0.0,0.0,1861.19,11.24,1,2,6,1,17,4,0,0,11,0,0
943,19.76,117.88,2,28800.0,0.52,1.0,0.52,1.0,2.0,2.0,0.0,0.0,1861.19,11.87,1,2,21,1,17,4,0,0,11,0,0
1029,16.75,128.62,7,28800.0,0.4455,1.0,0.4455,1.0,5.0,5.0,0.0,0.0,1861.19,12.08,1,2,2,2,17,4,0,1,11,0,0
924,44.89,130.71,2,25715.625,0.8836,0.8929374999999999,1.0,1.0,2.0,2.0,0.0,0.0,1861.19,12.46,1,2,11,2,17,4,0,0,11,0,0
905,15.66,129.84,6,25715.625,0.3755,0.8929374999999999,0.431,1.0,6.0,6.0,0.0,0.0,1861.19,12.73,1,3,17,2,17,4,0,0,11,0,0
1013,9.99,141.56,5,25762.0,0.2997,0.8945,0.335,1.0,2.0,2.0,0.0,0.0,1882.64,0.1,1,3,0,3,17,4,0,1,11,0,3
923,33.81,144.56,6,25715.625,0.7981,0.8929374999999999,1.0,1.0,6.0,6.0,0.0,0.0,1882.64,0.51,1,3,10,3,17,4,0,0,11,0,3
1044,22.74,165.09,2,25715.625,0.6586,0.8929374999999999,0.8332,1.0,2.0,2.0,0.0,0.0,1882.64,0.77,1,3,16,3,17,4,0,0,11,0,3
702,21.82,99.74,2,25715.625,0.5277,0.8929374999999999,0.5998,1.0,2.0,2.0,0.0,0.0,2003.59,1.08,2,3,0,4,17,4,0,1,11,0,0
735,13.96,91.88,3,28800.0,0.2971,1.0,0.2971,1.0,3.0,3.0,0.0,0.0,2003.59,1.49,2,3,10,4,17,4,0,0,11,0,0
828,28.63,103.5,5,28800.0,0.6311,1.0,0.6311,1.0,5.0,5.0,0.0,0.0,2003.59,1.83,2,3,18,4,17,4,0,0,11,0,0
1037,46.23,129.62,2,28800.0,1.0,1.0,1.0,1.0,3.0,3.0,0.0,0.0,2003.59,2.21,2,3,3,5,17,4,1,1,11,0,0
999,51.77,124.88,4,28800.0,0.8,1.0,1.0,1.0,5.0,4.0,0.0,0.0,2003.59,2.53,2,3,10,5,17,4,1,0,11,0,0
869,19.5,108.62,2,28800.0,0.5504,1.0,0.5504,1.0,2.0,2.0,0.0,0.0,2003.59,2.71,2,3,15,5,17,4,1,0,11,0,0
912,18.91,114.0,3,28800.0,0.4798,1.0,0.4798,1.0,3.0,3.0,0.0,0.0,2003.59,3.0,2,3,22,5,17,4,1,1,11,0,0
981,38.05,122.62,1,28800.0,0.3333,1.0,1.0,1.0,3.0,1.0,0.0,0.0,2003.59,3.41,1,3,7,6,17,4,1,0,11,0,0
873,32.43,109.12,3,28800.0,0.8627,1.0,0.8627,1.0,3.0,3.0,0.0,0.0,2003.59,3.69,1,3,14,6,17,4,1,0,11,0,0
1047,23.25,130.88,3,28800.0,0.3872,1.0,0.6453,1.0,4.0,3.0,0.0,0.0,2003.59,4.2,1,3,3,0,18,4,0,1,11,0,0
870,38.92,108.75,2,28800.0,0.9993,1.0,0.9993,1.0,2.0,2.0,0.0,0.0,2003.59,4.51,1,3,10,0,18,4,0,0,11,0,0
829,25.77,103.62,6,28800.0,0.7262,1.0,0.7262,1.0,6.0,6.0,0.0,0.0,2003.59,4.93,1,3,20,0,18,4,0,0,11,0,0
915,13.57,114.38,3,28800.0,0.3155,1.0,0.4206,1.0,3.0,3.0,0.0,0.0,2003.59,5.15,1,3,1,1,18,4,0,1,11,0,0
1050,23.7,131.25,5,28800.0,0.5386,1.0,0.6464,1.0,6.0,5.0,0.0,0.0,2003.59,5.51,1,3,10,1,18,4,0,0,11,0,0
1027,18.09,128.38,5,28800.0,0.5581,1.0,0.5581,1.0,5.0,5.0,0.0,0.0,2003.59,5.94,1,3,20,1,18,4,0,0,11,0,0
1032,49.71,129.0,3,28800.0,1.0,1.0,1.0,1.0,3.0,3.0,0.0,0.0,2003.59,6.16,1,4,1,2,18,4,0,1,11,0,0
1050,37.0,158.07,6,25715.625,0.8303,0.8929374999999999,1.0,1.0,6.0,6.0,0.0,0.0,2050.14,0.24,1,4,9,2,18,4,0,0,11,0,0
860,31.5,126.58,6,25715.625,0.7185,0.8929374999999999,0.846,1.0,6.0,6.0,0.0,0.0,2050.14,0.64,1,4,19,2,18,4,0,0,11,0,0
872,25.1,142.54,3,25715.625,0.585,0.8929374999999999,0.765,1.0,4.0,4.0,0.0,0.0,2050.14,1.0,1,4,3,3,18,4,0,1,11,0,3
829,32.61,103.62,6,28800.0,0.8756,1.0,0.8756,1.0,6.0,6.0,0.0,0.0,2050.14,1.3,1,4,11,3,18,4,0,0,11,0,3
970,29.53,121.25,5,28800.0,0.7817,1.0,0.7817,1.0,5.0,5.0,0.0,0.0,2050.14,1.56,1,4,17,3,18,4,0,0,11,0,3
978,31.14,122.25,4,28800.0,1.0,1.0,1.0,1.0,5.0,5.0,0.0,0.0,2050.14,1.95,1,4,2,4,18,5,0,1,11,0,0
967,22.7,133.98,4,25983.0,0.5907,0.9022,0.8184,1.0,5.0,4.0,0.0,0.0,2052.14,2.09,1,4,6,4,18,5,0,0,11,0,0
1000,38.44,145.57,4,25715.625,0.8587,0.8929374999999999,1.0,1.0,4.0,4.0,0.0,0.0,2087.91,2.49,2,4,15,4,18,5,0,0,11,0,0
885,11.37,137.79,5,25715.625,0.2692,0.8929374999999999,0.3353,1.0,5.0,4.0,0.0,0.0,2087.91,2.99,2,4,3,5,18,5,1,1,11,0,0
879,34.15,117.11,5,27020.0,0.9382,0.9382,1.0,1.0,5.0,5.0,0.0,0.0,2087.91,3.39,2,4,13,5,18,5,1,0,11,0,0
931,29.51,121.54,5,27575.0,0.6783,0.9575,0.8501,1.0,6.0,5.0,0.0,0.0,2087.91,3.54,2,4,16,5,18,5,1,0,11,0,0
994,18.79,127.89,4,27981.0,0.4498,0.9716,0.5787,1.0,5.0,4.0,0.0,0.0,2167.59,0.1,2,5,23,5,18,5,1,1,11,0,0
999,16.63,124.88,4,28800.0,0.5713,1.0,0.5713,1.0,4.0,4.0,0.0,0.0,2167.59,0.49,2,5,8,6,18,5,1,0,11,0,0
1050,20.08,131.25,3,28800.0,0.6708,1.0,0.6708,1.0,3.0,3.0,0.0,0.0,2167.59,0.74,2,5,14,6,18,5,1,0,11,0,0
1037,11.72,129.62,0,28800.0,0.0,1.0,0.3129,1.0,3.0,3.0,0.0,0.0,2167.59,1.32,2,5,4,0,19,5,0,1,11,0,0
965,31.93,120.62,6,28800.0,0.9945,1.0,0.9945,1.0,6.0,6.0,0.0,0.0,2167.59,1.64,2,5,12,0,19,5,0,0,11,0,0
906,38.6,113.25,3,28800.0,1.0,1.0,1.0,1.0,3.0,3.0,0.0,0.0,2167.59,1.8,2,5,16,0,19,5,0,0,11,0,0
901,39.8,112.62,3,28800.0,1.0,1.0,1.0,1.0,3.0,3.0,0.0,0.0,2167.59,2.07,2,5,22,0,19,5,0,1,11,0,0
883,43.11,110.38,4,28800.0,1.0,1.0,1.0,1.0,4.0,4.0,0.0,0.0,2167.59,2.6,2,5,11,1,19,5,0,0,11,0,3
1050,41.51,131.25,6,28800.0,1.0,1.0,1.0,1.0,6.0,6.0,0.0,0.0,2167.59,2.86,2,5,17,1,19,5,0,0,11,0,3
911,49.69,113.88,5,28800.0,1.0,1.0,1.0,1.0,4.0,4.0,0.0,0.0,2167.59,3.18,2,5,1,2,19,5,0,1,11,0,3
950,34.59,151.27,3,25715.625,0.785,0.8929374999999999,1.0,1.0,3.0,3.0,0.0,0.0,2173.94,3.69,3,6,13,2,19,5,0,0,11,0,3
980,22.89,137.21,2,25715.625,0.7762,0.8929374999999999,0.8694,1.0,2.0,2.0,0.0,0.0,2189.19,0.27,3,6,21,2,19,5,0,0,11,0,3
800,38.53,109.06,4,26407.0,0.9169,0.9169,1.0,1.0,4.0,4.0,0.0,0.0,2189.19,0.34,3,6,22,2,19,5,0,1,11,0,3
825,38.17,104.4,4,28449.0,0.7902,0.9878,1.0,1.0,5.0,4.0,0.0,0.0,2349.58,0.7,4,6,7,3,19,5,0,0,11,0,0
781,26.21,99.25,5,28329.0,0.5811,0.9836,0.5908,1.0,5.0,5.0,0.0,0.0,2349.58,0.97,4,6,14,3,19,5,0,0,11,0,0
1044,19.41,131.49,3,28584.0,0.6757,0.9925,0.6808,1.0,7.0,7.0,0.0,0.0,2349.58,1.6,3,5,5,4,19,5,0,1,11,0,0
960,21.28,120.0,4,28800.0,0.5403,1.0,0.5403,1.0,4.0,4.0,0.0,0.0,2349.58,1.79,2,5,9,4,19,5,0,0,11,0,0
896,12.37,112.0,2,28800.0,0.3068,1.0,0.3068,1.0,2.0,2.0,0.0,0.0,2349.58,2.23,2,5,20,4,19,5,0,0,11,0,0
1050,29.87,131.25,7,28800.0,0.9505,1.0,0.9505,1.0,7.0,7.0,0.0,0.0,2349.58,2.36,2,5,23,4,19,5,0,1,11,0,0
1050,18.27,131.25,3,28800.0,0.583,1.0,0.583,1.0,3.0,3.0,0.0,0.0,2349.58,3.09,2,5,16,5,19,5,1,0,11,0,0
969,25.01,121.12,2,28800.0,0.45,1.0,0.6749,1.0,1.0,1.0,0.0,0.0,2349.58,3.39,2,4,0,6,19,5,1,1,11,0,0
861,10.43,107.62,4,28800.0,0.284,1.0,0.284,1.0,4.0,4.0,0.0,0.0,2349.58,3.89,2,4,12,6,19,5,1,0,11,0,0
832,38.26,104.0,5,28800.0,1.0,1.0,1.0,1.0,5.0,5.0,0.0,0.0,2349.58,4.11,2,4,17,6,19,5,1,0,11,0,0
925,18.43,115.62,1,28800.0,0.5149,1.0,0.5149,1.0,3.0,3.0,0.0,0.0,2349.58,4.55,2,4,4,0,20,5,0,1,11,0,0
964,44.37,120.5,4,28800.0,1.0,1.0,1.0,1.0,4.0,4.0,0.0,0.0,2349.58,4.95,2,4,13,0,20,5,0,0,11,0,0
924,25.84,115.5,5,28800.0,0.7864,1.0,0.7864,1.0,5.0,5.0,0.0,0.0,2349.58,5.05,2,4,16,0,20,5,0,0,11,0,0
946,38.74,118.25,3,28800.0,1.0,1.0,1.0,1.0,3.0,3.0,0.0,0.0,2349.58,5.44,2,4,1,1,20,5,0,1,11,0,0
920,35.03,115.0,4,28800.0,1.0,1.0,1.0,1.0,4.0,4.0,0.0,0.0,2349.58,5.71,2,4,7,1,20,5,0,0,11,0,0
770,47.35,96.25,6,28800.0,1.0,1.0,1.0,1.0,6.0,6.0,0.0,0.0,2349.58,6.23,2,4,20,1,20,5,0,0,11,0,0
905,40.81,113.12,3,28800.0,1.0,1.0,1.0,1.0,3.0,3.0,0.0,0.0,2349.58,6.51,2,4,3,2,20,5,0,1,11,0,0
1050,37.92,137.51,3,27489.0,0.9545,0.9545,1.0,1.0,3.0,3.0,0.0,0.0,2349.58,6.95,1,4,13,2,20,5,0,0,11,0,0
941,43.48,125.19,4,27059.0,0.9395,0.9395,1.0,1.0,4.0,4.0,0.0,0.0,2349.58,6.97,1,4,14,2,20,5,0,0,11,0,0
950,11.49,128.19,3,26679.0,0.3352,0.9264,0.3618,1.0,5.0,5.0,0.0,0.0,2393.67,7.6,2,4,5,3,20,5,0,1,11,0,0
920,10.09,115.0,0,28800.0,0.0,1.0,0.2584,1.0,2.0,0.0,0.0,0.0,2393.67,7.74,1,4,8,3,20,5,0,0,11,0,0
880,26.9,110.0,2,28800.0,0.6817,1.0,0.6817,1.0,2.0,2.0,0.0,0.0,2393.67,8.05,1,4,16,3,20,5,0,0,11,0,0
958,29.88,119.75,5,28800.0,0.7963,1.0,0.7963,1.0,7.0,7.0,0.0,0.0,2393.67,8.6,1,4,5,4,20,5,0,1,11,0,3
1024,43.45,144.3,2,25715.625,0.887,0.8929374999999999,1.0,1.0,2.0,2.0,0.0,0.0,2393.67,8.86,1,4,11,4,20,5,0,0,11,0,3
907,36.36,131.85,2,25715.625,0.8599,0.8929374999999999,1.0,1.0,2.0,2.0,0.0,0.0,2393.67,9.04,1,4,15,4,20,5,0,0,11,0,3
776,18.82,105.47,7,26488.0,0.4408,0.9197,0.4793,1.0,6.0,6.0,0.0,0.0,2397.38,0.15,1,5,2,5,20,5,1,1,11,0,3
1050,36.61,136.31,2,27730.0,0.9628,0.9628,1.0,1.0,2.0,2.0,0.0,0.0,2580.58,0.52,2,5,11,5,20,5,1,0,11,0,0
874,18.2,113.51,3,27718.0,0.4861,0.9624,0.5051,1.0,3.0,3.0,0.0,0.0,2580.58,0.78,2,5,17,5,20,5,1,0,11,0,0
931,25.25,119.55,6,28035.0,0.7474,0.9734,0.7678,1.0,6.0,6.0,0.0,0.0,2580.58,1.03,2,5,23,5,20,5,1,1,11,0,0
942,11.47,117.75,4,28800.0,0.3657,1.0,0.3657,1.0,4.0,4.0,0.0,0.0,2580.58,1.5,2,5,11,6,20,5,1,0,11,0,0
1011,38.7,126.38,3,28800.0,1.0,1.0,1.0,1.0,3.0,3.0,0.0,0.0,2580.58,1.93,2,5,21,6,20,5,1,0,11,0,0
1022,27.91,127.75,2,28800.0,0.5503,1.0,0.8254,1.0,3.0,2.0,0.0,0.0,2580.58,2.01,2,5,23,6,20,5,1,1,11,0,0
904,38.09,113.0,5,28800.0,0.8266,1.0,0.9919,1.0,6.0,5.0,0.0,0.0,2580.58,2.55,2,5,12,0,21,5,0,0,11,0,0
1024,12.44,128.0,2,28800.0,0.3964,1.0,0.3964,1.0,2.0,2.0,0.0,0.0,2580.58,2.71,2,5,16,0,21,5,0,0,11,0,0
908,35.13,113.5,7,28800.0,0.9834,1.0,0.9834,1.0,7.0,7.0,0.0,0.0,2580.58,2.99,2,5,22,0,21,5,0,1,11,0,0
825,41.44,103.12,6,28800.0,1.0,1.0,1.0,1.0,6.0,6.0,0.0,0.0,2580.58,3.42,2,5,9,1,21,5,0,0,11,0,0
1029,13.04,128.62,4,28800.0,0.373,1.0,0.373,1.0,4.0,4.0,0.0,0.0,2580.58,3.89,2,5,20,1,21,5,0,0,11,0,0
936,23.95,117.0,7,28800.0,0.7439,1.0,0.7439,1.0,0.0,0.0,0.0,0.0,2580.58,4.07,2,5,0,2,21,5,0,1,11,0,0
954,19.47,119.25,2,28800.0,0.5018,1.0,0.5018,1.0,2.0,2.0,0.0,0.0,2580.58,4.3,2,5,6,2,21,5,0,0,11,0,0
1004,14.62,125.5,4,28800.0,0.3992,1.0,0.3992,1.0,4.0,4.0,0.0,0.0,2580.58,4.65,2,5,14,2,21,5,0,0,11,0,0
926,15.79,115.75,0,28800.0,0.4016,1.0,0.4135,1.0,0.0,0.0,0.0,0.0,2580.58,4.99,2,5,22,2,21,5,0,1,11,0,0
907,45.78,113.38,6,28800.0,1.0,1.0,1.0,1.0,6.0,6.0,0.0,0.0,2580.58,5.5,1,5,10,3,21,5,0,0,11,0,0
842,36.49,105.25,4,28800.0,0.8607,1.0,0.8607,1.0,4.0,4.0,0.0,0.0,2580.58,5.66,1,5,14,3,21,5,0,0,11,0,0
893,13.89,111.62,4,28800.0,0.3569,1.0,0.3569,1.0,5.0,5.0,0.0,0.0,2580.58,6.09,1,5,1,4,21,5,0,1,11,0,0
835,32.27,104.38,3,28800.0,0.9162,1.0,0.9162,1.0,3.0,3.0,0.0,0.0,2580.58,6.45,1,5,9,4,21,5,0,0,11,0,0
1050,31.41,131.25,2,28800.0,0.8892,1.0,0.8892,1.0,2.0,2.0,0.0,0.0,2580.58,6.73,1,5,16,4,21,5,0,0,11,0,0
788,12.35,98.5,5,28800.0,0.255,1.0,0.255,1.0,4.0,4.0,0.0,0.0,2580.58,7.06,1,4,0,5,21,5,1,1,11,0,0
888,42.16,119.29,2,26799.0,0.9305,0.9305,1.0,1.0,2.0,2.0,0.0,0.0,2580.58,7.42,0,4,9,5,21,5,1,0,11,0,0
955,15.48,128.13,4,26832.0,0.4679,0.9317,0.5022,1.0,2.0,2.0,0.0,0.0,2694.97,8.24,1,4,4,6,21,5,1,1,11,0,0
906,13.7,113.25,6,28800.0,0.3725,1.0,0.3725,1.0,6.0,6.0,0.0,0.0,2694.97,8.55,1,4,12,6,21,5,1,0,11,0,0
833,36.46,104.12,2,28800.0,0.9099,1.0,0.9099,1.0,2.0,2.0,0.0,0.0,2694.97,8.94,1,4,21,6,21,5,1,0,11,0,0
1050,36.84,131.25,2,28800.0,1.0,1.0,1.0,1.0,2.0,2.0,0.0,0.0,2694.97,9.18,1,4,3,0,22,5,0,1,11,0,0
942,19.23,117.75,3,28800.0,0.54,1.0,0.54,1.0,3.0,3.0,0.0,0.0,2694.97,9.42,1,4,9,0,22,5,0,0,11,0,0
891,35.07,111.38,3,28800.0,0.9142,1.0,0.9142,1.0,3.0,3.0,0.0,0.0,2694.97,9.78,1,4,17,0,22,5,0,0,11,0,0
886,27.97,110.75,2,28800.0,0.8328,1.0,0.8328,1.0,3.0,3.0,0.0,0.0,2694.97,10.15,1,4,2,1,22,5,0,1,11,0,0
1018,44.37,127.25,2,28800.0,1.0,1.0,1.0,1.0,2.0,2.0,0.0,0.0,2694.97,10.4,1,4,8,1,22,5,0,0,11,0,0
995,17.25,124.38,6,28800.0,0.5248,1.0,0.5248,1.0,6.0,6.0,0.0,0.0,2694.97,10.81,1,4,18,1,22,5,0,0,11,0,0
1050,37.81,131.25,3,28800.0,1.0,1.0,1.0,1.0,4.0,4.0,0.0,0.0,2694.97,11.13,1,4,2,2,22,5,0,1,11,0,0
902,36.78,112.75,5,28800.0,1.0,1.0,1.0,1.0,5.0,5.0,0.0,0.0,2694.97,11.51,1,4,11,2,22,5,0,0,11,0,0
954,32.33,119.25,6,28800.0,1.0,1.0,1.0,1.0,6.0,6.0,0.0,0.0,2694.97,11.88,1,4,20,2,22,5,0,0,11,0,0
781,32.03,97.62,4,28800.0,0.7238,1.0,0.7238,1.0,5.0,5.0,0.0,0.0,2694.97,12.13,1,4,2,3,22,5,0,1,11,0,0
854,11.34,112.54,2,27318.0,0.2639,0.9485,0.2782,1.0,2.0,2.0,0.0,0.0,2694.97,12.46,1,4,10,3,22,5,0,0,11,0,0
969,23.49,128.11,4,27229.0,0.5475,0.9455,0.7238,1.0,5.0,4.0,0.0,0.0,2694.97,12.63,1,4,14,3,22,5,0,0,11,0,0
1038,28.09,138.46,5,26989.0,0.8016,0.9371,0.8554,1.0,5.0,5.0,0.0,0.0,2861.01,0.34,1,5,23,3,22,5,0,1,11,0,0
1015,23.19,126.88,1,28800.0,0.2274,1.0,0.6823,1.0,3.0,1.0,0.0,0.0,2861.01,0.78,1,4,10,4,22,5,0,0,11,0,0
793,25.69,99.12,2,28800.0,0.6636,1.0,0.6636,1.0,2.0,2.0,0.0,0.0,2861.01,1.13,1,4,18,4,22,5,0,0,11,0,0
1050,38.73,131.25,3,28800.0,1.0,1.0,1.0,1.0,3.0,3.0,0.0,0.0,2861.01,1.34,1,4,23,4,22,5,0,1,11,0,0
989,28.54,123.62,6,28800.0,0.7737,1.0,0.7737,1.0,6.0,6.0,0.0,0.0,2861.01,2.25,0,4,21,5,22,5,1,0,11,0,0
941,31.27,117.62,4,28800.0,0.785,1.0,0.9812,1.0,5.0,4.0,0.0,0.0,2861.01,2.36,0,4,0,6,22,5,1,1,11,0,0
977,17.4,122.12,4,28800.0,0.4407,1.0,0.4407,1.0,4.0,4.0,0.0,0.0,2861.01,3.22,0,4,20,6,22,5,1,0,11,0,0
1034,14.42,129.25,4,28800.0,0.3912,1.0,0.489,1.0,5.0,5.0,0.0,0.0,2861.01,3.41,0,4,1,0,23,6,0,1,11,0,0
916,37.86,114.5,2,28800.0,1.0,1.0,1.0,1.0,2.0,2.0,0.0,0.0,2861.01,3.72,0,4,8,0,23,6,0,0,11,0,0
900,34.09,112.5,5,28800.0,0.8772,1.0,0.8772,1.0,5.0,5.0,0.0,0.0,2861.01,4.1,0,4,17,0,23,6,0,0,11,0,0
938,23.59,117.25,5,28800.0,0.6358,1.0,0.6358,1.0,4.0,4.0,0.0,0.0,2861.01,4.46,0,3,2,1,23,6,0,1,11,0,0
942,22.89,117.75,2,28800.0,0.7408,1.0,0.7408,1.0,2.0,2.0,0.0,0.0,2861.01,4.71,0,3,8,1,23,6,0,0,11,0,0
1017,44.51,127.12,2,28800.0,1.0,1.0,1.0,1.0,2.0,2.0,0.0,0.0,2861.01,5.13,0,3,18,1,23,6,0,0,11,0,0
1000,28.83,125.0,4,28800.0,0.8007,1.0,0.8007,1.0,8.0,7.0,0.0,0.0,2861.01,5.47,0,3,2,2,23,6,0,1,11,0,0
976,12.57,122.0,5,28800.0,0.3545,1.0,0.3545,1.0,5.0,5.0,0.0,0.0,2861.01,5.79,0,3,10,2,23,6,0,0,11,0,0
867,21.19,108.38,6,28800.0,0.6093,1.0,0.6093,1.0,6.0,6.0,0.0,0.0,2861.01,5.95,0,3,14,2,23,6,0,0,11,0,0
850,34.91,106.25,7,28800.0,0.6929,1.0,0.7919,1.0,3.0,3.0,0.0,0.0,2861.01,6.41,0,3,1,3,23,6,0,1,11,0,0
1049,39.53,136.55,4,27655.0,0.9602,0.9602,1.0,1.0,4.0,4.0,0.0,0.0,2861.01,6.88,0,3,12,3,23,6,0,0,11,0,0
1005,38.0,133.31,4,27140.0,0.9424,0.9424,1.0,1.0,4.0,4.0,0.0,0.0,2922.24,7.21,1,3,20,3,23,6,0,0,11,0,0
1050,43.09,141.55,3,26704.0,0.9272,0.9272,1.0,1.0,6.0,5.0,0.0,0.0,2922.24,7.58,1,3,5,4,23,6,0,1,11,0,0
809,37.19,101.12,4,28800.0,0.6713,1.0,0.8391,1.0,5.0,4.0,0.0,0.0,2922.24,7.88,1,3,12,4,23,6,0,0,11,0,0
913,26.66,114.12,6,28800.0,0.6778,1.0,0.6778,1.0,6.0,6.0,0.0,0.0,2922.24,7.96,1,2,14,4,23,6,0,0,11,0,0
792,21.37,99.0,5,28800.0,0.4604,1.0,0.5525,1.0,5.0,5.0,0.0,0.0,2922.24,8.4,1,2,1,5,23,6,1,1,11,0,0
786,43.39,98.25,2,28800.0,0.6303,1.0,0.9454,1.0,3.0,2.0,0.0,0.0,2922.24,9.11,1,2,18,5,23,6,1,0,11,0,0
975,21.66,121.88,5,28800.0,0.5698,1.0,0.5698,1.0,5.0,5.0,0.0,0.0,2922.24,9.3,1,2,22,5,23,6,1,1,11,0,0
988,19.85,149.09,6,25715.625,0.6683,0.8929374999999999,0.8068,1.0,6.0,6.0,0.0,0.0,3162.24,0.16,1,3,10,6,23,6,1,0,11,0,0
1002,23.19,140.49,5,25715.625,0.7845,0.8929374999999999,0.88,1.0,5.0,5.0,0.0,0.0,3162.24,0.58,1,3,21,6,23,6,1,0,11,0,0
934,36.97,135.72,5,25715.625,0.8602,0.8929374999999999,1.0,1.0,5.0,5.0,0.0,0.0,3162.24,0.67,1,3,23,6,23,6,1,1,11,0,0
964,12.42,120.5,4,28800.0,0.3799,1.0,0.3799,1.0,4.0,4.0,0.0,0.0,3162.24,1.15,1,3,10,0,24,6,0,0,11,0,0
910,40.78,113.75,4,28800.0,1.0,1.0,1.0,1.0,4.0,4.0,0.0,0.0,3162.24,1.34,1,3,15,0,24,6,0,0,11,0,0
934,37.29,116.75,2,28800.0,0.9801,1.0,0.9801,1.0,3.0,3.0,0.0,0.0,3162.24,1.72,1,3,0,1,24,6,0,1,11,0,0
877,36.8,109.62,5,28800.0,0.7225,1.0,0.867,1.0,6.0,5.0,0.0,0.0,3162.24,2.27,1,3,13,1,24,6,0,0,11,0,0
963,17.76,120.38,4,28800.0,0.4497,1.0,0.5621,1.0,5.0,4.0,0.0,0.0,3162.24,2.57,1,3,20,1,24,6,0,0,11,0,0
977,42.62,122.12,3,28800.0,1.0,1.0,1.0,1.0,5.0,5.0,0.0,0.0,3162.24,2.89,1,3,4,2,24,6,0,1,11,0,0
922,11.0,115.25,4,28800.0,0.274,1.0,0.274,1.0,4.0,4.0,0.0,0.0,3162.24,3.15,1,3,10,2,24,6,0,0,11,0,0
938,27.75,117.25,4,28800.0,0.7921,1.0,0.7921,1.0,4.0,4.0,0.0,0.0,3162.24,3.57,1,3,20,2,24,6,0,0,11,0,0
908,35.23,113.5,5,28800.0,0.8686,1.0,0.8686,1.0,2.0,2.0,0.0,0.0,3162.24,3.72,1,3,0,3,24,6,0,1,11,0,0
899,41.51,112.38,6,28800.0,1.0,1.0,1.0,1.0,6.0,6.0,0.0,0.0,3162.24,4.23,1,3,12,3,24,6,0,0,11,0,0
908,14.85,113.5,5,28800.0,0.3378,1.0,0.4054,1.0,6.0,5.0,0.0,0.0,3162.24,4.61,0,3,21,3,24,6,0,0,11,0,0
953,34.8,119.12,2,28800.0,0.9252,1.0,0.9252,1.0,3.0,3.0,0.0,0.0,3162.24,4.86,0,3,3,4,24,6,0,1,11,0,0
931,30.73,116.38,3,28800.0,0.8654,1.0,0.8654,1.0,3.0,3.0,0.0,0.0,3162.24,5.07,0,3,8,4,24,6,0,0,11,0,0
809,37.73,101.12,6,28800.0,0.9781,1.0,0.9781,1.0,6.0,6.0,0.0,0.0,3162.24,5.39,0,3,16,4,24,6,0,0,11,0,0
1019,23.45,127.38,3,28800.0,0.7653,1.0,0.7653,1.0,3.0,3.0,0.0,0.0,3162.24,5.64,0,3,22,4,24,6,0,1,11,0,0
1004,33.14,125.5,2,28800.0,1.0,1.0,1.0,1.0,2.0,2.0,0.0,0.0,3162.24,6.1,0,3,9,5,24,6,1,0,11,0,0
927,15.37,115.88,1,28800.0,0.3843,1.0,0.3843,1.0,4.0,4.0,0.0,0.0,3162.24,6.83,0,3,2,6,24,6,1,1,11,0,0
1014,31.33,126.75,3,28800.0,0.8918,1.0,0.8918,1.0,3.0,3.0,0.0,0.0,3162.24,7.13,0,3,10,6,24,6,1,0,11,0,0
936,9.38,117.0,5,28800.0,0.2814,1.0,0.2814,1.0,5.0,5.0,0.0,0.0,3162.24,7.59,0,2,21,6,24,6,1,0,11,0,0
1011,36.68,126.38,3,28800.0,0.9906,1.0,0.9906,1.0,3.0,3.0,0.0,0.0,3162.24,8.14,0,2,10,0,25,6,0,0,11,0,0
1050,20.21,131.25,6,28800.0,0.5534,1.0,0.5534,1.0,6.0,6.0,0.0,0.0,3162.24,8.6,0,2,21,0,25,6,0,0,11,0,0
861,25.85,107.62,3,28800.0,0.5791,1.0,0.5791,1.0,3.0,3.0,0.0,0.0,3162.24,8.69,0,2,23,0,25,6,0,1,11,0,0
936,13.44,117.0,6,28800.0,0.3513,1.0,0.3513,1.0,6.0,6.0,0.0,0.0,3162.24,9.19,0,2,11,1,25,6,0,0,11,0,0
945,18.9,118.12,3,28800.0,0.5716,1.0,0.5716,1.0,3.0,3.0,0.0,0.0,3162.24,9.49,0,2,18,1,25,6,0,0,11,0,0
926,24.8,115.75,2,28800.0,0.6752,1.0,0.6752,1.0,4.0,4.0,0.0,0.0,3162.24,9.8,0,2,2,2,25,6,0,1,11,0,0
1050,36.54,134.54,4,28095.0,0.9755,0.9755,1.0,1.0,4.0,4.0,0.0,0.0,3162.24,9.96,0,2,6,2,25,6,0,0,11,0,0
924,41.18,118.18,2,28147.0,0.9773,0.9773,1.0,1.0,2.0,2.0,0.0,0.0,3179.91,10.33,1,2,14,2,25,6,0,0,11,0,1
982,25.7,124.88,4,28308.0,0.876,0.9829,0.8912,1.0,4.0,4.0,0.0,0.0,3182.8,0.0,1,3,5,3,25,6,0,1,11,0,1
872,33.56,131.7,2,25715.625,0.7978,0.8929374999999999,0.964,1.0,2.0,2.0,0.0,0.0,3222.11,0.26,2,3,11,3,25,6,0,0,11,0,0
967,10.09,142.5,6,25715.625,0.2743,0.8929374999999999,0.3234,1.0,6.0,6.0,0.0,0.0,3222.11,0.53,2,3,17,3,25,6,0,0,11,0,0
834,17.18,143.92,4,25715.625,0.4752,0.8929374999999999,0.656,1.0,4.0,4.0,0.0,0.0,3222.11,0.94,2,3,3,4,25,6,0,1,11,0,0
1009,22.88,126.12,3,28800.0,0.7907,1.0,0.7907,1.0,3.0,3.0,0.0,0.0,3222.11,1.18,2,3,9,4,25,6,0,0,11,0,0
930,26.3,116.25,6,28800.0,0.6746,1.0,0.6746,1.0,6.0,6.0,0.0,0.0,3222.11,1.56,2,3,18,4,25,6,0,0,11,0,0
970,47.16,121.25,4,28800.0,1.0,1.0,1.0,1.0,4.0,4.0,0.0,0.0,3222.11,1.82,2,3,0,5,25,6,1,1,11,0,0
781,19.31,104.49,2,26909.0,0.477,0.9343,0.5105,1.0,2.0,2.0,0.0,0.0,3335.97,0.24,2,4,10,5,25,6,1,0,11,0,0
1001,20.58,139.86,6,25765.0,0.5426,0.8946,0.6065,1.0,6.0,6.0,0.0,0.0,3335.97,0.66,2,4,20,5,25,6,1,0,11,0,0
917,32.98,128.69,4,25715.625,0.8907,0.8929374999999999,1.0,1.0,5.0,5.0,0.0,0.0,3335.97,0.84,2,4,0,6,25,6,1,1,11,0,0
903,31.12,112.88,6,28800.0,0.7365,1.0,0.7365,1.0,6.0,6.0,0.0,0.0,3335.97,1.19,2,4,9,6,25,6,1,0,11,0,0
983,34.9,122.88,3,28800.0,1.0,1.0,1.0,1.0,3.0,3.0,0.0,0.0,3335.97,1.44,2,4,15,6,25,6,1,0,11,0,0
1040,31.57,130.0,5,28800.0,1.0,1.0,1.0,1.0,3.0,3.0,0.0,0.0,3335.97,1.88,2,4,2,0,26,6,0,1,11,0,0
903,43.23,112.88,4,28800.0,1.0,1.0,1.0,1.0,4.0,4.0,0.0,0.0,3335.97,2.2,2,4,9,0,26,6,0,0,11,0,0
841,18.18,105.12,2,28800.0,0.4675,1.0,0.4675,1.0,2.0,2.0,0.0,0.0,3335.97,2.41,2,4,14,0,26,6,0,0,11,0,0
792,17.36,99.0,3,28800.0,0.3737,1.0,0.3737,1.0,3.0,3.0,0.0,0.0,3335.97,2.72,2,4,22,0,26,6,0,1,11,0,0
1005,15.98,125.62,4,28800.0,0.4512,1.0,0.4512,1.0,4.0,4.0,0.0,0.0,3335.97,3.29,2,4,11,1,26,6,0,0,11,0,0
954,29.33,119.25,4,28800.0,0.905,1.0,0.905,1.0,4.0,4.0,0.0,0.0,3335.97,3.45,2,4,15,1,26,6,0,0,11,0,0
895,39.92,111.88,6,28800.0,0.9966,1.0,0.9966,1.0,5.0,5.0,0.0,0.0,3335.97,3.95,2,4,3,2,26,6,0,1,11,0,0
1050,24.96,135.28,3,27943.0,0.6748,0.9702,0.9274,1.0,4.0,3.0,0.0,0.0,3335.97,4.37,1,4,13,2,26,6,0,0,11,0,0
882,33.88,111.71,4,28424.0,0.9869,0.9869,1.0,1.0,4.0,4.0,0.0,0.0,3335.97,4.46,1,4,15,2,26,6,0,0,11,0,0
841,28.89,106.5,5,28429.0,0.6354,0.9871,0.6437,1.0,5.0,5.0,0.0,0.0,3335.97,4.75,1,4,22,2,26,6,0,1,11,0,0
803,26.79,100.38,6,28800.0,0.6463,1.0,0.6463,1.0,6.0,6.0,0.0,0.0,3436.46,5.35,0,4,13,3,26,6,0,0,11,0,0
877,17.72,109.62,2,28800.0,0.5082,1.0,0.5082,1.0,2.0,2.0,0.0,0.0,3436.46,5.49,0,4,16,3,26,6,0,0,11,0,0
1050,11.85,131.25,4,28800.0,0.4018,1.0,0.4018,1.0,4.0,4.0,0.0,0.0,3436.46,5.78,0,4,23,3,26,6,0,1,11,0,0
1050,20.26,131.25,2,28800.0,0.6511,1.0,0.6511,1.0,2.0,2.0,0.0,0.0,3436.46,6.2,0,4,9,4,26,6,0,0,11,0,0
975,49.6,121.88,2,28800.0,1.0,1.0,1.0,1.0,2.0,2.0,0.0,0.0,3436.46,6.41,0,4,14,4,26,6,0,0,11,0,0
1047,37.63,130.88,3,28800.0,1.0,1.0,1.0,1.0,6.0,5.0,0.0,0.0,3436.46,6.94,0,4,3,5,26,6,1,1,11,0,0
1050,12.17,131.25,6,28800.0,0.4025,1.0,0.4025,1.0,6.0,6.0,0.0,0.0,3436.46,7.14,0,4,8,5,26,6,1,0,11,0,0
871,25.75,108.88,5,28800.0,0.7159,1.0,0.7159,1.0,5.0,5.0,0.0,0.0,3436.46,7.69,0,3,21,5,26,6,1,0,11,0,0
924,29.66,115.5,5,28800.0,0.6887,1.0,0.8265,1.0,2.0,2.0,0.0,0.0,3436.46,7.98,0,3,4,6,26,6,1,1,11,0,0
1018,24.42,127.25,3,28800.0,0.6734,1.0,0.6734,1.0,3.0,3.0,0.0,0.0,3436.46,8.28,0,3,11,6,26,6,1,0,11,0,0
968,34.19,121.0,3,28800.0,0.8904,1.0,0.8904,1.0,3.0,3.0,0.0,0.0,3436.46,8.68,0,3,21,6,26,6,1,0,11,0,0
870,14.25,108.75,2,28800.0,0.4081,1.0,0.4081,1.0,3.0,3.0,0.0,0.0,3436.46,9.04,0,4,5,0,27,6,0,1,11,0,0
1032,47.63,140.28,2,26484.0,0.9196,0.9196,1.0,1.0,2.0,2.0,0.0,0.0,3577.22,0.07,0,4,8,0,27,6,0,0,11,0,0
901,26.72,140.11,4,25715.625,0.6111,0.8929374999999999,0.9504,1.0,5.0,4.0,0.0,0.0,3577.22,0.4,0,4,16,0,27,6,0,0,11,0,0
615,28.63,93.99,3,25715.625,0.5365,0.8929374999999999,0.6559,1.0,3.0,3.0,0.0,0.0,3577.22,0.87,0,4,3,1,27,6,0,1,11,0,0
982,13.63,122.75,5,28800.0,0.3635,1.0,0.3635,1.0,5.0,5.0,0.0,0.0,3577.22,1.04,0,4,7,1,27,6,0,0,11,0,0
822,24.24,102.75,1,28800.0,0.3388,1.0,0.6776,1.0,2.0,1.0,0.0,0.0,3577.22,1.51,0,4,19,1,27,6,0,0,11,0,0
1045,15.65,130.62,3,28800.0,0.4829,1.0,0.4829,1.0,3.0,3.0,0.0,0.0,3577.22,1.63,0,4,22,1,27,6,0,1,11,0,0
943,32.06,117.88,5,28800.0,0.9106,1.0,0.9106,1.0,5.0,5.0,0.0,0.0,3577.22,2.14,0,4,10,2,27,7,0,0,11,0,0
1024,26.3,128.0,5,28800.0,0.794,1.0,0.794,1.0,5.0,5.0,0.0,0.0,3577.22,2.37,0,4,16,2,27,7,0,0,11,0,0
923,31.36,115.38,2,28800.0,0.7644,1.0,0.7644,1.0,3.0,3.0,0.0,0.0,3577.22,2.88,0,4,4,3,27,7,0,1,11,0,0
770,42.79,96.25,2,28800.0,0.9344,1.0,0.9344,1.0,2.0,2.0,0.0,0.0,3577.22,3.11,0,4,9,3,27,7,0,0,11,0,0
833,41.75,104.12,2,28800.0,0.6667,1.0,1.0,1.0,3.0,2.0,0.0,0.0,3577.22,3.49,0,4,18,3,27,7,0,0,11,0,0
1050,39.36,131.25,3,28800.0,1.0,1.0,1.0,1.0,3.0,3.0,0.0,0.0,3577.22,3.63,0,4,22,3,27,7,0,1,11,0,0
1050,52.01,131.25,4,28800.0,1.0,1.0,1.0,1.0,4.0,4.0,0.0,0.0,3577.22,4.02,0,4,7,4,27,7,0,0,11,0,0
1004,27.9,125.5,4,28800.0,0.9019,1.0,0.9019,1.0,4.0,4.0,0.0,0.0,3577.22,4.55,0,4,20,4,27,7,0,0,11,0,0
1019,32.64,127.38,7,28800.0,0.8941,1.0,0.8941,1.0,6.0,6.0,0.0,0.0,3577.22,4.71,0,4,0,5,27,7,1,1,11,0,0
923,22.03,115.38,5,28800.0,0.5407,1.0,0.5407,1.0,5.0,5.0,0.0,0.0,3577.22,5.09,0,4,9,5,27,7,1,0,11,0,0
929,8.6,116.12,6,28800.0,0.269,1.0,0.269,1.0,6.0,6.0,0.0,0.0,3577.22,5.34,0,4,15,5,27,7,1,0,11,0,0
865,45.32,108.12,6,28800.0,1.0,1.0,1.0,1.0,3.0,3.0,0.0,0.0,3577.22,5.76,0,4,1,6,27,7,1,1,11,0,0
1037,33.8,146.84,5,25715.625,0.8827,0.8929374999999999,1.0,1.0,5.0,5.0,0.0,0.0,3592.53,0.17,0,5,10,6,27,7,1,0,11,0,0
829,19.18,123.28,3,25715.625,0.4114,0.8929374999999999,0.4894,1.0,3.0,3.0,0.0,0.0,3644.18,0.0,0,6,23,6,27,7,1,1,11,0,0
1050,33.27,131.25,5,28800.0,1.0,1.0,1.0,1.0,5.0,5.0,0.0,0.0,3644.18,0.55,0,6,12,0,28,7,0,0,11,0,0
932,15.55,116.5,3,28800.0,0.4841,1.0,0.4841,1.0,3.0,3.0,0.0,0.0,3644.18,0.9,0,6,21,0,28,7,0,0,11,0,0
769,25.23,96.12,2,28800.0,0.5143,1.0,0.5143,1.0,3.0,2.0,0.0,0.0,3644.18,1.22,0,5,5,1,28,7,0,1,11,0,1
1050,13.84,131.25,2,28800.0,0.4776,1.0,0.4776,1.0,2.0,2.0,0.0,0.0,3644.18,1.3,0,5,7,1,28,7,0,0,11,0,1
1011,32.07,126.38,5,28800.0,1.0,1.0,1.0,1.0,5.0,5.0,0.0,0.0,3644.18,1.77,0,5,18,1,28,7,0,0,11,0,1
1050,22.36,131.25,2,28800.0,0.4485,1.0,0.6727,1.0,3.0,3.0,0.0,0.0,3644.18,2.06,0,5,1,2,28,7,0,1,11,0,1
929,46.27,117.55,2,28451.0,0.6586,0.9879,1.0,1.0,3.0,2.0,0.0,0.0,3672.87,2.51,1,5,12,2,28,7,0,0,11,0,3
1050,12.73,132.16,6,28602.0,0.4564,0.9931,0.4596,1.0,6.0,6.0,0.0,0.0,3672.87,2.85,1,5,20,2,28,7,0,0,11,0,3
896,22.7,112.76,3,28606.0,0.6944,0.9933,0.6991,1.0,4.0,4.0,0.0,0.0,3672.87,3.23,1,5,5,3,28,7,0,1,11,0,3
948,14.98,147.89,4,25715.625,0.4816,0.8929374999999999,0.601,1.0,4.0,4.0,0.0,0.0,3672.87,3.44,2,5,10,3,28,7,0,0,11,0,0
884,22.98,136.72,3,25715.625,0.3939,0.8929374999999999,0.6498,1.0,4.0,3.0,0.0,0.0,3685.47,3.84,2,5,19,3,28,7,0,0,11,0,0
968,38.96,134.92,4,25829.0,0.8968,0.8968,1.0,1.0,2.0,2.0,0.0,0.0,3727.08,0.12,2,6,4,4,28,7,0,1,11,0,0
990,29.72,123.75,2,28800.0,0.8711,1.0,0.8711,1.0,2.0,2.0,0.0,0.0,3727.08,0.4,2,6,10,4,28,7,0,0,11,0,0
914,26.68,114.25,3,28800.0,0.7468,1.0,0.7468,1.0,3.0,3.0,0.0,0.0,3727.08,0.58,2,6,15,4,28,7,0,0,11,0,0
858,50.37,107.25,2,28800.0,1.0,1.0,1.0,1.0,5.0,5.0,0.0,0.0,3727.08,1.1,2,6,3,5,28,7,1,1,11,0,2
881,28.78,117.68,6,26951.0,0.6639,0.9358,0.7094,1.0,6.0,6.0,0.0,0.0,3727.08,1.35,2,6,9,5,28,7,1,0,11,0,2
864,17.09,123.05,4,25715.625,0.4923,0.8929374999999999,0.5609,1.0,4.0,4.0,0.0,0.0,3727.08,1.7,2,6,18,5,28,7,1,0,11,0,2
976,44.66,140.08,5,25715.625,0.8709,0.8929374999999999,1.0,1.0,5.0,5.0,0.0,0.0,3734.19,1.9,3,6,22,5,28,7,1,1,11,0,3
748,24.69,106.66,6,25715.625,0.5898,0.8929374999999999,0.6728,1.0,6.0,6.0,0.0,0.0,3846.81,2.37,4,6,10,6,28,7,1,0,11,0,0
988,35.79,139.82,4,25715.625,0.8833,0.8929374999999999,1.0,1.0,4.0,4.0,0.0,0.0,3846.81,2.68,4,6,17,6,28,7,1,0,11,0,0
835,30.52,116.45,4,25813.0,0.8449,0.8963,0.9426,1.0,4.0,4.0,0.0,0.0,3846.81,2.91,4,6,23,6,28,7,1,1,11,0,0
926,16.48,115.75,6,28800.0,0.5141,1.0,0.5141,1.0,6.0,6.0,0.0,0.0,3846.81,3.45,4,6,12,0,29,7,0,0,11,0,0
1050,41.85,131.25,1,28800.0,0.5,1.0,1.0,1.0,2.0,1.0,0.0,0.0,3846.81,3.76,4,6,19,0,29,7,0,0,11,0,0
1030,8.45,128.75,6,28800.0,0.2922,1.0,0.2922,1.0,3.0,2.0,0.0,0.0,3846.81,4.07,4,6,3,1,29,7,0,1,11,0,0
930,21.22,116.25,2,28800.0,0.6323,1.0,0.6323,1.0,2.0,2.0,0.0,0.0,3846.81,4.25,4,6,7,1,29,7,0,0,11,0,0
823,18.49,102.88,2,28800.0,0.4958,1.0,0.4958,1.0,2.0,2.0,0.0,0.0,3846.81,4.55,4,6,14,1,29,7,0,0,11,0,0
871,10.56,108.88,2,28800.0,0.172,1.0,0.258,1.0,5.0,5.0,0.0,0.0,3846.81,5.15,3,6,4,2,29,7,0,1,11,0,0
828,41.21,103.5,5,28800.0,0.97,1.0,0.97,1.0,5.0,5.0,0.0,0.0,3846.81,5.42,3,6,11,2,29,7,0,0,11,0,0
856,38.66,107.0,6,28800.0,1.0,1.0,1.0,1.0,6.0,6.0,0.0,0.0,3846.81,5.66,3,6,17,2,29,7,0,0,11,0,0
1050,16.04,131.25,5,28800.0,0.5644,1.0,0.5644,1.0,3.0,3.0,0.0,0.0,3846.81,5.99,3,6,1,3,29,7,0,1,11,0,0
1050,22.52,133.0,5,28420.0,0.6992,0.9868,0.7086,1.0,5.0,5.0,0.0,0.0,3846.81,6.25,3,6,7,3,29,7,0,0,11,0,0
938,13.12,117.91,6,28639.0,0.3879,0.9944,0.3901,1.0,6.0,6.0,0.0,0.0,3846.81,6.67,2,6,17,3,29,7,0,0,11,0,0
959,45.3,121.13,3,28502.0,0.9897,0.9897,1.0,1.0,4.0,4.0,0.0,0.0,3917.29,7.09,2,6,3,4,29,7,0,1,11,0,0
986,13.02,123.25,3,28800.0,0.3564,1.0,0.3564,1.0,3.0,3.0,0.0,0.0,3917.29,7.49,2,6,13,4,29,7,0,0,11,0,0
985,24.83,123.12,5,28800.0,0.6659,1.0,0.6659,1.0,5.0,5.0,0.0,0.0,3917.29,7.56,2,6,14,4,29,7,0,0,11,0,0
1031,26.01,128.88,4,28800.0,0.8284,1.0,0.8284,1.0,3.0,3.0,0.0,0.0,3917.29,7.95,2,6,0,5,29,7,1,1,11,0,0
963,16.08,120.38,4,28800.0,0.4487,1.0,0.4487,1.0,4.0,4.0,0.0,0.0,3917.29,8.32,2,5,8,5,29,7,1,0,11,0,0
1026,33.01,128.25,3,28800.0,1.0,1.0,1.0,1.0,3.0,3.0,0.0,0.0,3917.29,8.59,2,5,15,5,29,7,1,0,11,0,0
1050,50.9,131.25,3,28800.0,1.0,1.0,1.0,1.0,5.0,5.0,0.0,0.0,3917.29,9.11,1,5,3,6,29,7,1,1,11,0,3
861,28.01,132.39,2,25715.625,0.7145,0.8929374999999999,0.8789,1.0,2.0,2.0,0.0,0.0,3917.29,9.37,0,5,10,6,29,7,1,0,11,0,3
900,19.06,131.81,1,25715.625,0.2278,0.8929374999999999,0.5338,1.0,2.0,1.0,0.0,0.0,3917.29,9.78,0,5,20,6,29,7,1,0,11,0,3
909,21.94,125.67,5,26040.0,0.6654,0.9042,0.7359,1.0,2.0,2.0,0.0,0.0,3931.36,10.0,1,5,1,0,30,7,0,1,11,0,2
1047,14.68,134.73,3,27976.0,0.3394,0.9714,0.4659,1.0,4.0,3.0,0.0,0.0,3931.36,10.5,1,4,13,0,30,7,0,0,11,0,2
1042,41.11,139.63,3,26866.0,0.9328,0.9328,1.0,1.0,3.0,3.0,0.0,0.0,3976.13,10.83,2,4,21,0,30,7,0,0,11,0,0
876,27.44,116.92,2,26972.0,0.827,0.9365,0.8831,1.0,7.0,6.0,0.0,0.0,3976.13,11.17,2,4,5,1,30,7,0,1,11,0,0
882,15.3,110.25,1,28800.0,0.1923,1.0,0.3846,1.0,2.0,1.0,0.0,0.0,3976.13,11.5,2,4,13,1,30,7,0,0,11,0,0
912,27.23,114.0,2,28800.0,0.6872,1.0,0.6872,1.0,2.0,2.0,0.0,0.0,3976.13,11.68,2,4,17,1,30,7,0,0,11,0,0
835,52.4,104.38,6,28800.0,0.8571,1.0,1.0,1.0,6.0,5.0,0.0,0.0,3976.13,12.09,2,4,3,2,30,7,0,1,11,0,0
948,42.43,118.5,6,28800.0,1.0,1.0,1.0,1.0,6.0,6.0,0.0,0.0,3976.13,12.47,2,4,12,2,30,7,0,0,11,0,0
903,41.54,112.88,4,28800.0,1.0,1.0,1.0,1.0,4.0,4.0,0.0,0.0,4022.47,12.81,2,5,20,2,30,7,0,0,11,0,0
893,49.51,111.62,5,28800.0,0.8333,1.0,1.0,1.0,0.0,0.0,0.0,0.0,4022.47,13.14,2,5,4,3,30,7,0,1,11,0,0
776,27.73,97.0,5,28800.0,0.6588,1.0,0.6588,1.0,5.0,5.0,0.0,0.0,4022.47,13.25,2,5,7,3,30,7,0,0,11,0,0
983,11.21,122.88,3,28800.0,0.1726,1.0,0.2877,1.0,5.0,3.0,0.0,0.0,4022.47,13.79,2,5,20,3,30,7,0,0,11,0,0
1050,34.47,131.25,0,28800.0,0.9411,1.0,1.0,1.0,4.0,4.0,0.0,0.0,4022.47,14.18,2,5,5,4,30,7,0,1,11,0,0
978,21.45,144.35,5,25715.625,0.6404,0.8929374999999999,0.7562,1.0,5.0,5.0,0.0,0.0,4022.47,14.42,2,5,11,4,30,7,0,0,11,0,0
956,22.42,141.47,4,25715.625,0.5697,0.8929374999999999,0.6744,1.0,4.0,4.0,0.0,0.0,4022.47,14.57,2,6,15,4,30,7,0,0,11,0,0
899,14.01,138.33,4,25715.625,0.358,0.8929374999999999,0.4407,1.0,5.0,5.0,0.0,0.0,4091.15,0.44,2,6,2,5,30,7,1,1,11,0,0
922,20.82,115.25,3,28800.0,0.6294,1.0,0.6294,1.0,3.0,3.0,0.0,0.0,4091.15,0.65,2,6,7,5,30,7,1,0,11,0,0
857,11.05,107.12,6,28800.0,0.2532,1.0,0.2532,1.0,6.0,6.0,0.0,0.0,4091.15,1.16,2,6,20,5,30,7,1,0,11,0,0
875,33.1,109.38,5,28800.0,0.9747,1.0,0.9747,1.0,5.0,5.0,0.0,0.0,4091.15,1.49,2,6,3,6,30,7,1,1,11,0,0
777,33.51,97.12,5,28800.0,0.7538,1.0,0.7538,1.0,5.0,5.0,0.0,0.0,4091.15,1.86,2,6,12,6,30,7,1,0,11,0,0
946,43.25,118.25,2,28800.0,1.0,1.0,1.0,1.0,2.0,2.0,0.0,0.0,4091.15,2.02,2,6,16,6,30,7,1,0,11,0,0
803,44.49,100.38,5,28800.0,1.0,1.0,1.0,1.0,5.0,5.0,0.0,0.0,4091.15,2.28,1,6,22,6,30,7,1,1,11,0,0
878,18.07,112.88,2,28001.0,0.2813,0.9723,0.434,1.0,3.0,2.0,0.0,0.0,4091.15,2.6,1,6,6,0,31,7,0,0,11,0,0
1012,24.27,129.86,5,28054.0,0.7608,0.9741,0.781,1.0,5.0,5.0,0.0,0.0,4179.43,0.19,0,7,17,0,31,7,0,0,11,0,0
805,48.49,102.9,3,28163.0,0.9779,0.9779,1.0,1.0,6.0,6.0,0.0,0.0,4179.43,0.56,0,7,3,1,31,7,0,1,11,0,0
879,35.5,109.88,2,28800.0,0.94,1.0,0.94,1.0,2.0,2.0,0.0,0.0,4179.43,0.93,0,7,11,1,31,7,0,0,11,0,0
856,35.67,107.0,2,28800.0,0.8328,1.0,0.8328,1.0,2.0,2.0,0.0,0.0,4179.43,1.13,0,7,16,1,31,7,0,0,11,0,0
942,49.4,117.75,6,28800.0,1.0,1.0,1.0,1.0,6.0,6.0,0.0,0.0,4179.43,1.41,0,7,23,1,31,7,0,1,11,0,0
1009,13.25,126.12,6,28800.0,0.4211,1.0,0.4211,1.0,6.0,6.0,0.0,0.0,4179.43,1.71,0,6,6,2,31,7,0,0,11,0,0
866,48.4,108.25,4,28800.0,1.0,1.0,1.0,1.0,4.0,4.0,0.0,0.0,4179.43,2.26,0,6,19,2,31,7,0,0,11,0,0
1050,27.26,131.25,5,28800.0,0.9902,1.0,0.9902,1.0,5.0,5.0,0.0,0.0,4179.43,2.53,0,6,2,3,31,7,0,1,11,0,0
1050,15.47,131.25,4,28800.0,0.5516,1.0,0.5516,1.0,4.0,4.0,0.0,0.0,4179.43,3.01,0,6,13,3,31,7,0,0,11,0,2
952,27.23,119.0,3,28800.0,0.7097,1.0,0.7097,1.0,3.0,3.0,0.0,0.0,4179.43,3.04,0,6,14,3,31,7,0,0,11,0,2
999,39.95,124.88,5,28800.0,1.0,1.0,1.0,1.0,0.0,0.0,0.0,0.0,4179.43,3.56,0,6,2,4,31,7,0,1,11,0,2
957,24.47,122.65,2,28089.0,0.7144,0.9753,0.7325,1.0,2.0,2.0,0.0,0.0,4197.24,3.76,1,6,7,4,31,7,0,0,11,0,0
1050,48.94,133.45,2,28325.0,0.9835,0.9835,1.0,1.0,2.0,2.0,0.0,0.0,4197.24,4.2,1,6,18,4,31,7,0,0,11,0,0
999,24.15,126.38,0,28456.0,0.6951,0.9881,0.7243,1.0,3.0,3.0,0.0,0.0,4197.24,4.66,1,6,5,5,31,8,1,1,11,0,0
1050,33.06,131.25,3,28800.0,1.0,1.0,1.0,1.0,4.0,4.0,0.0,0.0,4197.24,5.54,1,6,2,6,31,8,1,1,11,0,0
760,14.26,99.91,6,27385.0,0.2839,0.9509,0.2986,1.0,6.0,6.0,0.0,0.0,793.45,0.02,1,1,6,5,9,2,1,0,2,3,0
642,45.41,84.18,5,27454.0,0.8101,0.9533,0.8498,1.0,5.0,5.0,0.0,0.0,793.45,0.41,1,1,16,5,9,2,1,0,2,3,0
647,24.25,82.62,2,28193.0,0.2979,0.9789,0.4565,1.0,5.0,5.0,0.0,0.0,793.45,0.89,1,1,3,6,9,3,1,1,2,3,0
644,14.15,80.5,5,28800.0,0.2943,1.0,0.2943,1.0,4.0,4.0,0.0,0.0,793.45,1.96,1,1,5,0,10,3,0,1,2,3,0
782,19.72,97.75,3,28800.0,0.4301,1.0,0.4301,1.0,3.0,3.0,0.0,0.0,793.45,2.11,1,1,9,0,10,3,0,0,2,3,0
685,19.34,85.62,4,28800.0,0.2667,1.0,0.4001,1.0,6.0,4.0,0.0,0.0,793.45,2.33,1,1,14,0,10,3,0,0,2,3,0
718,45.25,89.75,4,28800.0,0.8519,1.0,0.8519,1.0,6.0,6.0,0.0,0.0,793.45,2.88,1,1,3,1,10,3,0,1,2,3,0
754,25.48,94.25,3,28800.0,0.5959,1.0,0.5959,1.0,3.0,3.0,0.0,0.0,793.45,3.23,1,1,12,1,10,3,0,0,2,3,0
619,33.28,77.38,3,28800.0,0.6431,1.0,0.6431,1.0,3.0,3.0,0.0,0.0,793.45,3.56,1,1,20,1,10,3,0,0,2,3,0
795,38.66,99.38,6,28800.0,0.9788,1.0,0.9788,1.0,3.0,3.0,0.0,0.0,793.45,3.84,1,1,2,2,10,3,0,1,2,3,0
736,16.95,92.0,2,28800.0,0.3217,1.0,0.3217,1.0,2.0,2.0,0.0,0.0,793.45,4.07,1,1,8,2,10,3,0,0,2,3,0
683,12.45,85.38,5,28800.0,0.2718,1.0,0.2718,1.0,5.0,5.0,0.0,0.0,793.45,4.52,1,1,19,2,10,3,0,0,2,3,0
667,16.98,83.38,3,28800.0,0.3138,1.0,0.3138,1.0,4.0,4.0,0.0,0.0,793.45,4.92,1,1,4,3,10,3,0,1,2,3,0
673,49.22,84.12,6,28800.0,0.8969,1.0,0.8969,1.0,6.0,6.0,0.0,0.0,793.45,4.99,1,1,6,3,10,3,0,0,2,3,0
644,25.76,80.5,5,28800.0,0.5127,1.0,0.5127,1.0,5.0,5.0,0.0,0.0,793.45,5.49,1,1,18,3,10,3,0,0,2,3,0
850,33.19,106.25,4,28800.0,0.9353,1.0,0.9353,1.0,6.0,5.0,0.0,0.0,793.45,5.81,1,1,1,4,10,3,0,1,2,3,2
737,12.74,110.02,2,25715.625,0.2552,0.8929374999999999,0.3047,1.0,2.0,2.0,0.0,0.0,793.45,6.24,1,1,12,4,10,3,0,0,2,3,2
727,11.41,102.98,5,25715.625,0.2494,0.8929374999999999,0.2826,1.0,5.0,5.0,0.0,0.0,793.45,6.44,0,1,17,4,10,3,0,0,2,3,2
627,33.83,87.8,5,25715.625,0.5002,0.8929374999999999,0.6724,1.0,3.0,3.0,0.0,0.0,986.99,6.92,1,1,4,5,10,3,1,1,2,3,0
662,16.61,82.75,4,28800.0,0.323,1.0,0.323,1.0,4.0,4.0,0.0,0.0,986.99,7.0,1,1,6,5,10,3,1,0,2,3,0
696,37.87,87.0,6,28800.0,0.8226,1.0,0.8226,1.0,6.0,6.0,0.0,0.0,986.99,7.31,1,1,14,5,10,3,1,0,2,3,0
738,18.06,92.25,3,28800.0,0.3759,1.0,0.3759,1.0,6.0,6.0,0.0,0.0,986.99,7.8,1,1,1,6,10,3,1,1,2,3,0
682,17.72,85.25,3,28800.0,0.4111,1.0,0.4111,1.0,3.0,3.0,0.0,0.0,986.99,8.03,1,1,7,6,10,3,1,0,2,3,0
757,47.48,94.62,6,28800.0,0.9463,1.0,0.9463,1.0,6.0,6.0,0.0,0.0,986.99,8.62,1,1,21,6,10,3,1,0,2,3,0
699,16.04,87.38,6,28800.0,0.2925,1.0,0.2925,1.0,3.0,3.0,0.0,0.0,986.99,8.76,1,1,0,0,11,3,0,1,2,3,0
587,35.44,73.38,2,28800.0,0.6689,1.0,0.6689,1.0,2.0,2.0,0.0,0.0,986.99,9.23,1,1,12,0,11,3,0,0,2,3,0
697,18.09,87.12,3,28800.0,0.416,1.0,0.416,1.0,3.0,3.0,0.0,0.0,986.99,9.35,1,1,14,0,11,3,0,0,2,3,0
705,19.22,88.12,3,28800.0,0.3562,1.0,0.3562,1.0,6.0,5.0,0.0,0.0,986.99,9.87,1,1,3,1,11,3,0,1,2,3,0
655,37.55,81.88,6,28800.0,0.685,1.0,0.685,1.0,6.0,6.0,0.0,0.0,986.99,10.08,1,1,8,1,11,3,0,0,2,3,0
657,23.36,82.12,2,28800.0,0.5297,1.0,0.5297,1.0,2.0,2.0,0.0,0.0,986.99,10.53,1,1,19,1,11,3,0,0,2,3,0
761,20.04,95.12,5,28800.0,0.3787,1.0,0.4545,1.0,3.0,3.0,0.0,0.0,986.99,10.88,1,1,3,2,11,3,0,1,2,3,0
622,44.62,77.75,6,28800.0,0.8129,1.0,0.8129,1.0,6.0,6.0,0.0,0.0,986.99,11.27,1,1,13,2,11,3,0,0,2,3,0
776,32.72,97.0,5,28800.0,0.7542,1.0,0.7542,1.0,5.0,5.0,0.0,0.0,986.99,11.58,1,1,20,2,11,3,0,0,2,3,0
767,26.91,95.88,3,28800.0,0.6935,1.0,0.6935,1.0,3.0,3.0,0.0,0.0,986.99,11.92,1,1,4,3,11,3,0,1,2,3,0
698,28.62,87.25,2,28800.0,0.681,1.0,0.681,1.0,2.0,2.0,0.0,0.0,986.99,12.28,1,1,13,3,11,3,0,0,2,3,0
538,27.15,67.25,3,28800.0,0.4113,1.0,0.4113,1.0,3.0,3.0,0.0,0.0,986.99,12.37,1,1,15,3,11,3,0,0,2,3,0
742,17.67,92.75,3,28800.0,0.4323,1.0,0.4323,1.0,5.0,5.0,0.0,0.0,986.99,12.76,1,1,0,4,11,3,0,1,2,3,0
688,25.73,86.0,6,28800.0,0.4895,1.0,0.4895,1.0,6.0,6.0,0.0,0.0,986.99,12.98,1,1,6,4,11,3,0,0,2,3,0
759,13.35,94.88,5,28800.0,0.2904,1.0,0.2904,1.0,5.0,5.0,0.0,0.0,986.99,13.53,0,1,19,4,11,3,0,0,2,3,0
690,30.67,86.25,5,28800.0,0.713,1.0,0.713,1.0,1.0,1.0,0.0,0.0,986.99,13.84,0,1,2,5,11,3,1,1,2,3,0
668,30.45,97.74,3,25715.625,0.5293,0.8929374999999999,0.6196,1.0,3.0,3.0,0.0,0.0,986.99,14.0,0,1,6,5,11,3,1,0,2,3,0
726,37.26,102.43,2,25715.625,0.8859,0.8929374999999999,1.0,1.0,2.0,2.0,0.0,0.0,986.99,14.61,0,1,21,5,11,3,1,0,2,3,3
730,32.86,103.84,1,25715.625,0.7313,0.8929374999999999,0.8322,1.0,2.0,1.0,0.0,0.0,986.99,14.77,0,2,1,6,11,3,1,1,2,3,3
701,14.22,97.92,2,25771.0,0.2974,0.8948,0.3324,1.0,2.0,2.0,0.0,0.0,1001.01,0.49,1,2,14,6,11,3,1,0,2,3,3
819,51.85,111.36,1,26476.0,0.4597,0.9193,1.0,1.0,3.0,3.0,0.0,0.0,1074.45,0.99,2,2,2,0,12,3,0,1,2,3,0
568,20.92,71.0,2,28800.0,0.2341,1.0,0.3511,1.0,3.0,2.0,0.0,0.0,1074.45,1.16,2,2,6,0,12,3,0,0,2,3,0
627,10.92,78.38,4,28800.0,0.2051,1.0,0.2051,1.0,4.0,4.0,0.0,0.0,1074.45,1.57,2,2,16,0,12,3,0,0,2,3,0
617,12.78,77.12,3,28800.0,0.2395,1.0,0.2395,1.0,3.0,3.0,0.0,0.0,1074.45,1.84,2,2,22,0,12,3,0,1,2,3,0
662,25.81,82.75,6,28800.0,0.5501,1.0,0.5501,1.0,6.0,6.0,0.0,0.0,1074.45,2.24,2,2,7,1,12,3,0,0,2,3,0
682,44.87,85.25,3,28800.0,0.9008,1.0,0.9008,1.0,3.0,3.0,0.0,0.0,1074.45,2.81,2,2,21,1,12,3,0,0,2,3,0
724,22.57,90.5,2,28800.0,0.456,1.0,0.456,1.0,2.0,2.0,0.0,0.0,1074.45,2.97,2,2,1,2,12,3,0,1,2,3,0
731,39.42,119.31,6,25715.625,0.7658,0.8929374999999999,1.0,1.0,6.0,6.0,0.0,0.0,1074.45,3.46,2,2,13,2,12,3,0,0,2,3,0
731,31.44,116.25,3,25715.625,0.7642,0.8929374999999999,0.9723,1.0,3.0,3.0,0.0,0.0,1074.45,3.62,2,2,17,2,12,3,0,0,2,3,0
745,35.72,122.22,2,25715.625,0.7619,0.8929374999999999,1.0,1.0,3.0,3.0,0.0,0.0,1122.39,0.19,2,3,5,3,12,3,0,1,2,3,0
557,40.69,69.62,6,28800.0,0.6707,1.0,0.6707,1.0,6.0,6.0,0.0,0.0,1122.39,0.46,2,3,12,3,12,3,0,0,2,3,0
655,33.43,81.88,5,28800.0,0.6063,1.0,0.6063,1.0,5.0,5.0,0.0,0.0,1122.39,0.79,2,3,20,3,12,3,0,0,2,3,0
648,34.48,81.0,3,28800.0,0.6804,1.0,0.6804,1.0,3.0,3.0,0.0,0.0,1122.39,0.99,2,3,0,4,12,3,0,1,2,3,0
701,38.49,87.62,3,28800.0,0.7884,1.0,0.7884,1.0,3.0,3.0,0.0,0.0,1122.39,1.34,2,3,9,4,12,3,0,0,2,3,3
671,44.9,83.88,3,28800.0,0.9068,1.0,0.9068,1.0,3.0,3.0,0.0,0.0,1122.39,1.66,2,3,16,4,12,3,0,0,2,3,3
853,9.65,106.62,3,28800.0,0.2547,1.0,0.2547,1.0,6.0,6.0,0.0,0.0,1122.39,2.0,3,3,1,5,12,3,1,1,2,3,0
698,38.45,99.26,3,25715.625,0.879,0.8929374999999999,1.0,1.0,3.0,3.0,0.0,0.0,1275.11,2.31,3,3,8,5,12,3,1,0,2,3,0
619,42.51,94.59,4,25715.625,0.807,0.8929374999999999,0.9866,1.0,4.0,4.0,0.0,0.0,1275.11,2.7,3,3,17,5,12,3,1,0,2,3,0
502,37.74,74.01,6,25715.625,0.5286,0.8929374999999999,0.6235,1.0,6.0,6.0,0.0,0.0,1275.11,2.91,3,3,22,5,12,3,1,1,2,3,0
670,27.13,83.75,6,28800.0,0.5641,1.0,0.5641,1.0,6.0,6.0,0.0,0.0,1275.11,3.44,2,3,11,6,12,3,1,0,2,3,0
746,40.18,93.25,2,28800.0,0.9162,1.0,0.9162,1.0,2.0,2.0,0.0,0.0,1275.11,3.81,1,3,20,6,12,3,1,0,2,3,0
750,51.76,93.75,2,28800.0,1.0,1.0,1.0,1.0,4.0,4.0,0.0,0.0,1275.11,3.95,1,3,0,0,13,3,0,1,2,3,0
522,38.14,65.25,3,28800.0,0.6668,1.0,0.6668,1.0,3.0,3.0,0.0,0.0,1275.11,4.41,1,3,10,0,13,3,0,0,2,3,0
781,39.23,97.62,5,28800.0,0.7902,1.0,0.7902,1.0,5.0,5.0,0.0,0.0,1275.11,4.63,1,3,16,0,13,3,0,0,2,3,0
736,42.22,92.0,4,28800.0,0.9657,1.0,0.9657,1.0,5.0,4.0,0.0,0.0,1275.11,4.96,1,3,0,1,13,3,0,1,2,3,0
752,9.93,94.0,4,28800.0,0.2206,1.0,0.2206,1.0,4.0,4.0,0.0,0.0,1275.11,5.29,1,3,8,1,13,3,0,0,2,3,0
603,46.18,75.38,4,28800.0,0.8245,1.0,0.8245,1.0,4.0,4.0,0.0,0.0,1275.11,5.69,1,3,17,1,13,3,0,0,2,3,0
808,31.32,101.0,4,28800.0,0.5369,1.0,0.6711,1.0,3.0,2.0,0.0,0.0,1275.11,5.95,1,3,0,2,13,3,0,1,2,3,0
718,8.91,89.75,5,28800.0,0.2054,1.0,0.2054,1.0,5.0,5.0,0.0,0.0,1275.11,6.27,1,3,7,2,13,3,0,0,2,3,0
685,24.72,85.62,2,28800.0,0.3262,1.0,0.4893,1.0,3.0,2.0,0.0,0.0,1275.11,6.59,1,3,15,2,13,3,0,0,2,3,0
473,39.99,59.12,2,28800.0,0.4322,1.0,0.6482,1.0,5.0,5.0,0.0,0.0,1275.11,7.18,1,3,5,3,13,3,0,1,2,3,0
779,43.87,97.38,3,28800.0,0.9873,1.0,0.9873,1.0,3.0,3.0,0.0,0.0,1275.11,7.34,1,3,9,3,13,3,0,0,2,3,0
750,15.24,93.75,5,28800.0,0.3354,1.0,0.3354,1.0,5.0,5.0,0.0,0.0,1275.11,7.59,1,3,15,3,13,3,0,0,2,3,0
780,18.1,97.5,5,28800.0,0.41,1.0,0.41,1.0,5.0,5.0,0.0,0.0,1275.11,7.96,1,3,0,4,13,3,0,1,2,3,0
730,19.47,97.39,3,26985.0,0.3297,0.937,0.4691,1.0,4.0,3.0,0.0,0.0,1275.11,8.28,1,3,7,4,13,3,0,0,2,3,0
749,38.53,96.06,2,28069.0,0.8447,0.9746,0.8667,1.0,2.0,2.0,0.0,0.0,1336.1,0.25,1,4,20,4,13,3,0,0,2,3,0
627,16.97,84.05,5,26855.0,0.3375,0.9325,0.3619,1.0,4.0,4.0,0.0,0.0,1336.1,0.44,1,4,1,5,13,3,1,1,2,3,0
607,29.79,75.88,2,28800.0,0.3191,1.0,0.4786,1.0,3.0,2.0,0.0,0.0,1336.1,0.92,0,4,12,5,13,3,1,0,2,3,0
715,12.11,89.38,3,28800.0,0.2937,1.0,0.2937,1.0,3.0,3.0,0.0,0.0,1336.1,1.09,0,4,16,5,13,3,1,0,2,3,0
733,16.36,91.62,4,28800.0,0.3128,1.0,0.3128,1.0,5.0,4.0,0.0,0.0,1336.1,1.44,0,4,0,6,13,3,1,1,2,3,0
691,21.36,86.38,4,28800.0,0.4336,1.0,0.4336,1.0,4.0,4.0,0.0,0.0,1336.1,1.85,0,4,10,6,13,3,1,0,2,3,3
710,30.62,88.75,2,28800.0,0.7213,1.0,0.7213,1.0,2.0,2.0,0.0,0.0,1336.1,2.15,0,4,18,6,13,3,1,0,2,3,3
655,13.89,81.88,4,28800.0,0.2353,1.0,0.2941,1.0,4.0,4.0,0.0,0.0,1336.1,2.43,0,4,0,0,14,3,0,1,2,3,3
666,39.85,101.07,5,25715.625,0.6238,0.8929374999999999,0.9088,1.0,6.0,5.0,0.0,0.0,1360.79,2.72,1,3,7,0,14,3,0,0,2,3,3
648,41.86,93.32,6,25715.625,0.7617,0.8929374999999999,0.8775,1.0,6.0,6.0,0.0,0.0,1360.79,3.28,1,3,21,0,14,3,0,0,2,3,3
660,31.22,105.31,4,25715.625,0.5441,0.8929374999999999,0.6945,1.0,4.0,4.0,0.0,0.0,1360.79,3.36,1,3,23,0,14,3,0,1,2,3,3
738,30.8,104.89,6,25715.625,0.7649,0.8929374999999999,0.8697,1.0,6.0,6.0,0.0,0.0,1360.79,3.73,2,3,8,1,14,3,0,0,2,3,0
744,40.35,112.5,5,25715.625,0.6503,0.8929374999999999,0.944,1.0,6.0,5.0,0.0,0.0,1380.41,4.31,2,3,21,1,14,3,0,0,2,3,1
770,29.7,113.15,1,25715.625,0.6396,0.8929374999999999,0.7518,1.0,4.0,3.0,0.0,0.0,1380.41,4.63,2,3,5,2,14,4,0,1,2,3,1
718,12.4,110.11,4,25715.625,0.2336,0.8929374999999999,0.3582,1.0,5.0,4.0,0.0,0.0,1382.41,4.83,2,4,10,2,14,4,0,0,2,3,1
753,24.31,131.8,5,25715.625,0.6267,0.8929374999999999,0.8775,1.0,5.0,5.0,0.0,0.0,1382.41,5.02,3,4,15,2,14,4,0,0,2,3,2
623,11.36,134.96,3,25715.625,0.1501,0.8929374999999999,0.3468,1.0,3.0,3.0,0.0,0.0,1446.07,5.57,4,4,4,3,14,4,0,1,2,3,0
721,47.49,90.12,3,28800.0,0.927,1.0,0.927,1.0,3.0,3.0,0.0,0.0,1446.07,5.89,4,4,11,3,14,4,0,0,2,3,0
799,33.28,99.88,2,28800.0,0.8001,1.0,0.8001,1.0,2.0,2.0,0.0,0.0,1446.07,6.29,4,4,21,3,14,4,0,0,2,3,0
694,27.79,86.75,3,28800.0,0.5234,1.0,0.5234,1.0,4.0,4.0,0.0,0.0,1446.07,6.56,4,4,3,4,14,4,0,1,2,3,0
675,24.92,84.38,3,28800.0,0.4842,1.0,0.4842,1.0,3.0,3.0,0.0,0.0,1446.07,6.95,4,4,13,4,14,4,0,0,2,3,2
698,42.51,87.25,5,28800.0,0.6566,1.0,0.7879,1.0,6.0,5.0,0.0,0.0,1446.07,7.11,4,4,17,4,14,4,0,0,2,3,2
720,10.91,90.0,4,28800.0,0.2125,1.0,0.2125,1.0,5.0,4.0,0.0,0.0,1446.07,7.45,4,4,1,5,14,4,1,1,2,3,2
569,44.01,74.32,2,27563.0,0.7083,0.957,0.7401,1.0,2.0,2.0,0.0,0.0,1578.89,7.91,5,4,12,5,14,4,1,0,2,3,0
824,34.14,105.82,4,28032.0,0.6912,0.9733,0.8877,1.0,4.0,3.0,0.0,0.0,1578.89,8.58,5,4,4,6,14,4,1,1,2,3,0
696,40.53,87.0,2,28800.0,0.5504,1.0,0.8255,1.0,3.0,2.0,0.0,0.0,1578.89,8.68,5,4,6,6,14,4,1,0,2,3,0
707,24.88,88.38,2,28800.0,0.5924,1.0,0.5924,1.0,2.0,2.0,0.0,0.0,1578.89,9.11,5,4,17,6,14,4,1,0,2,3,0
695,26.32,86.88,3,28800.0,0.4094,1.0,0.5459,1.0,4.0,4.0,0.0,0.0,1578.89,9.5,5,4,2,0,15,4,0,1,2,3,0
704,41.89,88.0,3,28800.0,0.9675,1.0,0.9675,1.0,3.0,3.0,0.0,0.0,1578.89,9.7,4,4,7,0,15,4,0,0,2,3,0
809,36.5,101.12,2,28800.0,0.8961,1.0,0.8961,1.0,2.0,2.0,0.0,0.0,1578.89,10.01,4,4,14,0,15,4,0,0,2,3,0
762,19.24,95.25,4,28800.0,0.4397,1.0,0.4397,1.0,3.0,3.0,0.0,0.0,1578.89,10.4,4,4,0,1,15,4,0,1,2,3,0
730,22.98,91.25,2,28800.0,0.55,1.0,0.55,1.0,2.0,2.0,0.0,0.0,1578.89,10.72,4,4,7,1,15,4,0,0,2,3,0
698,45.32,87.25,5,28800.0,0.6981,1.0,0.8378,1.0,6.0,5.0,0.0,0.0,1578.89,11.12,3,4,17,1,15,4,0,0,2,3,0
727,15.92,90.88,3,28800.0,0.3983,1.0,0.3983,1.0,3.0,3.0,0.0,0.0,1578.89,11.34,3,4,22,1,15,4,0,1,2,3,0
659,21.9,82.38,6,28800.0,0.416,1.0,0.416,1.0,6.0,6.0,0.0,0.0,1578.89,11.74,3,4,8,2,15,4,0,0,2,3,0
690,43.13,86.25,4,28800.0,0.8433,1.0,0.8433,1.0,4.0,4.0,0.0,0.0,1578.89,12.28,2,4,21,2,15,4,0,0,2,3,0
735,19.88,91.88,6,28800.0,0.3759,1.0,0.3759,1.0,2.0,2.0,0.0,0.0,1578.89,12.58,1,4,4,3,15,4,0,1,2,3,0
594,13.47,77.61,2,27552.0,0.2708,0.9567,0.2831,1.0,2.0,2.0,0.0,0.0,1578.89,12.96,1,4,13,3,15,4,0,0,2,3,0
663,36.63,87.76,3,27196.0,0.7975,0.9443,0.8445,1.0,3.0,3.0,0.0,0.0,1578.89,13.25,1,4,20,3,15,4,0,0,2,3,0
660,29.99,84.62,2,28078.0,0.622,0.9749,0.638,1.0,5.0,5.0,0.0,0.0,1593.15,13.57,1,4,4,4,15,4,0,1,2,3,0
623,8.83,95.85,2,25715.625,0.0921,0.8929374999999999,0.2268,1.0,4.0,2.0,0.0,0.0,1593.15,13.66,1,4,6,4,15,4,0,0,2,3,0
658,39.98,98.88,5,25715.625,0.6914,0.8929374999999999,0.8312,1.0,5.0,5.0,0.0,0.0,1593.15,14.1,1,5,16,4,15,4,0,0,2,3,0
619,38.35,94.77,5,25715.625,0.7379,0.8929374999999999,0.9037,1.0,3.0,3.0,0.0,0.0,1663.55,0.34,1,5,4,5,15,4,1,1,2,3,0
643,33.39,80.38,6,28800.0,0.6868,1.0,0.6868,1.0,6.0,6.0,0.0,0.0,1663.55,0.54,1,5,8,5,15,4,1,0,2,3,0
806,32.86,100.75,6,28800.0,0.813,1.0,0.813,1.0,6.0,6.0,0.0,0.0,1663.55,1.08,0,5,21,5,15,4,1,0,2,3,0
646,11.86,80.75,3,28800.0,0.2575,1.0,0.2575,1.0,3.0,3.0,0.0,0.0,1663.55,1.16,0,5,23,5,15,4,1,1,2,3,0
629,38.16,78.62,5,28800.0,0.6797,1.0,0.6797,1.0,5.0,5.0,0.0,0.0,1663.55,1.55,0,5,9,6,15,4,1,0,2,3,0
589,30.17,73.62,1,28800.0,0.2818,1.0,0.5636,1.0,2.0,1.0,0.0,0.0,1663.55,1.85,0,5,16,6,15,4,1,0,2,3,0
717,23.72,89.62,6,28800.0,0.4636,1.0,0.4636,1.0,6.0,6.0,0.0,0.0,1663.55,2.11,0,5,22,6,15,4,1,1,2,3,3
662,28.82,90.98,5,26194.0,0.5613,0.9095,0.6172,1.0,5.0,5.0,0.0,0.0,1663.55,2.67,0,5,11,0,16,4,0,0,2,3,3
654,12.95,92.5,3,25715.625,0.218,0.8929374999999999,0.3289,1.0,4.0,3.0,0.0,0.0,1663.55,2.97,1,5,19,0,16,4,0,0,2,3,0
587,11.16,81.55,1,25912.0,0.1889,0.8997,0.21,1.0,1.0,1.0,0.0,0.0,1796.9,3.17,1,4,23,0,16,4,0,1,2,3,0
749,34.86,93.62,4,28800.0,0.7204,1.0,0.7204,1.0,4.0,4.0,0.0,0.0,1796.9,3.48,1,4,7,1,16,4,0,0,2,3,0
653,22.15,81.62,3,28800.0,0.4687,1.0,0.4687,1.0,3.0,3.0,0.0,0.0,1796.9,3.83,1,4,15,1,16,4,0,0,2,3,0
628,35.19,78.5,3,28800.0,0.6369,1.0,0.6369,1.0,2.0,1.0,0.0,0.0,1796.9,4.23,1,4,1,2,16,4,0,1,2,3,0
806,17.94,100.75,5,28800.0,0.3797,1.0,0.4556,1.0,6.0,5.0,0.0,0.0,1796.9,4.5,1,4,7,2,16,4,0,0,2,3,0
764,16.1,95.5,3,28800.0,0.3189,1.0,0.3189,1.0,3.0,3.0,0.0,0.0,1796.9,4.78,1,4,14,2,16,4,0,0,2,3,0
843,50.35,105.38,1,28800.0,0.5,1.0,1.0,1.0,2.0,2.0,0.0,0.0,1796.9,5.29,1,4,2,3,16,4,0,1,2,3,0
647,39.67,80.88,5,28800.0,0.8822,1.0,0.8822,1.0,5.0,5.0,0.0,0.0,1796.9,5.66,1,4,11,3,16,4,0,0,2,3,0
750,42.13,93.75,5,28800.0,0.7417,1.0,0.8901,1.0,6.0,5.0,0.0,0.0,1796.9,5.99,1,4,19,3,16,4,0,0,2,3,0
648,25.66,81.0,2,28800.0,0.5508,1.0,0.5508,1.0,3.0,3.0,0.0,0.0,1796.9,6.4,1,4,5,4,16,4,0,1,2,3,0
692,24.77,86.5,4,28800.0,0.5582,1.0,0.5582,1.0,4.0,4.0,0.0,0.0,1796.9,6.69,1,4,12,4,16,4,0,0,2,3,0
715,23.14,89.38,6,28800.0,0.5161,1.0,0.5161,1.0,6.0,6.0,0.0,0.0,1796.9,7.05,1,3,21,4,16,4,0,0,2,3,0
718,30.33,89.75,3,28800.0,0.5819,1.0,0.5819,1.0,2.0,1.0,0.0,0.0,1796.9,7.33,1,3,3,5,16,4,1,1,2,3,0
637,29.56,79.62,3,28800.0,0.5549,1.0,0.5549,1.0,3.0,3.0,0.0,0.0,1796.9,7.58,1,3,9,5,16,4,1,0,2,3,0
720,27.35,90.0,5,28800.0,0.5532,1.0,0.5532,1.0,5.0,5.0,0.0,0.0,1796.9,7.96,1,3,18,5,16,4,1,0,2,3,0
683,10.93,85.38,1,28800.0,0.1241,1.0,0.2483,1.0,4.0,4.0,0.0,0.0,1796.9,8.24,1,3,1,6,16,4,1,1,2,3,0
549,9.12,73.58,4,26860.0,0.1716,0.9326,0.184,1.0,4.0,4.0,0.0,0.0,1893.57,8.66,1,3,11,6,16,4,1,0,2,3,0
735,18.85,97.95,6,27013.0,0.4773,0.938,0.5088,1.0,6.0,6.0,0.0,0.0,1893.57,8.92,1,3,17,6,16,4,1,0,2,3,0
754,46.55,101.61,4,26715.0,0.9276,0.9276,1.0,1.0,4.0,4.0,0.0,0.0,1893.57,9.27,1,3,2,0,17,4,0,1,2,3,0
772,15.32,96.5,6,28800.0,0.3745,1.0,0.3745,1.0,6.0,6.0,0.0,0.0,1893.57,9.52,1,3,8,0,17,4,0,0,2,3,0
717,36.5,89.62,4,28800.0,0.8621,1.0,0.8621,1.0,4.0,4.0,0.0,0.0,1893.57,9.79,1,3,14,0,17,4,0,0,2,3,0
716,23.71,89.5,4,28800.0,0.5368,1.0,0.5368,1.0,2.0,2.0,0.0,0.0,1893.57,10.38,0,3,4,1,17,4,0,1,2,3,0
563,9.54,70.38,2,28800.0,0.1687,1.0,0.1687,1.0,2.0,2.0,0.0,0.0,1893.57,10.61,0,3,10,1,17,4,0,0,2,3,0
665,29.57,83.12,5,28800.0,0.5239,1.0,0.5239,1.0,5.0,5.0,0.0,0.0,1893.57,10.81,0,3,15,1,17,4,0,0,2,3,0
794,49.65,99.25,2,28800.0,1.0,1.0,1.0,1.0,4.0,4.0,0.0,0.0,1893.57,11.31,0,3,3,2,17,4,0,1,2,3,0
717,28.74,89.62,5,28800.0,0.5696,1.0,0.5696,1.0,5.0,5.0,0.0,0.0,1893.57,11.69,0,3,12,2,17,4,0,0,2,3,0
604,36.37,75.5,4,28800.0,0.6938,1.0,0.6938,1.0,4.0,4.0,0.0,0.0,1893.57,11.88,0,3,16,2,17,4,0,0,2,3,0
739,11.17,92.38,4,28800.0,0.2689,1.0,0.2689,1.0,4.0,4.0,0.0,0.0,1893.57,12.21,0,3,0,3,17,4,0,1,2,3,0
639,20.8,80.76,4,28483.0,0.4258,0.989,0.4305,1.0,4.0,4.0,0.0,0.0,1893.57,12.63,0,3,10,3,17,4,0,0,2,3,0
741,35.24,93.77,2,28448.0,0.7953,0.9878,0.8051,1.0,2.0,2.0,0.0,0.0,1930.32,12.9,0,3,17,3,17,4,0,0,2,3,0
660,19.14,83.18,4,28564.0,0.4205,0.9918,0.424,1.0,3.0,3.0,0.0,0.0,1930.32,13.32,0,3,3,4,17,4,0,1,2,3,3
688,37.64,86.0,1,28800.0,0.2208,1.0,0.8832,1.0,4.0,1.0,0.0,0.0,1930.32,13.68,0,3,12,4,17,4,0,0,2,3,3
638,31.87,79.75,6,28800.0,0.597,1.0,0.597,1.0,6.0,6.0,0.0,0.0,1930.32,13.83,0,3,15,4,17,4,0,0,2,3,3
753,42.76,94.12,3,28800.0,0.8544,1.0,0.8544,1.0,3.0,3.0,0.0,0.0,1930.32,14.11,0,3,22,4,17,4,0,1,2,3,3
741,33.97,92.62,5,28800.0,0.7788,1.0,0.7788,1.0,5.0,5.0,0.0,0.0,2088.3,14.57,1,3,9,5,17,4,1,0,2,3,0
665,29.23,83.12,6,28800.0,0.5124,1.0,0.5124,1.0,6.0,6.0,0.0,0.0,2088.3,14.92,1,3,17,5,17,4,1,0,2,3,0
758,13.09,94.75,3,28800.0,0.2595,1.0,0.2595,1.0,3.0,2.0,0.0,0.0,2088.3,15.22,1,3,1,6,17,4,1,1,2,3,0
729,35.29,91.12,5,28800.0,0.7723,1.0,0.7723,1.0,5.0,5.0,0.0,0.0,2088.3,15.5,1,3,7,6,17,4,1,0,2,3,0
745,42.32,93.12,3,28800.0,0.8242,1.0,0.8242,1.0,3.0,3.0,0.0,0.0,2088.3,16.05,1,2,20,6,17,4,1,0,2,3,0
814,47.91,101.75,2,28800.0,0.6667,1.0,1.0,1.0,3.0,2.0,0.0,0.0,2088.3,16.09,1,2,22,6,17,4,1,1,2,3,0
730,39.47,91.25,3,28800.0,0.9135,1.0,0.9135,1.0,3.0,3.0,0.0,0.0,2088.3,16.62,1,2,10,0,18,4,0,0,2,3,0
728,20.82,91.0,5,28800.0,0.4598,1.0,0.4598,1.0,5.0,5.0,0.0,0.0,2088.3,16.91,1,2,17,0,18,4,0,0,2,3,0
768,15.95,96.0,4,28800.0,0.4107,1.0,0.4107,1.0,4.0,4.0,0.0,0.0,2088.3,17.34,1,2,3,1,18,4,0,1,2,3,0
654,28.5,81.75,4,28800.0,0.5079,1.0,0.6349,1.0,5.0,4.0,0.0,0.0,2088.3,17.49,1,2,7,1,18,4,0,0,2,3,0
694,11.87,86.75,2,28800.0,0.2509,1.0,0.2509,1.0,2.0,2.0,0.0,0.0,2088.3,18.05,1,2,21,1,18,4,0,0,2,3,0
650,20.71,81.25,4,28800.0,0.381,1.0,0.381,1.0,2.0,2.0,0.0,0.0,2088.3,18.22,1,2,0,2,18,4,0,1,2,3,0
591,50.8,73.88,2,28800.0,0.8161,1.0,0.8161,1.0,2.0,2.0,0.0,0.0,2088.3,18.44,1,2,6,2,18,4,0,0,2,3,0
710,32.05,88.75,5,28800.0,0.5896,1.0,0.7075,1.0,6.0,5.0,0.0,0.0,2088.3,19.05,1,2,20,2,18,4,0,0,2,3,0
648,42.26,81.0,2,28800.0,0.7592,1.0,0.7592,1.0,2.0,2.0,0.0,0.0,2088.3,19.11,1,2,22,2,18,4,0,1,2,3,0
681,32.06,85.12,3,28800.0,0.6299,1.0,0.6299,1.0,3.0,3.0,0.0,0.0,2088.3,19.61,1,2,10,3,18,4,0,0,2,3,0
694,12.74,86.75,6,28800.0,0.2822,1.0,0.2822,1.0,6.0,6.0,0.0,0.0,2088.3,20.04,1,2,20,3,18,4,0,0,2,3,0
699,37.75,87.38,2,28800.0,0.6888,1.0,0.6888,1.0,2.0,2.0,0.0,0.0,2088.3,20.17,1,2,23,3,18,4,0,1,2,3,0
700,16.54,91.58,3,27516.0,0.2492,0.9554,0.3478,1.0,4.0,3.0,0.0,0.0,2088.3,20.51,1,1,8,4,18,5,0,0,2,3,3
758,28.03,97.61,3,27957.0,0.6113,0.9707,0.6298,1.0,3.0,3.0,0.0,0.0,2096.04,21.03,2,1,20,4,18,5,0,0,2,3,3
806,10.23,105.54,3,27492.0,0.244,0.9546,0.2556,1.0,3.0,3.0,0.0,0.0,2096.04,21.09,2,1,22,4,18,5,0,1,2,3,3
654,18.98,98.7,6,25715.625,0.3497,0.8929374999999999,0.4222,1.0,6.0,6.0,0.0,0.0,2155.6,21.53,2,1,8,5,18,5,1,0,2,3,0
736,15.56,106.51,2,25715.625,0.2251,0.8929374999999999,0.3908,1.0,3.0,2.0,0.0,0.0,2155.6,21.95,2,1,18,5,18,5,1,0,2,3,0
777,20.13,111.7,7,25715.625,0.5213,0.8929374999999999,0.5995,1.0,7.0,7.0,0.0,0.0,2155.6,22.13,2,1,22,5,18,5,1,1,2,3,0
844,32.29,105.5,5,28800.0,0.9167,1.0,0.9167,1.0,5.0,5.0,0.0,0.0,2155.6,22.61,2,1,10,6,18,5,1,0,2,3,0
719,33.47,89.88,3,28800.0,0.7789,1.0,0.7789,1.0,3.0,3.0,0.0,0.0,2155.6,22.78,2,1,14,6,18,5,1,0,2,3,0
704,35.57,88.0,1,28800.0,0.835,1.0,0.835,1.0,1.0,1.0,0.0,0.0,2155.6,23.28,2,1,2,0,19,5,0,1,2,3,0
751,37.56,105.34,5,25715.625,0.6806,0.8929374999999999,0.9165,1.0,6.0,5.0,0.0,0.0,2155.6,23.72,2,1,13,0,19,5,0,0,2,3,0
660,22.14,89.9,5,26428.0,0.4193,0.9176,0.457,1.0,5.0,5.0,0.0,0.0,2155.6,23.89,2,2,17,0,19,5,0,0,2,3,0
599,31.23,81.47,1,26469.0,0.6434,0.9191,0.7,1.0,6.0,6.0,0.0,0.0,2349.47,0.25,2,2,0,1,19,5,0,1,2,3,0
720,34.64,90.0,5,28800.0,0.6707,1.0,0.6707,1.0,5.0,5.0,0.0,0.0,2349.47,0.51,2,2,6,1,19,5,0,0,2,3,0
673,44.8,84.12,2,28800.0,0.92,1.0,0.92,1.0,2.0,2.0,0.0,0.0,2349.47,0.87,2,2,15,1,19,5,0,0,2,3,0
729,37.45,91.12,6,28800.0,0.7622,1.0,0.7622,1.0,6.0,6.0,0.0,0.0,2349.47,1.44,2,2,5,2,19,5,0,1,2,3,0
591,23.0,73.88,4,28800.0,0.4707,1.0,0.4707,1.0,4.0,4.0,0.0,0.0,2349.47,1.52,2,2,6,2,19,5,0,0,2,3,0
681,35.51,85.12,6,28800.0,0.6907,1.0,0.6907,1.0,6.0,6.0,0.0,0.0,2349.47,2.13,2,2,21,2,19,5,0,0,2,3,0
734,22.81,91.75,6,28800.0,0.485,1.0,0.485,1.0,4.0,4.0,0.0,0.0,2349.47,2.24,2,2,0,3,19,5,0,1,2,3,0
731,35.32,91.38,5,28800.0,0.6745,1.0,0.8094,1.0,6.0,5.0,0.0,0.0,2349.47,2.78,2,2,13,3,19,5,0,0,2,3,0
707,27.45,88.38,2,28800.0,0.6635,1.0,0.6635,1.0,2.0,2.0,0.0,0.0,2349.47,2.95,2,2,17,3,19,5,0,0,2,3,0
717,39.43,89.62,4,28800.0,0.7962,1.0,0.7962,1.0,2.0,2.0,0.0,0.0,2349.47,3.29,2,2,1,4,19,5,0,1,2,3,0
818,45.62,102.25,6,28800.0,0.9629,1.0,0.9629,1.0,6.0,6.0,0.0,0.0,2349.47,3.66,2,2,10,4,19,5,0,0,2,3,0
650,24.13,81.25,4,28800.0,0.4713,1.0,0.4713,1.0,4.0,4.0,0.0,0.0,2349.47,3.99,1,2,18,4,19,5,0,0,2,3,0
653,17.99,81.62,2,28800.0,0.3408,1.0,0.3408,1.0,2.0,2.0,0.0,0.0,2349.47,4.41,0,2,4,5,19,5,1,1,2,3,0
589,28.91,73.62,0,28800.0,0.0,1.0,0.5229,1.0,2.0,0.0,0.0,0.0,2349.47,4.72,0,2,11,5,19,5,1,0,2,3,0
736,18.75,92.0,3,28800.0,0.3744,1.0,0.3744,1.0,3.0,3.0,0.0,0.0,2349.47,4.97,0,2,17,5,19,5,1,0,2,3,0
706,26.74,88.25,2,28800.0,0.5163,1.0,0.5163,1.0,2.0,2.0,0.0,0.0,2349.47,5.29,0,2,1,6,19,5,1,1,2,3,0
620,9.43,77.5,5,28800.0,0.181,1.0,0.181,1.0,5.0,5.0,0.0,0.0,2349.47,5.8,0,2,13,6,19,5,1,0,2,3,0
722,31.19,90.25,4,28800.0,0.5866,1.0,0.5866,1.0,4.0,4.0,0.0,0.0,2349.47,6.01,0,1,18,6,19,5,1,0,2,3,0
626,43.49,78.25,2,28800.0,0.8255,1.0,0.8255,1.0,2.0,2.0,0.0,0.0,2349.47,6.21,0,1,23,6,19,5,1,1,2,3,0
703,14.88,87.88,2,28800.0,0.2849,1.0,0.2849,1.0,2.0,2.0,0.0,0.0,2349.47,6.56,0,1,8,0,20,5,0,0,2,3,0
644,10.92,80.5,5,28800.0,0.2026,1.0,0.2026,1.0,5.0,5.0,0.0,0.0,2349.47,6.94,0,1,17,0,20,5,0,0,2,3,0
599,43.86,74.88,3,28800.0,0.7662,1.0,0.7662,1.0,3.0,3.0,0.0,0.0,2349.47,7.2,0,1,23,0,20,5,0,1,2,3,0
779,29.77,129.62,3,25715.625,0.7512,0.8929374999999999,1.0,1.0,3.0,3.0,0.0,0.0,2349.47,7.75,0,1,12,1,20,5,0,0,2,3,0
747,49.31,112.36,5,25715.625,0.831,0.8929374999999999,1.0,1.0,5.0,5.0,0.0,0.0,2349.47,7.97,0,1,17,1,20,5,0,0,2,3,0
629,9.44,90.11,1,25715.625,0.1931,0.8929374999999999,0.2213,1.0,2.0,2.0,0.0,0.0,2446.56,0.19,0,2,5,2,20,5,0,1,2,3,0
821,52.17,102.62,2,28800.0,1.0,1.0,1.0,1.0,2.0,2.0,0.0,0.0,2446.56,0.36,0,2,9,2,20,5,0,0,2,3,0
760,36.45,95.0,4,28800.0,0.722,1.0,0.9025,1.0,5.0,4.0,0.0,0.0,2446.56,0.85,0,2,21,2,20,5,0,0,2,3,0
626,38.09,78.25,2,28800.0,0.8112,1.0,0.8112,1.0,4.0,4.0,0.0,0.0,2446.56,1.15,0,2,4,3,20,5,0,1,2,3,0
669,16.2,83.62,6,28800.0,0.338,1.0,0.338,1.0,6.0,6.0,0.0,0.0,2446.56,1.23,0,2,6,3,20,5,0,0,2,3,0
762,41.26,95.25,4,28800.0,0.8676,1.0,0.8676,1.0,4.0,4.0,0.0,0.0,2446.56,1.6,0,2,15,3,20,5,0,0,2,3,0
617,10.99,77.12,4,28800.0,0.2275,1.0,0.2275,1.0,4.0,3.0,0.0,0.0,2446.56,2.13,0,2,3,4,20,5,0,1,2,3,0
642,41.01,80.25,6,28800.0,0.8622,1.0,0.8622,1.0,6.0,6.0,0.0,0.0,2446.56,2.41,0,2,10,4,20,5,0,0,2,3,0
709,20.89,88.62,4,28800.0,0.4074,1.0,0.4074,1.0,4.0,4.0,0.0,0.0,2446.56,2.84,0,2,20,4,20,5,0,0,2,3,0
720,27.96,90.0,3,28800.0,0.4787,1.0,0.6383,1.0,5.0,5.0,0.0,0.0,2446.56,3.09,0,2,2,5,20,5,1,1,2,3,0
770,14.5,96.25,2,28800.0,0.2922,1.0,0.2922,1.0,2.0,2.0,0.0,0.0,2446.56,3.27,0,2,7,5,20,5,1,0,2,3,0
783,9.81,97.88,6,28800.0,0.2626,1.0,0.2626,1.0,6.0,6.0,0.0,0.0,2446.56,3.83,0,2,20,5,20,5,1,0,2,3,0
845,39.85,105.62,5,28800.0,0.997,1.0,0.997,1.0,5.0,5.0,0.0,0.0,2446.56,3.95,0,2,23,5,20,5,1,1,2,3,0
741,9.39,101.01,6,26408.0,0.2403,0.9169,0.2621,1.0,6.0,6.0,0.0,0.0,2584.89,0.31,0,3,11,6,20,5,1,0,2,3,0
754,39.0,105.41,4,25750.0,0.8941,0.8941,1.0,1.0,4.0,4.0,0.0,0.0,2584.89,0.48,0,3,15,6,20,5,1,0,2,3,0
677,32.85,88.17,6,27641.0,0.6998,0.9598,0.7291,1.0,4.0,3.0,0.0,0.0,2584.89,0.9,0,3,1,0,21,5,0,1,2,3,0
688,40.32,86.0,5,28800.0,0.8366,1.0,0.8366,1.0,5.0,5.0,0.0,0.0,2584.89,1.34,0,3,11,0,21,5,0,0,2,3,0
631,26.14,78.88,4,28800.0,0.4533,1.0,0.4533,1.0,4.0,4.0,0.0,0.0,2584.89,1.51,0,3,15,0,21,5,0,0,2,3,0
640,11.17,80.0,3,28800.0,0.1633,1.0,0.2178,1.0,3.0,3.0,0.0,0.0,2584.89,1.87,0,3,0,1,21,5,0,1,2,3,0
637,46.37,79.62,2,28800.0,0.7708,1.0,0.7708,1.0,2.0,2.0,0.0,0.0,2584.89,2.12,0,3,6,1,21,5,0,0,2,3,0
666,41.63,83.25,6,28800.0,0.7583,1.0,0.7583,1.0,6.0,6.0,0.0,0.0,2584.89,2.62,0,3,18,1,21,5,0,0,2,3,0
638,32.92,79.75,3,28800.0,0.6907,1.0,0.6907,1.0,3.0,3.0,0.0,0.0,2584.89,3.07,0,3,5,2,21,5,0,1,2,3,0
698,33.9,87.25,2,28800.0,0.6987,1.0,0.6987,1.0,2.0,2.0,0.0,0.0,2584.89,3.4,0,3,13,2,21,5,0,0,2,3,0
717,15.55,89.62,5,28800.0,0.3739,1.0,0.3739,1.0,5.0,5.0,0.0,0.0,2584.89,3.48,0,3,14,2,21,5,0,0,2,3,0
680,31.09,85.0,3,28800.0,0.6991,1.0,0.6991,1.0,4.0,4.0,0.0,0.0,2584.89,4.09,0,3,5,3,21,5,0,1,2,3,0
616,34.84,77.0,2,28800.0,0.6752,1.0,0.6752,1.0,2.0,2.0,0.0,0.0,2584.89,4.29,0,3,10,3,21,5,0,0,2,3,0
571,9.62,71.38,2,28800.0,0.183,1.0,0.183,1.0,2.0,2.0,0.0,0.0,2584.89,4.7,0,3,20,3,21,5,0,0,2,3,0
762,18.96,95.25,4,28800.0,0.4151,1.0,0.4151,1.0,4.0,4.0,0.0,0.0,2584.89,4.87,0,3,0,4,21,5,0,1,2,3,3
702,46.41,98.51,6,25715.625,0.8907,0.8929374999999999,1.0,1.0,6.0,6.0,0.0,0.0,2584.89,5.31,0,3,11,4,21,5,0,0,2,3,3
632,30.12,85.59,4,26584.0,0.58,0.9231,0.6283,1.0,4.0,4.0,0.0,0.0,2584.89,5.65,0,3,19,4,21,5,0,0,2,3,3
823,19.03,107.42,4,27582.0,0.4144,0.9577,0.4327,1.0,3.0,3.0,0.0,0.0,2645.54,6.03,1,3,4,5,21,5,1,1,2,3,0
699,40.05,87.38,3,28800.0,0.8609,1.0,0.8609,1.0,3.0,3.0,0.0,0.0,2645.54,6.14,1,3,6,5,21,5,1,0,2,3,0
853,19.25,106.62,6,28800.0,0.5026,1.0,0.5026,1.0,6.0,6.0,0.0,0.0,2645.54,6.64,1,3,18,5,21,5,1,0,2,3,0
735,40.9,91.88,3,28800.0,0.7947,1.0,0.7947,1.0,6.0,6.0,0.0,0.0,2645.54,7.05,1,3,4,6,21,5,1,1,2,3,0
694,39.46,86.75,2,28800.0,0.8292,1.0,0.8292,1.0,2.0,2.0,0.0,0.0,2645.54,7.38,1,3,12,6,21,5,1,0,2,3,3
674,39.1,84.25,2,28800.0,0.7592,1.0,0.7592,1.0,2.0,2.0,0.0,0.0,2645.54,7.57,1,3,17,6,21,5,1,0,2,3,3
672,32.12,84.0,6,28800.0,0.7252,1.0,0.7252,1.0,6.0,6.0,0.0,0.0,2645.54,7.82,1,3,23,6,21,5,1,1,2,3,3
712,34.15,97.05,5,26410.0,0.7695,0.917,0.8392,1.0,5.0,5.0,0.0,0.0,2645.54,8.24,1,3,9,0,22,5,0,0,2,3,3
588,14.12,83.43,3,25715.625,0.2307,0.8929374999999999,0.2619,1.0,3.0,3.0,0.0,0.0,2734.12,8.59,2,3,17,0,22,5,0,0,2,3,0
816,37.81,110.87,4,26497.0,0.92,0.92,1.0,1.0,3.0,3.0,0.0,0.0,2734.12,8.92,2,3,1,1,22,5,0,1,2,3,0
762,46.87,95.25,4,28800.0,1.0,1.0,1.0,1.0,4.0,4.0,0.0,0.0,2734.12,9.34,2,3,11,1,22,5,0,0,2,3,0
704,15.58,88.0,5,28800.0,0.3063,1.0,0.3063,1.0,5.0,5.0,0.0,0.0,2734.12,9.69,2,3,19,1,22,5,0,0,2,3,0
688,9.61,86.0,3,28800.0,0.2023,1.0,0.2023,1.0,3.0,3.0,0.0,0.0,2734.12,9.84,2,3,23,1,22,5,0,1,2,3,0
598,34.2,74.75,3,28800.0,0.4285,1.0,0.5714,1.0,4.0,3.0,0.0,0.0,2734.12,10.3,2,3,10,2,22,5,0,0,2,3,0
721,21.13,90.12,5,28800.0,0.3973,1.0,0.3973,1.0,5.0,5.0,0.0,0.0,2734.12,10.58,2,3,17,2,22,5,0,0,2,3,0
696,29.45,87.0,3,28800.0,0.6131,1.0,0.6131,1.0,2.0,2.0,0.0,0.0,2734.12,10.97,2,3,2,3,22,5,0,1,2,3,0
713,16.74,89.12,3,28800.0,0.41,1.0,0.41,1.0,3.0,3.0,0.0,0.0,2734.12,11.28,2,3,10,3,22,5,0,0,2,3,0
674,25.3,84.25,3,28800.0,0.4636,1.0,0.4636,1.0,3.0,3.0,0.0,0.0,2734.12,11.74,2,3,21,3,22,5,0,0,2,3,0
684,48.28,85.5,2,28800.0,0.946,1.0,0.946,1.0,6.0,6.0,0.0,0.0,2734.12,11.91,2,3,1,4,22,5,0,1,2,3,0
731,46.73,110.36,2,25715.625,0.828,0.8929374999999999,1.0,1.0,2.0,2.0,0.0,0.0,2789.01,0.01,2,4,10,4,22,5,0,0,2,3,0
659,28.23,96.55,3,25715.625,0.5164,0.8929374999999999,0.6053,1.0,3.0,3.0,0.0,0.0,2789.01,0.28,2,4,17,4,22,5,0,0,2,3,0
613,13.4,86.75,6,25715.625,0.2516,0.8929374999999999,0.2848,1.0,6.0,6.0,0.0,0.0,2789.01,0.75,1,4,4,5,22,5,1,1,2,3,0
555,37.37,69.38,6,28800.0,0.6558,1.0,0.6558,1.0,6.0,6.0,0.0,0.0,2789.01,1.06,1,4,11,5,22,5,1,0,2,3,0
697,26.32,87.12,6,28800.0,0.5685,1.0,0.5685,1.0,6.0,6.0,0.0,0.0,2789.01,1.67,1,4,2,6,22,5,1,1,2,3,0
645,17.38,83.68,4,27747.0,0.3619,0.9634,0.3757,1.0,4.0,4.0,0.0,0.0,2789.01,2.0,1,4,10,6,22,5,1,0,2,3,0
633,41.32,84.83,2,26864.0,0.5376,0.9328,0.8645,1.0,3.0,2.0,0.0,0.0,2815.27,2.37,2,4,19,6,22,5,1,0,2,3,0
853,47.62,113.14,6,27142.0,0.9424,0.9424,1.0,1.0,5.0,5.0,0.0,0.0,2815.27,2.61,2,4,1,0,23,6,0,1,2,3,3
571,53.91,71.38,3,28800.0,0.5945,1.0,0.7927,1.0,4.0,3.0,0.0,0.0,2815.27,3.01,2,4,10,0,23,6,0,0,2,3,3
799,50.72,99.88,4,28800.0,1.0,1.0,1.0,1.0,4.0,4.0,0.0,0.0,2815.27,3.19,1,4,15,0,23,6,0,0,2,3,3
609,22.2,76.12,5,28800.0,0.4409,1.0,0.4409,1.0,3.0,3.0,0.0,0.0,2875.19,3.71,1,4,3,1,23,6,0,1,2,3,0
726,46.83,90.75,4,28800.0,1.0,1.0,1.0,1.0,4.0,4.0,0.0,0.0,2875.19,4.11,1,4,13,1,23,6,0,0,2,3,0
853,9.97,106.62,4,28800.0,0.2553,1.0,0.2553,1.0,4.0,4.0,0.0,0.0,2875.19,4.44,1,4,21,1,23,6,0,0,2,3,0
783,30.42,97.88,3,28800.0,0.6688,1.0,0.6688,1.0,5.0,4.0,0.0,0.0,2875.19,4.69,1,4,3,2,23,6,0,1,2,3,0
699,52.89,87.38,3,28800.0,0.9512,1.0,0.9512,1.0,3.0,3.0,0.0,0.0,2875.19,4.83,1,4,6,2,23,6,0,0,2,3,0
670,26.33,83.75,5,28800.0,0.4154,1.0,0.4985,1.0,6.0,5.0,0.0,0.0,2875.19,5.3,1,3,17,2,23,6,0,0,2,3,0
716,17.91,89.5,4,28800.0,0.2773,1.0,0.3466,1.0,6.0,6.0,0.0,0.0,2875.19,5.68,1,3,2,3,23,6,0,1,2,3,0
718,17.31,101.52,4,25715.625,0.3268,0.8929374999999999,0.3697,1.0,4.0,4.0,0.0,0.0,2875.19,5.87,1,3,7,3,23,6,0,0,2,3,0
782,41.34,112.16,6,25715.625,0.8715,0.8929374999999999,1.0,1.0,6.0,6.0,0.0,0.0,2984.19,0.01,1,4,14,3,23,6,0,0,2,3,0
564,35.0,78.69,6,25804.0,0.5393,0.896,0.6019,1.0,5.0,4.0,0.0,0.0,2984.19,0.49,1,4,2,4,23,6,0,1,2,3,0
754,40.98,94.25,5,28800.0,0.8624,1.0,0.8624,1.0,5.0,5.0,0.0,0.0,2984.19,0.92,1,4,12,4,23,6,0,0,2,3,0
699,34.67,87.38,5,28800.0,0.7832,1.0,0.7832,1.0,5.0,5.0,0.0,0.0,2984.19,1.06,1,4,16,4,23,6,0,0,2,3,0
777,18.61,97.12,4,28800.0,0.3033,1.0,0.3791,1.0,7.0,6.0,0.0,0.0,2984.19,1.52,1,4,3,5,23,6,1,1,2,3,0
708,13.24,88.5,4,28800.0,0.2081,1.0,0.2601,1.0,5.0,4.0,0.0,0.0,2984.19,1.73,1,4,8,5,23,6,1,0,2,3,0
764,17.72,95.5,6,28800.0,0.374,1.0,0.374,1.0,6.0,6.0,0.0,0.0,2984.19,2.21,1,4,19,5,23,6,1,0,2,3,0
697,28.6,87.12,6,28800.0,0.4669,1.0,0.5448,1.0,2.0,2.0,0.0,0.0,2984.19,2.57,1,4,4,6,23,6,1,1,2,3,0
693,28.2,86.62,6,28800.0,0.5087,1.0,0.5087,1.0,6.0,6.0,0.0,0.0,2984.19,2.89,1,4,12,6,23,6,1,0,2,3,0
571,13.77,71.38,2,28800.0,0.2655,1.0,0.2655,1.0,2.0,2.0,0.0,0.0,2984.19,3.07,1,4,16,6,23,6,1,0,2,3,0
647,36.24,80.88,2,28800.0,0.753,1.0,0.753,1.0,2.0,2.0,0.0,0.0,2984.19,3.35,0,4,23,6,23,6,1,1,2,3,0
726,15.15,90.75,2,28800.0,0.3199,1.0,0.3199,1.0,2.0,2.0,0.0,0.0,2984.19,3.72,0,4,7,0,24,6,0,0,2,3,1
660,37.11,82.5,3,28800.0,0.6359,1.0,0.6359,1.0,3.0,3.0,0.0,0.0,2984.19,4.25,0,4,20,0,24,6,0,0,2,3,1
640,44.53,93.64,6,25715.625,0.8495,0.8929374999999999,0.9944,1.0,6.0,6.0,0.0,0.0,2988.03,4.78,1,4,9,1,24,6,0,0,2,3,0
640,49.23,101.49,6,25715.625,0.7882,0.8929374999999999,1.0,1.0,6.0,6.0,0.0,0.0,3024.19,0.28,1,5,17,1,24,6,0,0,2,3,0
774,21.68,117.33,3,25715.625,0.4668,0.8929374999999999,0.5661,1.0,3.0,2.0,0.0,0.0,3024.19,0.69,1,5,3,2,24,6,0,1,2,3,2
667,37.37,86.32,3,27817.0,0.4973,0.9659,0.6865,1.0,4.0,3.0,0.0,0.0,3024.19,0.84,1,5,7,2,24,6,0,0,2,3,2
623,39.8,79.95,5,28051.0,0.6161,0.974,0.7591,1.0,6.0,5.0,0.0,0.0,3024.19,1.27,1,5,17,2,24,6,0,0,2,3,2
625,40.18,80.98,2,27785.0,0.5457,0.9648,0.8483,1.0,3.0,2.0,0.0,0.0,3024.19,1.51,2,5,23,2,24,6,0,1,2,3,0
727,25.7,90.88,5,28800.0,0.5985,1.0,0.5985,1.0,5.0,5.0,0.0,0.0,3082.27,1.92,2,5,9,3,24,6,0,0,2,3,0
748,37.87,93.5,5,28800.0,0.9441,1.0,0.9441,1.0,5.0,5.0,0.0,0.0,3082.27,2.3,2,5,18,3,24,6,0,0,2,3,0
618,22.57,77.25,3,28800.0,0.4184,1.0,0.4184,1.0,1.0,1.0,0.0,0.0,3082.27,2.71,2,4,4,4,24,6,0,1,2,3,0
596,15.81,74.5,3,28800.0,0.226,1.0,0.3013,1.0,4.0,3.0,0.0,0.0,3082.27,3.07,2,4,12,4,24,6,0,0,2,3,0
769,11.15,96.12,5,28800.0,0.2092,1.0,0.251,1.0,6.0,5.0,0.0,0.0,3082.27,3.38,2,4,20,4,24,6,0,0,2,3,0
767,17.33,95.88,1,28800.0,0.4077,1.0,0.4077,1.0,3.0,3.0,0.0,0.0,3082.27,3.69,2,4,3,5,24,6,1,1,2,3,0
608,26.69,78.7,3,27813.0,0.5157,0.9657,0.534,1.0,3.0,3.0,0.0,0.0,3090.93,4.12,2,4,14,5,24,6,1,0,2,3,0
713,28.25,93.96,3,27319.0,0.6851,0.9486,0.7222,1.0,3.0,3.0,0.0,0.0,3295.7,4.78,3,4,5,6,24,6,1,1,2,3,0
609,23.21,76.12,4,28800.0,0.3468,1.0,0.4335,1.0,5.0,4.0,0.0,0.0,3295.7,4.92,3,4,9,6,24,6,1,0,2,3,0
853,29.35,106.62,3,28800.0,0.7884,1.0,0.7884,1.0,3.0,3.0,0.0,0.0,3295.7,5.51,3,4,23,6,24,6,1,1,2,3,0
590,37.95,73.75,2,28800.0,0.6939,1.0,0.6939,1.0,2.0,2.0,0.0,0.0,3295.7,5.93,3,4,9,0,25,6,0,0,2,3,0
661,18.47,82.62,5,28800.0,0.423,1.0,0.423,1.0,5.0,5.0,0.0,0.0,3295.7,6.25,3,4,17,0,25,6,0,0,2,3,0
636,37.99,79.5,5,28800.0,0.74,1.0,0.74,1.0,2.0,2.0,0.0,0.0,3295.7,6.74,2,3,4,1,25,6,0,1,2,3,0
620,13.39,77.5,4,28800.0,0.2514,1.0,0.2514,1.0,4.0,4.0,0.0,0.0,3295.7,6.92,2,3,9,1,25,6,0,0,2,3,0
586,24.37,73.25,3,28800.0,0.4596,1.0,0.4596,1.0,3.0,3.0,0.0,0.0,3295.7,7.3,2,3,18,1,25,6,0,0,2,3,0
666,27.57,83.25,2,28800.0,0.5943,1.0,0.5943,1.0,2.0,2.0,0.0,0.0,3295.7,7.67,2,3,3,2,25,6,0,1,2,3,0
700,39.43,87.5,5,28800.0,0.719,1.0,0.719,1.0,5.0,5.0,0.0,0.0,3295.7,7.83,2,3,7,2,25,6,0,0,2,3,0
598,33.32,74.75,5,28800.0,0.5268,1.0,0.5268,1.0,5.0,5.0,0.0,0.0,3295.7,8.28,2,3,17,2,25,6,0,0,2,3,0
728,14.48,91.0,2,28800.0,0.3402,1.0,0.3402,1.0,2.0,2.0,0.0,0.0,3295.7,8.51,1,3,23,2,25,6,0,1,2,3,0
754,27.27,94.25,2,28800.0,0.5624,1.0,0.5624,1.0,2.0,2.0,0.0,0.0,3295.7,8.86,1,3,7,3,25,6,0,0,2,3,0
742,11.68,92.75,6,28800.0,0.2363,1.0,0.2363,1.0,6.0,6.0,0.0,0.0,3295.7,9.13,1,3,14,3,25,6,0,0,2,3,0
652,35.67,81.5,7,28800.0,0.5721,1.0,0.6538,1.0,3.0,3.0,0.0,0.0,3295.7,9.63,1,3,2,4,25,6,0,1,2,3,0
727,11.98,90.88,5,28800.0,0.2941,1.0,0.2941,1.0,5.0,5.0,0.0,0.0,3295.7,9.95,1,3,10,4,25,6,0,0,2,3,0
796,10.4,99.5,5,28800.0,0.2421,1.0,0.2421,1.0,5.0,5.0,0.0,0.0,3295.7,10.22,1,3,16,4,25,6,0,0,2,3,0
714,25.13,89.25,3,28800.0,0.5814,1.0,0.5814,1.0,3.0,2.0,0.0,0.0,3295.7,10.64,1,3,2,5,25,6,1,1,2,3,0
696,21.94,87.0,3,28800.0,0.4082,1.0,0.4082,1.0,3.0,3.0,0.0,0.0,3295.7,10.84,1,3,7,5,25,6,1,0,2,3,0
591,38.85,73.88,5,28800.0,0.7808,1.0,0.7808,1.0,5.0,5.0,0.0,0.0,3295.7,11.36,0,3,19,5,25,6,1,0,2,3,0
686,43.68,85.75,2,28800.0,0.5252,1.0,0.7877,1.0,3.0,2.0,0.0,0.0,3295.7,11.47,0,3,22,5,25,6,1,1,2,3,0
590,28.38,73.75,3,28800.0,0.5097,1.0,0.5097,1.0,3.0,3.0,0.0,0.0,3295.7,11.83,0,3,7,6,25,6,1,0,2,3,0
722,16.74,90.25,3,28800.0,0.3257,1.0,0.3257,1.0,3.0,3.0,0.0,0.0,3295.7,12.15,0,3,14,6,25,6,1,0,2,3,0
672,41.19,84.0,3,28800.0,0.5493,1.0,0.7324,1.0,5.0,5.0,0.0,0.0,3295.7,12.63,0,3,2,0,26,6,0,1,2,3,0
672,30.9,95.65,6,25715.625,0.6513,0.8929374999999999,0.7416,1.0,6.0,6.0,0.0,0.0,3295.7,13.0,0,4,11,0,26,6,0,0,2,3,0
748,32.28,116.39,5,25715.625,0.6694,0.8929374999999999,1.0,1.0,6.0,5.0,0.0,0.0,3396.64,0.34,0,4,21,0,26,6,0,0,2,3,0
714,28.95,105.58,5,25715.625,0.6684,0.8929374999999999,0.7907,1.0,5.0,5.0,0.0,0.0,3396.64,0.44,0,4,23,0,26,6,0,1,2,3,0
701,34.63,87.62,4,28800.0,0.6056,1.0,0.757,1.0,5.0,4.0,0.0,0.0,3396.64,0.74,0,4,6,1,26,6,0,0,2,3,0
786,23.72,98.25,1,28800.0,0.305,1.0,0.61,1.0,2.0,1.0,0.0,0.0,3396.64,1.28,0,4,19,1,26,6,0,0,2,3,0
647,31.63,80.88,3,28800.0,0.3816,1.0,0.636,1.0,7.0,7.0,0.0,0.0,3396.64,1.58,0,4,2,2,26,6,0,1,2,3,0
594,39.42,74.25,6,28800.0,0.6716,1.0,0.6716,1.0,6.0,6.0,0.0,0.0,3396.64,1.93,0,4,11,2,26,6,0,0,2,3,0
657,16.24,82.12,5,28800.0,0.3066,1.0,0.3066,1.0,5.0,5.0,0.0,0.0,3396.64,2.15,0,4,16,2,26,6,0,0,2,3,0
853,41.31,106.62,7,28800.0,0.9516,1.0,0.9516,1.0,4.0,4.0,0.0,0.0,3396.64,2.53,0,4,1,3,26,6,0,1,2,3,0
732,45.78,91.5,5,28800.0,0.8995,1.0,0.8995,1.0,5.0,5.0,0.0,0.0,3396.64,3.01,0,4,13,3,26,6,0,0,2,3,0
644,41.31,80.5,4,28800.0,0.6039,1.0,0.7549,1.0,5.0,4.0,0.0,0.0,3396.64,3.08,0,4,14,3,26,6,0,0,2,3,0
697,14.3,87.12,4,28800.0,0.2788,1.0,0.2788,1.0,4.0,4.0,0.0,0.0,3396.64,3.7,0,4,5,4,26,6,0,1,2,3,0
830,19.68,105.13,4,28421.0,0.3076,0.9868,0.4676,1.0,6.0,4.0,0.0,0.0,3396.64,4.02,0,4,13,4,26,6,0,0,2,3,0
709,21.73,90.48,4,28208.0,0.4401,0.9794,0.4494,1.0,4.0,4.0,0.0,0.0,3504.11,4.27,0,4,19,4,26,6,0,0,2,3,0
697,34.3,88.48,4,28360.0,0.8165,0.9847,0.8292,1.0,1.0,1.0,0.0,0.0,3504.11,4.53,0,4,1,5,26,6,1,1,2,3,0
713,16.49,89.12,4,28800.0,0.3097,1.0,0.3097,1.0,4.0,4.0,0.0,0.0,3504.11,4.94,0,4,11,5,26,6,1,0,2,3,0
616,39.91,77.0,3,28800.0,0.8017,1.0,0.8017,1.0,3.0,3.0,0.0,0.0,3504.11,5.15,0,4,16,5,26,6,1,0,2,3,0
653,18.17,81.62,1,28800.0,0.3381,1.0,0.3381,1.0,3.0,3.0,0.0,0.0,3504.11,5.5,0,4,0,6,26,6,1,1,2,3,0
798,24.41,99.75,5,28800.0,0.5531,1.0,0.5531,1.0,5.0,5.0,0.0,0.0,3504.11,5.79,0,3,7,6,26,6,1,0,2,3,0
827,41.57,103.38,4,28800.0,0.9433,1.0,0.9433,1.0,4.0,4.0,0.0,0.0,3504.11,6.05,0,3,14,6,26,6,1,0,2,3,0
733,31.55,91.62,3,28800.0,0.7159,1.0,0.7159,1.0,3.0,3.0,0.0,0.0,3504.11,6.41,0,3,22,6,26,6,1,1,2,3,0
701,34.19,87.62,2,28800.0,0.7139,1.0,0.7139,1.0,2.0,2.0,0.0,0.0,3504.11,6.73,0,3,6,0,27,6,0,0,2,3,0
643,24.65,80.38,3,28800.0,0.4968,1.0,0.4968,1.0,3.0,3.0,0.0,0.0,3504.11,7.31,0,3,20,0,27,6,0,0,2,3,0
657,31.88,82.12,6,28800.0,0.6862,1.0,0.6862,1.0,5.0,5.0,0.0,0.0,3504.11,7.7,0,3,5,1,27,6,0,1,2,3,0
805,17.15,100.62,3,28800.0,0.3611,1.0,0.3611,1.0,3.0,3.0,0.0,0.0,3504.11,7.78,0,3,7,1,27,6,0,0,2,3,0
746,28.48,93.25,4,28800.0,0.616,1.0,0.616,1.0,4.0,4.0,0.0,0.0,3504.11,8.1,0,3,15,1,27,6,0,0,2,3,0
671,43.44,83.88,5,28800.0,0.8846,1.0,0.8846,1.0,7.0,7.0,0.0,0.0,3504.11,8.53,0,3,1,2,27,7,0,1,2,3,0
804,13.26,102.16,2,28332.0,0.3476,0.9838,0.3533,1.0,2.0,2.0,0.0,0.0,3609.98,8.99,1,3,12,2,27,7,0,0,2,3,0
680,14.25,87.02,3,28130.0,0.3013,0.9767,0.3085,1.0,3.0,3.0,0.0,0.0,3609.98,9.33,1,3,20,2,27,7,0,0,2,3,0
841,45.95,107.17,7,28250.0,0.9809,0.9809,1.0,1.0,2.0,2.0,0.0,0.0,3609.98,9.53,1,3,1,3,27,7,0,1,2,3,0
704,26.67,88.0,4,28800.0,0.6473,1.0,0.6473,1.0,4.0,4.0,0.0,0.0,3609.98,10.03,1,3,13,3,27,7,0,0,2,3,0
662,28.35,82.75,5,28800.0,0.5032,1.0,0.5032,1.0,5.0,5.0,0.0,0.0,3609.98,10.25,1,3,18,3,27,7,0,0,2,3,0
715,27.69,89.38,2,28800.0,0.5894,1.0,0.5894,1.0,2.0,2.0,0.0,0.0,3609.98,10.41,1,3,22,3,27,7,0,1,2,3,0
809,38.72,101.12,4,28800.0,1.0,1.0,1.0,1.0,4.0,4.0,0.0,0.0,3609.98,10.77,1,3,7,4,27,7,0,0,2,3,0
771,45.5,96.38,5,28800.0,0.7656,1.0,0.9188,1.0,6.0,5.0,0.0,0.0,3609.98,11.13,1,3,15,4,27,7,0,0,2,3,0
673,33.12,84.12,4,28800.0,0.6471,1.0,0.6471,1.0,5.0,5.0,0.0,0.0,3609.98,11.64,1,3,4,5,27,7,1,1,2,3,0
618,14.43,77.25,2,28800.0,0.247,1.0,0.247,1.0,2.0,2.0,0.0,0.0,3609.98,11.8,1,3,7,5,27,7,1,0,2,3,0
769,34.88,96.12,3,28800.0,0.8713,1.0,0.8713,1.0,3.0,3.0,0.0,0.0,3609.98,12.22,1,2,18,5,27,7,1,0,2,3,0
549,25.55,68.62,5,28800.0,0.4543,1.0,0.4543,1.0,5.0,5.0,0.0,0.0,3609.98,12.42,1,2,22,5,27,7,1,1,2,3,0
710,39.65,88.75,3,28800.0,0.8779,1.0,0.8779,1.0,3.0,3.0,0.0,0.0,3609.98,12.79,1,2,7,6,27,7,1,0,2,3,0
730,9.48,91.25,2,28800.0,0.2109,1.0,0.2109,1.0,2.0,2.0,0.0,0.0,3609.98,13.24,1,3,18,6,27,7,1,0,2,3,3
600,9.35,75.0,6,28800.0,0.1715,1.0,0.1715,1.0,7.0,7.0,0.0,0.0,3631.79,13.51,1,3,1,0,28,7,0,1,2,3,3
728,32.72,91.0,6,28800.0,0.6921,1.0,0.6921,1.0,6.0,6.0,0.0,0.0,3631.79,13.99,1,3,12,0,28,7,0,0,2,3,3
731,49.87,91.38,6,28800.0,0.95,1.0,0.95,1.0,6.0,6.0,0.0,0.0,3631.79,14.15,1,3,16,0,28,7,0,0,2,3,3
607,28.07,75.88,7,28800.0,0.5887,1.0,0.5887,1.0,4.0,4.0,0.0,0.0,3667.57,14.68,1,3,5,1,28,7,0,1,2,3,0
840,42.43,105.0,3,28800.0,1.0,1.0,1.0,1.0,3.0,3.0,0.0,0.0,3667.57,14.82,1,3,8,1,28,7,0,0,2,3,3
707,10.38,88.38,3,28800.0,0.2298,1.0,0.2298,1.0,3.0,3.0,0.0,0.0,3667.57,15.35,1,3,21,1,28,7,0,0,2,3,3
652,19.26,81.5,4,28800.0,0.4014,1.0,0.4014,1.0,4.0,4.0,0.0,0.0,3667.57,15.45,1,3,23,1,28,7,0,1,2,3,3
592,13.81,74.59,6,28571.0,0.2444,0.992,0.2464,1.0,6.0,6.0,0.0,0.0,3732.28,15.92,1,3,10,2,28,7,0,0,2,3,0
691,19.67,86.97,2,28604.0,0.4449,0.9932,0.4479,1.0,2.0,2.0,0.0,0.0,3732.28,16.15,1,3,16,2,28,7,0,0,2,3,0
803,15.95,100.96,2,28634.0,0.3889,0.9942,0.3912,1.0,7.0,7.0,0.0,0.0,3732.28,16.55,1,3,2,3,28,7,0,1,2,3,0
784,45.55,98.0,4,28800.0,1.0,1.0,1.0,1.0,4.0,4.0,0.0,0.0,3732.28,16.97,1,2,12,3,28,7,0,0,2,3,0
759,27.15,94.88,3,28800.0,0.5574,1.0,0.5574,1.0,3.0,3.0,0.0,0.0,3732.28,17.19,1,2,17,3,28,7,0,0,2,3,0
740,23.1,92.5,7,28800.0,0.5247,1.0,0.5247,1.0,7.0,7.0,0.0,0.0,3732.28,17.41,1,2,22,3,28,7,0,1,2,3,0
565,33.04,76.37,6,26632.0,0.584,0.9247,0.6316,1.0,6.0,6.0,0.0,0.0,3732.28,17.76,1,2,7,4,28,7,0,0,2,3,2
720,27.41,104.5,3,25715.625,0.5212,0.8929374999999999,0.6052,1.0,3.0,3.0,0.0,0.0,3732.28,18.08,1,2,14,4,28,7,0,0,2,3,2
636,45.17,96.23,5,25715.625,0.7787,0.8929374999999999,0.9425,1.0,3.0,3.0,0.0,0.0,3740.49,18.65,2,2,4,5,28,7,1,1,2,3,0
834,20.9,105.59,3,28434.0,0.4738,0.9873,0.4799,1.0,3.0,3.0,0.0,0.0,3869.56,19.01,3,2,13,5,28,7,1,0,2,3,0
656,14.92,84.08,6,28089.0,0.2661,0.9753,0.2728,1.0,6.0,6.0,0.0,0.0,3869.56,19.13,3,2,15,5,28,7,1,0,2,3,0
663,33.38,84.57,3,28224.0,0.6089,0.98,0.6213,1.0,6.0,4.0,0.0,0.0,3869.56,19.69,3,2,5,6,28,7,1,1,2,3,0
576,33.99,72.0,4,28800.0,0.6422,1.0,0.6422,1.0,4.0,4.0,0.0,0.0,3869.56,19.85,3,2,9,6,28,7,1,0,2,3,0
576,35.35,72.0,3,28800.0,0.6634,1.0,0.6634,1.0,3.0,3.0,0.0,0.0,3869.56,20.18,3,2,17,6,28,7,1,0,2,3,0
740,13.81,92.5,4,28800.0,0.1802,1.0,0.2703,1.0,4.0,4.0,0.0,0.0,3869.56,20.66,3,2,4,0,29,7,0,1,2,3,0
689,24.95,86.12,6,28800.0,0.5852,1.0,0.5852,1.0,6.0,6.0,0.0,0.0,3869.56,20.89,3,2,10,0,29,7,0,0,2,3,0
673,23.35,84.12,5,28800.0,0.5094,1.0,0.5094,1.0,5.0,5.0,0.0,0.0,3869.56,21.16,3,2,16,0,29,7,0,0,2,3,0
721,14.94,90.12,4,28800.0,0.2884,1.0,0.2884,1.0,6.0,6.0,0.0,0.0,3869.56,21.55,3,2,2,1,29,7,0,1,2,3,0
723,11.5,90.38,2,28800.0,0.2746,1.0,0.2746,1.0,2.0,2.0,0.0,0.0,3869.56,21.91,3,2,10,1,29,7,0,0,2,3,0
698,19.15,87.25,5,28800.0,0.4064,1.0,0.4064,1.0,5.0,5.0,0.0,0.0,3869.56,22.32,3,2,20,1,29,7,0,0,2,3,0
698,29.78,87.25,6,28800.0,0.5906,1.0,0.5906,1.0,7.0,7.0,0.0,0.0,3869.56,22.63,3,2,3,2,29,7,0,1,2,3,0
676,49.69,84.5,3,28800.0,0.8969,1.0,0.8969,1.0,3.0,3.0,0.0,0.0,3869.56,22.93,2,2,11,2,29,7,0,0,2,3,0
775,44.37,96.88,6,28800.0,0.9905,1.0,0.9905,1.0,6.0,6.0,0.0,0.0,3869.56,23.22,2,2,18,2,29,7,0,0,2,3,0
658,24.35,82.25,7,28800.0,0.4563,1.0,0.4563,1.0,6.0,6.0,0.0,0.0,3869.56,23.69,2,2,5,3,29,7,0,1,2,3,2
751,35.32,93.88,6,28800.0,0.9161,1.0,0.9161,1.0,6.0,6.0,0.0,0.0,3869.56,24.04,2,2,13,3,29,7,0,0,2,3,2
614,15.1,76.75,2,28800.0,0.2437,1.0,0.2437,1.0,2.0,2.0,0.0,0.0,3869.56,24.31,2,2,20,3,29,7,0,0,2,3,0
743,32.44,92.88,6,28800.0,0.6914,1.0,0.6914,1.0,0.0,0.0,0.0,0.0,3869.56,24.48,2,2,0,4,29,7,0,1,2,3,0
701,42.88,87.62,6,28800.0,0.7774,1.0,0.7774,1.0,6.0,6.0,0.0,0.0,3937.2,24.77,2,2,7,4,29,7,0,0,2,3,0
741,20.99,92.62,6,28800.0,0.4827,1.0,0.4827,1.0,6.0,6.0,0.0,0.0,3937.2,24.783749,2,2,20,4,29,7,0,0,2,3,0
691,36.41,86.38,0,28800.0,0.6967,1.0,0.7258,1.0,4.0,4.0,0.0,0.0,3937.2,24.783749,1,2,2,5,29,7,1,1,2,3,0
754,44.0,94.25,3,28800.0,0.8757,1.0,0.8757,1.0,3.0,3.0,0.0,0.0,3937.2,24.783749,1,2,6,5,29,7,1,0,2,3,0
792,36.19,99.0,3,28800.0,0.8701,1.0,0.8701,1.0,3.0,3.0,0.0,0.0,3937.2,24.783749,0,2,14,5,29,7,1,0,2,3,0
672,44.45,84.0,4,28800.0,0.7845,1.0,0.7845,1.0,3.0,3.0,0.0,0.0,3937.2,24.783749,0,2,3,6,29,7,1,1,2,3,1
741,16.24,102.1,5,26128.0,0.3121,0.9072,0.344,1.0,5.0,5.0,0.0,0.0,3937.2,24.783749,0,2,8,6,29,7,1,0,2,3,1
724,16.49,98.45,2,26475.0,0.3741,0.9193,0.4069,1.0,2.0,2.0,0.0,0.0,3937.2,24.783749,0,2,15,6,29,7,1,0,2,3,1
798,38.39,111.67,3,25725.0,0.8932,0.8932,1.0,1.0,6.0,6.0,0.0,0.0,3981.56,24.783749,1,2,3,0,30,7,0,1,2,3,0
691,21.88,86.38,6,28800.0,0.4379,1.0,0.4379,1.0,6.0,6.0,0.0,0.0,3981.56,24.783749,1,2,12,0,30,7,0,0,2,3,0
638,40.57,79.75,2,28800.0,0.7448,1.0,0.7448,1.0,2.0,2.0,0.0,0.0,3981.56,24.783749,1,2,19,0,30,7,0,0,2,3,3
593,34.34,74.12,6,28800.0,0.5419,1.0,0.5419,1.0,5.0,5.0,0.0,0.0,3981.56,24.783749,1,2,0,1,30,7,0,1,2,3,3
698,41.56,87.25,6,28800.0,0.8122,1.0,0.8122,1.0,6.0,6.0,0.0,0.0,3981.56,24.783749,1,2,7,1,30,7,0,0,2,3,3
729,9.93,91.12,4,28800.0,0.2243,1.0,0.2243,1.0,4.0,4.0,0.0,0.0,3981.56,24.783749,1,2,18,1,30,7,0,0,2,3,3
827,30.79,103.38,5,28800.0,0.8256,1.0,0.8256,1.0,4.0,4.0,0.0,0.0,4161.89,24.783749,2,2,0,2,30,7,0,1,2,3,0
691,20.93,86.38,2,28800.0,0.3978,1.0,0.3978,1.0,2.0,2.0,0.0,0.0,4161.89,24.783749,2,1,12,2,30,7,0,0,2,3,0
723,13.62,90.38,2,28800.0,0.3078,1.0,0.3078,1.0,2.0,2.0,0.0,0.0,4161.89,24.783749,2,1,16,2,30,7,0,0,2,3,0
691,44.69,86.38,4,28800.0,0.8669,1.0,0.8669,1.0,4.0,4.0,0.0,0.0,4161.89,24.783749,2,1,0,3,30,7,0,1,2,3,0
618,34.32,77.25,4,28800.0,0.5251,1.0,0.6564,1.0,5.0,4.0,0.0,0.0,4161.89,24.783749,2,1,12,3,30,7,0,0,2,3,0
652,41.19,81.5,5,28800.0,0.6631,1.0,0.7958,1.0,6.0,5.0,0.0,0.0,4161.89,24.783749,2,1,16,3,30,7,0,0,2,3,0
736,26.47,92.0,4,28800.0,0.587,1.0,0.587,1.0,4.0,4.0,0.0,0.0,4161.89,24.783749,2,1,23,3,30,7,0,1,2,3,0
589,12.86,73.62,4,28800.0,0.2211,1.0,0.2211,1.0,4.0,4.0,0.0,0.0,4161.89,24.783749,2,1,12,4,30,7,0,0,2,3,0
685,22.82,85.62,4,28800.0,0.3712,1.0,0.464,1.0,5.0,4.0,0.0,0.0,4161.89,24.783749,2,1,17,4,30,7,0,0,2,3,0
525,32.53,65.62,3,28800.0,0.5159,1.0,0.5159,1.0,3.0,3.0,0.0,0.0,4161.89,24.783749,2,1,23,4,30,7,0,1,2,3,0
725,31.51,90.62,5,28800.0,0.6887,1.0,0.6887,1.0,5.0,5.0,0.0,0.0,4161.89,24.783749,2,1,9,5,30,7,1,0,2,3,0
796,36.58,99.5,2,28800.0,0.846,1.0,0.846,1.0,2.0,2.0,0.0,0.0,4161.89,24.783749,2,1,21,5,30,7,1,0,2,3,0
534,19.84,66.75,6,28800.0,0.27,1.0,0.315,1.0,7.0,6.0,0.0,0.0,4161.89,24.783749,2,1,22,5,30,7,1,1,2,3,0
745,36.13,93.12,6,28800.0,0.9287,1.0,0.9287,1.0,6.0,6.0,0.0,0.0,4161.89,24.783749,2,1,9,6,30,7,1,0,2,3,0
707,22.39,88.38,3,28800.0,0.5349,1.0,0.5349,1.0,3.0,3.0,0.0,0.0,4161.89,24.783749,2,1,15,6,30,7,1,0,2,3,0
789,39.07,98.62,2,28800.0,0.9983,1.0,0.9983,1.0,2.0,2.0,0.0,0.0,4161.89,24.783749,1,1,23,6,30,7,1,1,2,3,0
648,11.22,81.0,2,28800.0,0.1895,1.0,0.1895,1.0,2.0,2.0,0.0,0.0,4161.89,24.783749,1,1,8,0,31,7,0,0,2,3,0
606,39.52,75.75,4,28800.0,0.6496,1.0,0.812,1.0,5.0,4.0,0.0,0.0,4161.89,24.783749,1,1,17,0,31,7,0,0,2,3,0
712,47.29,89.0,4,28800.0,0.9382,1.0,0.9382,1.0,4.0,4.0,0.0,0.0,4161.89,24.783749,1,1,11,1,31,7,0,0,2,3,0
680,27.67,85.0,2,28800.0,0.5584,1.0,0.5584,1.0,2.0,2.0,0.0,0.0,4161.89,24.783749,1,1,18,1,31,7,0,0,2,3,0
630,40.5,78.75,7,28800.0,0.695,1.0,0.695,1.0,6.0,6.0,0.0,0.0,4161.89,24.783749,0,1,4,2,31,7,0,1,2,3,0
627,31.67,81.61,5,27660.0,0.5391,0.9604,0.5613,1.0,5.0,5.0,0.0,0.0,4161.89,24.783749,0,1,8,2,31,7,0,0,2,3,0
796,23.26,108.17,4,26491.0,0.513,0.9198,0.5577,1.0,4.0,4.0,0.0,0.0,4199.61,0.12,0,2,16,2,31,7,0,0,2,3,0
632,50.71,85.53,6,26600.0,0.8365,0.9236,0.9057,1.0,4.0,4.0,0.0,0.0,4199.61,0.58,0,2,3,3,31,7,0,1,2,3,3
723,29.27,90.38,3,28800.0,0.6464,1.0,0.6464,1.0,3.0,3.0,0.0,0.0,4199.61,0.69,0,2,6,3,31,7,0,0,2,3,3
612,45.32,76.5,5,28800.0,0.8211,1.0,0.8211,1.0,5.0,5.0,0.0,0.0,4199.61,1.32,0,2,21,3,31,7,0,0,2,3,3
746,49.97,93.25,4,28800.0,0.9892,1.0,0.9892,1.0,4.0,4.0,0.0,0.0,4199.61,1.67,1,2,5,4,31,7,0,1,2,3,0
620,19.05,85.63,3,26065.0,0.3993,0.905,0.4412,1.0,3.0,3.0,0.0,0.0,4217.92,1.82,1,2,9,4,31,7,0,0,2,3,0
736,15.36,102.23,2,25919.0,0.3772,0.9,0.4191,1.0,2.0,2.0,0.0,0.0,4217.92,2.18,1,2,17,4,31,7,0,0,2,3,0
599,10.69,80.4,4,26820.0,0.188,0.9313,0.2019,1.0,3.0,3.0,0.0,0.0,4217.92,2.5,1,2,1,5,31,8,1,1,2,3,0
693,15.34,86.62,3,28800.0,0.2955,1.0,0.2955,1.0,3.0,3.0,0.0,0.0,4217.92,3.37,1,2,22,5,31,8,1,1,2,3,0
869,47.69,117.7,6,26580.0,0.9229,0.9229,1.0,1.0,6.0,6.0,0.0,0.0,159.68,0.28,1,1,21,3,6,2,0,0,9,3,0
827,32.19,110.21,5,27014.0,0.7741,0.938,0.8253,1.0,2.0,2.0,0.0,0.0,159.68,0.42,1,1,1,4,6,2,0,1,9,3,0
951,29.89,118.88,4,28800.0,0.8292,1.0,0.8292,1.0,4.0,4.0,0.0,0.0,159.68,0.8,1,1,10,4,6,2,0,0,9,3,0
939,37.49,117.38,2,28800.0,1.0,1.0,1.0,1.0,2.0,2.0,0.0,0.0,159.68,1.24,1,1,20,4,6,2,0,0,9,3,0
776,24.88,97.0,2,28800.0,0.5149,1.0,0.5149,1.0,2.0,2.0,0.0,0.0,159.68,1.56,1,1,4,5,6,2,1,1,9,3,0
789,14.87,121.07,2,25715.625,0.3961,0.8929374999999999,0.4863,1.0,2.0,2.0,0.0,0.0,159.68,1.87,1,1,12,5,6,2,1,0,9,3,0
984,22.47,136.59,6,25935.0,0.5866,0.9005,0.6514,1.0,6.0,6.0,0.0,0.0,159.68,1.97,1,1,14,5,6,2,1,0,9,3,0
970,42.07,151.81,2,25715.625,0.7987,0.8929374999999999,1.0,1.0,2.0,2.0,0.0,0.0,159.68,2.33,1,2,22,5,6,2,1,1,9,3,0
1050,32.99,131.25,6,28800.0,1.0,1.0,1.0,1.0,6.0,6.0,0.0,0.0,399.68,0.42,1,2,11,6,6,2,1,0,9,3,0
760,30.72,95.0,3,28800.0,0.7679,1.0,0.7679,1.0,3.0,3.0,0.0,0.0,399.68,0.7,1,2,18,6,6,2,1,0,9,3,0
938,29.73,117.25,7,28800.0,0.7882,1.0,0.7882,1.0,7.0,7.0,0.0,0.0,399.68,0.88,1,2,22,6,6,2,1,1,9,3,0
955,42.82,119.38,2,28800.0,1.0,1.0,1.0,1.0,2.0,2.0,0.0,0.0,399.68,1.19,0,2,6,0,7,2,0,0,9,3,0
1016,39.83,127.0,6,28800.0,1.0,1.0,1.0,1.0,6.0,6.0,0.0,0.0,399.68,1.84,0,2,21,0,7,2,0,0,9,3,0
721,32.65,90.12,2,28800.0,0.4844,1.0,0.7265,1.0,6.0,6.0,0.0,0.0,399.68,2.14,0,2,4,1,7,2,0,1,9,3,0
904,25.96,113.0,5,28800.0,0.8017,1.0,0.8017,1.0,5.0,5.0,0.0,0.0,399.68,2.33,0,2,9,1,7,2,0,0,9,3,0
962,46.14,120.25,3,28800.0,1.0,1.0,1.0,1.0,3.0,3.0,0.0,0.0,399.68,2.71,0,2,18,1,7,2,0,0,9,3,0
937,34.06,117.12,6,28800.0,0.992,1.0,0.992,1.0,2.0,2.0,0.0,0.0,399.68,3.06,0,2,3,2,7,2,0,1,9,3,0
938,26.42,117.25,5,28800.0,0.7126,1.0,0.7126,1.0,5.0,5.0,0.0,0.0,399.68,3.43,0,2,11,2,7,2,0,0,9,3,0
872,10.25,109.0,4,28800.0,0.2882,1.0,0.2882,1.0,4.0,4.0,0.0,0.0,399.68,3.65,0,2,17,2,7,2,0,0,9,3,0
868,32.06,108.5,2,28800.0,0.8023,1.0,0.8023,1.0,2.0,2.0,0.0,0.0,399.68,3.91,0,2,23,2,7,2,0,1,9,3,0
1050,42.27,131.25,6,28800.0,1.0,1.0,1.0,1.0,6.0,6.0,0.0,0.0,399.68,4.3,0,2,8,3,7,2,0,0,9,3,0
1050,38.77,131.25,6,28800.0,1.0,1.0,1.0,1.0,6.0,6.0,0.0,0.0,399.68,4.82,0,2,21,3,7,2,0,0,9,3,0
1010,46.73,126.25,5,28800.0,1.0,1.0,1.0,1.0,6.0,6.0,0.0,0.0,399.68,5.1,0,2,4,4,7,2,0,1,9,3,0
962,28.39,120.25,2,28800.0,0.7876,1.0,0.7876,1.0,2.0,2.0,0.0,0.0,399.68,5.3,0,2,8,4,7,2,0,0,9,3,0
948,39.69,118.5,2,28800.0,1.0,1.0,1.0,1.0,2.0,2.0,0.0,0.0,399.68,5.57,0,2,15,4,7,2,0,0,9,3,0
956,37.11,119.5,6,28800.0,1.0,1.0,1.0,1.0,6.0,6.0,0.0,0.0,399.68,6.15,0,2,5,5,7,2,1,1,9,3,0
967,20.13,120.88,2,28800.0,0.5282,1.0,0.5282,1.0,2.0,2.0,0.0,0.0,399.68,6.22,0,2,6,5,7,2,1,0,9,3,0
985,42.5,123.12,3,28800.0,1.0,1.0,1.0,1.0,3.0,3.0,0.0,0.0,399.68,6.56,0,2,15,5,7,2,1,0,9,3,0
904,32.95,113.0,6,28800.0,1.0,1.0,1.0,1.0,6.0,6.0,0.0,0.0,399.68,6.92,0,2,23,5,7,2,1,1,9,3,0
969,42.96,121.12,4,28800.0,0.8,1.0,1.0,1.0,5.0,4.0,0.0,0.0,399.68,7.32,0,2,9,6,7,2,1,0,9,3,0
937,32.27,117.12,1,28800.0,0.5,1.0,1.0,1.0,2.0,1.0,0.0,0.0,399.68,7.68,0,2,17,6,7,2,1,0,9,3,0
915,40.67,114.38,2,28800.0,1.0,1.0,1.0,1.0,5.0,5.0,0.0,0.0,399.68,8.12,0,2,4,0,8,2,0,1,9,3,0
896,33.17,112.0,4,28800.0,0.85,1.0,0.85,1.0,4.0,4.0,0.0,0.0,399.68,8.43,0,2,11,0,8,2,0,0,9,3,0
932,25.45,116.5,4,28800.0,0.8081,1.0,0.8081,1.0,4.0,4.0,0.0,0.0,399.68,8.76,0,2,19,0,8,2,0,0,9,3,0
1046,26.09,130.75,5,28800.0,0.9163,1.0,0.9163,1.0,5.0,5.0,0.0,0.0,399.68,8.93,0,2,23,0,8,2,0,1,9,3,0
948,39.84,118.5,4,28800.0,0.9865,1.0,0.9865,1.0,4.0,4.0,0.0,0.0,399.68,9.48,0,2,13,1,8,2,0,0,9,3,3
988,44.33,123.5,3,28800.0,1.0,1.0,1.0,1.0,3.0,3.0,0.0,0.0,399.68,9.81,0,2,21,1,8,2,0,0,9,3,3
1034,40.57,129.25,6,28800.0,1.0,1.0,1.0,1.0,6.0,6.0,0.0,0.0,399.68,9.92,0,2,23,1,8,2,0,1,9,3,3
933,17.38,136.63,2,25715.625,0.552,0.8929374999999999,0.6467,1.0,2.0,2.0,0.0,0.0,498.23,10.49,1,2,13,2,8,2,0,0,9,3,0
1049,28.17,150.65,3,25715.625,0.8704,0.8929374999999999,1.0,1.0,3.0,3.0,0.0,0.0,498.23,10.68,1,2,17,2,8,2,0,0,9,3,0
845,42.06,125.92,3,25715.625,0.6292,0.8929374999999999,1.0,1.0,4.0,3.0,0.0,0.0,498.23,10.88,1,2,22,2,8,2,0,1,9,3,0
1048,20.29,131.0,6,28800.0,0.7376,1.0,0.7376,1.0,6.0,6.0,0.0,0.0,498.23,11.23,1,2,7,3,8,2,0,0,9,3,0
1048,37.84,131.0,2,28800.0,0.6667,1.0,1.0,1.0,3.0,2.0,0.0,0.0,498.23,11.82,1,2,21,3,8,2,0,0,9,3,0
977,44.49,122.12,5,28800.0,1.0,1.0,1.0,1.0,5.0,5.0,0.0,0.0,498.23,11.91,1,2,23,3,8,2,0,1,9,3,0
1029,21.05,128.62,3,28800.0,0.7046,1.0,0.7046,1.0,3.0,3.0,0.0,0.0,498.23,12.43,1,2,11,4,8,2,0,0,9,3,0
858,37.04,107.25,1,28800.0,0.4553,1.0,0.9107,1.0,2.0,1.0,0.0,0.0,498.23,12.58,1,2,15,4,8,2,0,0,9,3,0
1029,11.44,128.62,3,28800.0,0.3123,1.0,0.3123,1.0,5.0,5.0,0.0,0.0,498.23,13.15,1,2,5,5,8,2,1,1,9,3,0
951,46.75,118.88,3,28800.0,1.0,1.0,1.0,1.0,3.0,3.0,0.0,0.0,498.23,13.26,1,2,7,5,8,2,1,0,9,3,2
988,16.25,123.5,5,28800.0,0.4329,1.0,0.4329,1.0,3.0,3.0,0.0,0.0,498.23,14.02,1,2,2,6,8,2,1,1,9,3,2
1011,28.6,153.43,5,25715.625,0.6257,0.8929374999999999,0.9116,1.0,6.0,5.0,0.0,0.0,511.71,14.61,2,2,16,6,8,2,1,0,9,3,3
920,17.29,136.94,3,25715.625,0.4443,0.8929374999999999,0.5291,1.0,5.0,5.0,0.0,0.0,521.15,15.11,3,2,4,0,9,2,0,1,9,3,3
888,33.83,126.24,6,25715.625,0.8476,0.8929374999999999,0.964,1.0,6.0,6.0,0.0,0.0,521.15,15.41,4,2,11,0,9,2,0,0,9,3,2
794,38.82,113.03,5,25715.625,0.6814,0.8929374999999999,0.9312,1.0,6.0,5.0,0.0,0.0,527.17,15.77,4,2,20,0,9,2,0,0,9,3,2
935,34.63,170.05,5,25715.625,0.6873,0.8929374999999999,1.0,1.0,5.0,5.0,0.0,0.0,545.55,15.93,5,2,23,0,9,2,0,1,9,3,3
920,38.55,127.11,3,26056.0,0.6785,0.9047,1.0,1.0,4.0,3.0,0.0,0.0,545.55,16.36,5,2,10,1,9,2,0,0,9,3,3
1050,26.71,138.71,2,27251.0,0.7875,0.9462,0.8323,1.0,2.0,2.0,0.0,0.0,545.55,16.58,5,2,15,1,9,2,0,0,9,3,3
1024,24.98,138.8,5,26559.0,0.6691,0.9222,0.7256,1.0,2.0,1.0,0.0,0.0,577.21,17.09,5,2,3,2,9,2,0,1,9,3,0
1050,11.93,131.25,6,28800.0,0.4302,1.0,0.4302,1.0,6.0,6.0,0.0,0.0,577.21,17.33,5,2,9,2,9,2,0,0,9,3,0
1002,45.43,125.25,4,28800.0,1.0,1.0,1.0,1.0,4.0,4.0,0.0,0.0,577.21,17.56,5,2,15,2,9,2,0,0,9,3,0
1050,38.62,131.25,1,28800.0,0.5,1.0,1.0,1.0,2.0,1.0,0.0,0.0,577.21,17.9,5,2,23,2,9,2,0,1,9,3,0
825,9.75,113.2,5,26236.0,0.206,0.911,0.2714,1.0,6.0,5.0,0.0,0.0,627.69,0.12,5,3,7,3,9,2,0,0,9,3,0
942,27.6,136.02,2,25715.625,0.5735,0.8929374999999999,0.9937,1.0,3.0,2.0,0.0,0.0,627.69,0.6,5,3,18,3,9,2,0,0,9,3,0
938,52.48,126.73,8,26645.0,0.9252,0.9252,1.0,1.0,2.0,1.0,0.0,0.0,627.69,1.03,5,3,5,4,9,2,0,1,9,3,0
1016,51.44,127.0,5,28800.0,1.0,1.0,1.0,1.0,5.0,5.0,0.0,0.0,627.69,1.17,5,3,8,4,9,2,0,0,9,3,0
1019,37.1,127.38,5,28800.0,0.8333,1.0,1.0,1.0,6.0,5.0,0.0,0.0,627.69,1.67,5,3,20,4,9,2,0,0,9,3,0
1014,9.38,126.75,1,28800.0,0.1434,1.0,0.2869,1.0,8.0,8.0,0.0,0.0,627.69,2.06,5,3,5,5,9,2,1,1,9,3,0
1050,39.87,136.18,6,27757.0,0.9638,0.9638,1.0,1.0,6.0,6.0,0.0,0.0,662.64,2.38,5,3,13,5,9,2,1,0,9,3,0
888,16.23,113.64,4,28131.0,0.297,0.9768,0.3801,1.0,5.0,4.0,0.0,0.0,662.64,2.5,5,3,16,5,9,2,1,0,9,3,0
895,9.9,115.24,8,27960.0,0.2647,0.9708,0.2727,1.0,2.0,2.0,0.0,0.0,662.64,3.04,5,3,5,6,9,3,1,1,9,3,0
1050,26.87,145.09,4,26053.0,0.8776,0.9046,0.9701,1.0,4.0,4.0,0.0,0.0,662.64,3.08,5,3,6,6,9,3,1,0,9,3,0
1050,40.37,141.44,6,26725.0,0.928,0.928,1.0,1.0,6.0,6.0,0.0,0.0,662.64,3.52,4,3,16,6,9,3,1,0,9,3,0
888,28.45,119.67,2,26714.0,0.7258,0.9276,0.7825,1.0,6.0,5.0,0.0,0.0,692.78,0.28,3,4,4,0,10,3,0,1,9,3,0
1032,48.78,129.0,4,28800.0,1.0,1.0,1.0,1.0,4.0,4.0,0.0,0.0,692.78,0.41,3,4,7,0,10,3,0,0,9,3,0
861,10.28,107.62,5,28800.0,0.2768,1.0,0.2768,1.0,5.0,5.0,0.0,0.0,692.78,0.87,2,4,18,0,10,3,0,0,9,3,0
1050,46.11,131.25,5,28800.0,0.8333,1.0,1.0,1.0,2.0,2.0,0.0,0.0,692.78,1.3,1,5,4,1,10,3,0,1,9,3,0
1050,29.9,135.97,1,27800.0,0.4271,0.9653,0.8849,1.0,2.0,1.0,0.0,0.0,734.71,0.18,1,5,9,1,10,3,0,0,9,3,0
1050,17.8,143.1,3,26415.0,0.4988,0.9172,0.5438,1.0,3.0,3.0,0.0,0.0,734.71,0.67,0,5,20,1,10,3,0,0,9,3,0
934,30.75,127.8,2,26309.0,0.8273,0.9135,0.9056,1.0,3.0,3.0,0.0,0.0,734.71,1.0,0,5,4,2,10,3,0,1,9,3,3
979,19.37,139.26,5,25715.625,0.5144,0.8929374999999999,0.5853,1.0,5.0,5.0,0.0,0.0,734.71,1.23,0,5,10,2,10,3,0,0,9,3,3
995,23.25,141.15,4,25715.625,0.7169,0.8929374999999999,0.8136,1.0,4.0,4.0,0.0,0.0,734.71,1.46,0,5,15,2,10,3,0,0,9,3,3
1035,14.77,139.94,3,26625.0,0.524,0.9245,0.5668,1.0,5.0,5.0,0.0,0.0,734.71,1.82,1,5,0,3,10,3,0,1,9,3,2
821,11.08,111.39,2,26533.0,0.18,0.9213,0.293,1.0,3.0,2.0,0.0,0.0,742.66,2.31,2,5,12,3,10,3,0,0,9,3,0
993,17.1,153.84,2,25715.625,0.3878,0.8929374999999999,0.7209,1.0,3.0,2.0,0.0,0.0,784.04,2.54,2,5,17,3,10,3,0,0,9,3,0
978,36.46,136.12,5,25866.0,0.8981,0.8981,1.0,1.0,5.0,5.0,0.0,0.0,784.04,2.77,2,5,23,3,10,3,0,1,9,3,0
847,29.59,105.88,2,28800.0,0.5631,1.0,0.8446,1.0,3.0,2.0,0.0,0.0,784.04,3.18,2,5,9,4,10,3,0,0,9,3,3
847,38.72,105.88,4,28800.0,0.9643,1.0,0.9643,1.0,4.0,4.0,0.0,0.0,784.04,3.54,2,5,17,4,10,3,0,0,9,3,3
875,13.42,109.38,4,28800.0,0.2564,1.0,0.3205,1.0,2.0,2.0,0.0,0.0,784.04,4.0,2,5,4,5,10,3,1,1,9,3,3
1013,45.99,139.19,4,26200.0,0.7278,0.9097,1.0,1.0,5.0,4.0,0.0,0.0,830.59,4.27,3,5,11,5,10,3,1,0,9,3,0
961,14.19,140.68,6,25715.625,0.3577,0.8929374999999999,0.4189,1.0,6.0,6.0,0.0,0.0,830.59,4.66,3,4,20,5,10,3,1,0,9,3,0
942,13.44,137.06,2,25715.625,0.3621,0.8929374999999999,0.4215,1.0,3.0,3.0,0.0,0.0,830.59,4.88,3,4,1,6,10,3,1,1,9,3,0
805,49.85,100.62,6,28800.0,1.0,1.0,1.0,1.0,6.0,6.0,0.0,0.0,830.59,5.21,3,4,9,6,10,3,1,0,9,3,0
781,18.66,97.62,4,28800.0,0.3938,1.0,0.3938,1.0,4.0,4.0,0.0,0.0,830.59,5.67,3,4,20,6,10,3,1,0,9,3,0
897,38.74,112.12,3,28800.0,1.0,1.0,1.0,1.0,4.0,4.0,0.0,0.0,830.59,5.86,3,4,1,0,11,3,0,1,9,3,0
1050,43.42,136.98,2,27595.0,0.9582,0.9582,1.0,1.0,2.0,2.0,0.0,0.0,854.04,6.23,4,4,10,0,11,3,0,0,9,3,0
815,46.73,105.8,3,27731.0,0.7222,0.9629,1.0,1.0,4.0,3.0,0.0,0.0,854.04,6.47,4,4,16,0,11,3,0,0,9,3,2
993,53.3,129.1,4,27690.0,0.9615,0.9615,1.0,1.0,5.0,5.0,0.0,0.0,854.04,7.0,4,3,4,1,11,3,0,1,9,3,2
889,28.43,136.22,6,25715.625,0.8158,0.8929374999999999,1.0,1.0,6.0,6.0,0.0,0.0,858.63,7.18,4,3,9,1,11,3,0,0,9,3,2
856,13.0,121.31,5,25715.625,0.3088,0.8929374999999999,0.4202,1.0,6.0,5.0,0.0,0.0,858.63,7.38,5,3,14,1,11,3,0,0,9,3,0
1050,28.43,166.38,5,25715.625,0.7889,0.8929374999999999,1.0,1.0,5.0,5.0,0.0,0.0,869.91,7.8,5,3,23,1,11,3,0,1,9,3,0
875,25.31,117.76,4,26750.0,0.669,0.9288,0.7203,1.0,4.0,4.0,0.0,0.0,889.36,8.15,6,3,8,2,11,3,0,0,9,3,0
933,28.47,127.86,2,26269.0,0.8407,0.9121,0.9217,1.0,2.0,2.0,0.0,0.0,889.36,8.55,6,3,17,2,11,3,0,0,9,3,0
1028,21.45,142.78,3,25920.0,0.5861,0.9,0.6512,1.0,3.0,3.0,0.0,0.0,922.29,9.0,5,3,4,3,11,3,0,1,9,3,0
1050,42.98,131.25,2,28800.0,1.0,1.0,1.0,1.0,2.0,2.0,0.0,0.0,922.29,9.16,5,3,8,3,11,3,0,0,9,3,0
982,17.13,122.75,5,28800.0,0.4869,1.0,0.4869,1.0,5.0,5.0,0.0,0.0,922.29,9.51,4,3,17,3,11,3,0,0,9,3,1
914,17.11,114.25,3,28800.0,0.4354,1.0,0.4354,1.0,3.0,3.0,0.0,0.0,922.29,9.92,4,3,2,4,11,3,0,1,9,3,1
1006,22.15,146.37,4,25715.625,0.6239,0.8929374999999999,0.7262,1.0,4.0,4.0,0.0,0.0,922.29,10.15,4,3,8,4,11,3,0,0,9,3,1
1048,25.04,151.53,4,25715.625,0.7019,0.8929374999999999,0.8119,1.0,4.0,4.0,0.0,0.0,931.27,10.52,5,3,17,4,11,3,0,0,9,3,0
941,50.87,136.0,3,25715.625,0.8649,0.8929374999999999,1.0,1.0,3.0,3.0,0.0,0.0,931.27,10.77,5,4,23,4,11,3,0,1,9,3,0
869,23.22,114.34,2,27361.0,0.6263,0.95,0.6593,1.0,2.0,2.0,0.0,0.0,966.87,0.47,5,4,10,5,11,3,1,0,9,3,0
905,9.08,118.23,2,27556.0,0.257,0.9568,0.2686,1.0,2.0,2.0,0.0,0.0,966.87,0.61,5,4,14,5,11,3,1,0,9,3,3
1034,45.13,137.09,1,27152.0,0.9428,0.9428,1.0,1.0,1.0,1.0,0.0,0.0,966.87,0.98,5,4,23,5,11,3,1,1,9,3,3
946,31.72,122.03,2,27907.0,0.7926,0.969,0.818,1.0,2.0,2.0,0.0,0.0,966.87,1.44,5,4,10,6,11,3,1,0,9,3,3
934,15.59,119.12,1,28226.0,0.1969,0.9801,0.4017,1.0,2.0,1.0,0.0,0.0,993.58,1.85,6,4,20,6,11,3,1,0,9,3,3
918,30.18,122.05,4,27078.0,0.7097,0.9402,0.9435,1.0,5.0,4.0,0.0,0.0,993.58,2.52,5,4,12,0,12,3,0,0,9,3,3
917,9.87,127.48,3,25896.0,0.3095,0.8992,0.3442,1.0,3.0,3.0,0.0,0.0,993.58,2.74,6,4,17,0,12,3,0,0,9,3,0
1028,35.9,128.5,6,28800.0,0.953,1.0,0.953,1.0,6.0,6.0,0.0,0.0,1025.86,3.54,5,4,12,1,12,3,0,0,9,3,0
982,39.11,122.75,5,28800.0,1.0,1.0,1.0,1.0,5.0,5.0,0.0,0.0,1025.86,3.86,5,4,20,1,12,3,0,0,9,3,0
790,34.45,98.75,4,28800.0,0.7977,1.0,0.7977,1.0,5.0,5.0,0.0,0.0,1090.65,4.22,4,5,4,2,12,3,0,1,9,3,0
944,13.66,118.0,4,28800.0,0.337,1.0,0.337,1.0,4.0,4.0,0.0,0.0,1090.65,4.34,4,5,7,2,12,3,0,0,9,3,0
1050,45.83,131.25,5,28800.0,1.0,1.0,1.0,1.0,5.0,5.0,0.0,0.0,1090.65,4.87,4,5,20,2,12,3,0,0,9,3,0
823,10.29,102.88,5,28800.0,0.2826,1.0,0.2826,1.0,2.0,2.0,0.0,0.0,1090.65,5.19,4,5,4,3,12,3,0,1,9,3,0
921,19.77,115.12,5,28800.0,0.5261,1.0,0.5261,1.0,5.0,5.0,0.0,0.0,1090.65,5.43,4,5,9,3,12,3,0,0,9,3,0
997,38.88,124.62,6,28800.0,1.0,1.0,1.0,1.0,6.0,6.0,0.0,0.0,1090.65,5.62,4,5,14,3,12,3,0,0,9,3,0
969,33.39,121.12,2,28800.0,0.8438,1.0,0.8438,1.0,5.0,5.0,0.0,0.0,1090.65,6.23,4,5,5,4,12,3,0,1,9,3,3
869,34.95,111.13,5,28150.0,0.7427,0.9774,0.9119,1.0,6.0,5.0,0.0,0.0,1090.65,6.58,3,5,13,4,12,3,0,0,9,3,3
847,17.61,110.93,5,27488.0,0.4058,0.9544,0.4252,1.0,5.0,5.0,0.0,0.0,1090.65,6.63,3,5,14,4,12,3,0,0,9,3,3
1050,39.3,136.38,5,27717.0,0.9624,0.9624,1.0,1.0,5.0,5.0,0.0,0.0,1201.35,7.18,4,5,4,5,12,3,1,1,9,3,0
1050,42.14,131.25,5,28800.0,1.0,1.0,1.0,1.0,5.0,5.0,0.0,0.0,1201.35,7.52,3,5,12,5,12,3,1,0,9,3,0
827,29.02,103.38,3,28800.0,0.7506,1.0,0.7506,1.0,3.0,3.0,0.0,0.0,1201.35,7.82,3,5,19,5,12,3,1,0,9,3,0
972,21.03,121.5,5,28800.0,0.6615,1.0,0.6615,1.0,5.0,5.0,0.0,0.0,1201.35,7.94,3,5,22,5,12,3,1,1,9,3,0
919,20.8,114.88,6,28800.0,0.6175,1.0,0.6175,1.0,6.0,6.0,0.0,0.0,1201.35,8.5,3,5,11,6,12,3,1,0,9,3,0
942,28.43,117.75,3,28800.0,0.8776,1.0,0.8776,1.0,3.0,3.0,0.0,0.0,1201.35,8.72,2,5,16,6,12,3,1,0,9,3,0
874,39.46,109.25,4,28800.0,1.0,1.0,1.0,1.0,5.0,5.0,0.0,0.0,1201.35,9.13,2,5,2,0,13,3,0,1,9,3,0
1050,42.96,131.25,2,28800.0,0.6667,1.0,1.0,1.0,3.0,2.0,0.0,0.0,1201.35,9.42,2,5,9,0,13,3,0,0,9,3,0
991,38.9,123.88,5,28800.0,1.0,1.0,1.0,1.0,5.0,5.0,0.0,0.0,1201.35,9.73,1,5,17,0,13,3,0,0,9,3,0
998,31.14,124.75,5,28800.0,0.9765,1.0,0.9765,1.0,4.0,3.0,0.0,0.0,1201.35,10.05,1,5,0,1,13,3,0,1,9,3,0
985,12.93,123.12,2,28800.0,0.3786,1.0,0.3786,1.0,2.0,2.0,0.0,0.0,1201.35,10.45,1,5,10,1,13,3,0,0,9,3,0
971,21.18,121.38,4,28800.0,0.6001,1.0,0.6001,1.0,4.0,4.0,0.0,0.0,1201.35,10.89,1,5,20,1,13,3,0,0,9,3,3
1050,26.39,131.25,3,28800.0,0.6109,1.0,0.8145,1.0,3.0,3.0,0.0,0.0,1201.35,11.08,1,5,1,2,13,3,0,1,9,3,3
965,15.64,127.6,5,27225.0,0.3702,0.9453,0.47,1.0,6.0,5.0,0.0,0.0,1201.35,11.56,2,5,13,2,13,3,0,0,9,3,2
888,26.52,114.82,6,27843.0,0.7132,0.9668,0.7377,1.0,6.0,6.0,0.0,0.0,1216.94,11.79,2,5,18,2,13,3,0,0,9,3,2
983,27.11,128.42,3,27556.0,0.7649,0.9568,0.7994,1.0,3.0,3.0,0.0,0.0,1216.94,12.01,2,5,23,2,13,3,0,1,9,3,2
1050,16.08,145.16,4,26041.0,0.4812,0.9042,0.5322,1.0,4.0,4.0,0.0,0.0,1226.28,12.58,3,5,13,3,13,3,0,0,9,3,0
1050,11.67,145.01,5,26068.0,0.2858,0.9051,0.379,1.0,6.0,5.0,0.0,0.0,1226.28,12.73,3,5,17,3,13,3,0,0,9,3,0
1025,28.51,140.75,2,26217.0,0.7755,0.9103,0.8519,1.0,2.0,2.0,0.0,0.0,1246.47,13.23,4,6,5,4,13,3,0,1,9,3,0
1050,41.53,158.3,4,25715.625,0.8291,0.8929374999999999,1.0,1.0,4.0,4.0,0.0,0.0,1246.47,13.55,4,6,12,4,13,3,0,0,9,3,0
1050,19.03,148.91,3,25715.625,0.5272,0.8929374999999999,0.5981,1.0,3.0,3.0,0.0,0.0,1246.47,13.82,4,7,19,4,13,3,0,0,9,3,0
894,40.71,130.77,2,25715.625,0.8545,0.8929374999999999,1.0,1.0,2.0,2.0,0.0,0.0,1246.47,13.94,3,7,22,4,13,3,0,1,9,3,0
934,32.11,116.75,5,28800.0,0.9797,1.0,0.9797,1.0,5.0,5.0,0.0,0.0,1370.45,0.52,3,6,12,5,13,3,1,0,9,3,0
904,50.81,113.0,4,28800.0,1.0,1.0,1.0,1.0,4.0,4.0,0.0,0.0,1370.45,0.74,3,6,17,5,13,3,1,0,9,3,0
788,39.91,98.5,2,28800.0,1.0,1.0,1.0,1.0,6.0,5.0,0.0,0.0,1370.45,1.04,3,6,0,6,13,3,1,1,9,3,0
981,14.01,122.62,3,28800.0,0.4173,1.0,0.4173,1.0,3.0,3.0,0.0,0.0,1370.45,1.33,3,6,7,6,13,3,1,0,9,3,0
1050,30.28,131.25,4,28800.0,0.8316,1.0,0.8316,1.0,4.0,4.0,0.0,0.0,1370.45,1.82,3,6,19,6,13,3,1,0,9,3,0
900,41.31,112.5,5,28800.0,0.8333,1.0,1.0,1.0,6.0,6.0,0.0,0.0,1370.45,2.2,3,6,4,0,14,3,0,1,9,3,0
971,14.72,121.38,4,28800.0,0.4127,1.0,0.4127,1.0,4.0,4.0,0.0,0.0,1370.45,2.35,3,6,8,0,14,3,0,0,9,3,0
1050,12.87,131.25,4,28800.0,0.3799,1.0,0.3799,1.0,4.0,4.0,0.0,0.0,1370.45,2.69,3,6,16,0,14,3,0,0,9,3,0
995,27.61,124.38,6,28800.0,0.882,1.0,0.882,1.0,3.0,3.0,0.0,0.0,1370.45,3.09,3,6,1,1,14,3,0,1,9,3,0
1048,10.94,131.0,3,28800.0,0.3224,1.0,0.3224,1.0,3.0,3.0,0.0,0.0,1370.45,3.27,3,6,6,1,14,3,0,0,9,3,0
973,20.4,121.62,4,28800.0,0.6419,1.0,0.6419,1.0,4.0,4.0,0.0,0.0,1370.45,3.74,3,6,17,1,14,3,0,0,9,3,0
1026,21.83,128.25,3,28800.0,0.5921,1.0,0.5921,1.0,4.0,4.0,0.0,0.0,1370.45,4.05,3,5,0,2,14,4,0,1,9,3,0
869,16.86,108.62,3,28800.0,0.4043,1.0,0.4043,1.0,3.0,3.0,0.0,0.0,1370.45,4.4,3,5,9,2,14,4,0,0,9,3,1
911,21.24,113.88,3,28800.0,0.4645,1.0,0.6194,1.0,4.0,3.0,0.0,0.0,1370.45,4.91,2,5,21,2,14,4,0,0,9,3,1
1050,32.66,131.25,4,28800.0,1.0,1.0,1.0,1.0,4.0,4.0,0.0,0.0,1370.45,5.0,2,5,23,2,14,4,0,1,9,3,1
780,37.42,125.73,6,25715.625,0.7755,0.8929374999999999,1.0,1.0,6.0,6.0,0.0,0.0,1375.95,5.41,2,4,9,3,14,4,0,0,9,3,3
928,25.47,151.0,6,25715.625,0.6693,0.8929374999999999,0.8712,1.0,6.0,6.0,0.0,0.0,1484.68,5.69,3,4,16,3,14,4,0,0,9,3,0
1044,18.93,150.79,4,25715.625,0.5854,0.8929374999999999,0.6765,1.0,4.0,4.0,0.0,0.0,1484.68,6.07,2,4,1,4,14,4,0,1,9,3,0
976,9.56,122.0,6,28800.0,0.3145,1.0,0.3145,1.0,6.0,6.0,0.0,0.0,1484.68,6.53,2,4,12,4,14,4,0,0,9,3,0
940,51.99,117.5,4,28800.0,0.8,1.0,1.0,1.0,5.0,4.0,0.0,0.0,1484.68,6.61,2,4,14,4,14,4,0,0,9,3,0
1033,19.21,129.12,4,28800.0,0.6485,1.0,0.6485,1.0,1.0,0.0,0.0,0.0,1484.68,7.06,2,4,1,5,14,4,1,1,9,3,0
979,36.64,122.38,4,28800.0,1.0,1.0,1.0,1.0,4.0,4.0,0.0,0.0,1484.68,7.46,2,4,10,5,14,4,1,0,9,3,0
1050,17.53,131.25,6,28800.0,0.5753,1.0,0.5753,1.0,6.0,6.0,0.0,0.0,1484.68,7.91,2,4,21,5,14,4,1,0,9,3,0
998,27.87,124.75,0,28800.0,0.0,1.0,0.9315,1.0,4.0,4.0,0.0,0.0,1484.68,8.07,2,4,1,6,14,4,1,1,9,3,0
1050,11.38,131.25,5,28800.0,0.3602,1.0,0.3602,1.0,5.0,5.0,0.0,0.0,1484.68,8.27,2,4,6,6,14,4,1,0,9,3,0
1001,14.06,125.12,3,28800.0,0.3452,1.0,0.4602,1.0,4.0,3.0,0.0,0.0,1484.68,8.75,2,4,17,6,14,4,1,0,9,3,0
964,17.29,120.5,2,28800.0,0.5566,1.0,0.5566,1.0,2.0,2.0,0.0,0.0,1484.68,9.34,2,4,7,0,15,4,0,0,9,3,3
1050,11.32,131.25,5,28800.0,0.2883,1.0,0.346,1.0,6.0,5.0,0.0,0.0,1484.68,9.71,2,4,16,0,15,4,0,0,9,3,3
780,44.89,115.0,5,25715.625,0.8478,0.8929374999999999,1.0,1.0,5.0,5.0,0.0,0.0,1558.49,10.38,3,4,8,1,15,4,0,0,9,3,0
867,40.36,123.74,3,25715.625,0.8758,0.8929374999999999,1.0,1.0,3.0,3.0,0.0,0.0,1558.49,10.61,3,4,14,1,15,4,0,0,9,3,0
1003,40.73,141.36,5,25715.625,0.8869,0.8929374999999999,1.0,1.0,5.0,5.0,0.0,0.0,1558.49,11.05,3,4,0,2,15,4,0,1,9,3,0
894,13.89,111.75,3,28800.0,0.2512,1.0,0.3349,1.0,4.0,3.0,0.0,0.0,1558.49,11.56,3,4,13,2,15,4,0,0,9,3,0
889,10.88,111.12,3,28800.0,0.3016,1.0,0.3016,1.0,3.0,3.0,0.0,0.0,1558.49,11.75,3,4,17,2,15,4,0,0,9,3,0
1013,31.04,126.62,5,28800.0,0.8822,1.0,0.8822,1.0,6.0,6.0,0.0,0.0,1558.49,12.15,3,4,3,3,15,4,0,1,9,3,0
1050,32.92,131.25,4,28800.0,0.9293,1.0,0.9293,1.0,4.0,4.0,0.0,0.0,1558.49,12.35,2,4,8,3,15,4,0,0,9,3,3
1050,12.03,131.25,3,28800.0,0.3409,1.0,0.3409,1.0,3.0,3.0,0.0,0.0,1558.49,12.62,1,4,14,3,15,4,0,0,9,3,3
1020,12.32,127.5,6,28800.0,0.3375,1.0,0.3375,1.0,6.0,6.0,0.0,0.0,1558.49,13.0,1,4,23,3,15,4,0,1,9,3,3
997,31.99,128.79,6,27869.0,0.9677,0.9677,1.0,1.0,6.0,6.0,0.0,0.0,1599.11,13.48,2,4,11,4,15,4,0,0,9,3,0
886,35.1,114.97,6,27744.0,0.8398,0.9633,0.8718,1.0,6.0,6.0,0.0,0.0,1599.11,13.81,2,4,19,4,15,4,0,0,9,3,0
1003,19.43,127.25,1,28376.0,0.2854,0.9853,0.5793,1.0,6.0,6.0,0.0,0.0,1599.11,14.17,2,4,3,5,15,4,1,1,9,3,0
996,9.37,157.8,4,25715.625,0.278,0.8929374999999999,0.3524,1.0,4.0,4.0,0.0,0.0,1599.11,14.54,2,4,12,5,15,4,1,0,9,3,0
995,28.38,148.87,5,25715.625,0.8355,0.8929374999999999,1.0,1.0,5.0,5.0,0.0,0.0,1599.11,14.83,2,4,19,5,15,4,1,0,9,3,0
931,16.55,133.31,6,25715.625,0.5188,0.8929374999999999,0.5943,1.0,4.0,4.0,0.0,0.0,1754.03,0.01,2,5,3,6,15,4,1,1,9,3,0
852,29.17,106.5,3,28800.0,0.7526,1.0,0.7526,1.0,3.0,3.0,0.0,0.0,1754.03,0.37,2,5,12,6,15,4,1,0,9,3,0
970,27.51,121.25,2,28800.0,0.7194,1.0,0.7194,1.0,2.0,2.0,0.0,0.0,1754.03,0.65,2,5,18,6,15,4,1,0,9,3,0
745,43.31,93.12,4,28800.0,0.9701,1.0,0.9701,1.0,4.0,4.0,0.0,0.0,1754.03,0.87,2,4,0,0,16,4,0,1,9,3,0
958,27.04,119.75,3,28800.0,0.6995,1.0,0.6995,1.0,3.0,3.0,0.0,0.0,1754.03,1.22,2,4,8,0,16,4,0,0,9,3,0
987,46.38,123.38,6,28800.0,1.0,1.0,1.0,1.0,6.0,6.0,0.0,0.0,1754.03,1.47,2,4,14,0,16,4,0,0,9,3,0
974,23.21,121.75,4,28800.0,0.481,1.0,0.6013,1.0,5.0,4.0,0.0,0.0,1754.03,2.42,1,4,13,1,16,4,0,0,9,3,0
1050,26.09,131.25,4,28800.0,0.8356,1.0,0.8356,1.0,4.0,4.0,0.0,0.0,1754.03,2.69,1,4,19,1,16,4,0,0,9,3,0
1039,12.96,129.88,3,28800.0,0.3976,1.0,0.3976,1.0,3.0,3.0,0.0,0.0,1754.03,3.0,1,4,3,2,16,4,0,1,9,3,0
977,41.63,122.12,4,28800.0,1.0,1.0,1.0,1.0,4.0,4.0,0.0,0.0,1754.03,3.36,1,4,11,2,16,4,0,0,9,3,0
1005,11.62,125.62,4,28800.0,0.3005,1.0,0.3005,1.0,4.0,4.0,0.0,0.0,1754.03,3.76,1,4,21,2,16,4,0,0,9,3,0
929,14.02,116.12,3,28800.0,0.3461,1.0,0.3461,1.0,6.0,6.0,0.0,0.0,1754.03,3.93,1,4,1,3,16,4,0,1,9,3,0
1000,29.26,125.0,4,28800.0,0.9743,1.0,0.9743,1.0,4.0,4.0,0.0,0.0,1754.03,4.33,1,4,11,3,16,4,0,0,9,3,0
959,15.08,119.88,6,28800.0,0.4975,1.0,0.4975,1.0,6.0,6.0,0.0,0.0,1754.03,4.55,1,4,16,3,16,4,0,0,9,3,0
854,41.18,106.75,6,28800.0,1.0,1.0,1.0,1.0,3.0,3.0,0.0,0.0,1754.03,4.94,1,4,1,4,16,4,0,1,9,3,0
788,13.76,98.5,5,28800.0,0.2878,1.0,0.2878,1.0,5.0,5.0,0.0,0.0,1754.03,5.15,0,3,6,4,16,4,0,0,9,3,0
825,19.57,103.12,4,28800.0,0.4526,1.0,0.4526,1.0,4.0,4.0,0.0,0.0,1754.03,5.72,0,3,20,4,16,4,0,0,9,3,3
830,33.94,103.75,3,28800.0,0.9623,1.0,0.9623,1.0,3.0,3.0,0.0,0.0,1754.03,5.85,0,3,23,4,16,4,0,1,9,3,3
986,44.89,141.94,5,25715.625,0.8683,0.8929374999999999,1.0,1.0,5.0,5.0,0.0,0.0,1754.03,6.4,0,3,12,5,16,4,1,0,9,3,3
846,25.57,123.05,2,25715.625,0.7356,0.8929374999999999,0.8559,1.0,2.0,2.0,0.0,0.0,1754.03,6.49,1,3,15,5,16,4,1,0,9,3,0
962,50.21,138.38,3,25715.625,0.6518,0.8929374999999999,1.0,1.0,4.0,4.0,0.0,0.0,1785.69,6.97,2,3,2,6,16,4,1,1,9,3,2
722,33.4,90.25,2,28800.0,0.8135,1.0,0.8135,1.0,2.0,2.0,0.0,0.0,1785.69,7.2,2,3,8,6,16,4,1,0,9,3,2
960,38.36,120.0,4,28800.0,1.0,1.0,1.0,1.0,6.0,6.0,0.0,0.0,1785.69,8.08,3,3,5,0,17,4,0,1,9,3,0
1012,48.72,126.5,4,28800.0,0.8,1.0,1.0,1.0,5.0,4.0,0.0,0.0,1818.12,8.43,3,3,13,0,17,4,0,0,9,3,0
1015,41.01,126.88,3,28800.0,1.0,1.0,1.0,1.0,3.0,3.0,0.0,0.0,1818.12,8.55,3,3,16,0,17,4,0,0,9,3,0
970,22.8,121.25,6,28800.0,0.6638,1.0,0.6638,1.0,3.0,2.0,0.0,0.0,1818.12,9.05,3,3,4,1,17,4,0,1,9,3,0
1006,11.05,125.75,5,28800.0,0.2472,1.0,0.2966,1.0,6.0,5.0,0.0,0.0,1818.12,9.2,3,3,8,1,17,4,0,0,9,3,0
974,40.23,121.75,4,28800.0,1.0,1.0,1.0,1.0,4.0,4.0,0.0,0.0,1818.12,9.48,3,3,14,1,17,4,0,0,9,3,0
954,13.58,119.25,2,28800.0,0.2672,1.0,0.4008,1.0,5.0,5.0,0.0,0.0,1855.37,10.0,3,4,3,2,17,4,0,1,9,3,0
930,33.39,116.25,6,28800.0,0.9516,1.0,0.9516,1.0,6.0,6.0,0.0,0.0,1855.37,10.42,3,4,13,2,17,4,0,0,9,3,0
832,35.98,104.0,5,28800.0,1.0,1.0,1.0,1.0,5.0,5.0,0.0,0.0,1855.37,10.65,3,4,18,2,17,4,0,0,9,3,0
904,11.41,113.0,5,28800.0,0.2706,1.0,0.2706,1.0,6.0,6.0,0.0,0.0,1855.37,11.01,3,4,3,3,17,4,0,1,9,3,0
919,39.06,165.18,4,25715.625,0.5564,0.8929374999999999,1.0,1.0,5.0,4.0,0.0,0.0,1855.37,11.31,3,5,10,3,17,4,0,0,9,3,0
721,29.04,111.16,5,25715.625,0.4956,0.8929374999999999,0.7336,1.0,6.0,5.0,0.0,0.0,1888.8,0.18,3,5,18,3,17,4,0,0,9,3,0
924,19.81,145.43,6,25715.625,0.5114,0.8929374999999999,0.6439,1.0,3.0,3.0,0.0,0.0,1888.8,0.59,3,5,4,4,17,4,0,1,9,3,0
863,29.51,128.84,3,25715.625,0.6961,0.8929374999999999,0.8314,1.0,3.0,3.0,0.0,0.0,1888.8,0.79,3,5,8,4,17,4,0,0,9,3,0
986,16.31,145.12,6,25715.625,0.4917,0.8929374999999999,0.5789,1.0,6.0,6.0,0.0,0.0,1888.8,1.23,3,5,19,4,17,4,0,0,9,3,0
1034,10.2,153.89,3,25715.625,0.3655,0.8929374999999999,0.4352,1.0,3.0,3.0,0.0,0.0,1931.83,0.01,3,6,4,5,17,4,1,1,9,3,0
762,10.63,95.25,3,28800.0,0.2572,1.0,0.2572,1.0,3.0,3.0,0.0,0.0,1931.83,0.11,3,6,6,5,17,4,1,0,9,3,0
720,17.92,90.0,2,28800.0,0.4338,1.0,0.4338,1.0,2.0,2.0,0.0,0.0,1931.83,0.54,2,6,16,5,17,4,1,0,9,3,0
952,29.66,119.0,3,28800.0,0.878,1.0,0.878,1.0,3.0,3.0,0.0,0.0,1931.83,1.08,1,5,5,6,17,4,1,1,9,3,3
969,34.59,135.57,5,25732.0,0.8935,0.8935,1.0,1.0,5.0,5.0,0.0,0.0,1931.83,1.48,1,5,15,6,17,4,1,0,9,3,3
1035,43.0,141.66,3,26302.0,0.9133,0.9133,1.0,1.0,4.0,4.0,0.0,0.0,1931.83,1.85,2,4,0,0,18,4,0,1,9,3,0
1036,24.28,131.84,2,28289.0,0.7742,0.9823,0.7881,1.0,2.0,2.0,0.0,0.0,1993.0,0.03,1,5,6,0,18,4,0,0,9,3,0
1050,21.43,133.8,4,28252.0,0.669,0.981,0.682,1.0,4.0,4.0,0.0,0.0,1993.0,0.54,1,5,19,0,18,4,0,0,9,3,0
959,27.58,119.88,2,28800.0,0.8208,1.0,0.8208,1.0,2.0,2.0,0.0,0.0,1993.0,1.24,1,5,11,1,18,4,0,0,9,3,0
941,9.5,117.62,6,28800.0,0.283,1.0,0.283,1.0,6.0,6.0,0.0,0.0,1993.0,1.54,1,5,19,1,18,4,0,0,9,3,3
963,13.29,120.38,4,28800.0,0.3658,1.0,0.3658,1.0,7.0,7.0,0.0,0.0,1993.0,1.79,1,5,1,2,18,4,0,1,9,3,3
764,32.42,99.04,3,27770.0,0.655,0.9642,0.6793,1.0,3.0,3.0,0.0,0.0,1993.0,2.27,1,5,12,2,18,4,0,0,9,3,3
896,40.09,116.51,2,27685.0,0.9613,0.9613,1.0,1.0,2.0,2.0,0.0,0.0,1993.0,2.36,2,5,14,2,18,4,0,0,9,3,1
1049,26.71,135.49,7,27873.0,0.9055,0.9678,0.9356,1.0,3.0,3.0,0.0,0.0,2009.03,2.82,2,5,1,3,18,4,0,1,9,3,1
1002,14.2,134.04,4,26911.0,0.367,0.9344,0.3928,1.0,4.0,4.0,0.0,0.0,2009.03,3.04,2,5,7,3,18,4,0,0,9,3,1
1050,22.71,137.37,5,27516.0,0.8119,0.9554,0.8498,1.0,5.0,5.0,0.0,0.0,2089.52,3.63,3,5,21,3,18,4,0,0,9,3,0
946,34.57,125.21,3,27200.0,0.9444,0.9444,1.0,1.0,5.0,5.0,0.0,0.0,2089.52,3.78,3,5,0,4,18,5,0,1,9,3,0
1024,22.81,128.0,3,28800.0,0.757,1.0,0.757,1.0,3.0,3.0,0.0,0.0,2089.52,4.31,3,5,13,4,18,5,0,0,9,3,0
980,23.93,122.5,5,28800.0,0.7078,1.0,0.7078,1.0,5.0,5.0,0.0,0.0,2089.52,4.61,3,5,20,4,18,5,0,0,9,3,0
1050,10.78,131.25,5,28800.0,0.3059,1.0,0.3059,1.0,5.0,5.0,0.0,0.0,2089.52,4.67,3,5,22,4,18,5,0,1,9,3,0
901,35.39,112.62,3,28800.0,0.9511,1.0,0.9511,1.0,3.0,3.0,0.0,0.0,2089.52,5.31,3,5,13,5,18,5,1,0,9,3,0
933,10.46,116.62,2,28800.0,0.3372,1.0,0.3372,1.0,2.0,2.0,0.0,0.0,2089.52,5.57,3,5,19,5,18,5,1,0,9,3,0
919,31.81,114.88,3,28800.0,0.7563,1.0,0.7563,1.0,1.0,1.0,0.0,0.0,2089.52,5.81,3,5,1,6,18,5,1,1,9,3,0
970,37.46,126.36,6,27635.0,0.9595,0.9595,1.0,1.0,6.0,6.0,0.0,0.0,2089.52,6.24,3,5,11,6,18,5,1,0,9,3,0
972,51.45,126.14,4,27741.0,0.7706,0.9632,1.0,1.0,5.0,4.0,0.0,0.0,2149.56,6.53,4,5,18,6,18,5,1,0,9,3,0
795,21.33,103.27,1,27715.0,0.5173,0.9623,0.5376,1.0,2.0,1.0,0.0,0.0,2149.56,6.75,3,5,0,0,19,5,0,1,9,3,0
1050,18.06,131.25,3,28800.0,0.5921,1.0,0.5921,1.0,3.0,3.0,0.0,0.0,2149.56,7.16,3,5,9,0,19,5,0,0,9,3,0
1048,10.39,131.0,2,28800.0,0.3577,1.0,0.3577,1.0,2.0,2.0,0.0,0.0,2149.56,7.54,3,5,19,0,19,5,0,0,9,3,0
1050,24.57,131.25,1,28800.0,0.3782,1.0,0.7565,1.0,5.0,5.0,0.0,0.0,2149.56,7.98,3,5,5,1,19,5,0,1,9,3,0
863,14.08,107.88,4,28800.0,0.2958,1.0,0.3698,1.0,5.0,4.0,0.0,0.0,2149.56,8.15,3,5,9,1,19,5,0,0,9,3,3
1001,23.81,125.12,5,28800.0,0.6343,1.0,0.6343,1.0,5.0,5.0,0.0,0.0,2149.56,8.55,3,5,19,1,19,5,0,0,9,3,3
975,33.63,121.88,5,28800.0,1.0,1.0,1.0,1.0,3.0,3.0,0.0,0.0,2149.56,8.86,3,5,2,2,19,5,0,1,9,3,3
912,45.41,147.44,4,25715.625,0.7732,0.8929374999999999,1.0,1.0,4.0,4.0,0.0,0.0,2149.56,9.09,4,5,8,2,19,5,0,0,9,3,3
1050,13.13,158.03,6,25715.625,0.4303,0.8929374999999999,0.518,1.0,6.0,6.0,0.0,0.0,2158.53,9.47,3,5,17,2,19,5,0,0,9,3,3
1050,36.92,162.82,3,25715.625,0.8061,0.8929374999999999,1.0,1.0,6.0,6.0,0.0,0.0,2186.43,9.85,4,5,2,3,19,5,0,1,9,3,1
1050,35.14,159.64,2,25715.625,0.8222,0.8929374999999999,1.0,1.0,2.0,2.0,0.0,0.0,2186.43,10.25,3,5,12,3,19,5,0,0,9,3,1
900,36.7,130.19,4,25715.625,0.8641,0.8929374999999999,1.0,1.0,4.0,4.0,0.0,0.0,2186.43,10.42,3,5,16,3,19,5,0,0,9,3,1
1015,22.15,154.17,6,25715.625,0.6062,0.8929374999999999,0.7366,1.0,5.0,5.0,0.0,0.0,2272.67,10.88,4,5,3,4,19,5,0,1,9,3,0
1043,15.74,130.38,6,28800.0,0.4487,1.0,0.4487,1.0,6.0,6.0,0.0,0.0,2272.67,11.0,4,5,6,4,19,5,0,0,9,3,0
1024,25.11,128.0,5,28800.0,0.7957,1.0,0.7957,1.0,5.0,5.0,0.0,0.0,2272.67,11.42,4,5,16,4,19,5,0,0,9,3,0
1018,18.29,127.25,5,28800.0,0.6041,1.0,0.6041,1.0,1.0,1.0,0.0,0.0,2272.67,11.87,4,5,2,5,19,5,1,1,9,3,0
817,22.74,102.12,4,28800.0,0.4931,1.0,0.6164,1.0,5.0,4.0,0.0,0.0,2272.67,12.29,4,5,13,5,19,5,1,0,9,3,0
910,25.39,113.75,3,28800.0,0.644,1.0,0.644,1.0,3.0,3.0,0.0,0.0,2272.67,12.52,4,5,18,5,19,5,1,0,9,3,0
930,26.95,116.25,1,28800.0,0.6652,1.0,0.6652,1.0,5.0,4.0,0.0,0.0,2272.67,12.84,4,5,2,6,19,5,1,1,9,3,0
783,29.89,97.88,6,28800.0,0.7243,1.0,0.7243,1.0,6.0,6.0,0.0,0.0,2272.67,13.06,4,5,7,6,19,5,1,0,9,3,0
951,37.12,118.88,4,28800.0,1.0,1.0,1.0,1.0,4.0,4.0,0.0,0.0,2272.67,13.65,3,5,21,6,19,5,1,0,9,3,3
1000,42.03,125.0,4,28800.0,0.8,1.0,1.0,1.0,5.0,4.0,0.0,0.0,2272.67,13.67,3,5,22,6,19,5,1,1,9,3,3
932,38.56,125.4,6,26756.0,0.929,0.929,1.0,1.0,6.0,6.0,0.0,0.0,2272.67,14.17,3,5,10,0,20,5,0,0,9,3,3
966,40.2,126.23,4,27550.0,0.9566,0.9566,1.0,1.0,4.0,4.0,0.0,0.0,2327.2,14.65,4,5,21,0,20,5,0,0,9,3,0
904,46.18,120.76,2,26950.0,0.6239,0.9358,1.0,1.0,5.0,4.0,0.0,0.0,2327.2,14.85,4,4,2,1,20,5,0,1,9,3,0
1050,38.28,131.25,4,28800.0,1.0,1.0,1.0,1.0,4.0,4.0,0.0,0.0,2327.2,15.06,4,4,7,1,20,5,0,0,9,3,0
1017,26.72,127.12,3,28800.0,0.6298,1.0,0.8397,1.0,4.0,3.0,0.0,0.0,2327.2,15.36,4,4,14,1,20,5,0,0,9,3,0
1029,26.68,128.62,4,28800.0,0.6151,1.0,0.7689,1.0,4.0,3.0,0.0,0.0,2327.2,15.86,4,4,2,2,20,5,0,1,9,3,3
950,24.67,118.75,2,28800.0,0.8009,1.0,0.8009,1.0,2.0,2.0,0.0,0.0,2327.2,16.21,3,4,11,2,20,5,0,0,9,3,3
937,46.18,117.12,4,28800.0,1.0,1.0,1.0,1.0,4.0,4.0,0.0,0.0,2327.2,16.34,3,4,14,2,20,5,0,0,9,3,3
975,19.2,121.88,3,28800.0,0.3872,1.0,0.5163,1.0,4.0,4.0,0.0,0.0,2369.83,16.97,3,4,5,3,20,5,0,1,9,3,0
922,32.49,128.35,2,25861.0,0.898,0.898,1.0,1.0,2.0,2.0,0.0,0.0,2369.83,17.04,3,4,7,3,20,5,0,0,9,3,0
879,38.47,130.74,4,25715.625,0.8404,0.8929374999999999,1.0,1.0,4.0,4.0,0.0,0.0,2369.83,17.42,3,4,16,3,20,5,0,0,9,3,0
875,14.24,125.19,4,25715.625,0.4102,0.8929374999999999,0.4695,1.0,5.0,5.0,0.0,0.0,2369.83,17.81,2,4,1,4,20,5,0,1,9,3,0
990,41.93,172.42,3,25715.625,0.7177,0.8929374999999999,1.0,1.0,3.0,3.0,0.0,0.0,2369.83,18.24,2,4,11,4,20,5,0,0,9,3,0
1050,38.46,173.66124,5,25715.625,0.7139,0.8929374999999999,1.0,1.0,5.0,5.0,0.0,0.0,2369.83,18.54,2,4,19,4,20,5,0,0,9,3,0
1005,17.9,158.57,5,25715.625,0.6002,0.8929374999999999,0.7576,1.0,7.0,7.0,0.0,0.0,2479.42,0.04,2,5,4,5,20,5,1,1,9,3,0
1027,14.53,128.38,6,28800.0,0.4604,1.0,0.4604,1.0,6.0,6.0,0.0,0.0,2479.42,0.3,2,5,10,5,20,5,1,0,9,3,0
981,31.74,122.62,4,28800.0,0.8192,1.0,0.8192,1.0,4.0,4.0,0.0,0.0,2479.42,0.46,2,5,14,5,20,5,1,0,9,3,0
959,42.98,119.88,7,28800.0,1.0,1.0,1.0,1.0,5.0,5.0,0.0,0.0,2479.42,1.05,2,5,4,6,20,5,1,1,9,3,0
810,34.46,101.25,2,28800.0,0.7692,1.0,0.7692,1.0,2.0,2.0,0.0,0.0,2479.42,1.55,2,5,16,6,20,5,1,0,9,3,0
1050,49.78,131.25,5,28800.0,1.0,1.0,1.0,1.0,5.0,5.0,0.0,0.0,2479.42,1.8,2,5,23,6,20,5,1,1,9,3,0
944,8.92,118.0,3,28800.0,0.2743,1.0,0.2743,1.0,3.0,3.0,0.0,0.0,2479.42,2.32,2,5,11,0,21,5,0,0,9,3,0
879,34.5,109.88,3,28800.0,0.89,1.0,0.89,1.0,3.0,3.0,0.0,0.0,2479.42,2.47,2,5,14,0,21,5,0,0,9,3,0
1050,33.82,131.25,4,28800.0,1.0,1.0,1.0,1.0,6.0,5.0,0.0,0.0,2479.42,2.98,1,5,3,1,21,5,0,1,9,3,0
960,25.92,120.0,3,28800.0,0.777,1.0,0.777,1.0,3.0,3.0,0.0,0.0,2479.42,3.3,1,5,10,1,21,5,0,0,9,3,0
879,27.06,109.88,2,28800.0,0.7697,1.0,0.7697,1.0,2.0,2.0,0.0,0.0,2479.42,3.59,1,5,17,1,21,5,0,0,9,3,1
1011,32.09,126.38,5,28800.0,0.8333,1.0,1.0,1.0,3.0,3.0,0.0,0.0,2479.42,3.94,1,5,2,2,21,5,0,1,9,3,1
1034,41.67,156.67,2,25715.625,0.825,0.8929374999999999,1.0,1.0,2.0,2.0,0.0,0.0,2479.42,4.21,1,5,8,2,21,5,0,0,9,3,1
809,24.62,119.18,4,25715.625,0.5727,0.8929374999999999,0.675,1.0,4.0,4.0,0.0,0.0,2610.62,4.73,2,5,21,2,21,5,0,0,9,3,0
1050,47.75,167.74,3,25715.625,0.7825,0.8929374999999999,1.0,1.0,3.0,2.0,0.0,0.0,2610.62,4.99,1,5,3,3,21,5,0,1,9,3,0
921,24.75,115.12,4,28800.0,0.5595,1.0,0.6994,1.0,5.0,4.0,0.0,0.0,2610.62,5.32,1,5,11,3,21,5,0,0,9,3,0
920,23.04,115.0,6,28800.0,0.6657,1.0,0.6657,1.0,6.0,6.0,0.0,0.0,2610.62,5.48,1,5,15,3,21,5,0,0,9,3,0
960,45.26,120.0,2,28800.0,0.6667,1.0,1.0,1.0,3.0,2.0,0.0,0.0,2610.62,5.99,1,4,3,4,21,5,0,1,9,3,0
818,22.52,102.25,3,28800.0,0.5516,1.0,0.5516,1.0,3.0,3.0,0.0,0.0,2610.62,6.37,1,4,12,4,21,5,0,0,9,3,0
939,23.63,117.38,6,28800.0,0.6902,1.0,0.6902,1.0,6.0,6.0,0.0,0.0,2610.62,6.45,1,4,14,4,21,5,0,0,9,3,0
1050,30.25,131.25,2,28800.0,0.6655,1.0,0.9982,1.0,3.0,2.0,0.0,0.0,2610.62,6.81,1,4,23,4,21,5,0,1,9,3,0
1015,9.68,126.88,3,28800.0,0.2437,1.0,0.3249,1.0,4.0,3.0,0.0,0.0,2610.62,7.16,1,4,7,5,21,5,1,0,9,3,0
1029,38.76,128.62,5,28800.0,1.0,1.0,1.0,1.0,1.0,1.0,0.0,0.0,2610.62,7.92,1,3,1,6,21,5,1,1,9,3,0
946,22.46,118.25,2,28800.0,0.5995,1.0,0.5995,1.0,2.0,2.0,0.0,0.0,2610.62,8.42,1,3,13,6,21,5,1,0,9,3,0
932,32.89,116.5,3,28800.0,0.5951,1.0,0.7935,1.0,4.0,3.0,0.0,0.0,2610.62,8.47,1,3,15,6,21,5,1,0,9,3,0
983,44.96,122.88,1,28800.0,1.0,1.0,1.0,1.0,6.0,6.0,0.0,0.0,2610.62,9.05,1,2,4,0,22,5,0,1,9,3,0
1050,40.07,131.25,5,28800.0,1.0,1.0,1.0,1.0,5.0,5.0,0.0,0.0,2610.62,9.31,1,2,11,0,22,5,0,0,9,3,2
934,23.92,116.75,6,28800.0,0.6152,1.0,0.6152,1.0,6.0,6.0,0.0,0.0,2610.62,9.52,1,2,16,0,22,5,0,0,9,3,2
1000,27.37,125.0,6,28800.0,0.8115,1.0,0.8115,1.0,1.0,1.0,0.0,0.0,2610.62,9.87,1,2,0,1,22,5,0,1,9,3,2
878,8.35,123.39,2,25715.625,0.249,0.8929374999999999,0.28,1.0,2.0,2.0,0.0,0.0,2610.62,10.13,1,2,6,1,22,5,0,0,9,3,2
1050,10.56,141.37,6,26738.0,0.3544,0.9284,0.3817,1.0,6.0,6.0,0.0,0.0,2668.87,10.47,2,2,15,1,22,5,0,0,9,3,0
937,38.92,130.53,1,25842.0,0.8973,0.8973,1.0,1.0,5.0,5.0,0.0,0.0,2668.87,10.93,2,2,2,2,22,5,0,1,9,3,0
835,22.85,104.38,2,28800.0,0.4398,1.0,0.6596,1.0,3.0,2.0,0.0,0.0,2668.87,11.21,2,1,8,2,22,5,0,0,9,3,0
959,11.77,119.88,5,28800.0,0.3716,1.0,0.3716,1.0,5.0,5.0,0.0,0.0,2668.87,11.72,1,1,21,2,22,5,0,0,9,3,1
952,34.38,119.0,5,28800.0,0.8713,1.0,0.8713,1.0,4.0,4.0,0.0,0.0,2668.87,11.85,1,1,0,3,22,5,0,1,9,3,1
884,39.92,115.42,5,27573.0,0.9574,0.9574,1.0,1.0,5.0,5.0,0.0,0.0,2668.87,12.12,1,1,6,3,22,5,0,0,9,3,1
1014,23.09,132.36,2,27579.0,0.745,0.9576,0.778,1.0,2.0,2.0,0.0,0.0,2668.87,12.57,1,1,17,3,22,5,0,0,9,3,1
1018,18.02,132.36,4,27689.0,0.5815,0.9614,0.6048,1.0,8.0,8.0,0.0,0.0,2732.36,13.02,2,1,4,4,22,5,0,1,9,3,0
1019,19.82,127.38,5,28800.0,0.5987,1.0,0.5987,1.0,5.0,5.0,0.0,0.0,2732.36,13.19,2,1,8,4,22,5,0,0,9,3,0
770,29.09,96.25,2,28800.0,0.7002,1.0,0.7002,1.0,2.0,2.0,0.0,0.0,2732.36,13.63,2,1,18,4,22,5,0,0,9,3,0
1014,25.19,126.75,8,28800.0,0.714,1.0,0.714,1.0,4.0,4.0,0.0,0.0,2732.36,13.98,2,1,3,5,22,5,1,1,9,3,0
887,34.59,110.88,5,28800.0,1.0,1.0,1.0,1.0,5.0,5.0,0.0,0.0,2732.36,14.32,2,1,11,5,22,5,1,0,9,3,0
1037,43.92,129.62,2,28800.0,0.6667,1.0,1.0,1.0,3.0,2.0,0.0,0.0,2732.36,14.49,2,1,15,5,22,5,1,0,9,3,1
964,19.74,120.5,4,28800.0,0.569,1.0,0.569,1.0,4.0,4.0,0.0,0.0,2732.36,14.89,2,1,0,6,22,5,1,1,9,3,1
1039,14.89,140.27,2,26666.0,0.4921,0.9259,0.5315,1.0,2.0,2.0,0.0,0.0,2732.36,15.14,2,1,7,6,22,5,1,0,9,3,1
921,28.49,121.51,1,27287.0,0.4218,0.9475,0.8904,1.0,2.0,1.0,0.0,0.0,2732.36,15.47,3,1,15,6,22,5,1,0,9,3,0
876,37.97,109.5,4,28800.0,0.7772,1.0,0.9715,1.0,5.0,4.0,0.0,0.0,2778.51,16.22,3,1,9,0,23,6,0,0,9,3,0
1050,16.7,131.25,6,28800.0,0.5265,1.0,0.5265,1.0,6.0,6.0,0.0,0.0,2778.51,16.62,3,1,18,0,23,6,0,0,9,3,3
897,42.99,112.12,6,28800.0,1.0,1.0,1.0,1.0,3.0,3.0,0.0,0.0,2778.51,17.02,3,1,4,1,23,6,0,1,9,3,3
1050,32.78,134.44,4,28116.0,0.9762,0.9762,1.0,1.0,4.0,4.0,0.0,0.0,2778.51,17.19,2,1,8,1,23,6,0,0,9,3,3
943,36.31,120.91,6,28077.0,0.9064,0.9749,0.9297,1.0,6.0,6.0,0.0,0.0,2830.05,17.51,3,1,16,1,23,6,0,0,9,3,0
840,19.11,107.77,3,28059.0,0.4781,0.9743,0.4907,1.0,1.0,1.0,0.0,0.0,2830.05,18.03,3,1,4,2,23,6,0,1,9,3,0
1050,32.55,131.25,5,28800.0,0.9403,1.0,0.9403,1.0,5.0,5.0,0.0,0.0,2830.05,18.24,3,1,9,2,23,6,0,0,9,3,0
1050,27.89,131.25,3,28800.0,0.6554,1.0,0.8739,1.0,4.0,3.0,0.0,0.0,2830.05,18.47,3,1,15,2,23,6,0,0,9,3,0
981,31.59,122.62,1,28800.0,0.9657,1.0,0.9657,1.0,2.0,2.0,0.0,0.0,2830.05,18.98,3,1,3,3,23,6,0,1,9,3,0
891,35.97,113.29,4,28313.0,0.9826,0.9831,0.9995,1.0,4.0,4.0,0.0,0.0,2830.05,19.21,3,1,8,3,23,6,0,0,9,3,0
929,11.89,119.74,2,27931.0,0.3578,0.9698,0.3689,1.0,2.0,2.0,0.0,0.0,2853.22,19.63,3,1,18,3,23,6,0,0,9,3,0
847,46.58,107.39,2,28395.0,0.9859,0.9859,1.0,1.0,6.0,6.0,0.0,0.0,2853.22,20.03,2,1,4,4,23,6,0,1,9,3,0
951,27.17,122.96,6,27843.0,0.6879,0.9668,0.7115,1.0,6.0,6.0,0.0,0.0,2853.22,20.31,2,1,11,4,23,6,0,0,9,3,0
964,15.12,129.5,2,26798.0,0.408,0.9305,0.4385,1.0,2.0,2.0,0.0,0.0,2922.46,0.08,2,2,20,4,23,6,0,0,9,3,0
1050,45.55,137.78,6,27435.0,0.9526,0.9526,1.0,1.0,6.0,6.0,0.0,0.0,2922.46,0.2,2,2,23,4,23,6,0,1,9,3,0
1050,28.1,131.25,2,28800.0,0.8349,1.0,0.8349,1.0,2.0,2.0,0.0,0.0,2922.46,0.72,2,2,11,5,23,6,1,0,9,3,0
1023,38.0,127.88,6,28800.0,1.0,1.0,1.0,1.0,6.0,6.0,0.0,0.0,2922.46,1.09,2,2,20,5,23,6,1,0,9,3,0
938,11.69,117.25,4,28800.0,0.3192,1.0,0.3192,1.0,4.0,4.0,0.0,0.0,2922.46,1.44,2,2,4,6,23,6,1,1,9,3,0
1050,34.7,131.25,3,28800.0,1.0,1.0,1.0,1.0,3.0,3.0,0.0,0.0,2922.46,1.67,2,2,10,6,23,6,1,0,9,3,0
802,23.82,100.25,6,28800.0,0.6126,1.0,0.6126,1.0,6.0,6.0,0.0,0.0,2922.46,1.94,1,2,16,6,23,6,1,0,9,3,0
1039,15.97,129.88,4,28800.0,0.531,1.0,0.531,1.0,4.0,4.0,0.0,0.0,2922.46,2.23,1,2,23,6,23,6,1,1,9,3,3
1050,44.53,155.72,3,25715.625,0.8428,0.8929374999999999,1.0,1.0,3.0,3.0,0.0,0.0,2922.46,2.79,1,2,13,0,24,6,0,0,9,3,3
1050,31.97,173.66124,5,25715.625,0.7401,0.8929374999999999,1.0,1.0,5.0,5.0,0.0,0.0,2924.46,0.03,1,3,18,0,24,6,0,0,9,3,3
986,30.32,142.06,2,25715.625,0.5784,0.8929374999999999,1.0,1.0,5.0,5.0,0.0,0.0,2995.11,0.43,2,3,3,1,24,6,0,1,9,3,0
851,35.77,106.38,4,28800.0,0.7845,1.0,0.7845,1.0,4.0,4.0,0.0,0.0,2995.11,0.59,2,3,7,1,24,6,0,0,9,3,0
945,27.54,118.12,2,28800.0,0.737,1.0,0.737,1.0,2.0,2.0,0.0,0.0,2995.11,1.11,1,3,20,1,24,6,0,0,9,3,0
891,17.61,111.38,5,28800.0,0.4938,1.0,0.4938,1.0,6.0,5.0,0.0,0.0,2995.11,1.4,1,3,3,2,24,6,0,1,9,3,0
948,29.46,118.5,4,28800.0,0.843,1.0,0.843,1.0,4.0,4.0,0.0,0.0,2995.11,1.84,1,3,13,2,24,6,0,0,9,3,0
1011,24.18,126.38,3,28800.0,0.754,1.0,0.754,1.0,3.0,3.0,0.0,0.0,2995.11,2.14,1,3,20,2,24,6,0,0,9,3,0
972,42.88,121.5,5,28800.0,0.8333,1.0,1.0,1.0,6.0,5.0,0.0,0.0,2995.11,2.2,1,3,22,2,24,6,0,1,9,3,2
872,21.29,126.51,2,25715.625,0.4987,0.8929374999999999,0.5788,1.0,2.0,2.0,0.0,0.0,2995.11,2.52,1,3,6,3,24,6,0,0,9,3,2
951,22.47,142.45,3,25715.625,0.7404,0.8929374999999999,0.8872,1.0,3.0,3.0,0.0,0.0,2995.11,3.03,1,3,18,3,24,6,0,0,9,3,2
1008,43.75,149.05,4,25715.625,0.6762,0.8929374999999999,1.0,1.0,7.0,6.0,0.0,0.0,2995.11,3.32,2,3,1,4,24,6,0,1,9,3,0
932,31.28,116.5,5,28800.0,0.795,1.0,0.954,1.0,6.0,5.0,0.0,0.0,3088.88,3.58,2,3,7,4,24,6,0,0,9,3,0
947,40.62,118.38,1,28800.0,0.5,1.0,1.0,1.0,2.0,1.0,0.0,0.0,3088.88,3.91,2,3,15,4,24,6,0,0,9,3,0
1050,26.27,131.25,6,28800.0,0.7387,1.0,0.8619,1.0,6.0,6.0,0.0,0.0,3088.88,4.44,2,3,4,5,24,6,1,1,9,3,0
1026,34.28,128.25,2,28800.0,0.9715,1.0,0.9715,1.0,2.0,2.0,0.0,0.0,3088.88,4.66,2,3,9,5,24,6,1,0,9,3,0
985,12.02,123.12,2,28800.0,0.3348,1.0,0.3348,1.0,2.0,2.0,0.0,0.0,3088.88,5.14,2,3,20,5,24,6,1,0,9,3,0
799,42.15,99.88,6,28800.0,1.0,1.0,1.0,1.0,6.0,6.0,0.0,0.0,3088.88,5.25,2,3,23,5,24,6,1,1,9,3,0
889,27.46,111.12,3,28800.0,0.7384,1.0,0.7384,1.0,3.0,3.0,0.0,0.0,3088.88,6.08,2,3,19,6,24,6,1,0,9,3,0
855,23.54,106.88,4,28800.0,0.6199,1.0,0.6199,1.0,5.0,5.0,0.0,0.0,3088.88,6.33,2,2,1,0,25,6,0,1,9,3,0
974,41.15,123.57,4,28376.0,0.9853,0.9853,1.0,1.0,4.0,4.0,0.0,0.0,3088.88,6.66,2,2,9,0,25,6,0,0,9,3,0
930,21.62,119.1,2,28112.0,0.6181,0.9761,0.6332,1.0,2.0,2.0,0.0,0.0,3088.88,6.9,2,2,15,0,25,6,0,0,9,3,0
950,31.18,120.15,5,28465.0,0.8379,0.9884,0.8477,1.0,4.0,4.0,0.0,0.0,3168.76,7.48,1,2,5,1,25,6,0,1,9,3,0
918,17.23,114.75,5,28800.0,0.4364,1.0,0.5237,1.0,6.0,5.0,0.0,0.0,3168.76,7.66,1,2,9,1,25,6,0,0,9,3,0
918,37.88,114.75,4,28800.0,0.7522,1.0,0.9403,1.0,5.0,4.0,0.0,0.0,3168.76,8.04,1,2,18,1,25,6,0,0,9,3,0
916,13.12,114.5,4,28800.0,0.4014,1.0,0.4014,1.0,6.0,5.0,0.0,0.0,3168.76,8.44,1,2,4,2,25,6,0,1,9,3,0
1050,27.65,131.25,5,28800.0,0.8488,1.0,0.8488,1.0,5.0,5.0,0.0,0.0,3168.76,8.59,1,2,7,2,25,6,0,0,9,3,0
835,34.72,104.38,6,28800.0,0.7759,1.0,0.7759,1.0,6.0,6.0,0.0,0.0,3168.76,9.13,1,2,20,2,25,6,0,0,9,3,0
1050,32.59,131.25,5,28800.0,0.8257,1.0,0.9909,1.0,5.0,4.0,0.0,0.0,3168.76,9.46,1,2,4,3,25,6,0,1,9,3,0
1042,13.4,130.25,2,28800.0,0.3944,1.0,0.3944,1.0,2.0,2.0,0.0,0.0,3168.76,9.59,1,2,7,3,25,6,0,0,9,3,0
861,37.94,107.62,2,28800.0,0.9612,1.0,0.9612,1.0,2.0,2.0,0.0,0.0,3168.76,9.87,1,2,14,3,25,6,0,0,9,3,1
933,43.72,116.62,4,28800.0,0.8,1.0,1.0,1.0,8.0,8.0,0.0,0.0,3168.76,10.37,0,2,2,4,25,6,0,1,9,3,1
997,12.97,155.01,5,25715.625,0.3318,0.8929374999999999,0.4952,1.0,6.0,5.0,0.0,0.0,3168.76,10.7,1,2,10,4,25,6,0,0,9,3,0
1031,38.53,142.44,6,26057.0,0.9048,0.9048,1.0,1.0,6.0,6.0,0.0,0.0,3191.81,11.09,1,2,19,4,25,6,0,0,9,3,0
858,40.86,119.82,8,25779.0,0.8951,0.8951,1.0,1.0,3.0,3.0,0.0,0.0,3191.81,11.41,1,2,3,5,25,6,1,1,9,3,0
1024,39.69,139.57,3,26412.0,0.6878,0.9171,1.0,1.0,4.0,3.0,0.0,0.0,3243.07,0.01,1,3,13,5,25,6,1,0,9,3,0
952,46.96,139.51,5,25715.625,0.853,0.8929374999999999,1.0,1.0,5.0,5.0,0.0,0.0,3243.07,0.14,1,3,16,5,25,6,1,0,9,3,0
967,33.32,132.13,3,26346.0,0.9148,0.9148,1.0,1.0,4.0,4.0,0.0,0.0,3243.07,0.58,1,3,2,6,25,6,1,1,9,3,0
1050,37.38,131.25,6,28800.0,1.0,1.0,1.0,1.0,6.0,6.0,0.0,0.0,3243.07,0.92,1,3,11,6,25,6,1,0,9,3,0
1006,39.91,125.75,2,28800.0,1.0,1.0,1.0,1.0,2.0,2.0,0.0,0.0,3243.07,1.28,1,3,19,6,25,6,1,0,9,3,3
941,37.13,144.82,4,25715.625,0.6498,0.8929374999999999,1.0,1.0,5.0,4.0,0.0,0.0,3243.07,1.91,1,3,10,0,26,6,0,0,9,3,3
937,21.25,129.34,3,26080.0,0.5319,0.9056,0.5874,1.0,3.0,3.0,0.0,0.0,3243.07,2.26,2,3,19,0,26,6,0,0,9,3,3
1050,34.91,141.35,4,26742.0,0.9285,0.9285,1.0,1.0,7.0,7.0,0.0,0.0,3255.64,2.67,2,3,5,1,26,6,0,1,9,3,3
954,39.25,138.43,4,25715.625,0.8614,0.8929374999999999,1.0,1.0,4.0,4.0,0.0,0.0,3255.64,2.8,3,3,8,1,26,6,0,0,9,3,2
856,12.11,133.93,2,25715.625,0.3383,0.8929374999999999,0.4234,1.0,2.0,2.0,0.0,0.0,3268.05,0.08,3,4,17,1,26,6,0,0,9,3,2
938,22.61,172.15,7,25715.625,0.6811,0.8929374999999999,1.0,1.0,7.0,7.0,0.0,0.0,3272.63,0.57,4,4,5,2,26,6,0,1,9,3,2
874,22.42,141.09,3,25715.625,0.4035,0.8929374999999999,0.6949,1.0,4.0,3.0,0.0,0.0,3272.63,0.64,4,4,7,2,26,6,0,0,9,3,2
820,35.34,120.29,4,25715.625,0.8282,0.8929374999999999,0.972,1.0,4.0,4.0,0.0,0.0,3296.75,1.23,5,4,21,2,26,6,0,0,9,3,0
799,24.6,129.29,7,25715.625,0.6433,0.8929374999999999,0.8328,1.0,1.0,1.0,0.0,0.0,3296.75,1.34,5,4,0,3,26,6,0,1,9,3,3
887,20.66,120.64,5,26469.0,0.5205,0.9191,0.6796,1.0,6.0,5.0,0.0,0.0,3308.08,0.02,5,5,12,3,26,6,0,0,9,3,3
990,22.41,140.74,5,25715.625,0.6407,0.8929374999999999,0.7287,1.0,5.0,5.0,0.0,0.0,3308.08,0.35,5,5,20,3,26,6,0,0,9,3,3
1050,22.56,146.89,1,25733.0,0.7273,0.8935,0.814,1.0,1.0,1.0,0.0,0.0,3308.08,0.46,5,5,23,3,26,6,0,1,9,3,3
856,30.5,107.0,2,28800.0,0.4536,1.0,0.6803,1.0,3.0,2.0,0.0,0.0,3334.43,0.81,6,5,7,4,26,6,0,0,9,3,2
941,32.54,117.62,3,28800.0,0.9452,1.0,0.9452,1.0,3.0,3.0,0.0,0.0,3334.43,1.25,5,5,18,4,26,6,0,0,9,3,2
1023,20.46,127.88,4,28800.0,0.5648,1.0,0.5648,1.0,7.0,7.0,0.0,0.0,3334.43,1.63,6,5,3,5,26,6,1,1,9,3,0
902,21.07,125.16,3,25944.0,0.6592,0.9008,0.7318,1.0,3.0,3.0,0.0,0.0,3548.29,1.94,6,5,10,5,26,6,1,0,9,3,0
1016,33.84,132.35,2,27635.0,0.9595,0.9595,1.0,1.0,2.0,2.0,0.0,0.0,3548.29,2.18,6,5,16,5,26,6,1,0,9,3,0
863,27.23,111.76,7,27798.0,0.6841,0.9652,0.7088,1.0,7.0,7.0,0.0,0.0,3548.29,2.46,6,5,23,5,26,6,1,1,9,3,0
1023,38.75,127.88,2,28800.0,1.0,1.0,1.0,1.0,2.0,2.0,0.0,0.0,3548.29,2.81,6,5,7,6,26,6,1,0,9,3,0
847,31.72,105.88,3,28800.0,0.6507,1.0,0.8676,1.0,4.0,3.0,0.0,0.0,3548.29,3.13,6,5,15,6,26,6,1,0,9,3,0
1034,36.16,129.25,4,28800.0,1.0,1.0,1.0,1.0,4.0,4.0,0.0,0.0,3548.29,3.42,6,5,22,6,26,6,1,1,9,3,0
902,19.62,112.75,6,28800.0,0.5287,1.0,0.5287,1.0,6.0,6.0,0.0,0.0,3548.29,3.75,6,5,6,0,27,6,0,0,9,3,0
961,41.64,120.12,3,28800.0,1.0,1.0,1.0,1.0,3.0,3.0,0.0,0.0,3548.29,4.13,6,5,15,0,27,6,0,0,9,3,0
913,42.13,114.12,3,28800.0,1.0,1.0,1.0,1.0,7.0,6.0,0.0,0.0,3548.29,4.71,5,5,5,1,27,6,0,1,9,3,0
808,39.16,101.0,5,28800.0,1.0,1.0,1.0,1.0,5.0,5.0,0.0,0.0,3548.29,4.96,4,5,11,1,27,6,0,0,9,3,0
862,33.43,107.75,3,28800.0,0.8725,1.0,0.8725,1.0,3.0,3.0,0.0,0.0,3548.29,5.16,4,5,15,1,27,6,0,0,9,3,0
836,26.28,104.5,6,28800.0,0.5493,1.0,0.6409,1.0,2.0,2.0,0.0,0.0,3548.29,5.62,3,5,3,2,27,7,0,1,9,3,0
916,33.02,114.5,6,28800.0,0.8222,1.0,0.8222,1.0,6.0,6.0,0.0,0.0,3548.29,5.76,3,5,6,2,27,7,0,0,9,3,0
944,20.57,118.0,3,28800.0,0.5782,1.0,0.5782,1.0,3.0,3.0,0.0,0.0,3548.29,6.32,2,5,19,2,27,7,0,0,9,3,0
1050,36.88,131.25,2,28800.0,1.0,1.0,1.0,1.0,2.0,2.0,0.0,0.0,3548.29,6.43,2,5,22,2,27,7,0,1,9,3,0
781,41.13,97.62,5,28800.0,0.7812,1.0,0.9375,1.0,6.0,5.0,0.0,0.0,3548.29,6.75,2,5,6,3,27,7,0,0,9,3,0
1037,38.36,129.62,6,28800.0,1.0,1.0,1.0,1.0,6.0,6.0,0.0,0.0,3548.29,7.19,2,5,16,3,27,7,0,0,9,3,0
968,33.04,121.0,4,28800.0,0.8991,1.0,0.8991,1.0,4.0,4.0,0.0,0.0,3548.29,7.44,2,5,22,3,27,7,0,1,9,3,0
1025,20.84,128.12,2,28800.0,0.6513,1.0,0.6513,1.0,2.0,2.0,0.0,0.0,3548.29,7.86,1,5,8,4,27,7,0,0,9,3,0
797,30.22,99.62,3,28800.0,0.6572,1.0,0.6572,1.0,3.0,3.0,0.0,0.0,3548.29,8.26,1,5,18,4,27,7,0,0,9,3,0
1009,12.99,126.12,4,28800.0,0.3868,1.0,0.3868,1.0,2.0,2.0,0.0,0.0,3548.29,8.66,0,5,3,5,27,7,1,1,9,3,0
1050,24.73,131.25,2,28800.0,0.7554,1.0,0.7554,1.0,2.0,2.0,0.0,0.0,3548.29,8.75,0,5,6,5,27,7,1,0,9,3,0
1050,29.95,131.25,3,28800.0,1.0,1.0,1.0,1.0,3.0,3.0,0.0,0.0,3548.29,9.37,0,5,21,5,27,7,1,0,9,3,0
854,34.19,106.75,2,28800.0,0.9922,1.0,0.9922,1.0,2.0,2.0,0.0,0.0,3548.29,9.47,0,5,23,5,27,7,1,1,9,3,0
971,36.86,121.38,4,28800.0,1.0,1.0,1.0,1.0,4.0,4.0,0.0,0.0,3548.29,9.95,0,5,10,6,27,7,1,0,9,3,2
916,34.77,114.5,3,28800.0,0.9427,1.0,0.9427,1.0,3.0,3.0,0.0,0.0,3548.29,10.11,0,5,14,6,27,7,1,0,9,3,2
890,21.88,119.96,6,26708.0,0.6499,0.9274,0.7008,1.0,6.0,6.0,0.0,0.0,3572.95,10.75,1,4,6,0,28,7,0,0,9,3,0
1050,21.95,142.32,4,26560.0,0.6646,0.9222,0.7207,1.0,4.0,4.0,0.0,0.0,3572.95,11.39,1,4,21,0,28,7,0,0,9,3,0
1025,15.9,137.7,4,26798.0,0.3949,0.9305,0.5305,1.0,4.0,3.0,0.0,0.0,3572.95,11.65,1,4,3,1,28,7,0,1,9,3,3
1050,49.89,133.38,4,28341.0,0.9841,0.9841,1.0,1.0,4.0,4.0,0.0,0.0,3572.95,11.87,1,5,8,1,28,7,0,0,9,3,3
906,36.57,116.2,4,28070.0,0.9747,0.9747,1.0,1.0,4.0,4.0,0.0,0.0,3583.29,12.31,1,5,19,1,28,7,0,0,9,3,3
977,33.77,125.37,3,28054.0,0.7306,0.9741,1.0,1.0,5.0,5.0,0.0,0.0,3593.87,12.6,2,5,2,2,28,7,0,1,9,3,1
1005,27.27,140.73,6,25715.625,0.8926,0.8929374999999999,1.0,1.0,6.0,6.0,0.0,0.0,3593.87,12.84,2,5,8,2,28,7,0,0,9,3,1
1008,34.87,136.96,2,26495.0,0.92,0.92,1.0,1.0,2.0,2.0,0.0,0.0,3611.7,13.13,3,5,15,2,28,7,0,0,9,3,0
941,43.53,130.4,5,25979.0,0.902,0.902,1.0,1.0,5.0,5.0,0.0,0.0,3611.7,13.46,3,4,23,2,28,7,0,1,9,3,0
1050,18.67,139.98,4,27004.0,0.5611,0.9376,0.5984,1.0,4.0,4.0,0.0,0.0,3611.7,13.8,3,5,7,3,28,7,0,0,9,3,0
1050,16.93,142.74,4,26481.0,0.476,0.9195,0.6471,1.0,5.0,4.0,0.0,0.0,3667.39,0.54,3,5,20,3,28,7,0,0,9,3,0
1050,38.0,145.6,6,25962.0,0.9015,0.9015,1.0,1.0,3.0,3.0,0.0,0.0,3667.39,0.69,3,5,0,4,28,7,0,1,9,3,0
917,33.98,114.62,4,28800.0,0.7069,1.0,0.8836,1.0,5.0,4.0,0.0,0.0,3667.39,1.2,3,5,12,4,28,7,0,0,9,3,0
914,43.54,114.25,6,28800.0,1.0,1.0,1.0,1.0,6.0,6.0,0.0,0.0,3667.39,1.38,3,5,17,4,28,7,0,0,9,3,0
1050,33.42,131.25,3,28800.0,1.0,1.0,1.0,1.0,3.0,3.0,0.0,0.0,3667.39,1.83,3,5,3,5,28,7,1,1,9,3,0
954,35.36,157.94,5,25715.625,0.755,0.8929374999999999,1.0,1.0,5.0,5.0,0.0,0.0,3667.39,2.07,3,5,9,5,28,7,1,0,9,3,0
1004,46.4,173.66124,3,25715.625,0.7212,0.8929374999999999,1.0,1.0,7.0,7.0,0.0,0.0,3721.19,0.4,3,6,5,6,28,7,1,1,9,3,0
862,15.82,107.75,5,28800.0,0.375,1.0,0.375,1.0,5.0,5.0,0.0,0.0,3721.19,0.71,3,6,13,6,28,7,1,0,9,3,0
931,47.16,116.38,3,28800.0,1.0,1.0,1.0,1.0,3.0,3.0,0.0,0.0,3721.19,0.95,3,6,19,6,28,7,1,0,9,3,0
1050,39.51,131.25,7,28800.0,1.0,1.0,1.0,1.0,2.0,2.0,0.0,0.0,3721.19,1.19,3,6,0,0,29,7,0,1,9,3,0
1050,14.69,131.25,2,28800.0,0.5265,1.0,0.5265,1.0,2.0,2.0,0.0,0.0,3721.19,1.44,2,6,6,0,29,7,0,0,9,3,0
1036,40.37,129.5,3,28800.0,0.75,1.0,1.0,1.0,4.0,3.0,0.0,0.0,3721.19,1.91,2,6,18,0,29,7,0,0,9,3,0
986,34.47,123.25,2,28800.0,1.0,1.0,1.0,1.0,3.0,3.0,0.0,0.0,3781.4,2.29,2,6,3,1,29,7,0,1,9,3,0
827,41.74,105.22,2,28295.0,0.9763,0.9825,0.9937,1.0,2.0,2.0,0.0,0.0,3781.4,2.48,2,6,7,1,29,7,0,0,9,3,0
1032,21.62,131.45,2,28263.0,0.6569,0.9814,0.6693,1.0,2.0,2.0,0.0,0.0,3781.4,2.84,2,6,16,1,29,7,0,0,9,3,0
1020,50.61,129.59,3,28336.0,0.9839,0.9839,1.0,1.0,7.0,5.0,0.0,0.0,3781.4,3.19,1,6,0,2,29,7,0,1,9,3,0
902,10.87,112.75,4,28800.0,0.2618,1.0,0.2618,1.0,4.0,4.0,0.0,0.0,3781.4,3.52,1,6,8,2,29,7,0,0,9,3,0
861,41.5,107.62,6,28800.0,1.0,1.0,1.0,1.0,6.0,6.0,0.0,0.0,3781.4,3.94,0,6,18,2,29,7,0,0,9,3,0
883,27.53,110.38,5,28800.0,0.6024,1.0,0.8434,1.0,7.0,7.0,0.0,0.0,3781.4,4.2,0,6,1,3,29,7,0,1,9,3,0
925,43.23,125.56,5,26522.0,0.9209,0.9209,1.0,1.0,5.0,5.0,0.0,0.0,3781.4,4.57,0,6,9,3,29,7,0,0,9,3,1
1050,23.56,144.53,3,26154.0,0.7386,0.9081,0.8134,1.0,3.0,3.0,0.0,0.0,3781.4,4.74,0,6,14,3,29,7,0,0,9,3,1
924,31.6,123.08,7,27027.0,0.9384,0.9384,1.0,1.0,7.0,7.0,0.0,0.0,3790.5,0.25,0,7,22,3,29,7,0,1,9,3,1
1013,41.47,149.61,2,25715.625,0.8464,0.8929374999999999,1.0,1.0,2.0,2.0,0.0,0.0,3835.19,0.59,1,7,6,4,29,7,0,0,9,3,0
956,13.64,128.37,4,26809.0,0.3771,0.9309,0.4051,1.0,4.0,4.0,0.0,0.0,3835.19,1.24,1,7,21,4,29,7,0,0,9,3,0
893,37.45,127.57,3,25715.625,0.875,0.8929374999999999,1.0,1.0,2.0,2.0,0.0,0.0,3835.19,1.57,1,7,5,5,29,7,1,1,9,3,0
1007,32.13,125.88,6,28800.0,0.8762,1.0,0.8762,1.0,6.0,6.0,0.0,0.0,3835.19,1.88,1,7,13,5,29,7,1,0,9,3,3
1048,20.06,131.0,3,28800.0,0.6383,1.0,0.6383,1.0,3.0,3.0,0.0,0.0,3835.19,2.09,1,7,18,5,29,7,1,0,9,3,3
831,21.57,103.88,2,28800.0,0.5347,1.0,0.5347,1.0,3.0,3.0,0.0,0.0,3835.19,2.34,1,7,0,6,29,7,1,1,9,3,3
1034,22.85,139.61,4,26662.0,0.6161,0.9258,0.6655,1.0,4.0,4.0,0.0,0.0,3846.37,2.88,2,7,13,6,29,7,1,0,9,3,0
948,18.78,146.25,3,25715.625,0.5849,0.8929374999999999,0.7219,1.0,3.0,3.0,0.0,0.0,3886.21,3.09,2,7,18,6,29,7,1,0,9,3,0
968,20.85,140.52,3,25715.625,0.5983,0.8929374999999999,0.6948,1.0,5.0,5.0,0.0,0.0,3886.21,3.33,2,7,0,0,30,7,0,1,9,3,0
1030,29.29,128.75,6,28800.0,1.0,1.0,1.0,1.0,6.0,6.0,0.0,0.0,3886.21,3.73,2,7,9,0,30,7,0,0,9,3,3
944,40.97,118.0,3,28800.0,1.0,1.0,1.0,1.0,3.0,3.0,0.0,0.0,3886.21,4.22,2,6,21,0,30,7,0,0,9,3,3
932,34.35,116.5,5,28800.0,0.8873,1.0,0.8873,1.0,5.0,5.0,0.0,0.0,3886.21,4.53,2,6,4,1,30,7,0,1,9,3,3
837,17.37,109.86,5,27428.0,0.4632,0.9524,0.4864,1.0,5.0,5.0,0.0,0.0,3886.21,4.66,3,6,7,1,30,7,0,0,9,3,0
749,42.28,103.8,3,25977.0,0.902,0.902,1.0,1.0,3.0,3.0,0.0,0.0,3942.97,5.14,3,6,19,1,30,7,0,0,9,3,0
915,40.66,119.73,5,27512.0,0.9553,0.9553,1.0,1.0,2.0,2.0,0.0,0.0,3942.97,5.55,3,6,5,2,30,7,0,1,9,3,0
1009,19.76,126.12,4,28800.0,0.6152,1.0,0.6152,1.0,4.0,4.0,0.0,0.0,3942.97,5.76,3,6,10,2,30,7,0,0,9,3,0
971,18.5,121.38,6,28800.0,0.5125,1.0,0.5125,1.0,6.0,6.0,0.0,0.0,3942.97,6.03,3,6,16,2,30,7,0,0,9,3,0
959,20.47,119.88,2,28800.0,0.5724,1.0,0.5724,1.0,4.0,4.0,0.0,0.0,3942.97,6.45,3,6,2,3,30,7,0,1,9,3,1
918,13.93,138.93,6,25715.625,0.423,0.8929374999999999,0.5121,1.0,6.0,6.0,0.0,0.0,3942.97,6.66,3,6,7,3,30,7,0,0,9,3,1
1026,33.4,140.16,4,26353.0,0.915,0.915,1.0,1.0,4.0,4.0,0.0,0.0,3942.97,7.15,4,5,19,3,30,7,0,0,9,3,0
1002,12.08,136.11,4,26503.0,0.4007,0.9202,0.4355,1.0,4.0,4.0,0.0,0.0,3958.61,7.28,4,5,22,3,30,7,0,1,9,3,0
872,42.85,116.56,4,26932.0,0.9351,0.9351,1.0,1.0,4.0,4.0,0.0,0.0,3958.61,7.84,3,5,12,4,30,7,0,0,9,3,0
651,19.4,85.02,2,27564.0,0.2686,0.9571,0.4209,1.0,3.0,2.0,0.0,0.0,4038.38,0.18,3,6,18,4,30,7,0,0,9,3,0
869,35.77,116.25,5,26912.0,0.7357,0.9344,0.9448,1.0,6.0,5.0,0.0,0.0,4038.38,0.42,3,6,23,4,30,7,0,1,9,3,0
989,38.57,123.62,5,28800.0,0.8333,1.0,1.0,1.0,6.0,5.0,0.0,0.0,4038.38,0.84,3,6,10,5,30,7,1,0,9,3,0
765,22.72,95.62,5,28800.0,0.4895,1.0,0.4895,1.0,5.0,5.0,0.0,0.0,4038.38,1.23,3,5,19,5,30,7,1,0,9,3,0
962,14.35,120.25,3,28800.0,0.4586,1.0,0.4586,1.0,7.0,6.0,0.0,0.0,4038.38,1.61,3,5,4,6,30,7,1,1,9,3,0
923,32.5,115.38,6,28800.0,0.8435,1.0,0.8435,1.0,6.0,6.0,0.0,0.0,4038.38,1.68,3,5,6,6,30,7,1,0,9,3,0
1036,9.37,129.5,4,28800.0,0.3338,1.0,0.3338,1.0,4.0,4.0,0.0,0.0,4038.38,2.15,2,5,17,6,30,7,1,0,9,3,0
825,40.77,103.12,6,28800.0,0.8571,1.0,1.0,1.0,7.0,6.0,0.0,0.0,4038.38,2.37,2,5,22,6,30,7,1,1,9,3,3
887,14.32,116.86,4,27324.0,0.4268,0.9487,0.4499,1.0,4.0,4.0,0.0,0.0,4038.38,2.74,2,5,7,0,31,7,0,0,9,3,3
943,33.06,122.24,2,27771.0,0.9643,0.9643,1.0,1.0,2.0,2.0,0.0,0.0,4038.38,3.22,2,5,19,0,31,7,0,0,9,3,3
1050,25.95,135.47,5,27903.0,0.8626,0.9689,0.8903,1.0,5.0,4.0,0.0,0.0,4135.44,3.66,3,5,5,1,31,7,0,1,9,3,0
939,34.98,117.38,4,28800.0,1.0,1.0,1.0,1.0,4.0,4.0,0.0,0.0,4135.44,3.87,2,5,10,1,31,7,0,0,9,3,0
966,20.72,120.75,6,28800.0,0.6574,1.0,0.6574,1.0,6.0,6.0,0.0,0.0,4135.44,4.19,2,5,18,1,31,7,0,0,9,3,0
1038,25.03,129.75,4,28800.0,0.6312,1.0,0.789,1.0,4.0,4.0,0.0,0.0,4135.44,4.43,2,5,0,2,31,7,0,1,9,3,0
931,33.51,116.38,1,28800.0,0.4086,1.0,0.8172,1.0,2.0,1.0,0.0,0.0,4135.44,4.85,2,5,10,2,31,7,0,0,9,3,0
1040,27.42,130.0,3,28800.0,0.9194,1.0,0.9194,1.0,3.0,3.0,0.0,0.0,4135.44,5.12,2,5,16,2,31,7,0,0,9,3,0
1028,41.11,128.5,4,28800.0,1.0,1.0,1.0,1.0,2.0,2.0,0.0,0.0,4135.44,5.5,2,5,1,3,31,7,0,1,9,3,0
1050,40.56,131.25,4,28800.0,1.0,1.0,1.0,1.0,4.0,4.0,0.0,0.0,4135.44,5.9,2,5,11,3,31,7,0,0,9,3,0
927,31.91,115.88,5,28800.0,0.7793,1.0,0.7793,1.0,5.0,5.0,0.0,0.0,4135.44,6.17,1,5,17,3,31,7,0,0,9,3,0
934,26.92,116.75,2,28800.0,0.6723,1.0,0.6723,1.0,2.0,2.0,0.0,0.0,4135.44,6.35,1,5,22,3,31,7,0,1,9,3,0
868,37.22,108.5,6,28800.0,0.9852,1.0,0.9852,1.0,6.0,6.0,0.0,0.0,4135.44,6.9,1,5,11,4,31,7,0,0,9,3,0
978,42.05,122.25,6,28800.0,1.0,1.0,1.0,1.0,6.0,6.0,0.0,0.0,4135.44,7.19,1,5,18,4,31,7,0,0,9,3,0
956,25.49,119.5,2,28800.0,0.8169,1.0,0.8169,1.0,3.0,3.0,0.0,0.0,4135.44,7.63,1,5,4,5,31,8,1,1,9,3,0
875,12.45,109.38,3,28800.0,0.3184,1.0,0.3184,1.0,3.0,3.0,0.0,0.0,4135.44,8.4,1,5,23,5,31,8,1,1,9,3,0
